#VRML V2.0 utf8
# 3D model generated by easyeda2kicad.py (https://github.com/uPesy/easyeda2kicad.py)

Shape{
    appearance Appearance {
        material  Material 	{
            diffuseColor 0.20784313725490197 0.20784313725490197 0.20784313725490197
            specularColor 0.01568627450980392 0.01568627450980392 0.01568627450980392
            ambientIntensity 0.298
            transparency 0.0
            shininess 0.5
        }
    }
    geometry IndexedFaceSet {
        ccw TRUE
        solid FALSE
        coord DEF co Coordinate {
            point [
                0.6644 -1.0469 1.9291, 0.6685 -1.0445 1.9291, 0.6665 -1.0414 1.9675, 0.7898 -0.9547 1.9291, 0.8394 -0.9129 1.9291, 0.8369 -0.9101 1.9675, 0.9036 -0.8485 1.9291, 0.9156 -0.8364 1.9291, 0.9128 -0.8339 1.9675, 1.0025 -0.7284 1.9291, 1.0467 -0.6651 1.9291, 1.0435 -0.6631 1.9675, 1.1524 -0.4563 1.9291, 1.183 -0.3722 1.9291, 1.1794 -0.371 1.9675, 1.2301 -0.1554 1.9291, 1.239 -0.054 1.9291, 1.2352 -0.0538 1.9675, 1.2301 0.1554 1.9291, 1.2296 0.1615 1.9291, 1.2258 0.161 1.9675, 1.2001 0.3081 1.9291, 1.183 0.3722 1.9291, 1.1794 0.371 1.9675, 1.1524 0.4563 1.9291, 1.1461 0.4736 1.9291, 1.1426 0.4722 1.9675, 1.086 0.597 1.9291, 1.0467 0.6651 1.9291, 1.0435 0.6631 1.9675, 0.9036 0.8485 1.9291, 0.8394 0.9129 1.9291, 0.8369 0.9101 1.9675, 0.6644 1.0469 1.9291, 0.5751 1.0987 1.9291, 0.5734 1.0954 1.9675, 0.5275 1.1211 1.9291, 0.4774 1.1446 1.9291, 0.476 1.1411 1.9675, 0.3937 -1.1103 2.0727, 0.3937 -1.1148 2.0681, 0.4552 -1.0914 2.0683, 0.3937 -1.1756 1.941, 0.3937 -1.176 1.9291, 0.4774 -1.1446 1.9291, 0.3937 0.9662 2.126, 0.4016 0.9629 2.126, 0.3937 0.9866 2.1251, 0.4164 0.9983 2.1222, 0.3937 1.0074 2.1218, 0.3937 1.0163 2.1204, 0.4306 1.0324 2.111, 0.3937 1.0257 2.118, 0.3937 1.0833 2.0928, 0.3937 1.0798 2.095, 0.4437 1.0638 2.0928, 0.3937 1.0536 2.1083, 0.3937 1.0469 2.1107, 0.3937 1.0866 2.0907, 0.4552 1.0914 2.0683, 0.3937 1.1094 2.0734, 0.3937 1.1406 2.0383, 0.3937 1.1343 2.0474, 0.4646 1.114 2.0385, 0.3937 1.1295 2.0532, 0.3937 1.1147 2.0681, 0.3937 1.1501 2.0243, 0.4716 1.1308 2.0045, 0.3937 1.1599 2.0043, 0.3937 1.1624 1.9993, 0.3937 1.1653 1.9916, 0.3937 1.176 1.9291, 0.3937 1.1758 1.9379, 0.3937 1.1725 1.9652, 0.3937 1.1719 1.9675, 0.3937 -1.1749 1.9493, 0.3937 -1.1716 1.9675, 0.476 -1.1411 1.9675, 0.3937 -1.17 1.9762, 0.4716 -1.1308 2.0045, 0.3937 -1.1611 2.0023, 0.3937 -1.14 2.0399, 0.3937 -1.1409 2.0384, 0.4646 -1.114 2.0385, 0.3937 -1.1546 2.0162, 0.3937 -1.1601 2.0044, 0.3937 -1.1299 2.0527, 0.4306 -1.0324 2.111, 0.3937 -1.0718 2.0996, 0.4437 -1.0638 2.0928, 0.3937 -1.0833 2.0927, 0.3937 -1.0877 2.09, 0.3937 -1.0173 2.1202, 0.3937 -1.0454 2.1116, 0.3937 -1.047 2.1109, 0.3937 -1.0075 2.122, 0.4164 -0.9983 2.1222, 0.3937 -0.9961 2.124, 0.4016 -0.9629 2.126, 0.3937 -0.9662 2.126, 0.6367 0.8265 2.126, 0.7062 0.768 2.126, 0.6601 0.8569 2.1222, 0.7322 0.7963 2.1222, 0.6827 0.8862 2.111, 0.7572 0.8234 2.111, 0.7035 0.9131 2.0928, 0.7802 0.8485 2.0928, 0.7217 0.9368 2.0683, 0.8004 0.8704 2.0683, 0.7366 0.9562 2.0385, 0.817 0.8885 2.0385, 0.7477 0.9706 2.0045, 0.8293 0.9019 2.0045, 0.7545 0.9794 1.9675, 0.8286 0.634 2.126, 0.8806 0.5595 2.126, 0.8591 0.6573 2.1222, 0.913 0.5801 2.1222, 0.8884 0.6798 2.111, 0.9442 0.5999 2.111, 0.9154 0.7005 2.0928, 0.9729 0.6182 2.0928, 0.9391 0.7186 2.0683, 0.9981 0.6342 2.0683, 0.9586 0.7335 2.0385, 1.0187 0.6473 2.0385, 0.973 0.7445 2.0045, 1.0341 0.6571 2.0045, 0.9819 0.7513 1.9675, 1.0423 0.0454 2.126, 1.0423 -0.0454 2.126, 1.0807 0.0471 2.1222, 1.0807 -0.0471 2.1222, 1.1176 0.0487 2.111, 1.1176 -0.0487 2.111, 1.1516 0.0502 2.0928, 1.1516 -0.0502 2.0928, 1.1814 0.0515 2.0683, 1.1814 -0.0515 2.0683, 1.2058 0.0525 2.0385, 1.2058 -0.0525 2.0385, 1.224 0.0533 2.0045, 1.224 -0.0533 2.0045, 1.2352 0.0538 1.9675, 1.0187 -0.2253 2.126, 0.9952 -0.3131 2.126, 1.0562 -0.2336 2.1222, 1.0319 -0.3246 2.1222, 1.0922 -0.2416 2.111, 1.0671 -0.3357 2.111, 1.1255 -0.249 2.0928, 1.0995 -0.3459 2.0928, 1.1546 -0.2554 2.0683, 1.128 -0.3549 2.0683, 1.1785 -0.2607 2.0385, 1.1514 -0.3622 2.0385, 1.1963 -0.2646 2.0045, 1.1687 -0.3677 2.0045, 1.2072 -0.2671 1.9675, 0.9259 -0.4808 2.126, 0.8806 -0.5595 2.126, 0.96 -0.4985 2.1222, 0.913 -0.5801 2.1222, 0.9928 -0.5155 2.111, 0.9442 -0.5999 2.111, 1.023 -0.5312 2.0928, 0.9729 -0.6182 2.0928, 1.0494 -0.545 2.0683, 0.9981 -0.6342 2.0683, 1.0712 -0.5562 2.0385, 1.0187 -0.6473 2.0385, 1.0873 -0.5646 2.0045, 1.0341 -0.6571 2.0045, 1.0972 -0.5698 1.9675, 0.4839 -0.9243 2.126, 0.5017 -0.9583 2.1222, 0.5188 -0.9911 2.111, 0.5346 -1.0212 2.0928, 0.5484 -1.0476 2.0683, 0.5598 -1.0693 2.0385, 0.5682 -1.0854 2.0045, 0.5734 -1.0954 1.9675, 0.5682 1.0854 2.0045, 0.5598 1.0693 2.0385, 0.5484 1.0476 2.0683, 0.5346 1.0212 2.0928, 0.5188 0.9911 2.111, 0.5017 0.9583 2.1222, 0.4839 0.9243 2.126, 0.6685 1.0445 1.9291, 0.6665 1.0414 1.9675, 0.6605 1.0319 2.0045, 0.6506 1.0166 2.0385, 0.6374 0.996 2.0683, 0.6214 0.9709 2.0928, 0.603 0.9422 2.111, 0.5831 0.9111 2.1222, 0.5624 0.8787 2.126, 0.7568 0.9824 1.9291, 0.7898 0.9547 1.9291, 0.9156 0.8364 1.9291, 0.9128 0.8339 1.9675, 0.9046 0.8263 2.0045, 0.8911 0.814 2.0385, 0.8731 0.7975 2.0683, 0.851 0.7774 2.0928, 0.8259 0.7545 2.111, 0.7987 0.7296 2.1222, 0.7703 0.7037 2.126, 0.9849 0.7536 1.9291, 1.0025 0.7284 1.9291, 1.1006 0.5715 1.9291, 1.0972 0.5698 1.9675, 1.0873 0.5646 2.0045, 1.0712 0.5562 2.0385, 1.0494 0.545 2.0683, 1.023 0.5312 2.0928, 0.9928 0.5155 2.111, 0.96 0.4985 2.1222, 0.9259 0.4808 2.126, 0.9642 0.3985 2.126, 0.9997 0.4131 2.1222, 1.0338 0.4272 2.111, 1.0653 0.4402 2.0928, 1.0929 0.4516 2.0683, 1.1155 0.461 2.0385, 1.1323 0.4679 2.0045, 1.1687 0.3677 2.0045, 1.1514 0.3622 2.0385, 1.128 0.3549 2.0683, 1.0995 0.3459 2.0928, 1.0671 0.3357 2.111, 1.0319 0.3246 2.1222, 0.9952 0.3131 2.126, 1.2109 0.2679 1.9291, 1.2072 0.2671 1.9675, 1.1963 0.2646 2.0045, 1.1785 0.2607 2.0385, 1.1546 0.2554 2.0683, 1.1255 0.249 2.0928, 1.0922 0.2416 2.111, 1.0562 0.2336 2.1222, 1.0187 0.2253 2.126, 1.0344 0.1359 2.126, 1.0725 0.1409 2.1222, 1.1091 0.1457 2.111, 1.1429 0.1501 2.0928, 1.1724 0.154 2.0683, 1.1967 0.1572 2.0385, 1.2147 0.1596 2.0045, 1.239 0.054 1.9291, 1.239 0.0 1.9291, 1.2296 -0.1615 1.9291, 1.2258 -0.161 1.9675, 1.2147 -0.1596 2.0045, 1.1967 -0.1572 2.0385, 1.1724 -0.154 2.0683, 1.1429 -0.1501 2.0928, 1.1091 -0.1457 2.111, 1.0725 -0.1409 2.1222, 1.0344 -0.1359 2.126, 1.2109 -0.2679 1.9291, 1.2001 -0.3081 1.9291, 1.1461 -0.4736 1.9291, 1.1426 -0.4722 1.9675, 1.1323 -0.4679 2.0045, 1.1155 -0.461 2.0385, 1.0929 -0.4516 2.0683, 1.0653 -0.4402 2.0928, 1.0338 -0.4272 2.111, 0.9997 -0.4131 2.1222, 0.9642 -0.3985 2.126, 1.1006 -0.5715 1.9291, 1.086 -0.597 1.9291, 0.9849 -0.7536 1.9291, 0.9819 -0.7513 1.9675, 0.973 -0.7445 2.0045, 0.9586 -0.7335 2.0385, 0.9391 -0.7186 2.0683, 0.9154 -0.7005 2.0928, 0.8884 -0.6798 2.111, 0.8591 -0.6573 2.1222, 0.8286 -0.634 2.126, 0.7703 -0.7037 2.126, 0.7987 -0.7296 2.1222, 0.8259 -0.7545 2.111, 0.851 -0.7774 2.0928, 0.8731 -0.7975 2.0683, 0.8911 -0.814 2.0385, 0.9046 -0.8263 2.0045, 0.8293 -0.9019 2.0045, 0.817 -0.8885 2.0385, 0.8004 -0.8704 2.0683, 0.7802 -0.8485 2.0928, 0.7572 -0.8234 2.111, 0.7322 -0.7963 2.1222, 0.7062 -0.768 2.126, 0.7568 -0.9824 1.9291, 0.7545 -0.9794 1.9675, 0.7477 -0.9706 2.0045, 0.7366 -0.9562 2.0385, 0.7217 -0.9368 2.0683, 0.7035 -0.9131 2.0928, 0.6827 -0.8862 2.111, 0.6601 -0.8569 2.1222, 0.6367 -0.8265 2.126, 0.5624 -0.8787 2.126, 0.5831 -0.9111 2.1222, 0.603 -0.9422 2.111, 0.6214 -0.9709 2.0928, 0.6374 -0.996 2.0683, 0.6506 -1.0166 2.0385, 0.6605 -1.0319 2.0045, 0.5751 -1.0987 1.9291, 0.5275 -1.1211 1.9291
            ]
        }
        coordIndex [
            0,1,2,-1,3,4,5,-1,6,7,8,-1,9,10,11,-1,12,13,14,-1,15,16,17,-1,18,19,20,-1,21,22,23,-1,24,25,26,-1,27,28,29,-1,30,31,32,-1,33,34,35,-1,36,37,38,-1,39,40,41,-1,42,43,44,-1,45,46,47,-1,47,46,48,-1,47,48,49,-1,49,48,50,-1,50,48,51,-1,50,51,52,-1,53,54,55,-1,55,54,56,-1,55,56,51,-1,51,56,57,-1,51,57,52,-1,53,55,58,-1,58,55,59,-1,58,59,60,-1,61,62,63,-1,63,62,64,-1,63,64,59,-1,59,64,65,-1,59,65,60,-1,61,63,66,-1,66,63,67,-1,66,67,68,-1,68,67,69,-1,69,67,38,-1,69,38,70,-1,71,72,37,-1,37,72,73,-1,37,73,38,-1,38,73,74,-1,38,74,70,-1,42,44,75,-1,76,77,78,-1,78,77,79,-1,78,79,80,-1,81,82,83,-1,83,82,84,-1,83,84,79,-1,79,84,85,-1,79,85,80,-1,41,40,83,-1,83,40,86,-1,83,86,81,-1,87,88,89,-1,89,88,90,-1,89,90,41,-1,41,90,91,-1,41,91,39,-1,92,93,87,-1,87,93,94,-1,87,94,88,-1,92,87,95,-1,95,87,96,-1,95,96,97,-1,97,96,98,-1,97,98,99,-1,100,101,102,-1,102,101,103,-1,102,103,104,-1,104,103,105,-1,104,105,106,-1,106,105,107,-1,106,107,108,-1,108,107,109,-1,108,109,110,-1,110,109,111,-1,110,111,112,-1,112,111,113,-1,112,113,114,-1,114,113,32,-1,115,116,117,-1,117,116,118,-1,117,118,119,-1,119,118,120,-1,119,120,121,-1,121,120,122,-1,121,122,123,-1,123,122,124,-1,123,124,125,-1,125,124,126,-1,125,126,127,-1,127,126,128,-1,127,128,129,-1,129,128,29,-1,130,131,132,-1,132,131,133,-1,132,133,134,-1,134,133,135,-1,134,135,136,-1,136,135,137,-1,136,137,138,-1,138,137,139,-1,138,139,140,-1,140,139,141,-1,140,141,142,-1,142,141,143,-1,142,143,144,-1,144,143,17,-1,145,146,147,-1,147,146,148,-1,147,148,149,-1,149,148,150,-1,149,150,151,-1,151,150,152,-1,151,152,153,-1,153,152,154,-1,153,154,155,-1,155,154,156,-1,155,156,157,-1,157,156,158,-1,157,158,159,-1,159,158,14,-1,160,161,162,-1,162,161,163,-1,162,163,164,-1,164,163,165,-1,164,165,166,-1,166,165,167,-1,166,167,168,-1,168,167,169,-1,168,169,170,-1,170,169,171,-1,170,171,172,-1,172,171,173,-1,172,173,174,-1,174,173,11,-1,175,98,176,-1,176,98,96,-1,176,96,177,-1,177,96,87,-1,177,87,178,-1,178,87,89,-1,178,89,179,-1,179,89,41,-1,179,41,180,-1,180,41,83,-1,180,83,181,-1,181,83,79,-1,181,79,182,-1,182,79,77,-1,34,36,35,-1,35,36,38,-1,35,38,183,-1,183,38,67,-1,183,67,184,-1,184,67,63,-1,184,63,185,-1,185,63,59,-1,185,59,186,-1,186,59,55,-1,186,55,187,-1,187,55,51,-1,187,51,188,-1,188,51,48,-1,188,48,189,-1,189,48,46,-1,190,33,191,-1,191,33,35,-1,191,35,192,-1,192,35,183,-1,192,183,193,-1,193,183,184,-1,193,184,194,-1,194,184,185,-1,194,185,195,-1,195,185,186,-1,195,186,196,-1,196,186,187,-1,196,187,197,-1,197,187,188,-1,197,188,198,-1,198,188,189,-1,198,100,197,-1,197,100,102,-1,197,102,196,-1,196,102,104,-1,196,104,195,-1,195,104,106,-1,195,106,194,-1,194,106,108,-1,194,108,193,-1,193,108,110,-1,193,110,192,-1,192,110,112,-1,192,112,191,-1,191,112,114,-1,191,114,190,-1,190,114,199,-1,32,31,114,-1,114,31,200,-1,114,200,199,-1,201,30,202,-1,202,30,32,-1,202,32,203,-1,203,32,113,-1,203,113,204,-1,204,113,111,-1,204,111,205,-1,205,111,109,-1,205,109,206,-1,206,109,107,-1,206,107,207,-1,207,107,105,-1,207,105,208,-1,208,105,103,-1,208,103,209,-1,209,103,101,-1,209,115,208,-1,208,115,117,-1,208,117,207,-1,207,117,119,-1,207,119,206,-1,206,119,121,-1,206,121,205,-1,205,121,123,-1,205,123,204,-1,204,123,125,-1,204,125,203,-1,203,125,127,-1,203,127,202,-1,202,127,129,-1,202,129,201,-1,201,129,210,-1,29,28,129,-1,129,28,211,-1,129,211,210,-1,212,27,213,-1,213,27,29,-1,213,29,214,-1,214,29,128,-1,214,128,215,-1,215,128,126,-1,215,126,216,-1,216,126,124,-1,216,124,217,-1,217,124,122,-1,217,122,218,-1,218,122,120,-1,218,120,219,-1,219,120,118,-1,219,118,220,-1,220,118,116,-1,220,221,219,-1,219,221,222,-1,219,222,218,-1,218,222,223,-1,218,223,217,-1,217,223,224,-1,217,224,216,-1,216,224,225,-1,216,225,215,-1,215,225,226,-1,215,226,214,-1,214,226,227,-1,214,227,213,-1,213,227,26,-1,213,26,212,-1,212,26,25,-1,22,24,23,-1,23,24,26,-1,23,26,228,-1,228,26,227,-1,228,227,229,-1,229,227,226,-1,229,226,230,-1,230,226,225,-1,230,225,231,-1,231,225,224,-1,231,224,232,-1,232,224,223,-1,232,223,233,-1,233,223,222,-1,233,222,234,-1,234,222,221,-1,235,21,236,-1,236,21,23,-1,236,23,237,-1,237,23,228,-1,237,228,238,-1,238,228,229,-1,238,229,239,-1,239,229,230,-1,239,230,240,-1,240,230,231,-1,240,231,241,-1,241,231,232,-1,241,232,242,-1,242,232,233,-1,242,233,243,-1,243,233,234,-1,243,244,242,-1,242,244,245,-1,242,245,241,-1,241,245,246,-1,241,246,240,-1,240,246,247,-1,240,247,239,-1,239,247,248,-1,239,248,238,-1,238,248,249,-1,238,249,237,-1,237,249,250,-1,237,250,236,-1,236,250,20,-1,236,20,235,-1,235,20,19,-1,251,18,144,-1,144,18,20,-1,144,20,142,-1,142,20,250,-1,142,250,140,-1,140,250,249,-1,140,249,138,-1,138,249,248,-1,138,248,136,-1,136,248,247,-1,136,247,134,-1,134,247,246,-1,134,246,132,-1,132,246,245,-1,132,245,130,-1,130,245,244,-1,17,16,144,-1,144,16,252,-1,144,252,251,-1,253,15,254,-1,254,15,17,-1,254,17,255,-1,255,17,143,-1,255,143,256,-1,256,143,141,-1,256,141,257,-1,257,141,139,-1,257,139,258,-1,258,139,137,-1,258,137,259,-1,259,137,135,-1,259,135,260,-1,260,135,133,-1,260,133,261,-1,261,133,131,-1,261,145,260,-1,260,145,147,-1,260,147,259,-1,259,147,149,-1,259,149,258,-1,258,149,151,-1,258,151,257,-1,257,151,153,-1,257,153,256,-1,256,153,155,-1,256,155,255,-1,255,155,157,-1,255,157,254,-1,254,157,159,-1,254,159,253,-1,253,159,262,-1,14,13,159,-1,159,13,263,-1,159,263,262,-1,264,12,265,-1,265,12,14,-1,265,14,266,-1,266,14,158,-1,266,158,267,-1,267,158,156,-1,267,156,268,-1,268,156,154,-1,268,154,269,-1,269,154,152,-1,269,152,270,-1,270,152,150,-1,270,150,271,-1,271,150,148,-1,271,148,272,-1,272,148,146,-1,272,160,271,-1,271,160,162,-1,271,162,270,-1,270,162,164,-1,270,164,269,-1,269,164,166,-1,269,166,268,-1,268,166,168,-1,268,168,267,-1,267,168,170,-1,267,170,266,-1,266,170,172,-1,266,172,265,-1,265,172,174,-1,265,174,264,-1,264,174,273,-1,11,10,174,-1,174,10,274,-1,174,274,273,-1,275,9,276,-1,276,9,11,-1,276,11,277,-1,277,11,173,-1,277,173,278,-1,278,173,171,-1,278,171,279,-1,279,171,169,-1,279,169,280,-1,280,169,167,-1,280,167,281,-1,281,167,165,-1,281,165,282,-1,282,165,163,-1,282,163,283,-1,283,163,161,-1,283,284,282,-1,282,284,285,-1,282,285,281,-1,281,285,286,-1,281,286,280,-1,280,286,287,-1,280,287,279,-1,279,287,288,-1,279,288,278,-1,278,288,289,-1,278,289,277,-1,277,289,290,-1,277,290,276,-1,276,290,8,-1,276,8,275,-1,275,8,7,-1,4,6,5,-1,5,6,8,-1,5,8,291,-1,291,8,290,-1,291,290,292,-1,292,290,289,-1,292,289,293,-1,293,289,288,-1,293,288,294,-1,294,288,287,-1,294,287,295,-1,295,287,286,-1,295,286,296,-1,296,286,285,-1,296,285,297,-1,297,285,284,-1,298,3,299,-1,299,3,5,-1,299,5,300,-1,300,5,291,-1,300,291,301,-1,301,291,292,-1,301,292,302,-1,302,292,293,-1,302,293,303,-1,303,293,294,-1,303,294,304,-1,304,294,295,-1,304,295,305,-1,305,295,296,-1,305,296,306,-1,306,296,297,-1,306,307,305,-1,305,307,308,-1,305,308,304,-1,304,308,309,-1,304,309,303,-1,303,309,310,-1,303,310,302,-1,302,310,311,-1,302,311,301,-1,301,311,312,-1,301,312,300,-1,300,312,313,-1,300,313,299,-1,299,313,2,-1,299,2,298,-1,298,2,1,-1,314,0,182,-1,182,0,2,-1,182,2,181,-1,181,2,313,-1,181,313,180,-1,180,313,312,-1,180,312,179,-1,179,312,311,-1,179,311,178,-1,178,311,310,-1,178,310,177,-1,177,310,309,-1,177,309,176,-1,176,309,308,-1,176,308,175,-1,175,308,307,-1,76,75,77,-1,77,75,44,-1,77,44,182,-1,182,44,315,-1,182,315,314,-1,45,99,46,-1,46,99,98,-1,98,175,46,-1,46,175,307,-1,46,307,306,-1,306,297,46,-1,46,297,284,-1,46,284,189,-1,244,243,160,-1,283,221,284,-1,284,221,220,-1,284,220,116,-1,283,161,221,-1,221,161,160,-1,221,160,234,-1,234,160,243,-1,101,100,284,-1,284,100,198,-1,284,198,189,-1,272,146,131,-1,131,146,145,-1,131,145,261,-1,272,131,160,-1,160,131,130,-1,160,130,244,-1,116,115,284,-1,284,115,209,-1,284,209,101,-1,
        ]
    }
}
Shape{
    appearance Appearance {
        material  Material 	{
            diffuseColor 0.8313725490196079 0.8313725490196079 0.8196078431372549
            specularColor 0.6666666666666666 0.6666666666666666 0.6549019607843137
            ambientIntensity 0.83
            transparency 0.0
            shininess 0.5
        }
    }
    geometry IndexedFaceSet {
        ccw TRUE
        solid FALSE
        coord DEF co Coordinate {
            point [
                -1.1817 -0.3762 1.9291, -1.2001 -0.3081 1.9291, -1.2006 -0.3083 0.8268, -1.2102 -0.2708 1.9291, -1.2208 -0.2184 0.8268, -1.2294 -0.1633 1.9291, -1.2292 -0.1553 0.8268, -1.2301 -0.1554 1.9291, -1.2353 -0.1096 0.8268, -1.239 -0.0546 1.9291, -1.2402 -0.0 0.8268, -1.0425 -0.6717 1.9291, -1.0861 -0.5971 1.9291, -1.0858 -0.597 0.8268, -1.0975 -0.5774 1.9291, -1.1207 -0.531 0.8268, -1.1441 -0.4786 1.9291, -1.1522 -0.4562 0.8268, -1.1523 -0.4562 1.9291, -1.1633 -0.4299 0.8268, -1.1967 -0.3254 0.8268, -1.0694 -0.628 0.8268, -1.0097 -0.72 0.8268, -1.0024 -0.7283 1.9291, -1.003 -0.7287 0.8268, -0.9794 -0.7608 1.9291, -0.9421 -0.8065 0.8268, -0.9087 -0.8439 1.9291, -0.9032 -0.8481 0.8268, -0.9038 -0.8487 1.9291, -0.831 -0.9206 1.9291, -0.8672 -0.8866 0.8268, -0.7897 -0.9546 1.9291, -0.7903 -0.9554 0.8268, -0.7468 -0.9901 1.9291, -0.4624 -1.1507 1.9291, -0.5276 -1.1211 1.9291, -0.5277 -1.1214 0.8268, -0.5618 -1.1056 1.9291, -0.6042 -1.083 0.8268, -0.6568 -1.0519 1.9291, -0.6639 -1.0461 0.8268, -0.6643 -1.0468 1.9291, -0.6975 -1.0254 0.8268, -0.7854 -0.9597 0.8268, -0.1459 -1.2315 1.9291, -0.2323 -1.2174 1.9291, -0.2322 -1.2171 0.8268, -0.2536 -1.2139 1.9291, -0.2988 -1.2036 0.8268, -0.3594 -1.1869 1.9291, -0.383 -1.1787 0.8268, -0.3829 -1.1787 1.9291, -0.404 -1.1725 0.8268, -0.5061 -1.1322 0.8268, -0.1913 -1.2253 0.8268, -0.0823 -1.2374 0.8268, -0.0778 -1.2366 1.9291, -0.0779 -1.2375 0.8268, -0.037 -1.2396 1.9291, 0.0274 -1.2399 0.8268, 0.0722 -1.2381 1.9291, 0.0778 -1.2365 0.8268, 0.0778 -1.2375 1.9291, 0.1808 -1.2269 1.9291, 0.1369 -1.2326 0.8268, 0.2322 -1.217 1.9291, 0.2323 -1.2177 0.8268, 0.2879 -1.2063 1.9291, 0.3937 -1.176 1.9291, 0.3829 -1.1785 0.8268, 0.4774 -1.1446 1.9291, 0.4555 -1.1535 0.8268, 0.5275 -1.1211 1.9291, 0.5276 -1.1212 0.8268, 0.5751 -1.0987 1.9291, 0.2453 -1.2157 0.8268, 0.3518 -1.1892 0.8268, 0.3831 -1.1791 1.9291, 0.3929 -1.1763 1.9291, 0.5557 -1.1087 0.8268, 0.6515 -1.0553 0.8268, 0.6644 -1.0469 1.9291, 0.6642 -1.0466 0.8268, 0.6685 -1.0445 1.9291, 0.7422 -0.9935 0.8268, 0.6685 1.0445 1.9291, 0.7897 0.9546 0.8268, 0.7422 0.9935 0.8268, 0.6644 1.0469 1.9291, 0.7568 0.9824 1.9291, 0.7898 0.9547 1.9291, 0.8271 0.9241 0.8268, 0.8394 0.9129 1.9291, 0.904 0.8489 0.8268, 0.9036 0.8485 1.9291, 0.9055 0.8473 0.8268, 0.9156 0.8364 1.9291, 0.9769 0.764 0.8268, 0.9849 0.7536 1.9291, 1.0024 0.7283 0.8268, 1.0025 0.7284 1.9291, 1.0406 0.6747 0.8268, 1.0467 0.6651 1.9291, 1.0861 0.5971 0.8268, 1.086 0.597 1.9291, 1.0961 0.5801 0.8268, 1.1006 0.5715 1.9291, 1.1431 0.4809 0.8268, 1.1461 0.4736 1.9291, 1.1522 0.4562 0.8268, 1.1524 0.4563 1.9291, 1.1811 0.378 0.8268, 1.183 0.3722 1.9291, 1.2001 0.3081 0.8268, 1.2001 0.3081 1.9291, 1.2099 0.2721 0.8268, 1.2109 0.2679 1.9291, 1.2292 0.1641 0.8268, 1.2296 0.1615 1.9291, 1.23 0.1554 0.8268, 1.2301 0.1554 1.9291, 1.2389 0.0549 0.8268, 1.239 0.054 1.9291, 1.2389 0.0 0.8268, 1.239 0.0 1.9291, 1.2389 -0.0549 0.8268, 1.239 -0.054 1.9291, 1.23 -0.1554 0.8268, 1.2301 -0.1554 1.9291, 1.2292 -0.1641 0.8268, 1.2296 -0.1615 1.9291, 1.2099 -0.2721 0.8268, 1.2109 -0.2679 1.9291, 1.2001 -0.3081 0.8268, 1.2001 -0.3081 1.9291, 1.1811 -0.378 0.8268, 1.183 -0.3722 1.9291, 1.1522 -0.4562 0.8268, 1.1524 -0.4563 1.9291, 1.1431 -0.4809 0.8268, 1.1461 -0.4736 1.9291, 1.0961 -0.5801 0.8268, 1.1006 -0.5715 1.9291, 1.0861 -0.5971 0.8268, 1.086 -0.597 1.9291, 1.0406 -0.6747 0.8268, 1.0467 -0.6651 1.9291, 1.0024 -0.7283 0.8268, 1.0025 -0.7284 1.9291, 0.9769 -0.764 0.8268, 0.9849 -0.7536 1.9291, 0.9055 -0.8473 0.8268, 0.9156 -0.8364 1.9291, 0.904 -0.8489 0.8268, 0.9036 -0.8485 1.9291, 0.8271 -0.9241 0.8268, 0.8394 -0.9129 1.9291, 0.7897 -0.9546 0.8268, 0.7898 -0.9547 1.9291, 0.7568 -0.9824 1.9291, 0.5276 1.1212 0.8268, 0.5275 1.1211 1.9291, 0.5557 1.1087 0.8268, 0.5751 1.0987 1.9291, 0.6515 1.0553 0.8268, 0.6642 1.0466 0.8268, -0.1459 1.2315 1.9291, -0.0778 1.2366 1.9291, -0.0779 1.2375 0.8268, -0.037 1.2396 1.9291, 0.0274 1.2399 0.8268, 0.0722 1.2381 1.9291, 0.0778 1.2365 0.8268, 0.0778 1.2375 1.9291, 0.1369 1.2326 0.8268, 0.1808 1.2269 1.9291, 0.2323 1.2177 0.8268, 0.2322 1.217 1.9291, 0.2453 1.2157 0.8268, 0.2879 1.2063 1.9291, 0.3518 1.1892 0.8268, 0.3831 1.1791 1.9291, 0.3829 1.1785 0.8268, 0.3929 1.1763 1.9291, 0.4555 1.1535 0.8268, 0.3937 1.176 1.9291, 0.4774 1.1446 1.9291, -1.239 -0.0 1.9291, -1.239 0.0546 1.9291, -1.2353 0.1096 0.8268, -1.2301 0.1554 1.9291, -1.2292 0.1553 0.8268, -1.2294 0.1633 1.9291, -1.2208 0.2184 0.8268, -1.2102 0.2708 1.9291, -1.2006 0.3083 0.8268, -1.2001 0.3081 1.9291, -1.1967 0.3254 0.8268, -1.1817 0.3762 1.9291, -1.1633 0.4299 0.8268, -1.1523 0.4562 1.9291, -1.1522 0.4562 0.8268, -1.1441 0.4786 1.9291, -1.1207 0.531 0.8268, -1.0975 0.5774 1.9291, -1.0858 0.597 0.8268, -1.0861 0.5971 1.9291, -1.0694 0.628 0.8268, -1.0425 0.6717 1.9291, -1.0097 0.72 0.8268, -1.0024 0.7283 1.9291, -1.003 0.7287 0.8268, -0.9794 0.7608 1.9291, -0.9421 0.8065 0.8268, -0.9087 0.8439 1.9291, -0.9032 0.8481 0.8268, -0.9038 0.8487 1.9291, -0.8672 0.8866 0.8268, -0.831 0.9206 1.9291, -0.7903 0.9554 0.8268, -0.7897 0.9546 1.9291, -0.7854 0.9597 0.8268, -0.7468 0.9901 1.9291, -0.6975 1.0254 0.8268, -0.6643 1.0468 1.9291, -0.6639 1.0461 0.8268, -0.6568 1.0519 1.9291, -0.6042 1.083 0.8268, -0.5618 1.1056 1.9291, -0.5277 1.1214 0.8268, -0.5276 1.1211 1.9291, -0.5061 1.1322 0.8268, -0.4624 1.1507 1.9291, -0.404 1.1725 0.8268, -0.3829 1.1787 1.9291, -0.383 1.1787 0.8268, -0.3594 1.1869 1.9291, -0.2988 1.2036 0.8268, -0.2536 1.2139 1.9291, -0.2322 1.2171 0.8268, -0.2323 1.2174 1.9291, -0.1913 1.2253 0.8268, -0.0823 1.2374 0.8268, 0.3937 -0.9662 2.126, 0.3937 0.9662 2.126, 0.3305 -0.9896 2.126, 0.3305 0.9896 2.126, -0.9625 0.4027 2.126, -0.9233 0.4858 2.126, -0.877 0.5651 2.126, 0.2422 1.0148 2.126, 0.1521 1.0322 2.126, 0.0607 1.0415 2.126, -0.9942 0.3165 2.126, -1.0181 0.2278 2.126, -1.0342 0.1374 2.126, -1.0423 0.0459 2.126, -1.0423 -0.0459 2.126, -1.0342 -0.1374 2.126, -0.9625 -0.4027 2.126, -0.9233 -0.4858 2.126, -0.877 -0.5651 2.126, -0.8239 -0.64 2.126, -0.7645 -0.71 2.126, -0.6991 -0.7745 2.126, -0.6283 -0.8329 2.126, -0.5526 -0.885 2.126, -0.4726 -0.9301 2.126, -0.3023 -0.9985 2.126, 0.0607 -1.0415 2.126, 0.1521 -1.0322 2.126, -0.0311 1.0428 2.126, -0.1227 1.0361 2.126, -0.2134 1.0213 2.126, -0.3023 0.9985 2.126, -0.389 0.9681 2.126, -0.4726 0.9301 2.126, -1.0181 -0.2278 2.126, -0.9942 -0.3165 2.126, -0.2134 -1.0213 2.126, -0.1227 -1.0361 2.126, -0.0311 -1.0428 2.126, -0.389 -0.9681 2.126, 0.2422 -1.0148 2.126, -0.5526 0.885 2.126, -0.6283 0.8329 2.126, -0.6991 0.7745 2.126, -0.7645 0.71 2.126, -0.8239 0.64 2.126, 0.2871 1.2026 1.9675, 0.0719 1.2343 1.9675, -0.1454 1.2278 1.9675, -0.2528 1.2102 1.9675, -0.461 1.1472 1.9675, -0.7445 0.9871 1.9675, -0.9059 0.8414 1.9675, -1.0393 0.6696 1.9675, -1.1781 0.375 1.9675, -1.2352 0.0544 1.9675, -1.2256 -0.1628 1.9675, -1.1781 -0.375 1.9675, -1.0393 -0.6696 1.9675, -0.8284 -0.9178 1.9675, -0.7445 -0.9871 1.9675, -0.6548 -1.0487 1.9675, -0.461 -1.1472 1.9675, -0.1454 -1.2278 1.9675, 0.1802 -1.2232 1.9675, 0.2871 -1.2026 1.9675, 0.3917 -1.1727 1.9675, 0.3937 1.1758 1.9379, 0.3917 1.1727 1.9675, 0.3937 1.1725 1.9652, 0.3937 1.1599 2.0043, 0.3937 1.1624 1.9993, 0.3882 1.1621 2.0045, 0.3937 1.1653 1.9916, 0.3937 1.1719 1.9675, 0.3937 1.1501 2.0243, 0.3824 1.1448 2.0385, 0.3937 1.1406 2.0383, 0.3937 1.1094 2.0734, 0.3937 1.1147 2.0681, 0.3746 1.1216 2.0683, 0.3937 1.1295 2.0532, 0.3937 1.1343 2.0474, 0.3937 1.0866 2.0907, 0.3652 1.0933 2.0928, 0.3937 1.0833 2.0928, 0.3544 1.061 2.111, 0.3937 1.0536 2.1083, 0.3937 1.0798 2.095, 0.3937 1.0074 2.1218, 0.3937 1.0163 2.1204, 0.3427 1.026 2.1222, 0.3937 1.0257 2.118, 0.3937 1.0469 2.1107, 0.3937 0.9866 2.1251, 0.3544 -1.061 2.111, 0.3937 -1.047 2.1109, 0.3937 -1.0454 2.1116, 0.3427 -1.026 2.1222, 0.3937 -1.0173 2.1202, 0.3937 -1.0075 2.122, 0.3937 -0.9961 2.124, 0.3746 -1.1216 2.0683, 0.3937 -1.1148 2.0681, 0.3937 -1.1103 2.0727, 0.3652 -1.0933 2.0928, 0.3937 -1.0877 2.09, 0.3937 -1.0833 2.0927, 0.3937 -1.0718 2.0996, 0.3824 -1.1448 2.0385, 0.3937 -1.1409 2.0384, 0.3937 -1.14 2.0399, 0.3937 -1.1299 2.0527, 0.3882 -1.1621 2.0045, 0.3937 -1.1601 2.0044, 0.3937 -1.1546 2.0162, 0.3937 -1.17 1.9762, 0.3937 -1.1611 2.0023, 0.3937 -1.1756 1.941, 0.3937 -1.1749 1.9493, 0.3937 -1.1716 1.9675, -0.0323 -1.0812 2.1222, -0.1272 -1.0742 2.1222, -0.0334 -1.1181 2.111, -0.1316 -1.1109 2.111, -0.0344 -1.1522 2.0928, -0.1356 -1.1447 2.0928, -0.0353 -1.182 2.0683, -0.1391 -1.1743 2.0683, -0.036 -1.2064 2.0385, -0.142 -1.1986 2.0385, -0.0366 -1.2246 2.0045, -0.1441 -1.2167 2.0045, -0.0369 -1.2358 1.9675, -0.3135 -1.0353 2.1222, -0.4033 -1.0037 2.1222, -0.3242 -1.0706 2.111, -0.4171 -1.038 2.111, -0.334 -1.1032 2.0928, -0.4298 -1.0696 2.0928, -0.3427 -1.1318 2.0683, -0.4409 -1.0972 2.0683, -0.3498 -1.1552 2.0385, -0.45 -1.12 2.0385, -0.355 -1.1726 2.0045, -0.4568 -1.1368 2.0045, -0.3583 -1.1833 1.9675, -0.8543 -0.6636 2.1222, -0.9093 -0.5859 2.1222, -0.8834 -0.6862 2.111, -0.9404 -0.6059 2.111, -0.9103 -0.7071 2.0928, -0.969 -0.6243 2.0928, -0.9339 -0.7254 2.0683, -0.994 -0.6405 2.0683, -0.9532 -0.7404 2.0385, -1.0146 -0.6537 2.0385, -0.9676 -0.7516 2.0045, -1.0299 -0.6636 2.0045, -0.9764 -0.7584 1.9675, -0.9979 -0.4175 2.1222, -1.0307 -0.3281 2.1222, -1.032 -0.4317 2.111, -1.0659 -0.3393 2.111, -1.0634 -0.4449 2.0928, -1.0984 -0.3496 2.0928, -1.0909 -0.4564 2.0683, -1.1268 -0.3587 2.0683, -1.1135 -0.4658 2.0385, -1.1501 -0.3661 2.0385, -1.1302 -0.4729 2.0045, -1.1674 -0.3716 2.0045, -1.1406 -0.4772 1.9675, -1.0807 -0.0476 2.1222, -1.0807 0.0476 2.1222, -1.1176 -0.0492 2.111, -1.1176 0.0492 2.111, -1.1516 -0.0507 2.0928, -1.1516 0.0507 2.0928, -1.1814 -0.052 2.0683, -1.1814 0.052 2.0683, -1.2058 -0.0531 2.0385, -1.2058 0.0531 2.0385, -1.224 -0.0539 2.0045, -1.224 0.0539 2.0045, -1.2352 -0.0544 1.9675, -1.0556 0.2362 2.1222, -1.0307 0.3281 2.1222, -1.0916 0.2443 2.111, -1.0659 0.3393 2.111, -1.1249 0.2517 2.0928, -1.0984 0.3496 2.0928, -1.154 0.2582 2.0683, -1.1268 0.3587 2.0683, -1.1779 0.2636 2.0385, -1.1501 0.3661 2.0385, -1.1956 0.2675 2.0045, -1.1674 0.3716 2.0045, -1.2065 0.27 1.9675, -0.9573 0.5036 2.1222, -0.9093 0.5859 2.1222, -0.99 0.5208 2.111, -0.9404 0.6059 2.111, -1.0201 0.5367 2.0928, -0.969 0.6243 2.0928, -1.0465 0.5506 2.0683, -0.994 0.6405 2.0683, -1.0682 0.562 2.0385, -1.0146 0.6537 2.0385, -1.0843 0.5704 2.0045, -1.0299 0.6636 2.0045, -1.0942 0.5756 1.9675, -0.7248 0.803 2.1222, -0.6514 0.8636 2.1222, -0.7495 0.8304 2.111, -0.6736 0.8931 2.111, -0.7723 0.8556 2.0928, -0.6941 0.9203 2.0928, -0.7923 0.8778 2.0683, -0.7121 0.9441 2.0683, -0.8087 0.896 2.0385, -0.7268 0.9636 2.0385, -0.8209 0.9095 2.0045, -0.7378 0.9781 2.0045, -0.8284 0.9178 1.9675, -0.49 0.9644 2.1222, -0.4033 1.0037 2.1222, -0.5067 0.9973 2.111, -0.4171 1.038 2.111, -0.5221 1.0276 2.0928, -0.4298 1.0696 2.0928, -0.5357 1.0542 2.0683, -0.4409 1.0972 2.0683, -0.5467 1.076 2.0385, -0.45 1.12 2.0385, -0.555 1.0923 2.0045, -0.4568 1.1368 2.0045, -0.5601 1.1022 1.9675, 0.1577 1.0702 2.1222, 0.2512 1.0521 2.1222, 0.163 1.1067 2.111, 0.2597 1.0881 2.111, 0.168 1.1404 2.0928, 0.2676 1.1212 2.0928, 0.1723 1.1699 2.0683, 0.2746 1.1502 2.0683, 0.1759 1.1941 2.0385, 0.2802 1.174 2.0385, 0.1786 1.2121 2.0045, 0.2845 1.1917 2.0045, 0.1802 1.2232 1.9675, 0.2845 -1.1917 2.0045, 0.2802 -1.174 2.0385, 0.2746 -1.1502 2.0683, 0.2676 -1.1212 2.0928, 0.2597 -1.0881 2.111, 0.2512 -1.0521 2.1222, 0.1786 -1.2121 2.0045, 0.1759 -1.1941 2.0385, 0.1723 -1.1699 2.0683, 0.168 -1.1404 2.0928, 0.163 -1.1067 2.111, 0.1577 -1.0702 2.1222, 0.0719 -1.2343 1.9675, 0.0713 -1.2231 2.0045, 0.0702 -1.2049 2.0385, 0.0688 -1.1805 2.0683, 0.0671 -1.1507 2.0928, 0.0651 -1.1167 2.111, 0.0629 -1.0799 2.1222, -0.2528 -1.2102 1.9675, -0.2505 -1.1993 2.0045, -0.2468 -1.1815 2.0385, -0.2418 -1.1575 2.0683, -0.2357 -1.1283 2.0928, -0.2288 -1.095 2.111, -0.2212 -1.0589 2.1222, -0.5601 -1.1022 1.9675, -0.555 -1.0923 2.0045, -0.5467 -1.076 2.0385, -0.5357 -1.0542 2.0683, -0.5221 -1.0276 2.0928, -0.5067 -0.9973 2.111, -0.49 -0.9644 2.1222, -0.5729 -0.9175 2.1222, -0.5925 -0.9489 2.111, -0.6105 -0.9777 2.0928, -0.6263 -1.003 2.0683, -0.6393 -1.0238 2.0385, -0.6489 -1.0392 2.0045, -0.7378 -0.9781 2.0045, -0.7268 -0.9636 2.0385, -0.7121 -0.9441 2.0683, -0.6941 -0.9203 2.0928, -0.6736 -0.8931 2.111, -0.6514 -0.8636 2.1222, -0.8209 -0.9095 2.0045, -0.8087 -0.896 2.0385, -0.7923 -0.8778 2.0683, -0.7723 -0.8556 2.0928, -0.7495 -0.8304 2.111, -0.7248 -0.803 2.1222, -0.9059 -0.8414 1.9675, -0.8977 -0.8337 2.0045, -0.8844 -0.8214 2.0385, -0.8665 -0.8047 2.0683, -0.8446 -0.7844 2.0928, -0.8197 -0.7613 2.111, -0.7926 -0.7361 2.1222, -1.0942 -0.5756 1.9675, -1.0843 -0.5704 2.0045, -1.0682 -0.562 2.0385, -1.0465 -0.5506 2.0683, -1.0201 -0.5367 2.0928, -0.99 -0.5208 2.111, -0.9573 -0.5036 2.1222, -1.2065 -0.27 1.9675, -1.1956 -0.2675 2.0045, -1.1779 -0.2636 2.0385, -1.154 -0.2582 2.0683, -1.1249 -0.2517 2.0928, -1.0916 -0.2443 2.111, -1.0556 -0.2362 2.1222, -1.0723 -0.1425 2.1222, -1.1089 -0.1473 2.111, -1.1426 -0.1518 2.0928, -1.1722 -0.1557 2.0683, -1.1965 -0.159 2.0385, -1.2145 -0.1614 2.0045, -1.2256 0.1628 1.9675, -1.2145 0.1614 2.0045, -1.1965 0.159 2.0385, -1.1722 0.1557 2.0683, -1.1426 0.1518 2.0928, -1.1089 0.1473 2.111, -1.0723 0.1425 2.1222, -1.1406 0.4772 1.9675, -1.1302 0.4729 2.0045, -1.1135 0.4658 2.0385, -1.0909 0.4564 2.0683, -1.0634 0.4449 2.0928, -1.032 0.4317 2.111, -0.9979 0.4175 2.1222, -0.9764 0.7584 1.9675, -0.9676 0.7516 2.0045, -0.9532 0.7404 2.0385, -0.9339 0.7254 2.0683, -0.9103 0.7071 2.0928, -0.8834 0.6862 2.111, -0.8543 0.6636 2.1222, -0.7926 0.7361 2.1222, -0.8197 0.7613 2.111, -0.8446 0.7844 2.0928, -0.8665 0.8047 2.0683, -0.8844 0.8214 2.0385, -0.8977 0.8337 2.0045, -0.6548 1.0487 1.9675, -0.6489 1.0392 2.0045, -0.6393 1.0238 2.0385, -0.6263 1.003 2.0683, -0.6105 0.9777 2.0928, -0.5925 0.9489 2.111, -0.5729 0.9175 2.1222, -0.3583 1.1833 1.9675, -0.355 1.1726 2.0045, -0.3498 1.1552 2.0385, -0.3427 1.1318 2.0683, -0.334 1.1032 2.0928, -0.3242 1.0706 2.111, -0.3135 1.0353 2.1222, -0.2212 1.0589 2.1222, -0.2288 1.095 2.111, -0.2357 1.1283 2.0928, -0.2418 1.1575 2.0683, -0.2468 1.1815 2.0385, -0.2505 1.1993 2.0045, -0.1441 1.2167 2.0045, -0.142 1.1986 2.0385, -0.1391 1.1743 2.0683, -0.1356 1.1447 2.0928, -0.1316 1.1109 2.111, -0.1272 1.0742 2.1222, -0.0369 1.2358 1.9675, -0.0366 1.2246 2.0045, -0.036 1.2064 2.0385, -0.0353 1.182 2.0683, -0.0344 1.1522 2.0928, -0.0334 1.1181 2.111, -0.0323 1.0812 2.1222, 0.0629 1.0799 2.1222, 0.0651 1.1167 2.111, 0.0671 1.1507 2.0928, 0.0688 1.1805 2.0683, 0.0702 1.2049 2.0385, 0.0713 1.2231 2.0045, 0.0264 -1.1611 0.3937, 0.0796 -1.1981 0.3937, 0.1319 -1.1539 0.3937, 0.1852 -1.1864 0.3937, 0.2363 -1.1371 0.3937, 0.2894 -1.1654 0.3937, 0.3387 -1.1109 0.3937, 0.3912 -1.1353 0.3937, 0.4383 -1.0755 0.3937, 0.49 -1.0963 0.3937, 0.5343 -1.0312 0.3937, 0.585 -1.0487 0.3937, 0.6259 -0.9783 0.3937, 0.6754 -0.9928 0.3937, 0.7123 -0.9174 0.3937, 0.7605 -0.9293 0.3937, 0.7927 -0.8488 0.3937, 0.8396 -0.8584 0.3937, 0.8666 -0.7732 0.3937, 0.9122 -0.7809 0.3937, 0.9334 -0.6912 0.3937, 0.9777 -0.6972 0.3937, 0.9923 -0.6035 0.3937, 1.0355 -0.608 0.3937, 1.0431 -0.5107 0.3937, 1.0851 -0.5142 0.3937, 1.0852 -0.4137 0.3937, 1.1263 -0.4162 0.3937, 1.1183 -0.3133 0.3937, 1.1587 -0.3151 0.3937, 1.1422 -0.2104 0.3937, 1.182 -0.2114 0.3937, 1.1566 -0.1056 0.3937, 1.1961 -0.1061 0.3937, 1.1614 0.0 0.3937, 1.2008 -0.0 0.3937, 1.1566 0.1056 0.3937, 1.1961 0.1061 0.3937, 1.1422 0.2104 0.3937, 1.182 0.2114 0.3937, 1.1183 0.3133 0.3937, 1.1587 0.3151 0.3937, 1.0852 0.4137 0.3937, 1.1263 0.4162 0.3937, 1.0431 0.5107 0.3937, 1.0851 0.5142 0.3937, 0.9923 0.6035 0.3937, 1.0355 0.608 0.3937, 0.9334 0.6912 0.3937, 0.9777 0.6972 0.3937, 0.8666 0.7732 0.3937, 0.9122 0.7809 0.3937, 0.7927 0.8488 0.3937, 0.8396 0.8584 0.3937, 0.7123 0.9174 0.3937, 0.7605 0.9293 0.3937, 0.6259 0.9783 0.3937, 0.6754 0.9928 0.3937, 0.5343 1.0312 0.3937, 0.585 1.0487 0.3937, 0.4383 1.0755 0.3937, 0.49 1.0963 0.3937, 0.3387 1.1109 0.3937, 0.3912 1.1353 0.3937, 0.2363 1.1371 0.3937, 0.2894 1.1654 0.3937, 0.1319 1.1539 0.3937, 0.1852 1.1864 0.3937, 0.0264 1.1611 0.3937, 0.0796 1.1981 0.3937, -0.0266 1.2005 0.3937, -0.0793 1.1587 0.3937, -0.1326 1.1934 0.3937, -0.1843 1.1467 0.3937, -0.2375 1.1771 0.3937, -0.2878 1.1252 0.3937, -0.3406 1.1515 0.3937, -0.3889 1.0944 0.3937, -0.4411 1.1169 0.3937, -0.4868 1.0545 0.3937, -0.538 1.0735 0.3937, -0.5807 1.0058 0.3937, -0.6308 1.0218 0.3937, -0.6698 0.9488 0.3937, -0.7186 0.962 0.3937, -0.7533 0.884 0.3937, -0.8008 0.8947 0.3937, -0.8305 0.8118 0.3937, -0.8768 0.8204 0.3937, -0.9009 0.733 0.3937, -0.9459 0.7397 0.3937, -0.9638 0.648 0.3937, -1.0075 0.6533 0.3937, -1.0188 0.5577 0.3937, -1.0613 0.5616 0.3937, -1.0653 0.4627 0.3937, -1.1068 0.4657 0.3937, -1.1029 0.3639 0.3937, -1.1436 0.366 0.3937, -1.1315 0.2621 0.3937, -1.1715 0.2635 0.3937, -1.1506 0.1581 0.3937, -1.1902 0.1589 0.3937, -1.1602 0.0529 0.3937, -1.1996 0.0531 0.3937, -1.1602 -0.0529 0.3937, -1.1996 -0.0531 0.3937, -1.1506 -0.1581 0.3937, -1.1902 -0.1589 0.3937, -1.1315 -0.2621 0.3937, -1.1715 -0.2635 0.3937, -1.1029 -0.3639 0.3937, -1.1436 -0.366 0.3937, -1.0653 -0.4627 0.3937, -1.1068 -0.4657 0.3937, -1.0188 -0.5577 0.3937, -1.0613 -0.5616 0.3937, -0.9638 -0.648 0.3937, -1.0075 -0.6533 0.3937, -0.9009 -0.733 0.3937, -0.9459 -0.7397 0.3937, -0.8305 -0.8118 0.3937, -0.8768 -0.8204 0.3937, -0.7533 -0.884 0.3937, -0.8008 -0.8947 0.3937, -0.6698 -0.9488 0.3937, -0.7186 -0.962 0.3937, -0.5807 -1.0058 0.3937, -0.6308 -1.0218 0.3937, -0.4868 -1.0545 0.3937, -0.538 -1.0735 0.3937, -0.3889 -1.0944 0.3937, -0.4411 -1.1169 0.3937, -0.2878 -1.1252 0.3937, -0.3406 -1.1515 0.3937, -0.1843 -1.1467 0.3937, -0.2375 -1.1771 0.3937, -0.0793 -1.1587 0.3937, -0.1326 -1.1934 0.3937, -0.0266 -1.2005 0.3937, 1.1035 -0.2032 0.4331, 1.1113 -0.1463 0.4331, 1.1122 -0.1464 0.748, 1.1174 -0.102 0.4331, 1.1209 -0.0511 0.748, 1.122 0.0 0.4331, 1.0077 -0.4934 0.4331, 1.0357 -0.429 0.4331, 1.036 -0.4291 0.748, 1.0484 -0.3997 0.4331, 1.0655 -0.3516 0.748, 1.0804 -0.3027 0.4331, 1.0828 -0.2901 0.748, 1.0833 -0.2903 0.4331, 1.0931 -0.2532 0.748, 1.1116 -0.1528 0.748, 0.561 -0.9717 0.748, 0.6047 -0.9452 0.4331, 0.6471 -0.9167 0.748, 0.6829 -0.89 0.4331, 0.6824 -0.8893 0.748, 0.6881 -0.8863 0.4331, 0.7277 -0.854 0.748, 0.7659 -0.82 0.4331, 0.7931 -0.793 0.748, 0.7926 -0.7926 0.4331, 0.8024 -0.7843 0.748, 0.8373 -0.747 0.4331, 0.8704 -0.7081 0.748, 0.8896 -0.6826 0.4331, 0.8894 -0.6825 0.748, 0.9017 -0.6678 0.4331, 0.9312 -0.626 0.748, 0.9587 -0.583 0.4331, 0.971 -0.5606 0.748, 0.971 -0.5606 0.4331, 0.9842 -0.5388 0.748, 1.0292 -0.447 0.748, 0.2283 -1.0986 0.4331, 0.2901 -1.0828 0.4331, 0.2903 -1.0833 0.748, 0.3272 -1.0733 0.4331, 0.3758 -1.0573 0.748, 0.4235 -1.0391 0.4331, 0.429 -1.0356 0.748, 0.4293 -1.0364 0.4331, 0.4703 -1.0187 0.748, 0.5162 -0.9962 0.4331, 0.5604 -0.9707 0.4331, 0.2781 -1.087 0.748, 0.178 -1.1078 0.748, 0.1463 -1.1117 0.4331, 0.1463 -1.1115 0.748, 0.1274 -1.1148 0.4331, 0.0766 -1.1194 0.748, 0.0255 -1.1218 0.4331, -0.0 -1.1212 0.748, 0.0 -1.1212 0.4331, -0.0255 -1.1218 0.748, -0.0766 -1.1194 0.4331, -0.1274 -1.1148 0.748, -0.1463 -1.1115 0.4331, -0.1463 -1.1117 0.748, -0.178 -1.1078 0.4331, -0.2283 -1.0986 0.748, -0.2781 -1.087 0.4331, -0.2901 -1.0828 0.748, -0.2903 -1.0833 0.4331, -0.3272 -1.0733 0.748, -0.3758 -1.0573 0.4331, -0.4235 -1.0391 0.748, -0.429 -1.0356 0.4331, -0.4293 -1.0364 0.748, -0.4703 -1.0187 0.4331, -0.5162 -0.9962 0.748, -0.561 -0.9717 0.4331, -0.7277 -0.854 0.4331, -0.6824 -0.8893 0.4331, -0.6829 -0.89 0.748, -0.6471 -0.9167 0.4331, -0.6047 -0.9452 0.748, -0.5604 -0.9707 0.748, -0.9312 -0.626 0.4331, -0.8894 -0.6825 0.4331, -0.8896 -0.6826 0.748, -0.8704 -0.7081 0.4331, -0.8373 -0.747 0.748, -0.8024 -0.7843 0.4331, -0.7926 -0.7926 0.748, -0.7931 -0.793 0.4331, -0.7659 -0.82 0.748, -0.6881 -0.8863 0.748, -1.122 0.0 0.748, -1.1209 -0.0511 0.4331, -1.1174 -0.102 0.748, -1.1122 -0.1464 0.4331, -1.1113 -0.1463 0.748, -1.1116 -0.1528 0.4331, -1.1035 -0.2032 0.748, -1.0931 -0.2532 0.4331, -1.0833 -0.2903 0.748, -1.0828 -0.2901 0.4331, -1.0804 -0.3027 0.748, -1.0655 -0.3516 0.4331, -1.0484 -0.3997 0.748, -1.036 -0.4291 0.4331, -1.0357 -0.429 0.748, -1.0292 -0.447 0.4331, -1.0077 -0.4934 0.748, -0.9842 -0.5388 0.4331, -0.971 -0.5606 0.748, -0.971 -0.5606 0.4331, -0.9587 -0.583 0.748, -0.9017 -0.6678 0.748, -1.0655 0.3516 0.4331, -1.0828 0.2901 0.4331, -1.0833 0.2903 0.748, -1.0931 0.2532 0.4331, -1.1035 0.2032 0.748, -1.1116 0.1528 0.4331, -1.1113 0.1463 0.748, -1.1122 0.1464 0.4331, -1.1174 0.102 0.748, -1.1209 0.0511 0.4331, -1.1209 0.0 0.4331, -1.0804 0.3027 0.748, -1.0484 0.3997 0.748, -1.036 0.4291 0.4331, -1.0357 0.429 0.748, -1.0292 0.447 0.4331, -1.0077 0.4934 0.748, -0.9842 0.5388 0.4331, -0.971 0.5606 0.748, -0.971 0.5606 0.4331, -0.9587 0.583 0.748, -0.9312 0.626 0.4331, -0.9017 0.6678 0.748, -0.8894 0.6825 0.4331, -0.8896 0.6826 0.748, -0.8704 0.7081 0.4331, -0.8373 0.747 0.748, -0.8024 0.7843 0.4331, -0.7926 0.7926 0.748, -0.7931 0.793 0.4331, -0.7659 0.82 0.748, -0.7277 0.854 0.4331, -0.6881 0.8863 0.748, -0.6824 0.8893 0.4331, -0.6829 0.89 0.748, -0.6471 0.9167 0.4331, -0.6047 0.9452 0.748, -0.561 0.9717 0.4331, -0.3758 1.0573 0.4331, -0.429 1.0356 0.4331, -0.4293 1.0364 0.748, -0.4703 1.0187 0.4331, -0.5162 0.9962 0.748, -0.5604 0.9707 0.748, -0.0766 1.1194 0.4331, -0.1463 1.1115 0.4331, -0.1463 1.1117 0.748, -0.178 1.1078 0.4331, -0.2283 1.0986 0.748, -0.2781 1.087 0.4331, -0.2901 1.0828 0.748, -0.2903 1.0833 0.4331, -0.3272 1.0733 0.748, -0.4235 1.0391 0.748, 0.561 0.9717 0.748, 0.5162 0.9962 0.4331, 0.4703 1.0187 0.748, 0.4293 1.0364 0.4331, 0.429 1.0356 0.748, 0.4235 1.0391 0.4331, 0.3758 1.0573 0.748, 0.3272 1.0733 0.4331, 0.2903 1.0833 0.748, 0.2901 1.0828 0.4331, 0.2781 1.087 0.748, 0.2283 1.0986 0.4331, 0.178 1.1078 0.748, 0.1463 1.1117 0.4331, 0.1463 1.1115 0.748, 0.1274 1.1148 0.4331, 0.0766 1.1194 0.748, 0.0255 1.1218 0.4331, -0.0 1.1212 0.748, 0.0 1.1212 0.4331, -0.0255 1.1218 0.748, -0.1274 1.1148 0.748, 0.8373 0.747 0.4331, 0.7926 0.7926 0.4331, 0.7931 0.793 0.748, 0.7659 0.82 0.4331, 0.7277 0.854 0.748, 0.6881 0.8863 0.4331, 0.6824 0.8893 0.748, 0.6829 0.89 0.4331, 0.6471 0.9167 0.748, 0.6047 0.9452 0.4331, 0.5604 0.9707 0.4331, 0.8024 0.7843 0.748, 0.8704 0.7081 0.748, 0.8896 0.6826 0.4331, 0.8894 0.6825 0.748, 0.9017 0.6678 0.4331, 0.9312 0.626 0.748, 0.9587 0.583 0.4331, 0.971 0.5606 0.748, 0.971 0.5606 0.4331, 0.9842 0.5388 0.748, 1.0077 0.4934 0.4331, 1.0292 0.447 0.748, 1.0357 0.429 0.4331, 1.036 0.4291 0.748, 1.0484 0.3997 0.4331, 1.0655 0.3516 0.748, 1.0804 0.3027 0.4331, 1.0828 0.2901 0.748, 1.0833 0.2903 0.4331, 1.0931 0.2532 0.748, 1.1035 0.2032 0.4331, 1.1116 0.1528 0.748, 1.1113 0.1463 0.4331, 1.1122 0.1464 0.748, 1.1174 0.102 0.4331, 1.1209 0.0511 0.748, 1.1209 0.0 0.748, -0.0264 -1.1611 0.7874, -0.0796 -1.1981 0.7874, -0.1319 -1.1539 0.7874, -0.1852 -1.1864 0.7874, -0.2363 -1.1371 0.7874, -0.2894 -1.1654 0.7874, -0.3387 -1.1109 0.7874, -0.3912 -1.1353 0.7874, -0.4383 -1.0755 0.7874, -0.49 -1.0963 0.7874, -0.5343 -1.0312 0.7874, -0.585 -1.0487 0.7874, -0.6259 -0.9783 0.7874, -0.6754 -0.9928 0.7874, -0.7123 -0.9174 0.7874, -0.7605 -0.9293 0.7874, -0.7927 -0.8488 0.7874, -0.8396 -0.8584 0.7874, -0.8666 -0.7732 0.7874, -0.9122 -0.7809 0.7874, -0.9334 -0.6912 0.7874, -0.9777 -0.6972 0.7874, -0.9923 -0.6035 0.7874, -1.0355 -0.608 0.7874, -1.0431 -0.5107 0.7874, -1.0851 -0.5142 0.7874, -1.0852 -0.4137 0.7874, -1.1263 -0.4162 0.7874, -1.1183 -0.3133 0.7874, -1.1587 -0.3151 0.7874, -1.1422 -0.2104 0.7874, -1.182 -0.2114 0.7874, -1.1566 -0.1056 0.7874, -1.1961 -0.1061 0.7874, -1.1614 0.0 0.7874, -1.2008 -0.0 0.7874, -1.1566 0.1056 0.7874, -1.1961 0.1061 0.7874, -1.1422 0.2104 0.7874, -1.182 0.2114 0.7874, -1.1183 0.3133 0.7874, -1.1587 0.3151 0.7874, -1.0852 0.4137 0.7874, -1.1263 0.4162 0.7874, -1.0431 0.5107 0.7874, -1.0851 0.5142 0.7874, -0.9923 0.6035 0.7874, -1.0355 0.608 0.7874, -0.9334 0.6912 0.7874, -0.9777 0.6972 0.7874, -0.8666 0.7732 0.7874, -0.9122 0.7809 0.7874, -0.7927 0.8488 0.7874, -0.8396 0.8584 0.7874, -0.7123 0.9174 0.7874, -0.7605 0.9293 0.7874, -0.6259 0.9783 0.7874, -0.6754 0.9928 0.7874, -0.5343 1.0312 0.7874, -0.585 1.0487 0.7874, -0.4383 1.0755 0.7874, -0.49 1.0963 0.7874, -0.3387 1.1109 0.7874, -0.3912 1.1353 0.7874, -0.2363 1.1371 0.7874, -0.2894 1.1654 0.7874, -0.1319 1.1539 0.7874, -0.1852 1.1864 0.7874, -0.0264 1.1611 0.7874, -0.0796 1.1981 0.7874, 0.0266 1.2005 0.7874, 0.0793 1.1587 0.7874, 0.1326 1.1934 0.7874, 0.1843 1.1467 0.7874, 0.2375 1.1771 0.7874, 0.2878 1.1252 0.7874, 0.3406 1.1515 0.7874, 0.3889 1.0944 0.7874, 0.4411 1.1169 0.7874, 0.4868 1.0545 0.7874, 0.538 1.0735 0.7874, 0.5807 1.0058 0.7874, 0.6308 1.0218 0.7874, 0.6698 0.9488 0.7874, 0.7186 0.962 0.7874, 0.7533 0.884 0.7874, 0.8008 0.8947 0.7874, 0.8305 0.8118 0.7874, 0.8768 0.8204 0.7874, 0.9009 0.733 0.7874, 0.9459 0.7397 0.7874, 0.9638 0.648 0.7874, 1.0075 0.6533 0.7874, 1.0188 0.5577 0.7874, 1.0613 0.5616 0.7874, 1.0653 0.4627 0.7874, 1.1068 0.4657 0.7874, 1.1029 0.3639 0.7874, 1.1436 0.366 0.7874, 1.1315 0.2621 0.7874, 1.1715 0.2635 0.7874, 1.1506 0.1581 0.7874, 1.1902 0.1589 0.7874, 1.1602 0.0529 0.7874, 1.1996 0.0531 0.7874, 1.1602 -0.0529 0.7874, 1.1996 -0.0531 0.7874, 1.1506 -0.1581 0.7874, 1.1902 -0.1589 0.7874, 1.1315 -0.2621 0.7874, 1.1715 -0.2635 0.7874, 1.1029 -0.3639 0.7874, 1.1436 -0.366 0.7874, 1.0653 -0.4627 0.7874, 1.1068 -0.4657 0.7874, 1.0188 -0.5577 0.7874, 1.0613 -0.5616 0.7874, 0.9638 -0.648 0.7874, 1.0075 -0.6533 0.7874, 0.9009 -0.733 0.7874, 0.9459 -0.7397 0.7874, 0.8305 -0.8118 0.7874, 0.8768 -0.8204 0.7874, 0.7533 -0.884 0.7874, 0.8008 -0.8947 0.7874, 0.6698 -0.9488 0.7874, 0.7186 -0.962 0.7874, 0.5807 -1.0058 0.7874, 0.6308 -1.0218 0.7874, 0.4868 -1.0545 0.7874, 0.538 -1.0735 0.7874, 0.3889 -1.0944 0.7874, 0.4411 -1.1169 0.7874, 0.2878 -1.1252 0.7874, 0.3406 -1.1515 0.7874, 0.1843 -1.1467 0.7874, 0.2375 -1.1771 0.7874, 0.0793 -1.1587 0.7874, 0.1326 -1.1934 0.7874, 0.0266 -1.2005 0.7874, 1.122 -0.0 0.1969, 1.1177 -0.0992 0.1969, 0.0 -0.0 0.1969, 1.1177 0.0992 0.1969, 1.0525 0.3889 0.1969, 1.0827 0.2944 0.1969, 1.1045 0.1976 0.1969, 0.9136 0.6515 0.1969, 0.9676 0.5682 0.1969, 1.014 0.4804 0.1969, 0.7106 0.8683 0.1969, 0.7846 0.8021 0.1969, 0.8524 0.7297 0.1969, 0.4579 1.0244 0.1969, 0.5466 0.9799 0.1969, 0.6311 0.9277 0.1969, 0.1731 1.1086 0.1969, 0.2704 1.089 0.1969, 0.3656 1.0608 0.1969, -0.1239 1.1152 0.1969, -0.0248 1.1218 0.1969, 0.0744 1.1196 0.1969, -0.4121 1.0436 0.1969, -0.3183 1.076 0.1969, -0.2219 1.0999 0.1969, -0.6715 0.8989 0.1969, -0.5894 0.9548 0.1969, -0.5028 1.0031 0.1969, -0.8838 0.6912 0.1969, -0.8193 0.7666 0.1969, -0.7483 0.8361 0.1969, -1.0342 0.4351 0.1969, -0.9917 0.5248 0.1969, -0.9415 0.6104 0.1969, -1.1122 0.1485 0.1969, -1.0947 0.2462 0.1969, -1.0687 0.342 0.1969, -1.1122 -0.1485 0.1969, -1.1209 -0.0496 0.1969, -1.1209 0.0496 0.1969, -1.0342 -0.4351 0.1969, -1.0687 -0.342 0.1969, -1.0947 -0.2462 0.1969, -0.8838 -0.6912 0.1969, -0.9415 -0.6104 0.1969, -0.9917 -0.5248 0.1969, -0.6715 -0.8989 0.1969, -0.7483 -0.8361 0.1969, -0.8193 -0.7666 0.1969, -0.4121 -1.0436 0.1969, -0.5028 -1.0031 0.1969, -0.5894 -0.9548 0.1969, -0.1239 -1.1152 0.1969, -0.2219 -1.0999 0.1969, -0.3183 -1.076 0.1969, 0.1731 -1.1086 0.1969, 0.0744 -1.1196 0.1969, -0.0248 -1.1218 0.1969, 0.4579 -1.0244 0.1969, 0.3656 -1.0608 0.1969, 0.2704 -1.089 0.1969, 0.7106 -0.8683 0.1969, 0.6311 -0.9277 0.1969, 0.5466 -0.9799 0.1969, 0.9136 -0.6515 0.1969, 0.8524 -0.7297 0.1969, 0.7846 -0.8021 0.1969, 1.0525 -0.3889 0.1969, 1.014 -0.4804 0.1969, 0.9676 -0.5682 0.1969, 1.1045 -0.1976 0.1969, 1.0827 -0.2944 0.1969, -1.2389 0.0549 0.3543, -1.2389 0.0549 0.315, -1.2389 -0.0 0.3543, -1.2389 -0.0 0.315, -1.2389 -0.0549 0.3543, -1.2389 -0.0549 0.315, -1.23 -0.1554 0.3543, -1.23 -0.1554 0.315, -1.2292 -0.1641 0.3543, -1.2292 -0.1641 0.315, -1.2099 -0.2721 0.3543, -1.2099 -0.2721 0.315, -1.2001 -0.3081 0.3543, -1.2001 -0.3081 0.315, -1.1811 -0.378 0.3543, -1.1811 -0.378 0.315, -1.1522 -0.4562 0.3543, -1.1522 -0.4562 0.315, -1.1431 -0.4809 0.3543, -1.1431 -0.4809 0.315, -1.0961 -0.5801 0.3543, -1.0961 -0.5801 0.315, -1.0861 -0.5971 0.3543, -1.0861 -0.5971 0.315, -1.0406 -0.6747 0.3543, -1.0406 -0.6747 0.315, -1.0024 -0.7283 0.3543, -1.0024 -0.7283 0.315, -0.9769 -0.764 0.3543, -0.9769 -0.764 0.315, -0.9055 -0.8473 0.3543, -0.9055 -0.8473 0.315, -0.904 -0.8489 0.3543, -0.904 -0.8489 0.315, -0.8271 -0.9241 0.3543, -0.8271 -0.9241 0.315, -0.7897 -0.9546 0.3543, -0.7897 -0.9546 0.315, -0.7422 -0.9935 0.3543, -0.7422 -0.9935 0.315, -0.6642 -1.0466 0.3543, -0.6642 -1.0466 0.315, -0.6515 -1.0553 0.3543, -0.6515 -1.0553 0.315, -0.5557 -1.1087 0.3543, -0.5557 -1.1087 0.315, -0.5276 -1.1212 0.3543, -0.5276 -1.1212 0.315, -0.4555 -1.1535 0.3543, -0.4555 -1.1535 0.315, -0.3829 -1.1785 0.3543, -0.3829 -1.1785 0.315, -0.3518 -1.1892 0.3543, -0.3518 -1.1892 0.315, -0.2453 -1.2157 0.3543, -0.2453 -1.2157 0.315, -0.2323 -1.2177 0.3543, -0.2323 -1.2177 0.315, -0.1369 -1.2326 0.3543, -0.1369 -1.2326 0.315, -0.0778 -1.2365 0.3543, -0.0778 -1.2365 0.315, -0.0274 -1.2399 0.3543, -0.0274 -1.2399 0.315, 0.0779 -1.2375 0.3543, 0.0779 -1.2375 0.315, 0.0823 -1.2374 0.3543, 0.0823 -1.2374 0.315, 0.1913 -1.2253 0.3543, 0.1913 -1.2253 0.315, 0.2322 -1.2171 0.3543, 0.2322 -1.2171 0.315, 0.2988 -1.2036 0.3543, 0.2988 -1.2036 0.315, 0.383 -1.1787 0.3543, 0.383 -1.1787 0.315, 0.404 -1.1725 0.3543, 0.404 -1.1725 0.315, 0.5061 -1.1322 0.3543, 0.5061 -1.1322 0.315, 0.5277 -1.1214 0.3543, 0.5277 -1.1214 0.315, 0.6042 -1.083 0.3543, 0.6042 -1.083 0.315, 0.6639 -1.0461 0.3543, 0.6639 -1.0461 0.315, 0.6975 -1.0254 0.3543, 0.6975 -1.0254 0.315, 0.7854 -0.9597 0.3543, 0.7854 -0.9597 0.315, 0.7903 -0.9554 0.3543, 0.7903 -0.9554 0.315, 0.8672 -0.8866 0.3543, 0.8672 -0.8866 0.315, 0.9032 -0.8481 0.3543, 0.9032 -0.8481 0.315, 0.9421 -0.8065 0.3543, 0.9421 -0.8065 0.315, 1.003 -0.7287 0.3543, 1.003 -0.7287 0.315, 1.0097 -0.72 0.3543, 1.0097 -0.72 0.315, 1.0694 -0.628 0.3543, 1.0694 -0.628 0.315, 1.0858 -0.597 0.3543, 1.0858 -0.597 0.315, 1.1207 -0.531 0.3543, 1.1207 -0.531 0.315, 1.1522 -0.4562 0.3543, 1.1522 -0.4562 0.315, 1.1633 -0.4299 0.3543, 1.1633 -0.4299 0.315, 1.1967 -0.3254 0.3543, 1.1967 -0.3254 0.315, 1.2006 -0.3083 0.3543, 1.2006 -0.3083 0.315, 1.2208 -0.2184 0.3543, 1.2208 -0.2184 0.315, 1.2292 -0.1553 0.3543, 1.2292 -0.1553 0.315, 1.2353 -0.1096 0.3543, 1.2353 -0.1096 0.315, 1.2402 0.0 0.3543, 1.2402 0.0 0.315, 1.2353 0.1096 0.3543, 1.2353 0.1096 0.315, 1.2292 0.1553 0.3543, 1.2292 0.1553 0.315, 1.2208 0.2184 0.3543, 1.2208 0.2184 0.315, 1.2006 0.3083 0.3543, 1.2006 0.3083 0.315, 1.1967 0.3254 0.3543, 1.1967 0.3254 0.315, 1.1633 0.4299 0.3543, 1.1633 0.4299 0.315, 1.1522 0.4562 0.3543, 1.1522 0.4562 0.315, 1.1207 0.531 0.3543, 1.1207 0.531 0.315, 1.0858 0.597 0.3543, 1.0858 0.597 0.315, 1.0694 0.628 0.3543, 1.0694 0.628 0.315, 1.0097 0.72 0.3543, 1.0097 0.72 0.315, 1.003 0.7287 0.3543, 1.003 0.7287 0.315, 0.9421 0.8065 0.3543, 0.9421 0.8065 0.315, 0.9032 0.8481 0.3543, 0.9032 0.8481 0.315, 0.8672 0.8866 0.3543, 0.8672 0.8866 0.315, 0.7903 0.9554 0.3543, 0.7903 0.9554 0.315, 0.7854 0.9597 0.3543, 0.7854 0.9597 0.315, 0.6975 1.0254 0.3543, 0.6975 1.0254 0.315, 0.6639 1.0461 0.3543, 0.6639 1.0461 0.315, 0.6042 1.083 0.3543, 0.6042 1.083 0.315, 0.5277 1.1214 0.3543, 0.5277 1.1214 0.315, 0.5061 1.1322 0.3543, 0.5061 1.1322 0.315, 0.404 1.1725 0.3543, 0.404 1.1725 0.315, 0.383 1.1787 0.3543, 0.383 1.1787 0.315, 0.2988 1.2036 0.3543, 0.2988 1.2036 0.315, 0.2322 1.2171 0.3543, 0.2322 1.2171 0.315, 0.1913 1.2253 0.3543, 0.1913 1.2253 0.315, 0.0823 1.2374 0.3543, 0.0823 1.2374 0.315, 0.0779 1.2375 0.3543, 0.0779 1.2375 0.315, -0.0274 1.2399 0.3543, -0.0274 1.2399 0.315, -0.0778 1.2365 0.3543, -0.0778 1.2365 0.315, -0.1369 1.2326 0.3543, -0.1369 1.2326 0.315, -0.2323 1.2177 0.3543, -0.2323 1.2177 0.315, -0.2453 1.2157 0.3543, -0.2453 1.2157 0.315, -0.3518 1.1892 0.3543, -0.3518 1.1892 0.315, -0.3829 1.1785 0.3543, -0.3829 1.1785 0.315, -0.4555 1.1535 0.3543, -0.4555 1.1535 0.315, -0.5276 1.1212 0.3543, -0.5276 1.1212 0.315, -0.5557 1.1087 0.3543, -0.5557 1.1087 0.315, -0.6515 1.0553 0.3543, -0.6515 1.0553 0.315, -0.6642 1.0466 0.3543, -0.6642 1.0466 0.315, -0.7422 0.9935 0.3543, -0.7422 0.9935 0.315, -0.7897 0.9546 0.3543, -0.7897 0.9546 0.315, -0.8271 0.9241 0.3543, -0.8271 0.9241 0.315, -0.904 0.8489 0.3543, -0.904 0.8489 0.315, -0.9055 0.8473 0.3543, -0.9055 0.8473 0.315, -0.9769 0.764 0.3543, -0.9769 0.764 0.315, -1.0024 0.7283 0.3543, -1.0024 0.7283 0.315, -1.0406 0.6747 0.3543, -1.0406 0.6747 0.315, -1.0861 0.5971 0.3543, -1.0861 0.5971 0.315, -1.0961 0.5801 0.3543, -1.0961 0.5801 0.315, -1.1431 0.4809 0.3543, -1.1431 0.4809 0.315, -1.1522 0.4562 0.3543, -1.1522 0.4562 0.315, -1.1811 0.378 0.3543, -1.1811 0.378 0.315, -1.2001 0.3081 0.3543, -1.2001 0.3081 0.315, -1.2099 0.2721 0.3543, -1.2099 0.2721 0.315, -1.2292 0.1641 0.3543, -1.2292 0.1641 0.315, -1.23 0.1554 0.3543, -1.23 0.1554 0.315, -1.1187 -0.1022 0.7582, -1.1048 -0.2035 0.7582, -1.0817 -0.3031 0.7582, -1.0497 -0.4002 0.7582, -1.0089 -0.494 0.7582, -0.9598 -0.5837 0.7582, -0.9028 -0.6686 0.7582, -0.8383 -0.7479 0.7582, -0.7668 -0.821 0.7582, -0.6889 -0.8873 0.7582, -0.6054 -0.9463 0.7582, -0.5168 -0.9974 0.7582, -0.424 -1.0403 0.7582, -0.3276 -1.0746 0.7582, -0.2286 -1.0999 0.7582, -0.1276 -1.1161 0.7582, -0.0256 -1.1231 0.7582, 0.0767 -1.1208 0.7582, 0.1783 -1.1092 0.7582, 0.2784 -1.0883 0.7582, 0.3762 -1.0585 0.7582, 0.4709 -1.0199 0.7582, 0.5617 -0.9729 0.7582, 0.6478 -0.9178 0.7582, 0.7286 -0.8551 0.7582, 0.8033 -0.7853 0.7582, 0.8714 -0.709 0.7582, 0.9323 -0.6268 0.7582, 0.9854 -0.5394 0.7582, 1.0304 -0.4476 0.7582, 1.0668 -0.352 0.7582, 1.0944 -0.2535 0.7582, 1.1129 -0.153 0.7582, 1.1222 -0.0511 0.7582, 1.1222 0.0511 0.7582, 1.1129 0.153 0.7582, 1.0944 0.2535 0.7582, 1.0668 0.352 0.7582, 1.0304 0.4476 0.7582, 0.9854 0.5394 0.7582, 0.9323 0.6268 0.7582, 0.8714 0.709 0.7582, 0.8033 0.7853 0.7582, 0.7286 0.8551 0.7582, 0.6478 0.9178 0.7582, 0.5617 0.9729 0.7582, 0.4709 1.0199 0.7582, 0.3762 1.0585 0.7582, 0.2784 1.0883 0.7582, 0.1783 1.1092 0.7582, 0.0767 1.1208 0.7582, -0.0256 1.1231 0.7582, -0.1276 1.1161 0.7582, -0.2286 1.0999 0.7582, -0.3276 1.0746 0.7582, -0.424 1.0403 0.7582, -0.5168 0.9974 0.7582, -0.6054 0.9463 0.7582, -0.6889 0.8873 0.7582, -0.7668 0.821 0.7582, -0.8383 0.7479 0.7582, -0.9028 0.6686 0.7582, -0.9598 0.5837 0.7582, -1.0089 0.494 0.7582, -1.0497 0.4002 0.7582, -1.0817 0.3031 0.7582, -1.1048 0.2035 0.7582, -1.1187 0.1022 0.7582, -1.1234 0.0 0.7582, -1.1227 0.1025 0.7677, -1.1087 0.2042 0.7677, -1.0855 0.3041 0.7677, -1.0534 0.4016 0.7677, -1.0125 0.4957 0.7677, -0.9632 0.5857 0.7677, -0.906 0.6709 0.7677, -0.8412 0.7505 0.7677, -0.7695 0.8239 0.7677, -0.6913 0.8904 0.7677, -0.6075 0.9496 0.7677, -0.5186 1.0009 0.7677, -0.4255 1.0439 0.7677, -0.3288 1.0783 0.7677, -0.2294 1.1037 0.7677, -0.128 1.12 0.7677, -0.0257 1.127 0.7677, 0.0769 1.1247 0.7677, 0.1789 1.113 0.7677, 0.2794 1.0922 0.7677, 0.3775 1.0622 0.7677, 0.4725 1.0235 0.7677, 0.5637 0.9763 0.7677, 0.6501 0.921 0.7677, 0.7312 0.8581 0.7677, 0.8062 0.788 0.7677, 0.8745 0.7114 0.7677, 0.9355 0.629 0.7677, 0.9889 0.5413 0.7677, 1.034 0.4491 0.7677, 1.0705 0.3532 0.7677, 1.0982 0.2544 0.7677, 1.1168 0.1535 0.7677, 1.1262 0.0513 0.7677, 1.1262 -0.0513 0.7677, 1.1168 -0.1535 0.7677, 1.0982 -0.2544 0.7677, 1.0705 -0.3532 0.7677, 1.034 -0.4491 0.7677, 0.9889 -0.5413 0.7677, 0.9355 -0.629 0.7677, 0.8745 -0.7114 0.7677, 0.8062 -0.788 0.7677, 0.7312 -0.8581 0.7677, 0.6501 -0.921 0.7677, 0.5637 -0.9763 0.7677, 0.4725 -1.0235 0.7677, 0.3775 -1.0622 0.7677, 0.2794 -1.0922 0.7677, 0.1789 -1.113 0.7677, 0.0769 -1.1247 0.7677, -0.0257 -1.127 0.7677, -0.128 -1.12 0.7677, -0.2294 -1.1037 0.7677, -0.3288 -1.0783 0.7677, -0.4255 -1.0439 0.7677, -0.5186 -1.0009 0.7677, -0.6075 -0.9496 0.7677, -0.6913 -0.8904 0.7677, -0.7695 -0.8239 0.7677, -0.8412 -0.7505 0.7677, -0.906 -0.6709 0.7677, -0.9632 -0.5857 0.7677, -1.0125 -0.4957 0.7677, -1.0534 -0.4016 0.7677, -1.0855 -0.3041 0.7677, -1.1087 -0.2042 0.7677, -1.1227 -0.1025 0.7677, -1.1273 0.0 0.7677, -1.1289 0.1031 0.7759, -1.1148 0.2053 0.7759, -1.0915 0.3058 0.7759, -1.0592 0.4038 0.7759, -1.0181 0.4985 0.7759, -0.9686 0.589 0.7759, -0.911 0.6746 0.7759, -0.8459 0.7547 0.7759, -0.7737 0.8285 0.7759, -0.6952 0.8954 0.7759, -0.6109 0.9549 0.7759, -0.5215 1.0065 0.7759, -0.4278 1.0497 0.7759, -0.3306 1.0843 0.7759, -0.2306 1.1099 0.7759, -0.1288 1.1262 0.7759, -0.0258 1.1333 0.7759, 0.0774 1.1309 0.7759, 0.1799 1.1192 0.7759, 0.2809 1.0982 0.7759, 0.3796 1.0681 0.7759, 0.4752 1.0292 0.7759, 0.5668 0.9817 0.7759, 0.6537 0.9261 0.7759, 0.7352 0.8628 0.7759, 0.8106 0.7924 0.7759, 0.8793 0.7154 0.7759, 0.9407 0.6325 0.7759, 0.9944 0.5443 0.7759, 1.0397 0.4516 0.7759, 1.0765 0.3552 0.7759, 1.1043 0.2558 0.7759, 1.123 0.1544 0.7759, 1.1324 0.0516 0.7759, 1.1324 -0.0516 0.7759, 1.123 -0.1544 0.7759, 1.1043 -0.2558 0.7759, 1.0765 -0.3552 0.7759, 1.0397 -0.4516 0.7759, 0.9944 -0.5443 0.7759, 0.9407 -0.6325 0.7759, 0.8793 -0.7154 0.7759, 0.8106 -0.7924 0.7759, 0.7352 -0.8628 0.7759, 0.6537 -0.9261 0.7759, 0.5668 -0.9817 0.7759, 0.4752 -1.0292 0.7759, 0.3796 -1.0681 0.7759, 0.2809 -1.0982 0.7759, 0.1799 -1.1192 0.7759, 0.0774 -1.1309 0.7759, -0.0258 -1.1333 0.7759, -0.1288 -1.1262 0.7759, -0.2306 -1.1099 0.7759, -0.3306 -1.0843 0.7759, -0.4278 -1.0497 0.7759, -0.5215 -1.0065 0.7759, -0.6109 -0.9549 0.7759, -0.6952 -0.8954 0.7759, -0.7737 -0.8285 0.7759, -0.8459 -0.7547 0.7759, -0.911 -0.6746 0.7759, -0.9686 -0.589 0.7759, -1.0181 -0.4985 0.7759, -1.0592 -0.4038 0.7759, -1.0915 -0.3058 0.7759, -1.1148 -0.2053 0.7759, -1.1289 -0.1031 0.7759, -1.1336 0.0 0.7759, -1.137 0.1038 0.7821, -1.1229 0.2068 0.7821, -1.0994 0.308 0.7821, -1.0668 0.4067 0.7821, -1.0254 0.5021 0.7821, -0.9755 0.5932 0.7821, -0.9175 0.6795 0.7821, -0.8519 0.7601 0.7821, -0.7793 0.8344 0.7821, -0.7002 0.9018 0.7821, -0.6153 0.9618 0.7821, -0.5253 1.0137 0.7821, -0.4309 1.0573 0.7821, -0.333 1.0921 0.7821, -0.2323 1.1179 0.7821, -0.1297 1.1343 0.7821, -0.026 1.1414 0.7821, 0.0779 1.1391 0.7821, 0.1812 1.1273 0.7821, 0.2829 1.1061 0.7821, 0.3823 1.0758 0.7821, 0.4786 1.0366 0.7821, 0.5709 0.9888 0.7821, 0.6584 0.9328 0.7821, 0.7405 0.869 0.7821, 0.8165 0.7981 0.7821, 0.8857 0.7205 0.7821, 0.9475 0.637 0.7821, 1.0015 0.5482 0.7821, 1.0472 0.4549 0.7821, 1.0842 0.3578 0.7821, 1.1123 0.2577 0.7821, 1.1311 0.1555 0.7821, 1.1405 0.052 0.7821, 1.1405 -0.052 0.7821, 1.1311 -0.1555 0.7821, 1.1123 -0.2577 0.7821, 1.0842 -0.3578 0.7821, 1.0472 -0.4549 0.7821, 1.0015 -0.5482 0.7821, 0.9475 -0.637 0.7821, 0.8857 -0.7205 0.7821, 0.8165 -0.7981 0.7821, 0.7405 -0.869 0.7821, 0.6584 -0.9328 0.7821, 0.5709 -0.9888 0.7821, 0.4786 -1.0366 0.7821, 0.3823 -1.0758 0.7821, 0.2829 -1.1061 0.7821, 0.1812 -1.1273 0.7821, 0.0779 -1.1391 0.7821, -0.026 -1.1414 0.7821, -0.1297 -1.1343 0.7821, -0.2323 -1.1179 0.7821, -0.333 -1.0921 0.7821, -0.4309 -1.0573 0.7821, -0.5253 -1.0137 0.7821, -0.6153 -0.9618 0.7821, -0.7002 -0.9018 0.7821, -0.7793 -0.8344 0.7821, -0.8519 -0.7601 0.7821, -0.9175 -0.6795 0.7821, -0.9755 -0.5932 0.7821, -1.0254 -0.5021 0.7821, -1.0668 -0.4067 0.7821, -1.0994 -0.308 0.7821, -1.1229 -0.2068 0.7821, -1.137 -0.1038 0.7821, -1.1417 0.0 0.7821, -1.1465 0.1047 0.7861, -1.1322 0.2085 0.7861, -1.1085 0.3106 0.7861, -1.0757 0.4101 0.7861, -1.0339 0.5062 0.7861, -0.9836 0.5982 0.7861, -0.9252 0.6851 0.7861, -0.859 0.7664 0.7861, -0.7858 0.8414 0.7861, -0.706 0.9093 0.7861, -0.6204 0.9698 0.7861, -0.5296 1.0222 0.7861, -0.4345 1.0661 0.7861, -0.3358 1.1012 0.7861, -0.2342 1.1271 0.7861, -0.1308 1.1438 0.7861, -0.0262 1.1509 0.7861, 0.0786 1.1485 0.7861, 0.1827 1.1366 0.7861, 0.2853 1.1153 0.7861, 0.3855 1.0848 0.7861, 0.4826 1.0452 0.7861, 0.5756 0.997 0.7861, 0.6639 0.9405 0.7861, 0.7467 0.8763 0.7861, 0.8233 0.8047 0.7861, 0.893 0.7265 0.7861, 0.9554 0.6423 0.7861, 1.0098 0.5528 0.7861, 1.0559 0.4587 0.7861, 1.0933 0.3607 0.7861, 1.1215 0.2598 0.7861, 1.1405 0.1568 0.7861, 1.15 0.0524 0.7861, 1.15 -0.0524 0.7861, 1.1405 -0.1568 0.7861, 1.1215 -0.2598 0.7861, 1.0933 -0.3607 0.7861, 1.0559 -0.4587 0.7861, 1.0098 -0.5528 0.7861, 0.9554 -0.6423 0.7861, 0.893 -0.7265 0.7861, 0.8233 -0.8047 0.7861, 0.7467 -0.8763 0.7861, 0.6639 -0.9405 0.7861, 0.5756 -0.997 0.7861, 0.4826 -1.0452 0.7861, 0.3855 -1.0848 0.7861, 0.2853 -1.1153 0.7861, 0.1827 -1.1366 0.7861, 0.0786 -1.1485 0.7861, -0.0262 -1.1509 0.7861, -0.1308 -1.1438 0.7861, -0.2342 -1.1271 0.7861, -0.3358 -1.1012 0.7861, -0.4345 -1.0661 0.7861, -0.5296 -1.0222 0.7861, -0.6204 -0.9698 0.7861, -0.706 -0.9093 0.7861, -0.7858 -0.8414 0.7861, -0.859 -0.7664 0.7861, -0.9252 -0.6851 0.7861, -0.9836 -0.5982 0.7861, -1.0339 -0.5062 0.7861, -1.0757 -0.4101 0.7861, -1.1085 -0.3106 0.7861, -1.1322 -0.2085 0.7861, -1.1465 -0.1047 0.7861, -1.1512 0.0 0.7861, 1.1187 -0.1022 0.4229, 1.1048 -0.2035 0.4229, 1.0817 -0.3031 0.4229, 1.0497 -0.4002 0.4229, 1.0089 -0.494 0.4229, 0.9598 -0.5837 0.4229, 0.9028 -0.6686 0.4229, 0.8383 -0.7479 0.4229, 0.7668 -0.821 0.4229, 0.6889 -0.8873 0.4229, 0.6054 -0.9463 0.4229, 0.5168 -0.9974 0.4229, 0.424 -1.0403 0.4229, 0.3276 -1.0746 0.4229, 0.2286 -1.0999 0.4229, 0.1276 -1.1161 0.4229, 0.0256 -1.1231 0.4229, -0.0767 -1.1208 0.4229, -0.1783 -1.1092 0.4229, -0.2784 -1.0883 0.4229, -0.3762 -1.0585 0.4229, -0.4709 -1.0199 0.4229, -0.5617 -0.9729 0.4229, -0.6478 -0.9178 0.4229, -0.7286 -0.8551 0.4229, -0.8033 -0.7853 0.4229, -0.8714 -0.709 0.4229, -0.9323 -0.6268 0.4229, -0.9854 -0.5394 0.4229, -1.0304 -0.4476 0.4229, -1.0668 -0.352 0.4229, -1.0944 -0.2535 0.4229, -1.1129 -0.153 0.4229, -1.1222 -0.0511 0.4229, -1.1222 0.0511 0.4229, -1.1129 0.153 0.4229, -1.0944 0.2535 0.4229, -1.0668 0.352 0.4229, -1.0304 0.4476 0.4229, -0.9854 0.5394 0.4229, -0.9323 0.6268 0.4229, -0.8714 0.709 0.4229, -0.8033 0.7853 0.4229, -0.7286 0.8551 0.4229, -0.6478 0.9178 0.4229, -0.5617 0.9729 0.4229, -0.4709 1.0199 0.4229, -0.3762 1.0585 0.4229, -0.2784 1.0883 0.4229, -0.1783 1.1092 0.4229, -0.0767 1.1208 0.4229, 0.0256 1.1231 0.4229, 0.1276 1.1161 0.4229, 0.2286 1.0999 0.4229, 0.3276 1.0746 0.4229, 0.424 1.0403 0.4229, 0.5168 0.9974 0.4229, 0.6054 0.9463 0.4229, 0.6889 0.8873 0.4229, 0.7668 0.821 0.4229, 0.8383 0.7479 0.4229, 0.9028 0.6686 0.4229, 0.9598 0.5837 0.4229, 1.0089 0.494 0.4229, 1.0497 0.4002 0.4229, 1.0817 0.3031 0.4229, 1.1048 0.2035 0.4229, 1.1187 0.1022 0.4229, 1.1234 0.0 0.4229, 1.1227 0.1025 0.4134, 1.1087 0.2042 0.4134, 1.0855 0.3041 0.4134, 1.0534 0.4016 0.4134, 1.0125 0.4957 0.4134, 0.9632 0.5857 0.4134, 0.906 0.6709 0.4134, 0.8412 0.7505 0.4134, 0.7695 0.8239 0.4134, 0.6913 0.8904 0.4134, 0.6075 0.9496 0.4134, 0.5186 1.0009 0.4134, 0.4255 1.0439 0.4134, 0.3288 1.0783 0.4134, 0.2294 1.1037 0.4134, 0.128 1.12 0.4134, 0.0257 1.127 0.4134, -0.0769 1.1247 0.4134, -0.1789 1.113 0.4134, -0.2794 1.0922 0.4134, -0.3775 1.0622 0.4134, -0.4725 1.0235 0.4134, -0.5637 0.9763 0.4134, -0.6501 0.921 0.4134, -0.7312 0.8581 0.4134, -0.8062 0.788 0.4134, -0.8745 0.7114 0.4134, -0.9355 0.629 0.4134, -0.9889 0.5413 0.4134, -1.034 0.4491 0.4134, -1.0705 0.3532 0.4134, -1.0982 0.2544 0.4134, -1.1168 0.1535 0.4134, -1.1262 0.0513 0.4134, -1.1262 -0.0513 0.4134, -1.1168 -0.1535 0.4134, -1.0982 -0.2544 0.4134, -1.0705 -0.3532 0.4134, -1.034 -0.4491 0.4134, -0.9889 -0.5413 0.4134, -0.9355 -0.629 0.4134, -0.8745 -0.7114 0.4134, -0.8062 -0.788 0.4134, -0.7312 -0.8581 0.4134, -0.6501 -0.921 0.4134, -0.5637 -0.9763 0.4134, -0.4725 -1.0235 0.4134, -0.3775 -1.0622 0.4134, -0.2794 -1.0922 0.4134, -0.1789 -1.113 0.4134, -0.0769 -1.1247 0.4134, 0.0257 -1.127 0.4134, 0.128 -1.12 0.4134, 0.2294 -1.1037 0.4134, 0.3288 -1.0783 0.4134, 0.4255 -1.0439 0.4134, 0.5186 -1.0009 0.4134, 0.6075 -0.9496 0.4134, 0.6913 -0.8904 0.4134, 0.7695 -0.8239 0.4134, 0.8412 -0.7505 0.4134, 0.906 -0.6709 0.4134, 0.9632 -0.5857 0.4134, 1.0125 -0.4957 0.4134, 1.0534 -0.4016 0.4134, 1.0855 -0.3041 0.4134, 1.1087 -0.2042 0.4134, 1.1227 -0.1025 0.4134, 1.1273 0.0 0.4134, 1.1289 0.1031 0.4052, 1.1148 0.2053 0.4052, 1.0915 0.3058 0.4052, 1.0592 0.4038 0.4052, 1.0181 0.4985 0.4052, 0.9686 0.589 0.4052, 0.911 0.6746 0.4052, 0.8459 0.7547 0.4052, 0.7737 0.8285 0.4052, 0.6952 0.8954 0.4052, 0.6109 0.9549 0.4052, 0.5215 1.0065 0.4052, 0.4278 1.0497 0.4052, 0.3306 1.0843 0.4052, 0.2306 1.1099 0.4052, 0.1288 1.1262 0.4052, 0.0258 1.1333 0.4052, -0.0774 1.1309 0.4052, -0.1799 1.1192 0.4052, -0.2809 1.0982 0.4052, -0.3796 1.0681 0.4052, -0.4752 1.0292 0.4052, -0.5668 0.9817 0.4052, -0.6537 0.9261 0.4052, -0.7352 0.8628 0.4052, -0.8106 0.7924 0.4052, -0.8793 0.7154 0.4052, -0.9407 0.6325 0.4052, -0.9944 0.5443 0.4052, -1.0397 0.4516 0.4052, -1.0765 0.3552 0.4052, -1.1043 0.2558 0.4052, -1.123 0.1544 0.4052, -1.1324 0.0516 0.4052, -1.1324 -0.0516 0.4052, -1.123 -0.1544 0.4052, -1.1043 -0.2558 0.4052, -1.0765 -0.3552 0.4052, -1.0397 -0.4516 0.4052, -0.9944 -0.5443 0.4052, -0.9407 -0.6325 0.4052, -0.8793 -0.7154 0.4052, -0.8106 -0.7924 0.4052, -0.7352 -0.8628 0.4052, -0.6537 -0.9261 0.4052, -0.5668 -0.9817 0.4052, -0.4752 -1.0292 0.4052, -0.3796 -1.0681 0.4052, -0.2809 -1.0982 0.4052, -0.1799 -1.1192 0.4052, -0.0774 -1.1309 0.4052, 0.0258 -1.1333 0.4052, 0.1288 -1.1262 0.4052, 0.2306 -1.1099 0.4052, 0.3306 -1.0843 0.4052, 0.4278 -1.0497 0.4052, 0.5215 -1.0065 0.4052, 0.6109 -0.9549 0.4052, 0.6952 -0.8954 0.4052, 0.7737 -0.8285 0.4052, 0.8459 -0.7547 0.4052, 0.911 -0.6746 0.4052, 0.9686 -0.589 0.4052, 1.0181 -0.4985 0.4052, 1.0592 -0.4038 0.4052, 1.0915 -0.3058 0.4052, 1.1148 -0.2053 0.4052, 1.1289 -0.1031 0.4052, 1.1336 0.0 0.4052, 1.137 0.1038 0.399, 1.1228 0.2068 0.399, 1.0994 0.308 0.399, 1.0668 0.4067 0.399, 1.0254 0.5021 0.399, 0.9755 0.5932 0.399, 0.9175 0.6795 0.399, 0.8519 0.7601 0.399, 0.7793 0.8344 0.399, 0.7002 0.9018 0.399, 0.6153 0.9618 0.399, 0.5253 1.0137 0.399, 0.4309 1.0573 0.399, 0.333 1.0921 0.399, 0.2323 1.1179 0.399, 0.1297 1.1343 0.399, 0.026 1.1414 0.399, -0.0779 1.1391 0.399, -0.1812 1.1273 0.399, -0.2829 1.1061 0.399, -0.3823 1.0758 0.399, -0.4786 1.0366 0.399, -0.5709 0.9888 0.399, -0.6584 0.9328 0.399, -0.7405 0.869 0.399, -0.8165 0.7981 0.399, -0.8857 0.7205 0.399, -0.9475 0.637 0.399, -1.0015 0.5482 0.399, -1.0472 0.4549 0.399, -1.0842 0.3578 0.399, -1.1123 0.2577 0.399, -1.1311 0.1555 0.399, -1.1405 0.052 0.399, -1.1405 -0.052 0.399, -1.1311 -0.1555 0.399, -1.1123 -0.2577 0.399, -1.0842 -0.3578 0.399, -1.0472 -0.4549 0.399, -1.0015 -0.5482 0.399, -0.9475 -0.637 0.399, -0.8857 -0.7205 0.399, -0.8165 -0.7981 0.399, -0.7405 -0.869 0.399, -0.6584 -0.9328 0.399, -0.5709 -0.9888 0.399, -0.4786 -1.0366 0.399, -0.3823 -1.0758 0.399, -0.2829 -1.1061 0.399, -0.1812 -1.1273 0.399, -0.0779 -1.1391 0.399, 0.026 -1.1414 0.399, 0.1297 -1.1343 0.399, 0.2323 -1.1179 0.399, 0.333 -1.0921 0.399, 0.4309 -1.0573 0.399, 0.5253 -1.0137 0.399, 0.6153 -0.9618 0.399, 0.7002 -0.9018 0.399, 0.7793 -0.8344 0.399, 0.8519 -0.7601 0.399, 0.9175 -0.6795 0.399, 0.9755 -0.5932 0.399, 1.0254 -0.5021 0.399, 1.0668 -0.4067 0.399, 1.0994 -0.308 0.399, 1.1228 -0.2068 0.399, 1.137 -0.1038 0.399, 1.1417 0.0 0.399, 1.1465 0.1047 0.395, 1.1322 0.2085 0.395, 1.1085 0.3106 0.395, 1.0757 0.4101 0.395, 1.0339 0.5062 0.395, 0.9836 0.5982 0.395, 0.9252 0.6851 0.395, 0.859 0.7664 0.395, 0.7858 0.8414 0.395, 0.706 0.9093 0.395, 0.6204 0.9698 0.395, 0.5296 1.0222 0.395, 0.4345 1.0661 0.395, 0.3358 1.1012 0.395, 0.2342 1.1271 0.395, 0.1308 1.1438 0.395, 0.0262 1.1509 0.395, -0.0786 1.1485 0.395, -0.1827 1.1366 0.395, -0.2853 1.1153 0.395, -0.3855 1.0848 0.395, -0.4826 1.0452 0.395, -0.5756 0.997 0.395, -0.6639 0.9405 0.395, -0.7467 0.8763 0.395, -0.8233 0.8047 0.395, -0.893 0.7265 0.395, -0.9554 0.6423 0.395, -1.0098 0.5528 0.395, -1.0559 0.4587 0.395, -1.0933 0.3607 0.395, -1.1215 0.2598 0.395, -1.1405 0.1568 0.395, -1.15 0.0524 0.395, -1.15 -0.0524 0.395, -1.1405 -0.1568 0.395, -1.1215 -0.2598 0.395, -1.0933 -0.3607 0.395, -1.0559 -0.4587 0.395, -1.0098 -0.5528 0.395, -0.9554 -0.6423 0.395, -0.893 -0.7265 0.395, -0.8233 -0.8047 0.395, -0.7467 -0.8763 0.395, -0.6639 -0.9405 0.395, -0.5756 -0.997 0.395, -0.4826 -1.0452 0.395, -0.3855 -1.0848 0.395, -0.2853 -1.1153 0.395, -0.1827 -1.1366 0.395, -0.0786 -1.1485 0.395, 0.0262 -1.1509 0.395, 0.1308 -1.1438 0.395, 0.2342 -1.1271 0.395, 0.3358 -1.1012 0.395, 0.4345 -1.0661 0.395, 0.5296 -1.0222 0.395, 0.6204 -0.9698 0.395, 0.706 -0.9093 0.395, 0.7858 -0.8414 0.395, 0.859 -0.7664 0.395, 0.9252 -0.6851 0.395, 0.9836 -0.5982 0.395, 1.0339 -0.5062 0.395, 1.0757 -0.4101 0.395, 1.1085 -0.3106 0.395, 1.1322 -0.2085 0.395, 1.1465 -0.1047 0.395, 1.1512 0.0 0.395, 1.2195 0.2181 0.3645, 1.1195 0.5304 0.3645, 1.0682 0.6273 0.3645, 0.9411 0.8056 0.3645, 0.8662 0.8856 0.3645, 0.6035 1.0819 0.3645, 0.2985 1.2023 0.3645, 0.1911 1.224 0.3645, -0.0274 1.2385 0.3645, -0.1368 1.2312 0.3645, -0.455 1.1522 0.3645, -0.7414 0.9925 0.3645, -0.8262 0.9231 0.3645, -0.9046 0.8464 0.3645, -1.0395 0.6739 0.3645, -1.1799 0.3776 0.3645, -1.2086 0.2718 0.3645, -1.2376 0.0548 0.3645, -1.2376 -0.0548 0.3645, -1.1799 -0.3776 0.3645, -1.0395 -0.6739 0.3645, -0.9758 -0.7632 0.3645, -0.8262 -0.9231 0.3645, -0.7414 -0.9925 0.3645, -0.455 -1.1522 0.3645, -0.3514 -1.1879 0.3645, -0.1368 -1.2312 0.3645, -0.0274 -1.2385 0.3645, 0.0822 -1.2361 0.3645, 0.2985 -1.2023 0.3645, 0.6035 -1.0819 0.3645, 0.6968 -1.0243 0.3645, 0.8662 -0.8856 0.3645, 0.9411 -0.8056 0.3645, 1.1195 -0.5304 0.3645, 1.2195 -0.2181 0.3645, 1.234 -0.1095 0.3645, 1.1359 -0.4198 0.3924, 1.0944 -0.5185 0.3924, 1.1448 -0.4231 0.3884, 1.1029 -0.5226 0.3884, 1.1525 -0.4259 0.3822, 1.1103 -0.5261 0.3822, 1.1583 -0.4281 0.374, 1.116 -0.5288 0.374, 1.162 -0.4294 0.3645, 0.986 -0.7031 0.3924, 0.92 -0.7875 0.3924, 0.9937 -0.7086 0.3884, 0.9272 -0.7937 0.3884, 1.0003 -0.7133 0.3822, 0.9334 -0.799 0.3822, 1.0054 -0.717 0.374, 0.9381 -0.803 0.374, 1.0086 -0.7193 0.3645, 0.3945 -1.1449 0.3924, 0.2918 -1.1753 0.3924, 0.3976 -1.1539 0.3884, 0.2941 -1.1845 0.3884, 0.4003 -1.1616 0.3822, 0.2961 -1.1924 0.3822, 0.4023 -1.1675 0.374, 0.2976 -1.1985 0.374, 0.4036 -1.1712 0.3645, -0.6362 -1.0304 0.3924, -0.7247 -0.9702 0.3924, -0.6411 -1.0385 0.3884, -0.7304 -0.9778 0.3884, -0.6454 -1.0454 0.3822, -0.7353 -0.9843 0.3822, -0.6487 -1.0508 0.374, -0.739 -0.9893 0.374, -0.6508 -1.0541 0.3645, -1.1162 -0.4696 0.3924, -1.1534 -0.3691 0.3924, -1.125 -0.4733 0.3884, -1.1624 -0.372 0.3884, -1.1325 -0.4764 0.3822, -1.1702 -0.3745 0.3822, -1.1383 -0.4789 0.374, -1.1761 -0.3764 0.374, -1.1419 -0.4804 0.3645, -1.2003 -0.1603 0.3924, -1.2098 -0.0536 0.3924, -1.2097 -0.1615 0.3884, -1.2193 -0.054 0.3884, -1.2178 -0.1626 0.3822, -1.2274 -0.0543 0.3822, -1.224 -0.1634 0.374, -1.2337 -0.0546 0.374, -1.2279 -0.164 0.3645, -1.0703 0.5664 0.3924, -1.0161 0.6588 0.3924, -1.0787 0.5709 0.3884, -1.0241 0.664 0.3884, -1.0859 0.5747 0.3822, -1.0309 0.6684 0.3822, -1.0915 0.5776 0.374, -1.0362 0.6718 0.374, -1.095 0.5794 0.3645, -0.5426 1.0826 0.3924, -0.4448 1.1263 0.3924, -0.5469 1.0911 0.3884, -0.4483 1.1352 0.3884, -0.5505 1.0984 0.3822, -0.4513 1.1427 0.3822, -0.5533 1.104 0.374, -0.4536 1.1486 0.374, -0.5551 1.1075 0.3645, -0.2395 1.1871 0.3924, -0.1337 1.2036 0.3924, -0.2414 1.1964 0.3884, -0.1347 1.213 0.3884, -0.243 1.2044 0.3822, -0.1356 1.2211 0.3822, -0.2443 1.2105 0.374, -0.1363 1.2273 0.374, -0.245 1.2143 0.3645, 0.4942 1.1056 0.3924, 0.59 1.0576 0.3924, 0.4981 1.1142 0.3884, 0.5946 1.0658 0.3884, 0.5014 1.1217 0.3822, 0.5986 1.073 0.3822, 0.5039 1.1274 0.374, 0.6016 1.0784 0.374, 0.5055 1.131 0.3645, 0.7669 0.9372 0.3924, 0.8468 0.8657 0.3924, 0.773 0.9445 0.3884, 0.8534 0.8725 0.3884, 0.7781 0.9508 0.3822, 0.8591 0.8783 0.3822, 0.7821 0.9557 0.374, 0.8635 0.8828 0.374, 0.7846 0.9587 0.3645, 1.1686 0.3177 0.3924, 1.1921 0.2132 0.3924, 1.1777 0.3202 0.3884, 1.2014 0.2149 0.3884, 1.1856 0.3224 0.3822, 1.2094 0.2163 0.3822, 1.1916 0.324 0.374, 1.2156 0.2174 0.374, 1.1954 0.325 0.3645, 1.211 -0.0 0.3924, 1.2062 -0.107 0.3924, 1.2205 -0.0 0.3884, 1.2157 -0.1079 0.3884, 1.2286 -0.0 0.3822, 1.2238 -0.1086 0.3822, 1.2349 -0.0 0.374, 1.2301 -0.1091 0.374, 1.2388 -0.0 0.3645, 1.1921 -0.2132 0.3924, 1.2014 -0.2149 0.3884, 1.2094 -0.2163 0.3822, 1.2156 -0.2174 0.374, 1.1954 -0.325 0.3645, 1.1916 -0.324 0.374, 1.1856 -0.3224 0.3822, 1.1777 -0.3202 0.3884, 1.1686 -0.3177 0.3924, 1.0682 -0.6273 0.3645, 1.0649 -0.6253 0.374, 1.0595 -0.6221 0.3822, 1.0524 -0.618 0.3884, 1.0442 -0.6132 0.3924, 0.8635 -0.8828 0.374, 0.8591 -0.8783 0.3822, 0.8534 -0.8725 0.3884, 0.8468 -0.8657 0.3924, 0.7846 -0.9587 0.3645, 0.7821 -0.9557 0.374, 0.7781 -0.9508 0.3822, 0.773 -0.9445 0.3884, 0.7669 -0.9372 0.3924, 0.6811 -1.0013 0.3924, 0.6865 -1.0091 0.3884, 0.691 -1.0159 0.3822, 0.6946 -1.021 0.374, 0.59 -1.0576 0.3924, 0.5946 -1.0658 0.3884, 0.5986 -1.073 0.3822, 0.6016 -1.0784 0.374, 0.5055 -1.131 0.3645, 0.5039 -1.1274 0.374, 0.5014 -1.1217 0.3822, 0.4981 -1.1142 0.3884, 0.4942 -1.1056 0.3924, 0.1911 -1.224 0.3645, 0.1905 -1.2201 0.374, 0.1895 -1.2139 0.3822, 0.1883 -1.2059 0.3884, 0.1868 -1.1965 0.3924, 0.0803 -1.2083 0.3924, 0.0809 -1.2178 0.3884, 0.0815 -1.2259 0.3822, 0.0819 -1.2322 0.374, -0.0273 -1.2346 0.374, -0.0272 -1.2283 0.3822, -0.027 -1.2202 0.3884, -0.0268 -1.2107 0.3924, -0.1337 -1.2036 0.3924, -0.1347 -1.213 0.3884, -0.1356 -1.2211 0.3822, -0.1363 -1.2273 0.374, -0.245 -1.2143 0.3645, -0.2443 -1.2105 0.374, -0.243 -1.2044 0.3822, -0.2414 -1.1964 0.3884, -0.2395 -1.1871 0.3924, -0.3435 -1.1612 0.3924, -0.3462 -1.1703 0.3884, -0.3485 -1.1782 0.3822, -0.3503 -1.1842 0.374, -0.4448 -1.1263 0.3924, -0.4483 -1.1352 0.3884, -0.4513 -1.1427 0.3822, -0.4536 -1.1486 0.374, -0.5551 -1.1075 0.3645, -0.5533 -1.104 0.374, -0.5505 -1.0984 0.3822, -0.5469 -1.0911 0.3884, -0.5426 -1.0826 0.3924, -0.8236 -0.9201 0.374, -0.8194 -0.9155 0.3822, -0.814 -0.9094 0.3884, -0.8076 -0.9023 0.3924, -0.9046 -0.8464 0.3645, -0.9017 -0.8437 0.374, -0.8971 -0.8395 0.3822, -0.8912 -0.8339 0.3884, -0.8842 -0.8274 0.3924, -0.9539 -0.746 0.3924, -0.9614 -0.7519 0.3884, -0.9678 -0.7569 0.3822, -0.9727 -0.7607 0.374, -1.0161 -0.6588 0.3924, -1.0241 -0.664 0.3884, -1.0309 -0.6684 0.3822, -1.0362 -0.6718 0.374, -1.095 -0.5794 0.3645, -1.0915 -0.5776 0.374, -1.0859 -0.5747 0.3822, -1.0787 -0.5709 0.3884, -1.0703 -0.5664 0.3924, -1.2086 -0.2718 0.3645, -1.2048 -0.271 0.374, -1.1987 -0.2696 0.3822, -1.1907 -0.2678 0.3884, -1.1815 -0.2657 0.3924, -1.2337 0.0546 0.374, -1.2274 0.0543 0.3822, -1.2193 0.054 0.3884, -1.2098 0.0536 0.3924, -1.2279 0.164 0.3645, -1.224 0.1634 0.374, -1.2178 0.1626 0.3822, -1.2097 0.1615 0.3884, -1.2003 0.1603 0.3924, -1.1815 0.2657 0.3924, -1.1907 0.2678 0.3884, -1.1987 0.2696 0.3822, -1.2048 0.271 0.374, -1.1534 0.3691 0.3924, -1.1624 0.372 0.3884, -1.1702 0.3745 0.3822, -1.1761 0.3764 0.374, -1.1419 0.4804 0.3645, -1.1383 0.4789 0.374, -1.1325 0.4764 0.3822, -1.125 0.4733 0.3884, -1.1162 0.4696 0.3924, -0.9758 0.7632 0.3645, -0.9727 0.7607 0.374, -0.9678 0.7569 0.3822, -0.9614 0.7519 0.3884, -0.9539 0.746 0.3924, -0.8842 0.8274 0.3924, -0.8912 0.8339 0.3884, -0.8971 0.8395 0.3822, -0.9017 0.8437 0.374, -0.8236 0.9201 0.374, -0.8194 0.9155 0.3822, -0.814 0.9094 0.3884, -0.8076 0.9023 0.3924, -0.7247 0.9702 0.3924, -0.7304 0.9778 0.3884, -0.7353 0.9843 0.3822, -0.739 0.9893 0.374, -0.6508 1.0541 0.3645, -0.6487 1.0508 0.374, -0.6454 1.0454 0.3822, -0.6411 1.0385 0.3884, -0.6362 1.0304 0.3924, -0.3514 1.1879 0.3645, -0.3503 1.1842 0.374, -0.3485 1.1782 0.3822, -0.3462 1.1703 0.3884, -0.3435 1.1612 0.3924, -0.0273 1.2346 0.374, -0.0272 1.2283 0.3822, -0.027 1.2202 0.3884, -0.0268 1.2107 0.3924, 0.0822 1.2361 0.3645, 0.0819 1.2322 0.374, 0.0815 1.2259 0.3822, 0.0809 1.2178 0.3884, 0.0803 1.2083 0.3924, 0.1868 1.1965 0.3924, 0.1883 1.2059 0.3884, 0.1895 1.2139 0.3822, 0.1905 1.2201 0.374, 0.2918 1.1753 0.3924, 0.2941 1.1845 0.3884, 0.2961 1.1924 0.3822, 0.2976 1.1985 0.374, 0.4036 1.1712 0.3645, 0.4023 1.1675 0.374, 0.4003 1.1616 0.3822, 0.3976 1.1539 0.3884, 0.3945 1.1449 0.3924, 0.6968 1.0243 0.3645, 0.6946 1.021 0.374, 0.691 1.0159 0.3822, 0.6865 1.0091 0.3884, 0.6811 1.0013 0.3924, 0.92 0.7875 0.3924, 0.9272 0.7937 0.3884, 0.9334 0.799 0.3822, 0.9381 0.803 0.374, 1.0086 0.7193 0.3645, 1.0054 0.717 0.374, 1.0003 0.7133 0.3822, 0.9937 0.7086 0.3884, 0.986 0.7031 0.3924, 1.0442 0.6132 0.3924, 1.0524 0.618 0.3884, 1.0595 0.6221 0.3822, 1.0649 0.6253 0.374, 1.0944 0.5185 0.3924, 1.1029 0.5226 0.3884, 1.1103 0.5261 0.3822, 1.116 0.5288 0.374, 1.162 0.4294 0.3645, 1.1583 0.4281 0.374, 1.1525 0.4259 0.3822, 1.1448 0.4231 0.3884, 1.1359 0.4198 0.3924, 1.234 0.1095 0.3645, 1.2301 0.1091 0.374, 1.2238 0.1086 0.3822, 1.2157 0.1079 0.3884, 1.2062 0.107 0.3924, -1.2195 0.2181 0.8166, -1.1195 0.5304 0.8166, -1.0682 0.6273 0.8166, -0.9411 0.8056 0.8166, -0.8662 0.8856 0.8166, -0.6035 1.0819 0.8166, -0.2985 1.2023 0.8166, -0.1911 1.224 0.8166, 0.0274 1.2385 0.8166, 0.1368 1.2312 0.8166, 0.455 1.1522 0.8166, 0.7414 0.9925 0.8166, 0.8262 0.9231 0.8166, 0.9046 0.8464 0.8166, 1.0395 0.6739 0.8166, 1.1799 0.3776 0.8166, 1.2086 0.2718 0.8166, 1.2376 0.0548 0.8166, 1.2376 -0.0548 0.8166, 1.1799 -0.3776 0.8166, 1.0395 -0.6739 0.8166, 0.9758 -0.7632 0.8166, 0.8262 -0.9231 0.8166, 0.7414 -0.9925 0.8166, 0.455 -1.1522 0.8166, 0.3514 -1.1879 0.8166, 0.1368 -1.2312 0.8166, 0.0274 -1.2385 0.8166, -0.0822 -1.2361 0.8166, -0.2985 -1.2023 0.8166, -0.6035 -1.0819 0.8166, -0.6968 -1.0243 0.8166, -0.8662 -0.8856 0.8166, -0.9411 -0.8056 0.8166, -1.1195 -0.5304 0.8166, -1.2195 -0.2181 0.8166, -1.234 -0.1095 0.8166, -1.1359 -0.4198 0.7887, -1.0944 -0.5185 0.7887, -1.1448 -0.4231 0.7927, -1.1029 -0.5226 0.7927, -1.1525 -0.4259 0.7989, -1.1103 -0.5261 0.7989, -1.1583 -0.4281 0.8071, -1.116 -0.5288 0.8071, -1.162 -0.4294 0.8166, -0.986 -0.7031 0.7887, -0.92 -0.7875 0.7887, -0.9937 -0.7086 0.7927, -0.9272 -0.7937 0.7927, -1.0003 -0.7133 0.7989, -0.9334 -0.799 0.7989, -1.0054 -0.717 0.8071, -0.9381 -0.803 0.8071, -1.0086 -0.7193 0.8166, -0.3945 -1.1449 0.7887, -0.2918 -1.1753 0.7887, -0.3976 -1.1539 0.7927, -0.2941 -1.1845 0.7927, -0.4003 -1.1616 0.7989, -0.2961 -1.1924 0.7989, -0.4023 -1.1675 0.8071, -0.2976 -1.1985 0.8071, -0.4036 -1.1712 0.8166, 0.6362 -1.0304 0.7887, 0.7247 -0.9702 0.7887, 0.6411 -1.0385 0.7927, 0.7304 -0.9778 0.7927, 0.6454 -1.0454 0.7989, 0.7353 -0.9843 0.7989, 0.6487 -1.0508 0.8071, 0.739 -0.9893 0.8071, 0.6508 -1.0541 0.8166, 1.1162 -0.4696 0.7887, 1.1534 -0.3691 0.7887, 1.125 -0.4733 0.7927, 1.1624 -0.372 0.7927, 1.1325 -0.4764 0.7989, 1.1702 -0.3745 0.7989, 1.1383 -0.4789 0.8071, 1.1761 -0.3764 0.8071, 1.1419 -0.4804 0.8166, 1.2003 -0.1603 0.7887, 1.2098 -0.0536 0.7887, 1.2097 -0.1615 0.7927, 1.2193 -0.054 0.7927, 1.2178 -0.1626 0.7989, 1.2274 -0.0543 0.7989, 1.224 -0.1634 0.8071, 1.2337 -0.0546 0.8071, 1.2279 -0.164 0.8166, 1.0703 0.5664 0.7887, 1.0161 0.6588 0.7887, 1.0787 0.5709 0.7927, 1.0241 0.664 0.7927, 1.0859 0.5747 0.7989, 1.0309 0.6684 0.7989, 1.0915 0.5776 0.8071, 1.0362 0.6718 0.8071, 1.095 0.5794 0.8166, 0.5426 1.0826 0.7887, 0.4448 1.1263 0.7887, 0.5469 1.0911 0.7927, 0.4483 1.1352 0.7927, 0.5505 1.0984 0.7989, 0.4513 1.1427 0.7989, 0.5533 1.104 0.8071, 0.4536 1.1486 0.8071, 0.5551 1.1075 0.8166, 0.2395 1.1871 0.7887, 0.1337 1.2036 0.7887, 0.2414 1.1964 0.7927, 0.1347 1.213 0.7927, 0.243 1.2044 0.7989, 0.1356 1.2211 0.7989, 0.2443 1.2105 0.8071, 0.1363 1.2273 0.8071, 0.245 1.2143 0.8166, -0.4942 1.1056 0.7887, -0.59 1.0576 0.7887, -0.4981 1.1142 0.7927, -0.5946 1.0658 0.7927, -0.5014 1.1217 0.7989, -0.5986 1.073 0.7989, -0.5039 1.1274 0.8071, -0.6016 1.0784 0.8071, -0.5055 1.131 0.8166, -0.7669 0.9372 0.7887, -0.8468 0.8657 0.7887, -0.773 0.9445 0.7927, -0.8534 0.8725 0.7927, -0.7781 0.9508 0.7989, -0.8591 0.8783 0.7989, -0.7821 0.9557 0.8071, -0.8635 0.8828 0.8071, -0.7846 0.9587 0.8166, -1.1686 0.3177 0.7887, -1.1921 0.2132 0.7887, -1.1777 0.3202 0.7927, -1.2014 0.2149 0.7927, -1.1856 0.3224 0.7989, -1.2094 0.2163 0.7989, -1.1916 0.324 0.8071, -1.2156 0.2174 0.8071, -1.1954 0.325 0.8166, -1.211 -0.0 0.7887, -1.2062 -0.107 0.7887, -1.2205 -0.0 0.7927, -1.2157 -0.1079 0.7927, -1.2286 -0.0 0.7989, -1.2238 -0.1086 0.7989, -1.2349 -0.0 0.8071, -1.2301 -0.1091 0.8071, -1.2388 -0.0 0.8166, -1.1921 -0.2132 0.7887, -1.2014 -0.2149 0.7927, -1.2094 -0.2163 0.7989, -1.2156 -0.2174 0.8071, -1.1954 -0.325 0.8166, -1.1916 -0.324 0.8071, -1.1856 -0.3224 0.7989, -1.1777 -0.3202 0.7927, -1.1686 -0.3177 0.7887, -1.0682 -0.6273 0.8166, -1.0649 -0.6253 0.8071, -1.0595 -0.6221 0.7989, -1.0524 -0.618 0.7927, -1.0442 -0.6132 0.7887, -0.8635 -0.8828 0.8071, -0.8591 -0.8783 0.7989, -0.8534 -0.8725 0.7927, -0.8468 -0.8657 0.7887, -0.7846 -0.9587 0.8166, -0.7821 -0.9557 0.8071, -0.7781 -0.9508 0.7989, -0.773 -0.9445 0.7927, -0.7669 -0.9372 0.7887, -0.6811 -1.0013 0.7887, -0.6865 -1.0091 0.7927, -0.691 -1.0159 0.7989, -0.6946 -1.021 0.8071, -0.59 -1.0576 0.7887, -0.5946 -1.0658 0.7927, -0.5986 -1.073 0.7989, -0.6016 -1.0784 0.8071, -0.5055 -1.131 0.8166, -0.5039 -1.1274 0.8071, -0.5014 -1.1217 0.7989, -0.4981 -1.1142 0.7927, -0.4942 -1.1056 0.7887, -0.1911 -1.224 0.8166, -0.1905 -1.2201 0.8071, -0.1895 -1.2139 0.7989, -0.1883 -1.2059 0.7927, -0.1868 -1.1965 0.7887, -0.0803 -1.2083 0.7887, -0.0809 -1.2178 0.7927, -0.0815 -1.2259 0.7989, -0.0819 -1.2322 0.8071, 0.0273 -1.2346 0.8071, 0.0272 -1.2283 0.7989, 0.027 -1.2202 0.7927, 0.0268 -1.2107 0.7887, 0.1337 -1.2036 0.7887, 0.1347 -1.213 0.7927, 0.1356 -1.2211 0.7989, 0.1363 -1.2273 0.8071, 0.245 -1.2143 0.8166, 0.2443 -1.2105 0.8071, 0.243 -1.2044 0.7989, 0.2414 -1.1964 0.7927, 0.2395 -1.1871 0.7887, 0.3435 -1.1612 0.7887, 0.3462 -1.1703 0.7927, 0.3485 -1.1782 0.7989, 0.3503 -1.1842 0.8071, 0.4448 -1.1263 0.7887, 0.4483 -1.1352 0.7927, 0.4513 -1.1427 0.7989, 0.4536 -1.1486 0.8071, 0.5551 -1.1075 0.8166, 0.5533 -1.104 0.8071, 0.5505 -1.0984 0.7989, 0.5469 -1.0911 0.7927, 0.5426 -1.0826 0.7887, 0.8236 -0.9201 0.8071, 0.8194 -0.9155 0.7989, 0.814 -0.9094 0.7927, 0.8076 -0.9023 0.7887, 0.9046 -0.8464 0.8166, 0.9017 -0.8437 0.8071, 0.8971 -0.8395 0.7989, 0.8912 -0.8339 0.7927, 0.8842 -0.8274 0.7887, 0.9539 -0.746 0.7887, 0.9614 -0.7519 0.7927, 0.9678 -0.7569 0.7989, 0.9727 -0.7607 0.8071, 1.0161 -0.6588 0.7887, 1.0241 -0.664 0.7927, 1.0309 -0.6684 0.7989, 1.0362 -0.6718 0.8071, 1.095 -0.5794 0.8166, 1.0915 -0.5776 0.8071, 1.0859 -0.5747 0.7989, 1.0787 -0.5709 0.7927, 1.0703 -0.5664 0.7887, 1.2086 -0.2718 0.8166, 1.2048 -0.271 0.8071, 1.1987 -0.2696 0.7989, 1.1907 -0.2678 0.7927, 1.1815 -0.2657 0.7887, 1.2337 0.0546 0.8071, 1.2274 0.0543 0.7989, 1.2193 0.054 0.7927, 1.2098 0.0536 0.7887, 1.2279 0.164 0.8166, 1.224 0.1634 0.8071, 1.2178 0.1626 0.7989, 1.2097 0.1615 0.7927, 1.2003 0.1603 0.7887, 1.1815 0.2657 0.7887, 1.1907 0.2678 0.7927, 1.1987 0.2696 0.7989, 1.2048 0.271 0.8071, 1.1534 0.3691 0.7887, 1.1624 0.372 0.7927, 1.1702 0.3745 0.7989, 1.1761 0.3764 0.8071, 1.1419 0.4804 0.8166, 1.1383 0.4789 0.8071, 1.1325 0.4764 0.7989, 1.125 0.4733 0.7927, 1.1162 0.4696 0.7887, 0.9758 0.7632 0.8166, 0.9727 0.7607 0.8071, 0.9678 0.7569 0.7989, 0.9614 0.7519 0.7927, 0.9539 0.746 0.7887, 0.8842 0.8274 0.7887, 0.8912 0.8339 0.7927, 0.8971 0.8395 0.7989, 0.9017 0.8437 0.8071, 0.8236 0.9201 0.8071, 0.8194 0.9155 0.7989, 0.814 0.9094 0.7927, 0.8076 0.9023 0.7887, 0.7247 0.9702 0.7887, 0.7304 0.9778 0.7927, 0.7353 0.9843 0.7989, 0.739 0.9893 0.8071, 0.6508 1.0541 0.8166, 0.6487 1.0508 0.8071, 0.6454 1.0454 0.7989, 0.6411 1.0385 0.7927, 0.6362 1.0304 0.7887, 0.3514 1.1879 0.8166, 0.3503 1.1842 0.8071, 0.3485 1.1782 0.7989, 0.3462 1.1703 0.7927, 0.3435 1.1612 0.7887, 0.0273 1.2346 0.8071, 0.0272 1.2283 0.7989, 0.027 1.2202 0.7927, 0.0268 1.2107 0.7887, -0.0822 1.2361 0.8166, -0.0819 1.2322 0.8071, -0.0815 1.2259 0.7989, -0.0809 1.2178 0.7927, -0.0803 1.2083 0.7887, -0.1868 1.1965 0.7887, -0.1883 1.2059 0.7927, -0.1895 1.2139 0.7989, -0.1905 1.2201 0.8071, -0.2918 1.1753 0.7887, -0.2941 1.1845 0.7927, -0.2961 1.1924 0.7989, -0.2976 1.1985 0.8071, -0.4036 1.1712 0.8166, -0.4023 1.1675 0.8071, -0.4003 1.1616 0.7989, -0.3976 1.1539 0.7927, -0.3945 1.1449 0.7887, -0.6968 1.0243 0.8166, -0.6946 1.021 0.8071, -0.691 1.0159 0.7989, -0.6865 1.0091 0.7927, -0.6811 1.0013 0.7887, -0.92 0.7875 0.7887, -0.9272 0.7937 0.7927, -0.9334 0.799 0.7989, -0.9381 0.803 0.8071, -1.0086 0.7193 0.8166, -1.0054 0.717 0.8071, -1.0003 0.7133 0.7989, -0.9937 0.7086 0.7927, -0.986 0.7031 0.7887, -1.0442 0.6132 0.7887, -1.0524 0.618 0.7927, -1.0595 0.6221 0.7989, -1.0649 0.6253 0.8071, -1.0944 0.5185 0.7887, -1.1029 0.5226 0.7927, -1.1103 0.5261 0.7989, -1.116 0.5288 0.8071, -1.162 0.4294 0.8166, -1.1583 0.4281 0.8071, -1.1525 0.4259 0.7989, -1.1448 0.4231 0.7927, -1.1359 0.4198 0.7887, -1.234 0.1095 0.8166, -1.2301 0.1091 0.8071, -1.2238 0.1086 0.7989, -1.2157 0.1079 0.7927, -1.2062 0.107 0.7887, 1.1928 -0.3243 0.2844, 1.2168 -0.2176 0.2844, 1.1595 -0.4285 0.2844, 1.1171 -0.5293 0.2844, 1.0659 -0.6259 0.2844, 1.0064 -0.7177 0.2844, 0.9391 -0.8038 0.2844, 0.8644 -0.8837 0.2844, 0.7829 -0.9566 0.2844, 0.6953 -1.0221 0.2844, 0.6022 -1.0795 0.2844, 0.5044 -1.1285 0.2844, 0.4027 -1.1687 0.2844, 0.2979 -1.1997 0.2844, 0.1907 -1.2213 0.2844, 0.082 -1.2334 0.2844, -0.0273 -1.2358 0.2844, -0.1365 -1.2286 0.2844, -0.2445 -1.2117 0.2844, -0.3506 -1.1854 0.2844, -0.454 -1.1497 0.2844, -0.5539 -1.1051 0.2844, -0.6494 -1.0518 0.2844, -0.7398 -0.9903 0.2844, -0.8244 -0.9211 0.2844, -0.9026 -0.8446 0.2844, -0.9737 -0.7615 0.2844, -1.0372 -0.6725 0.2844, -1.0926 -0.5782 0.2844, -1.1394 -0.4794 0.2844, -1.1773 -0.3768 0.2844, -1.206 -0.2713 0.2844, -1.2253 -0.1636 0.2844, -1.2349 -0.0547 0.2844, -1.2349 0.0547 0.2844, -1.2253 0.1636 0.2844, -1.206 0.2713 0.2844, -1.1773 0.3768 0.2844, -1.1394 0.4794 0.2844, -1.0926 0.5782 0.2844, -1.0372 0.6725 0.2844, -0.9737 0.7615 0.2844, -0.9026 0.8446 0.2844, -0.8244 0.9211 0.2844, -0.7398 0.9903 0.2844, -0.6494 1.0518 0.2844, -0.5539 1.1051 0.2844, -0.454 1.1497 0.2844, -0.3506 1.1854 0.2844, -0.2445 1.2117 0.2844, -0.1365 1.2286 0.2844, -0.0273 1.2358 0.2844, 0.082 1.2334 0.2844, 0.1907 1.2213 0.2844, 0.2979 1.1997 0.2844, 0.4027 1.1687 0.2844, 0.5044 1.1285 0.2844, 0.6022 1.0795 0.2844, 0.6953 1.0221 0.2844, 0.7829 0.9566 0.2844, 0.8644 0.8837 0.2844, 0.9391 0.8038 0.2844, 1.0064 0.7177 0.2844, 1.0659 0.6259 0.2844, 1.1171 0.5293 0.2844, 1.1595 0.4285 0.2844, 1.1928 0.3243 0.2844, 1.2168 0.2176 0.2844, 1.2313 0.1092 0.2844, 1.2361 -0.0 0.2844, 1.2313 -0.1092 0.2844, 1.2195 0.1082 0.2559, 1.2052 0.2156 0.2559, 1.1814 0.3212 0.2559, 1.1484 0.4244 0.2559, 1.1064 0.5242 0.2559, 1.0558 0.62 0.2559, 0.9968 0.7109 0.2559, 0.9301 0.7962 0.2559, 0.8561 0.8753 0.2559, 0.7754 0.9475 0.2559, 0.6886 1.0123 0.2559, 0.5965 1.0692 0.2559, 0.4996 1.1177 0.2559, 0.3989 1.1575 0.2559, 0.295 1.1883 0.2559, 0.1889 1.2097 0.2559, 0.0812 1.2216 0.2559, -0.0271 1.224 0.2559, -0.1352 1.2169 0.2559, -0.2422 1.2001 0.2559, -0.3473 1.174 0.2559, -0.4497 1.1388 0.2559, -0.5486 1.0946 0.2559, -0.6432 1.0418 0.2559, -0.7327 0.9809 0.2559, -0.8166 0.9123 0.2559, -0.894 0.8365 0.2559, -0.9644 0.7542 0.2559, -1.0273 0.6661 0.2559, -1.0822 0.5727 0.2559, -1.1285 0.4748 0.2559, -1.1661 0.3732 0.2559, -1.1945 0.2687 0.2559, -1.2136 0.162 0.2559, -1.2231 0.0542 0.2559, -1.2231 -0.0542 0.2559, -1.2136 -0.162 0.2559, -1.1945 -0.2687 0.2559, -1.1661 -0.3732 0.2559, -1.1285 -0.4748 0.2559, -1.0822 -0.5727 0.2559, -1.0273 -0.6661 0.2559, -0.9644 -0.7542 0.2559, -0.894 -0.8365 0.2559, -0.8166 -0.9123 0.2559, -0.7327 -0.9809 0.2559, -0.6432 -1.0418 0.2559, -0.5486 -1.0946 0.2559, -0.4497 -1.1388 0.2559, -0.3473 -1.174 0.2559, -0.2422 -1.2001 0.2559, -0.1352 -1.2169 0.2559, -0.0271 -1.224 0.2559, 0.0812 -1.2216 0.2559, 0.1889 -1.2097 0.2559, 0.295 -1.1883 0.2559, 0.3989 -1.1575 0.2559, 0.4996 -1.1177 0.2559, 0.5965 -1.0692 0.2559, 0.6886 -1.0123 0.2559, 0.7754 -0.9475 0.2559, 0.8561 -0.8753 0.2559, 0.9301 -0.7962 0.2559, 0.9968 -0.7109 0.2559, 1.0558 -0.62 0.2559, 1.1064 -0.5242 0.2559, 1.1484 -0.4244 0.2559, 1.1814 -0.3212 0.2559, 1.2052 -0.2156 0.2559, 1.2195 -0.1082 0.2559, 1.2243 -0.0 0.2559, 1.2008 0.1065 0.2314, 1.1867 0.2123 0.2314, 1.1633 0.3163 0.2314, 1.1308 0.4179 0.2314, 1.0895 0.5162 0.2314, 1.0396 0.6105 0.2314, 0.9816 0.7 0.2314, 0.9159 0.784 0.2314, 0.843 0.8618 0.2314, 0.7635 0.933 0.2314, 0.6781 0.9968 0.2314, 0.5873 1.0528 0.2314, 0.492 1.1006 0.2314, 0.3928 1.1398 0.2314, 0.2905 1.17 0.2314, 0.186 1.1911 0.2314, 0.08 1.2029 0.2314, -0.0267 1.2053 0.2314, -0.1331 1.1982 0.2314, -0.2385 1.1817 0.2314, -0.342 1.156 0.2314, -0.4428 1.1213 0.2314, -0.5402 1.0778 0.2314, -0.6333 1.0258 0.2314, -0.7215 0.9658 0.2314, -0.804 0.8983 0.2314, -0.8803 0.8237 0.2314, -0.9496 0.7427 0.2314, -1.0116 0.6559 0.2314, -1.0656 0.5639 0.2314, -1.1112 0.4675 0.2314, -1.1482 0.3675 0.2314, -1.1762 0.2645 0.2314, -1.195 0.1596 0.2314, -1.2044 0.0533 0.2314, -1.2044 -0.0533 0.2314, -1.195 -0.1596 0.2314, -1.1762 -0.2645 0.2314, -1.1482 -0.3675 0.2314, -1.1112 -0.4675 0.2314, -1.0656 -0.5639 0.2314, -1.0116 -0.6559 0.2314, -0.9496 -0.7427 0.2314, -0.8803 -0.8237 0.2314, -0.804 -0.8983 0.2314, -0.7215 -0.9658 0.2314, -0.6333 -1.0258 0.2314, -0.5402 -1.0778 0.2314, -0.4428 -1.1213 0.2314, -0.342 -1.156 0.2314, -0.2385 -1.1817 0.2314, -0.1331 -1.1982 0.2314, -0.0267 -1.2053 0.2314, 0.08 -1.2029 0.2314, 0.186 -1.1911 0.2314, 0.2905 -1.17 0.2314, 0.3928 -1.1398 0.2314, 0.492 -1.1006 0.2314, 0.5873 -1.0528 0.2314, 0.6781 -0.9968 0.2314, 0.7635 -0.933 0.2314, 0.843 -0.8618 0.2314, 0.9159 -0.784 0.2314, 0.9816 -0.7 0.2314, 1.0396 -0.6105 0.2314, 1.0895 -0.5162 0.2314, 1.1308 -0.4179 0.2314, 1.1633 -0.3163 0.2314, 1.1867 -0.2123 0.2314, 1.2008 -0.1065 0.2314, 1.2056 -0.0 0.2314, 1.1765 0.1044 0.2127, 1.1627 0.208 0.2127, 1.1397 0.3099 0.2127, 1.1079 0.4094 0.2127, 1.0674 0.5057 0.2127, 1.0185 0.5981 0.2127, 0.9616 0.6858 0.2127, 0.8973 0.7681 0.2127, 0.8259 0.8444 0.2127, 0.748 0.914 0.2127, 0.6643 0.9766 0.2127, 0.5754 1.0315 0.2127, 0.482 1.0783 0.2127, 0.3848 1.1167 0.2127, 0.2846 1.1463 0.2127, 0.1822 1.167 0.2127, 0.0783 1.1785 0.2127, -0.0261 1.1808 0.2127, -0.1304 1.1739 0.2127, -0.2336 1.1578 0.2127, -0.335 1.1326 0.2127, -0.4338 1.0985 0.2127, -0.5292 1.0559 0.2127, -0.6205 1.005 0.2127, -0.7069 0.9462 0.2127, -0.7877 0.8801 0.2127, -0.8624 0.807 0.2127, -0.9304 0.7276 0.2127, -0.991 0.6425 0.2127, -1.0439 0.5524 0.2127, -1.0887 0.458 0.2127, -1.1249 0.36 0.2127, -1.1523 0.2592 0.2127, -1.1707 0.1563 0.2127, -1.1799 0.0522 0.2127, -1.1799 -0.0522 0.2127, -1.1707 -0.1563 0.2127, -1.1523 -0.2592 0.2127, -1.1249 -0.36 0.2127, -1.0887 -0.458 0.2127, -1.0439 -0.5524 0.2127, -0.991 -0.6425 0.2127, -0.9304 -0.7276 0.2127, -0.8624 -0.807 0.2127, -0.7877 -0.8801 0.2127, -0.7069 -0.9462 0.2127, -0.6205 -1.005 0.2127, -0.5292 -1.0559 0.2127, -0.4338 -1.0985 0.2127, -0.335 -1.1326 0.2127, -0.2336 -1.1578 0.2127, -0.1304 -1.1739 0.2127, -0.0261 -1.1808 0.2127, 0.0783 -1.1785 0.2127, 0.1822 -1.167 0.2127, 0.2846 -1.1463 0.2127, 0.3848 -1.1167 0.2127, 0.482 -1.0783 0.2127, 0.5754 -1.0315 0.2127, 0.6643 -0.9766 0.2127, 0.748 -0.914 0.2127, 0.8259 -0.8444 0.2127, 0.8973 -0.7681 0.2127, 0.9616 -0.6858 0.2127, 1.0185 -0.5981 0.2127, 1.0674 -0.5057 0.2127, 1.1079 -0.4094 0.2127, 1.1397 -0.3099 0.2127, 1.1627 -0.208 0.2127, 1.1765 -0.1044 0.2127, 1.1811 -0.0 0.2127, 1.1481 0.1019 0.2009, 1.1346 0.2029 0.2009, 1.1122 0.3024 0.2009, 1.0812 0.3995 0.2009, 1.0416 0.4935 0.2009, 0.9939 0.5837 0.2009, 0.9384 0.6692 0.2009, 0.8756 0.7495 0.2009, 0.806 0.824 0.2009, 0.73 0.892 0.2009, 0.6483 0.953 0.2009, 0.5615 1.0066 0.2009, 0.4704 1.0523 0.2009, 0.3755 1.0897 0.2009, 0.2777 1.1187 0.2009, 0.1778 1.1388 0.2009, 0.0764 1.1501 0.2009, -0.0255 1.1523 0.2009, -0.1272 1.1456 0.2009, -0.228 1.1298 0.2009, -0.327 1.1053 0.2009, -0.4234 1.0721 0.2009, -0.5164 1.0304 0.2009, -0.6055 0.9808 0.2009, -0.6898 0.9234 0.2009, -0.7687 0.8588 0.2009, -0.8416 0.7875 0.2009, -0.9079 0.7101 0.2009, -0.9671 0.627 0.2009, -1.0188 0.5391 0.2009, -1.0624 0.447 0.2009, -1.0978 0.3513 0.2009, -1.1245 0.2529 0.2009, -1.1425 0.1526 0.2009, -1.1515 0.051 0.2009, -1.1515 -0.051 0.2009, -1.1425 -0.1526 0.2009, -1.1245 -0.2529 0.2009, -1.0978 -0.3513 0.2009, -1.0624 -0.447 0.2009, -1.0188 -0.5391 0.2009, -0.9671 -0.627 0.2009, -0.9079 -0.7101 0.2009, -0.8416 -0.7875 0.2009, -0.7687 -0.8588 0.2009, -0.6898 -0.9234 0.2009, -0.6055 -0.9808 0.2009, -0.5164 -1.0304 0.2009, -0.4234 -1.0721 0.2009, -0.327 -1.1053 0.2009, -0.228 -1.1298 0.2009, -0.1272 -1.1456 0.2009, -0.0255 -1.1523 0.2009, 0.0764 -1.1501 0.2009, 0.1778 -1.1388 0.2009, 0.2777 -1.1187 0.2009, 0.3755 -1.0897 0.2009, 0.4704 -1.0523 0.2009, 0.5615 -1.0066 0.2009, 0.6483 -0.953 0.2009, 0.73 -0.892 0.2009, 0.806 -0.824 0.2009, 0.8756 -0.7495 0.2009, 0.9384 -0.6692 0.2009, 0.9939 -0.5837 0.2009, 1.0416 -0.4935 0.2009, 1.0812 -0.3995 0.2009, 1.1122 -0.3024 0.2009, 1.1346 -0.2029 0.2009, 1.1481 -0.1019 0.2009, 1.1526 -0.0 0.2009
            ]
        }
        coordIndex [
            0,1,2,-1,2,1,3,-1,2,3,4,-1,4,3,5,-1,4,5,6,-1,6,5,7,-1,6,7,8,-1,8,7,9,-1,8,9,10,-1,11,12,13,-1,13,12,14,-1,13,14,15,-1,15,14,16,-1,15,16,17,-1,17,16,18,-1,17,18,19,-1,19,18,0,-1,19,0,20,-1,20,0,2,-1,13,21,11,-1,11,21,22,-1,11,22,23,-1,23,22,24,-1,23,24,25,-1,25,24,26,-1,25,26,27,-1,27,26,28,-1,27,28,29,-1,29,28,30,-1,30,28,31,-1,30,31,32,-1,32,31,33,-1,32,33,34,-1,35,36,37,-1,37,36,38,-1,37,38,39,-1,39,38,40,-1,39,40,41,-1,41,40,42,-1,41,42,43,-1,43,42,34,-1,43,34,44,-1,44,34,33,-1,45,46,47,-1,47,46,48,-1,47,48,49,-1,49,48,50,-1,49,50,51,-1,51,50,52,-1,51,52,53,-1,53,52,35,-1,53,35,54,-1,54,35,37,-1,47,55,45,-1,45,55,56,-1,45,56,57,-1,57,56,58,-1,57,58,59,-1,59,58,60,-1,59,60,61,-1,61,60,62,-1,61,62,63,-1,63,62,64,-1,64,62,65,-1,64,65,66,-1,66,65,67,-1,66,67,68,-1,69,70,71,-1,71,70,72,-1,71,72,73,-1,73,72,74,-1,73,74,75,-1,67,76,68,-1,68,76,77,-1,68,77,78,-1,78,77,70,-1,78,70,79,-1,79,70,69,-1,74,80,75,-1,75,80,81,-1,75,81,82,-1,82,81,83,-1,82,83,84,-1,84,83,85,-1,86,87,88,-1,86,88,89,-1,86,90,87,-1,87,90,91,-1,87,91,92,-1,92,91,93,-1,92,93,94,-1,94,93,95,-1,94,95,96,-1,96,95,97,-1,96,97,98,-1,98,97,99,-1,98,99,100,-1,100,99,101,-1,100,101,102,-1,102,101,103,-1,102,103,104,-1,104,103,105,-1,104,105,106,-1,106,105,107,-1,106,107,108,-1,108,107,109,-1,108,109,110,-1,110,109,111,-1,110,111,112,-1,112,111,113,-1,112,113,114,-1,114,113,115,-1,114,115,116,-1,116,115,117,-1,116,117,118,-1,118,117,119,-1,118,119,120,-1,120,119,121,-1,120,121,122,-1,122,121,123,-1,122,123,124,-1,124,123,125,-1,124,125,126,-1,126,125,127,-1,126,127,128,-1,128,127,129,-1,128,129,130,-1,130,129,131,-1,130,131,132,-1,132,131,133,-1,132,133,134,-1,134,133,135,-1,134,135,136,-1,136,135,137,-1,136,137,138,-1,138,137,139,-1,138,139,140,-1,140,139,141,-1,140,141,142,-1,142,141,143,-1,142,143,144,-1,144,143,145,-1,144,145,146,-1,146,145,147,-1,146,147,148,-1,148,147,149,-1,148,149,150,-1,150,149,151,-1,150,151,152,-1,152,151,153,-1,152,153,154,-1,154,153,155,-1,154,155,156,-1,156,155,157,-1,156,157,158,-1,158,157,159,-1,158,159,85,-1,85,159,160,-1,85,160,84,-1,161,162,163,-1,163,162,164,-1,163,164,165,-1,165,164,89,-1,165,89,166,-1,166,89,88,-1,167,168,169,-1,169,168,170,-1,169,170,171,-1,171,170,172,-1,171,172,173,-1,173,172,174,-1,173,174,175,-1,175,174,176,-1,175,176,177,-1,177,176,178,-1,177,178,179,-1,179,178,180,-1,179,180,181,-1,181,180,182,-1,181,182,183,-1,183,182,184,-1,183,184,185,-1,185,184,186,-1,185,186,161,-1,161,186,187,-1,161,187,162,-1,9,188,10,-1,10,188,189,-1,10,189,190,-1,190,189,191,-1,190,191,192,-1,192,191,193,-1,192,193,194,-1,194,193,195,-1,194,195,196,-1,196,195,197,-1,196,197,198,-1,198,197,199,-1,198,199,200,-1,200,199,201,-1,200,201,202,-1,202,201,203,-1,202,203,204,-1,204,203,205,-1,204,205,206,-1,206,205,207,-1,206,207,208,-1,208,207,209,-1,208,209,210,-1,210,209,211,-1,210,211,212,-1,212,211,213,-1,212,213,214,-1,214,213,215,-1,214,215,216,-1,216,215,217,-1,216,217,218,-1,218,217,219,-1,218,219,220,-1,220,219,221,-1,220,221,222,-1,222,221,223,-1,222,223,224,-1,224,223,225,-1,224,225,226,-1,226,225,227,-1,226,227,228,-1,228,227,229,-1,228,229,230,-1,230,229,231,-1,230,231,232,-1,232,231,233,-1,232,233,234,-1,234,233,235,-1,234,235,236,-1,236,235,237,-1,236,237,238,-1,238,237,239,-1,238,239,240,-1,240,239,241,-1,240,241,242,-1,242,241,167,-1,242,167,243,-1,243,167,169,-1,244,245,246,-1,246,245,247,-1,248,246,249,-1,249,246,250,-1,247,251,246,-1,246,251,252,-1,246,252,253,-1,248,254,246,-1,246,254,255,-1,246,255,256,-1,256,257,246,-1,246,257,258,-1,246,258,259,-1,260,261,246,-1,246,261,262,-1,262,263,246,-1,246,263,264,-1,246,264,265,-1,265,266,246,-1,246,266,267,-1,246,267,268,-1,269,270,271,-1,253,272,246,-1,246,272,273,-1,246,273,274,-1,274,275,246,-1,246,275,276,-1,246,276,277,-1,259,278,246,-1,246,278,279,-1,246,279,260,-1,269,280,270,-1,270,280,281,-1,270,281,282,-1,268,283,246,-1,246,283,269,-1,246,269,284,-1,284,269,271,-1,277,285,246,-1,246,285,286,-1,246,286,287,-1,287,288,246,-1,246,288,289,-1,246,289,250,-1,182,180,290,-1,174,172,291,-1,168,167,292,-1,241,239,293,-1,235,233,294,-1,225,223,295,-1,217,215,296,-1,211,209,297,-1,201,199,298,-1,191,189,299,-1,7,5,300,-1,1,0,301,-1,12,11,302,-1,29,30,303,-1,32,34,304,-1,42,40,305,-1,36,35,306,-1,46,45,307,-1,63,64,308,-1,66,68,309,-1,78,79,310,-1,186,184,311,-1,311,184,312,-1,311,312,313,-1,314,315,316,-1,316,315,317,-1,316,317,312,-1,312,317,318,-1,312,318,313,-1,314,316,319,-1,319,316,320,-1,319,320,321,-1,322,323,324,-1,324,323,325,-1,324,325,320,-1,320,325,326,-1,320,326,321,-1,322,324,327,-1,327,324,328,-1,327,328,329,-1,330,331,328,-1,328,331,332,-1,328,332,329,-1,333,334,335,-1,335,334,336,-1,335,336,330,-1,330,336,337,-1,330,337,331,-1,333,335,338,-1,338,335,247,-1,338,247,245,-1,339,340,341,-1,339,341,342,-1,341,343,342,-1,342,343,344,-1,342,344,246,-1,246,344,345,-1,246,345,244,-1,346,347,348,-1,346,348,349,-1,348,350,349,-1,349,350,351,-1,349,351,339,-1,339,351,352,-1,339,352,340,-1,353,354,355,-1,353,355,346,-1,346,355,356,-1,346,356,347,-1,357,358,353,-1,353,358,359,-1,353,359,354,-1,310,360,357,-1,357,360,361,-1,357,361,358,-1,69,362,79,-1,79,362,363,-1,79,363,310,-1,310,363,364,-1,310,364,360,-1,282,281,365,-1,365,281,366,-1,365,366,367,-1,367,366,368,-1,367,368,369,-1,369,368,370,-1,369,370,371,-1,371,370,372,-1,371,372,373,-1,373,372,374,-1,373,374,375,-1,375,374,376,-1,375,376,377,-1,377,376,307,-1,269,283,378,-1,378,283,379,-1,378,379,380,-1,380,379,381,-1,380,381,382,-1,382,381,383,-1,382,383,384,-1,384,383,385,-1,384,385,386,-1,386,385,387,-1,386,387,388,-1,388,387,389,-1,388,389,390,-1,390,389,306,-1,263,262,391,-1,391,262,392,-1,391,392,393,-1,393,392,394,-1,393,394,395,-1,395,394,396,-1,395,396,397,-1,397,396,398,-1,397,398,399,-1,399,398,400,-1,399,400,401,-1,401,400,402,-1,401,402,403,-1,403,402,302,-1,260,279,404,-1,404,279,405,-1,404,405,406,-1,406,405,407,-1,406,407,408,-1,408,407,409,-1,408,409,410,-1,410,409,411,-1,410,411,412,-1,412,411,413,-1,412,413,414,-1,414,413,415,-1,414,415,416,-1,416,415,301,-1,258,257,417,-1,417,257,418,-1,417,418,419,-1,419,418,420,-1,419,420,421,-1,421,420,422,-1,421,422,423,-1,423,422,424,-1,423,424,425,-1,425,424,426,-1,425,426,427,-1,427,426,428,-1,427,428,429,-1,429,428,299,-1,255,254,430,-1,430,254,431,-1,430,431,432,-1,432,431,433,-1,432,433,434,-1,434,433,435,-1,434,435,436,-1,436,435,437,-1,436,437,438,-1,438,437,439,-1,438,439,440,-1,440,439,441,-1,440,441,442,-1,442,441,298,-1,249,250,443,-1,443,250,444,-1,443,444,445,-1,445,444,446,-1,445,446,447,-1,447,446,448,-1,447,448,449,-1,449,448,450,-1,449,450,451,-1,451,450,452,-1,451,452,453,-1,453,452,454,-1,453,454,455,-1,455,454,297,-1,287,286,456,-1,456,286,457,-1,456,457,458,-1,458,457,459,-1,458,459,460,-1,460,459,461,-1,460,461,462,-1,462,461,463,-1,462,463,464,-1,464,463,465,-1,464,465,466,-1,466,465,467,-1,466,467,468,-1,468,467,295,-1,277,276,469,-1,469,276,470,-1,469,470,471,-1,471,470,472,-1,471,472,473,-1,473,472,474,-1,473,474,475,-1,475,474,476,-1,475,476,477,-1,477,476,478,-1,477,478,479,-1,479,478,480,-1,479,480,481,-1,481,480,294,-1,252,251,482,-1,482,251,483,-1,482,483,484,-1,484,483,485,-1,484,485,486,-1,486,485,487,-1,486,487,488,-1,488,487,489,-1,488,489,490,-1,490,489,491,-1,490,491,492,-1,492,491,493,-1,492,493,494,-1,494,493,290,-1,68,78,309,-1,309,78,310,-1,309,310,495,-1,495,310,357,-1,495,357,496,-1,496,357,353,-1,496,353,497,-1,497,353,346,-1,497,346,498,-1,498,346,349,-1,498,349,499,-1,499,349,339,-1,499,339,500,-1,500,339,342,-1,500,342,284,-1,284,342,246,-1,64,66,308,-1,308,66,309,-1,308,309,501,-1,501,309,495,-1,501,495,502,-1,502,495,496,-1,502,496,503,-1,503,496,497,-1,503,497,504,-1,504,497,498,-1,504,498,505,-1,505,498,499,-1,505,499,506,-1,506,499,500,-1,506,500,271,-1,271,500,284,-1,61,63,507,-1,507,63,308,-1,507,308,508,-1,508,308,501,-1,508,501,509,-1,509,501,502,-1,509,502,510,-1,510,502,503,-1,510,503,511,-1,511,503,504,-1,511,504,512,-1,512,504,505,-1,512,505,513,-1,513,505,506,-1,513,506,270,-1,270,506,271,-1,270,282,513,-1,513,282,365,-1,513,365,512,-1,512,365,367,-1,512,367,511,-1,511,367,369,-1,511,369,510,-1,510,369,371,-1,510,371,509,-1,509,371,373,-1,509,373,508,-1,508,373,375,-1,508,375,507,-1,507,375,377,-1,507,377,61,-1,61,377,59,-1,307,45,377,-1,377,45,57,-1,377,57,59,-1,48,46,514,-1,514,46,307,-1,514,307,515,-1,515,307,376,-1,515,376,516,-1,516,376,374,-1,516,374,517,-1,517,374,372,-1,517,372,518,-1,518,372,370,-1,518,370,519,-1,519,370,368,-1,519,368,520,-1,520,368,366,-1,520,366,280,-1,280,366,281,-1,280,269,520,-1,520,269,378,-1,520,378,519,-1,519,378,380,-1,519,380,518,-1,518,380,382,-1,518,382,517,-1,517,382,384,-1,517,384,516,-1,516,384,386,-1,516,386,515,-1,515,386,388,-1,515,388,514,-1,514,388,390,-1,514,390,48,-1,48,390,50,-1,306,35,390,-1,390,35,52,-1,390,52,50,-1,38,36,521,-1,521,36,306,-1,521,306,522,-1,522,306,389,-1,522,389,523,-1,523,389,387,-1,523,387,524,-1,524,387,385,-1,524,385,525,-1,525,385,383,-1,525,383,526,-1,526,383,381,-1,526,381,527,-1,527,381,379,-1,527,379,268,-1,268,379,283,-1,268,267,527,-1,527,267,528,-1,527,528,526,-1,526,528,529,-1,526,529,525,-1,525,529,530,-1,525,530,524,-1,524,530,531,-1,524,531,523,-1,523,531,532,-1,523,532,522,-1,522,532,533,-1,522,533,521,-1,521,533,305,-1,521,305,38,-1,38,305,40,-1,34,42,304,-1,304,42,305,-1,304,305,534,-1,534,305,533,-1,534,533,535,-1,535,533,532,-1,535,532,536,-1,536,532,531,-1,536,531,537,-1,537,531,530,-1,537,530,538,-1,538,530,529,-1,538,529,539,-1,539,529,528,-1,539,528,266,-1,266,528,267,-1,30,32,303,-1,303,32,304,-1,303,304,540,-1,540,304,534,-1,540,534,541,-1,541,534,535,-1,541,535,542,-1,542,535,536,-1,542,536,543,-1,543,536,537,-1,543,537,544,-1,544,537,538,-1,544,538,545,-1,545,538,539,-1,545,539,265,-1,265,539,266,-1,27,29,546,-1,546,29,303,-1,546,303,547,-1,547,303,540,-1,547,540,548,-1,548,540,541,-1,548,541,549,-1,549,541,542,-1,549,542,550,-1,550,542,543,-1,550,543,551,-1,551,543,544,-1,551,544,552,-1,552,544,545,-1,552,545,264,-1,264,545,265,-1,264,263,552,-1,552,263,391,-1,552,391,551,-1,551,391,393,-1,551,393,550,-1,550,393,395,-1,550,395,549,-1,549,395,397,-1,549,397,548,-1,548,397,399,-1,548,399,547,-1,547,399,401,-1,547,401,546,-1,546,401,403,-1,546,403,27,-1,27,403,25,-1,302,11,403,-1,403,11,23,-1,403,23,25,-1,14,12,553,-1,553,12,302,-1,553,302,554,-1,554,302,402,-1,554,402,555,-1,555,402,400,-1,555,400,556,-1,556,400,398,-1,556,398,557,-1,557,398,396,-1,557,396,558,-1,558,396,394,-1,558,394,559,-1,559,394,392,-1,559,392,261,-1,261,392,262,-1,261,260,559,-1,559,260,404,-1,559,404,558,-1,558,404,406,-1,558,406,557,-1,557,406,408,-1,557,408,556,-1,556,408,410,-1,556,410,555,-1,555,410,412,-1,555,412,554,-1,554,412,414,-1,554,414,553,-1,553,414,416,-1,553,416,14,-1,14,416,16,-1,301,0,416,-1,416,0,18,-1,416,18,16,-1,3,1,560,-1,560,1,301,-1,560,301,561,-1,561,301,415,-1,561,415,562,-1,562,415,413,-1,562,413,563,-1,563,413,411,-1,563,411,564,-1,564,411,409,-1,564,409,565,-1,565,409,407,-1,565,407,566,-1,566,407,405,-1,566,405,278,-1,278,405,279,-1,278,259,566,-1,566,259,567,-1,566,567,565,-1,565,567,568,-1,565,568,564,-1,564,568,569,-1,564,569,563,-1,563,569,570,-1,563,570,562,-1,562,570,571,-1,562,571,561,-1,561,571,572,-1,561,572,560,-1,560,572,300,-1,560,300,3,-1,3,300,5,-1,9,7,429,-1,429,7,300,-1,429,300,427,-1,427,300,572,-1,427,572,425,-1,425,572,571,-1,425,571,423,-1,423,571,570,-1,423,570,421,-1,421,570,569,-1,421,569,419,-1,419,569,568,-1,419,568,417,-1,417,568,567,-1,417,567,258,-1,258,567,259,-1,299,189,429,-1,429,189,188,-1,429,188,9,-1,193,191,573,-1,573,191,299,-1,573,299,574,-1,574,299,428,-1,574,428,575,-1,575,428,426,-1,575,426,576,-1,576,426,424,-1,576,424,577,-1,577,424,422,-1,577,422,578,-1,578,422,420,-1,578,420,579,-1,579,420,418,-1,579,418,256,-1,256,418,257,-1,256,255,579,-1,579,255,430,-1,579,430,578,-1,578,430,432,-1,578,432,577,-1,577,432,434,-1,577,434,576,-1,576,434,436,-1,576,436,575,-1,575,436,438,-1,575,438,574,-1,574,438,440,-1,574,440,573,-1,573,440,442,-1,573,442,193,-1,193,442,195,-1,298,199,442,-1,442,199,197,-1,442,197,195,-1,203,201,580,-1,580,201,298,-1,580,298,581,-1,581,298,441,-1,581,441,582,-1,582,441,439,-1,582,439,583,-1,583,439,437,-1,583,437,584,-1,584,437,435,-1,584,435,585,-1,585,435,433,-1,585,433,586,-1,586,433,431,-1,586,431,248,-1,248,431,254,-1,248,249,586,-1,586,249,443,-1,586,443,585,-1,585,443,445,-1,585,445,584,-1,584,445,447,-1,584,447,583,-1,583,447,449,-1,583,449,582,-1,582,449,451,-1,582,451,581,-1,581,451,453,-1,581,453,580,-1,580,453,455,-1,580,455,203,-1,203,455,205,-1,297,209,455,-1,455,209,207,-1,455,207,205,-1,213,211,587,-1,587,211,297,-1,587,297,588,-1,588,297,454,-1,588,454,589,-1,589,454,452,-1,589,452,590,-1,590,452,450,-1,590,450,591,-1,591,450,448,-1,591,448,592,-1,592,448,446,-1,592,446,593,-1,593,446,444,-1,593,444,289,-1,289,444,250,-1,289,288,593,-1,593,288,594,-1,593,594,592,-1,592,594,595,-1,592,595,591,-1,591,595,596,-1,591,596,590,-1,590,596,597,-1,590,597,589,-1,589,597,598,-1,589,598,588,-1,588,598,599,-1,588,599,587,-1,587,599,296,-1,587,296,213,-1,213,296,215,-1,219,217,468,-1,468,217,296,-1,468,296,466,-1,466,296,599,-1,466,599,464,-1,464,599,598,-1,464,598,462,-1,462,598,597,-1,462,597,460,-1,460,597,596,-1,460,596,458,-1,458,596,595,-1,458,595,456,-1,456,595,594,-1,456,594,287,-1,287,594,288,-1,295,223,468,-1,468,223,221,-1,468,221,219,-1,227,225,600,-1,600,225,295,-1,600,295,601,-1,601,295,467,-1,601,467,602,-1,602,467,465,-1,602,465,603,-1,603,465,463,-1,603,463,604,-1,604,463,461,-1,604,461,605,-1,605,461,459,-1,605,459,606,-1,606,459,457,-1,606,457,285,-1,285,457,286,-1,285,277,606,-1,606,277,469,-1,606,469,605,-1,605,469,471,-1,605,471,604,-1,604,471,473,-1,604,473,603,-1,603,473,475,-1,603,475,602,-1,602,475,477,-1,602,477,601,-1,601,477,479,-1,601,479,600,-1,600,479,481,-1,600,481,227,-1,227,481,229,-1,294,233,481,-1,481,233,231,-1,481,231,229,-1,237,235,607,-1,607,235,294,-1,607,294,608,-1,608,294,480,-1,608,480,609,-1,609,480,478,-1,609,478,610,-1,610,478,476,-1,610,476,611,-1,611,476,474,-1,611,474,612,-1,612,474,472,-1,612,472,613,-1,613,472,470,-1,613,470,275,-1,275,470,276,-1,275,274,613,-1,613,274,614,-1,613,614,612,-1,612,614,615,-1,612,615,611,-1,611,615,616,-1,611,616,610,-1,610,616,617,-1,610,617,609,-1,609,617,618,-1,609,618,608,-1,608,618,619,-1,608,619,607,-1,607,619,293,-1,607,293,237,-1,237,293,239,-1,167,241,292,-1,292,241,293,-1,292,293,620,-1,620,293,619,-1,620,619,621,-1,621,619,618,-1,621,618,622,-1,622,618,617,-1,622,617,623,-1,623,617,616,-1,623,616,624,-1,624,616,615,-1,624,615,625,-1,625,615,614,-1,625,614,273,-1,273,614,274,-1,170,168,626,-1,626,168,292,-1,626,292,627,-1,627,292,620,-1,627,620,628,-1,628,620,621,-1,628,621,629,-1,629,621,622,-1,629,622,630,-1,630,622,623,-1,630,623,631,-1,631,623,624,-1,631,624,632,-1,632,624,625,-1,632,625,272,-1,272,625,273,-1,272,253,632,-1,632,253,633,-1,632,633,631,-1,631,633,634,-1,631,634,630,-1,630,634,635,-1,630,635,629,-1,629,635,636,-1,629,636,628,-1,628,636,637,-1,628,637,627,-1,627,637,638,-1,627,638,626,-1,626,638,291,-1,626,291,170,-1,170,291,172,-1,176,174,494,-1,494,174,291,-1,494,291,492,-1,492,291,638,-1,492,638,490,-1,490,638,637,-1,490,637,488,-1,488,637,636,-1,488,636,486,-1,486,636,635,-1,486,635,484,-1,484,635,634,-1,484,634,482,-1,482,634,633,-1,482,633,252,-1,252,633,253,-1,290,180,494,-1,494,180,178,-1,494,178,176,-1,184,182,312,-1,312,182,290,-1,312,290,316,-1,316,290,493,-1,316,493,320,-1,320,493,491,-1,320,491,324,-1,324,491,489,-1,324,489,328,-1,328,489,487,-1,328,487,330,-1,330,487,485,-1,330,485,335,-1,335,485,483,-1,335,483,247,-1,247,483,251,-1,639,640,641,-1,641,640,642,-1,641,642,643,-1,643,642,644,-1,643,644,645,-1,645,644,646,-1,645,646,647,-1,647,646,648,-1,647,648,649,-1,649,648,650,-1,649,650,651,-1,651,650,652,-1,651,652,653,-1,653,652,654,-1,653,654,655,-1,655,654,656,-1,655,656,657,-1,657,656,658,-1,657,658,659,-1,659,658,660,-1,659,660,661,-1,661,660,662,-1,661,662,663,-1,663,662,664,-1,663,664,665,-1,665,664,666,-1,665,666,667,-1,667,666,668,-1,667,668,669,-1,669,668,670,-1,669,670,671,-1,671,670,672,-1,671,672,673,-1,673,672,674,-1,673,674,675,-1,675,674,676,-1,675,676,677,-1,677,676,678,-1,677,678,679,-1,679,678,680,-1,679,680,681,-1,681,680,682,-1,681,682,683,-1,683,682,684,-1,683,684,685,-1,685,684,686,-1,685,686,687,-1,687,686,688,-1,687,688,689,-1,689,688,690,-1,689,690,691,-1,691,690,692,-1,691,692,693,-1,693,692,694,-1,693,694,695,-1,695,694,696,-1,695,696,697,-1,697,696,698,-1,697,698,699,-1,699,698,700,-1,699,700,701,-1,701,700,702,-1,701,702,703,-1,703,702,704,-1,703,704,705,-1,705,704,706,-1,705,706,707,-1,706,708,707,-1,707,708,709,-1,707,709,710,-1,710,709,711,-1,710,711,712,-1,712,711,713,-1,712,713,714,-1,714,713,715,-1,714,715,716,-1,716,715,717,-1,716,717,718,-1,718,717,719,-1,718,719,720,-1,720,719,721,-1,720,721,722,-1,722,721,723,-1,722,723,724,-1,724,723,725,-1,724,725,726,-1,726,725,727,-1,726,727,728,-1,728,727,729,-1,728,729,730,-1,730,729,731,-1,730,731,732,-1,732,731,733,-1,732,733,734,-1,734,733,735,-1,734,735,736,-1,736,735,737,-1,736,737,738,-1,738,737,739,-1,738,739,740,-1,740,739,741,-1,740,741,742,-1,742,741,743,-1,742,743,744,-1,744,743,745,-1,744,745,746,-1,746,745,747,-1,746,747,748,-1,748,747,749,-1,748,749,750,-1,750,749,751,-1,750,751,752,-1,752,751,753,-1,752,753,754,-1,754,753,755,-1,754,755,756,-1,756,755,757,-1,756,757,758,-1,758,757,759,-1,758,759,760,-1,760,759,761,-1,760,761,762,-1,762,761,763,-1,762,763,764,-1,764,763,765,-1,764,765,766,-1,766,765,767,-1,766,767,768,-1,768,767,769,-1,768,769,770,-1,770,769,771,-1,770,771,772,-1,772,771,773,-1,772,773,774,-1,774,773,775,-1,774,775,776,-1,776,775,777,-1,776,777,639,-1,639,777,778,-1,639,778,640,-1,779,780,781,-1,781,780,782,-1,781,782,783,-1,783,782,784,-1,785,786,787,-1,787,786,788,-1,787,788,789,-1,789,788,790,-1,789,790,791,-1,791,790,792,-1,791,792,793,-1,793,792,779,-1,793,779,794,-1,794,779,781,-1,795,796,797,-1,797,796,798,-1,797,798,799,-1,799,798,800,-1,799,800,801,-1,801,800,802,-1,801,802,803,-1,803,802,804,-1,803,804,805,-1,805,804,806,-1,805,806,807,-1,807,806,808,-1,807,808,809,-1,809,808,810,-1,809,810,811,-1,811,810,812,-1,811,812,813,-1,813,812,814,-1,813,814,815,-1,815,814,785,-1,815,785,816,-1,816,785,787,-1,817,818,819,-1,819,818,820,-1,819,820,821,-1,821,820,822,-1,821,822,823,-1,823,822,824,-1,823,824,825,-1,825,824,826,-1,825,826,795,-1,795,826,827,-1,795,827,796,-1,819,828,817,-1,817,828,829,-1,817,829,830,-1,830,829,831,-1,830,831,832,-1,832,831,833,-1,832,833,834,-1,834,833,835,-1,834,835,836,-1,836,835,837,-1,836,837,838,-1,838,837,839,-1,838,839,840,-1,840,839,841,-1,840,841,842,-1,842,841,843,-1,842,843,844,-1,844,843,845,-1,844,845,846,-1,846,845,847,-1,846,847,848,-1,848,847,849,-1,848,849,850,-1,850,849,851,-1,850,851,852,-1,852,851,853,-1,852,853,854,-1,855,856,857,-1,857,856,858,-1,857,858,859,-1,859,858,854,-1,859,854,860,-1,860,854,853,-1,861,862,863,-1,863,862,864,-1,863,864,865,-1,865,864,866,-1,865,866,867,-1,867,866,868,-1,867,868,869,-1,869,868,855,-1,869,855,870,-1,870,855,857,-1,871,872,873,-1,873,872,874,-1,873,874,875,-1,875,874,876,-1,875,876,877,-1,877,876,878,-1,877,878,879,-1,879,878,880,-1,879,880,881,-1,881,880,882,-1,881,882,883,-1,883,882,884,-1,883,884,885,-1,885,884,886,-1,885,886,887,-1,887,886,888,-1,887,888,889,-1,889,888,890,-1,889,890,891,-1,891,890,861,-1,891,861,892,-1,892,861,863,-1,893,894,895,-1,895,894,896,-1,895,896,897,-1,897,896,898,-1,897,898,899,-1,899,898,900,-1,899,900,901,-1,901,900,902,-1,901,902,871,-1,871,902,903,-1,871,903,872,-1,895,904,893,-1,893,904,905,-1,893,905,906,-1,906,905,907,-1,906,907,908,-1,908,907,909,-1,908,909,910,-1,910,909,911,-1,910,911,912,-1,912,911,913,-1,912,913,914,-1,914,913,915,-1,914,915,916,-1,916,915,917,-1,916,917,918,-1,918,917,919,-1,918,919,920,-1,920,919,921,-1,920,921,922,-1,922,921,923,-1,922,923,924,-1,924,923,925,-1,924,925,926,-1,926,925,927,-1,926,927,928,-1,928,927,929,-1,928,929,930,-1,931,932,933,-1,933,932,934,-1,933,934,935,-1,935,934,930,-1,935,930,936,-1,936,930,929,-1,937,938,939,-1,939,938,940,-1,939,940,941,-1,941,940,942,-1,941,942,943,-1,943,942,944,-1,943,944,945,-1,945,944,931,-1,945,931,946,-1,946,931,933,-1,947,948,949,-1,949,948,950,-1,949,950,951,-1,951,950,952,-1,951,952,953,-1,953,952,954,-1,953,954,955,-1,955,954,956,-1,955,956,957,-1,957,956,958,-1,957,958,959,-1,959,958,960,-1,959,960,961,-1,961,960,962,-1,961,962,963,-1,963,962,964,-1,963,964,965,-1,965,964,966,-1,965,966,967,-1,967,966,937,-1,967,937,968,-1,968,937,939,-1,969,970,971,-1,971,970,972,-1,971,972,973,-1,973,972,974,-1,973,974,975,-1,975,974,976,-1,975,976,977,-1,977,976,978,-1,977,978,947,-1,947,978,979,-1,947,979,948,-1,971,980,969,-1,969,980,981,-1,969,981,982,-1,982,981,983,-1,982,983,984,-1,984,983,985,-1,984,985,986,-1,986,985,987,-1,986,987,988,-1,988,987,989,-1,988,989,990,-1,990,989,991,-1,990,991,992,-1,992,991,993,-1,992,993,994,-1,994,993,995,-1,994,995,996,-1,996,995,997,-1,996,997,998,-1,998,997,999,-1,998,999,1000,-1,1000,999,1001,-1,1000,1001,1002,-1,1002,1001,1003,-1,1002,1003,1004,-1,1004,1003,1005,-1,1004,1005,784,-1,784,1005,1006,-1,784,1006,783,-1,1007,1008,1009,-1,1009,1008,1010,-1,1009,1010,1011,-1,1011,1010,1012,-1,1011,1012,1013,-1,1013,1012,1014,-1,1013,1014,1015,-1,1015,1014,1016,-1,1015,1016,1017,-1,1017,1016,1018,-1,1017,1018,1019,-1,1019,1018,1020,-1,1019,1020,1021,-1,1021,1020,1022,-1,1021,1022,1023,-1,1023,1022,1024,-1,1023,1024,1025,-1,1025,1024,1026,-1,1025,1026,1027,-1,1027,1026,1028,-1,1027,1028,1029,-1,1029,1028,1030,-1,1029,1030,1031,-1,1031,1030,1032,-1,1031,1032,1033,-1,1033,1032,1034,-1,1033,1034,1035,-1,1035,1034,1036,-1,1035,1036,1037,-1,1037,1036,1038,-1,1037,1038,1039,-1,1039,1038,1040,-1,1039,1040,1041,-1,1041,1040,1042,-1,1041,1042,1043,-1,1043,1042,1044,-1,1043,1044,1045,-1,1045,1044,1046,-1,1045,1046,1047,-1,1047,1046,1048,-1,1047,1048,1049,-1,1049,1048,1050,-1,1049,1050,1051,-1,1051,1050,1052,-1,1051,1052,1053,-1,1053,1052,1054,-1,1053,1054,1055,-1,1055,1054,1056,-1,1055,1056,1057,-1,1057,1056,1058,-1,1057,1058,1059,-1,1059,1058,1060,-1,1059,1060,1061,-1,1061,1060,1062,-1,1061,1062,1063,-1,1063,1062,1064,-1,1063,1064,1065,-1,1065,1064,1066,-1,1065,1066,1067,-1,1067,1066,1068,-1,1067,1068,1069,-1,1069,1068,1070,-1,1069,1070,1071,-1,1071,1070,1072,-1,1071,1072,1073,-1,1073,1072,1074,-1,1073,1074,1075,-1,1074,1076,1075,-1,1075,1076,1077,-1,1075,1077,1078,-1,1078,1077,1079,-1,1078,1079,1080,-1,1080,1079,1081,-1,1080,1081,1082,-1,1082,1081,1083,-1,1082,1083,1084,-1,1084,1083,1085,-1,1084,1085,1086,-1,1086,1085,1087,-1,1086,1087,1088,-1,1088,1087,1089,-1,1088,1089,1090,-1,1090,1089,1091,-1,1090,1091,1092,-1,1092,1091,1093,-1,1092,1093,1094,-1,1094,1093,1095,-1,1094,1095,1096,-1,1096,1095,1097,-1,1096,1097,1098,-1,1098,1097,1099,-1,1098,1099,1100,-1,1100,1099,1101,-1,1100,1101,1102,-1,1102,1101,1103,-1,1102,1103,1104,-1,1104,1103,1105,-1,1104,1105,1106,-1,1106,1105,1107,-1,1106,1107,1108,-1,1108,1107,1109,-1,1108,1109,1110,-1,1110,1109,1111,-1,1110,1111,1112,-1,1112,1111,1113,-1,1112,1113,1114,-1,1114,1113,1115,-1,1114,1115,1116,-1,1116,1115,1117,-1,1116,1117,1118,-1,1118,1117,1119,-1,1118,1119,1120,-1,1120,1119,1121,-1,1120,1121,1122,-1,1122,1121,1123,-1,1122,1123,1124,-1,1124,1123,1125,-1,1124,1125,1126,-1,1126,1125,1127,-1,1126,1127,1128,-1,1128,1127,1129,-1,1128,1129,1130,-1,1130,1129,1131,-1,1130,1131,1132,-1,1132,1131,1133,-1,1132,1133,1134,-1,1134,1133,1135,-1,1134,1135,1136,-1,1136,1135,1137,-1,1136,1137,1138,-1,1138,1137,1139,-1,1138,1139,1140,-1,1140,1139,1141,-1,1140,1141,1142,-1,1142,1141,1143,-1,1142,1143,1144,-1,1144,1143,1145,-1,1144,1145,1007,-1,1007,1145,1146,-1,1007,1146,1008,-1,1147,1148,1149,-1,1147,1149,1150,-1,1151,1152,1149,-1,1149,1152,1153,-1,1149,1153,1150,-1,1154,1155,1149,-1,1149,1155,1156,-1,1149,1156,1151,-1,1157,1158,1149,-1,1149,1158,1159,-1,1149,1159,1154,-1,1160,1161,1149,-1,1149,1161,1162,-1,1149,1162,1157,-1,1163,1164,1149,-1,1149,1164,1165,-1,1149,1165,1160,-1,1166,1167,1149,-1,1149,1167,1168,-1,1149,1168,1163,-1,1169,1170,1149,-1,1149,1170,1171,-1,1149,1171,1166,-1,1172,1173,1149,-1,1149,1173,1174,-1,1149,1174,1169,-1,1175,1176,1149,-1,1149,1176,1177,-1,1149,1177,1172,-1,1178,1179,1149,-1,1149,1179,1180,-1,1149,1180,1175,-1,1181,1182,1149,-1,1149,1182,1183,-1,1149,1183,1178,-1,1184,1185,1149,-1,1149,1185,1186,-1,1149,1186,1181,-1,1187,1188,1149,-1,1149,1188,1189,-1,1149,1189,1184,-1,1190,1191,1149,-1,1149,1191,1192,-1,1149,1192,1187,-1,1193,1194,1149,-1,1149,1194,1195,-1,1149,1195,1190,-1,1196,1197,1149,-1,1149,1197,1198,-1,1149,1198,1193,-1,1199,1200,1149,-1,1149,1200,1201,-1,1149,1201,1196,-1,1202,1203,1149,-1,1149,1203,1204,-1,1149,1204,1199,-1,1205,1206,1149,-1,1149,1206,1207,-1,1149,1207,1202,-1,1208,1209,1149,-1,1149,1209,1210,-1,1149,1210,1205,-1,1211,1212,1149,-1,1149,1212,1213,-1,1149,1213,1208,-1,1214,1215,1149,-1,1149,1215,1216,-1,1149,1216,1211,-1,1148,1217,1149,-1,1149,1217,1218,-1,1149,1218,1214,-1,1219,1220,1221,-1,1221,1220,1222,-1,1221,1222,1223,-1,1223,1222,1224,-1,1223,1224,1225,-1,1225,1224,1226,-1,1225,1226,1227,-1,1227,1226,1228,-1,1227,1228,1229,-1,1229,1228,1230,-1,1229,1230,1231,-1,1231,1230,1232,-1,1231,1232,1233,-1,1233,1232,1234,-1,1233,1234,1235,-1,1235,1234,1236,-1,1235,1236,1237,-1,1237,1236,1238,-1,1237,1238,1239,-1,1239,1238,1240,-1,1239,1240,1241,-1,1241,1240,1242,-1,1241,1242,1243,-1,1243,1242,1244,-1,1243,1244,1245,-1,1245,1244,1246,-1,1245,1246,1247,-1,1247,1246,1248,-1,1247,1248,1249,-1,1249,1248,1250,-1,1249,1250,1251,-1,1251,1250,1252,-1,1251,1252,1253,-1,1253,1252,1254,-1,1253,1254,1255,-1,1255,1254,1256,-1,1255,1256,1257,-1,1257,1256,1258,-1,1257,1258,1259,-1,1259,1258,1260,-1,1259,1260,1261,-1,1261,1260,1262,-1,1261,1262,1263,-1,1263,1262,1264,-1,1263,1264,1265,-1,1265,1264,1266,-1,1265,1266,1267,-1,1267,1266,1268,-1,1267,1268,1269,-1,1269,1268,1270,-1,1269,1270,1271,-1,1271,1270,1272,-1,1271,1272,1273,-1,1273,1272,1274,-1,1273,1274,1275,-1,1275,1274,1276,-1,1275,1276,1277,-1,1277,1276,1278,-1,1277,1278,1279,-1,1279,1278,1280,-1,1279,1280,1281,-1,1281,1280,1282,-1,1281,1282,1283,-1,1283,1282,1284,-1,1283,1284,1285,-1,1285,1284,1286,-1,1285,1286,1287,-1,1287,1286,1288,-1,1287,1288,1289,-1,1289,1288,1290,-1,1289,1290,1291,-1,1291,1290,1292,-1,1291,1292,1293,-1,1293,1292,1294,-1,1293,1294,1295,-1,1295,1294,1296,-1,1295,1296,1297,-1,1297,1296,1298,-1,1297,1298,1299,-1,1299,1298,1300,-1,1299,1300,1301,-1,1301,1300,1302,-1,1301,1302,1303,-1,1303,1302,1304,-1,1303,1304,1305,-1,1305,1304,1306,-1,1305,1306,1307,-1,1307,1306,1308,-1,1307,1308,1309,-1,1309,1308,1310,-1,1309,1310,1311,-1,1311,1310,1312,-1,1311,1312,1313,-1,1313,1312,1314,-1,1313,1314,1315,-1,1315,1314,1316,-1,1315,1316,1317,-1,1317,1316,1318,-1,1317,1318,1319,-1,1319,1318,1320,-1,1319,1320,1321,-1,1321,1320,1322,-1,1321,1322,1323,-1,1323,1322,1324,-1,1323,1324,1325,-1,1325,1324,1326,-1,1325,1326,1327,-1,1327,1326,1328,-1,1327,1328,1329,-1,1329,1328,1330,-1,1329,1330,1331,-1,1331,1330,1332,-1,1331,1332,1333,-1,1333,1332,1334,-1,1333,1334,1335,-1,1335,1334,1336,-1,1335,1336,1337,-1,1337,1336,1338,-1,1337,1338,1339,-1,1339,1338,1340,-1,1339,1340,1341,-1,1341,1340,1342,-1,1341,1342,1343,-1,1343,1342,1344,-1,1343,1344,1345,-1,1345,1344,1346,-1,1345,1346,1347,-1,1347,1346,1348,-1,1347,1348,1349,-1,1349,1348,1350,-1,1349,1350,1351,-1,1351,1350,1352,-1,1351,1352,1353,-1,1353,1352,1354,-1,1353,1354,1355,-1,1355,1354,1356,-1,1355,1356,1357,-1,1357,1356,1358,-1,1357,1358,1359,-1,1359,1358,1360,-1,1359,1360,1361,-1,1361,1360,1362,-1,1361,1362,1363,-1,1363,1362,1364,-1,1363,1364,1365,-1,1365,1364,1366,-1,1365,1366,1367,-1,1367,1366,1368,-1,1367,1368,1369,-1,1369,1368,1370,-1,1369,1370,1371,-1,1371,1370,1372,-1,1371,1372,1373,-1,1373,1372,1374,-1,1373,1374,1375,-1,1375,1374,1376,-1,1375,1376,1377,-1,1377,1376,1378,-1,1377,1378,1379,-1,1379,1378,1380,-1,1379,1380,1381,-1,1381,1380,1382,-1,1381,1382,1383,-1,1383,1382,1384,-1,1383,1384,1385,-1,1385,1384,1386,-1,1385,1386,1387,-1,1387,1386,1388,-1,1387,1388,1389,-1,1389,1388,1390,-1,1389,1390,1391,-1,1391,1390,1392,-1,1391,1392,1393,-1,1393,1392,1394,-1,1393,1394,1395,-1,1395,1394,1396,-1,1395,1396,1397,-1,1397,1396,1398,-1,1397,1398,1399,-1,1399,1398,1400,-1,1399,1400,1401,-1,1401,1400,1402,-1,1401,1402,1403,-1,1403,1402,1404,-1,1403,1404,1405,-1,1405,1404,1406,-1,1405,1406,1407,-1,1407,1406,1408,-1,1407,1408,1409,-1,1409,1408,1410,-1,1409,1410,1411,-1,1411,1410,1412,-1,1411,1412,1413,-1,1413,1412,1414,-1,1413,1414,1415,-1,1415,1414,1416,-1,1415,1416,1417,-1,1417,1416,1418,-1,1417,1418,1419,-1,1419,1418,1420,-1,1419,1420,1421,-1,1421,1420,1422,-1,1421,1422,1423,-1,1423,1422,1424,-1,1423,1424,1425,-1,1425,1424,1426,-1,1425,1426,1427,-1,1427,1426,1428,-1,1427,1428,1429,-1,1429,1428,1430,-1,1429,1430,1431,-1,1431,1430,1432,-1,1431,1432,1433,-1,1433,1432,1434,-1,1433,1434,1435,-1,1435,1434,1436,-1,1435,1436,1437,-1,1437,1436,1438,-1,1437,1438,1439,-1,1439,1438,1440,-1,1439,1440,1441,-1,1441,1440,1442,-1,1441,1442,1443,-1,1443,1442,1444,-1,1443,1444,1445,-1,1445,1444,1446,-1,1445,1446,1447,-1,1447,1446,1448,-1,1447,1448,1449,-1,1449,1448,1450,-1,1449,1450,1451,-1,1451,1450,1452,-1,1451,1452,1453,-1,1453,1452,1454,-1,1453,1454,1455,-1,1455,1454,1456,-1,1455,1456,1457,-1,1457,1456,1458,-1,1457,1458,1219,-1,1219,1458,1220,-1,1459,875,1460,-1,1460,875,877,-1,1460,877,1461,-1,877,879,1461,-1,1461,879,881,-1,1461,881,1462,-1,881,883,1462,-1,1462,883,885,-1,1462,885,1463,-1,1463,885,887,-1,1463,887,1464,-1,887,889,1464,-1,1464,889,891,-1,1464,891,1465,-1,891,892,1465,-1,1465,892,863,-1,1465,863,1466,-1,863,865,1466,-1,1466,865,867,-1,1466,867,1467,-1,1467,867,869,-1,1467,869,1468,-1,869,870,1468,-1,1468,870,857,-1,1468,857,1469,-1,857,859,1469,-1,1469,859,860,-1,1469,860,1470,-1,1470,860,853,-1,1470,853,1471,-1,853,851,1471,-1,1471,851,849,-1,1471,849,1472,-1,849,847,1472,-1,1472,847,845,-1,1472,845,1473,-1,1473,845,843,-1,1473,843,1474,-1,843,841,1474,-1,1474,841,839,-1,1474,839,1475,-1,839,837,1475,-1,1475,837,835,-1,1475,835,1476,-1,835,833,1476,-1,1476,833,831,-1,1476,831,1477,-1,1477,831,829,-1,1477,829,1478,-1,829,828,1478,-1,1478,828,819,-1,1478,819,1479,-1,819,821,1479,-1,1479,821,823,-1,1479,823,1480,-1,1480,823,825,-1,1480,825,1481,-1,1481,825,795,-1,1481,795,1482,-1,795,797,1482,-1,1482,797,799,-1,1482,799,1483,-1,1483,799,801,-1,1483,801,1484,-1,801,803,1484,-1,1484,803,805,-1,1484,805,1485,-1,805,807,1485,-1,1485,807,809,-1,1485,809,1486,-1,1486,809,811,-1,1486,811,1487,-1,811,813,1487,-1,1487,813,815,-1,1487,815,1488,-1,815,816,1488,-1,1488,816,787,-1,1488,787,1489,-1,787,789,1489,-1,1489,789,791,-1,1489,791,1490,-1,1490,791,793,-1,1490,793,1491,-1,793,794,1491,-1,1491,794,781,-1,1491,781,1492,-1,781,783,1492,-1,1492,783,1006,-1,1492,1006,1493,-1,1493,1006,1005,-1,1493,1005,1494,-1,1005,1003,1494,-1,1494,1003,1001,-1,1494,1001,1495,-1,1001,999,1495,-1,1495,999,997,-1,1495,997,1496,-1,1496,997,995,-1,1496,995,1497,-1,995,993,1497,-1,1497,993,991,-1,1497,991,1498,-1,991,989,1498,-1,1498,989,987,-1,1498,987,1499,-1,987,985,1499,-1,1499,985,983,-1,1499,983,1500,-1,1500,983,981,-1,1500,981,1501,-1,981,980,1501,-1,1501,980,971,-1,1501,971,1502,-1,971,973,1502,-1,1502,973,975,-1,1502,975,1503,-1,1503,975,977,-1,1503,977,1504,-1,1504,977,947,-1,1504,947,1505,-1,947,949,1505,-1,1505,949,951,-1,1505,951,1506,-1,1506,951,953,-1,1506,953,1507,-1,953,955,1507,-1,1507,955,957,-1,1507,957,1508,-1,957,959,1508,-1,1508,959,961,-1,1508,961,1509,-1,1509,961,963,-1,1509,963,1510,-1,963,965,1510,-1,1510,965,967,-1,1510,967,1511,-1,967,968,1511,-1,1511,968,939,-1,1511,939,1512,-1,939,941,1512,-1,1512,941,943,-1,1512,943,1513,-1,1513,943,945,-1,1513,945,1514,-1,945,946,1514,-1,1514,946,933,-1,1514,933,1515,-1,933,935,1515,-1,1515,935,936,-1,1515,936,1516,-1,1516,936,929,-1,1516,929,1517,-1,929,927,1517,-1,1517,927,925,-1,1517,925,1518,-1,925,923,1518,-1,1518,923,921,-1,1518,921,1519,-1,1519,921,919,-1,1519,919,1520,-1,919,917,1520,-1,1520,917,915,-1,1520,915,1521,-1,915,913,1521,-1,1521,913,911,-1,1521,911,1522,-1,911,909,1522,-1,1522,909,907,-1,1522,907,1523,-1,1523,907,905,-1,1523,905,1524,-1,905,904,1524,-1,1524,904,895,-1,1524,895,1525,-1,895,897,1525,-1,1525,897,899,-1,1525,899,1526,-1,1526,899,901,-1,1526,901,1527,-1,1527,901,871,-1,1527,871,1459,-1,1459,871,873,-1,1459,873,875,-1,1526,1528,1525,-1,1525,1528,1529,-1,1525,1529,1524,-1,1524,1529,1530,-1,1524,1530,1523,-1,1523,1530,1531,-1,1523,1531,1522,-1,1522,1531,1532,-1,1522,1532,1521,-1,1521,1532,1533,-1,1521,1533,1520,-1,1520,1533,1534,-1,1520,1534,1519,-1,1519,1534,1535,-1,1519,1535,1518,-1,1518,1535,1536,-1,1518,1536,1517,-1,1517,1536,1537,-1,1517,1537,1516,-1,1516,1537,1538,-1,1516,1538,1515,-1,1515,1538,1539,-1,1515,1539,1514,-1,1514,1539,1540,-1,1514,1540,1513,-1,1513,1540,1541,-1,1513,1541,1512,-1,1512,1541,1542,-1,1512,1542,1511,-1,1511,1542,1543,-1,1511,1543,1510,-1,1510,1543,1544,-1,1510,1544,1509,-1,1509,1544,1545,-1,1509,1545,1508,-1,1508,1545,1546,-1,1508,1546,1507,-1,1507,1546,1547,-1,1507,1547,1506,-1,1506,1547,1548,-1,1506,1548,1505,-1,1505,1548,1549,-1,1505,1549,1504,-1,1504,1549,1550,-1,1504,1550,1503,-1,1503,1550,1551,-1,1503,1551,1502,-1,1502,1551,1552,-1,1502,1552,1501,-1,1501,1552,1553,-1,1501,1553,1500,-1,1500,1553,1554,-1,1500,1554,1499,-1,1499,1554,1555,-1,1499,1555,1498,-1,1498,1555,1556,-1,1498,1556,1497,-1,1497,1556,1557,-1,1497,1557,1496,-1,1496,1557,1558,-1,1496,1558,1495,-1,1495,1558,1559,-1,1495,1559,1494,-1,1494,1559,1560,-1,1494,1560,1493,-1,1493,1560,1561,-1,1493,1561,1492,-1,1492,1561,1562,-1,1492,1562,1491,-1,1491,1562,1563,-1,1491,1563,1490,-1,1490,1563,1564,-1,1490,1564,1489,-1,1489,1564,1565,-1,1489,1565,1488,-1,1488,1565,1566,-1,1488,1566,1487,-1,1487,1566,1567,-1,1487,1567,1486,-1,1486,1567,1568,-1,1486,1568,1485,-1,1485,1568,1569,-1,1485,1569,1484,-1,1484,1569,1570,-1,1484,1570,1483,-1,1483,1570,1571,-1,1483,1571,1482,-1,1482,1571,1572,-1,1482,1572,1481,-1,1481,1572,1573,-1,1481,1573,1480,-1,1480,1573,1574,-1,1480,1574,1479,-1,1479,1574,1575,-1,1479,1575,1478,-1,1478,1575,1576,-1,1478,1576,1477,-1,1477,1576,1577,-1,1477,1577,1476,-1,1476,1577,1578,-1,1476,1578,1475,-1,1475,1578,1579,-1,1475,1579,1474,-1,1474,1579,1580,-1,1474,1580,1473,-1,1473,1580,1581,-1,1473,1581,1472,-1,1472,1581,1582,-1,1472,1582,1471,-1,1471,1582,1583,-1,1471,1583,1470,-1,1470,1583,1584,-1,1470,1584,1469,-1,1469,1584,1585,-1,1469,1585,1468,-1,1468,1585,1586,-1,1468,1586,1467,-1,1467,1586,1587,-1,1467,1587,1466,-1,1466,1587,1588,-1,1466,1588,1465,-1,1465,1588,1589,-1,1465,1589,1464,-1,1464,1589,1590,-1,1464,1590,1463,-1,1463,1590,1591,-1,1463,1591,1462,-1,1462,1591,1592,-1,1462,1592,1461,-1,1461,1592,1593,-1,1461,1593,1460,-1,1460,1593,1594,-1,1460,1594,1459,-1,1459,1594,1595,-1,1459,1595,1527,-1,1527,1595,1596,-1,1527,1596,1526,-1,1526,1596,1528,-1,1528,1597,1529,-1,1529,1597,1598,-1,1529,1598,1530,-1,1530,1598,1599,-1,1530,1599,1531,-1,1531,1599,1600,-1,1531,1600,1532,-1,1532,1600,1601,-1,1532,1601,1533,-1,1533,1601,1602,-1,1533,1602,1534,-1,1534,1602,1603,-1,1534,1603,1535,-1,1535,1603,1604,-1,1535,1604,1536,-1,1536,1604,1605,-1,1536,1605,1537,-1,1537,1605,1606,-1,1537,1606,1538,-1,1538,1606,1607,-1,1538,1607,1539,-1,1539,1607,1608,-1,1539,1608,1540,-1,1540,1608,1609,-1,1540,1609,1541,-1,1541,1609,1610,-1,1541,1610,1542,-1,1542,1610,1611,-1,1542,1611,1543,-1,1543,1611,1612,-1,1543,1612,1544,-1,1544,1612,1613,-1,1544,1613,1545,-1,1545,1613,1614,-1,1545,1614,1546,-1,1546,1614,1615,-1,1546,1615,1547,-1,1547,1615,1616,-1,1547,1616,1548,-1,1548,1616,1617,-1,1548,1617,1549,-1,1549,1617,1618,-1,1549,1618,1550,-1,1550,1618,1619,-1,1550,1619,1551,-1,1551,1619,1620,-1,1551,1620,1552,-1,1552,1620,1621,-1,1552,1621,1553,-1,1553,1621,1622,-1,1553,1622,1554,-1,1554,1622,1623,-1,1554,1623,1555,-1,1555,1623,1624,-1,1555,1624,1556,-1,1556,1624,1625,-1,1556,1625,1557,-1,1557,1625,1626,-1,1557,1626,1558,-1,1558,1626,1627,-1,1558,1627,1559,-1,1559,1627,1628,-1,1559,1628,1560,-1,1560,1628,1629,-1,1560,1629,1561,-1,1561,1629,1630,-1,1561,1630,1562,-1,1562,1630,1631,-1,1562,1631,1563,-1,1563,1631,1632,-1,1563,1632,1564,-1,1564,1632,1633,-1,1564,1633,1565,-1,1565,1633,1634,-1,1565,1634,1566,-1,1566,1634,1635,-1,1566,1635,1567,-1,1567,1635,1636,-1,1567,1636,1568,-1,1568,1636,1637,-1,1568,1637,1569,-1,1569,1637,1638,-1,1569,1638,1570,-1,1570,1638,1639,-1,1570,1639,1571,-1,1571,1639,1640,-1,1571,1640,1572,-1,1572,1640,1641,-1,1572,1641,1573,-1,1573,1641,1642,-1,1573,1642,1574,-1,1574,1642,1643,-1,1574,1643,1575,-1,1575,1643,1644,-1,1575,1644,1576,-1,1576,1644,1645,-1,1576,1645,1577,-1,1577,1645,1646,-1,1577,1646,1578,-1,1578,1646,1647,-1,1578,1647,1579,-1,1579,1647,1648,-1,1579,1648,1580,-1,1580,1648,1649,-1,1580,1649,1581,-1,1581,1649,1650,-1,1581,1650,1582,-1,1582,1650,1651,-1,1582,1651,1583,-1,1583,1651,1652,-1,1583,1652,1584,-1,1584,1652,1653,-1,1584,1653,1585,-1,1585,1653,1654,-1,1585,1654,1586,-1,1586,1654,1655,-1,1586,1655,1587,-1,1587,1655,1656,-1,1587,1656,1588,-1,1588,1656,1657,-1,1588,1657,1589,-1,1589,1657,1658,-1,1589,1658,1590,-1,1590,1658,1659,-1,1590,1659,1591,-1,1591,1659,1660,-1,1591,1660,1592,-1,1592,1660,1661,-1,1592,1661,1593,-1,1593,1661,1662,-1,1593,1662,1594,-1,1594,1662,1663,-1,1594,1663,1595,-1,1595,1663,1664,-1,1595,1664,1596,-1,1596,1664,1665,-1,1596,1665,1528,-1,1528,1665,1597,-1,1597,1666,1598,-1,1598,1666,1667,-1,1598,1667,1599,-1,1599,1667,1668,-1,1599,1668,1600,-1,1600,1668,1669,-1,1600,1669,1601,-1,1601,1669,1670,-1,1601,1670,1602,-1,1602,1670,1671,-1,1602,1671,1603,-1,1603,1671,1672,-1,1603,1672,1604,-1,1604,1672,1673,-1,1604,1673,1605,-1,1605,1673,1674,-1,1605,1674,1606,-1,1606,1674,1675,-1,1606,1675,1607,-1,1607,1675,1676,-1,1607,1676,1608,-1,1608,1676,1677,-1,1608,1677,1609,-1,1609,1677,1678,-1,1609,1678,1610,-1,1610,1678,1679,-1,1610,1679,1611,-1,1611,1679,1680,-1,1611,1680,1612,-1,1612,1680,1681,-1,1612,1681,1613,-1,1613,1681,1682,-1,1613,1682,1614,-1,1614,1682,1683,-1,1614,1683,1615,-1,1615,1683,1684,-1,1615,1684,1616,-1,1616,1684,1685,-1,1616,1685,1617,-1,1617,1685,1686,-1,1617,1686,1618,-1,1618,1686,1687,-1,1618,1687,1619,-1,1619,1687,1688,-1,1619,1688,1620,-1,1620,1688,1689,-1,1620,1689,1621,-1,1621,1689,1690,-1,1621,1690,1622,-1,1622,1690,1691,-1,1622,1691,1623,-1,1623,1691,1692,-1,1623,1692,1624,-1,1624,1692,1693,-1,1624,1693,1625,-1,1625,1693,1694,-1,1625,1694,1626,-1,1626,1694,1695,-1,1626,1695,1627,-1,1627,1695,1696,-1,1627,1696,1628,-1,1628,1696,1697,-1,1628,1697,1629,-1,1629,1697,1698,-1,1629,1698,1630,-1,1630,1698,1699,-1,1630,1699,1631,-1,1631,1699,1700,-1,1631,1700,1632,-1,1632,1700,1701,-1,1632,1701,1633,-1,1633,1701,1702,-1,1633,1702,1634,-1,1634,1702,1703,-1,1634,1703,1635,-1,1635,1703,1704,-1,1635,1704,1636,-1,1636,1704,1705,-1,1636,1705,1637,-1,1637,1705,1706,-1,1637,1706,1638,-1,1638,1706,1707,-1,1638,1707,1639,-1,1639,1707,1708,-1,1639,1708,1640,-1,1640,1708,1709,-1,1640,1709,1641,-1,1641,1709,1710,-1,1641,1710,1642,-1,1642,1710,1711,-1,1642,1711,1643,-1,1643,1711,1712,-1,1643,1712,1644,-1,1644,1712,1713,-1,1644,1713,1645,-1,1645,1713,1714,-1,1645,1714,1646,-1,1646,1714,1715,-1,1646,1715,1647,-1,1647,1715,1716,-1,1647,1716,1648,-1,1648,1716,1717,-1,1648,1717,1649,-1,1649,1717,1718,-1,1649,1718,1650,-1,1650,1718,1719,-1,1650,1719,1651,-1,1651,1719,1720,-1,1651,1720,1652,-1,1652,1720,1721,-1,1652,1721,1653,-1,1653,1721,1722,-1,1653,1722,1654,-1,1654,1722,1723,-1,1654,1723,1655,-1,1655,1723,1724,-1,1655,1724,1656,-1,1656,1724,1725,-1,1656,1725,1657,-1,1657,1725,1726,-1,1657,1726,1658,-1,1658,1726,1727,-1,1658,1727,1659,-1,1659,1727,1728,-1,1659,1728,1660,-1,1660,1728,1729,-1,1660,1729,1661,-1,1661,1729,1730,-1,1661,1730,1662,-1,1662,1730,1731,-1,1662,1731,1663,-1,1663,1731,1732,-1,1663,1732,1664,-1,1664,1732,1733,-1,1664,1733,1665,-1,1665,1733,1734,-1,1665,1734,1597,-1,1597,1734,1666,-1,1666,1735,1667,-1,1667,1735,1736,-1,1667,1736,1668,-1,1668,1736,1737,-1,1668,1737,1669,-1,1669,1737,1738,-1,1669,1738,1670,-1,1670,1738,1739,-1,1670,1739,1671,-1,1671,1739,1740,-1,1671,1740,1672,-1,1672,1740,1741,-1,1672,1741,1673,-1,1673,1741,1742,-1,1673,1742,1674,-1,1674,1742,1743,-1,1674,1743,1675,-1,1675,1743,1744,-1,1675,1744,1676,-1,1676,1744,1745,-1,1676,1745,1677,-1,1677,1745,1746,-1,1677,1746,1678,-1,1678,1746,1747,-1,1678,1747,1679,-1,1679,1747,1748,-1,1679,1748,1680,-1,1680,1748,1749,-1,1680,1749,1681,-1,1681,1749,1750,-1,1681,1750,1682,-1,1682,1750,1751,-1,1682,1751,1683,-1,1683,1751,1752,-1,1683,1752,1684,-1,1684,1752,1753,-1,1684,1753,1685,-1,1685,1753,1754,-1,1685,1754,1686,-1,1686,1754,1755,-1,1686,1755,1687,-1,1687,1755,1756,-1,1687,1756,1688,-1,1688,1756,1757,-1,1688,1757,1689,-1,1689,1757,1758,-1,1689,1758,1690,-1,1690,1758,1759,-1,1690,1759,1691,-1,1691,1759,1760,-1,1691,1760,1692,-1,1692,1760,1761,-1,1692,1761,1693,-1,1693,1761,1762,-1,1693,1762,1694,-1,1694,1762,1763,-1,1694,1763,1695,-1,1695,1763,1764,-1,1695,1764,1696,-1,1696,1764,1765,-1,1696,1765,1697,-1,1697,1765,1766,-1,1697,1766,1698,-1,1698,1766,1767,-1,1698,1767,1699,-1,1699,1767,1768,-1,1699,1768,1700,-1,1700,1768,1769,-1,1700,1769,1701,-1,1701,1769,1770,-1,1701,1770,1702,-1,1702,1770,1771,-1,1702,1771,1703,-1,1703,1771,1772,-1,1703,1772,1704,-1,1704,1772,1773,-1,1704,1773,1705,-1,1705,1773,1774,-1,1705,1774,1706,-1,1706,1774,1775,-1,1706,1775,1707,-1,1707,1775,1776,-1,1707,1776,1708,-1,1708,1776,1777,-1,1708,1777,1709,-1,1709,1777,1778,-1,1709,1778,1710,-1,1710,1778,1779,-1,1710,1779,1711,-1,1711,1779,1780,-1,1711,1780,1712,-1,1712,1780,1781,-1,1712,1781,1713,-1,1713,1781,1782,-1,1713,1782,1714,-1,1714,1782,1783,-1,1714,1783,1715,-1,1715,1783,1784,-1,1715,1784,1716,-1,1716,1784,1785,-1,1716,1785,1717,-1,1717,1785,1786,-1,1717,1786,1718,-1,1718,1786,1787,-1,1718,1787,1719,-1,1719,1787,1788,-1,1719,1788,1720,-1,1720,1788,1789,-1,1720,1789,1721,-1,1721,1789,1790,-1,1721,1790,1722,-1,1722,1790,1791,-1,1722,1791,1723,-1,1723,1791,1792,-1,1723,1792,1724,-1,1724,1792,1793,-1,1724,1793,1725,-1,1725,1793,1794,-1,1725,1794,1726,-1,1726,1794,1795,-1,1726,1795,1727,-1,1727,1795,1796,-1,1727,1796,1728,-1,1728,1796,1797,-1,1728,1797,1729,-1,1729,1797,1798,-1,1729,1798,1730,-1,1730,1798,1799,-1,1730,1799,1731,-1,1731,1799,1800,-1,1731,1800,1732,-1,1732,1800,1801,-1,1732,1801,1733,-1,1733,1801,1802,-1,1733,1802,1734,-1,1734,1802,1803,-1,1734,1803,1666,-1,1666,1803,1735,-1,1735,1043,1736,-1,1736,1043,1045,-1,1736,1045,1737,-1,1737,1045,1047,-1,1737,1047,1738,-1,1738,1047,1049,-1,1738,1049,1739,-1,1739,1049,1051,-1,1739,1051,1740,-1,1740,1051,1053,-1,1740,1053,1741,-1,1741,1053,1055,-1,1741,1055,1742,-1,1742,1055,1057,-1,1742,1057,1743,-1,1743,1057,1059,-1,1743,1059,1744,-1,1744,1059,1061,-1,1744,1061,1745,-1,1745,1061,1063,-1,1745,1063,1746,-1,1746,1063,1065,-1,1746,1065,1747,-1,1747,1065,1067,-1,1747,1067,1748,-1,1748,1067,1069,-1,1748,1069,1749,-1,1749,1069,1071,-1,1749,1071,1750,-1,1750,1071,1073,-1,1750,1073,1751,-1,1751,1073,1075,-1,1751,1075,1752,-1,1752,1075,1078,-1,1752,1078,1753,-1,1753,1078,1080,-1,1753,1080,1754,-1,1754,1080,1082,-1,1754,1082,1755,-1,1755,1082,1084,-1,1755,1084,1756,-1,1756,1084,1086,-1,1756,1086,1757,-1,1757,1086,1088,-1,1757,1088,1758,-1,1758,1088,1090,-1,1758,1090,1759,-1,1759,1090,1092,-1,1759,1092,1760,-1,1760,1092,1094,-1,1760,1094,1761,-1,1761,1094,1096,-1,1761,1096,1762,-1,1762,1096,1098,-1,1762,1098,1763,-1,1763,1098,1100,-1,1763,1100,1764,-1,1764,1100,1102,-1,1764,1102,1765,-1,1765,1102,1104,-1,1765,1104,1766,-1,1766,1104,1106,-1,1766,1106,1767,-1,1767,1106,1108,-1,1767,1108,1768,-1,1768,1108,1110,-1,1768,1110,1769,-1,1769,1110,1112,-1,1769,1112,1770,-1,1770,1112,1114,-1,1770,1114,1771,-1,1771,1114,1116,-1,1771,1116,1772,-1,1772,1116,1118,-1,1772,1118,1773,-1,1773,1118,1120,-1,1773,1120,1774,-1,1774,1120,1122,-1,1774,1122,1775,-1,1775,1122,1124,-1,1775,1124,1776,-1,1776,1124,1126,-1,1776,1126,1777,-1,1777,1126,1128,-1,1777,1128,1778,-1,1778,1128,1130,-1,1778,1130,1779,-1,1779,1130,1132,-1,1779,1132,1780,-1,1780,1132,1134,-1,1780,1134,1781,-1,1781,1134,1136,-1,1781,1136,1782,-1,1782,1136,1138,-1,1782,1138,1783,-1,1783,1138,1140,-1,1783,1140,1784,-1,1784,1140,1142,-1,1784,1142,1785,-1,1785,1142,1144,-1,1785,1144,1786,-1,1786,1144,1007,-1,1786,1007,1787,-1,1787,1007,1009,-1,1787,1009,1788,-1,1788,1009,1011,-1,1788,1011,1789,-1,1789,1011,1013,-1,1789,1013,1790,-1,1790,1013,1015,-1,1790,1015,1791,-1,1791,1015,1017,-1,1791,1017,1792,-1,1792,1017,1019,-1,1792,1019,1793,-1,1793,1019,1021,-1,1793,1021,1794,-1,1794,1021,1023,-1,1794,1023,1795,-1,1795,1023,1025,-1,1795,1025,1796,-1,1796,1025,1027,-1,1796,1027,1797,-1,1797,1027,1029,-1,1797,1029,1798,-1,1798,1029,1031,-1,1798,1031,1799,-1,1799,1031,1033,-1,1799,1033,1800,-1,1800,1033,1035,-1,1800,1035,1801,-1,1801,1035,1037,-1,1801,1037,1802,-1,1802,1037,1039,-1,1802,1039,1803,-1,1803,1039,1041,-1,1803,1041,1735,-1,1735,1041,1043,-1,1804,780,1805,-1,1805,780,779,-1,1805,779,1806,-1,779,792,1806,-1,1806,792,790,-1,1806,790,1807,-1,790,788,1807,-1,1807,788,786,-1,1807,786,1808,-1,1808,786,785,-1,1808,785,1809,-1,785,814,1809,-1,1809,814,812,-1,1809,812,1810,-1,812,810,1810,-1,1810,810,808,-1,1810,808,1811,-1,808,806,1811,-1,1811,806,804,-1,1811,804,1812,-1,1812,804,802,-1,1812,802,1813,-1,802,800,1813,-1,1813,800,798,-1,1813,798,1814,-1,798,796,1814,-1,1814,796,827,-1,1814,827,1815,-1,1815,827,826,-1,1815,826,1816,-1,826,824,1816,-1,1816,824,822,-1,1816,822,1817,-1,822,820,1817,-1,1817,820,818,-1,1817,818,1818,-1,1818,818,817,-1,1818,817,1819,-1,817,830,1819,-1,1819,830,832,-1,1819,832,1820,-1,832,834,1820,-1,1820,834,836,-1,1820,836,1821,-1,836,838,1821,-1,1821,838,840,-1,1821,840,1822,-1,1822,840,842,-1,1822,842,1823,-1,842,844,1823,-1,1823,844,846,-1,1823,846,1824,-1,846,848,1824,-1,1824,848,850,-1,1824,850,1825,-1,1825,850,852,-1,1825,852,1826,-1,1826,852,854,-1,1826,854,1827,-1,854,858,1827,-1,1827,858,856,-1,1827,856,1828,-1,1828,856,855,-1,1828,855,1829,-1,855,868,1829,-1,1829,868,866,-1,1829,866,1830,-1,866,864,1830,-1,1830,864,862,-1,1830,862,1831,-1,1831,862,861,-1,1831,861,1832,-1,861,890,1832,-1,1832,890,888,-1,1832,888,1833,-1,888,886,1833,-1,1833,886,884,-1,1833,884,1834,-1,884,882,1834,-1,1834,882,880,-1,1834,880,1835,-1,1835,880,878,-1,1835,878,1836,-1,878,876,1836,-1,1836,876,874,-1,1836,874,1837,-1,874,872,1837,-1,1837,872,903,-1,1837,903,1838,-1,1838,903,902,-1,1838,902,1839,-1,902,900,1839,-1,1839,900,898,-1,1839,898,1840,-1,898,896,1840,-1,1840,896,894,-1,1840,894,1841,-1,1841,894,893,-1,1841,893,1842,-1,893,906,1842,-1,1842,906,908,-1,1842,908,1843,-1,908,910,1843,-1,1843,910,912,-1,1843,912,1844,-1,912,914,1844,-1,1844,914,916,-1,1844,916,1845,-1,1845,916,918,-1,1845,918,1846,-1,918,920,1846,-1,1846,920,922,-1,1846,922,1847,-1,922,924,1847,-1,1847,924,926,-1,1847,926,1848,-1,1848,926,928,-1,1848,928,1849,-1,1849,928,930,-1,1849,930,1850,-1,930,934,1850,-1,1850,934,932,-1,1850,932,1851,-1,1851,932,931,-1,1851,931,1852,-1,931,944,1852,-1,1852,944,942,-1,1852,942,1853,-1,942,940,1853,-1,1853,940,938,-1,1853,938,1854,-1,1854,938,937,-1,1854,937,1855,-1,937,966,1855,-1,1855,966,964,-1,1855,964,1856,-1,964,962,1856,-1,1856,962,960,-1,1856,960,1857,-1,960,958,1857,-1,1857,958,956,-1,1857,956,1858,-1,1858,956,954,-1,1858,954,1859,-1,954,952,1859,-1,1859,952,950,-1,1859,950,1860,-1,950,948,1860,-1,1860,948,979,-1,1860,979,1861,-1,1861,979,978,-1,1861,978,1862,-1,978,976,1862,-1,1862,976,974,-1,1862,974,1863,-1,974,972,1863,-1,1863,972,970,-1,1863,970,1864,-1,1864,970,969,-1,1864,969,1865,-1,969,982,1865,-1,1865,982,984,-1,1865,984,1866,-1,984,986,1866,-1,1866,986,988,-1,1866,988,1867,-1,988,990,1867,-1,1867,990,992,-1,1867,992,1868,-1,1868,992,994,-1,1868,994,1869,-1,994,996,1869,-1,1869,996,998,-1,1869,998,1870,-1,998,1000,1870,-1,1870,1000,1002,-1,1870,1002,1871,-1,1871,1002,1004,-1,1871,1004,1872,-1,1872,1004,784,-1,1872,784,1804,-1,1804,784,782,-1,1804,782,780,-1,1871,1873,1870,-1,1870,1873,1874,-1,1870,1874,1869,-1,1869,1874,1875,-1,1869,1875,1868,-1,1868,1875,1876,-1,1868,1876,1867,-1,1867,1876,1877,-1,1867,1877,1866,-1,1866,1877,1878,-1,1866,1878,1865,-1,1865,1878,1879,-1,1865,1879,1864,-1,1864,1879,1880,-1,1864,1880,1863,-1,1863,1880,1881,-1,1863,1881,1862,-1,1862,1881,1882,-1,1862,1882,1861,-1,1861,1882,1883,-1,1861,1883,1860,-1,1860,1883,1884,-1,1860,1884,1859,-1,1859,1884,1885,-1,1859,1885,1858,-1,1858,1885,1886,-1,1858,1886,1857,-1,1857,1886,1887,-1,1857,1887,1856,-1,1856,1887,1888,-1,1856,1888,1855,-1,1855,1888,1889,-1,1855,1889,1854,-1,1854,1889,1890,-1,1854,1890,1853,-1,1853,1890,1891,-1,1853,1891,1852,-1,1852,1891,1892,-1,1852,1892,1851,-1,1851,1892,1893,-1,1851,1893,1850,-1,1850,1893,1894,-1,1850,1894,1849,-1,1849,1894,1895,-1,1849,1895,1848,-1,1848,1895,1896,-1,1848,1896,1847,-1,1847,1896,1897,-1,1847,1897,1846,-1,1846,1897,1898,-1,1846,1898,1845,-1,1845,1898,1899,-1,1845,1899,1844,-1,1844,1899,1900,-1,1844,1900,1843,-1,1843,1900,1901,-1,1843,1901,1842,-1,1842,1901,1902,-1,1842,1902,1841,-1,1841,1902,1903,-1,1841,1903,1840,-1,1840,1903,1904,-1,1840,1904,1839,-1,1839,1904,1905,-1,1839,1905,1838,-1,1838,1905,1906,-1,1838,1906,1837,-1,1837,1906,1907,-1,1837,1907,1836,-1,1836,1907,1908,-1,1836,1908,1835,-1,1835,1908,1909,-1,1835,1909,1834,-1,1834,1909,1910,-1,1834,1910,1833,-1,1833,1910,1911,-1,1833,1911,1832,-1,1832,1911,1912,-1,1832,1912,1831,-1,1831,1912,1913,-1,1831,1913,1830,-1,1830,1913,1914,-1,1830,1914,1829,-1,1829,1914,1915,-1,1829,1915,1828,-1,1828,1915,1916,-1,1828,1916,1827,-1,1827,1916,1917,-1,1827,1917,1826,-1,1826,1917,1918,-1,1826,1918,1825,-1,1825,1918,1919,-1,1825,1919,1824,-1,1824,1919,1920,-1,1824,1920,1823,-1,1823,1920,1921,-1,1823,1921,1822,-1,1822,1921,1922,-1,1822,1922,1821,-1,1821,1922,1923,-1,1821,1923,1820,-1,1820,1923,1924,-1,1820,1924,1819,-1,1819,1924,1925,-1,1819,1925,1818,-1,1818,1925,1926,-1,1818,1926,1817,-1,1817,1926,1927,-1,1817,1927,1816,-1,1816,1927,1928,-1,1816,1928,1815,-1,1815,1928,1929,-1,1815,1929,1814,-1,1814,1929,1930,-1,1814,1930,1813,-1,1813,1930,1931,-1,1813,1931,1812,-1,1812,1931,1932,-1,1812,1932,1811,-1,1811,1932,1933,-1,1811,1933,1810,-1,1810,1933,1934,-1,1810,1934,1809,-1,1809,1934,1935,-1,1809,1935,1808,-1,1808,1935,1936,-1,1808,1936,1807,-1,1807,1936,1937,-1,1807,1937,1806,-1,1806,1937,1938,-1,1806,1938,1805,-1,1805,1938,1939,-1,1805,1939,1804,-1,1804,1939,1940,-1,1804,1940,1872,-1,1872,1940,1941,-1,1872,1941,1871,-1,1871,1941,1873,-1,1873,1942,1874,-1,1874,1942,1943,-1,1874,1943,1875,-1,1875,1943,1944,-1,1875,1944,1876,-1,1876,1944,1945,-1,1876,1945,1877,-1,1877,1945,1946,-1,1877,1946,1878,-1,1878,1946,1947,-1,1878,1947,1879,-1,1879,1947,1948,-1,1879,1948,1880,-1,1880,1948,1949,-1,1880,1949,1881,-1,1881,1949,1950,-1,1881,1950,1882,-1,1882,1950,1951,-1,1882,1951,1883,-1,1883,1951,1952,-1,1883,1952,1884,-1,1884,1952,1953,-1,1884,1953,1885,-1,1885,1953,1954,-1,1885,1954,1886,-1,1886,1954,1955,-1,1886,1955,1887,-1,1887,1955,1956,-1,1887,1956,1888,-1,1888,1956,1957,-1,1888,1957,1889,-1,1889,1957,1958,-1,1889,1958,1890,-1,1890,1958,1959,-1,1890,1959,1891,-1,1891,1959,1960,-1,1891,1960,1892,-1,1892,1960,1961,-1,1892,1961,1893,-1,1893,1961,1962,-1,1893,1962,1894,-1,1894,1962,1963,-1,1894,1963,1895,-1,1895,1963,1964,-1,1895,1964,1896,-1,1896,1964,1965,-1,1896,1965,1897,-1,1897,1965,1966,-1,1897,1966,1898,-1,1898,1966,1967,-1,1898,1967,1899,-1,1899,1967,1968,-1,1899,1968,1900,-1,1900,1968,1969,-1,1900,1969,1901,-1,1901,1969,1970,-1,1901,1970,1902,-1,1902,1970,1971,-1,1902,1971,1903,-1,1903,1971,1972,-1,1903,1972,1904,-1,1904,1972,1973,-1,1904,1973,1905,-1,1905,1973,1974,-1,1905,1974,1906,-1,1906,1974,1975,-1,1906,1975,1907,-1,1907,1975,1976,-1,1907,1976,1908,-1,1908,1976,1977,-1,1908,1977,1909,-1,1909,1977,1978,-1,1909,1978,1910,-1,1910,1978,1979,-1,1910,1979,1911,-1,1911,1979,1980,-1,1911,1980,1912,-1,1912,1980,1981,-1,1912,1981,1913,-1,1913,1981,1982,-1,1913,1982,1914,-1,1914,1982,1983,-1,1914,1983,1915,-1,1915,1983,1984,-1,1915,1984,1916,-1,1916,1984,1985,-1,1916,1985,1917,-1,1917,1985,1986,-1,1917,1986,1918,-1,1918,1986,1987,-1,1918,1987,1919,-1,1919,1987,1988,-1,1919,1988,1920,-1,1920,1988,1989,-1,1920,1989,1921,-1,1921,1989,1990,-1,1921,1990,1922,-1,1922,1990,1991,-1,1922,1991,1923,-1,1923,1991,1992,-1,1923,1992,1924,-1,1924,1992,1993,-1,1924,1993,1925,-1,1925,1993,1994,-1,1925,1994,1926,-1,1926,1994,1995,-1,1926,1995,1927,-1,1927,1995,1996,-1,1927,1996,1928,-1,1928,1996,1997,-1,1928,1997,1929,-1,1929,1997,1998,-1,1929,1998,1930,-1,1930,1998,1999,-1,1930,1999,1931,-1,1931,1999,2000,-1,1931,2000,1932,-1,1932,2000,2001,-1,1932,2001,1933,-1,1933,2001,2002,-1,1933,2002,1934,-1,1934,2002,2003,-1,1934,2003,1935,-1,1935,2003,2004,-1,1935,2004,1936,-1,1936,2004,2005,-1,1936,2005,1937,-1,1937,2005,2006,-1,1937,2006,1938,-1,1938,2006,2007,-1,1938,2007,1939,-1,1939,2007,2008,-1,1939,2008,1940,-1,1940,2008,2009,-1,1940,2009,1941,-1,1941,2009,2010,-1,1941,2010,1873,-1,1873,2010,1942,-1,1942,2011,1943,-1,1943,2011,2012,-1,1943,2012,1944,-1,1944,2012,2013,-1,1944,2013,1945,-1,1945,2013,2014,-1,1945,2014,1946,-1,1946,2014,2015,-1,1946,2015,1947,-1,1947,2015,2016,-1,1947,2016,1948,-1,1948,2016,2017,-1,1948,2017,1949,-1,1949,2017,2018,-1,1949,2018,1950,-1,1950,2018,2019,-1,1950,2019,1951,-1,1951,2019,2020,-1,1951,2020,1952,-1,1952,2020,2021,-1,1952,2021,1953,-1,1953,2021,2022,-1,1953,2022,1954,-1,1954,2022,2023,-1,1954,2023,1955,-1,1955,2023,2024,-1,1955,2024,1956,-1,1956,2024,2025,-1,1956,2025,1957,-1,1957,2025,2026,-1,1957,2026,1958,-1,1958,2026,2027,-1,1958,2027,1959,-1,1959,2027,2028,-1,1959,2028,1960,-1,1960,2028,2029,-1,1960,2029,1961,-1,1961,2029,2030,-1,1961,2030,1962,-1,1962,2030,2031,-1,1962,2031,1963,-1,1963,2031,2032,-1,1963,2032,1964,-1,1964,2032,2033,-1,1964,2033,1965,-1,1965,2033,2034,-1,1965,2034,1966,-1,1966,2034,2035,-1,1966,2035,1967,-1,1967,2035,2036,-1,1967,2036,1968,-1,1968,2036,2037,-1,1968,2037,1969,-1,1969,2037,2038,-1,1969,2038,1970,-1,1970,2038,2039,-1,1970,2039,1971,-1,1971,2039,2040,-1,1971,2040,1972,-1,1972,2040,2041,-1,1972,2041,1973,-1,1973,2041,2042,-1,1973,2042,1974,-1,1974,2042,2043,-1,1974,2043,1975,-1,1975,2043,2044,-1,1975,2044,1976,-1,1976,2044,2045,-1,1976,2045,1977,-1,1977,2045,2046,-1,1977,2046,1978,-1,1978,2046,2047,-1,1978,2047,1979,-1,1979,2047,2048,-1,1979,2048,1980,-1,1980,2048,2049,-1,1980,2049,1981,-1,1981,2049,2050,-1,1981,2050,1982,-1,1982,2050,2051,-1,1982,2051,1983,-1,1983,2051,2052,-1,1983,2052,1984,-1,1984,2052,2053,-1,1984,2053,1985,-1,1985,2053,2054,-1,1985,2054,1986,-1,1986,2054,2055,-1,1986,2055,1987,-1,1987,2055,2056,-1,1987,2056,1988,-1,1988,2056,2057,-1,1988,2057,1989,-1,1989,2057,2058,-1,1989,2058,1990,-1,1990,2058,2059,-1,1990,2059,1991,-1,1991,2059,2060,-1,1991,2060,1992,-1,1992,2060,2061,-1,1992,2061,1993,-1,1993,2061,2062,-1,1993,2062,1994,-1,1994,2062,2063,-1,1994,2063,1995,-1,1995,2063,2064,-1,1995,2064,1996,-1,1996,2064,2065,-1,1996,2065,1997,-1,1997,2065,2066,-1,1997,2066,1998,-1,1998,2066,2067,-1,1998,2067,1999,-1,1999,2067,2068,-1,1999,2068,2000,-1,2000,2068,2069,-1,2000,2069,2001,-1,2001,2069,2070,-1,2001,2070,2002,-1,2002,2070,2071,-1,2002,2071,2003,-1,2003,2071,2072,-1,2003,2072,2004,-1,2004,2072,2073,-1,2004,2073,2005,-1,2005,2073,2074,-1,2005,2074,2006,-1,2006,2074,2075,-1,2006,2075,2007,-1,2007,2075,2076,-1,2007,2076,2008,-1,2008,2076,2077,-1,2008,2077,2009,-1,2009,2077,2078,-1,2009,2078,2010,-1,2010,2078,2079,-1,2010,2079,1942,-1,1942,2079,2011,-1,2011,2080,2012,-1,2012,2080,2081,-1,2012,2081,2013,-1,2013,2081,2082,-1,2013,2082,2014,-1,2014,2082,2083,-1,2014,2083,2015,-1,2015,2083,2084,-1,2015,2084,2016,-1,2016,2084,2085,-1,2016,2085,2017,-1,2017,2085,2086,-1,2017,2086,2018,-1,2018,2086,2087,-1,2018,2087,2019,-1,2019,2087,2088,-1,2019,2088,2020,-1,2020,2088,2089,-1,2020,2089,2021,-1,2021,2089,2090,-1,2021,2090,2022,-1,2022,2090,2091,-1,2022,2091,2023,-1,2023,2091,2092,-1,2023,2092,2024,-1,2024,2092,2093,-1,2024,2093,2025,-1,2025,2093,2094,-1,2025,2094,2026,-1,2026,2094,2095,-1,2026,2095,2027,-1,2027,2095,2096,-1,2027,2096,2028,-1,2028,2096,2097,-1,2028,2097,2029,-1,2029,2097,2098,-1,2029,2098,2030,-1,2030,2098,2099,-1,2030,2099,2031,-1,2031,2099,2100,-1,2031,2100,2032,-1,2032,2100,2101,-1,2032,2101,2033,-1,2033,2101,2102,-1,2033,2102,2034,-1,2034,2102,2103,-1,2034,2103,2035,-1,2035,2103,2104,-1,2035,2104,2036,-1,2036,2104,2105,-1,2036,2105,2037,-1,2037,2105,2106,-1,2037,2106,2038,-1,2038,2106,2107,-1,2038,2107,2039,-1,2039,2107,2108,-1,2039,2108,2040,-1,2040,2108,2109,-1,2040,2109,2041,-1,2041,2109,2110,-1,2041,2110,2042,-1,2042,2110,2111,-1,2042,2111,2043,-1,2043,2111,2112,-1,2043,2112,2044,-1,2044,2112,2113,-1,2044,2113,2045,-1,2045,2113,2114,-1,2045,2114,2046,-1,2046,2114,2115,-1,2046,2115,2047,-1,2047,2115,2116,-1,2047,2116,2048,-1,2048,2116,2117,-1,2048,2117,2049,-1,2049,2117,2118,-1,2049,2118,2050,-1,2050,2118,2119,-1,2050,2119,2051,-1,2051,2119,2120,-1,2051,2120,2052,-1,2052,2120,2121,-1,2052,2121,2053,-1,2053,2121,2122,-1,2053,2122,2054,-1,2054,2122,2123,-1,2054,2123,2055,-1,2055,2123,2124,-1,2055,2124,2056,-1,2056,2124,2125,-1,2056,2125,2057,-1,2057,2125,2126,-1,2057,2126,2058,-1,2058,2126,2127,-1,2058,2127,2059,-1,2059,2127,2128,-1,2059,2128,2060,-1,2060,2128,2129,-1,2060,2129,2061,-1,2061,2129,2130,-1,2061,2130,2062,-1,2062,2130,2131,-1,2062,2131,2063,-1,2063,2131,2132,-1,2063,2132,2064,-1,2064,2132,2133,-1,2064,2133,2065,-1,2065,2133,2134,-1,2065,2134,2066,-1,2066,2134,2135,-1,2066,2135,2067,-1,2067,2135,2136,-1,2067,2136,2068,-1,2068,2136,2137,-1,2068,2137,2069,-1,2069,2137,2138,-1,2069,2138,2070,-1,2070,2138,2139,-1,2070,2139,2071,-1,2071,2139,2140,-1,2071,2140,2072,-1,2072,2140,2141,-1,2072,2141,2073,-1,2073,2141,2142,-1,2073,2142,2074,-1,2074,2142,2143,-1,2074,2143,2075,-1,2075,2143,2144,-1,2075,2144,2076,-1,2076,2144,2145,-1,2076,2145,2077,-1,2077,2145,2146,-1,2077,2146,2078,-1,2078,2146,2147,-1,2078,2147,2079,-1,2079,2147,2148,-1,2079,2148,2011,-1,2011,2148,2080,-1,2080,675,2081,-1,2081,675,677,-1,2081,677,2082,-1,2082,677,679,-1,2082,679,2083,-1,2083,679,681,-1,2083,681,2084,-1,2084,681,683,-1,2084,683,2085,-1,2085,683,685,-1,2085,685,2086,-1,2086,685,687,-1,2086,687,2087,-1,2087,687,689,-1,2087,689,2088,-1,2088,689,691,-1,2088,691,2089,-1,2089,691,693,-1,2089,693,2090,-1,2090,693,695,-1,2090,695,2091,-1,2091,695,697,-1,2091,697,2092,-1,2092,697,699,-1,2092,699,2093,-1,2093,699,701,-1,2093,701,2094,-1,2094,701,703,-1,2094,703,2095,-1,2095,703,705,-1,2095,705,2096,-1,2096,705,707,-1,2096,707,2097,-1,2097,707,710,-1,2097,710,2098,-1,2098,710,712,-1,2098,712,2099,-1,2099,712,714,-1,2099,714,2100,-1,2100,714,716,-1,2100,716,2101,-1,2101,716,718,-1,2101,718,2102,-1,2102,718,720,-1,2102,720,2103,-1,2103,720,722,-1,2103,722,2104,-1,2104,722,724,-1,2104,724,2105,-1,2105,724,726,-1,2105,726,2106,-1,2106,726,728,-1,2106,728,2107,-1,2107,728,730,-1,2107,730,2108,-1,2108,730,732,-1,2108,732,2109,-1,2109,732,734,-1,2109,734,2110,-1,2110,734,736,-1,2110,736,2111,-1,2111,736,738,-1,2111,738,2112,-1,2112,738,740,-1,2112,740,2113,-1,2113,740,742,-1,2113,742,2114,-1,2114,742,744,-1,2114,744,2115,-1,2115,744,746,-1,2115,746,2116,-1,2116,746,748,-1,2116,748,2117,-1,2117,748,750,-1,2117,750,2118,-1,2118,750,752,-1,2118,752,2119,-1,2119,752,754,-1,2119,754,2120,-1,2120,754,756,-1,2120,756,2121,-1,2121,756,758,-1,2121,758,2122,-1,2122,758,760,-1,2122,760,2123,-1,2123,760,762,-1,2123,762,2124,-1,2124,762,764,-1,2124,764,2125,-1,2125,764,766,-1,2125,766,2126,-1,2126,766,768,-1,2126,768,2127,-1,2127,768,770,-1,2127,770,2128,-1,2128,770,772,-1,2128,772,2129,-1,2129,772,774,-1,2129,774,2130,-1,2130,774,776,-1,2130,776,2131,-1,2131,776,639,-1,2131,639,2132,-1,2132,639,641,-1,2132,641,2133,-1,2133,641,643,-1,2133,643,2134,-1,2134,643,645,-1,2134,645,2135,-1,2135,645,647,-1,2135,647,2136,-1,2136,647,649,-1,2136,649,2137,-1,2137,649,651,-1,2137,651,2138,-1,2138,651,653,-1,2138,653,2139,-1,2139,653,655,-1,2139,655,2140,-1,2140,655,657,-1,2140,657,2141,-1,2141,657,659,-1,2141,659,2142,-1,2142,659,661,-1,2142,661,2143,-1,2143,661,663,-1,2143,663,2144,-1,2144,663,665,-1,2144,665,2145,-1,2145,665,667,-1,2145,667,2146,-1,2146,667,669,-1,2146,669,2147,-1,2147,669,671,-1,2147,671,2148,-1,2148,671,673,-1,2148,673,2080,-1,2080,673,675,-1,1345,1347,2149,-1,1355,1357,2150,-1,1359,1361,2151,-1,1365,1367,2152,-1,1369,1371,2153,-1,1379,1381,2154,-1,1389,1391,2155,-1,1393,1395,2156,-1,1399,1401,2157,-1,1403,1405,2158,-1,1413,1415,2159,-1,1423,1425,2160,-1,1427,1429,2161,-1,1431,1433,2162,-1,1437,1439,2163,-1,1447,1449,2164,-1,1451,1453,2165,-1,1457,1219,2166,-1,1221,1223,2167,-1,1231,1233,2168,-1,1241,1243,2169,-1,1245,1247,2170,-1,1251,1253,2171,-1,1255,1257,2172,-1,1265,1267,2173,-1,1269,1271,2174,-1,1275,1277,2175,-1,1279,1281,2176,-1,1283,1285,2177,-1,1289,1291,2178,-1,1299,1301,2179,-1,1303,1305,2180,-1,1309,1311,2181,-1,1313,1315,2182,-1,1323,1325,2183,-1,1333,1335,2184,-1,1337,1339,2185,-1,666,664,2186,-1,2186,664,2187,-1,2186,2187,2188,-1,2188,2187,2189,-1,2188,2189,2190,-1,2190,2189,2191,-1,2190,2191,2192,-1,2192,2191,2193,-1,2192,2193,2194,-1,2194,2193,2183,-1,660,658,2195,-1,2195,658,2196,-1,2195,2196,2197,-1,2197,2196,2198,-1,2197,2198,2199,-1,2199,2198,2200,-1,2199,2200,2201,-1,2201,2200,2202,-1,2201,2202,2203,-1,2203,2202,2182,-1,646,644,2204,-1,2204,644,2205,-1,2204,2205,2206,-1,2206,2205,2207,-1,2206,2207,2208,-1,2208,2207,2209,-1,2208,2209,2210,-1,2210,2209,2211,-1,2210,2211,2212,-1,2212,2211,2178,-1,767,765,2213,-1,2213,765,2214,-1,2213,2214,2215,-1,2215,2214,2216,-1,2215,2216,2217,-1,2217,2216,2218,-1,2217,2218,2219,-1,2219,2218,2220,-1,2219,2220,2221,-1,2221,2220,2172,-1,753,751,2222,-1,2222,751,2223,-1,2222,2223,2224,-1,2224,2223,2225,-1,2224,2225,2226,-1,2226,2225,2227,-1,2226,2227,2228,-1,2228,2227,2229,-1,2228,2229,2230,-1,2230,2229,2168,-1,747,745,2231,-1,2231,745,2232,-1,2231,2232,2233,-1,2233,2232,2234,-1,2233,2234,2235,-1,2235,2234,2236,-1,2235,2236,2237,-1,2237,2236,2238,-1,2237,2238,2239,-1,2239,2238,2167,-1,733,731,2240,-1,2240,731,2241,-1,2240,2241,2242,-1,2242,2241,2243,-1,2242,2243,2244,-1,2244,2243,2245,-1,2244,2245,2246,-1,2246,2245,2247,-1,2246,2247,2248,-1,2248,2247,2163,-1,719,717,2249,-1,2249,717,2250,-1,2249,2250,2251,-1,2251,2250,2252,-1,2251,2252,2253,-1,2253,2252,2254,-1,2253,2254,2255,-1,2255,2254,2256,-1,2255,2256,2257,-1,2257,2256,2159,-1,713,711,2258,-1,2258,711,2259,-1,2258,2259,2260,-1,2260,2259,2261,-1,2260,2261,2262,-1,2262,2261,2263,-1,2262,2263,2264,-1,2264,2263,2265,-1,2264,2265,2266,-1,2266,2265,2158,-1,700,698,2267,-1,2267,698,2268,-1,2267,2268,2269,-1,2269,2268,2270,-1,2269,2270,2271,-1,2271,2270,2272,-1,2271,2272,2273,-1,2273,2272,2274,-1,2273,2274,2275,-1,2275,2274,2154,-1,694,692,2276,-1,2276,692,2277,-1,2276,2277,2278,-1,2278,2277,2279,-1,2278,2279,2280,-1,2280,2279,2281,-1,2280,2281,2282,-1,2282,2281,2283,-1,2282,2283,2284,-1,2284,2283,2153,-1,680,678,2285,-1,2285,678,2286,-1,2285,2286,2287,-1,2287,2286,2288,-1,2287,2288,2289,-1,2289,2288,2290,-1,2289,2290,2291,-1,2291,2290,2292,-1,2291,2292,2293,-1,2293,2292,2149,-1,674,672,2294,-1,2294,672,2295,-1,2294,2295,2296,-1,2296,2295,2297,-1,2296,2297,2298,-1,2298,2297,2299,-1,2298,2299,2300,-1,2300,2299,2301,-1,2300,2301,2302,-1,2302,2301,2185,-1,2302,2185,1341,-1,1341,2185,1339,-1,672,670,2295,-1,2295,670,2303,-1,2295,2303,2297,-1,2297,2303,2304,-1,2297,2304,2299,-1,2299,2304,2305,-1,2299,2305,2301,-1,2301,2305,2306,-1,2301,2306,2185,-1,2185,2306,2184,-1,2185,2184,1337,-1,1337,2184,1335,-1,1331,1333,2307,-1,2307,1333,2184,-1,2307,2184,2308,-1,2308,2184,2306,-1,2308,2306,2309,-1,2309,2306,2305,-1,2309,2305,2310,-1,2310,2305,2304,-1,2310,2304,2311,-1,2311,2304,2303,-1,2311,2303,668,-1,668,2303,670,-1,668,666,2311,-1,2311,666,2186,-1,2311,2186,2310,-1,2310,2186,2188,-1,2310,2188,2309,-1,2309,2188,2190,-1,2309,2190,2308,-1,2308,2190,2192,-1,2308,2192,2307,-1,2307,2192,2194,-1,2307,2194,1331,-1,1331,2194,1329,-1,2183,1325,2194,-1,2194,1325,1327,-1,2194,1327,1329,-1,1321,1323,2312,-1,2312,1323,2183,-1,2312,2183,2313,-1,2313,2183,2193,-1,2313,2193,2314,-1,2314,2193,2191,-1,2314,2191,2315,-1,2315,2191,2189,-1,2315,2189,2316,-1,2316,2189,2187,-1,2316,2187,662,-1,662,2187,664,-1,662,660,2316,-1,2316,660,2195,-1,2316,2195,2315,-1,2315,2195,2197,-1,2315,2197,2314,-1,2314,2197,2199,-1,2314,2199,2313,-1,2313,2199,2201,-1,2313,2201,2312,-1,2312,2201,2203,-1,2312,2203,1321,-1,1321,2203,1319,-1,2182,1315,2203,-1,2203,1315,1317,-1,2203,1317,1319,-1,1311,1313,2181,-1,2181,1313,2182,-1,2181,2182,2317,-1,2317,2182,2202,-1,2317,2202,2318,-1,2318,2202,2200,-1,2318,2200,2319,-1,2319,2200,2198,-1,2319,2198,2320,-1,2320,2198,2196,-1,2320,2196,656,-1,656,2196,658,-1,1307,1309,2321,-1,2321,1309,2181,-1,2321,2181,2322,-1,2322,2181,2317,-1,2322,2317,2323,-1,2323,2317,2318,-1,2323,2318,2324,-1,2324,2318,2319,-1,2324,2319,2325,-1,2325,2319,2320,-1,2325,2320,654,-1,654,2320,656,-1,654,652,2325,-1,2325,652,2326,-1,2325,2326,2324,-1,2324,2326,2327,-1,2324,2327,2323,-1,2323,2327,2328,-1,2323,2328,2322,-1,2322,2328,2329,-1,2322,2329,2321,-1,2321,2329,2180,-1,2321,2180,1307,-1,1307,2180,1305,-1,652,650,2326,-1,2326,650,2330,-1,2326,2330,2327,-1,2327,2330,2331,-1,2327,2331,2328,-1,2328,2331,2332,-1,2328,2332,2329,-1,2329,2332,2333,-1,2329,2333,2180,-1,2180,2333,2179,-1,2180,2179,1303,-1,1303,2179,1301,-1,1297,1299,2334,-1,2334,1299,2179,-1,2334,2179,2335,-1,2335,2179,2333,-1,2335,2333,2336,-1,2336,2333,2332,-1,2336,2332,2337,-1,2337,2332,2331,-1,2337,2331,2338,-1,2338,2331,2330,-1,2338,2330,648,-1,648,2330,650,-1,648,646,2338,-1,2338,646,2204,-1,2338,2204,2337,-1,2337,2204,2206,-1,2337,2206,2336,-1,2336,2206,2208,-1,2336,2208,2335,-1,2335,2208,2210,-1,2335,2210,2334,-1,2334,2210,2212,-1,2334,2212,1297,-1,1297,2212,1295,-1,2178,1291,2212,-1,2212,1291,1293,-1,2212,1293,1295,-1,1287,1289,2339,-1,2339,1289,2178,-1,2339,2178,2340,-1,2340,2178,2211,-1,2340,2211,2341,-1,2341,2211,2209,-1,2341,2209,2342,-1,2342,2209,2207,-1,2342,2207,2343,-1,2343,2207,2205,-1,2343,2205,642,-1,642,2205,644,-1,642,640,2343,-1,2343,640,2344,-1,2343,2344,2342,-1,2342,2344,2345,-1,2342,2345,2341,-1,2341,2345,2346,-1,2341,2346,2340,-1,2340,2346,2347,-1,2340,2347,2339,-1,2339,2347,2177,-1,2339,2177,1287,-1,1287,2177,1285,-1,1281,1283,2176,-1,2176,1283,2177,-1,2176,2177,2348,-1,2348,2177,2347,-1,2348,2347,2349,-1,2349,2347,2346,-1,2349,2346,2350,-1,2350,2346,2345,-1,2350,2345,2351,-1,2351,2345,2344,-1,2351,2344,778,-1,778,2344,640,-1,778,777,2351,-1,2351,777,2352,-1,2351,2352,2350,-1,2350,2352,2353,-1,2350,2353,2349,-1,2349,2353,2354,-1,2349,2354,2348,-1,2348,2354,2355,-1,2348,2355,2176,-1,2176,2355,2175,-1,2176,2175,1279,-1,1279,2175,1277,-1,1273,1275,2356,-1,2356,1275,2175,-1,2356,2175,2357,-1,2357,2175,2355,-1,2357,2355,2358,-1,2358,2355,2354,-1,2358,2354,2359,-1,2359,2354,2353,-1,2359,2353,2360,-1,2360,2353,2352,-1,2360,2352,775,-1,775,2352,777,-1,775,773,2360,-1,2360,773,2361,-1,2360,2361,2359,-1,2359,2361,2362,-1,2359,2362,2358,-1,2358,2362,2363,-1,2358,2363,2357,-1,2357,2363,2364,-1,2357,2364,2356,-1,2356,2364,2174,-1,2356,2174,1273,-1,1273,2174,1271,-1,773,771,2361,-1,2361,771,2365,-1,2361,2365,2362,-1,2362,2365,2366,-1,2362,2366,2363,-1,2363,2366,2367,-1,2363,2367,2364,-1,2364,2367,2368,-1,2364,2368,2174,-1,2174,2368,2173,-1,2174,2173,1269,-1,1269,2173,1267,-1,1263,1265,2369,-1,2369,1265,2173,-1,2369,2173,2370,-1,2370,2173,2368,-1,2370,2368,2371,-1,2371,2368,2367,-1,2371,2367,2372,-1,2372,2367,2366,-1,2372,2366,2373,-1,2373,2366,2365,-1,2373,2365,769,-1,769,2365,771,-1,769,767,2373,-1,2373,767,2213,-1,2373,2213,2372,-1,2372,2213,2215,-1,2372,2215,2371,-1,2371,2215,2217,-1,2371,2217,2370,-1,2370,2217,2219,-1,2370,2219,2369,-1,2369,2219,2221,-1,2369,2221,1263,-1,1263,2221,1261,-1,2172,1257,2221,-1,2221,1257,1259,-1,2221,1259,1261,-1,1253,1255,2171,-1,2171,1255,2172,-1,2171,2172,2374,-1,2374,2172,2220,-1,2374,2220,2375,-1,2375,2220,2218,-1,2375,2218,2376,-1,2376,2218,2216,-1,2376,2216,2377,-1,2377,2216,2214,-1,2377,2214,763,-1,763,2214,765,-1,1249,1251,2378,-1,2378,1251,2171,-1,2378,2171,2379,-1,2379,2171,2374,-1,2379,2374,2380,-1,2380,2374,2375,-1,2380,2375,2381,-1,2381,2375,2376,-1,2381,2376,2382,-1,2382,2376,2377,-1,2382,2377,761,-1,761,2377,763,-1,761,759,2382,-1,2382,759,2383,-1,2382,2383,2381,-1,2381,2383,2384,-1,2381,2384,2380,-1,2380,2384,2385,-1,2380,2385,2379,-1,2379,2385,2386,-1,2379,2386,2378,-1,2378,2386,2170,-1,2378,2170,1249,-1,1249,2170,1247,-1,759,757,2383,-1,2383,757,2387,-1,2383,2387,2384,-1,2384,2387,2388,-1,2384,2388,2385,-1,2385,2388,2389,-1,2385,2389,2386,-1,2386,2389,2390,-1,2386,2390,2170,-1,2170,2390,2169,-1,2170,2169,1245,-1,1245,2169,1243,-1,1239,1241,2391,-1,2391,1241,2169,-1,2391,2169,2392,-1,2392,2169,2390,-1,2392,2390,2393,-1,2393,2390,2389,-1,2393,2389,2394,-1,2394,2389,2388,-1,2394,2388,2395,-1,2395,2388,2387,-1,2395,2387,755,-1,755,2387,757,-1,755,753,2395,-1,2395,753,2222,-1,2395,2222,2394,-1,2394,2222,2224,-1,2394,2224,2393,-1,2393,2224,2226,-1,2393,2226,2392,-1,2392,2226,2228,-1,2392,2228,2391,-1,2391,2228,2230,-1,2391,2230,1239,-1,1239,2230,1237,-1,2168,1233,2230,-1,2230,1233,1235,-1,2230,1235,1237,-1,1229,1231,2396,-1,2396,1231,2168,-1,2396,2168,2397,-1,2397,2168,2229,-1,2397,2229,2398,-1,2398,2229,2227,-1,2398,2227,2399,-1,2399,2227,2225,-1,2399,2225,2400,-1,2400,2225,2223,-1,2400,2223,749,-1,749,2223,751,-1,749,747,2400,-1,2400,747,2231,-1,2400,2231,2399,-1,2399,2231,2233,-1,2399,2233,2398,-1,2398,2233,2235,-1,2398,2235,2397,-1,2397,2235,2237,-1,2397,2237,2396,-1,2396,2237,2239,-1,2396,2239,1229,-1,1229,2239,1227,-1,2167,1223,2239,-1,2239,1223,1225,-1,2239,1225,1227,-1,1219,1221,2166,-1,2166,1221,2167,-1,2166,2167,2401,-1,2401,2167,2238,-1,2401,2238,2402,-1,2402,2238,2236,-1,2402,2236,2403,-1,2403,2236,2234,-1,2403,2234,2404,-1,2404,2234,2232,-1,2404,2232,743,-1,743,2232,745,-1,1455,1457,2405,-1,2405,1457,2166,-1,2405,2166,2406,-1,2406,2166,2401,-1,2406,2401,2407,-1,2407,2401,2402,-1,2407,2402,2408,-1,2408,2402,2403,-1,2408,2403,2409,-1,2409,2403,2404,-1,2409,2404,741,-1,741,2404,743,-1,741,739,2409,-1,2409,739,2410,-1,2409,2410,2408,-1,2408,2410,2411,-1,2408,2411,2407,-1,2407,2411,2412,-1,2407,2412,2406,-1,2406,2412,2413,-1,2406,2413,2405,-1,2405,2413,2165,-1,2405,2165,1455,-1,1455,2165,1453,-1,739,737,2410,-1,2410,737,2414,-1,2410,2414,2411,-1,2411,2414,2415,-1,2411,2415,2412,-1,2412,2415,2416,-1,2412,2416,2413,-1,2413,2416,2417,-1,2413,2417,2165,-1,2165,2417,2164,-1,2165,2164,1451,-1,1451,2164,1449,-1,1445,1447,2418,-1,2418,1447,2164,-1,2418,2164,2419,-1,2419,2164,2417,-1,2419,2417,2420,-1,2420,2417,2416,-1,2420,2416,2421,-1,2421,2416,2415,-1,2421,2415,2422,-1,2422,2415,2414,-1,2422,2414,735,-1,735,2414,737,-1,735,733,2422,-1,2422,733,2240,-1,2422,2240,2421,-1,2421,2240,2242,-1,2421,2242,2420,-1,2420,2242,2244,-1,2420,2244,2419,-1,2419,2244,2246,-1,2419,2246,2418,-1,2418,2246,2248,-1,2418,2248,1445,-1,1445,2248,1443,-1,2163,1439,2248,-1,2248,1439,1441,-1,2248,1441,1443,-1,1435,1437,2423,-1,2423,1437,2163,-1,2423,2163,2424,-1,2424,2163,2247,-1,2424,2247,2425,-1,2425,2247,2245,-1,2425,2245,2426,-1,2426,2245,2243,-1,2426,2243,2427,-1,2427,2243,2241,-1,2427,2241,729,-1,729,2241,731,-1,729,727,2427,-1,2427,727,2428,-1,2427,2428,2426,-1,2426,2428,2429,-1,2426,2429,2425,-1,2425,2429,2430,-1,2425,2430,2424,-1,2424,2430,2431,-1,2424,2431,2423,-1,2423,2431,2162,-1,2423,2162,1435,-1,1435,2162,1433,-1,1429,1431,2161,-1,2161,1431,2162,-1,2161,2162,2432,-1,2432,2162,2431,-1,2432,2431,2433,-1,2433,2431,2430,-1,2433,2430,2434,-1,2434,2430,2429,-1,2434,2429,2435,-1,2435,2429,2428,-1,2435,2428,725,-1,725,2428,727,-1,725,723,2435,-1,2435,723,2436,-1,2435,2436,2434,-1,2434,2436,2437,-1,2434,2437,2433,-1,2433,2437,2438,-1,2433,2438,2432,-1,2432,2438,2439,-1,2432,2439,2161,-1,2161,2439,2160,-1,2161,2160,1427,-1,1427,2160,1425,-1,1421,1423,2440,-1,2440,1423,2160,-1,2440,2160,2441,-1,2441,2160,2439,-1,2441,2439,2442,-1,2442,2439,2438,-1,2442,2438,2443,-1,2443,2438,2437,-1,2443,2437,2444,-1,2444,2437,2436,-1,2444,2436,721,-1,721,2436,723,-1,721,719,2444,-1,2444,719,2249,-1,2444,2249,2443,-1,2443,2249,2251,-1,2443,2251,2442,-1,2442,2251,2253,-1,2442,2253,2441,-1,2441,2253,2255,-1,2441,2255,2440,-1,2440,2255,2257,-1,2440,2257,1421,-1,1421,2257,1419,-1,2159,1415,2257,-1,2257,1415,1417,-1,2257,1417,1419,-1,1411,1413,2445,-1,2445,1413,2159,-1,2445,2159,2446,-1,2446,2159,2256,-1,2446,2256,2447,-1,2447,2256,2254,-1,2447,2254,2448,-1,2448,2254,2252,-1,2448,2252,2449,-1,2449,2252,2250,-1,2449,2250,715,-1,715,2250,717,-1,715,713,2449,-1,2449,713,2258,-1,2449,2258,2448,-1,2448,2258,2260,-1,2448,2260,2447,-1,2447,2260,2262,-1,2447,2262,2446,-1,2446,2262,2264,-1,2446,2264,2445,-1,2445,2264,2266,-1,2445,2266,1411,-1,1411,2266,1409,-1,2158,1405,2266,-1,2266,1405,1407,-1,2266,1407,1409,-1,1401,1403,2157,-1,2157,1403,2158,-1,2157,2158,2450,-1,2450,2158,2265,-1,2450,2265,2451,-1,2451,2265,2263,-1,2451,2263,2452,-1,2452,2263,2261,-1,2452,2261,2453,-1,2453,2261,2259,-1,2453,2259,709,-1,709,2259,711,-1,1397,1399,2454,-1,2454,1399,2157,-1,2454,2157,2455,-1,2455,2157,2450,-1,2455,2450,2456,-1,2456,2450,2451,-1,2456,2451,2457,-1,2457,2451,2452,-1,2457,2452,2458,-1,2458,2452,2453,-1,2458,2453,708,-1,708,2453,709,-1,708,706,2458,-1,2458,706,2459,-1,2458,2459,2457,-1,2457,2459,2460,-1,2457,2460,2456,-1,2456,2460,2461,-1,2456,2461,2455,-1,2455,2461,2462,-1,2455,2462,2454,-1,2454,2462,2156,-1,2454,2156,1397,-1,1397,2156,1395,-1,706,704,2459,-1,2459,704,2463,-1,2459,2463,2460,-1,2460,2463,2464,-1,2460,2464,2461,-1,2461,2464,2465,-1,2461,2465,2462,-1,2462,2465,2466,-1,2462,2466,2156,-1,2156,2466,2155,-1,2156,2155,1393,-1,1393,2155,1391,-1,1387,1389,2467,-1,2467,1389,2155,-1,2467,2155,2468,-1,2468,2155,2466,-1,2468,2466,2469,-1,2469,2466,2465,-1,2469,2465,2470,-1,2470,2465,2464,-1,2470,2464,2471,-1,2471,2464,2463,-1,2471,2463,702,-1,702,2463,704,-1,702,700,2471,-1,2471,700,2267,-1,2471,2267,2470,-1,2470,2267,2269,-1,2470,2269,2469,-1,2469,2269,2271,-1,2469,2271,2468,-1,2468,2271,2273,-1,2468,2273,2467,-1,2467,2273,2275,-1,2467,2275,1387,-1,1387,2275,1385,-1,2154,1381,2275,-1,2275,1381,1383,-1,2275,1383,1385,-1,1377,1379,2472,-1,2472,1379,2154,-1,2472,2154,2473,-1,2473,2154,2274,-1,2473,2274,2474,-1,2474,2274,2272,-1,2474,2272,2475,-1,2475,2272,2270,-1,2475,2270,2476,-1,2476,2270,2268,-1,2476,2268,696,-1,696,2268,698,-1,696,694,2476,-1,2476,694,2276,-1,2476,2276,2475,-1,2475,2276,2278,-1,2475,2278,2474,-1,2474,2278,2280,-1,2474,2280,2473,-1,2473,2280,2282,-1,2473,2282,2472,-1,2472,2282,2284,-1,2472,2284,1377,-1,1377,2284,1375,-1,2153,1371,2284,-1,2284,1371,1373,-1,2284,1373,1375,-1,692,690,2277,-1,2277,690,2477,-1,2277,2477,2279,-1,2279,2477,2478,-1,2279,2478,2281,-1,2281,2478,2479,-1,2281,2479,2283,-1,2283,2479,2480,-1,2283,2480,2153,-1,2153,2480,2152,-1,2153,2152,1369,-1,1369,2152,1367,-1,1363,1365,2481,-1,2481,1365,2152,-1,2481,2152,2482,-1,2482,2152,2480,-1,2482,2480,2483,-1,2483,2480,2479,-1,2483,2479,2484,-1,2484,2479,2478,-1,2484,2478,2485,-1,2485,2478,2477,-1,2485,2477,688,-1,688,2477,690,-1,688,686,2485,-1,2485,686,2486,-1,2485,2486,2484,-1,2484,2486,2487,-1,2484,2487,2483,-1,2483,2487,2488,-1,2483,2488,2482,-1,2482,2488,2489,-1,2482,2489,2481,-1,2481,2489,2151,-1,2481,2151,1363,-1,1363,2151,1361,-1,686,684,2486,-1,2486,684,2490,-1,2486,2490,2487,-1,2487,2490,2491,-1,2487,2491,2488,-1,2488,2491,2492,-1,2488,2492,2489,-1,2489,2492,2493,-1,2489,2493,2151,-1,2151,2493,2150,-1,2151,2150,1359,-1,1359,2150,1357,-1,1353,1355,2494,-1,2494,1355,2150,-1,2494,2150,2495,-1,2495,2150,2493,-1,2495,2493,2496,-1,2496,2493,2492,-1,2496,2492,2497,-1,2497,2492,2491,-1,2497,2491,2498,-1,2498,2491,2490,-1,2498,2490,682,-1,682,2490,684,-1,682,680,2498,-1,2498,680,2285,-1,2498,2285,2497,-1,2497,2285,2287,-1,2497,2287,2496,-1,2496,2287,2289,-1,2496,2289,2495,-1,2495,2289,2291,-1,2495,2291,2494,-1,2494,2291,2293,-1,2494,2293,1353,-1,1353,2293,1351,-1,2149,1347,2293,-1,2293,1347,1349,-1,2293,1349,1351,-1,1343,1345,2499,-1,2499,1345,2149,-1,2499,2149,2500,-1,2500,2149,2292,-1,2500,2292,2501,-1,2501,2292,2290,-1,2501,2290,2502,-1,2502,2290,2288,-1,2502,2288,2503,-1,2503,2288,2286,-1,2503,2286,676,-1,676,2286,678,-1,676,674,2503,-1,2503,674,2294,-1,2503,2294,2502,-1,2502,2294,2296,-1,2502,2296,2501,-1,2501,2296,2298,-1,2501,2298,2500,-1,2500,2298,2300,-1,2500,2300,2499,-1,2499,2300,2302,-1,2499,2302,1343,-1,1343,2302,1341,-1,192,194,2504,-1,202,204,2505,-1,206,208,2506,-1,212,214,2507,-1,216,218,2508,-1,226,228,2509,-1,236,238,2510,-1,240,242,2511,-1,169,171,2512,-1,173,175,2513,-1,183,185,2514,-1,166,88,2515,-1,87,92,2516,-1,94,96,2517,-1,100,102,2518,-1,110,112,2519,-1,114,116,2520,-1,120,122,2521,-1,124,126,2522,-1,134,136,2523,-1,144,146,2524,-1,148,150,2525,-1,154,156,2526,-1,158,85,2527,-1,74,72,2528,-1,70,77,2529,-1,67,65,2530,-1,62,60,2531,-1,58,56,2532,-1,47,49,2533,-1,37,39,2534,-1,41,43,2535,-1,33,31,2536,-1,28,26,2537,-1,13,15,2538,-1,2,4,2539,-1,6,8,2540,-1,1034,1032,2541,-1,2541,1032,2542,-1,2541,2542,2543,-1,2543,2542,2544,-1,2543,2544,2545,-1,2545,2544,2546,-1,2545,2546,2547,-1,2547,2546,2548,-1,2547,2548,2549,-1,2549,2548,2538,-1,1028,1026,2550,-1,2550,1026,2551,-1,2550,2551,2552,-1,2552,2551,2553,-1,2552,2553,2554,-1,2554,2553,2555,-1,2554,2555,2556,-1,2556,2555,2557,-1,2556,2557,2558,-1,2558,2557,2537,-1,1014,1012,2559,-1,2559,1012,2560,-1,2559,2560,2561,-1,2561,2560,2562,-1,2561,2562,2563,-1,2563,2562,2564,-1,2563,2564,2565,-1,2565,2564,2566,-1,2565,2566,2567,-1,2567,2566,2533,-1,1135,1133,2568,-1,2568,1133,2569,-1,2568,2569,2570,-1,2570,2569,2571,-1,2570,2571,2572,-1,2572,2571,2573,-1,2572,2573,2574,-1,2574,2573,2575,-1,2574,2575,2576,-1,2576,2575,2527,-1,1121,1119,2577,-1,2577,1119,2578,-1,2577,2578,2579,-1,2579,2578,2580,-1,2579,2580,2581,-1,2581,2580,2582,-1,2581,2582,2583,-1,2583,2582,2584,-1,2583,2584,2585,-1,2585,2584,2523,-1,1115,1113,2586,-1,2586,1113,2587,-1,2586,2587,2588,-1,2588,2587,2589,-1,2588,2589,2590,-1,2590,2589,2591,-1,2590,2591,2592,-1,2592,2591,2593,-1,2592,2593,2594,-1,2594,2593,2522,-1,1101,1099,2595,-1,2595,1099,2596,-1,2595,2596,2597,-1,2597,2596,2598,-1,2597,2598,2599,-1,2599,2598,2600,-1,2599,2600,2601,-1,2601,2600,2602,-1,2601,2602,2603,-1,2603,2602,2518,-1,1087,1085,2604,-1,2604,1085,2605,-1,2604,2605,2606,-1,2606,2605,2607,-1,2606,2607,2608,-1,2608,2607,2609,-1,2608,2609,2610,-1,2610,2609,2611,-1,2610,2611,2612,-1,2612,2611,2514,-1,1081,1079,2613,-1,2613,1079,2614,-1,2613,2614,2615,-1,2615,2614,2616,-1,2615,2616,2617,-1,2617,2616,2618,-1,2617,2618,2619,-1,2619,2618,2620,-1,2619,2620,2621,-1,2621,2620,2513,-1,1068,1066,2622,-1,2622,1066,2623,-1,2622,2623,2624,-1,2624,2623,2625,-1,2624,2625,2626,-1,2626,2625,2627,-1,2626,2627,2628,-1,2628,2627,2629,-1,2628,2629,2630,-1,2630,2629,2509,-1,1062,1060,2631,-1,2631,1060,2632,-1,2631,2632,2633,-1,2633,2632,2634,-1,2633,2634,2635,-1,2635,2634,2636,-1,2635,2636,2637,-1,2637,2636,2638,-1,2637,2638,2639,-1,2639,2638,2508,-1,1048,1046,2640,-1,2640,1046,2641,-1,2640,2641,2642,-1,2642,2641,2643,-1,2642,2643,2644,-1,2644,2643,2645,-1,2644,2645,2646,-1,2646,2645,2647,-1,2646,2647,2648,-1,2648,2647,2504,-1,1042,1040,2649,-1,2649,1040,2650,-1,2649,2650,2651,-1,2651,2650,2652,-1,2651,2652,2653,-1,2653,2652,2654,-1,2653,2654,2655,-1,2655,2654,2656,-1,2655,2656,2657,-1,2657,2656,2540,-1,2657,2540,10,-1,10,2540,8,-1,1040,1038,2650,-1,2650,1038,2658,-1,2650,2658,2652,-1,2652,2658,2659,-1,2652,2659,2654,-1,2654,2659,2660,-1,2654,2660,2656,-1,2656,2660,2661,-1,2656,2661,2540,-1,2540,2661,2539,-1,2540,2539,6,-1,6,2539,4,-1,20,2,2662,-1,2662,2,2539,-1,2662,2539,2663,-1,2663,2539,2661,-1,2663,2661,2664,-1,2664,2661,2660,-1,2664,2660,2665,-1,2665,2660,2659,-1,2665,2659,2666,-1,2666,2659,2658,-1,2666,2658,1036,-1,1036,2658,1038,-1,1036,1034,2666,-1,2666,1034,2541,-1,2666,2541,2665,-1,2665,2541,2543,-1,2665,2543,2664,-1,2664,2543,2545,-1,2664,2545,2663,-1,2663,2545,2547,-1,2663,2547,2662,-1,2662,2547,2549,-1,2662,2549,20,-1,20,2549,19,-1,2538,15,2549,-1,2549,15,17,-1,2549,17,19,-1,21,13,2667,-1,2667,13,2538,-1,2667,2538,2668,-1,2668,2538,2548,-1,2668,2548,2669,-1,2669,2548,2546,-1,2669,2546,2670,-1,2670,2546,2544,-1,2670,2544,2671,-1,2671,2544,2542,-1,2671,2542,1030,-1,1030,2542,1032,-1,1030,1028,2671,-1,2671,1028,2550,-1,2671,2550,2670,-1,2670,2550,2552,-1,2670,2552,2669,-1,2669,2552,2554,-1,2669,2554,2668,-1,2668,2554,2556,-1,2668,2556,2667,-1,2667,2556,2558,-1,2667,2558,21,-1,21,2558,22,-1,2537,26,2558,-1,2558,26,24,-1,2558,24,22,-1,31,28,2536,-1,2536,28,2537,-1,2536,2537,2672,-1,2672,2537,2557,-1,2672,2557,2673,-1,2673,2557,2555,-1,2673,2555,2674,-1,2674,2555,2553,-1,2674,2553,2675,-1,2675,2553,2551,-1,2675,2551,1024,-1,1024,2551,1026,-1,44,33,2676,-1,2676,33,2536,-1,2676,2536,2677,-1,2677,2536,2672,-1,2677,2672,2678,-1,2678,2672,2673,-1,2678,2673,2679,-1,2679,2673,2674,-1,2679,2674,2680,-1,2680,2674,2675,-1,2680,2675,1022,-1,1022,2675,1024,-1,1022,1020,2680,-1,2680,1020,2681,-1,2680,2681,2679,-1,2679,2681,2682,-1,2679,2682,2678,-1,2678,2682,2683,-1,2678,2683,2677,-1,2677,2683,2684,-1,2677,2684,2676,-1,2676,2684,2535,-1,2676,2535,44,-1,44,2535,43,-1,1020,1018,2681,-1,2681,1018,2685,-1,2681,2685,2682,-1,2682,2685,2686,-1,2682,2686,2683,-1,2683,2686,2687,-1,2683,2687,2684,-1,2684,2687,2688,-1,2684,2688,2535,-1,2535,2688,2534,-1,2535,2534,41,-1,41,2534,39,-1,54,37,2689,-1,2689,37,2534,-1,2689,2534,2690,-1,2690,2534,2688,-1,2690,2688,2691,-1,2691,2688,2687,-1,2691,2687,2692,-1,2692,2687,2686,-1,2692,2686,2693,-1,2693,2686,2685,-1,2693,2685,1016,-1,1016,2685,1018,-1,1016,1014,2693,-1,2693,1014,2559,-1,2693,2559,2692,-1,2692,2559,2561,-1,2692,2561,2691,-1,2691,2561,2563,-1,2691,2563,2690,-1,2690,2563,2565,-1,2690,2565,2689,-1,2689,2565,2567,-1,2689,2567,54,-1,54,2567,53,-1,2533,49,2567,-1,2567,49,51,-1,2567,51,53,-1,55,47,2694,-1,2694,47,2533,-1,2694,2533,2695,-1,2695,2533,2566,-1,2695,2566,2696,-1,2696,2566,2564,-1,2696,2564,2697,-1,2697,2564,2562,-1,2697,2562,2698,-1,2698,2562,2560,-1,2698,2560,1010,-1,1010,2560,1012,-1,1010,1008,2698,-1,2698,1008,2699,-1,2698,2699,2697,-1,2697,2699,2700,-1,2697,2700,2696,-1,2696,2700,2701,-1,2696,2701,2695,-1,2695,2701,2702,-1,2695,2702,2694,-1,2694,2702,2532,-1,2694,2532,55,-1,55,2532,56,-1,60,58,2531,-1,2531,58,2532,-1,2531,2532,2703,-1,2703,2532,2702,-1,2703,2702,2704,-1,2704,2702,2701,-1,2704,2701,2705,-1,2705,2701,2700,-1,2705,2700,2706,-1,2706,2700,2699,-1,2706,2699,1146,-1,1146,2699,1008,-1,1146,1145,2706,-1,2706,1145,2707,-1,2706,2707,2705,-1,2705,2707,2708,-1,2705,2708,2704,-1,2704,2708,2709,-1,2704,2709,2703,-1,2703,2709,2710,-1,2703,2710,2531,-1,2531,2710,2530,-1,2531,2530,62,-1,62,2530,65,-1,76,67,2711,-1,2711,67,2530,-1,2711,2530,2712,-1,2712,2530,2710,-1,2712,2710,2713,-1,2713,2710,2709,-1,2713,2709,2714,-1,2714,2709,2708,-1,2714,2708,2715,-1,2715,2708,2707,-1,2715,2707,1143,-1,1143,2707,1145,-1,1143,1141,2715,-1,2715,1141,2716,-1,2715,2716,2714,-1,2714,2716,2717,-1,2714,2717,2713,-1,2713,2717,2718,-1,2713,2718,2712,-1,2712,2718,2719,-1,2712,2719,2711,-1,2711,2719,2529,-1,2711,2529,76,-1,76,2529,77,-1,1141,1139,2716,-1,2716,1139,2720,-1,2716,2720,2717,-1,2717,2720,2721,-1,2717,2721,2718,-1,2718,2721,2722,-1,2718,2722,2719,-1,2719,2722,2723,-1,2719,2723,2529,-1,2529,2723,2528,-1,2529,2528,70,-1,70,2528,72,-1,80,74,2724,-1,2724,74,2528,-1,2724,2528,2725,-1,2725,2528,2723,-1,2725,2723,2726,-1,2726,2723,2722,-1,2726,2722,2727,-1,2727,2722,2721,-1,2727,2721,2728,-1,2728,2721,2720,-1,2728,2720,1137,-1,1137,2720,1139,-1,1137,1135,2728,-1,2728,1135,2568,-1,2728,2568,2727,-1,2727,2568,2570,-1,2727,2570,2726,-1,2726,2570,2572,-1,2726,2572,2725,-1,2725,2572,2574,-1,2725,2574,2724,-1,2724,2574,2576,-1,2724,2576,80,-1,80,2576,81,-1,2527,85,2576,-1,2576,85,83,-1,2576,83,81,-1,156,158,2526,-1,2526,158,2527,-1,2526,2527,2729,-1,2729,2527,2575,-1,2729,2575,2730,-1,2730,2575,2573,-1,2730,2573,2731,-1,2731,2573,2571,-1,2731,2571,2732,-1,2732,2571,2569,-1,2732,2569,1131,-1,1131,2569,1133,-1,152,154,2733,-1,2733,154,2526,-1,2733,2526,2734,-1,2734,2526,2729,-1,2734,2729,2735,-1,2735,2729,2730,-1,2735,2730,2736,-1,2736,2730,2731,-1,2736,2731,2737,-1,2737,2731,2732,-1,2737,2732,1129,-1,1129,2732,1131,-1,1129,1127,2737,-1,2737,1127,2738,-1,2737,2738,2736,-1,2736,2738,2739,-1,2736,2739,2735,-1,2735,2739,2740,-1,2735,2740,2734,-1,2734,2740,2741,-1,2734,2741,2733,-1,2733,2741,2525,-1,2733,2525,152,-1,152,2525,150,-1,1127,1125,2738,-1,2738,1125,2742,-1,2738,2742,2739,-1,2739,2742,2743,-1,2739,2743,2740,-1,2740,2743,2744,-1,2740,2744,2741,-1,2741,2744,2745,-1,2741,2745,2525,-1,2525,2745,2524,-1,2525,2524,148,-1,148,2524,146,-1,142,144,2746,-1,2746,144,2524,-1,2746,2524,2747,-1,2747,2524,2745,-1,2747,2745,2748,-1,2748,2745,2744,-1,2748,2744,2749,-1,2749,2744,2743,-1,2749,2743,2750,-1,2750,2743,2742,-1,2750,2742,1123,-1,1123,2742,1125,-1,1123,1121,2750,-1,2750,1121,2577,-1,2750,2577,2749,-1,2749,2577,2579,-1,2749,2579,2748,-1,2748,2579,2581,-1,2748,2581,2747,-1,2747,2581,2583,-1,2747,2583,2746,-1,2746,2583,2585,-1,2746,2585,142,-1,142,2585,140,-1,2523,136,2585,-1,2585,136,138,-1,2585,138,140,-1,132,134,2751,-1,2751,134,2523,-1,2751,2523,2752,-1,2752,2523,2584,-1,2752,2584,2753,-1,2753,2584,2582,-1,2753,2582,2754,-1,2754,2582,2580,-1,2754,2580,2755,-1,2755,2580,2578,-1,2755,2578,1117,-1,1117,2578,1119,-1,1117,1115,2755,-1,2755,1115,2586,-1,2755,2586,2754,-1,2754,2586,2588,-1,2754,2588,2753,-1,2753,2588,2590,-1,2753,2590,2752,-1,2752,2590,2592,-1,2752,2592,2751,-1,2751,2592,2594,-1,2751,2594,132,-1,132,2594,130,-1,2522,126,2594,-1,2594,126,128,-1,2594,128,130,-1,122,124,2521,-1,2521,124,2522,-1,2521,2522,2756,-1,2756,2522,2593,-1,2756,2593,2757,-1,2757,2593,2591,-1,2757,2591,2758,-1,2758,2591,2589,-1,2758,2589,2759,-1,2759,2589,2587,-1,2759,2587,1111,-1,1111,2587,1113,-1,118,120,2760,-1,2760,120,2521,-1,2760,2521,2761,-1,2761,2521,2756,-1,2761,2756,2762,-1,2762,2756,2757,-1,2762,2757,2763,-1,2763,2757,2758,-1,2763,2758,2764,-1,2764,2758,2759,-1,2764,2759,1109,-1,1109,2759,1111,-1,1109,1107,2764,-1,2764,1107,2765,-1,2764,2765,2763,-1,2763,2765,2766,-1,2763,2766,2762,-1,2762,2766,2767,-1,2762,2767,2761,-1,2761,2767,2768,-1,2761,2768,2760,-1,2760,2768,2520,-1,2760,2520,118,-1,118,2520,116,-1,1107,1105,2765,-1,2765,1105,2769,-1,2765,2769,2766,-1,2766,2769,2770,-1,2766,2770,2767,-1,2767,2770,2771,-1,2767,2771,2768,-1,2768,2771,2772,-1,2768,2772,2520,-1,2520,2772,2519,-1,2520,2519,114,-1,114,2519,112,-1,108,110,2773,-1,2773,110,2519,-1,2773,2519,2774,-1,2774,2519,2772,-1,2774,2772,2775,-1,2775,2772,2771,-1,2775,2771,2776,-1,2776,2771,2770,-1,2776,2770,2777,-1,2777,2770,2769,-1,2777,2769,1103,-1,1103,2769,1105,-1,1103,1101,2777,-1,2777,1101,2595,-1,2777,2595,2776,-1,2776,2595,2597,-1,2776,2597,2775,-1,2775,2597,2599,-1,2775,2599,2774,-1,2774,2599,2601,-1,2774,2601,2773,-1,2773,2601,2603,-1,2773,2603,108,-1,108,2603,106,-1,2518,102,2603,-1,2603,102,104,-1,2603,104,106,-1,98,100,2778,-1,2778,100,2518,-1,2778,2518,2779,-1,2779,2518,2602,-1,2779,2602,2780,-1,2780,2602,2600,-1,2780,2600,2781,-1,2781,2600,2598,-1,2781,2598,2782,-1,2782,2598,2596,-1,2782,2596,1097,-1,1097,2596,1099,-1,1097,1095,2782,-1,2782,1095,2783,-1,2782,2783,2781,-1,2781,2783,2784,-1,2781,2784,2780,-1,2780,2784,2785,-1,2780,2785,2779,-1,2779,2785,2786,-1,2779,2786,2778,-1,2778,2786,2517,-1,2778,2517,98,-1,98,2517,96,-1,92,94,2516,-1,2516,94,2517,-1,2516,2517,2787,-1,2787,2517,2786,-1,2787,2786,2788,-1,2788,2786,2785,-1,2788,2785,2789,-1,2789,2785,2784,-1,2789,2784,2790,-1,2790,2784,2783,-1,2790,2783,1093,-1,1093,2783,1095,-1,1093,1091,2790,-1,2790,1091,2791,-1,2790,2791,2789,-1,2789,2791,2792,-1,2789,2792,2788,-1,2788,2792,2793,-1,2788,2793,2787,-1,2787,2793,2794,-1,2787,2794,2516,-1,2516,2794,2515,-1,2516,2515,87,-1,87,2515,88,-1,165,166,2795,-1,2795,166,2515,-1,2795,2515,2796,-1,2796,2515,2794,-1,2796,2794,2797,-1,2797,2794,2793,-1,2797,2793,2798,-1,2798,2793,2792,-1,2798,2792,2799,-1,2799,2792,2791,-1,2799,2791,1089,-1,1089,2791,1091,-1,1089,1087,2799,-1,2799,1087,2604,-1,2799,2604,2798,-1,2798,2604,2606,-1,2798,2606,2797,-1,2797,2606,2608,-1,2797,2608,2796,-1,2796,2608,2610,-1,2796,2610,2795,-1,2795,2610,2612,-1,2795,2612,165,-1,165,2612,163,-1,2514,185,2612,-1,2612,185,161,-1,2612,161,163,-1,181,183,2800,-1,2800,183,2514,-1,2800,2514,2801,-1,2801,2514,2611,-1,2801,2611,2802,-1,2802,2611,2609,-1,2802,2609,2803,-1,2803,2609,2607,-1,2803,2607,2804,-1,2804,2607,2605,-1,2804,2605,1083,-1,1083,2605,1085,-1,1083,1081,2804,-1,2804,1081,2613,-1,2804,2613,2803,-1,2803,2613,2615,-1,2803,2615,2802,-1,2802,2615,2617,-1,2802,2617,2801,-1,2801,2617,2619,-1,2801,2619,2800,-1,2800,2619,2621,-1,2800,2621,181,-1,181,2621,179,-1,2513,175,2621,-1,2621,175,177,-1,2621,177,179,-1,171,173,2512,-1,2512,173,2513,-1,2512,2513,2805,-1,2805,2513,2620,-1,2805,2620,2806,-1,2806,2620,2618,-1,2806,2618,2807,-1,2807,2618,2616,-1,2807,2616,2808,-1,2808,2616,2614,-1,2808,2614,1077,-1,1077,2614,1079,-1,243,169,2809,-1,2809,169,2512,-1,2809,2512,2810,-1,2810,2512,2805,-1,2810,2805,2811,-1,2811,2805,2806,-1,2811,2806,2812,-1,2812,2806,2807,-1,2812,2807,2813,-1,2813,2807,2808,-1,2813,2808,1076,-1,1076,2808,1077,-1,1076,1074,2813,-1,2813,1074,2814,-1,2813,2814,2812,-1,2812,2814,2815,-1,2812,2815,2811,-1,2811,2815,2816,-1,2811,2816,2810,-1,2810,2816,2817,-1,2810,2817,2809,-1,2809,2817,2511,-1,2809,2511,243,-1,243,2511,242,-1,1074,1072,2814,-1,2814,1072,2818,-1,2814,2818,2815,-1,2815,2818,2819,-1,2815,2819,2816,-1,2816,2819,2820,-1,2816,2820,2817,-1,2817,2820,2821,-1,2817,2821,2511,-1,2511,2821,2510,-1,2511,2510,240,-1,240,2510,238,-1,234,236,2822,-1,2822,236,2510,-1,2822,2510,2823,-1,2823,2510,2821,-1,2823,2821,2824,-1,2824,2821,2820,-1,2824,2820,2825,-1,2825,2820,2819,-1,2825,2819,2826,-1,2826,2819,2818,-1,2826,2818,1070,-1,1070,2818,1072,-1,1070,1068,2826,-1,2826,1068,2622,-1,2826,2622,2825,-1,2825,2622,2624,-1,2825,2624,2824,-1,2824,2624,2626,-1,2824,2626,2823,-1,2823,2626,2628,-1,2823,2628,2822,-1,2822,2628,2630,-1,2822,2630,234,-1,234,2630,232,-1,2509,228,2630,-1,2630,228,230,-1,2630,230,232,-1,224,226,2827,-1,2827,226,2509,-1,2827,2509,2828,-1,2828,2509,2629,-1,2828,2629,2829,-1,2829,2629,2627,-1,2829,2627,2830,-1,2830,2627,2625,-1,2830,2625,2831,-1,2831,2625,2623,-1,2831,2623,1064,-1,1064,2623,1066,-1,1064,1062,2831,-1,2831,1062,2631,-1,2831,2631,2830,-1,2830,2631,2633,-1,2830,2633,2829,-1,2829,2633,2635,-1,2829,2635,2828,-1,2828,2635,2637,-1,2828,2637,2827,-1,2827,2637,2639,-1,2827,2639,224,-1,224,2639,222,-1,2508,218,2639,-1,2639,218,220,-1,2639,220,222,-1,1060,1058,2632,-1,2632,1058,2832,-1,2632,2832,2634,-1,2634,2832,2833,-1,2634,2833,2636,-1,2636,2833,2834,-1,2636,2834,2638,-1,2638,2834,2835,-1,2638,2835,2508,-1,2508,2835,2507,-1,2508,2507,216,-1,216,2507,214,-1,210,212,2836,-1,2836,212,2507,-1,2836,2507,2837,-1,2837,2507,2835,-1,2837,2835,2838,-1,2838,2835,2834,-1,2838,2834,2839,-1,2839,2834,2833,-1,2839,2833,2840,-1,2840,2833,2832,-1,2840,2832,1056,-1,1056,2832,1058,-1,1056,1054,2840,-1,2840,1054,2841,-1,2840,2841,2839,-1,2839,2841,2842,-1,2839,2842,2838,-1,2838,2842,2843,-1,2838,2843,2837,-1,2837,2843,2844,-1,2837,2844,2836,-1,2836,2844,2506,-1,2836,2506,210,-1,210,2506,208,-1,1054,1052,2841,-1,2841,1052,2845,-1,2841,2845,2842,-1,2842,2845,2846,-1,2842,2846,2843,-1,2843,2846,2847,-1,2843,2847,2844,-1,2844,2847,2848,-1,2844,2848,2506,-1,2506,2848,2505,-1,2506,2505,206,-1,206,2505,204,-1,200,202,2849,-1,2849,202,2505,-1,2849,2505,2850,-1,2850,2505,2848,-1,2850,2848,2851,-1,2851,2848,2847,-1,2851,2847,2852,-1,2852,2847,2846,-1,2852,2846,2853,-1,2853,2846,2845,-1,2853,2845,1050,-1,1050,2845,1052,-1,1050,1048,2853,-1,2853,1048,2640,-1,2853,2640,2852,-1,2852,2640,2642,-1,2852,2642,2851,-1,2851,2642,2644,-1,2851,2644,2850,-1,2850,2644,2646,-1,2850,2646,2849,-1,2849,2646,2648,-1,2849,2648,200,-1,200,2648,198,-1,2504,194,2648,-1,2648,194,196,-1,2648,196,198,-1,190,192,2854,-1,2854,192,2504,-1,2854,2504,2855,-1,2855,2504,2647,-1,2855,2647,2856,-1,2856,2647,2645,-1,2856,2645,2857,-1,2857,2645,2643,-1,2857,2643,2858,-1,2858,2643,2641,-1,2858,2641,1044,-1,1044,2641,1046,-1,1044,1042,2858,-1,2858,1042,2649,-1,2858,2649,2857,-1,2857,2649,2651,-1,2857,2651,2856,-1,2856,2651,2653,-1,2856,2653,2855,-1,2855,2653,2655,-1,2855,2655,2854,-1,2854,2655,2657,-1,2854,2657,190,-1,190,2657,10,-1,1334,2859,2860,-1,1334,1332,2859,-1,2859,1332,1330,-1,2859,1330,2861,-1,2861,1330,1328,-1,2861,1328,2862,-1,2862,1328,1326,-1,2862,1326,2863,-1,2863,1326,1324,-1,1324,1322,2863,-1,2863,1322,1320,-1,2863,1320,2864,-1,2864,1320,1318,-1,2864,1318,2865,-1,2865,1318,1316,-1,2865,1316,2866,-1,2866,1316,1314,-1,1314,1312,2866,-1,2866,1312,1310,-1,2866,1310,2867,-1,1310,1308,2867,-1,2867,1308,1306,-1,2867,1306,2868,-1,2868,1306,1304,-1,2868,1304,2869,-1,2869,1304,1302,-1,2869,1302,2870,-1,2870,1302,1300,-1,1300,1298,2870,-1,2870,1298,1296,-1,2870,1296,2871,-1,2871,1296,1294,-1,2871,1294,2872,-1,2872,1294,1292,-1,2872,1292,2873,-1,2873,1292,1290,-1,1290,1288,2873,-1,2873,1288,1286,-1,2873,1286,2874,-1,2874,1286,1284,-1,2874,1284,2875,-1,1284,1282,2875,-1,2875,1282,1280,-1,2875,1280,2876,-1,1280,1278,2876,-1,2876,1278,1276,-1,2876,1276,2877,-1,1276,1274,2877,-1,2877,1274,1272,-1,2877,1272,2878,-1,2878,1272,1270,-1,2878,1270,2879,-1,2879,1270,1268,-1,2879,1268,2880,-1,2880,1268,1266,-1,1266,1264,2880,-1,2880,1264,1262,-1,2880,1262,2881,-1,2881,1262,1260,-1,2881,1260,2882,-1,2882,1260,1258,-1,2882,1258,2883,-1,2883,1258,1256,-1,1256,1254,2883,-1,2883,1254,1252,-1,2883,1252,2884,-1,1252,1250,2884,-1,2884,1250,1248,-1,2884,1248,2885,-1,2885,1248,1246,-1,2885,1246,2886,-1,2886,1246,1244,-1,2886,1244,2887,-1,2887,1244,1242,-1,1242,1240,2887,-1,2887,1240,1238,-1,2887,1238,2888,-1,2888,1238,1236,-1,2888,1236,2889,-1,2889,1236,1234,-1,2889,1234,2890,-1,2890,1234,1232,-1,1232,1230,2890,-1,2890,1230,1228,-1,2890,1228,2891,-1,2891,1228,1226,-1,2891,1226,2892,-1,2892,1226,1224,-1,2892,1224,2893,-1,2893,1224,1222,-1,1222,1220,2893,-1,2893,1220,1458,-1,2893,1458,2894,-1,1458,1456,2894,-1,2894,1456,1454,-1,2894,1454,2895,-1,2895,1454,1452,-1,2895,1452,2896,-1,2896,1452,1450,-1,2896,1450,2897,-1,2897,1450,1448,-1,1448,1446,2897,-1,2897,1446,1444,-1,2897,1444,2898,-1,2898,1444,1442,-1,2898,1442,2899,-1,2899,1442,1440,-1,2899,1440,2900,-1,2900,1440,1438,-1,1438,1436,2900,-1,2900,1436,1434,-1,2900,1434,2901,-1,2901,1434,1432,-1,2901,1432,2902,-1,1432,1430,2902,-1,2902,1430,1428,-1,2902,1428,2903,-1,1428,1426,2903,-1,2903,1426,1424,-1,2903,1424,2904,-1,1424,1422,2904,-1,2904,1422,1420,-1,2904,1420,2905,-1,2905,1420,1418,-1,2905,1418,2906,-1,2906,1418,1416,-1,2906,1416,2907,-1,2907,1416,1414,-1,1414,1412,2907,-1,2907,1412,1410,-1,2907,1410,2908,-1,2908,1410,1408,-1,2908,1408,2909,-1,2909,1408,1406,-1,2909,1406,2910,-1,2910,1406,1404,-1,1404,1402,2910,-1,2910,1402,1400,-1,2910,1400,2911,-1,1400,1398,2911,-1,2911,1398,1396,-1,2911,1396,2912,-1,2912,1396,1394,-1,2912,1394,2913,-1,2913,1394,1392,-1,2913,1392,2914,-1,2914,1392,1390,-1,1390,1388,2914,-1,2914,1388,1386,-1,2914,1386,2915,-1,2915,1386,1384,-1,2915,1384,2916,-1,2916,1384,1382,-1,2916,1382,2917,-1,2917,1382,1380,-1,1380,1378,2917,-1,2917,1378,1376,-1,2917,1376,2918,-1,2918,1376,1374,-1,2918,1374,2919,-1,1374,1372,2919,-1,2919,1372,1370,-1,2919,1370,2920,-1,1370,1368,2920,-1,2920,1368,1366,-1,2920,1366,2921,-1,1366,1364,2921,-1,2921,1364,1362,-1,2921,1362,2922,-1,2922,1362,1360,-1,2922,1360,2923,-1,2923,1360,1358,-1,2923,1358,2924,-1,2924,1358,1356,-1,1356,1354,2924,-1,2924,1354,1352,-1,2924,1352,2925,-1,2925,1352,1350,-1,2925,1350,2926,-1,2926,1350,1348,-1,2926,1348,2927,-1,2927,1348,1346,-1,1346,1344,2927,-1,2927,1344,1342,-1,2927,1342,2928,-1,2928,1342,1340,-1,2928,1340,2929,-1,2929,1340,1338,-1,2929,1338,2860,-1,2860,1338,1336,-1,2860,1336,1334,-1,2928,2930,2927,-1,2927,2930,2931,-1,2927,2931,2926,-1,2926,2931,2932,-1,2926,2932,2925,-1,2925,2932,2933,-1,2925,2933,2924,-1,2924,2933,2934,-1,2924,2934,2923,-1,2923,2934,2935,-1,2923,2935,2922,-1,2922,2935,2936,-1,2922,2936,2921,-1,2921,2936,2937,-1,2921,2937,2920,-1,2920,2937,2938,-1,2920,2938,2919,-1,2919,2938,2939,-1,2919,2939,2918,-1,2918,2939,2940,-1,2918,2940,2917,-1,2917,2940,2941,-1,2917,2941,2916,-1,2916,2941,2942,-1,2916,2942,2915,-1,2915,2942,2943,-1,2915,2943,2914,-1,2914,2943,2944,-1,2914,2944,2913,-1,2913,2944,2945,-1,2913,2945,2912,-1,2912,2945,2946,-1,2912,2946,2911,-1,2911,2946,2947,-1,2911,2947,2910,-1,2910,2947,2948,-1,2910,2948,2909,-1,2909,2948,2949,-1,2909,2949,2908,-1,2908,2949,2950,-1,2908,2950,2907,-1,2907,2950,2951,-1,2907,2951,2906,-1,2906,2951,2952,-1,2906,2952,2905,-1,2905,2952,2953,-1,2905,2953,2904,-1,2904,2953,2954,-1,2904,2954,2903,-1,2903,2954,2955,-1,2903,2955,2902,-1,2902,2955,2956,-1,2902,2956,2901,-1,2901,2956,2957,-1,2901,2957,2900,-1,2900,2957,2958,-1,2900,2958,2899,-1,2899,2958,2959,-1,2899,2959,2898,-1,2898,2959,2960,-1,2898,2960,2897,-1,2897,2960,2961,-1,2897,2961,2896,-1,2896,2961,2962,-1,2896,2962,2895,-1,2895,2962,2963,-1,2895,2963,2894,-1,2894,2963,2964,-1,2894,2964,2893,-1,2893,2964,2965,-1,2893,2965,2892,-1,2892,2965,2966,-1,2892,2966,2891,-1,2891,2966,2967,-1,2891,2967,2890,-1,2890,2967,2968,-1,2890,2968,2889,-1,2889,2968,2969,-1,2889,2969,2888,-1,2888,2969,2970,-1,2888,2970,2887,-1,2887,2970,2971,-1,2887,2971,2886,-1,2886,2971,2972,-1,2886,2972,2885,-1,2885,2972,2973,-1,2885,2973,2884,-1,2884,2973,2974,-1,2884,2974,2883,-1,2883,2974,2975,-1,2883,2975,2882,-1,2882,2975,2976,-1,2882,2976,2881,-1,2881,2976,2977,-1,2881,2977,2880,-1,2880,2977,2978,-1,2880,2978,2879,-1,2879,2978,2979,-1,2879,2979,2878,-1,2878,2979,2980,-1,2878,2980,2877,-1,2877,2980,2981,-1,2877,2981,2876,-1,2876,2981,2982,-1,2876,2982,2875,-1,2875,2982,2983,-1,2875,2983,2874,-1,2874,2983,2984,-1,2874,2984,2873,-1,2873,2984,2985,-1,2873,2985,2872,-1,2872,2985,2986,-1,2872,2986,2871,-1,2871,2986,2987,-1,2871,2987,2870,-1,2870,2987,2988,-1,2870,2988,2869,-1,2869,2988,2989,-1,2869,2989,2868,-1,2868,2989,2990,-1,2868,2990,2867,-1,2867,2990,2991,-1,2867,2991,2866,-1,2866,2991,2992,-1,2866,2992,2865,-1,2865,2992,2993,-1,2865,2993,2864,-1,2864,2993,2994,-1,2864,2994,2863,-1,2863,2994,2995,-1,2863,2995,2862,-1,2862,2995,2996,-1,2862,2996,2861,-1,2861,2996,2997,-1,2861,2997,2859,-1,2859,2997,2998,-1,2859,2998,2860,-1,2860,2998,2999,-1,2860,2999,2929,-1,2929,2999,3000,-1,2929,3000,2928,-1,2928,3000,2930,-1,3000,3001,2930,-1,2930,3001,3002,-1,2930,3002,2931,-1,2931,3002,3003,-1,2931,3003,2932,-1,2932,3003,3004,-1,2932,3004,2933,-1,2933,3004,3005,-1,2933,3005,2934,-1,2934,3005,3006,-1,2934,3006,2935,-1,2935,3006,3007,-1,2935,3007,2936,-1,2936,3007,3008,-1,2936,3008,2937,-1,2937,3008,3009,-1,2937,3009,2938,-1,2938,3009,3010,-1,2938,3010,2939,-1,2939,3010,3011,-1,2939,3011,2940,-1,2940,3011,3012,-1,2940,3012,2941,-1,2941,3012,3013,-1,2941,3013,2942,-1,2942,3013,3014,-1,2942,3014,2943,-1,2943,3014,3015,-1,2943,3015,2944,-1,2944,3015,3016,-1,2944,3016,2945,-1,2945,3016,3017,-1,2945,3017,2946,-1,2946,3017,3018,-1,2946,3018,2947,-1,2947,3018,3019,-1,2947,3019,2948,-1,2948,3019,3020,-1,2948,3020,2949,-1,2949,3020,3021,-1,2949,3021,2950,-1,2950,3021,3022,-1,2950,3022,2951,-1,2951,3022,3023,-1,2951,3023,2952,-1,2952,3023,3024,-1,2952,3024,2953,-1,2953,3024,3025,-1,2953,3025,2954,-1,2954,3025,3026,-1,2954,3026,2955,-1,2955,3026,3027,-1,2955,3027,2956,-1,2956,3027,3028,-1,2956,3028,2957,-1,2957,3028,3029,-1,2957,3029,2958,-1,2958,3029,3030,-1,2958,3030,2959,-1,2959,3030,3031,-1,2959,3031,2960,-1,2960,3031,3032,-1,2960,3032,2961,-1,2961,3032,3033,-1,2961,3033,2962,-1,2962,3033,3034,-1,2962,3034,2963,-1,2963,3034,3035,-1,2963,3035,2964,-1,2964,3035,3036,-1,2964,3036,2965,-1,2965,3036,3037,-1,2965,3037,2966,-1,2966,3037,3038,-1,2966,3038,2967,-1,2967,3038,3039,-1,2967,3039,2968,-1,2968,3039,3040,-1,2968,3040,2969,-1,2969,3040,3041,-1,2969,3041,2970,-1,2970,3041,3042,-1,2970,3042,2971,-1,2971,3042,3043,-1,2971,3043,2972,-1,2972,3043,3044,-1,2972,3044,2973,-1,2973,3044,3045,-1,2973,3045,2974,-1,2974,3045,3046,-1,2974,3046,2975,-1,2975,3046,3047,-1,2975,3047,2976,-1,2976,3047,3048,-1,2976,3048,2977,-1,2977,3048,3049,-1,2977,3049,2978,-1,2978,3049,3050,-1,2978,3050,2979,-1,2979,3050,3051,-1,2979,3051,2980,-1,2980,3051,3052,-1,2980,3052,2981,-1,2981,3052,3053,-1,2981,3053,2982,-1,2982,3053,3054,-1,2982,3054,2983,-1,2983,3054,3055,-1,2983,3055,2984,-1,2984,3055,3056,-1,2984,3056,2985,-1,2985,3056,3057,-1,2985,3057,2986,-1,2986,3057,3058,-1,2986,3058,2987,-1,2987,3058,3059,-1,2987,3059,2988,-1,2988,3059,3060,-1,2988,3060,2989,-1,2989,3060,3061,-1,2989,3061,2990,-1,2990,3061,3062,-1,2990,3062,2991,-1,2991,3062,3063,-1,2991,3063,2992,-1,2992,3063,3064,-1,2992,3064,2993,-1,2993,3064,3065,-1,2993,3065,2994,-1,2994,3065,3066,-1,2994,3066,2995,-1,2995,3066,3067,-1,2995,3067,2996,-1,2996,3067,3068,-1,2996,3068,2997,-1,2997,3068,3069,-1,2997,3069,2998,-1,2998,3069,3070,-1,2998,3070,2999,-1,2999,3070,3071,-1,2999,3071,3000,-1,3000,3071,3001,-1,3071,3072,3001,-1,3001,3072,3073,-1,3001,3073,3002,-1,3002,3073,3074,-1,3002,3074,3003,-1,3003,3074,3075,-1,3003,3075,3004,-1,3004,3075,3076,-1,3004,3076,3005,-1,3005,3076,3077,-1,3005,3077,3006,-1,3006,3077,3078,-1,3006,3078,3007,-1,3007,3078,3079,-1,3007,3079,3008,-1,3008,3079,3080,-1,3008,3080,3009,-1,3009,3080,3081,-1,3009,3081,3010,-1,3010,3081,3082,-1,3010,3082,3011,-1,3011,3082,3083,-1,3011,3083,3012,-1,3012,3083,3084,-1,3012,3084,3013,-1,3013,3084,3085,-1,3013,3085,3014,-1,3014,3085,3086,-1,3014,3086,3015,-1,3015,3086,3087,-1,3015,3087,3016,-1,3016,3087,3088,-1,3016,3088,3017,-1,3017,3088,3089,-1,3017,3089,3018,-1,3018,3089,3090,-1,3018,3090,3019,-1,3019,3090,3091,-1,3019,3091,3020,-1,3020,3091,3092,-1,3020,3092,3021,-1,3021,3092,3093,-1,3021,3093,3022,-1,3022,3093,3094,-1,3022,3094,3023,-1,3023,3094,3095,-1,3023,3095,3024,-1,3024,3095,3096,-1,3024,3096,3025,-1,3025,3096,3097,-1,3025,3097,3026,-1,3026,3097,3098,-1,3026,3098,3027,-1,3027,3098,3099,-1,3027,3099,3028,-1,3028,3099,3100,-1,3028,3100,3029,-1,3029,3100,3101,-1,3029,3101,3030,-1,3030,3101,3102,-1,3030,3102,3031,-1,3031,3102,3103,-1,3031,3103,3032,-1,3032,3103,3104,-1,3032,3104,3033,-1,3033,3104,3105,-1,3033,3105,3034,-1,3034,3105,3106,-1,3034,3106,3035,-1,3035,3106,3107,-1,3035,3107,3036,-1,3036,3107,3108,-1,3036,3108,3037,-1,3037,3108,3109,-1,3037,3109,3038,-1,3038,3109,3110,-1,3038,3110,3039,-1,3039,3110,3111,-1,3039,3111,3040,-1,3040,3111,3112,-1,3040,3112,3041,-1,3041,3112,3113,-1,3041,3113,3042,-1,3042,3113,3114,-1,3042,3114,3043,-1,3043,3114,3115,-1,3043,3115,3044,-1,3044,3115,3116,-1,3044,3116,3045,-1,3045,3116,3117,-1,3045,3117,3046,-1,3046,3117,3118,-1,3046,3118,3047,-1,3047,3118,3119,-1,3047,3119,3048,-1,3048,3119,3120,-1,3048,3120,3049,-1,3049,3120,3121,-1,3049,3121,3050,-1,3050,3121,3122,-1,3050,3122,3051,-1,3051,3122,3123,-1,3051,3123,3052,-1,3052,3123,3124,-1,3052,3124,3053,-1,3053,3124,3125,-1,3053,3125,3054,-1,3054,3125,3126,-1,3054,3126,3055,-1,3055,3126,3127,-1,3055,3127,3056,-1,3056,3127,3128,-1,3056,3128,3057,-1,3057,3128,3129,-1,3057,3129,3058,-1,3058,3129,3130,-1,3058,3130,3059,-1,3059,3130,3131,-1,3059,3131,3060,-1,3060,3131,3132,-1,3060,3132,3061,-1,3061,3132,3133,-1,3061,3133,3062,-1,3062,3133,3134,-1,3062,3134,3063,-1,3063,3134,3135,-1,3063,3135,3064,-1,3064,3135,3136,-1,3064,3136,3065,-1,3065,3136,3137,-1,3065,3137,3066,-1,3066,3137,3138,-1,3066,3138,3067,-1,3067,3138,3139,-1,3067,3139,3068,-1,3068,3139,3140,-1,3068,3140,3069,-1,3069,3140,3141,-1,3069,3141,3070,-1,3070,3141,3142,-1,3070,3142,3071,-1,3071,3142,3072,-1,3142,3143,3072,-1,3072,3143,3144,-1,3072,3144,3073,-1,3073,3144,3145,-1,3073,3145,3074,-1,3074,3145,3146,-1,3074,3146,3075,-1,3075,3146,3147,-1,3075,3147,3076,-1,3076,3147,3148,-1,3076,3148,3077,-1,3077,3148,3149,-1,3077,3149,3078,-1,3078,3149,3150,-1,3078,3150,3079,-1,3079,3150,3151,-1,3079,3151,3080,-1,3080,3151,3152,-1,3080,3152,3081,-1,3081,3152,3153,-1,3081,3153,3082,-1,3082,3153,3154,-1,3082,3154,3083,-1,3083,3154,3155,-1,3083,3155,3084,-1,3084,3155,3156,-1,3084,3156,3085,-1,3085,3156,3157,-1,3085,3157,3086,-1,3086,3157,3158,-1,3086,3158,3087,-1,3087,3158,3159,-1,3087,3159,3088,-1,3088,3159,3160,-1,3088,3160,3089,-1,3089,3160,3161,-1,3089,3161,3090,-1,3090,3161,3162,-1,3090,3162,3091,-1,3091,3162,3163,-1,3091,3163,3092,-1,3092,3163,3164,-1,3092,3164,3093,-1,3093,3164,3165,-1,3093,3165,3094,-1,3094,3165,3166,-1,3094,3166,3095,-1,3095,3166,3167,-1,3095,3167,3096,-1,3096,3167,3168,-1,3096,3168,3097,-1,3097,3168,3169,-1,3097,3169,3098,-1,3098,3169,3170,-1,3098,3170,3099,-1,3099,3170,3171,-1,3099,3171,3100,-1,3100,3171,3172,-1,3100,3172,3101,-1,3101,3172,3173,-1,3101,3173,3102,-1,3102,3173,3174,-1,3102,3174,3103,-1,3103,3174,3175,-1,3103,3175,3104,-1,3104,3175,3176,-1,3104,3176,3105,-1,3105,3176,3177,-1,3105,3177,3106,-1,3106,3177,3178,-1,3106,3178,3107,-1,3107,3178,3179,-1,3107,3179,3108,-1,3108,3179,3180,-1,3108,3180,3109,-1,3109,3180,3181,-1,3109,3181,3110,-1,3110,3181,3182,-1,3110,3182,3111,-1,3111,3182,3183,-1,3111,3183,3112,-1,3112,3183,3184,-1,3112,3184,3113,-1,3113,3184,3185,-1,3113,3185,3114,-1,3114,3185,3186,-1,3114,3186,3115,-1,3115,3186,3187,-1,3115,3187,3116,-1,3116,3187,3188,-1,3116,3188,3117,-1,3117,3188,3189,-1,3117,3189,3118,-1,3118,3189,3190,-1,3118,3190,3119,-1,3119,3190,3191,-1,3119,3191,3120,-1,3120,3191,3192,-1,3120,3192,3121,-1,3121,3192,3193,-1,3121,3193,3122,-1,3122,3193,3194,-1,3122,3194,3123,-1,3123,3194,3195,-1,3123,3195,3124,-1,3124,3195,3196,-1,3124,3196,3125,-1,3125,3196,3197,-1,3125,3197,3126,-1,3126,3197,3198,-1,3126,3198,3127,-1,3127,3198,3199,-1,3127,3199,3128,-1,3128,3199,3200,-1,3128,3200,3129,-1,3129,3200,3201,-1,3129,3201,3130,-1,3130,3201,3202,-1,3130,3202,3131,-1,3131,3202,3203,-1,3131,3203,3132,-1,3132,3203,3204,-1,3132,3204,3133,-1,3133,3204,3205,-1,3133,3205,3134,-1,3134,3205,3206,-1,3134,3206,3135,-1,3135,3206,3207,-1,3135,3207,3136,-1,3136,3207,3208,-1,3136,3208,3137,-1,3137,3208,3209,-1,3137,3209,3138,-1,3138,3209,3210,-1,3138,3210,3139,-1,3139,3210,3211,-1,3139,3211,3140,-1,3140,3211,3212,-1,3140,3212,3141,-1,3141,3212,3213,-1,3141,3213,3142,-1,3142,3213,3143,-1,3213,1150,3143,-1,3143,1150,1153,-1,3143,1153,3144,-1,3144,1153,1152,-1,3144,1152,3145,-1,3145,1152,1151,-1,3145,1151,3146,-1,3146,1151,1156,-1,3146,1156,3147,-1,3147,1156,1155,-1,3147,1155,3148,-1,3148,1155,1154,-1,3148,1154,3149,-1,3149,1154,1159,-1,3149,1159,3150,-1,3150,1159,1158,-1,3150,1158,3151,-1,3151,1158,1157,-1,3151,1157,3152,-1,3152,1157,1162,-1,3152,1162,3153,-1,3153,1162,1161,-1,3153,1161,3154,-1,3154,1161,1160,-1,3154,1160,3155,-1,3155,1160,1165,-1,3155,1165,3156,-1,3156,1165,1164,-1,3156,1164,3157,-1,3157,1164,1163,-1,3157,1163,3158,-1,3158,1163,1168,-1,3158,1168,3159,-1,3159,1168,1167,-1,3159,1167,3160,-1,3160,1167,1166,-1,3160,1166,3161,-1,3161,1166,1171,-1,3161,1171,3162,-1,3162,1171,1170,-1,3162,1170,3163,-1,3163,1170,1169,-1,3163,1169,3164,-1,3164,1169,1174,-1,3164,1174,3165,-1,3165,1174,1173,-1,3165,1173,3166,-1,3166,1173,1172,-1,3166,1172,3167,-1,3167,1172,1177,-1,3167,1177,3168,-1,3168,1177,1176,-1,3168,1176,3169,-1,3169,1176,1175,-1,3169,1175,3170,-1,3170,1175,1180,-1,3170,1180,3171,-1,3171,1180,1179,-1,3171,1179,3172,-1,3172,1179,1178,-1,3172,1178,3173,-1,3173,1178,1183,-1,3173,1183,3174,-1,3174,1183,1182,-1,3174,1182,3175,-1,3175,1182,1181,-1,3175,1181,3176,-1,3176,1181,1186,-1,3176,1186,3177,-1,3177,1186,1185,-1,3177,1185,3178,-1,3178,1185,1184,-1,3178,1184,3179,-1,3179,1184,1189,-1,3179,1189,3180,-1,3180,1189,1188,-1,3180,1188,3181,-1,3181,1188,1187,-1,3181,1187,3182,-1,3182,1187,1192,-1,3182,1192,3183,-1,3183,1192,1191,-1,3183,1191,3184,-1,3184,1191,1190,-1,3184,1190,3185,-1,3185,1190,1195,-1,3185,1195,3186,-1,3186,1195,1194,-1,3186,1194,3187,-1,3187,1194,1193,-1,3187,1193,3188,-1,3188,1193,1198,-1,3188,1198,3189,-1,3189,1198,1197,-1,3189,1197,3190,-1,3190,1197,1196,-1,3190,1196,3191,-1,3191,1196,1201,-1,3191,1201,3192,-1,3192,1201,1200,-1,3192,1200,3193,-1,3193,1200,1199,-1,3193,1199,3194,-1,3194,1199,1204,-1,3194,1204,3195,-1,3195,1204,1203,-1,3195,1203,3196,-1,3196,1203,1202,-1,3196,1202,3197,-1,3197,1202,1207,-1,3197,1207,3198,-1,3198,1207,1206,-1,3198,1206,3199,-1,3199,1206,1205,-1,3199,1205,3200,-1,3200,1205,1210,-1,3200,1210,3201,-1,3201,1210,1209,-1,3201,1209,3202,-1,3202,1209,1208,-1,3202,1208,3203,-1,3203,1208,1213,-1,3203,1213,3204,-1,3204,1213,1212,-1,3204,1212,3205,-1,3205,1212,1211,-1,3205,1211,3206,-1,3206,1211,1216,-1,3206,1216,3207,-1,3207,1216,1215,-1,3207,1215,3208,-1,3208,1215,1214,-1,3208,1214,3209,-1,3209,1214,1218,-1,3209,1218,3210,-1,3210,1218,1217,-1,3210,1217,3211,-1,3211,1217,1148,-1,3211,1148,3212,-1,3212,1148,1147,-1,3212,1147,3213,-1,3213,1147,1150,-1,
        ]
    }
}
Shape{
    appearance Appearance {
        material  Material 	{
            diffuseColor 0.20784313725490197 0.20784313725490197 0.20784313725490197
            specularColor 0.01568627450980392 0.01568627450980392 0.01568627450980392
            ambientIntensity 0.298
            transparency 0.0
            shininess 0.5
        }
    }
    geometry IndexedFaceSet {
        ccw TRUE
        solid FALSE
        coord DEF co Coordinate {
            point [
                -0.4724 0.1575 0.0, -1.2992 0.1575 0.0, -1.2992 0.4077 0.0, -0.0281 0.4305 0.0, -0.0281 0.4089 0.0, -0.0473 0.4077 0.0, 0.0775 0.4089 0.0, 0.1816 0.4077 0.0, 0.2791 0.4089 0.0, 0.38 0.4089 0.0, 0.1159 0.4191 0.0, 0.1159 0.4407 0.0, 0.0775 0.6058 0.0, -0.0185 0.4978 0.0, 0.0511 0.4978 0.0, 0.0511 0.4305 0.0, -0.0233 0.5842 0.0, -0.0233 0.6058 0.0, -0.0473 1.2992 0.0, 0.2292 0.4257 0.0, 0.244 0.4413 0.0, -0.0185 0.5194 0.0, 0.0511 0.5194 0.0, 0.0511 0.5842 0.0, 0.2519 0.5539 0.0, 0.2404 0.5723 0.0, 0.3536 0.6058 0.0, 0.2791 0.4305 0.0, 0.1814 0.5844 0.0, 0.1961 0.5791 0.0, 0.1194 0.4388 0.0, 0.2097 0.57 0.0, 0.2216 0.5568 0.0, 0.2359 0.5053 0.0, 0.2339 0.4839 0.0, 0.2286 0.467 0.0, 0.1848 0.4302 0.0, 0.1664 0.4281 0.0, 0.1991 0.4355 0.0, 0.2112 0.4436 0.0, 0.2204 0.4534 0.0, 0.1403 0.431 0.0, 0.2297 0.5416 0.0, 0.235 0.5206 0.0, 1.2008 1.2728 0.0, 1.2416 1.2416 0.0, 1.2728 1.2008 0.0, 1.2925 1.1533 0.0, 0.2226 0.5894 0.0, 0.38 0.6058 0.0, 1.1024 1.2992 0.0, 1.1533 1.2925 0.0, 0.1943 0.409 0.0, 0.2134 0.4156 0.0, 0.2545 0.46 0.0, 0.2604 0.4808 0.0, 0.3536 0.4305 0.0, 0.2623 0.5036 0.0, 0.2595 0.5316 0.0, 0.2039 0.6002 0.0, 0.182 0.6066 0.0, 0.1622 0.6082 0.0, 0.1387 0.6066 0.0, 0.1159 0.6004 0.0, 0.1159 0.574 0.0, 0.1381 0.5835 0.0, 0.162 0.5866 0.0, -0.417 0.4089 0.0, -0.3882 0.4089 0.0, -0.2394 0.4089 0.0, -0.2152 0.4629 0.0, -0.2039 0.4453 0.0, -0.1877 0.4298 0.0, -0.1671 0.4178 0.0, -0.1444 0.4111 0.0, -0.1201 0.4089 0.0, -0.0666 0.4089 0.0, -0.0666 0.6058 0.0, -0.1221 0.6058 0.0, -0.1952 0.5801 0.0, -0.2091 0.5647 0.0, -0.3138 0.6058 0.0, -0.2183 0.5477 0.0, -0.7748 1.2992 0.0, -0.3402 0.6058 0.0, -0.1505 0.6027 0.0, -0.1736 0.5947 0.0, -0.195 0.5803 0.0, -0.8942 1.2589 0.0, -0.8577 1.2809 0.0, -0.8173 1.2946 0.0, -0.2682 0.4089 0.0, -0.287 0.4641 0.0, -0.3683 0.4641 0.0, -0.2236 0.5284 0.0, -0.225 0.5098 0.0, -0.2222 0.4835 0.0, -1.2938 0.761 0.0, -1.278 0.8041 0.0, -1.2526 0.8424 0.0, -0.9251 1.2295 0.0, -0.3203 0.0408 0.0, -0.3361 0.0787 0.0, -0.3611 0.1114 0.0, -0.3937 0.1364 0.0, -0.4317 0.1521 0.0, -0.0473 -1.2992 0.0, -0.3937 -0.1364 0.0, -0.3611 -0.1114 0.0, -0.3361 -0.0787 0.0, -0.3203 -0.0408 0.0, -0.315 0.0 0.0, -1.2992 0.7153 0.0, -0.7748 -1.2992 0.0, -0.4724 -0.1575 0.0, -0.4317 -0.1521 0.0, -0.8173 -1.2946 0.0, -0.8577 -1.2809 0.0, -0.8942 -1.2589 0.0, -0.9251 -1.2295 0.0, -1.2526 -0.8424 0.0, -1.278 -0.8041 0.0, -1.2938 -0.761 0.0, -1.2992 -0.7153 0.0, -1.2992 -0.1575 0.0, 1.2992 1.1024 0.0, 1.2992 0.4077 0.0, 1.2992 0.1575 0.0, 0.4724 0.1575 0.0, 0.1369 0.4105 0.0, 0.1568 0.4077 0.0, 0.3611 0.1114 0.0, 0.3361 0.0787 0.0, 0.3203 -0.0408 0.0, 0.315 0.0 0.0, 0.3203 0.0408 0.0, 0.3361 -0.0787 0.0, 0.3611 -0.1114 0.0, 0.3937 -0.1364 0.0, 0.4317 0.1521 0.0, 0.3937 0.1364 0.0, 0.1701 0.4065 0.0, 0.1647 0.4066 0.0, 0.4317 -0.1521 0.0, 0.4724 -0.1575 0.0, 1.1024 -1.2992 0.0, 1.2992 -0.1575 0.0, 1.2992 -1.1024 0.0, 1.2925 -1.1533 0.0, 1.2728 -1.2008 0.0, 1.2416 -1.2416 0.0, 1.2008 -1.2728 0.0, 1.1533 -1.2925 0.0, -0.3203 -0.0408 0.0591, -0.3361 -0.0787 0.0591, -0.3543 -0.0591 0.0591, -0.4331 0.1378 0.0591, -1.2992 0.1378 0.0591, -1.2992 0.1575 0.0591, -1.2992 -0.1575 0.0591, -1.2992 -0.1378 0.0591, -0.4724 -0.1575 0.0591, -0.4331 -0.1378 0.0591, -0.3611 -0.1114 0.0591, -0.3937 -0.1364 0.0591, -0.4317 -0.1521 0.0591, -0.4724 0.1575 0.0591, -0.4317 0.1521 0.0591, -0.3543 0.0591 0.0591, -0.3937 0.1364 0.0591, -0.3611 0.1114 0.0591, -0.3361 0.0787 0.0591, -0.3203 0.0408 0.0591, -0.315 0.0 0.0591, 0.3203 0.0408 0.0591, 0.3361 0.0787 0.0591, 0.3543 0.0591 0.0591, 1.2992 0.1575 0.0591, 1.2992 0.1378 0.0591, 0.4724 0.1575 0.0591, 0.4331 0.1378 0.0591, 0.3611 0.1114 0.0591, 0.3937 0.1364 0.0591, 0.4317 0.1521 0.0591, 0.4331 -0.1378 0.0591, 1.2992 -0.1378 0.0591, 1.2992 -0.1575 0.0591, 0.4724 -0.1575 0.0591, 0.4317 -0.1521 0.0591, 0.3543 -0.0591 0.0591, 0.3937 -0.1364 0.0591, 0.3611 -0.1114 0.0591, 0.3361 -0.0787 0.0591, 0.3203 -0.0408 0.0591, 0.315 0.0 0.0591, -1.2526 -0.8424 0.3937, -0.9251 -1.2295 0.3937, -0.3937 -1.2992 0.1969, -0.3937 -1.2992 0.3937, -0.7748 -1.2992 0.3937, 0.3937 -1.2992 0.1969, 0.3937 -1.2992 0.5906, 1.1024 -1.2992 0.5906, 0.3937 1.2992 0.1969, 0.3937 1.2992 0.5906, 1.1024 1.2992 0.5906, -0.7748 1.2992 0.3937, -0.3937 1.2992 0.3937, -0.3937 1.2992 0.1969, -1.2526 0.8424 0.3937, -0.9251 1.2295 0.3937, -1.2992 0.3937 0.3937, -1.2992 0.7153 0.3937, -1.2992 0.3937 0.1969, -1.2992 -0.3937 0.1969, -1.2992 -0.3937 0.3937, -1.2992 -0.7153 0.3937, -1.176 0.3937 0.1969, -1.176 0.3937 0.3937, -0.3937 1.176 0.1969, -0.3937 1.176 0.3937, -0.5267 1.1228 0.1969, -0.5267 1.1228 0.3937, -0.6527 1.0545 0.1969, -0.6527 1.0545 0.3937, -0.7699 0.9722 0.1969, -0.7699 0.9722 0.3937, -0.8769 0.8769 0.1969, -0.8769 0.8769 0.3937, -0.9722 0.7699 0.1969, -0.9722 0.7699 0.3937, -1.0545 0.6527 0.1969, -1.0545 0.6527 0.3937, -1.1228 0.5267 0.1969, -1.1228 0.5267 0.3937, -0.3937 -1.176 0.1969, -0.3937 -1.176 0.3937, -1.176 -0.3937 0.1969, -1.176 -0.3937 0.3937, -1.1228 -0.5267 0.1969, -1.1228 -0.5267 0.3937, -1.0545 -0.6527 0.1969, -1.0545 -0.6527 0.3937, -0.9722 -0.7699 0.1969, -0.9722 -0.7699 0.3937, -0.8769 -0.8769 0.1969, -0.8769 -0.8769 0.3937, -0.7699 -0.9722 0.1969, -0.7699 -0.9722 0.3937, -0.6527 -1.0545 0.1969, -0.6527 -1.0545 0.3937, -0.5267 -1.1228 0.1969, -0.5267 -1.1228 0.3937, 0.3937 1.176 0.5906, 0.5267 1.1228 0.5906, 1.2728 1.2008 0.5906, 1.2416 1.2416 0.5906, 0.8769 0.8769 0.5906, 1.176 0.3937 0.5906, 1.2992 0.3937 0.5906, 1.1228 0.5267 0.5906, 1.2992 1.1024 0.5906, 1.0545 0.6527 0.5906, 0.9722 0.7699 0.5906, 0.6527 1.0545 0.5906, 0.7699 0.9722 0.5906, 1.1533 1.2925 0.5906, 1.2008 1.2728 0.5906, 1.2925 1.1533 0.5906, 1.2008 -1.2728 0.5906, 1.2416 -1.2416 0.5906, 0.8769 -0.8769 0.5906, 0.3937 -1.176 0.5906, 0.5267 -1.1228 0.5906, 0.6527 -1.0545 0.5906, 0.7699 -0.9722 0.5906, 1.2992 -0.3937 0.5906, 1.176 -0.3937 0.5906, 1.2992 -1.1024 0.5906, 1.1228 -0.5267 0.5906, 1.1533 -1.2925 0.5906, 1.0545 -0.6527 0.5906, 0.9722 -0.7699 0.5906, 1.2925 -1.1533 0.5906, 1.2728 -1.2008 0.5906, 1.2992 -0.3937 0.1969, 1.2992 0.3937 0.1969, 0.3937 1.176 0.1969, 1.176 0.3937 0.1969, 1.1228 0.5267 0.1969, 1.0545 0.6527 0.1969, 0.9722 0.7699 0.1969, 0.8769 0.8769 0.1969, 0.7699 0.9722 0.1969, 0.6527 1.0545 0.1969, 0.5267 1.1228 0.1969, 1.176 -0.3937 0.1969, 0.3937 -1.176 0.1969, 0.5267 -1.1228 0.1969, 0.6527 -1.0545 0.1969, 0.7699 -0.9722 0.1969, 0.8769 -0.8769 0.1969, 0.9722 -0.7699 0.1969, 1.0545 -0.6527 0.1969, 1.1228 -0.5267 0.1969, -0.8173 -1.2946 0.3937, -0.8577 -1.2809 0.3937, -1.2938 -0.761 0.3937, -1.278 -0.8041 0.3937, -0.8942 -1.2589 0.3937, -0.8173 1.2946 0.3937, -0.8942 1.2589 0.3937, -0.8577 1.2809 0.3937, -1.2938 0.761 0.3937, -1.278 0.8041 0.3937
            ]
        }
        coordIndex [
            0,1,2,-1,3,4,5,-1,5,4,6,-1,7,8,9,-1,10,6,11,-1,11,6,12,-1,13,14,15,-1,16,5,17,-1,17,5,18,-1,17,18,12,-1,19,20,8,-1,15,3,13,-1,13,3,5,-1,13,5,21,-1,21,5,16,-1,21,16,22,-1,22,16,23,-1,24,25,26,-1,8,20,27,-1,28,29,30,-1,30,29,31,-1,30,31,32,-1,33,34,30,-1,30,34,35,-1,36,37,38,-1,38,37,39,-1,35,40,30,-1,30,40,39,-1,30,39,41,-1,41,39,37,-1,32,42,30,-1,30,42,43,-1,30,43,33,-1,44,45,9,-1,9,45,46,-1,9,46,47,-1,25,48,26,-1,26,48,18,-1,26,18,49,-1,49,18,50,-1,49,50,9,-1,9,50,51,-1,9,51,44,-1,7,52,8,-1,8,52,53,-1,8,53,19,-1,20,54,27,-1,27,54,55,-1,27,55,56,-1,56,55,57,-1,56,57,26,-1,26,57,58,-1,26,58,24,-1,48,59,18,-1,18,59,60,-1,18,60,61,-1,61,62,18,-1,18,62,63,-1,18,63,12,-1,12,63,64,-1,12,64,11,-1,11,64,65,-1,11,65,30,-1,30,65,66,-1,30,66,28,-1,67,68,5,-1,69,70,71,-1,71,72,69,-1,69,72,73,-1,69,73,74,-1,75,76,5,-1,5,76,77,-1,5,77,18,-1,18,77,78,-1,79,80,81,-1,81,80,82,-1,18,81,83,-1,83,81,84,-1,78,85,18,-1,18,85,86,-1,18,86,81,-1,81,86,87,-1,81,87,79,-1,88,89,84,-1,84,89,90,-1,84,90,83,-1,74,75,69,-1,69,75,5,-1,69,5,91,-1,91,5,68,-1,91,68,92,-1,92,68,93,-1,82,94,81,-1,81,94,95,-1,81,95,69,-1,69,95,96,-1,69,96,70,-1,97,98,67,-1,67,98,99,-1,67,99,84,-1,84,99,100,-1,84,100,88,-1,101,102,5,-1,102,103,5,-1,5,103,104,-1,5,104,105,-1,106,107,108,-1,108,109,106,-1,106,109,110,-1,106,110,5,-1,5,110,111,-1,5,111,101,-1,105,0,5,-1,5,0,2,-1,5,2,67,-1,67,2,112,-1,67,112,97,-1,113,114,106,-1,106,114,115,-1,106,115,107,-1,113,116,114,-1,114,116,117,-1,114,117,118,-1,118,119,114,-1,114,119,120,-1,114,120,121,-1,121,122,114,-1,114,122,123,-1,114,123,124,-1,47,125,9,-1,9,125,126,-1,9,126,7,-1,7,126,127,-1,7,127,128,-1,10,129,6,-1,6,129,130,-1,6,130,5,-1,5,130,131,-1,5,131,132,-1,133,106,134,-1,134,106,5,-1,134,5,135,-1,135,5,132,-1,133,136,106,-1,106,136,137,-1,106,137,138,-1,128,139,7,-1,7,139,140,-1,7,140,141,-1,141,140,131,-1,141,131,142,-1,142,131,130,-1,138,143,106,-1,106,143,144,-1,106,144,145,-1,145,144,146,-1,146,147,145,-1,145,147,148,-1,145,148,149,-1,149,150,145,-1,145,150,151,-1,145,151,152,-1,153,154,155,-1,156,157,158,-1,159,160,161,-1,161,160,162,-1,154,163,155,-1,155,163,164,-1,155,164,162,-1,162,164,165,-1,162,165,161,-1,158,166,156,-1,156,166,167,-1,156,167,168,-1,168,167,169,-1,168,169,170,-1,170,171,168,-1,168,171,172,-1,168,172,155,-1,155,172,173,-1,155,173,153,-1,174,175,176,-1,177,178,179,-1,179,178,180,-1,175,181,176,-1,176,181,182,-1,176,182,180,-1,180,182,183,-1,180,183,179,-1,184,185,186,-1,186,187,184,-1,184,187,188,-1,184,188,189,-1,189,188,190,-1,189,190,191,-1,191,192,189,-1,189,192,193,-1,189,193,176,-1,176,193,194,-1,176,194,174,-1,120,119,195,-1,195,119,196,-1,197,198,199,-1,199,113,197,-1,197,113,106,-1,197,106,200,-1,200,106,145,-1,200,145,201,-1,201,145,202,-1,203,204,205,-1,206,207,83,-1,83,207,208,-1,83,208,18,-1,18,208,203,-1,18,203,50,-1,50,203,205,-1,209,210,99,-1,99,210,100,-1,2,1,158,-1,211,212,213,-1,213,212,112,-1,213,112,2,-1,159,124,214,-1,214,124,123,-1,214,123,215,-1,215,123,216,-1,2,158,213,-1,213,158,157,-1,213,157,214,-1,214,157,160,-1,214,160,159,-1,213,217,211,-1,211,217,218,-1,219,220,221,-1,221,220,222,-1,221,222,223,-1,223,222,224,-1,223,224,225,-1,225,224,226,-1,225,226,227,-1,227,226,228,-1,227,228,229,-1,229,228,230,-1,229,230,231,-1,231,230,232,-1,231,232,233,-1,233,232,234,-1,233,234,217,-1,217,234,218,-1,219,208,220,-1,220,208,207,-1,197,235,198,-1,198,235,236,-1,237,238,239,-1,239,238,240,-1,239,240,241,-1,241,240,242,-1,241,242,243,-1,243,242,244,-1,243,244,245,-1,245,244,246,-1,245,246,247,-1,247,246,248,-1,247,248,249,-1,249,248,250,-1,249,250,251,-1,251,250,252,-1,251,252,235,-1,235,252,236,-1,237,214,238,-1,238,214,215,-1,204,253,205,-1,205,253,254,-1,255,256,257,-1,258,259,260,-1,260,259,261,-1,260,261,262,-1,262,261,263,-1,254,264,205,-1,205,264,265,-1,205,265,266,-1,266,265,257,-1,266,257,267,-1,267,257,256,-1,263,261,257,-1,257,261,268,-1,257,268,255,-1,269,270,271,-1,272,201,273,-1,273,201,202,-1,273,202,274,-1,274,202,275,-1,276,277,278,-1,278,277,279,-1,275,202,271,-1,271,202,280,-1,271,280,269,-1,279,281,278,-1,278,281,282,-1,278,282,283,-1,283,282,271,-1,283,271,284,-1,284,271,270,-1,276,278,285,-1,285,278,147,-1,285,147,146,-1,286,177,127,-1,261,259,125,-1,125,259,286,-1,125,286,126,-1,126,286,127,-1,146,186,285,-1,285,186,185,-1,285,185,286,-1,286,185,178,-1,286,178,177,-1,203,287,204,-1,204,287,253,-1,288,258,289,-1,289,258,260,-1,289,260,290,-1,290,260,262,-1,290,262,291,-1,291,262,263,-1,291,263,292,-1,292,263,257,-1,292,257,293,-1,293,257,265,-1,293,265,294,-1,294,265,264,-1,294,264,295,-1,295,264,254,-1,295,254,287,-1,287,254,253,-1,288,286,258,-1,258,286,259,-1,285,296,276,-1,276,296,277,-1,297,272,298,-1,298,272,273,-1,298,273,299,-1,299,273,274,-1,299,274,300,-1,300,274,275,-1,300,275,301,-1,301,275,271,-1,301,271,302,-1,302,271,282,-1,302,282,303,-1,303,282,281,-1,303,281,304,-1,304,281,279,-1,304,279,296,-1,296,279,277,-1,297,200,272,-1,272,200,201,-1,197,200,235,-1,235,200,297,-1,241,297,239,-1,239,297,237,-1,287,203,208,-1,219,221,237,-1,237,221,223,-1,237,223,225,-1,225,227,237,-1,237,227,229,-1,237,229,231,-1,213,214,217,-1,217,214,237,-1,217,237,233,-1,233,237,231,-1,241,243,297,-1,297,243,245,-1,297,245,247,-1,299,300,288,-1,288,289,237,-1,237,289,290,-1,237,290,291,-1,208,219,287,-1,287,219,237,-1,287,237,295,-1,295,237,294,-1,247,249,297,-1,297,249,251,-1,297,251,235,-1,237,297,288,-1,288,297,298,-1,288,298,299,-1,300,301,288,-1,288,301,302,-1,288,302,303,-1,285,286,296,-1,296,286,288,-1,296,288,304,-1,304,288,303,-1,291,292,237,-1,237,292,293,-1,237,293,294,-1,238,215,240,-1,240,215,216,-1,240,216,242,-1,198,236,199,-1,199,236,252,-1,199,252,305,-1,305,252,250,-1,305,250,306,-1,306,250,248,-1,216,307,242,-1,242,307,308,-1,242,308,244,-1,244,308,195,-1,244,195,246,-1,246,195,196,-1,246,196,248,-1,248,196,309,-1,248,309,306,-1,232,230,209,-1,220,207,222,-1,222,207,206,-1,222,206,224,-1,224,206,310,-1,209,230,210,-1,230,228,210,-1,210,228,226,-1,210,226,311,-1,311,226,224,-1,311,224,312,-1,312,224,310,-1,211,218,212,-1,212,218,234,-1,212,234,313,-1,313,234,232,-1,313,232,314,-1,314,232,209,-1,209,99,98,-1,209,98,314,-1,314,98,97,-1,314,97,313,-1,313,97,112,-1,313,112,212,-1,206,83,90,-1,206,90,310,-1,310,90,89,-1,310,89,312,-1,312,89,88,-1,312,88,311,-1,311,88,100,-1,311,100,210,-1,261,125,47,-1,261,47,268,-1,268,47,46,-1,268,46,255,-1,255,46,45,-1,255,45,256,-1,256,45,44,-1,256,44,267,-1,267,44,51,-1,267,51,266,-1,266,51,50,-1,266,50,205,-1,202,145,152,-1,202,152,280,-1,280,152,151,-1,280,151,269,-1,269,151,150,-1,269,150,270,-1,270,150,149,-1,270,149,284,-1,284,149,148,-1,284,148,283,-1,283,148,147,-1,283,147,278,-1,216,123,122,-1,216,122,307,-1,307,122,121,-1,307,121,308,-1,308,121,120,-1,308,120,195,-1,196,119,118,-1,196,118,309,-1,309,118,117,-1,309,117,306,-1,306,117,116,-1,306,116,305,-1,305,116,113,-1,305,113,199,-1,166,0,167,-1,167,0,105,-1,167,105,169,-1,169,105,104,-1,169,104,170,-1,170,104,103,-1,170,103,171,-1,171,103,102,-1,171,102,172,-1,172,102,101,-1,172,101,173,-1,173,101,111,-1,173,111,153,-1,153,111,110,-1,153,110,154,-1,154,110,109,-1,154,109,163,-1,163,109,108,-1,163,108,164,-1,164,108,107,-1,164,107,165,-1,165,107,115,-1,165,115,161,-1,161,115,114,-1,166,158,0,-1,0,158,1,-1,159,161,124,-1,124,161,114,-1,177,179,127,-1,127,179,128,-1,187,144,188,-1,188,144,143,-1,188,143,190,-1,190,143,138,-1,190,138,191,-1,191,138,137,-1,191,137,192,-1,192,137,136,-1,192,136,193,-1,193,136,133,-1,193,133,194,-1,194,133,134,-1,194,134,174,-1,174,134,135,-1,174,135,175,-1,175,135,132,-1,175,132,181,-1,181,132,131,-1,181,131,182,-1,182,131,140,-1,182,140,183,-1,183,140,139,-1,183,139,179,-1,179,139,128,-1,187,186,144,-1,144,186,146,-1,
        ]
    }
}
Shape{
    appearance Appearance {
        material  Material 	{
            diffuseColor 0.8313725490196079 0.8313725490196079 0.8196078431372549
            specularColor 0.6666666666666666 0.6666666666666666 0.6549019607843137
            ambientIntensity 0.83
            transparency 0.0
            shininess 0.5
        }
    }
    geometry IndexedFaceSet {
        ccw TRUE
        solid FALSE
        coord DEF co Coordinate {
            point [
                1.2992 -0.1378 0.0591, 1.4961 -0.1378 0.0591, 1.2992 0.1378 0.0591, 1.4961 0.1378 0.0591, 1.4961 0.1378 0.0, 0.4331 0.1378 0.0, 0.4331 0.1378 0.0591, 0.3543 0.0591 0.0, 0.3543 0.0591 0.0591, 0.3543 -0.0591 0.0, 0.3543 -0.0591 0.0591, 0.4331 -0.1378 0.0, 0.4331 -0.1378 0.0591, 1.4961 -0.1378 0.0, -1.4961 0.1378 0.0591, -1.4961 -0.1378 0.0591, -1.2992 0.1378 0.0591, -1.2992 -0.1378 0.0591, -1.4961 -0.1378 0.0, -0.4331 -0.1378 0.0, -0.4331 -0.1378 0.0591, -0.3543 -0.0591 0.0, -0.3543 -0.0591 0.0591, -0.3543 0.0591 0.0, -0.3543 0.0591 0.0591, -0.4331 0.1378 0.0, -0.4331 0.1378 0.0591, -1.4961 0.1378 0.0
            ]
        }
        coordIndex [
            0,1,2,-1,2,1,3,-1,3,4,2,-1,2,4,5,-1,2,5,6,-1,7,8,5,-1,5,8,6,-1,9,10,7,-1,7,10,8,-1,11,12,9,-1,9,12,10,-1,12,11,0,-1,0,11,13,-1,0,13,1,-1,4,3,13,-1,13,3,1,-1,5,4,7,-1,7,4,13,-1,7,13,9,-1,9,13,11,-1,14,15,16,-1,16,15,17,-1,15,18,17,-1,17,18,19,-1,17,19,20,-1,21,22,19,-1,19,22,20,-1,23,24,21,-1,21,24,22,-1,25,26,23,-1,23,26,24,-1,26,25,16,-1,16,25,27,-1,16,27,14,-1,18,15,27,-1,27,15,14,-1,21,19,23,-1,23,19,18,-1,23,18,25,-1,25,18,27,-1,
        ]
    }
}
Shape{
    appearance Appearance {
        material  Material 	{
            diffuseColor 1.0 1.0 1.0
            specularColor 0.5019607843137255 0.5019607843137255 0.5019607843137255
            ambientIntensity 1.0
            transparency 0.0
            shininess 0.5
        }
    }
    geometry IndexedFaceSet {
        ccw TRUE
        solid FALSE
        coord DEF co Coordinate {
            point [
                -0.2936 0.4858 0.0039, -0.287 0.4641 0.0039, -0.3595 0.4858 0.0039, -0.3683 0.4641 0.0039, -0.323 0.568 0.0039, -0.3138 0.6058 0.0039, -0.2394 0.4089 0.0039, -0.2682 0.4089 0.0039, -0.3249 0.5748 0.0039, -0.3262 0.5818 0.0039, -0.3402 0.6058 0.0039, -0.3268 0.5818 0.0039, -0.3281 0.5748 0.0039, -0.3298 0.568 0.0039, -0.417 0.4089 0.0039, -0.3882 0.4089 0.0039, -0.3683 0.4641 0.0, -0.3882 0.4089 0.0, -0.287 0.4641 0.0, -0.2682 0.4089 0.0, -0.2394 0.4089 0.0, -0.3138 0.6058 0.0, -0.3402 0.6058 0.0, -0.417 0.4089 0.0, -0.3298 0.568 0.0, -0.3281 0.5748 0.0, -0.3268 0.5818 0.0, -0.3262 0.5818 0.0, -0.3249 0.5748 0.0, -0.323 0.568 0.0, -0.2936 0.4858 0.0, -0.3595 0.4858 0.0, -0.1221 0.6058 0.0039, -0.1221 0.6058 0.0, -0.0666 0.6058 0.0039, -0.0666 0.6058 0.0, -0.1505 0.6027 0.0039, -0.1505 0.6027 0.0, -0.1736 0.5947 0.0039, -0.1736 0.5947 0.0, -0.195 0.5803 0.0039, -0.195 0.5803 0.0, -0.1952 0.5801 0.0039, -0.1952 0.5801 0.0, -0.2091 0.5647 0.0039, -0.2091 0.5647 0.0, -0.2183 0.5477 0.0039, -0.2183 0.5477 0.0, -0.2236 0.5284 0.0039, -0.2236 0.5284 0.0, -0.225 0.5098 0.0039, -0.225 0.5098 0.0, -0.2222 0.4835 0.0039, -0.2222 0.4835 0.0, -0.2152 0.4629 0.0039, -0.2152 0.4629 0.0, -0.2039 0.4453 0.0039, -0.2039 0.4453 0.0, -0.1877 0.4298 0.0039, -0.1877 0.4298 0.0, -0.1671 0.4178 0.0039, -0.1671 0.4178 0.0, -0.1444 0.4111 0.0039, -0.1444 0.4111 0.0, -0.1201 0.4089 0.0039, -0.1201 0.4089 0.0, -0.0666 0.4089 0.0039, -0.0666 0.4089 0.0, -0.1855 0.5566 0.0039, -0.1759 0.5667 0.0039, -0.1615 0.576 0.0039, -0.1453 0.5817 0.0039, -0.122 0.5842 0.0039, -0.093 0.5842 0.0039, -0.093 0.4305 0.0039, -0.1209 0.4305 0.0039, -0.1417 0.4325 0.0039, -0.1582 0.4376 0.0039, -0.1717 0.4456 0.0039, -0.1827 0.4565 0.0039, -0.191 0.4701 0.0039, -0.1968 0.4886 0.0039, -0.1986 0.5093 0.0039, -0.1969 0.5289 0.0039, -0.1923 0.5444 0.0039, -0.1209 0.4305 0.0, -0.093 0.4305 0.0, -0.1417 0.4325 0.0, -0.1582 0.4376 0.0, -0.1717 0.4456 0.0, -0.1827 0.4565 0.0, -0.191 0.4701 0.0, -0.1968 0.4886 0.0, -0.1986 0.5093 0.0, -0.1969 0.5289 0.0, -0.1923 0.5444 0.0, -0.1855 0.5566 0.0, -0.1759 0.5667 0.0, -0.1615 0.576 0.0, -0.1453 0.5817 0.0, -0.122 0.5842 0.0, -0.093 0.5842 0.0, 0.0775 0.6058 0.0039, 0.0775 0.6058 0.0, 0.0775 0.4089 0.0039, 0.0775 0.4089 0.0, -0.0233 0.6058 0.0039, -0.0233 0.6058 0.0, -0.0233 0.5842 0.0039, -0.0233 0.5842 0.0, 0.0511 0.5842 0.0039, 0.0511 0.5842 0.0, 0.0511 0.5194 0.0039, 0.0511 0.5194 0.0, -0.0185 0.5194 0.0039, -0.0185 0.5194 0.0, -0.0185 0.4978 0.0039, -0.0185 0.4978 0.0, 0.0511 0.4978 0.0039, 0.0511 0.4978 0.0, 0.0511 0.4305 0.0039, 0.0511 0.4305 0.0, -0.0281 0.4305 0.0039, -0.0281 0.4305 0.0, -0.0281 0.4089 0.0039, -0.0281 0.4089 0.0, 0.1816 0.4077 0.0, 0.1701 0.4065 0.0, 0.1701 0.4065 0.0039, 0.1943 0.409 0.0, 0.1943 0.409 0.0039, 0.2134 0.4156 0.0039, 0.2134 0.4156 0.0, 0.2292 0.4257 0.0039, 0.2292 0.4257 0.0, 0.244 0.4413 0.0039, 0.244 0.4413 0.0, 0.2545 0.46 0.0039, 0.2545 0.46 0.0, 0.2604 0.4808 0.0039, 0.2604 0.4808 0.0, 0.2623 0.5036 0.0039, 0.2623 0.5036 0.0, 0.2595 0.5316 0.0039, 0.2595 0.5316 0.0, 0.2519 0.5539 0.0039, 0.2519 0.5539 0.0, 0.2404 0.5723 0.0039, 0.2404 0.5723 0.0, 0.2226 0.5894 0.0039, 0.2226 0.5894 0.0, 0.2039 0.6002 0.0039, 0.2039 0.6002 0.0, 0.182 0.6066 0.0039, 0.182 0.6066 0.0, 0.1622 0.6082 0.0039, 0.1622 0.6082 0.0, 0.1387 0.6066 0.0039, 0.1387 0.6066 0.0, 0.1159 0.6004 0.0039, 0.1159 0.6004 0.0, 0.1159 0.574 0.0039, 0.1159 0.574 0.0, 0.1381 0.5835 0.0039, 0.1381 0.5835 0.0, 0.162 0.5866 0.0039, 0.162 0.5866 0.0, 0.1814 0.5844 0.0039, 0.1814 0.5844 0.0, 0.1961 0.5791 0.0039, 0.1961 0.5791 0.0, 0.2097 0.57 0.0039, 0.2097 0.57 0.0, 0.2216 0.5568 0.0039, 0.2216 0.5568 0.0, 0.2297 0.5416 0.0039, 0.2297 0.5416 0.0, 0.235 0.5206 0.0039, 0.235 0.5206 0.0, 0.2359 0.5053 0.0039, 0.2359 0.5053 0.0, 0.2339 0.4839 0.0039, 0.2339 0.4839 0.0, 0.2286 0.467 0.0039, 0.2286 0.467 0.0, 0.2204 0.4534 0.0039, 0.2204 0.4534 0.0, 0.2112 0.4436 0.0039, 0.2112 0.4436 0.0, 0.1991 0.4355 0.0039, 0.1991 0.4355 0.0, 0.1848 0.4302 0.0039, 0.1848 0.4302 0.0, 0.1664 0.4281 0.0039, 0.1664 0.4281 0.0, 0.1403 0.431 0.0039, 0.1403 0.431 0.0, 0.1194 0.4388 0.0039, 0.1194 0.4388 0.0, 0.1159 0.4407 0.0039, 0.1159 0.4407 0.0, 0.1159 0.4191 0.0039, 0.1159 0.4191 0.0, 0.1369 0.4105 0.0, 0.1369 0.4105 0.0039, 0.1568 0.4077 0.0, 0.1647 0.4066 0.0039, 0.1647 0.4066 0.0, 0.38 0.6058 0.0039, 0.38 0.6058 0.0, 0.38 0.4089 0.0039, 0.38 0.4089 0.0, 0.3536 0.6058 0.0039, 0.3536 0.6058 0.0, 0.3536 0.4305 0.0039, 0.3536 0.4305 0.0, 0.2791 0.4305 0.0039, 0.2791 0.4305 0.0, 0.2791 0.4089 0.0039, 0.2791 0.4089 0.0
            ]
        }
        coordIndex [
            0,1,2,-1,2,1,3,-1,4,5,0,-1,0,5,6,-1,0,6,1,-1,1,6,7,-1,4,8,5,-1,5,8,9,-1,5,9,10,-1,10,9,11,-1,10,11,12,-1,12,13,10,-1,10,13,2,-1,10,2,14,-1,14,2,3,-1,14,3,15,-1,3,16,15,-1,15,16,17,-1,1,18,3,-1,3,18,16,-1,7,19,1,-1,1,19,18,-1,6,20,7,-1,7,20,19,-1,5,21,6,-1,6,21,20,-1,10,22,5,-1,5,22,21,-1,14,23,10,-1,10,23,22,-1,14,15,23,-1,23,15,17,-1,24,13,12,-1,24,12,25,-1,25,12,11,-1,25,11,26,-1,9,27,11,-1,11,27,26,-1,27,9,8,-1,27,8,28,-1,28,8,4,-1,28,4,29,-1,0,30,4,-1,4,30,29,-1,2,31,0,-1,0,31,30,-1,24,31,13,-1,13,31,2,-1,32,33,34,-1,34,33,35,-1,33,32,36,-1,33,36,37,-1,37,36,38,-1,37,38,39,-1,39,38,40,-1,39,40,41,-1,41,40,42,-1,41,42,43,-1,43,42,44,-1,43,44,45,-1,45,44,46,-1,45,46,47,-1,47,46,48,-1,47,48,49,-1,49,48,50,-1,49,50,51,-1,51,50,52,-1,51,52,53,-1,53,52,54,-1,53,54,55,-1,55,54,56,-1,55,56,57,-1,57,56,58,-1,57,58,59,-1,59,58,60,-1,59,60,61,-1,61,60,62,-1,61,62,63,-1,63,62,64,-1,63,64,65,-1,66,67,64,-1,64,67,65,-1,66,34,67,-1,67,34,35,-1,46,44,68,-1,68,44,42,-1,68,42,69,-1,69,42,40,-1,69,40,70,-1,70,40,38,-1,70,38,71,-1,71,38,36,-1,71,36,72,-1,72,36,32,-1,72,32,73,-1,73,32,34,-1,73,34,74,-1,74,34,66,-1,74,66,75,-1,75,66,64,-1,75,64,76,-1,76,64,62,-1,76,62,77,-1,77,62,60,-1,77,60,78,-1,78,60,58,-1,78,58,79,-1,79,58,56,-1,79,56,80,-1,80,56,54,-1,80,54,81,-1,81,54,52,-1,81,52,82,-1,82,52,50,-1,82,50,83,-1,83,50,48,-1,83,48,84,-1,84,48,46,-1,84,46,68,-1,75,85,74,-1,74,85,86,-1,85,75,76,-1,85,76,87,-1,87,76,77,-1,87,77,88,-1,88,77,78,-1,88,78,89,-1,89,78,79,-1,89,79,90,-1,90,79,80,-1,90,80,91,-1,91,80,81,-1,91,81,92,-1,92,81,82,-1,92,82,93,-1,93,82,83,-1,93,83,94,-1,94,83,84,-1,94,84,95,-1,95,84,68,-1,95,68,96,-1,96,68,69,-1,96,69,97,-1,97,69,70,-1,97,70,98,-1,98,70,71,-1,98,71,99,-1,99,71,72,-1,99,72,100,-1,73,101,72,-1,72,101,100,-1,86,101,74,-1,74,101,73,-1,102,103,104,-1,104,103,105,-1,106,107,102,-1,102,107,103,-1,108,109,106,-1,106,109,107,-1,110,111,108,-1,108,111,109,-1,112,113,110,-1,110,113,111,-1,114,115,112,-1,112,115,113,-1,116,117,114,-1,114,117,115,-1,118,119,116,-1,116,119,117,-1,120,121,118,-1,118,121,119,-1,122,123,120,-1,120,123,121,-1,124,125,122,-1,122,125,123,-1,124,104,125,-1,125,104,105,-1,104,124,122,-1,122,120,104,-1,104,120,118,-1,104,118,102,-1,108,106,110,-1,110,106,102,-1,110,102,112,-1,112,102,118,-1,112,118,114,-1,114,118,116,-1,126,127,128,-1,126,128,129,-1,128,130,129,-1,129,130,131,-1,129,131,132,-1,132,131,133,-1,132,133,134,-1,134,133,135,-1,134,135,136,-1,136,135,137,-1,136,137,138,-1,138,137,139,-1,138,139,140,-1,140,139,141,-1,140,141,142,-1,142,141,143,-1,142,143,144,-1,144,143,145,-1,144,145,146,-1,146,145,147,-1,146,147,148,-1,148,147,149,-1,148,149,150,-1,150,149,151,-1,150,151,152,-1,152,151,153,-1,152,153,154,-1,154,153,155,-1,154,155,156,-1,156,155,157,-1,156,157,158,-1,158,157,159,-1,158,159,160,-1,161,162,159,-1,159,162,160,-1,162,161,163,-1,162,163,164,-1,164,163,165,-1,164,165,166,-1,166,165,167,-1,166,167,168,-1,168,167,169,-1,168,169,170,-1,170,169,171,-1,170,171,172,-1,172,171,173,-1,172,173,174,-1,174,173,175,-1,174,175,176,-1,176,175,177,-1,176,177,178,-1,178,177,179,-1,178,179,180,-1,180,179,181,-1,180,181,182,-1,182,181,183,-1,182,183,184,-1,184,183,185,-1,184,185,186,-1,186,185,187,-1,186,187,188,-1,188,187,189,-1,188,189,190,-1,190,189,191,-1,190,191,192,-1,192,191,193,-1,192,193,194,-1,194,193,195,-1,194,195,196,-1,196,195,197,-1,196,197,198,-1,198,197,199,-1,198,199,200,-1,201,202,199,-1,199,202,200,-1,203,202,204,-1,204,202,201,-1,203,204,205,-1,205,204,206,-1,205,206,207,-1,207,206,128,-1,207,128,127,-1,191,128,193,-1,193,128,206,-1,193,206,195,-1,195,206,204,-1,195,204,197,-1,197,204,201,-1,197,201,199,-1,161,159,163,-1,163,159,157,-1,163,157,165,-1,165,157,155,-1,165,155,167,-1,167,155,153,-1,167,153,169,-1,169,153,151,-1,169,151,171,-1,171,151,149,-1,171,149,173,-1,173,149,147,-1,173,147,175,-1,175,147,145,-1,175,145,177,-1,177,145,143,-1,177,143,179,-1,179,143,141,-1,179,141,181,-1,181,141,139,-1,181,139,183,-1,183,139,137,-1,183,137,185,-1,185,137,135,-1,185,135,187,-1,187,135,133,-1,187,133,189,-1,189,133,131,-1,189,131,191,-1,191,131,130,-1,191,130,128,-1,208,209,210,-1,210,209,211,-1,212,213,208,-1,208,213,209,-1,214,215,212,-1,212,215,213,-1,216,217,214,-1,214,217,215,-1,218,219,216,-1,216,219,217,-1,218,210,219,-1,219,210,211,-1,212,208,214,-1,214,208,210,-1,214,210,216,-1,216,210,218,-1,
        ]
    }
}
Shape{
    appearance Appearance {
        material  Material 	{
            diffuseColor 0.20784313725490197 0.20784313725490197 0.20784313725490197
            specularColor 0.01568627450980392 0.01568627450980392 0.01568627450980392
            ambientIntensity 0.298
            transparency 0.0
            shininess 0.5
        }
    }
    geometry IndexedFaceSet {
        ccw TRUE
        solid FALSE
        coord DEF co Coordinate {
            point [
                -0.2936 0.4858 0.0, -0.3595 0.4858 0.0, -0.323 0.568 0.0, -0.3298 0.568 0.0, -0.3249 0.5748 0.0, -0.3281 0.5748 0.0, -0.3262 0.5818 0.0, -0.3268 0.5818 0.0
            ]
        }
        coordIndex [
            0,1,2,-1,2,1,3,-1,2,3,4,-1,4,3,5,-1,4,5,6,-1,6,5,7,-1,
        ]
    }
}
Shape{
    appearance Appearance {
        material  Material 	{
            diffuseColor 0.8313725490196079 0.6941176470588235 0.3843137254901961
            specularColor 0.25098039215686274 0.20784313725490197 0.11372549019607843
            ambientIntensity 0.6998
            transparency 0.0
            shininess 0.5
        }
    }
    geometry IndexedFaceSet {
        ccw TRUE
        solid FALSE
        coord DEF co Coordinate {
            point [
                -0.093 0.5842 0.0, -0.093 0.4305 0.0, -0.122 0.5842 0.0, -0.1209 0.4305 0.0, -0.1417 0.4325 0.0, -0.1986 0.5093 0.0, -0.1969 0.5289 0.0, -0.1923 0.5444 0.0, -0.1453 0.5817 0.0, -0.1582 0.4376 0.0, -0.1717 0.4456 0.0, -0.1827 0.4565 0.0, -0.191 0.4701 0.0, -0.1968 0.4886 0.0, -0.1855 0.5566 0.0, -0.1759 0.5667 0.0, -0.1615 0.576 0.0
            ]
        }
        coordIndex [
            0,1,2,-1,2,1,3,-1,2,3,4,-1,5,6,2,-1,2,6,7,-1,2,7,8,-1,4,9,2,-1,2,9,10,-1,2,10,11,-1,11,12,2,-1,2,12,13,-1,2,13,5,-1,14,15,7,-1,7,15,16,-1,7,16,8,-1,
        ]
    }
}