#VRML V2.0 utf8
# 3D model generated by easyeda2kicad.py (https://github.com/uPesy/easyeda2kicad.py)

Shape{
    appearance Appearance {
        material  Material 	{
            diffuseColor 1.0 0.9529411764705882 0.792156862745098
            specularColor 0.30196078431372547 0.28627450980392155 0.23921568627450981
            ambientIntensity 0.9487
            transparency 0.0
            shininess 0.5
        }
    }
    geometry IndexedFaceSet {
        ccw TRUE
        solid FALSE
        coord DEF co Coordinate {
            point [
                0.7048 0.6016 1.4429, 0.7048 0.6016 1.3956, 0.6835 0.6016 1.3956, 0.5982 0.6016 1.2942, 0.597 0.6016 1.2955, 0.597 0.6016 1.3044, 0.6782 0.6016 1.401, 0.679 0.6016 1.4031, 0.679 0.6016 1.389, -1.1614 0.6016 0.8012, -1.1614 0.6016 1.2832, -0.4737 0.6016 1.2832, 0.6212 0.6016 1.3045, 0.6222 0.6016 1.3044, 0.6094 0.6016 1.3044, 0.5639 0.6016 1.3582, 0.547 0.6016 1.3582, 0.547 0.6016 1.3734, 0.7798 0.6016 1.4012, 0.7695 0.6016 1.3925, 0.7336 0.6016 1.4433, 0.7336 0.6016 1.389, 0.8295 0.6016 1.4484, 0.8221 0.6016 1.4433, 0.8135 0.6016 1.4375, 0.8009 0.6016 1.4228, 0.793 0.6016 1.4075, 0.7911 0.6016 1.4069, 0.901 0.6016 1.4483, 0.8835 0.6016 1.455, 1.1614 0.6016 1.5984, 0.7336 0.6016 1.5984, 0.8651 0.6016 1.4572, 0.8484 0.6016 1.4553, 0.9091 0.6016 1.4433, 1.1614 0.6016 1.4433, 0.9106 0.6016 1.4424, 1.1614 0.6016 1.389, 0.9922 0.6016 1.389, 0.9888 0.6016 1.3965, 0.9797 0.6016 1.4082, 0.951 0.6016 1.4246, 0.9361 0.6016 1.4264, 0.9196 0.6016 1.4348, 0.9317 0.6016 1.4262, 0.9273 0.6016 1.4257, 0.9772 0.6016 1.4107, 0.9651 0.6016 1.4191, 0.9698 0.6016 1.3135, 0.9816 0.6016 1.3236, 1.1614 0.6016 1.3044, 0.956 0.6016 1.3068, 0.9903 0.6016 1.336, 0.9957 0.6016 1.3501, 1.1614 0.6016 1.3734, 0.9976 0.6016 1.365, 0.9974 0.6016 1.3686, 0.9966 0.6016 1.3734, 0.9949 0.6016 1.3829, 0.9512 0.6016 1.3054, 0.9508 0.6016 1.3044, 0.9474 0.6016 1.2972, 1.1614 0.6016 1.2832, 0.9418 0.6016 1.2903, 0.9344 0.6016 1.2847, 0.7336 0.6016 0.2008, 0.7336 0.6016 1.2832, 0.8995 0.6016 1.2832, 1.378 0.6016 0.8012, 1.378 0.6016 0.2008, 1.1614 0.6016 0.8012, 0.9256 0.6016 1.281, 0.9309 0.6016 1.2832, 0.906 0.6016 1.2807, 0.9152 0.6016 1.2796, 0.9166 0.6016 1.2796, 0.7336 0.6016 1.3044, 0.8796 0.6016 1.3044, 0.8797 0.6016 1.3042, 0.8842 0.6016 1.2957, 0.89 0.6016 1.2892, 0.8975 0.6016 1.284, 0.7572 0.6016 1.3702, 0.7554 0.6016 1.3578, 0.7336 0.6016 1.3734, 0.8312 0.6016 1.3267, 0.8286 0.6016 1.3278, 0.8241 0.6016 1.3494, 0.7695 0.6016 1.3217, 0.7798 0.6016 1.313, 0.8867 0.6016 1.343, 0.8359 0.6016 1.3695, 0.8934 0.6016 1.349, 0.9014 0.6016 1.3533, 0.8335 0.6016 1.3251, 0.7619 0.6016 1.3322, 0.7791 0.6016 1.3607, 0.7809 0.6016 1.368, 0.7838 0.6016 1.3734, 0.9727 0.6016 1.3734, 0.7572 0.6016 1.3442, 0.8256 0.6016 1.3282, 0.8253 0.6016 1.3281, 0.8241 0.6016 1.3279, 0.9705 0.6016 1.3506, 0.9659 0.6016 1.3429, 0.9467 0.6016 1.339, 0.9591 0.6016 1.3359, 0.9509 0.6016 1.3308, 0.9326 0.6016 1.3515, 0.9404 0.6016 1.3461, 0.9736 0.6016 1.3657, 0.9732 0.6016 1.3599, 0.9243 0.6016 1.3547, 0.9152 0.6016 1.3559, 0.9106 0.6016 1.3556, 0.8374 0.6016 1.3164, 0.8373 0.6016 1.3179, 0.8772 0.6016 1.3213, 0.8365 0.6016 1.3208, 0.8351 0.6016 1.3234, 0.7867 0.6016 1.3373, 0.7825 0.6016 1.3432, 0.7799 0.6016 1.35, 0.7789 0.6016 1.3574, 0.8285 0.6016 1.305, 0.831 0.6016 1.306, 0.8335 0.6016 1.3077, 0.8344 0.6016 1.3086, 0.836 0.6016 1.311, 0.837 0.6016 1.3136, 0.8774 0.6016 1.3135, 0.8772 0.6016 1.3175, 0.7914 0.6016 1.3073, 0.804 0.6016 1.3046, 0.8264 0.6016 1.3046, 0.8233 0.6016 1.3278, 0.8063 0.6016 1.3278, 0.7994 0.6016 1.3291, 0.7927 0.6016 1.3322, 0.7871 0.6016 1.3368, 0.8116 0.6016 1.387, 0.9693 0.6016 1.3834, 0.9725 0.6016 1.3749, 0.8085 0.6016 1.387, 0.7845 0.6016 1.3746, 0.7888 0.6016 1.3794, 0.7947 0.6016 1.3835, 0.8013 0.6016 1.3861, 0.8198 0.6016 1.4098, 0.8283 0.6016 1.42, 0.9156 0.6016 1.398, 0.8293 0.6016 1.4209, 0.8399 0.6016 1.4283, 0.9098 0.6016 1.41, 0.9653 0.6016 1.389, 0.9182 0.6016 1.3994, 0.812 0.6016 1.389, 0.8139 0.6016 1.3976, 0.9268 0.6016 1.4026, 0.9357 0.6016 1.4037, 0.9397 0.6016 1.4035, 0.9013 0.6016 1.4202, 0.8518 0.6016 1.4328, 0.8911 0.6016 1.4276, 0.8647 0.6016 1.4344, 0.8787 0.6016 1.4326, 0.949 0.6016 1.4012, 0.9575 0.6016 1.3967, 0.964 0.6016 1.3909, 0.767 0.6016 1.389, 0.7618 0.6016 1.3817, 0.7584 0.6016 1.3734, 0.5364 0.6016 1.352, 0.5301 0.6016 1.3044, 0.5301 0.6016 1.3734, 0.5364 0.6016 1.3582, 0.5379 0.6016 1.3289, 0.5379 0.6016 1.335, 0.547 0.6016 1.335, 0.547 0.6016 1.352, 0.557 0.6016 1.335, 0.557 0.6016 1.352, 0.557 0.6016 1.3289, 0.557 0.6016 1.3109, 0.547 0.6016 1.3289, 0.547 0.6016 1.3109, 0.5352 0.6016 1.3109, 0.5352 0.6016 1.3048, 0.547 0.6016 1.3044, 0.547 0.6016 1.3048, 0.5639 0.6016 1.3048, 0.5902 0.6016 1.3143, 0.5894 0.6016 1.3111, 0.5892 0.6016 1.3111, 0.5711 0.6016 1.3429, 0.597 0.6016 1.3734, 0.578 0.6016 1.3429, 0.597 0.6016 1.3336, 0.5884 0.6016 1.3142, 0.5889 0.6016 1.3124, 0.6369 0.6016 1.313, 0.6437 0.6016 1.3734, 0.6437 0.6016 1.3044, 0.6345 0.6016 1.3115, 0.6338 0.6016 1.3113, 0.6338 0.6016 1.3254, 0.635 0.6016 1.3266, 0.6358 0.6016 1.328, 0.6366 0.6016 1.33, 0.6369 0.6016 1.3326, 0.6366 0.6016 1.335, 0.6339 0.6016 1.3255, 0.6306 0.6016 1.3044, 0.6325 0.6016 1.3046, 0.6338 0.6016 1.3044, 0.6338 0.6016 1.305, 0.6369 0.6016 1.3061, 0.613 0.6016 1.3421, 0.613 0.6016 1.3356, 0.6326 0.6016 1.3408, 0.6306 0.6016 1.3419, 0.6338 0.6016 1.3734, 0.6115 0.6016 1.3125, 0.6123 0.6016 1.3104, 0.6135 0.6016 1.3086, 0.6358 0.6016 1.3372, 0.6346 0.6016 1.339, 0.6338 0.6016 1.3397, 0.627 0.6016 1.3433, 0.622 0.6016 1.3438, 0.6094 0.6016 1.3734, 0.6176 0.6016 1.3434, 0.6134 0.6016 1.3215, 0.6121 0.6016 1.3196, 0.6114 0.6016 1.3177, 0.6111 0.6016 1.3152, 0.6154 0.6016 1.3069, 0.6175 0.6016 1.3057, 0.6227 0.6016 1.3384, 0.6246 0.6016 1.3382, 0.63 0.6016 1.3332, 0.6264 0.6016 1.3378, 0.6279 0.6016 1.337, 0.6299 0.6016 1.3324, 0.6296 0.6016 1.3313, 0.6292 0.6016 1.3304, 0.6285 0.6016 1.3297, 0.6261 0.6016 1.3282, 0.6181 0.6016 1.3378, 0.622 0.6016 1.3264, 0.6143 0.6016 1.3364, 0.6194 0.6016 1.3254, 0.615 0.6016 1.3229, 0.6289 0.6016 1.3361, 0.6295 0.6016 1.3352, 0.6298 0.6016 1.3343, 0.6303 0.6016 1.3099, 0.6267 0.6016 1.3216, 0.6307 0.6016 1.3234, 0.6259 0.6016 1.3094, 0.6256 0.6016 1.3094, 0.6223 0.6016 1.3197, 0.6222 0.6016 1.3098, 0.618 0.6016 1.3145, 0.6181 0.6016 1.3154, 0.6204 0.6016 1.3104, 0.6198 0.6016 1.3108, 0.6191 0.6016 1.3114, 0.6185 0.6016 1.3123, 0.6181 0.6016 1.3132, 0.6184 0.6016 1.3164, 0.6189 0.6016 1.3173, 0.6197 0.6016 1.3182, 0.4801 0.6016 1.389, 0.4975 0.6016 1.3895, 0.5051 0.6016 1.3895, 0.5105 0.6016 1.4041, 0.5301 0.6016 1.4041, 0.5301 0.6016 1.389, 0.5178 0.6016 1.4429, 0.4801 0.6016 1.4433, 0.5301 0.6016 1.4433, 0.5328 0.6016 1.4041, 0.5379 0.6016 1.3895, 0.547 0.6016 1.389, 0.5455 0.6016 1.3895, 0.547 0.6016 1.4433, 0.5301 0.6016 1.4299, 0.5252 0.6016 1.4429, 0.6032 0.6016 1.4429, 0.597 0.6016 1.4433, 0.6094 0.6016 1.4433, 0.6238 0.6016 1.4135, 0.6238 0.6016 1.3956, 0.6094 0.6016 1.4135, 0.6094 0.6016 1.3956, 0.6047 0.6016 1.4135, 0.602 0.6016 1.3956, 0.6047 0.6016 1.4196, 0.6032 0.6016 1.4367, 0.6094 0.6016 1.4196, 0.6094 0.6016 1.4367, 0.6238 0.6016 1.4196, 0.6238 0.6016 1.4367, 0.6307 0.6016 1.3895, 0.6338 0.6016 1.389, 0.6094 0.6016 1.389, 0.597 0.6016 1.389, 0.602 0.6016 1.3895, 0.6094 0.6016 1.3895, 0.6338 0.6016 1.4433, 0.6307 0.6016 1.4429, 0.6094 0.6016 1.4429, -1.1614 0.6016 1.4433, -0.4737 0.6016 1.4433, -0.4737 0.6016 1.389, -1.1614 0.6016 1.389, -0.4737 0.6016 1.3734, -1.1614 0.6016 1.3734, -0.4737 0.6016 1.3044, -1.1614 0.6016 1.3044, -0.4737 0.6016 0.2008, -1.378 0.6016 0.2008, -1.378 0.6016 0.8012, 0.6437 0.6016 1.4353, 0.6552 0.6016 1.3947, 0.6519 0.6016 1.3949, 0.6689 0.6016 1.4312, 0.6715 0.6016 1.4275, 0.6741 0.6016 1.4136, 0.6732 0.6016 1.4082, 0.646 0.6016 1.3962, 0.6437 0.6016 1.3972, 0.642 0.6016 1.4347, 0.6414 0.6016 1.3983, 0.6414 0.6016 1.4344, 0.654 0.6016 1.4375, 0.6562 0.6016 1.4375, 0.6685 0.6016 1.4316, 0.6608 0.6016 1.4365, 0.665 0.6016 1.4346, 0.6733 0.6016 1.4229, 0.6741 0.6016 1.4156, 0.6715 0.6016 1.4039, 0.6689 0.6016 1.4004, 0.6676 0.6016 1.3991, 0.6474 0.6016 1.4368, 0.664 0.6016 1.3967, 0.6602 0.6016 1.3953, 0.6483 0.6016 1.4433, 0.6471 0.6016 1.4432, 0.6437 0.6016 1.4433, 0.6437 0.6016 1.4422, 0.6414 0.6016 1.4416, 0.654 0.6016 1.4438, 0.6437 0.6016 1.5984, 0.6578 0.6016 1.4433, 0.679 0.6016 1.5984, 0.679 0.6016 1.4433, 0.6775 0.6016 1.4309, 0.6737 0.6016 1.4359, 0.6725 0.6016 1.437, 0.6673 0.6016 1.4407, 0.6617 0.6016 1.4428, 0.6822 0.6016 1.4433, 0.6801 0.6016 1.4249, 0.679 0.6016 1.4275, 0.6803 0.6016 1.4065, 0.6822 0.6016 1.389, 0.6814 0.6016 1.4152, 0.6813 0.6016 1.418, 0.6657 0.6016 1.3901, 0.6707 0.6016 1.3926, 0.6745 0.6016 1.3959, 0.675 0.6016 1.3964, 0.661 0.6016 1.389, 0.679 0.6016 1.3734, 0.6601 0.6016 1.3888, 0.6562 0.6016 1.3886, 0.6515 0.6016 1.389, 0.6414 0.6016 1.3917, 0.6423 0.6016 1.3912, 0.6437 0.6016 1.389, 0.6437 0.6016 1.3908, 0.648 0.6016 1.3894, 0.6739 0.6016 1.3229, 0.6729 0.6016 1.3338, 0.6753 0.6016 1.321, 0.6762 0.6016 1.3187, 0.6719 0.6016 1.3247, 0.6691 0.6016 1.3262, 0.6686 0.6016 1.3365, 0.6639 0.6016 1.3275, 0.6581 0.6016 1.3381, 0.6604 0.6016 1.3384, 0.6645 0.6016 1.3379, 0.6711 0.6016 1.3053, 0.6733 0.6016 1.3069, 0.679 0.6016 1.3044, 0.6741 0.6016 1.3077, 0.6754 0.6016 1.3097, 0.6558 0.6016 1.3435, 0.653 0.6016 1.3426, 0.6507 0.6016 1.3414, 0.649 0.6016 1.3397, 0.6476 0.6016 1.3376, 0.6526 0.6016 1.3107, 0.6528 0.6016 1.3107, 0.6526 0.6016 1.3048, 0.6539 0.6016 1.3091, 0.656 0.6016 1.3068, 0.6763 0.6016 1.312, 0.6766 0.6016 1.315, 0.6729 0.6016 1.3403, 0.6465 0.6016 1.3346, 0.646 0.6016 1.3293, 0.646 0.6016 1.3048, 0.6714 0.6016 1.3411, 0.6665 0.6016 1.343, 0.6597 0.6016 1.3438, 0.6526 0.6016 1.329, 0.6529 0.6016 1.332, 0.6536 0.6016 1.3344, 0.6543 0.6016 1.3358, 0.6554 0.6016 1.3368, 0.6565 0.6016 1.3376, 0.6609 0.6016 1.3044, 0.661 0.6016 1.3043, 0.6437 0.6016 1.2832, 0.679 0.6016 1.2832, 0.6645 0.6016 1.3039, 0.6684 0.6016 1.3044, 0.6685 0.6016 1.3044, 0.597 0.6016 1.3157, 0.6077 0.6016 1.3429, 0.6002 0.6016 1.3429, 0.5929 0.6016 1.3044, 0.5927 0.6016 1.3049, 0.597 0.6016 1.2956, 0.5956 0.6016 1.298, 0.6094 0.6016 1.2832, 0.6063 0.6016 1.2874, 0.6063 0.6016 1.2933, 0.6266 0.6016 1.3039, 0.6338 0.6016 1.2832, 0.6049 0.6016 1.2929, 0.6025 0.6016 1.2926, 0.597 0.6016 1.288, 0.5993 0.6016 1.2872, 0.597 0.6016 1.2832, 0.602 0.6016 1.2869, 0.6035 0.6016 1.2869, 0.6009 0.6016 1.2928, 0.5994 0.6016 1.2933, 0.5884 0.6016 1.299, 0.5914 0.6016 1.2932, 0.547 0.6016 1.2832, 0.5863 0.6016 1.3044, 0.5938 0.6016 1.2902, 0.5943 0.6016 1.2898, 0.5966 0.6016 1.2882, 0.4801 0.6016 0.2008, 0.4801 0.6016 1.2832, 0.5301 0.6016 0.2008, 0.5301 0.6016 1.2832, 0.547 0.6016 0.2008, 0.597 0.6016 0.2008, 0.6094 0.6016 0.2008, 0.6338 0.6016 0.2008, 0.6437 0.6016 0.2008, 0.679 0.6016 0.2008, 0.6583 0.6016 1.3053, 0.4801 0.6016 1.3044, 0.7117 0.6016 1.3582, 0.7117 0.6016 1.3048, 0.6822 0.6016 1.3044, 0.6822 0.6016 1.2832, 0.6822 0.6016 0.2008, 0.6842 0.6016 1.3582, 0.6822 0.6016 1.3734, 0.6842 0.6016 1.352, 0.683 0.6016 1.3109, 0.683 0.6016 1.3048, 0.7048 0.6016 1.3289, 0.7048 0.6016 1.3109, 0.6857 0.6016 1.3289, 0.6857 0.6016 1.335, 0.7048 0.6016 1.335, 0.7048 0.6016 1.352, 0.5098 0.6016 1.3582, 0.4801 0.6016 1.3734, 0.5017 0.6016 1.3573, 0.4953 0.6016 1.3549, 0.4845 0.6016 1.3446, 0.4825 0.6016 1.3395, 0.4816 0.6016 1.3322, 0.4819 0.6016 1.3278, 0.4834 0.6016 1.3217, 0.4862 0.6016 1.3163, 0.4897 0.6016 1.3123, 0.4953 0.6016 1.3083, 0.5014 0.6016 1.3059, 0.5104 0.6016 1.3048, 0.5251 0.6016 1.3048, 0.5251 0.6016 1.3582, 0.4897 0.6016 1.3511, 0.4878 0.6016 1.3492, 0.471 0.6016 1.3048, 0.4787 0.6016 1.3048, 0.4437 0.6016 1.3194, 0.4659 0.6016 1.3194, 0.4583 0.6016 1.3582, 0.451 0.6016 1.3582, 0.7117 0.6016 1.3895, 0.7117 0.6016 1.4429, 0.6835 0.6016 1.3895, 0.5513 0.6016 1.4293, 0.5493 0.6016 1.4242, 0.5485 0.6016 1.4169, 0.5487 0.6016 1.4125, 0.5502 0.6016 1.4064, 0.553 0.6016 1.401, 0.5565 0.6016 1.397, 0.5621 0.6016 1.3929, 0.5767 0.6016 1.4429, 0.5685 0.6016 1.442, 0.5621 0.6016 1.4396, 0.5682 0.6016 1.3906, 0.5772 0.6016 1.3895, 0.5919 0.6016 1.3895, 0.5919 0.6016 1.4429, 0.5565 0.6016 1.4358, 0.5546 0.6016 1.4339, 0.4382 0.6016 1.3048, 0.4306 0.6016 1.3048, 0.6822 0.6016 1.5984, -1.1614 0.6016 1.5984, -0.4737 0.6016 1.5984, 0.4801 0.6016 1.5984, 0.5301 0.6016 1.5984, 0.547 0.6016 1.5984, 0.597 0.6016 1.5984, 0.6094 0.6016 1.5984, 0.6338 0.6016 1.5984, 0.8661 -0.235 1.5394, 0.8661 -0.235 0.4173, 0.8071 -0.235 1.5984, 0.5945 -0.235 0.4173, 0.5945 -0.235 1.5984, 0.5354 -0.235 0.4173, 0.4488 -0.235 0.4173, 0.5354 -0.235 1.5984, 0.4488 -0.235 1.5984, 0.3898 -0.235 0.4173, 0.1024 -0.235 0.4173, 0.3898 -0.235 1.5984, 0.1024 -0.235 1.5984, 0.0433 -0.235 0.4173, -0.0433 -0.235 0.4173, 0.0433 -0.235 1.5984, -0.0433 -0.235 1.5984, 0.0433 0.4047 0.4173, 0.4488 0.4047 0.4173, 0.0433 0.4047 1.5394, 0.4488 0.4047 1.5394, 0.5354 0.4047 0.4173, 1.0433 0.4047 0.4173, 0.5354 0.4047 1.5394, 1.0433 0.4047 1.5394, 0.4488 0.4638 1.5984, 0.0433 0.4638 1.5984, 1.1024 0.4638 1.5984, 0.5354 0.4638 1.5984, -0.1024 -0.235 0.4173, -0.3898 -0.235 0.4173, -0.1024 -0.235 1.5984, -0.3898 -0.235 1.5984, -0.4488 -0.235 0.4173, -0.5354 -0.235 0.4173, -0.4488 -0.235 1.5984, -0.5354 -0.235 1.5984, -0.0433 0.4047 1.5394, -0.4488 0.4047 1.5394, -0.0433 0.4047 0.4173, -0.4488 0.4047 0.4173, -0.4488 0.4638 1.5984, -0.0433 0.4638 1.5984, -1.1614 -0.235 0.0039, -1.378 -0.235 0.0039, -1.378 0.1833 0.0039, -0.8957 -0.9535 0.0039, 1.1614 -1.0717 0.0039, -1.1614 -1.0717 0.0039, 1.1614 -0.235 0.0039, 1.0207 -0.7656 0.0039, 0.8957 -0.7656 0.0039, 1.378 0.1833 0.0039, 0.748 -0.3531 0.0039, -0.748 -0.3531 0.0039, -1.0207 -0.7656 0.0039, -1.0207 -0.9535 0.0039, 0.748 -0.9535 0.0039, -0.748 -0.9535 0.0039, -0.8957 -0.7656 0.0039, 1.0207 -0.9535 0.0039, 0.8957 -0.9535 0.0039, 1.378 -0.235 0.0039, 1.2008 0.5622 0.8012, 1.2008 0.4047 0.8012, 1.1614 0.3654 0.8012, 1.3386 0.4047 0.8012, 1.378 0.3654 0.8012, 1.3386 0.5622 0.8012, 1.1614 -0.235 1.3622, 1.2008 -0.1957 1.3622, 1.2008 0.0687 1.3622, 1.3386 -0.1957 1.3622, 1.378 -0.235 1.3622, 1.3386 0.0687 1.3622, 1.378 0.3654 1.3622, 1.1614 0.3654 1.3622, 1.378 -0.235 1.5984, 1.378 -1.0717 1.5984, 1.378 -0.235 0.2402, 1.378 0.1833 0.2008, 1.378 -0.8354 0.8012, 1.378 -0.8354 0.2402, 1.378 -1.0717 0.8012, 1.1614 -1.0717 0.8012, -1.378 -1.0717 1.5984, -1.378 -1.0717 0.8012, -1.1614 -1.0717 0.8012, 0.8661 -0.7468 1.5984, 0.748 -0.2941 1.5984, 0.748 -1.0126 1.5984, -0.748 -1.0126 1.5984, -1.2598 -0.9535 1.5984, -1.2598 -0.7468 1.5984, -1.378 -0.235 1.5984, -1.1614 -0.235 1.5984, 0.4488 -0.1642 1.5984, 0.3898 -0.1642 1.5984, 1.2598 -0.7468 1.5984, 1.2598 -0.9535 1.5984, 0.8661 -0.9535 1.5984, 0.5945 -0.1642 1.5984, 0.5354 -0.1642 1.5984, -0.748 -0.2941 1.5984, 1.1024 -0.4516 1.5984, 1.1614 -0.235 1.5984, -0.0433 -0.1642 1.5984, -0.1024 -0.1642 1.5984, 0.8071 -0.4516 1.5984, 0.0433 -0.1642 1.5984, 0.1024 -0.1642 1.5984, -0.5354 -0.1642 1.5984, -0.5945 -0.1642 1.5984, -0.5945 -0.235 1.5984, -0.8071 -0.235 1.5984, -0.8661 -0.7468 1.5984, -0.8071 -0.4516 1.5984, -1.1024 -0.4516 1.5984, -1.1024 0.4638 1.5984, -0.5354 0.4638 1.5984, -0.8661 -0.9535 1.5984, -0.4488 -0.1642 1.5984, -0.3898 -0.1642 1.5984, 0.748 -0.3531 1.5394, 0.4331 -0.3531 1.5394, 0.4331 -0.3531 1.2244, -0.4331 -0.3531 1.5394, -0.748 -0.3531 1.5394, -0.4331 -0.3531 1.2244, -1.378 -0.8354 0.8012, -1.378 0.3654 0.8012, -1.378 0.1833 0.2008, -1.378 -0.235 0.2402, -1.378 -0.235 1.3622, -1.378 0.3654 1.3622, -1.378 -0.8354 0.2402, -0.748 -0.9535 1.5394, 0.748 -0.9535 1.5394, -0.8661 -0.7468 1.2047, -0.8661 -0.9535 1.2047, -1.2598 -0.9535 1.2047, -1.2598 -0.7468 1.2047, 0.8661 -0.9535 1.2047, 0.8661 -0.7468 1.2047, 1.2598 -0.7468 1.2047, 1.2598 -0.9535 1.2047, -1.1614 -0.235 0.2402, -1.2598 -0.239 0.2402, -1.2598 -0.8354 0.2402, -1.1614 -0.8354 0.2402, -1.1811 -0.8354 0.2402, -1.1811 -0.239 0.2402, -1.1811 -0.8354 0.7972, -1.1614 -0.8354 0.8012, -1.2598 -0.8354 0.7972, -1.1614 -0.235 1.3622, -1.3386 -0.1957 1.3622, -1.3386 0.0687 1.3622, -1.2008 -0.1957 1.3622, -1.2008 0.0687 1.3622, -1.1614 0.3654 1.3622, -1.1614 0.3654 0.8012, -1.3386 0.5622 0.8012, -1.3386 0.4047 0.8012, -1.2008 0.4047 0.8012, -1.2008 0.5622 0.8012, 1.0433 -0.3925 1.5394, 1.0433 -0.3925 0.4173, 0.8661 -0.3925 1.5394, 0.8661 -0.3925 0.4173, -0.8661 -0.235 0.4173, -0.8661 -0.235 1.5394, -0.5945 -0.235 0.4173, -0.8661 -0.3925 1.5394, -0.8661 -0.3925 0.4173, -1.0433 -0.3925 1.5394, -1.0433 -0.3925 0.4173, -1.0433 0.4047 1.5394, -1.0433 0.4047 0.4173, -0.5354 0.4047 1.5394, -0.5354 0.4047 0.4173, 0.1024 -0.1169 0.4173, 0.3898 -0.1169 0.4173, 0.5354 -0.1169 0.4173, 0.5315 0.4441 0.4173, 0.5315 -0.2154 0.4173, 0.4528 -0.2154 0.4173, 0.4528 0.4441 0.4173, 0.4488 0.4638 0.4173, 0.5354 0.4638 0.4173, 0.5945 -0.1169 0.4173, -0.4488 0.4638 0.4173, -0.4528 0.4441 0.4173, -0.0394 -0.2154 0.4173, -0.0394 0.4441 0.4173, 0.0394 -0.2154 0.4173, 0.0433 -0.1169 0.4173, 0.0394 0.4441 0.4173, 0.0433 0.4638 0.4173, -0.0433 0.4638 0.4173, 0.4488 -0.1169 0.4173, -0.5315 -0.2154 0.4173, -0.5315 0.4441 0.4173, -0.5354 0.4638 0.4173, -0.3898 -0.1169 0.4173, -0.4488 -0.1169 0.4173, -0.4528 -0.2154 0.4173, -0.1024 -0.1169 0.4173, -0.0433 -0.1169 0.4173, -0.5945 -0.1169 0.4173, -0.5354 -0.1169 0.4173, -0.4331 -0.535 1.2244, 0.4331 -0.535 1.2244
            ]
        }
        coordIndex [
            0,1,2,-1,3,4,5,-1,6,7,8,-1,9,10,11,-1,12,13,14,-1,15,16,17,-1,18,19,20,-1,20,19,21,-1,22,23,20,-1,20,23,24,-1,20,24,25,-1,25,26,20,-1,20,26,27,-1,20,27,18,-1,28,29,30,-1,30,29,31,-1,31,29,32,-1,31,32,33,-1,28,30,34,-1,34,30,35,-1,34,35,36,-1,37,38,35,-1,35,38,39,-1,35,39,40,-1,35,41,36,-1,36,41,42,-1,36,42,43,-1,43,42,44,-1,43,44,45,-1,40,46,35,-1,35,46,47,-1,35,47,41,-1,48,49,50,-1,48,50,51,-1,49,52,50,-1,50,52,53,-1,50,53,54,-1,54,53,55,-1,55,56,54,-1,54,56,57,-1,54,57,37,-1,37,57,58,-1,37,58,38,-1,59,51,60,-1,60,51,50,-1,60,50,61,-1,61,50,62,-1,61,62,63,-1,63,62,64,-1,65,66,67,-1,68,69,70,-1,70,69,65,-1,70,71,62,-1,62,71,72,-1,62,72,64,-1,67,73,65,-1,65,73,74,-1,65,74,70,-1,70,74,75,-1,70,75,71,-1,76,77,66,-1,66,77,78,-1,66,78,79,-1,79,80,66,-1,66,80,81,-1,66,81,67,-1,82,83,84,-1,85,86,87,-1,88,89,76,-1,90,91,92,-1,92,91,93,-1,85,87,94,-1,88,76,95,-1,96,97,91,-1,91,97,98,-1,91,98,99,-1,84,83,76,-1,76,83,100,-1,76,100,95,-1,86,101,87,-1,87,101,102,-1,87,102,103,-1,104,105,106,-1,106,105,107,-1,106,107,108,-1,109,99,110,-1,110,99,111,-1,110,111,106,-1,106,111,112,-1,106,112,104,-1,109,113,99,-1,99,113,114,-1,99,114,91,-1,91,114,115,-1,91,115,93,-1,116,117,118,-1,118,117,119,-1,118,119,87,-1,87,119,120,-1,87,120,94,-1,121,122,87,-1,87,122,123,-1,87,123,91,-1,91,123,124,-1,91,124,96,-1,125,126,77,-1,77,126,127,-1,77,127,128,-1,128,129,77,-1,77,129,130,-1,77,130,131,-1,131,130,116,-1,131,116,132,-1,132,116,118,-1,89,133,76,-1,76,133,134,-1,76,134,77,-1,77,134,135,-1,77,135,125,-1,103,136,87,-1,87,136,137,-1,87,137,138,-1,138,139,87,-1,87,139,140,-1,87,140,121,-1,141,142,143,-1,143,99,141,-1,141,99,98,-1,141,98,144,-1,144,98,145,-1,145,146,144,-1,144,146,147,-1,144,147,148,-1,149,150,151,-1,150,152,151,-1,151,152,153,-1,151,153,154,-1,155,151,156,-1,142,141,155,-1,155,141,157,-1,155,157,151,-1,151,157,158,-1,151,158,149,-1,156,159,155,-1,155,159,160,-1,155,160,161,-1,154,153,162,-1,162,153,163,-1,162,163,164,-1,164,163,165,-1,164,165,166,-1,167,168,161,-1,161,168,169,-1,161,169,155,-1,19,170,21,-1,21,170,171,-1,21,171,84,-1,84,171,172,-1,84,172,82,-1,173,174,175,-1,17,16,175,-1,175,16,176,-1,175,176,173,-1,177,174,178,-1,178,174,173,-1,178,173,179,-1,179,173,180,-1,179,180,181,-1,181,180,182,-1,183,184,185,-1,185,184,186,-1,185,186,177,-1,177,186,187,-1,177,187,174,-1,174,187,188,-1,174,188,189,-1,189,188,190,-1,189,190,191,-1,192,193,194,-1,195,196,197,-1,197,196,198,-1,197,198,199,-1,199,198,192,-1,199,192,200,-1,200,192,194,-1,201,202,203,-1,204,205,206,-1,207,208,201,-1,208,209,201,-1,201,209,210,-1,201,210,202,-1,202,210,211,-1,204,206,201,-1,201,206,212,-1,201,212,207,-1,213,214,215,-1,215,214,216,-1,215,216,203,-1,203,216,217,-1,203,217,201,-1,218,219,14,-1,220,221,222,-1,223,224,14,-1,14,224,225,-1,211,226,202,-1,202,226,227,-1,202,227,222,-1,222,227,228,-1,222,228,220,-1,221,229,222,-1,222,229,230,-1,222,230,231,-1,231,230,232,-1,231,232,218,-1,233,234,219,-1,219,234,235,-1,219,235,14,-1,14,235,236,-1,14,236,223,-1,225,237,14,-1,14,237,238,-1,14,238,12,-1,239,240,241,-1,241,240,242,-1,241,242,243,-1,241,244,239,-1,239,244,245,-1,239,245,246,-1,246,247,239,-1,239,247,248,-1,239,248,249,-1,249,248,250,-1,249,250,251,-1,251,250,252,-1,251,252,219,-1,219,252,253,-1,219,253,233,-1,254,255,243,-1,243,255,256,-1,243,256,241,-1,257,258,205,-1,205,258,259,-1,205,259,206,-1,257,260,258,-1,258,260,261,-1,258,261,262,-1,262,261,263,-1,262,264,265,-1,263,266,262,-1,262,266,267,-1,262,267,268,-1,268,269,262,-1,262,269,270,-1,262,270,264,-1,265,271,262,-1,262,271,272,-1,262,272,273,-1,274,275,276,-1,277,278,276,-1,276,278,279,-1,276,279,274,-1,275,274,280,-1,280,274,281,-1,280,281,282,-1,278,283,279,-1,279,283,284,-1,279,284,285,-1,285,284,286,-1,285,286,287,-1,287,286,288,-1,287,288,282,-1,282,288,289,-1,282,289,280,-1,290,291,292,-1,293,294,295,-1,295,294,296,-1,295,296,297,-1,297,296,298,-1,297,298,299,-1,299,298,300,-1,299,300,301,-1,301,300,302,-1,301,302,303,-1,303,302,304,-1,305,306,307,-1,290,300,291,-1,291,300,298,-1,291,298,308,-1,308,298,309,-1,308,309,307,-1,307,309,310,-1,307,310,305,-1,311,312,292,-1,292,312,313,-1,292,313,290,-1,314,315,316,-1,314,316,317,-1,317,316,318,-1,317,318,319,-1,319,318,320,-1,319,320,321,-1,322,323,324,-1,325,326,327,-1,325,328,329,-1,325,330,331,-1,327,332,325,-1,325,332,333,-1,325,333,334,-1,334,333,335,-1,334,335,336,-1,336,335,306,-1,336,306,311,-1,311,306,305,-1,311,305,312,-1,337,338,339,-1,339,338,340,-1,339,340,341,-1,329,342,325,-1,325,342,343,-1,325,343,330,-1,331,344,325,-1,325,344,345,-1,325,345,346,-1,328,325,339,-1,339,325,347,-1,339,347,337,-1,346,348,325,-1,325,348,349,-1,325,349,326,-1,350,351,352,-1,352,351,353,-1,352,353,311,-1,311,353,354,-1,311,354,336,-1,355,356,357,-1,357,356,358,-1,359,360,361,-1,361,362,359,-1,359,362,363,-1,359,363,364,-1,365,366,359,-1,359,366,367,-1,359,367,360,-1,7,368,369,-1,369,368,370,-1,369,370,365,-1,365,370,371,-1,365,371,366,-1,8,372,373,-1,373,374,8,-1,8,374,375,-1,8,375,6,-1,372,8,376,-1,376,8,377,-1,376,377,378,-1,378,377,379,-1,379,377,202,-1,379,202,380,-1,335,381,306,-1,306,381,382,-1,306,382,383,-1,383,382,384,-1,383,384,385,-1,386,387,388,-1,388,387,389,-1,386,390,387,-1,387,390,391,-1,387,391,392,-1,392,391,393,-1,394,395,393,-1,393,395,396,-1,393,396,392,-1,397,398,399,-1,399,398,400,-1,399,400,401,-1,402,403,202,-1,403,404,202,-1,202,404,405,-1,202,405,406,-1,407,408,409,-1,409,408,410,-1,409,410,411,-1,401,412,399,-1,399,412,413,-1,399,413,377,-1,377,413,389,-1,377,389,414,-1,414,389,387,-1,406,415,202,-1,202,415,416,-1,202,416,203,-1,203,416,417,-1,203,417,409,-1,414,418,377,-1,377,418,419,-1,377,419,202,-1,202,419,420,-1,202,420,402,-1,421,422,393,-1,393,422,423,-1,393,423,424,-1,424,425,393,-1,393,425,426,-1,393,426,394,-1,427,428,429,-1,429,428,430,-1,428,431,430,-1,430,431,432,-1,430,432,399,-1,399,432,433,-1,399,433,397,-1,434,435,14,-1,218,14,231,-1,231,14,435,-1,231,435,196,-1,196,435,436,-1,196,436,198,-1,14,5,434,-1,434,5,437,-1,434,437,438,-1,4,439,5,-1,5,439,440,-1,5,440,437,-1,441,442,443,-1,444,445,13,-1,13,445,441,-1,13,441,14,-1,14,441,443,-1,14,443,5,-1,5,443,446,-1,5,446,447,-1,448,449,450,-1,450,449,451,-1,450,451,441,-1,441,451,452,-1,441,452,442,-1,447,453,5,-1,5,453,454,-1,5,454,3,-1,455,456,457,-1,455,457,458,-1,456,459,457,-1,457,459,460,-1,457,460,450,-1,450,460,461,-1,450,461,448,-1,324,9,322,-1,322,9,11,-1,322,11,462,-1,462,11,463,-1,462,463,464,-1,464,463,465,-1,464,465,466,-1,466,465,457,-1,466,457,467,-1,467,457,450,-1,467,450,468,-1,468,450,441,-1,468,441,469,-1,469,441,445,-1,469,445,470,-1,470,445,429,-1,470,429,471,-1,471,429,430,-1,444,213,445,-1,445,213,215,-1,445,215,429,-1,429,215,203,-1,429,203,427,-1,427,203,409,-1,427,409,472,-1,472,409,411,-1,10,321,11,-1,11,321,320,-1,11,320,463,-1,463,320,473,-1,463,473,465,-1,465,473,174,-1,465,174,457,-1,457,174,189,-1,457,189,458,-1,458,189,191,-1,458,191,195,-1,195,191,15,-1,195,15,196,-1,196,15,17,-1,474,84,475,-1,475,84,76,-1,475,76,476,-1,476,76,66,-1,476,66,477,-1,477,66,65,-1,477,65,478,-1,474,479,480,-1,479,481,480,-1,480,481,482,-1,480,482,476,-1,476,482,483,-1,476,483,475,-1,484,485,486,-1,486,485,482,-1,486,482,487,-1,487,482,481,-1,487,481,488,-1,488,481,489,-1,175,490,491,-1,491,490,492,-1,491,492,493,-1,494,495,491,-1,491,495,496,-1,491,496,473,-1,473,496,497,-1,473,497,498,-1,498,499,473,-1,473,499,500,-1,473,500,501,-1,501,502,473,-1,473,502,503,-1,473,503,174,-1,174,503,504,-1,174,504,175,-1,175,504,505,-1,175,505,490,-1,493,506,491,-1,491,506,507,-1,491,507,494,-1,508,509,473,-1,510,511,508,-1,473,509,491,-1,491,509,512,-1,491,512,513,-1,7,369,8,-1,8,369,480,-1,8,480,377,-1,377,480,476,-1,377,476,399,-1,399,476,477,-1,399,477,430,-1,430,477,478,-1,430,478,471,-1,491,274,175,-1,175,274,279,-1,175,279,17,-1,17,279,285,-1,17,285,196,-1,196,285,308,-1,196,308,231,-1,231,308,307,-1,231,307,222,-1,222,307,306,-1,222,306,202,-1,202,306,383,-1,202,383,380,-1,380,383,385,-1,474,480,84,-1,84,480,369,-1,84,369,21,-1,21,369,514,-1,21,514,20,-1,514,515,20,-1,20,515,0,-1,20,0,365,-1,365,0,2,-1,365,2,369,-1,369,2,516,-1,369,516,514,-1,517,518,287,-1,287,518,519,-1,287,519,285,-1,285,519,520,-1,285,520,521,-1,521,522,285,-1,285,522,523,-1,285,523,524,-1,291,525,287,-1,287,525,526,-1,287,526,527,-1,524,528,285,-1,285,528,529,-1,285,529,308,-1,308,529,530,-1,308,530,291,-1,291,530,531,-1,291,531,525,-1,527,532,287,-1,287,532,533,-1,287,533,517,-1,510,508,534,-1,534,508,473,-1,534,473,535,-1,535,473,320,-1,535,320,513,-1,513,320,318,-1,513,318,491,-1,491,318,316,-1,491,316,274,-1,274,316,315,-1,274,315,281,-1,364,357,359,-1,359,357,358,-1,359,358,365,-1,365,358,536,-1,365,536,20,-1,20,536,31,-1,20,31,22,-1,22,31,33,-1,314,537,315,-1,315,537,538,-1,315,538,281,-1,281,538,539,-1,281,539,282,-1,282,539,540,-1,282,540,287,-1,287,540,541,-1,287,541,291,-1,291,541,542,-1,291,542,292,-1,292,542,543,-1,292,543,311,-1,311,543,544,-1,311,544,352,-1,352,544,356,-1,352,356,350,-1,350,356,355,-1,545,546,547,-1,547,546,548,-1,547,548,549,-1,550,551,552,-1,552,551,553,-1,554,555,556,-1,556,555,557,-1,558,559,560,-1,560,559,561,-1,562,563,564,-1,564,563,565,-1,566,567,568,-1,568,567,569,-1,565,570,564,-1,564,570,571,-1,569,572,568,-1,568,572,573,-1,574,575,576,-1,576,575,577,-1,578,579,580,-1,580,579,581,-1,582,583,584,-1,584,583,585,-1,586,583,587,-1,587,583,582,-1,588,589,590,-1,591,592,593,-1,594,595,596,-1,597,598,590,-1,590,598,599,-1,590,599,588,-1,588,599,600,-1,588,600,593,-1,593,600,601,-1,593,601,591,-1,602,592,603,-1,603,592,591,-1,603,591,599,-1,599,591,604,-1,599,604,600,-1,595,594,605,-1,605,594,592,-1,605,592,606,-1,606,592,602,-1,606,602,596,-1,596,602,598,-1,596,598,594,-1,594,598,597,-1,594,597,607,-1,608,70,609,-1,609,70,610,-1,609,610,611,-1,611,610,612,-1,611,612,613,-1,613,612,68,-1,613,68,608,-1,608,68,70,-1,614,615,616,-1,615,614,617,-1,617,614,618,-1,617,618,619,-1,619,618,620,-1,619,620,616,-1,616,620,621,-1,616,621,614,-1,618,622,623,-1,624,607,597,-1,69,68,625,-1,625,68,612,-1,597,625,624,-1,624,625,626,-1,624,626,627,-1,628,626,623,-1,623,626,625,-1,623,625,618,-1,618,625,612,-1,618,612,620,-1,629,628,623,-1,630,631,632,-1,593,592,632,-1,632,592,629,-1,632,629,630,-1,630,629,623,-1,537,586,587,-1,633,634,635,-1,636,630,635,-1,635,630,623,-1,636,637,630,-1,630,637,638,-1,630,638,639,-1,639,638,640,-1,641,642,553,-1,553,642,556,-1,622,643,623,-1,623,643,644,-1,623,644,635,-1,635,644,645,-1,635,645,633,-1,537,587,30,-1,30,587,571,-1,30,571,570,-1,646,647,549,-1,549,647,552,-1,549,552,634,-1,634,552,553,-1,634,553,648,-1,648,553,556,-1,648,556,557,-1,649,650,572,-1,572,650,30,-1,572,30,573,-1,573,30,570,-1,561,651,652,-1,622,650,643,-1,643,650,649,-1,643,649,633,-1,633,649,653,-1,633,653,634,-1,634,653,547,-1,634,547,549,-1,576,577,648,-1,652,576,561,-1,561,576,648,-1,561,648,560,-1,560,648,557,-1,560,557,654,-1,654,557,655,-1,581,656,657,-1,658,659,648,-1,660,661,638,-1,638,661,662,-1,638,662,640,-1,640,662,663,-1,640,663,537,-1,537,663,664,-1,537,664,586,-1,659,661,648,-1,648,661,660,-1,648,660,636,-1,636,660,665,-1,636,665,637,-1,657,658,581,-1,581,658,648,-1,581,648,580,-1,580,648,577,-1,580,577,666,-1,666,577,667,-1,668,669,670,-1,671,672,673,-1,673,672,599,-1,673,599,670,-1,670,599,598,-1,670,598,668,-1,674,631,630,-1,675,324,323,-1,590,589,676,-1,676,589,677,-1,323,676,675,-1,675,676,678,-1,675,678,679,-1,639,678,630,-1,630,678,676,-1,630,676,674,-1,674,676,677,-1,674,677,680,-1,648,636,681,-1,603,599,681,-1,681,599,672,-1,681,672,648,-1,598,602,668,-1,668,602,682,-1,668,682,634,-1,634,682,635,-1,682,602,681,-1,681,602,603,-1,683,684,660,-1,660,684,665,-1,684,685,665,-1,665,685,637,-1,685,686,637,-1,637,686,638,-1,686,683,638,-1,638,683,660,-1,686,685,683,-1,683,685,684,-1,687,688,645,-1,645,688,633,-1,688,689,633,-1,633,689,643,-1,689,690,643,-1,643,690,644,-1,690,687,644,-1,644,687,645,-1,690,689,687,-1,687,689,688,-1,588,691,589,-1,589,691,677,-1,692,693,680,-1,691,694,695,-1,695,696,691,-1,691,696,692,-1,691,692,677,-1,677,692,680,-1,695,694,697,-1,697,694,698,-1,697,698,699,-1,699,698,674,-1,699,674,693,-1,693,674,680,-1,698,632,674,-1,674,632,631,-1,691,588,694,-1,694,588,593,-1,694,593,698,-1,698,593,632,-1,640,700,639,-1,639,700,678,-1,678,701,702,-1,701,678,703,-1,703,678,700,-1,703,700,704,-1,704,700,705,-1,704,705,702,-1,702,705,679,-1,702,679,678,-1,705,706,679,-1,679,706,675,-1,707,324,708,-1,708,324,675,-1,708,675,709,-1,709,675,706,-1,709,706,710,-1,710,706,9,-1,710,9,707,-1,707,9,324,-1,700,640,705,-1,705,640,537,-1,705,537,706,-1,706,537,9,-1,569,567,711,-1,711,567,712,-1,711,712,713,-1,713,712,714,-1,713,714,545,-1,545,714,546,-1,715,716,717,-1,717,716,659,-1,717,659,658,-1,716,715,718,-1,718,715,719,-1,718,719,720,-1,720,719,721,-1,720,721,722,-1,722,721,723,-1,724,722,725,-1,725,722,723,-1,555,554,726,-1,726,554,727,-1,714,712,546,-1,546,712,567,-1,546,567,548,-1,728,729,730,-1,731,732,563,-1,563,732,733,-1,733,732,734,-1,734,732,729,-1,734,729,566,-1,566,729,728,-1,566,728,567,-1,567,728,735,-1,567,735,548,-1,585,736,737,-1,584,738,739,-1,562,740,741,-1,740,562,742,-1,742,562,743,-1,742,743,739,-1,739,743,744,-1,739,744,584,-1,741,726,562,-1,562,726,727,-1,562,727,563,-1,563,727,745,-1,563,745,731,-1,731,745,551,-1,731,551,730,-1,730,551,550,-1,730,550,728,-1,725,746,747,-1,737,736,747,-1,747,736,748,-1,747,748,725,-1,749,584,750,-1,750,584,585,-1,750,585,751,-1,751,585,737,-1,723,721,715,-1,715,721,719,-1,575,574,749,-1,749,574,752,-1,749,752,584,-1,584,752,753,-1,584,753,738,-1,738,753,559,-1,738,559,740,-1,740,559,558,-1,740,558,741,-1,715,717,723,-1,723,717,754,-1,723,754,725,-1,725,754,755,-1,725,755,746,-1,746,755,579,-1,746,579,751,-1,751,579,578,-1,751,578,750,-1,756,671,673,-1,756,673,757,-1,757,673,670,-1,669,757,670,-1,671,756,669,-1,669,756,757,-1,
        ]
    }
}
Shape{
    appearance Appearance {
        material  Material 	{
            diffuseColor 0.8509803921568627 0.8509803921568627 0.8509803921568627
            specularColor 0.4235294117647059 0.4235294117647059 0.4235294117647059
            ambientIntensity 0.851
            transparency 0.0
            shininess 0.5
        }
    }
    geometry IndexedFaceSet {
        ccw TRUE
        solid FALSE
        coord DEF co Coordinate {
            point [
                -1.2598 -0.239 0.0591, -1.2598 -0.239 0.2402, -1.1811 -0.239 0.0591, -1.1811 -0.239 0.2402, -1.1811 -0.2405 0.0459, -1.2598 -0.2405 0.0459, -1.1811 -0.2448 0.0334, -1.2598 -0.2448 0.0334, -1.1811 -0.2519 0.0222, -1.2598 -0.2519 0.0222, -1.1811 -0.2612 0.0129, -1.2598 -0.2612 0.0129, -1.1811 -0.2724 0.0058, -1.2598 -0.2724 0.0058, -1.1811 -0.2849 0.0015, -1.2598 -0.2849 0.0015, -1.1811 -0.298 0.0, -1.2598 -0.298 0.0, -1.2598 -1.0165 0.0, -1.1811 -1.0165 0.0, -1.1811 -1.0297 0.0015, -1.2598 -1.0297 0.0015, -1.1811 -1.0422 0.0058, -1.2598 -1.0422 0.0058, -1.1811 -1.0534 0.0129, -1.2598 -1.0534 0.0129, -1.1811 -1.0627 0.0222, -1.2598 -1.0627 0.0222, -1.1811 -1.0697 0.0334, -1.2598 -1.0697 0.0334, -1.1811 -1.0741 0.0459, -1.2598 -1.0741 0.0459, -1.1811 -1.0756 0.0591, -1.2598 -1.0756 0.0591, -1.2598 -1.0756 0.7382, -1.1811 -1.0756 0.7382, -1.1811 -1.0741 0.7513, -1.2598 -1.0741 0.7513, -1.1811 -1.0697 0.7638, -1.2598 -1.0697 0.7638, -1.1811 -1.0627 0.775, -1.2598 -1.0627 0.775, -1.1811 -1.0534 0.7844, -1.2598 -1.0534 0.7844, -1.1811 -1.0422 0.7914, -1.2598 -1.0422 0.7914, -1.1811 -1.0297 0.7958, -1.2598 -1.0297 0.7958, -1.1811 -1.0165 0.7972, -1.2598 -1.0165 0.7972, -1.2598 -0.8354 0.7972, -1.1811 -0.8354 0.7972, -1.2598 -0.8354 0.2402, -1.1811 -0.8354 0.2402
            ]
        }
        coordIndex [
            0,1,2,-1,2,1,3,-1,0,2,4,-1,0,4,5,-1,5,4,6,-1,5,6,7,-1,7,6,8,-1,7,8,9,-1,9,8,10,-1,9,10,11,-1,11,10,12,-1,11,12,13,-1,13,12,14,-1,13,14,15,-1,15,14,16,-1,15,16,17,-1,18,17,19,-1,19,17,16,-1,18,19,20,-1,18,20,21,-1,21,20,22,-1,21,22,23,-1,23,22,24,-1,23,24,25,-1,25,24,26,-1,25,26,27,-1,27,26,28,-1,27,28,29,-1,29,28,30,-1,29,30,31,-1,31,30,32,-1,31,32,33,-1,34,33,35,-1,35,33,32,-1,34,35,36,-1,34,36,37,-1,37,36,38,-1,37,38,39,-1,39,38,40,-1,39,40,41,-1,41,40,42,-1,41,42,43,-1,43,42,44,-1,43,44,45,-1,45,44,46,-1,45,46,47,-1,47,46,48,-1,47,48,49,-1,50,49,51,-1,51,49,48,-1,1,0,25,-1,29,31,52,-1,52,31,33,-1,52,33,50,-1,50,33,34,-1,50,34,49,-1,1,25,52,-1,52,25,27,-1,52,27,29,-1,21,23,18,-1,18,23,25,-1,18,25,17,-1,17,25,0,-1,0,5,17,-1,17,5,7,-1,17,7,9,-1,9,11,17,-1,17,11,13,-1,17,13,15,-1,43,45,41,-1,41,45,39,-1,34,37,49,-1,49,37,39,-1,49,39,47,-1,47,39,45,-1,2,3,53,-1,4,2,16,-1,19,24,20,-1,20,24,22,-1,51,48,32,-1,51,32,53,-1,53,32,30,-1,53,30,28,-1,10,8,6,-1,38,36,48,-1,48,36,35,-1,48,35,32,-1,28,26,53,-1,53,26,24,-1,53,24,2,-1,2,24,19,-1,2,19,16,-1,10,6,12,-1,4,16,6,-1,6,16,14,-1,6,14,12,-1,48,46,38,-1,38,46,44,-1,38,44,40,-1,40,44,42,-1,
        ]
    }
}
Shape{
    appearance Appearance {
        material  Material 	{
            diffuseColor 1.0 0.9529411764705882 0.792156862745098
            specularColor 0.30196078431372547 0.28627450980392155 0.23921568627450981
            ambientIntensity 0.9487
            transparency 0.0
            shininess 0.5
        }
    }
    geometry IndexedFaceSet {
        ccw TRUE
        solid FALSE
        coord DEF co Coordinate {
            point [
                -1.2008 0.4047 0.378, -1.2008 0.4047 0.8012, -1.2008 0.5622 0.378, -1.2008 0.5622 0.8012, -1.3386 0.4047 0.378, -1.3386 0.4047 0.8012, -1.3386 0.5622 0.378, -1.3386 0.5622 0.8012, -1.2008 0.0687 0.378, -1.2008 -0.1957 0.378, -1.2008 0.0687 1.3622, -1.2008 -0.1957 1.3622, -1.3386 -0.1957 0.378, -1.3386 -0.1957 1.3622, -1.3386 0.0687 0.378, -1.3386 0.0687 1.3622, -0.8661 -0.3925 1.5394, -0.8071 -0.4516 1.5984, -0.8661 -0.235 1.5394, -0.8071 -0.235 1.5984, -1.0433 -0.3925 1.5394, -1.1024 -0.4516 1.5984, -1.0433 0.4047 1.5394, -1.1024 0.4638 1.5984, -0.5354 0.4638 1.5984, -0.5354 0.4047 1.5394, 1.0433 -0.3925 1.5394, 1.1024 -0.4516 1.5984, 1.0433 0.4047 1.5394, 1.1024 0.4638 1.5984, 0.8661 -0.3925 1.5394, 0.8071 -0.4516 1.5984, 0.8071 -0.235 1.5984, 0.8661 -0.235 1.5394, 0.748 -1.0126 1.5984, 0.748 -0.9535 1.5394, -0.748 -1.0126 1.5984, -0.748 -0.9535 1.5394, -0.748 -0.3531 1.5394, -0.4331 -0.3531 1.5394, -0.748 -0.2941 1.5984, 0.4331 -0.3531 1.5394, 0.748 -0.2941 1.5984, 0.748 -0.3531 1.5394, -0.8957 -0.7656 0.3976, -1.0207 -0.7656 0.3976, -0.8957 -0.7656 0.0039, -1.0207 -0.7656 0.0039, -1.0207 -0.9535 0.3976, -1.0207 -0.9535 0.0039, -0.8957 -0.9535 0.3976, -0.8957 -0.9535 0.0039, 1.1614 -1.0717 0.8012, 1.1614 -0.8354 0.8012, 1.378 -1.0717 0.8012, 1.378 -0.8354 0.8012, 1.2598 -0.8354 0.7972, 1.2598 -0.8354 0.2402, 1.378 -0.8354 0.2402, 1.1614 -0.8354 0.2402, 1.1811 -0.8354 0.2402, 1.1811 -0.8354 0.7972, 1.1811 -0.239 0.2402, 1.1614 -0.235 0.2402, 1.2598 -0.239 0.2402, 1.378 -0.235 0.2402, 1.1614 -0.235 0.0039, 1.378 -0.235 0.0039, 1.1614 -1.0717 0.0039, 1.1614 0.3654 0.8012, 1.1614 0.3654 1.3622, 1.378 0.3654 0.8012, 1.378 0.3654 1.3622, 1.1614 -0.235 1.3622, 1.1614 -0.235 1.5984, 1.378 -0.235 1.3622, 1.378 -0.235 1.5984, 1.1614 0.6016 0.8012, 1.1614 0.6016 1.5984
            ]
        }
        coordIndex [
            0,1,2,-1,2,1,3,-1,4,5,0,-1,0,5,1,-1,6,7,4,-1,4,7,5,-1,2,3,6,-1,6,3,7,-1,6,4,2,-1,2,4,0,-1,8,9,10,-1,10,9,11,-1,9,12,11,-1,11,12,13,-1,12,14,13,-1,13,14,15,-1,14,8,15,-1,15,8,10,-1,14,12,8,-1,8,12,9,-1,16,17,18,-1,18,17,19,-1,20,21,16,-1,16,21,17,-1,22,23,20,-1,20,23,21,-1,23,22,24,-1,24,22,25,-1,26,27,28,-1,28,27,29,-1,30,31,26,-1,26,31,27,-1,31,30,32,-1,32,30,33,-1,34,35,36,-1,36,35,37,-1,38,39,40,-1,40,39,41,-1,40,41,42,-1,42,41,43,-1,44,45,46,-1,46,45,47,-1,45,48,47,-1,47,48,49,-1,48,50,49,-1,49,50,51,-1,50,44,51,-1,51,44,46,-1,50,48,44,-1,44,48,45,-1,52,53,54,-1,54,53,55,-1,56,57,58,-1,53,59,60,-1,60,61,53,-1,53,61,56,-1,53,56,55,-1,55,56,58,-1,60,59,62,-1,62,59,63,-1,62,63,64,-1,64,63,65,-1,64,65,57,-1,57,65,58,-1,63,66,65,-1,65,66,67,-1,53,52,59,-1,59,52,68,-1,59,68,63,-1,63,68,66,-1,69,70,71,-1,71,70,72,-1,73,74,75,-1,75,74,76,-1,69,77,70,-1,70,77,78,-1,70,78,73,-1,73,78,74,-1,
        ]
    }
}
Shape{
    appearance Appearance {
        material  Material 	{
            diffuseColor 0.8509803921568627 0.8509803921568627 0.8509803921568627
            specularColor 0.4235294117647059 0.4235294117647059 0.4235294117647059
            ambientIntensity 0.851
            transparency 0.0
            shininess 0.5
        }
    }
    geometry IndexedFaceSet {
        ccw TRUE
        solid FALSE
        coord DEF co Coordinate {
            point [
                1.2598 -1.0165 0.7972, 1.2598 -0.8354 0.7972, 1.1811 -1.0165 0.7972, 1.1811 -0.8354 0.7972, 1.1811 -1.0297 0.7958, 1.2598 -1.0297 0.7958, 1.1811 -1.0422 0.7914, 1.2598 -1.0422 0.7914, 1.1811 -1.0534 0.7844, 1.2598 -1.0534 0.7844, 1.1811 -1.0627 0.775, 1.2598 -1.0627 0.775, 1.1811 -1.0697 0.7638, 1.2598 -1.0697 0.7638, 1.1811 -1.0741 0.7513, 1.2598 -1.0741 0.7513, 1.1811 -1.0756 0.7382, 1.2598 -1.0756 0.7382, 1.2598 -1.0756 0.0591, 1.1811 -1.0756 0.0591, 1.1811 -1.0741 0.0459, 1.2598 -1.0741 0.0459, 1.1811 -1.0697 0.0334, 1.2598 -1.0697 0.0334, 1.1811 -1.0627 0.0222, 1.2598 -1.0627 0.0222, 1.1811 -1.0534 0.0129, 1.2598 -1.0534 0.0129, 1.1811 -1.0422 0.0058, 1.2598 -1.0422 0.0058, 1.1811 -1.0297 0.0015, 1.2598 -1.0297 0.0015, 1.1811 -1.0165 0.0, 1.2598 -1.0165 0.0, 1.2598 -0.298 0.0, 1.1811 -0.298 0.0, 1.1811 -0.2849 0.0015, 1.2598 -0.2849 0.0015, 1.1811 -0.2724 0.0058, 1.2598 -0.2724 0.0058, 1.1811 -0.2612 0.0129, 1.2598 -0.2612 0.0129, 1.1811 -0.2519 0.0222, 1.2598 -0.2519 0.0222, 1.1811 -0.2448 0.0334, 1.2598 -0.2448 0.0334, 1.1811 -0.2405 0.0459, 1.2598 -0.2405 0.0459, 1.1811 -0.239 0.0591, 1.2598 -0.239 0.0591, 1.2598 -0.239 0.2402, 1.1811 -0.239 0.2402, 1.2598 -0.8354 0.2402, 1.1811 -0.8354 0.2402
            ]
        }
        coordIndex [
            0,1,2,-1,2,1,3,-1,0,2,4,-1,0,4,5,-1,5,4,6,-1,5,6,7,-1,7,6,8,-1,7,8,9,-1,9,8,10,-1,9,10,11,-1,11,10,12,-1,11,12,13,-1,13,12,14,-1,13,14,15,-1,15,14,16,-1,15,16,17,-1,18,17,19,-1,19,17,16,-1,18,19,20,-1,18,20,21,-1,21,20,22,-1,21,22,23,-1,23,22,24,-1,23,24,25,-1,25,24,26,-1,25,26,27,-1,27,26,28,-1,27,28,29,-1,29,28,30,-1,29,30,31,-1,31,30,32,-1,31,32,33,-1,34,33,35,-1,35,33,32,-1,34,35,36,-1,34,36,37,-1,37,36,38,-1,37,38,39,-1,39,38,40,-1,39,40,41,-1,41,40,42,-1,41,42,43,-1,43,42,44,-1,43,44,45,-1,45,44,46,-1,45,46,47,-1,47,46,48,-1,47,48,49,-1,50,49,51,-1,51,49,48,-1,49,50,52,-1,17,18,0,-1,31,33,29,-1,29,33,27,-1,0,18,1,-1,23,25,52,-1,52,25,27,-1,52,27,49,-1,49,27,33,-1,49,33,34,-1,1,18,52,-1,52,18,21,-1,52,21,23,-1,37,39,34,-1,34,39,41,-1,34,41,43,-1,43,45,34,-1,34,45,47,-1,34,47,49,-1,7,9,15,-1,15,9,11,-1,15,11,13,-1,17,0,15,-1,15,0,5,-1,15,5,7,-1,53,26,24,-1,3,53,2,-1,2,53,19,-1,30,28,32,-1,32,28,26,-1,32,26,35,-1,24,22,53,-1,53,22,20,-1,53,20,19,-1,44,42,35,-1,12,10,14,-1,14,10,8,-1,14,8,6,-1,53,51,26,-1,26,51,48,-1,26,48,35,-1,35,48,46,-1,35,46,44,-1,42,40,35,-1,35,40,38,-1,35,38,36,-1,19,16,2,-1,2,16,14,-1,2,14,4,-1,4,14,6,-1,
        ]
    }
}
Shape{
    appearance Appearance {
        material  Material 	{
            diffuseColor 1.0 0.9529411764705882 0.792156862745098
            specularColor 0.30196078431372547 0.28627450980392155 0.23921568627450981
            ambientIntensity 0.9487
            transparency 0.0
            shininess 0.5
        }
    }
    geometry IndexedFaceSet {
        ccw TRUE
        solid FALSE
        coord DEF co Coordinate {
            point [
                1.2008 -0.1957 0.378, 1.2008 0.0687 0.378, 1.2008 -0.1957 1.3622, 1.2008 0.0687 1.3622, 1.3386 0.0687 0.378, 1.3386 0.0687 1.3622, 1.3386 -0.1957 0.378, 1.3386 -0.1957 1.3622, 1.2008 0.5622 0.378, 1.2008 0.5622 0.8012, 1.2008 0.4047 0.378, 1.2008 0.4047 0.8012, 1.3386 0.5622 0.378, 1.3386 0.5622 0.8012, 1.3386 0.4047 0.378, 1.3386 0.4047 0.8012, 1.0207 -0.7656 0.3976, 0.8957 -0.7656 0.3976, 1.0207 -0.7656 0.0039, 0.8957 -0.7656 0.0039, 0.8957 -0.9535 0.3976, 0.8957 -0.9535 0.0039, 1.0207 -0.9535 0.3976, 1.0207 -0.9535 0.0039, 1.378 0.1833 0.2008, 1.378 0.1833 0.0039, 0.8218 0.1833 0.0039, 0.5315 0.1833 0.2008, 0.5315 0.1833 0.0827, 0.2773 0.1833 0.0039, 0.4528 0.1833 0.0827, -0.4528 0.1833 0.0827, -0.2257 0.1833 0.0039, -0.5315 0.1833 0.0827, -0.5793 0.1833 0.0039, -0.5315 0.1833 0.2008, -0.8218 0.1833 0.0039, -1.378 0.1833 0.2008, -1.1993 0.1833 0.0039, -1.378 0.1833 0.0039, -0.4528 0.1833 0.2008, -0.0394 0.1833 0.2008, -0.0394 0.1833 0.0827, 0.4528 0.1833 0.2008, 0.0394 0.1833 0.2008, 0.0394 0.1833 0.0827, 0.1032 0.1833 0.0039, -0.0408 0.1833 0.0039, -0.0394 0.5631 0.2008, -0.4528 0.5631 0.2008, -0.5315 0.5631 0.2008, -1.378 0.6016 0.2008, 1.378 0.6016 0.2008, 0.5315 0.5631 0.2008, 0.4528 0.5631 0.2008, 0.0394 0.5631 0.2008, -0.4488 0.4638 0.4173, -0.4488 0.4047 0.4173, -0.4488 0.4638 1.5984, -0.4488 0.4047 1.5394, -0.5354 0.4638 1.5984, -0.5354 0.4638 0.4173, -0.5354 0.4047 0.4173, -0.5354 0.4047 1.5394, -0.5354 -0.1642 1.5984, -0.5354 -0.235 1.5984, -0.5354 -0.1169 1.5512, -0.5354 -0.235 0.4173, -0.5354 -0.1169 0.4173, -0.5945 -0.1169 1.5512, -0.5945 -0.1169 0.4173, -0.5945 -0.1642 1.5984, -0.5945 -0.235 0.4173, -0.5945 -0.235 1.5984, -0.3898 -0.1169 0.4173, -0.3898 -0.1169 1.5512, -0.3898 -0.235 0.4173, -0.3898 -0.1642 1.5984, -0.3898 -0.235 1.5984, -0.4488 -0.1169 1.5512, -0.4488 -0.1169 0.4173, -0.4488 -0.1642 1.5984, -0.4488 -0.235 0.4173, -0.4488 -0.235 1.5984
            ]
        }
        coordIndex [
            0,1,2,-1,2,1,3,-1,1,4,3,-1,3,4,5,-1,4,6,5,-1,5,6,7,-1,6,0,7,-1,7,0,2,-1,6,4,0,-1,0,4,1,-1,8,9,10,-1,10,9,11,-1,12,13,8,-1,8,13,9,-1,14,15,12,-1,12,15,13,-1,10,11,14,-1,14,11,15,-1,14,12,10,-1,10,12,8,-1,16,17,18,-1,18,17,19,-1,17,20,19,-1,19,20,21,-1,20,22,21,-1,21,22,23,-1,22,16,23,-1,23,16,18,-1,22,20,16,-1,16,20,17,-1,24,25,26,-1,24,26,27,-1,27,26,28,-1,28,26,29,-1,28,29,30,-1,31,32,33,-1,33,32,34,-1,33,34,35,-1,35,34,36,-1,35,36,37,-1,37,36,38,-1,37,38,39,-1,31,40,32,-1,32,40,41,-1,32,41,42,-1,43,30,44,-1,44,30,29,-1,44,29,45,-1,45,29,46,-1,45,46,42,-1,42,46,47,-1,42,47,32,-1,41,40,48,-1,48,40,49,-1,35,37,50,-1,50,37,51,-1,24,27,52,-1,52,27,53,-1,52,53,54,-1,43,44,54,-1,54,44,55,-1,54,55,52,-1,52,55,48,-1,52,48,51,-1,51,48,49,-1,51,49,50,-1,56,57,58,-1,58,57,59,-1,60,61,58,-1,58,61,56,-1,62,61,63,-1,63,61,60,-1,64,65,66,-1,66,65,67,-1,66,67,68,-1,66,68,69,-1,69,68,70,-1,69,70,71,-1,71,70,72,-1,71,72,73,-1,74,75,76,-1,76,75,77,-1,76,77,78,-1,75,74,79,-1,79,74,80,-1,79,80,81,-1,81,80,82,-1,81,82,83,-1,69,71,66,-1,66,71,64,-1,79,81,75,-1,75,81,77,-1,
        ]
    }
}
Shape{
    appearance Appearance {
        material  Material 	{
            diffuseColor 0.8509803921568627 0.8509803921568627 0.8509803921568627
            specularColor 0.2549019607843137 0.2549019607843137 0.2549019607843137
            ambientIntensity 0.851
            transparency 0.0
            shininess 0.5
        }
    }
    geometry IndexedFaceSet {
        ccw TRUE
        solid FALSE
        coord DEF co Coordinate {
            point [
                -0.4528 0.6016 0.1824, -0.5315 0.6016 0.1824, -0.4528 0.5815 0.1824, -0.5315 0.5815 0.1824, -0.4528 0.6844 0.0996, -0.5315 0.6844 0.0996, -0.5315 0.828 0.0996, -0.4528 0.828 0.0996, -0.5315 0.8772 0.0492, -0.5315 0.8772 0.0504, -0.4528 0.8772 0.0492, -0.4528 0.8772 0.0504, -0.4528 0.828 0.0, -0.4528 0.5224 0.0, -0.5315 0.828 0.0, -0.5315 0.5224 0.0, -0.4528 0.5173 0.0007, -0.5315 0.5173 0.0007, -0.4528 0.5126 0.0026, -0.5315 0.5126 0.0026, -0.4528 0.5085 0.0058, -0.5315 0.5085 0.0058, -0.4528 0.4316 0.0827, -0.5315 0.4316 0.0827, -0.5315 0.8407 0.0017, -0.5315 0.1833 0.0827, -0.5315 0.1833 0.2008, -0.5315 0.5631 0.2008, -0.5315 0.8755 0.0365, -0.5315 0.8706 0.0246, -0.5315 0.8628 0.0144, -0.5315 0.8407 0.0979, -0.5315 0.8526 0.0066, -0.5315 0.8526 0.093, -0.5315 0.8628 0.0852, -0.5315 0.8706 0.075, -0.5315 0.8755 0.0631, -0.4528 0.8755 0.0365, -0.4528 0.1833 0.2008, -0.4528 0.1833 0.0827, -0.4528 0.5631 0.2008, -0.4528 0.8407 0.0017, -0.4528 0.8526 0.0066, -0.4528 0.8628 0.0144, -0.4528 0.8755 0.0631, -0.4528 0.8706 0.0246, -0.4528 0.8706 0.075, -0.4528 0.8628 0.0852, -0.4528 0.8526 0.093, -0.4528 0.8407 0.0979, -0.5315 0.4441 1.4016, -0.4528 0.4441 1.4016, -0.5315 0.4441 0.4173, -0.4528 0.4441 0.4173, -0.5315 0.0159 0.6142, -0.5315 0.0193 0.5887, -0.5315 -0.2154 0.4173, -0.5315 0.1636 0.5289, -0.5315 0.184 0.5446, -0.5315 0.0291 0.565, -0.5315 0.0448 0.5446, -0.5315 0.0652 0.5289, -0.5315 0.1996 0.565, -0.5315 0.2094 0.5887, -0.5315 0.2128 0.6142, -0.5315 0.0889 0.5191, -0.5315 0.1144 0.5157, -0.5315 0.1398 0.5191, -0.5315 0.2128 1.3065, -0.5315 0.2243 1.3344, -0.5315 0.2136 1.3142, -0.5315 0.2158 1.3216, -0.5315 0.2194 1.3284, -0.5315 0.3253 1.4343, -0.5315 0.3321 1.4379, -0.5315 0.3194 1.4294, -0.5315 0.3395 1.4402, -0.5315 0.3472 1.4409, -0.5315 0.4047 1.4409, -0.5315 -0.2144 1.4103, -0.5315 -0.2115 1.4187, -0.5315 -0.2068 1.4261, -0.5315 -0.1931 1.437, -0.5315 -0.1847 1.44, -0.5315 -0.2154 1.4016, -0.5315 -0.176 1.4409, -0.5315 -0.1185 1.4409, -0.5315 -0.1108 1.4402, -0.5315 -0.1034 1.4379, -0.5315 -0.0966 1.4343, -0.5315 -0.0906 1.4294, -0.5315 0.0044 1.3344, -0.5315 0.0159 1.3065, -0.5315 0.0152 1.3142, -0.5315 0.0093 1.3284, -0.5315 0.013 1.3216, -0.5315 -0.2005 1.4324, -0.5315 0.4135 1.44, -0.5315 0.4431 1.4103, -0.5315 0.4355 1.4261, -0.5315 0.4402 1.4187, -0.5315 0.4293 1.4324, -0.5315 0.4218 1.437, -0.4528 -0.2154 1.4016, -0.4528 -0.2154 0.4173, -0.4528 -0.1185 1.4409, -0.4528 0.2094 0.5887, -0.4528 0.1996 0.565, -0.4528 0.184 0.5446, -0.4528 0.1636 0.5289, -0.4528 0.0291 0.565, -0.4528 0.0448 0.5446, -0.4528 0.0652 0.5289, -0.4528 0.1398 0.5191, -0.4528 0.1144 0.5157, -0.4528 0.0889 0.5191, -0.4528 0.4135 1.44, -0.4528 0.4047 1.4409, -0.4528 0.2243 1.3344, -0.4528 0.2194 1.3284, -0.4528 0.2158 1.3216, -0.4528 0.0044 1.3344, -0.4528 -0.0906 1.4294, -0.4528 0.3395 1.4402, -0.4528 0.3321 1.4379, -0.4528 0.2136 1.3142, -0.4528 0.2128 1.3065, -0.4528 0.2128 0.6142, -0.4528 0.3472 1.4409, -0.4528 0.3253 1.4343, -0.4528 0.3194 1.4294, -0.4528 -0.0966 1.4343, -0.4528 -0.1034 1.4379, -0.4528 -0.1108 1.4402, -0.4528 0.0193 0.5887, -0.4528 0.0159 0.6142, -0.4528 0.0159 1.3065, -0.4528 0.0152 1.3142, -0.4528 0.0093 1.3284, -0.4528 0.013 1.3216, -0.4528 -0.176 1.4409, -0.4528 -0.1847 1.44, -0.4528 -0.1931 1.437, -0.4528 -0.2005 1.4324, -0.4528 -0.2068 1.4261, -0.4528 -0.2144 1.4103, -0.4528 -0.2115 1.4187, -0.4528 0.4355 1.4261, -0.4528 0.4293 1.4324, -0.4528 0.4402 1.4187, -0.4528 0.4431 1.4103, -0.4528 0.4218 1.437
            ]
        }
        coordIndex [
            0,1,2,-1,2,1,3,-1,4,5,0,-1,0,5,1,-1,6,5,7,-1,7,5,4,-1,8,9,10,-1,10,9,11,-1,12,13,14,-1,14,13,15,-1,15,13,16,-1,15,16,17,-1,17,16,18,-1,17,18,19,-1,19,18,20,-1,19,20,21,-1,22,23,20,-1,20,23,21,-1,1,5,15,-1,24,14,8,-1,25,26,23,-1,23,26,27,-1,23,27,21,-1,21,27,3,-1,21,3,19,-1,19,3,1,-1,19,1,17,-1,17,1,15,-1,28,29,30,-1,31,9,6,-1,6,9,8,-1,6,8,5,-1,5,8,14,-1,5,14,15,-1,28,30,8,-1,8,30,32,-1,8,32,24,-1,31,33,34,-1,34,35,31,-1,31,35,36,-1,31,36,9,-1,37,10,12,-1,38,39,40,-1,40,39,22,-1,40,22,2,-1,2,22,20,-1,2,20,0,-1,41,42,43,-1,13,4,16,-1,16,4,0,-1,16,0,18,-1,18,0,20,-1,44,7,11,-1,11,7,4,-1,11,4,10,-1,10,4,13,-1,10,13,12,-1,41,43,12,-1,12,43,45,-1,12,45,37,-1,44,46,47,-1,47,48,44,-1,44,48,49,-1,44,49,7,-1,2,3,40,-1,40,3,27,-1,39,25,22,-1,22,25,23,-1,50,51,52,-1,52,51,53,-1,54,55,56,-1,57,58,52,-1,55,59,56,-1,56,59,60,-1,56,60,61,-1,58,62,52,-1,52,62,63,-1,52,63,64,-1,61,65,56,-1,56,65,66,-1,56,66,52,-1,52,66,67,-1,52,67,57,-1,64,68,69,-1,68,70,69,-1,69,70,71,-1,69,71,72,-1,73,74,52,-1,64,69,52,-1,52,69,75,-1,52,75,73,-1,74,76,52,-1,52,76,77,-1,52,77,78,-1,79,80,81,-1,82,83,84,-1,83,85,84,-1,84,85,86,-1,84,86,56,-1,56,86,87,-1,56,87,88,-1,88,89,56,-1,56,89,90,-1,56,90,91,-1,54,56,92,-1,92,56,91,-1,92,91,93,-1,93,91,94,-1,93,94,95,-1,79,81,84,-1,84,81,96,-1,84,96,82,-1,97,98,78,-1,78,98,50,-1,78,50,52,-1,99,100,101,-1,101,100,98,-1,101,98,102,-1,102,98,97,-1,103,104,105,-1,106,107,53,-1,53,107,108,-1,53,108,109,-1,110,104,111,-1,111,104,112,-1,109,113,53,-1,53,113,114,-1,53,114,104,-1,104,114,115,-1,104,115,112,-1,116,117,51,-1,118,119,120,-1,121,122,105,-1,123,124,53,-1,120,125,118,-1,118,125,126,-1,118,126,53,-1,53,126,127,-1,53,127,106,-1,51,117,53,-1,53,117,128,-1,53,128,123,-1,124,129,53,-1,53,129,130,-1,53,130,118,-1,122,131,105,-1,105,131,132,-1,105,132,133,-1,110,134,104,-1,104,134,135,-1,104,135,105,-1,105,135,136,-1,105,136,121,-1,121,136,137,-1,121,137,138,-1,138,137,139,-1,105,140,103,-1,103,140,141,-1,103,141,142,-1,142,143,103,-1,103,143,144,-1,103,144,145,-1,145,144,146,-1,147,148,149,-1,149,148,150,-1,150,148,51,-1,51,148,151,-1,51,151,116,-1,103,84,104,-1,104,84,56,-1,84,103,145,-1,84,145,79,-1,79,145,146,-1,79,146,80,-1,80,146,144,-1,80,144,81,-1,81,144,143,-1,81,143,96,-1,96,143,142,-1,96,142,82,-1,82,142,141,-1,82,141,83,-1,83,141,140,-1,83,140,85,-1,105,86,140,-1,140,86,85,-1,86,105,133,-1,86,133,87,-1,87,133,132,-1,87,132,88,-1,88,132,131,-1,88,131,89,-1,89,131,122,-1,89,122,90,-1,121,91,122,-1,122,91,90,-1,91,121,138,-1,91,138,94,-1,94,138,139,-1,94,139,95,-1,95,139,137,-1,95,137,93,-1,93,137,136,-1,93,136,92,-1,135,54,136,-1,136,54,92,-1,54,135,55,-1,55,135,134,-1,55,134,59,-1,59,134,110,-1,59,110,60,-1,60,110,111,-1,60,111,61,-1,61,111,112,-1,61,112,65,-1,65,112,115,-1,65,115,66,-1,66,115,114,-1,66,114,67,-1,67,114,113,-1,67,113,57,-1,57,113,109,-1,57,109,58,-1,58,109,108,-1,58,108,62,-1,62,108,107,-1,62,107,63,-1,63,107,106,-1,63,106,64,-1,64,106,127,-1,126,68,127,-1,127,68,64,-1,68,126,125,-1,68,125,70,-1,70,125,120,-1,70,120,71,-1,71,120,119,-1,71,119,72,-1,72,119,118,-1,72,118,69,-1,130,75,118,-1,118,75,69,-1,75,130,129,-1,75,129,73,-1,73,129,124,-1,73,124,74,-1,74,124,123,-1,74,123,76,-1,76,123,128,-1,76,128,77,-1,117,78,128,-1,128,78,77,-1,78,117,116,-1,78,116,97,-1,97,116,151,-1,97,151,102,-1,102,151,148,-1,102,148,101,-1,101,148,147,-1,101,147,99,-1,99,147,149,-1,99,149,100,-1,100,149,150,-1,100,150,98,-1,98,150,51,-1,98,51,50,-1,
        ]
    }
}
Shape{
    appearance Appearance {
        material  Material 	{
            diffuseColor 0.8509803921568627 0.8509803921568627 0.8509803921568627
            specularColor 0.4235294117647059 0.4235294117647059 0.4235294117647059
            ambientIntensity 0.851
            transparency 0.0
            shininess 0.5
        }
    }
    geometry IndexedFaceSet {
        ccw TRUE
        solid FALSE
        coord DEF co Coordinate {
            point [
                -0.5315 0.8772 0.0492, -0.4528 0.8772 0.0492, -0.4528 0.8755 0.0365, -0.5315 0.8755 0.0365, -0.4528 0.8706 0.0246, -0.5315 0.8706 0.0246, -0.4528 0.8628 0.0144, -0.5315 0.8628 0.0144, -0.4528 0.8526 0.0066, -0.5315 0.8526 0.0066, -0.4528 0.8407 0.0017, -0.5315 0.8407 0.0017, -0.4528 0.828 0.0, -0.5315 0.828 0.0, -0.5315 0.828 0.0996, -0.4528 0.828 0.0996, -0.4528 0.8407 0.0979, -0.5315 0.8407 0.0979, -0.4528 0.8526 0.093, -0.5315 0.8526 0.093, -0.4528 0.8628 0.0852, -0.5315 0.8628 0.0852, -0.4528 0.8706 0.075, -0.5315 0.8706 0.075, -0.4528 0.8755 0.0631, -0.5315 0.8755 0.0631, -0.4528 0.8772 0.0504, -0.5315 0.8772 0.0504
            ]
        }
        coordIndex [
            0,1,2,-1,0,2,3,-1,3,2,4,-1,3,4,5,-1,5,4,6,-1,5,6,7,-1,7,6,8,-1,7,8,9,-1,9,8,10,-1,9,10,11,-1,11,10,12,-1,11,12,13,-1,14,15,16,-1,14,16,17,-1,17,16,18,-1,17,18,19,-1,19,18,20,-1,19,20,21,-1,21,20,22,-1,21,22,23,-1,23,22,24,-1,23,24,25,-1,25,24,26,-1,25,26,27,-1,
        ]
    }
}
Shape{
    appearance Appearance {
        material  Material 	{
            diffuseColor 1.0 0.9529411764705882 0.792156862745098
            specularColor 0.30196078431372547 0.28627450980392155 0.23921568627450981
            ambientIntensity 0.9487
            transparency 0.0
            shininess 0.5
        }
    }
    geometry IndexedFaceSet {
        ccw TRUE
        solid FALSE
        coord DEF co Coordinate {
            point [
                0.5354 0.4638 0.4173, 0.5354 0.4047 0.4173, 0.5354 0.4638 1.5984, 0.5354 0.4047 1.5394, 0.4488 0.4638 1.5984, 0.4488 0.4638 0.4173, 0.4488 0.4047 0.4173, 0.4488 0.4047 1.5394, 0.0433 0.4638 0.4173, 0.0433 0.4047 0.4173, 0.0433 0.4638 1.5984, 0.0433 0.4047 1.5394, -0.0433 0.4638 1.5984, -0.0433 0.4638 0.4173, -0.0433 0.4047 0.4173, -0.0433 0.4047 1.5394, -0.0433 -0.1642 1.5984, -0.0433 -0.235 1.5984, -0.0433 -0.1169 1.5512, -0.0433 -0.235 0.4173, -0.0433 -0.1169 0.4173, -0.1024 -0.1169 1.5512, -0.1024 -0.1169 0.4173, -0.1024 -0.235 0.4173, -0.1024 -0.235 1.5984, -0.1024 -0.1642 1.5984, 0.1024 -0.1642 1.5984, 0.1024 -0.235 1.5984, 0.1024 -0.1169 1.5512, 0.1024 -0.235 0.4173, 0.1024 -0.1169 0.4173, 0.0433 -0.1169 1.5512, 0.0433 -0.1169 0.4173, 0.0433 -0.235 0.4173, 0.0433 -0.235 1.5984, 0.0433 -0.1642 1.5984, 0.4488 -0.1642 1.5984, 0.4488 -0.235 1.5984, 0.4488 -0.1169 1.5512, 0.4488 -0.235 0.4173, 0.4488 -0.1169 0.4173, 0.3898 -0.1169 1.5512, 0.3898 -0.1169 0.4173, 0.3898 -0.235 0.4173, 0.3898 -0.235 1.5984, 0.3898 -0.1642 1.5984, 0.5945 -0.1642 1.5984, 0.5945 -0.235 1.5984, 0.5945 -0.1169 1.5512, 0.5945 -0.235 0.4173, 0.5945 -0.1169 0.4173, 0.5354 -0.1169 1.5512, 0.5354 -0.1169 0.4173, 0.5354 -0.235 0.4173, 0.5354 -0.235 1.5984, 0.5354 -0.1642 1.5984
            ]
        }
        coordIndex [
            0,1,2,-1,2,1,3,-1,4,5,2,-1,2,5,0,-1,6,5,7,-1,7,5,4,-1,8,9,10,-1,10,9,11,-1,12,13,10,-1,10,13,8,-1,14,13,15,-1,15,13,12,-1,16,17,18,-1,18,17,19,-1,18,19,20,-1,18,20,21,-1,21,20,22,-1,22,23,21,-1,21,23,24,-1,21,24,25,-1,26,27,28,-1,28,27,29,-1,28,29,30,-1,28,30,31,-1,31,30,32,-1,32,33,31,-1,31,33,34,-1,31,34,35,-1,36,37,38,-1,38,37,39,-1,38,39,40,-1,38,40,41,-1,41,40,42,-1,42,43,41,-1,41,43,44,-1,41,44,45,-1,46,47,48,-1,48,47,49,-1,48,49,50,-1,48,50,51,-1,51,50,52,-1,52,53,51,-1,51,53,54,-1,51,54,55,-1,21,25,18,-1,18,25,16,-1,31,35,28,-1,28,35,26,-1,41,45,38,-1,38,45,36,-1,51,55,48,-1,48,55,46,-1,
        ]
    }
}
Shape{
    appearance Appearance {
        material  Material 	{
            diffuseColor 0.8509803921568627 0.8509803921568627 0.8509803921568627
            specularColor 0.2549019607843137 0.2549019607843137 0.2549019607843137
            ambientIntensity 0.851
            transparency 0.0
            shininess 0.5
        }
    }
    geometry IndexedFaceSet {
        ccw TRUE
        solid FALSE
        coord DEF co Coordinate {
            point [
                0.0394 0.6016 0.1824, -0.0394 0.6016 0.1824, 0.0394 0.5815 0.1824, -0.0394 0.5815 0.1824, 0.0394 0.6844 0.0996, -0.0394 0.6844 0.0996, -0.0394 0.828 0.0996, 0.0394 0.828 0.0996, -0.0394 0.8772 0.0492, -0.0394 0.8772 0.0504, 0.0394 0.8772 0.0492, 0.0394 0.8772 0.0504, 0.0394 0.828 0.0, 0.0394 0.5224 0.0, -0.0394 0.828 0.0, -0.0394 0.5224 0.0, 0.0394 0.5173 0.0007, -0.0394 0.5173 0.0007, 0.0394 0.5126 0.0026, -0.0394 0.5126 0.0026, 0.0394 0.5085 0.0058, -0.0394 0.5085 0.0058, 0.0394 0.4316 0.0827, -0.0394 0.4316 0.0827, -0.0394 0.1833 0.0827, -0.0394 0.1833 0.2008, -0.0394 0.5631 0.2008, -0.0394 0.8755 0.0365, -0.0394 0.8706 0.0246, -0.0394 0.8628 0.0144, -0.0394 0.8407 0.0979, -0.0394 0.8526 0.093, -0.0394 0.8407 0.0017, -0.0394 0.8526 0.0066, -0.0394 0.8628 0.0852, -0.0394 0.8706 0.075, -0.0394 0.8755 0.0631, 0.0394 0.1833 0.2008, 0.0394 0.1833 0.0827, 0.0394 0.5631 0.2008, 0.0394 0.8407 0.0979, 0.0394 0.8407 0.0017, 0.0394 0.8706 0.075, 0.0394 0.8628 0.0852, 0.0394 0.8526 0.093, 0.0394 0.8706 0.0246, 0.0394 0.8755 0.0365, 0.0394 0.8628 0.0144, 0.0394 0.8526 0.0066, 0.0394 0.8755 0.0631, -0.0394 0.4441 1.4016, 0.0394 0.4441 1.4016, -0.0394 0.4441 0.4173, 0.0394 0.4441 0.4173, -0.0394 0.1636 0.5289, -0.0394 0.184 0.5446, -0.0394 0.0652 0.5289, -0.0394 -0.2154 0.4173, -0.0394 0.0448 0.5446, -0.0394 0.0291 0.565, -0.0394 0.1996 0.565, -0.0394 0.2094 0.5887, -0.0394 0.2128 0.6142, -0.0394 0.0159 1.3065, -0.0394 0.0159 0.6142, -0.0394 0.0193 0.5887, -0.0394 0.0889 0.5191, -0.0394 0.1144 0.5157, -0.0394 0.1398 0.5191, -0.0394 0.2128 1.3065, -0.0394 0.2243 1.3344, -0.0394 -0.1847 1.44, -0.0394 -0.176 1.4409, -0.0394 -0.2154 1.4016, -0.0394 0.2136 1.3142, -0.0394 0.2158 1.3216, -0.0394 0.2194 1.3284, -0.0394 0.3253 1.4343, -0.0394 0.3321 1.4379, -0.0394 -0.1185 1.4409, -0.0394 0.3194 1.4294, -0.0394 0.3395 1.4402, -0.0394 0.3472 1.4409, -0.0394 0.4047 1.4409, -0.0394 -0.1108 1.4402, -0.0394 -0.1034 1.4379, -0.0394 0.4135 1.44, -0.0394 0.4431 1.4103, -0.0394 -0.2115 1.4187, -0.0394 -0.2068 1.4261, -0.0394 -0.2144 1.4103, -0.0394 -0.2005 1.4324, -0.0394 -0.1931 1.437, -0.0394 -0.0966 1.4343, -0.0394 -0.0906 1.4294, -0.0394 0.0044 1.3344, -0.0394 0.0152 1.3142, -0.0394 0.0093 1.3284, -0.0394 0.013 1.3216, -0.0394 0.4355 1.4261, -0.0394 0.4402 1.4187, -0.0394 0.4293 1.4324, -0.0394 0.4218 1.437, 0.0394 0.2094 0.5887, 0.0394 0.1996 0.565, 0.0394 0.184 0.5446, 0.0394 0.1636 0.5289, 0.0394 0.1398 0.5191, 0.0394 0.1144 0.5157, 0.0394 -0.2154 0.4173, 0.0394 0.0889 0.5191, 0.0394 0.0652 0.5289, 0.0394 0.0448 0.5446, 0.0394 0.0291 0.565, 0.0394 0.0193 0.5887, 0.0394 0.4135 1.44, 0.0394 0.4047 1.4409, 0.0394 0.3395 1.4402, 0.0394 0.3321 1.4379, 0.0394 0.3472 1.4409, 0.0394 0.3253 1.4343, 0.0394 0.3194 1.4294, 0.0394 0.2243 1.3344, 0.0394 0.0159 0.6142, 0.0394 0.0044 1.3344, 0.0394 -0.0906 1.4294, 0.0394 0.2128 1.3065, 0.0394 0.2128 0.6142, 0.0394 0.4355 1.4261, 0.0394 0.4293 1.4324, 0.0394 0.4402 1.4187, 0.0394 0.4431 1.4103, 0.0394 0.4218 1.437, 0.0394 0.2194 1.3284, 0.0394 0.2158 1.3216, 0.0394 0.2136 1.3142, 0.0394 0.0159 1.3065, 0.0394 0.0152 1.3142, 0.0394 0.0093 1.3284, 0.0394 0.013 1.3216, 0.0394 -0.0966 1.4343, 0.0394 -0.1034 1.4379, 0.0394 -0.1108 1.4402, 0.0394 -0.1185 1.4409, 0.0394 -0.176 1.4409, 0.0394 -0.2154 1.4016, 0.0394 -0.1847 1.44, 0.0394 -0.1931 1.437, 0.0394 -0.2005 1.4324, 0.0394 -0.2144 1.4103, 0.0394 -0.2068 1.4261, 0.0394 -0.2115 1.4187, 0.5315 0.6016 0.1824, 0.4528 0.6016 0.1824, 0.5315 0.5815 0.1824, 0.4528 0.5815 0.1824, 0.5315 0.6844 0.0996, 0.4528 0.6844 0.0996, 0.4528 0.828 0.0996, 0.5315 0.828 0.0996, 0.4528 0.8772 0.0492, 0.4528 0.8772 0.0504, 0.5315 0.8772 0.0492, 0.5315 0.8772 0.0504, 0.5315 0.828 0.0, 0.5315 0.5224 0.0, 0.4528 0.828 0.0, 0.4528 0.5224 0.0, 0.5315 0.5173 0.0007, 0.4528 0.5173 0.0007, 0.5315 0.5126 0.0026, 0.4528 0.5126 0.0026, 0.5315 0.5085 0.0058, 0.4528 0.5085 0.0058, 0.5315 0.4316 0.0827, 0.4528 0.4316 0.0827, 0.4528 0.8407 0.0017, 0.4528 0.1833 0.0827, 0.4528 0.1833 0.2008, 0.4528 0.5631 0.2008, 0.4528 0.8755 0.0631, 0.4528 0.8407 0.0979, 0.4528 0.8755 0.0365, 0.4528 0.8706 0.0246, 0.4528 0.8526 0.093, 0.4528 0.8628 0.0852, 0.4528 0.8706 0.075, 0.4528 0.8628 0.0144, 0.4528 0.8526 0.0066, 0.5315 0.1833 0.2008, 0.5315 0.1833 0.0827, 0.5315 0.5631 0.2008, 0.5315 0.8755 0.0365, 0.5315 0.8755 0.0631, 0.5315 0.8407 0.0979, 0.5315 0.8407 0.0017, 0.5315 0.8526 0.0066, 0.5315 0.8628 0.0144, 0.5315 0.8706 0.0246, 0.5315 0.8706 0.075, 0.5315 0.8628 0.0852, 0.5315 0.8526 0.093, 0.4528 0.4441 1.4016, 0.5315 0.4441 1.4016, 0.4528 0.4441 0.4173, 0.5315 0.4441 0.4173, 0.4528 0.0159 0.6142, 0.4528 0.0193 0.5887, 0.4528 -0.2154 0.4173, 0.4528 0.0291 0.565, 0.4528 0.0448 0.5446, 0.4528 0.0652 0.5289, 0.4528 0.0889 0.5191, 0.4528 0.1144 0.5157, 0.4528 0.1398 0.5191, 0.4528 0.1636 0.5289, 0.4528 0.184 0.5446, 0.4528 0.1996 0.565, 0.4528 0.2094 0.5887, 0.4528 0.2128 0.6142, 0.4528 0.3321 1.4379, 0.4528 0.3395 1.4402, 0.4528 0.3472 1.4409, 0.4528 -0.1847 1.44, 0.4528 -0.176 1.4409, 0.4528 -0.2154 1.4016, 0.4528 0.2136 1.3142, 0.4528 0.2158 1.3216, 0.4528 0.2194 1.3284, 0.4528 0.2128 1.3065, 0.4528 0.4047 1.4409, 0.4528 -0.1108 1.4402, 0.4528 -0.1034 1.4379, 0.4528 0.3253 1.4343, 0.4528 -0.1185 1.4409, 0.4528 -0.0966 1.4343, 0.4528 -0.0906 1.4294, 0.4528 0.0044 1.3344, 0.4528 0.0159 1.3065, 0.4528 0.0152 1.3142, 0.4528 0.0093 1.3284, 0.4528 0.013 1.3216, 0.4528 0.2243 1.3344, 0.4528 0.3194 1.4294, 0.4528 0.4135 1.44, 0.4528 0.4218 1.437, 0.4528 0.4293 1.4324, 0.4528 0.4355 1.4261, 0.4528 0.4402 1.4187, 0.4528 0.4431 1.4103, 0.4528 -0.2068 1.4261, 0.4528 -0.2005 1.4324, 0.4528 -0.2115 1.4187, 0.4528 -0.2144 1.4103, 0.4528 -0.1931 1.437, 0.5315 0.2128 0.6142, 0.5315 0.2094 0.5887, 0.5315 0.2128 1.3065, 0.5315 0.1996 0.565, 0.5315 0.184 0.5446, 0.5315 0.1636 0.5289, 0.5315 0.1398 0.5191, 0.5315 0.1144 0.5157, 0.5315 -0.2154 0.4173, 0.5315 0.0889 0.5191, 0.5315 0.0652 0.5289, 0.5315 0.0448 0.5446, 0.5315 0.0291 0.565, 0.5315 0.0193 0.5887, 0.5315 0.0159 0.6142, 0.5315 0.4135 1.44, 0.5315 0.4047 1.4409, 0.5315 0.3472 1.4409, 0.5315 0.4402 1.4187, 0.5315 0.4355 1.4261, 0.5315 0.4293 1.4324, 0.5315 0.3395 1.4402, 0.5315 0.3321 1.4379, 0.5315 0.0159 1.3065, 0.5315 -0.1185 1.4409, 0.5315 0.4431 1.4103, 0.5315 0.3253 1.4343, 0.5315 0.3194 1.4294, 0.5315 -0.1931 1.437, 0.5315 -0.2005 1.4324, 0.5315 -0.2154 1.4016, 0.5315 0.4218 1.437, 0.5315 0.2243 1.3344, 0.5315 0.2194 1.3284, 0.5315 0.2136 1.3142, 0.5315 0.2158 1.3216, 0.5315 -0.0906 1.4294, 0.5315 -0.0966 1.4343, 0.5315 -0.1034 1.4379, 0.5315 -0.1108 1.4402, 0.5315 0.0044 1.3344, 0.5315 0.0093 1.3284, 0.5315 0.0152 1.3142, 0.5315 0.013 1.3216, 0.5315 -0.176 1.4409, 0.5315 -0.1847 1.44, 0.5315 -0.2068 1.4261, 0.5315 -0.2115 1.4187, 0.5315 -0.2144 1.4103
            ]
        }
        coordIndex [
            0,1,2,-1,2,1,3,-1,4,5,0,-1,0,5,1,-1,6,5,7,-1,7,5,4,-1,8,9,10,-1,10,9,11,-1,12,13,14,-1,14,13,15,-1,15,13,16,-1,15,16,17,-1,17,16,18,-1,17,18,19,-1,19,18,20,-1,19,20,21,-1,22,23,20,-1,20,23,21,-1,14,15,5,-1,5,15,1,-1,24,25,23,-1,23,25,26,-1,23,26,21,-1,21,26,3,-1,21,3,19,-1,19,3,1,-1,19,1,17,-1,17,1,15,-1,27,28,29,-1,30,31,9,-1,32,14,8,-1,8,14,5,-1,8,5,9,-1,9,5,6,-1,9,6,30,-1,27,29,8,-1,8,29,33,-1,8,33,32,-1,34,35,31,-1,31,35,36,-1,31,36,9,-1,37,38,39,-1,39,38,22,-1,39,22,2,-1,2,22,20,-1,2,20,0,-1,40,7,11,-1,11,7,4,-1,11,4,10,-1,20,18,0,-1,0,18,16,-1,0,16,4,-1,4,16,13,-1,4,13,10,-1,10,13,12,-1,10,12,41,-1,42,43,44,-1,45,46,47,-1,47,46,10,-1,47,10,48,-1,48,10,41,-1,40,11,44,-1,44,11,49,-1,44,49,42,-1,2,3,39,-1,39,3,26,-1,38,24,22,-1,22,24,23,-1,50,51,52,-1,52,51,53,-1,54,55,52,-1,56,57,58,-1,58,57,59,-1,55,60,52,-1,52,60,61,-1,52,61,62,-1,63,64,57,-1,57,64,65,-1,57,65,59,-1,56,66,57,-1,57,66,67,-1,57,67,52,-1,52,67,68,-1,52,68,54,-1,62,69,70,-1,71,72,73,-1,69,74,70,-1,70,74,75,-1,70,75,76,-1,77,78,52,-1,73,72,57,-1,57,72,79,-1,57,79,63,-1,62,70,52,-1,52,70,80,-1,52,80,77,-1,78,81,52,-1,52,81,82,-1,52,82,83,-1,79,84,85,-1,86,87,83,-1,83,87,50,-1,83,50,52,-1,88,89,90,-1,90,89,91,-1,90,91,73,-1,73,91,92,-1,73,92,71,-1,85,93,79,-1,79,93,94,-1,79,94,63,-1,63,94,95,-1,63,95,96,-1,96,95,97,-1,96,97,98,-1,99,100,101,-1,101,100,87,-1,101,87,102,-1,102,87,86,-1,103,104,53,-1,53,104,105,-1,53,105,106,-1,106,107,53,-1,53,107,108,-1,53,108,109,-1,109,108,110,-1,109,110,111,-1,111,112,109,-1,109,112,113,-1,109,113,114,-1,115,116,51,-1,117,118,53,-1,51,116,53,-1,53,116,119,-1,53,119,117,-1,118,120,53,-1,53,120,121,-1,53,121,122,-1,114,123,109,-1,109,123,124,-1,109,124,125,-1,122,126,53,-1,53,126,127,-1,53,127,103,-1,128,129,130,-1,130,129,131,-1,131,129,51,-1,51,129,132,-1,51,132,115,-1,133,134,122,-1,122,134,135,-1,122,135,126,-1,123,136,124,-1,124,136,137,-1,124,137,138,-1,138,137,139,-1,125,140,109,-1,109,140,141,-1,109,141,142,-1,142,143,109,-1,109,143,144,-1,109,144,145,-1,145,144,146,-1,146,147,145,-1,145,147,148,-1,145,148,149,-1,149,148,150,-1,149,150,151,-1,145,73,109,-1,109,73,57,-1,73,145,149,-1,73,149,90,-1,90,149,151,-1,90,151,88,-1,88,151,150,-1,88,150,89,-1,89,150,148,-1,89,148,91,-1,91,148,147,-1,91,147,92,-1,92,147,146,-1,92,146,71,-1,71,146,144,-1,71,144,72,-1,143,79,144,-1,144,79,72,-1,79,143,142,-1,79,142,84,-1,84,142,141,-1,84,141,85,-1,85,141,140,-1,85,140,93,-1,93,140,125,-1,93,125,94,-1,124,95,125,-1,125,95,94,-1,95,124,138,-1,95,138,97,-1,97,138,139,-1,97,139,98,-1,98,139,137,-1,98,137,96,-1,96,137,136,-1,96,136,63,-1,123,64,136,-1,136,64,63,-1,64,123,65,-1,65,123,114,-1,65,114,59,-1,59,114,113,-1,59,113,58,-1,58,113,112,-1,58,112,56,-1,56,112,111,-1,56,111,66,-1,66,111,110,-1,66,110,67,-1,67,110,108,-1,67,108,68,-1,68,108,107,-1,68,107,54,-1,54,107,106,-1,54,106,55,-1,55,106,105,-1,55,105,60,-1,60,105,104,-1,60,104,61,-1,61,104,103,-1,61,103,62,-1,62,103,127,-1,126,69,127,-1,127,69,62,-1,69,126,135,-1,69,135,74,-1,74,135,134,-1,74,134,75,-1,75,134,133,-1,75,133,76,-1,76,133,122,-1,76,122,70,-1,121,80,122,-1,122,80,70,-1,80,121,120,-1,80,120,77,-1,77,120,118,-1,77,118,78,-1,78,118,117,-1,78,117,81,-1,81,117,119,-1,81,119,82,-1,116,83,119,-1,119,83,82,-1,83,116,115,-1,83,115,86,-1,86,115,132,-1,86,132,102,-1,102,132,129,-1,102,129,101,-1,101,129,128,-1,101,128,99,-1,99,128,130,-1,99,130,100,-1,100,130,131,-1,100,131,87,-1,87,131,51,-1,87,51,50,-1,152,153,154,-1,154,153,155,-1,156,157,152,-1,152,157,153,-1,158,157,159,-1,159,157,156,-1,160,161,162,-1,162,161,163,-1,164,165,166,-1,166,165,167,-1,167,165,168,-1,167,168,169,-1,169,168,170,-1,169,170,171,-1,171,170,172,-1,171,172,173,-1,174,175,172,-1,172,175,173,-1,153,157,167,-1,167,157,166,-1,166,157,158,-1,166,158,176,-1,177,178,175,-1,175,178,179,-1,175,179,173,-1,173,179,155,-1,173,155,171,-1,171,155,153,-1,171,153,169,-1,169,153,167,-1,161,158,180,-1,180,158,181,-1,161,160,158,-1,158,160,182,-1,158,182,183,-1,181,184,180,-1,180,184,185,-1,180,185,186,-1,183,187,158,-1,158,187,188,-1,158,188,176,-1,189,190,191,-1,191,190,174,-1,191,174,154,-1,154,174,172,-1,154,172,152,-1,192,162,159,-1,172,170,152,-1,152,170,168,-1,152,168,156,-1,156,168,165,-1,156,165,159,-1,162,163,159,-1,159,163,193,-1,159,193,194,-1,165,164,159,-1,159,164,195,-1,159,195,196,-1,196,197,159,-1,159,197,198,-1,159,198,192,-1,199,200,193,-1,193,200,201,-1,193,201,194,-1,154,155,191,-1,191,155,179,-1,190,177,174,-1,174,177,175,-1,202,203,204,-1,204,203,205,-1,206,207,208,-1,207,209,208,-1,208,209,210,-1,208,210,211,-1,211,212,208,-1,208,212,213,-1,208,213,204,-1,204,213,214,-1,214,215,204,-1,204,215,216,-1,204,216,217,-1,217,218,204,-1,204,218,219,-1,204,219,202,-1,220,221,222,-1,223,224,225,-1,226,227,228,-1,219,229,202,-1,202,229,222,-1,202,222,230,-1,231,232,208,-1,220,222,233,-1,225,224,208,-1,208,224,234,-1,208,234,231,-1,232,235,208,-1,208,235,236,-1,208,236,237,-1,206,208,238,-1,238,208,237,-1,238,237,239,-1,239,237,240,-1,239,240,241,-1,226,228,229,-1,229,228,242,-1,229,242,222,-1,222,242,243,-1,222,243,233,-1,230,244,202,-1,202,244,245,-1,202,245,246,-1,247,248,246,-1,246,248,249,-1,246,249,202,-1,250,251,252,-1,252,251,253,-1,253,251,225,-1,225,251,254,-1,225,254,223,-1,255,256,205,-1,255,205,257,-1,256,258,205,-1,205,258,259,-1,205,259,260,-1,260,261,205,-1,205,261,262,-1,205,262,263,-1,262,264,263,-1,263,264,265,-1,263,265,266,-1,266,267,263,-1,263,267,268,-1,263,268,269,-1,270,271,203,-1,203,271,205,-1,205,271,272,-1,205,272,257,-1,273,274,275,-1,272,276,277,-1,269,278,279,-1,273,275,280,-1,277,281,272,-1,272,281,282,-1,272,282,257,-1,283,284,285,-1,280,275,203,-1,203,275,286,-1,203,286,270,-1,282,287,257,-1,257,287,288,-1,257,288,289,-1,289,288,290,-1,291,292,279,-1,279,292,293,-1,279,293,294,-1,291,279,295,-1,295,279,278,-1,295,278,296,-1,296,278,297,-1,296,297,298,-1,269,279,263,-1,263,279,299,-1,263,299,285,-1,285,299,300,-1,285,300,283,-1,301,302,284,-1,284,302,303,-1,284,303,285,-1,285,225,263,-1,263,225,208,-1,225,285,303,-1,225,303,253,-1,253,303,302,-1,253,302,252,-1,252,302,301,-1,252,301,250,-1,250,301,284,-1,250,284,251,-1,251,284,283,-1,251,283,254,-1,254,283,300,-1,254,300,223,-1,223,300,299,-1,223,299,224,-1,279,234,299,-1,299,234,224,-1,234,279,294,-1,234,294,231,-1,231,294,293,-1,231,293,232,-1,232,293,292,-1,232,292,235,-1,235,292,291,-1,235,291,236,-1,295,237,291,-1,291,237,236,-1,237,295,296,-1,237,296,240,-1,240,296,298,-1,240,298,241,-1,241,298,297,-1,241,297,239,-1,239,297,278,-1,239,278,238,-1,269,206,278,-1,278,206,238,-1,206,269,207,-1,207,269,268,-1,207,268,209,-1,209,268,267,-1,209,267,210,-1,210,267,266,-1,210,266,211,-1,211,266,265,-1,211,265,212,-1,212,265,264,-1,212,264,213,-1,213,264,262,-1,213,262,214,-1,214,262,261,-1,214,261,215,-1,215,261,260,-1,215,260,216,-1,216,260,259,-1,216,259,217,-1,217,259,258,-1,217,258,218,-1,218,258,256,-1,218,256,219,-1,219,256,255,-1,257,229,255,-1,255,229,219,-1,229,257,289,-1,229,289,226,-1,226,289,290,-1,226,290,227,-1,227,290,288,-1,227,288,228,-1,228,288,287,-1,228,287,242,-1,282,243,287,-1,287,243,242,-1,243,282,281,-1,243,281,233,-1,233,281,277,-1,233,277,220,-1,220,277,276,-1,220,276,221,-1,221,276,272,-1,221,272,222,-1,271,230,272,-1,272,230,222,-1,230,271,270,-1,230,270,244,-1,244,270,286,-1,244,286,245,-1,245,286,275,-1,245,275,246,-1,246,275,274,-1,246,274,247,-1,247,274,273,-1,247,273,248,-1,248,273,280,-1,248,280,249,-1,249,280,203,-1,249,203,202,-1,
        ]
    }
}
Shape{
    appearance Appearance {
        material  Material 	{
            diffuseColor 0.8509803921568627 0.8509803921568627 0.8509803921568627
            specularColor 0.4235294117647059 0.4235294117647059 0.4235294117647059
            ambientIntensity 0.851
            transparency 0.0
            shininess 0.5
        }
    }
    geometry IndexedFaceSet {
        ccw TRUE
        solid FALSE
        coord DEF co Coordinate {
            point [
                -0.0394 0.8772 0.0492, 0.0394 0.8772 0.0492, 0.0394 0.8755 0.0365, -0.0394 0.8755 0.0365, 0.0394 0.8706 0.0246, -0.0394 0.8706 0.0246, 0.0394 0.8628 0.0144, -0.0394 0.8628 0.0144, 0.0394 0.8526 0.0066, -0.0394 0.8526 0.0066, 0.0394 0.8407 0.0017, -0.0394 0.8407 0.0017, 0.0394 0.828 0.0, -0.0394 0.828 0.0, -0.0394 0.828 0.0996, 0.0394 0.828 0.0996, 0.0394 0.8407 0.0979, -0.0394 0.8407 0.0979, 0.0394 0.8526 0.093, -0.0394 0.8526 0.093, 0.0394 0.8628 0.0852, -0.0394 0.8628 0.0852, 0.0394 0.8706 0.075, -0.0394 0.8706 0.075, 0.0394 0.8755 0.0631, -0.0394 0.8755 0.0631, 0.0394 0.8772 0.0504, -0.0394 0.8772 0.0504, 0.4528 0.8772 0.0492, 0.5315 0.8772 0.0492, 0.5315 0.8755 0.0365, 0.4528 0.8755 0.0365, 0.5315 0.8706 0.0246, 0.4528 0.8706 0.0246, 0.5315 0.8628 0.0144, 0.4528 0.8628 0.0144, 0.5315 0.8526 0.0066, 0.4528 0.8526 0.0066, 0.5315 0.8407 0.0017, 0.4528 0.8407 0.0017, 0.5315 0.828 0.0, 0.4528 0.828 0.0, 0.4528 0.828 0.0996, 0.5315 0.828 0.0996, 0.5315 0.8407 0.0979, 0.4528 0.8407 0.0979, 0.5315 0.8526 0.093, 0.4528 0.8526 0.093, 0.5315 0.8628 0.0852, 0.4528 0.8628 0.0852, 0.5315 0.8706 0.075, 0.4528 0.8706 0.075, 0.5315 0.8755 0.0631, 0.4528 0.8755 0.0631, 0.5315 0.8772 0.0504, 0.4528 0.8772 0.0504
            ]
        }
        coordIndex [
            0,1,2,-1,0,2,3,-1,3,2,4,-1,3,4,5,-1,5,4,6,-1,5,6,7,-1,7,6,8,-1,7,8,9,-1,9,8,10,-1,9,10,11,-1,11,10,12,-1,11,12,13,-1,14,15,16,-1,14,16,17,-1,17,16,18,-1,17,18,19,-1,19,18,20,-1,19,20,21,-1,21,20,22,-1,21,22,23,-1,23,22,24,-1,23,24,25,-1,25,24,26,-1,25,26,27,-1,28,29,30,-1,28,30,31,-1,31,30,32,-1,31,32,33,-1,33,32,34,-1,33,34,35,-1,35,34,36,-1,35,36,37,-1,37,36,38,-1,37,38,39,-1,39,38,40,-1,39,40,41,-1,42,43,44,-1,42,44,45,-1,45,44,46,-1,45,46,47,-1,47,46,48,-1,47,48,49,-1,49,48,50,-1,49,50,51,-1,51,50,52,-1,51,52,53,-1,53,52,54,-1,53,54,55,-1,
        ]
    }
}
Shape{
    appearance Appearance {
        material  Material 	{
            diffuseColor 0.0 0.0 0.0
            specularColor 0.0 0.0 0.0
            ambientIntensity 0.0
            transparency 0.0
            shininess 0.5
        }
    }
    geometry IndexedFaceSet {
        ccw TRUE
        solid FALSE
        coord DEF co Coordinate {
            point [
                0.6835 0.6055 1.3956, 0.6835 0.6055 1.3895, 0.6835 0.6016 1.3956, 0.6835 0.6016 1.3895, 0.7048 0.6055 1.3956, 0.7048 0.6016 1.3956, 0.7048 0.6055 1.4429, 0.7048 0.6016 1.4429, 0.7117 0.6055 1.4429, 0.7117 0.6016 1.4429, 0.7117 0.6055 1.3895, 0.7117 0.6016 1.3895, 0.6414 0.6016 1.3917, 0.6414 0.6055 1.3917, 0.6423 0.6055 1.3912, 0.6562 0.6055 1.3886, 0.6562 0.6016 1.3886, 0.648 0.6055 1.3894, 0.6515 0.6016 1.389, 0.648 0.6016 1.3894, 0.6437 0.6016 1.3908, 0.6423 0.6016 1.3912, 0.6414 0.6055 1.3983, 0.6414 0.6016 1.3983, 0.6437 0.6016 1.3972, 0.646 0.6055 1.3962, 0.646 0.6016 1.3962, 0.6519 0.6016 1.3949, 0.6519 0.6055 1.3949, 0.6552 0.6016 1.3947, 0.6552 0.6055 1.3947, 0.6602 0.6016 1.3953, 0.6602 0.6055 1.3953, 0.664 0.6016 1.3967, 0.664 0.6055 1.3967, 0.6676 0.6016 1.3991, 0.6676 0.6055 1.3991, 0.6689 0.6016 1.4004, 0.6689 0.6055 1.4004, 0.6715 0.6016 1.4039, 0.6715 0.6055 1.4039, 0.6732 0.6016 1.4082, 0.6732 0.6055 1.4082, 0.6741 0.6016 1.4136, 0.6741 0.6055 1.4136, 0.6741 0.6016 1.4156, 0.6741 0.6055 1.4156, 0.6733 0.6016 1.4229, 0.6733 0.6055 1.4229, 0.6715 0.6016 1.4275, 0.6715 0.6055 1.4275, 0.6689 0.6016 1.4312, 0.6689 0.6055 1.4312, 0.6685 0.6016 1.4316, 0.6685 0.6055 1.4316, 0.665 0.6016 1.4346, 0.665 0.6055 1.4346, 0.6608 0.6016 1.4365, 0.6608 0.6055 1.4365, 0.6562 0.6016 1.4375, 0.6562 0.6055 1.4375, 0.654 0.6016 1.4375, 0.654 0.6055 1.4375, 0.6414 0.6016 1.4344, 0.6414 0.6055 1.4344, 0.642 0.6055 1.4347, 0.6474 0.6016 1.4368, 0.6474 0.6055 1.4368, 0.6437 0.6016 1.4353, 0.642 0.6016 1.4347, 0.6414 0.6055 1.4416, 0.6414 0.6016 1.4416, 0.6437 0.6016 1.4422, 0.6471 0.6055 1.4432, 0.654 0.6016 1.4438, 0.654 0.6055 1.4438, 0.6483 0.6016 1.4433, 0.6471 0.6016 1.4432, 0.6578 0.6016 1.4433, 0.6617 0.6055 1.4428, 0.6617 0.6016 1.4428, 0.6673 0.6016 1.4407, 0.6673 0.6055 1.4407, 0.6725 0.6016 1.437, 0.6725 0.6055 1.437, 0.6737 0.6016 1.4359, 0.6737 0.6055 1.4359, 0.6775 0.6016 1.4309, 0.679 0.6016 1.4275, 0.6801 0.6055 1.4249, 0.6775 0.6055 1.4309, 0.6801 0.6016 1.4249, 0.6813 0.6016 1.418, 0.6813 0.6055 1.418, 0.6814 0.6016 1.4152, 0.6814 0.6055 1.4152, 0.6803 0.6016 1.4065, 0.6803 0.6055 1.4065, 0.679 0.6016 1.4031, 0.6782 0.6055 1.401, 0.6782 0.6016 1.401, 0.675 0.6016 1.3964, 0.675 0.6055 1.3964, 0.6745 0.6016 1.3959, 0.6745 0.6055 1.3959, 0.6601 0.6055 1.3888, 0.6707 0.6016 1.3926, 0.6707 0.6055 1.3926, 0.6657 0.6016 1.3901, 0.6657 0.6055 1.3901, 0.661 0.6016 1.389, 0.6601 0.6016 1.3888, 0.602 0.6055 1.3956, 0.602 0.6055 1.3895, 0.602 0.6016 1.3956, 0.602 0.6016 1.3895, 0.6238 0.6016 1.3956, 0.6238 0.6055 1.3956, 0.6094 0.6016 1.3956, 0.6238 0.6055 1.4135, 0.6238 0.6016 1.4135, 0.6047 0.6055 1.4135, 0.6094 0.6016 1.4135, 0.6047 0.6016 1.4135, 0.6047 0.6055 1.4196, 0.6047 0.6016 1.4196, 0.6238 0.6016 1.4196, 0.6238 0.6055 1.4196, 0.6094 0.6016 1.4196, 0.6238 0.6055 1.4367, 0.6238 0.6016 1.4367, 0.6032 0.6055 1.4367, 0.6094 0.6016 1.4367, 0.6032 0.6016 1.4367, 0.6032 0.6055 1.4429, 0.6032 0.6016 1.4429, 0.6307 0.6016 1.4429, 0.6307 0.6055 1.4429, 0.6094 0.6016 1.4429, 0.6307 0.6055 1.3895, 0.6307 0.6016 1.3895, 0.6094 0.6016 1.3895, 0.5587 0.6055 1.4045, 0.5614 0.6055 1.4011, 0.5565 0.6055 1.397, 0.5621 0.6055 1.4005, 0.5621 0.6055 1.3929, 0.5655 0.6055 1.3981, 0.5682 0.6055 1.3906, 0.5699 0.6055 1.3964, 0.5772 0.6055 1.3895, 0.5773 0.6055 1.3956, 0.5919 0.6055 1.3895, 0.585 0.6055 1.3956, 0.5919 0.6055 1.4429, 0.585 0.6055 1.4367, 0.5767 0.6055 1.4429, 0.577 0.6055 1.4367, 0.5685 0.6055 1.442, 0.5699 0.6055 1.4359, 0.5621 0.6055 1.4396, 0.5653 0.6055 1.4342, 0.5565 0.6055 1.4358, 0.5616 0.6055 1.4317, 0.5546 0.6055 1.4339, 0.5596 0.6055 1.4297, 0.5513 0.6055 1.4293, 0.5576 0.6055 1.4265, 0.5493 0.6055 1.4242, 0.5563 0.6055 1.4224, 0.5485 0.6055 1.4169, 0.5557 0.6055 1.4167, 0.5487 0.6055 1.4125, 0.5559 0.6055 1.4134, 0.5502 0.6055 1.4064, 0.5569 0.6055 1.4085, 0.553 0.6055 1.401, 0.5772 0.6016 1.3895, 0.5919 0.6016 1.3895, 0.5682 0.6016 1.3906, 0.5621 0.6016 1.3929, 0.5565 0.6016 1.397, 0.553 0.6016 1.401, 0.5502 0.6016 1.4064, 0.5487 0.6016 1.4125, 0.5485 0.6016 1.4169, 0.5493 0.6016 1.4242, 0.5513 0.6016 1.4293, 0.5546 0.6016 1.4339, 0.5565 0.6016 1.4358, 0.5621 0.6016 1.4396, 0.5685 0.6016 1.442, 0.5767 0.6016 1.4429, 0.5919 0.6016 1.4429, 0.577 0.6016 1.4367, 0.585 0.6016 1.4367, 0.585 0.6016 1.3956, 0.5773 0.6016 1.3956, 0.5614 0.6016 1.4011, 0.5621 0.6016 1.4005, 0.5655 0.6016 1.3981, 0.5699 0.6016 1.3964, 0.5557 0.6016 1.4167, 0.5559 0.6016 1.4134, 0.5569 0.6016 1.4085, 0.5587 0.6016 1.4045, 0.5616 0.6016 1.4317, 0.5596 0.6016 1.4297, 0.5576 0.6016 1.4265, 0.5563 0.6016 1.4224, 0.5699 0.6016 1.4359, 0.5653 0.6016 1.4342
            ]
        }
        coordIndex [
            0,1,2,-1,2,1,3,-1,4,0,5,-1,5,0,2,-1,6,4,7,-1,7,4,5,-1,8,6,9,-1,9,6,7,-1,10,8,11,-1,11,8,9,-1,1,10,3,-1,3,10,11,-1,6,8,4,-1,4,8,10,-1,4,10,0,-1,0,10,1,-1,12,13,14,-1,15,16,17,-1,17,16,18,-1,18,19,17,-1,17,19,20,-1,17,20,14,-1,14,20,21,-1,14,21,12,-1,22,13,23,-1,23,13,12,-1,22,23,24,-1,22,24,25,-1,24,26,25,-1,25,26,27,-1,25,27,28,-1,28,27,29,-1,28,29,30,-1,30,29,31,-1,30,31,32,-1,32,31,33,-1,32,33,34,-1,34,33,35,-1,34,35,36,-1,36,35,37,-1,36,37,38,-1,38,37,39,-1,38,39,40,-1,40,39,41,-1,40,41,42,-1,42,41,43,-1,42,43,44,-1,44,43,45,-1,44,45,46,-1,46,45,47,-1,46,47,48,-1,48,47,49,-1,48,49,50,-1,50,49,51,-1,50,51,52,-1,52,51,53,-1,52,53,54,-1,54,53,55,-1,54,55,56,-1,56,55,57,-1,56,57,58,-1,58,57,59,-1,58,59,60,-1,60,59,61,-1,60,61,62,-1,63,64,65,-1,62,61,66,-1,62,66,67,-1,67,66,68,-1,67,68,65,-1,65,68,69,-1,65,69,63,-1,70,64,71,-1,71,64,63,-1,70,71,72,-1,70,72,73,-1,74,75,76,-1,76,75,73,-1,76,73,77,-1,77,73,72,-1,75,74,78,-1,75,78,79,-1,78,80,79,-1,79,80,81,-1,79,81,82,-1,82,81,83,-1,82,83,84,-1,84,83,85,-1,84,85,86,-1,86,85,87,-1,88,89,87,-1,87,89,90,-1,87,90,86,-1,88,91,89,-1,89,91,92,-1,89,92,93,-1,93,92,94,-1,93,94,95,-1,95,94,96,-1,95,96,97,-1,97,96,98,-1,97,98,99,-1,98,100,99,-1,99,100,101,-1,99,101,102,-1,102,101,103,-1,102,103,104,-1,16,15,105,-1,104,103,106,-1,104,106,107,-1,107,106,108,-1,107,108,109,-1,109,108,110,-1,109,110,105,-1,105,110,111,-1,105,111,16,-1,48,50,90,-1,56,58,79,-1,90,50,86,-1,79,58,75,-1,79,82,56,-1,56,82,84,-1,56,84,54,-1,54,84,86,-1,54,86,52,-1,52,86,50,-1,58,60,75,-1,75,60,62,-1,75,62,73,-1,73,62,67,-1,73,67,70,-1,70,67,65,-1,70,65,64,-1,95,46,93,-1,93,46,48,-1,93,48,89,-1,89,48,90,-1,13,22,14,-1,14,22,25,-1,14,25,17,-1,17,25,28,-1,17,28,15,-1,15,28,30,-1,15,30,105,-1,105,30,32,-1,105,32,109,-1,109,32,34,-1,109,34,107,-1,107,34,36,-1,107,36,104,-1,104,36,38,-1,104,38,102,-1,102,38,40,-1,102,40,99,-1,99,40,97,-1,97,40,42,-1,97,42,95,-1,95,42,44,-1,95,44,46,-1,112,113,114,-1,114,113,115,-1,116,117,118,-1,118,117,112,-1,118,112,114,-1,119,117,120,-1,120,117,116,-1,119,120,121,-1,121,120,122,-1,121,122,123,-1,124,121,125,-1,125,121,123,-1,126,127,128,-1,128,127,124,-1,128,124,125,-1,129,127,130,-1,130,127,126,-1,129,130,131,-1,131,130,132,-1,131,132,133,-1,134,131,135,-1,135,131,133,-1,136,137,138,-1,138,137,134,-1,138,134,135,-1,139,137,140,-1,140,137,136,-1,139,140,113,-1,113,140,141,-1,113,141,115,-1,121,124,119,-1,119,124,127,-1,113,112,139,-1,139,112,117,-1,131,134,129,-1,129,134,137,-1,129,137,127,-1,127,137,139,-1,127,139,119,-1,119,139,117,-1,142,143,144,-1,144,143,145,-1,144,145,146,-1,146,145,147,-1,146,147,148,-1,148,147,149,-1,148,149,150,-1,150,149,151,-1,150,151,152,-1,152,151,153,-1,152,153,154,-1,154,153,155,-1,154,155,156,-1,156,155,157,-1,156,157,158,-1,158,157,159,-1,158,159,160,-1,160,159,161,-1,160,161,162,-1,162,161,163,-1,162,163,164,-1,164,163,165,-1,164,165,166,-1,166,165,167,-1,166,167,168,-1,168,167,169,-1,168,169,170,-1,170,169,171,-1,170,171,172,-1,172,171,173,-1,172,173,174,-1,174,173,175,-1,174,175,176,-1,176,175,142,-1,176,142,144,-1,150,152,177,-1,177,152,178,-1,150,177,179,-1,150,179,148,-1,148,179,180,-1,148,180,146,-1,146,180,181,-1,146,181,144,-1,144,181,182,-1,144,182,176,-1,176,182,183,-1,176,183,174,-1,174,183,184,-1,174,184,172,-1,172,184,185,-1,172,185,170,-1,170,185,186,-1,170,186,168,-1,168,186,187,-1,168,187,166,-1,166,187,188,-1,166,188,164,-1,164,188,189,-1,164,189,162,-1,162,189,190,-1,162,190,160,-1,160,190,191,-1,160,191,158,-1,158,191,192,-1,158,192,156,-1,154,156,193,-1,193,156,192,-1,152,154,178,-1,178,154,193,-1,157,155,194,-1,194,155,195,-1,155,153,195,-1,195,153,196,-1,153,151,196,-1,196,151,197,-1,143,198,199,-1,143,199,145,-1,145,199,200,-1,145,200,147,-1,147,200,201,-1,147,201,149,-1,149,201,197,-1,149,197,151,-1,171,202,203,-1,171,203,173,-1,173,203,204,-1,173,204,175,-1,175,204,205,-1,175,205,142,-1,142,205,198,-1,142,198,143,-1,163,206,207,-1,163,207,165,-1,165,207,208,-1,165,208,167,-1,167,208,209,-1,167,209,169,-1,169,209,202,-1,169,202,171,-1,157,194,210,-1,157,210,159,-1,159,210,211,-1,159,211,161,-1,161,211,206,-1,161,206,163,-1,
        ]
    }
}
Shape{
    appearance Appearance {
        material  Material 	{
            diffuseColor 1.0 0.9529411764705882 0.792156862745098
            specularColor 0.30196078431372547 0.28627450980392155 0.23921568627450981
            ambientIntensity 0.9487
            transparency 0.0
            shininess 0.5
        }
    }
    geometry IndexedFaceSet {
        ccw TRUE
        solid FALSE
        coord DEF co Coordinate {
            point [
                0.585 0.6016 1.4367, 0.585 0.6016 1.3956, 0.577 0.6016 1.4367, 0.5773 0.6016 1.3956, 0.5699 0.6016 1.3964, 0.5655 0.6016 1.3981, 0.5621 0.6016 1.4005, 0.5557 0.6016 1.4167, 0.5616 0.6016 1.4317, 0.5653 0.6016 1.4342, 0.5614 0.6016 1.4011, 0.5587 0.6016 1.4045, 0.5569 0.6016 1.4085, 0.5596 0.6016 1.4297, 0.5563 0.6016 1.4224, 0.5576 0.6016 1.4265, 0.5559 0.6016 1.4134, 0.5699 0.6016 1.4359
            ]
        }
        coordIndex [
            0,1,2,-1,2,1,3,-1,3,4,2,-1,2,4,5,-1,2,5,6,-1,7,8,9,-1,6,10,2,-1,2,10,11,-1,2,11,12,-1,8,7,13,-1,13,7,14,-1,13,14,15,-1,12,16,2,-1,2,16,7,-1,2,7,17,-1,17,7,9,-1,
        ]
    }
}
Shape{
    appearance Appearance {
        material  Material 	{
            diffuseColor 0.0 0.0 0.0
            specularColor 0.0 0.0 0.0
            ambientIntensity 0.0
            transparency 0.0
            shininess 0.5
        }
    }
    geometry IndexedFaceSet {
        ccw TRUE
        solid FALSE
        coord DEF co Coordinate {
            point [
                0.5306 0.6055 1.4101, 0.5226 0.6055 1.4323, 0.5252 0.6055 1.4429, 0.5455 0.6055 1.3895, 0.5379 0.6055 1.3895, 0.5328 0.6055 1.4041, 0.5221 0.6055 1.4339, 0.5217 0.6055 1.436, 0.5178 0.6055 1.4429, 0.5216 0.6055 1.436, 0.5211 0.6055 1.4338, 0.5207 0.6055 1.4323, 0.5127 0.6055 1.4101, 0.4975 0.6055 1.3895, 0.5051 0.6055 1.3895, 0.5105 0.6055 1.4041, 0.5178 0.6016 1.4429, 0.4975 0.6016 1.3895, 0.5252 0.6016 1.4429, 0.5455 0.6016 1.3895, 0.5301 0.6016 1.4299, 0.5379 0.6016 1.3895, 0.5328 0.6016 1.4041, 0.5105 0.6016 1.4041, 0.5301 0.6016 1.4041, 0.5051 0.6016 1.3895, 0.5306 0.6016 1.4101, 0.5127 0.6016 1.4101, 0.5207 0.6016 1.4323, 0.5216 0.6016 1.436, 0.5211 0.6016 1.4338, 0.5217 0.6016 1.436, 0.5226 0.6016 1.4323, 0.5221 0.6016 1.4339
            ]
        }
        coordIndex [
            0,1,2,-1,3,4,5,-1,1,6,2,-1,2,6,7,-1,2,7,8,-1,8,7,9,-1,8,9,10,-1,10,11,8,-1,8,11,12,-1,8,12,13,-1,14,13,15,-1,15,13,12,-1,15,12,5,-1,5,12,0,-1,5,0,3,-1,3,0,2,-1,8,13,16,-1,16,13,17,-1,2,8,18,-1,18,8,16,-1,19,3,20,-1,20,3,2,-1,20,2,18,-1,4,3,21,-1,21,3,19,-1,5,4,22,-1,22,4,21,-1,23,15,24,-1,24,15,5,-1,24,5,22,-1,14,15,25,-1,25,15,23,-1,13,14,17,-1,17,14,25,-1,0,12,26,-1,26,12,27,-1,12,11,27,-1,27,11,28,-1,9,29,30,-1,9,30,10,-1,10,30,28,-1,10,28,11,-1,9,7,29,-1,29,7,31,-1,1,32,33,-1,1,33,6,-1,6,33,31,-1,6,31,7,-1,1,0,32,-1,32,0,26,-1,
        ]
    }
}
Shape{
    appearance Appearance {
        material  Material 	{
            diffuseColor 1.0 0.9529411764705882 0.792156862745098
            specularColor 0.30196078431372547 0.28627450980392155 0.23921568627450981
            ambientIntensity 0.9487
            transparency 0.0
            shininess 0.5
        }
    }
    geometry IndexedFaceSet {
        ccw TRUE
        solid FALSE
        coord DEF co Coordinate {
            point [
                0.5216 0.6016 1.436, 0.5217 0.6016 1.436, 0.5211 0.6016 1.4338, 0.5221 0.6016 1.4339, 0.5207 0.6016 1.4323, 0.5226 0.6016 1.4323, 0.5127 0.6016 1.4101, 0.5306 0.6016 1.4101
            ]
        }
        coordIndex [
            0,1,2,-1,2,1,3,-1,2,3,4,-1,4,3,5,-1,4,5,6,-1,6,5,7,-1,
        ]
    }
}
Shape{
    appearance Appearance {
        material  Material 	{
            diffuseColor 0.0 0.0 0.0
            specularColor 0.0 0.0 0.0
            ambientIntensity 0.0
            transparency 0.0
            shininess 0.5
        }
    }
    geometry IndexedFaceSet {
        ccw TRUE
        solid FALSE
        coord DEF co Coordinate {
            point [
                0.683 0.6055 1.3109, 0.683 0.6055 1.3048, 0.683 0.6016 1.3109, 0.683 0.6016 1.3048, 0.7048 0.6055 1.3109, 0.7048 0.6016 1.3109, 0.7048 0.6055 1.3289, 0.7048 0.6016 1.3289, 0.6857 0.6055 1.3289, 0.6857 0.6016 1.3289, 0.6857 0.6055 1.335, 0.6857 0.6016 1.335, 0.7048 0.6055 1.335, 0.7048 0.6016 1.335, 0.7048 0.6055 1.352, 0.7048 0.6016 1.352, 0.6842 0.6055 1.352, 0.6842 0.6016 1.352, 0.6842 0.6055 1.3582, 0.6842 0.6016 1.3582, 0.7117 0.6055 1.3582, 0.7117 0.6016 1.3582, 0.7117 0.6055 1.3048, 0.7117 0.6016 1.3048, 0.6526 0.6055 1.3048, 0.646 0.6055 1.3048, 0.6526 0.6055 1.3107, 0.646 0.6055 1.3293, 0.6526 0.6055 1.329, 0.6672 0.6055 1.3211, 0.6656 0.6055 1.3218, 0.6528 0.6055 1.3107, 0.6563 0.6055 1.3117, 0.6539 0.6055 1.3091, 0.6582 0.6055 1.3104, 0.6616 0.6055 1.3227, 0.6526 0.6055 1.3239, 0.6526 0.6055 1.3203, 0.6526 0.6055 1.3198, 0.6531 0.6055 1.3169, 0.6541 0.6055 1.3145, 0.6555 0.6055 1.3125, 0.6529 0.6055 1.332, 0.6465 0.6055 1.3346, 0.6536 0.6055 1.3344, 0.6476 0.6055 1.3376, 0.6543 0.6055 1.3358, 0.649 0.6055 1.3397, 0.6554 0.6055 1.3368, 0.6507 0.6055 1.3414, 0.6565 0.6055 1.3376, 0.653 0.6055 1.3426, 0.6581 0.6055 1.3381, 0.6558 0.6055 1.3435, 0.6604 0.6055 1.3384, 0.6597 0.6055 1.3438, 0.6645 0.6055 1.3379, 0.6665 0.6055 1.343, 0.6686 0.6055 1.3365, 0.6714 0.6055 1.3411, 0.6729 0.6055 1.3338, 0.6729 0.6055 1.3403, 0.6684 0.6055 1.3117, 0.6733 0.6055 1.3069, 0.6679 0.6055 1.3111, 0.6711 0.6055 1.3053, 0.6665 0.6055 1.3102, 0.6685 0.6055 1.3044, 0.665 0.6055 1.3096, 0.6645 0.6055 1.3039, 0.6628 0.6055 1.3094, 0.661 0.6055 1.3043, 0.6603 0.6055 1.3097, 0.6583 0.6055 1.3053, 0.656 0.6055 1.3068, 0.6639 0.6055 1.3275, 0.6691 0.6055 1.3262, 0.668 0.6055 1.3204, 0.6719 0.6055 1.3247, 0.6688 0.6055 1.3194, 0.6739 0.6055 1.3229, 0.6694 0.6055 1.3182, 0.6753 0.6055 1.321, 0.6697 0.6055 1.3166, 0.6762 0.6055 1.3187, 0.6698 0.6055 1.3156, 0.6766 0.6055 1.315, 0.6696 0.6055 1.314, 0.6763 0.6055 1.312, 0.6692 0.6055 1.3128, 0.6754 0.6055 1.3097, 0.6741 0.6055 1.3077, 0.6597 0.6016 1.3438, 0.6665 0.6016 1.343, 0.6714 0.6016 1.3411, 0.6729 0.6016 1.3403, 0.6729 0.6016 1.3338, 0.6686 0.6016 1.3365, 0.6645 0.6016 1.3379, 0.6604 0.6016 1.3384, 0.6581 0.6016 1.3381, 0.6565 0.6016 1.3376, 0.6554 0.6016 1.3368, 0.6543 0.6016 1.3358, 0.6536 0.6016 1.3344, 0.6529 0.6016 1.332, 0.6526 0.6016 1.329, 0.6639 0.6016 1.3275, 0.6691 0.6016 1.3262, 0.6719 0.6016 1.3247, 0.6739 0.6016 1.3229, 0.6753 0.6016 1.321, 0.6762 0.6016 1.3187, 0.6766 0.6016 1.315, 0.6763 0.6016 1.312, 0.6754 0.6016 1.3097, 0.6741 0.6016 1.3077, 0.6733 0.6016 1.3069, 0.6645 0.6016 1.3039, 0.6684 0.6016 1.3044, 0.6685 0.6016 1.3044, 0.6711 0.6016 1.3053, 0.661 0.6016 1.3043, 0.6609 0.6016 1.3044, 0.6583 0.6016 1.3053, 0.656 0.6016 1.3068, 0.6539 0.6016 1.3091, 0.6528 0.6016 1.3107, 0.6526 0.6016 1.3107, 0.6526 0.6016 1.3048, 0.646 0.6016 1.3048, 0.646 0.6016 1.3293, 0.6465 0.6016 1.3346, 0.6476 0.6016 1.3376, 0.649 0.6016 1.3397, 0.6507 0.6016 1.3414, 0.653 0.6016 1.3426, 0.6558 0.6016 1.3435, 0.668 0.6016 1.3204, 0.6672 0.6016 1.3211, 0.6656 0.6016 1.3218, 0.6616 0.6016 1.3227, 0.6698 0.6016 1.3156, 0.6697 0.6016 1.3166, 0.6694 0.6016 1.3182, 0.6688 0.6016 1.3194, 0.6679 0.6016 1.3111, 0.6684 0.6016 1.3117, 0.6692 0.6016 1.3128, 0.6696 0.6016 1.314, 0.6628 0.6016 1.3094, 0.665 0.6016 1.3096, 0.6665 0.6016 1.3102, 0.6555 0.6016 1.3125, 0.6563 0.6016 1.3117, 0.6582 0.6016 1.3104, 0.6603 0.6016 1.3097, 0.6526 0.6016 1.3203, 0.6526 0.6016 1.3198, 0.6531 0.6016 1.3169, 0.6541 0.6016 1.3145, 0.6526 0.6016 1.3239
            ]
        }
        coordIndex [
            0,1,2,-1,2,1,3,-1,4,0,5,-1,5,0,2,-1,6,4,7,-1,7,4,5,-1,8,6,9,-1,9,6,7,-1,10,8,11,-1,11,8,9,-1,12,10,13,-1,13,10,11,-1,14,12,15,-1,15,12,13,-1,16,14,17,-1,17,14,15,-1,18,16,19,-1,19,16,17,-1,20,18,21,-1,21,18,19,-1,22,20,23,-1,23,20,21,-1,1,22,3,-1,3,22,23,-1,22,1,0,-1,0,4,22,-1,22,4,6,-1,22,6,20,-1,16,18,14,-1,14,18,20,-1,14,20,12,-1,12,20,6,-1,12,6,10,-1,10,6,8,-1,24,25,26,-1,26,25,27,-1,28,29,30,-1,31,32,33,-1,33,32,34,-1,35,36,27,-1,27,36,37,-1,37,38,27,-1,27,38,39,-1,27,39,26,-1,26,39,40,-1,26,40,31,-1,31,40,41,-1,31,41,32,-1,30,35,28,-1,28,35,27,-1,28,27,42,-1,42,27,43,-1,42,43,44,-1,44,43,45,-1,44,45,46,-1,46,45,47,-1,46,47,48,-1,48,47,49,-1,48,49,50,-1,50,49,51,-1,50,51,52,-1,52,51,53,-1,52,53,54,-1,54,53,55,-1,54,55,56,-1,56,55,57,-1,56,57,58,-1,58,57,59,-1,58,59,60,-1,60,59,61,-1,62,63,64,-1,64,63,65,-1,64,65,66,-1,66,65,67,-1,66,67,68,-1,68,67,69,-1,68,69,70,-1,70,69,71,-1,70,71,72,-1,72,71,73,-1,72,73,34,-1,34,73,74,-1,34,74,33,-1,28,75,29,-1,29,75,76,-1,29,76,77,-1,77,76,78,-1,77,78,79,-1,79,78,80,-1,79,80,81,-1,81,80,82,-1,81,82,83,-1,83,82,84,-1,83,84,85,-1,85,84,86,-1,85,86,87,-1,87,86,88,-1,87,88,89,-1,89,88,90,-1,89,90,62,-1,62,90,91,-1,62,91,63,-1,55,92,93,-1,55,93,57,-1,57,93,94,-1,57,94,59,-1,59,94,95,-1,59,95,61,-1,60,61,96,-1,96,61,95,-1,60,96,97,-1,60,97,58,-1,58,97,98,-1,58,98,56,-1,56,98,99,-1,56,99,54,-1,54,99,100,-1,54,100,52,-1,52,100,101,-1,52,101,50,-1,50,101,102,-1,50,102,48,-1,48,102,103,-1,48,103,46,-1,46,103,104,-1,46,104,44,-1,44,104,105,-1,44,105,42,-1,42,105,106,-1,42,106,28,-1,75,28,107,-1,107,28,106,-1,75,107,108,-1,75,108,76,-1,76,108,109,-1,76,109,78,-1,78,109,110,-1,78,110,80,-1,80,110,111,-1,80,111,82,-1,82,111,112,-1,82,112,84,-1,84,112,113,-1,84,113,86,-1,86,113,114,-1,86,114,88,-1,88,114,115,-1,88,115,90,-1,90,115,116,-1,90,116,91,-1,91,116,117,-1,91,117,63,-1,118,69,119,-1,119,69,67,-1,119,67,120,-1,120,67,65,-1,120,65,121,-1,121,65,63,-1,121,63,117,-1,69,118,122,-1,69,122,71,-1,71,122,123,-1,71,123,73,-1,123,124,73,-1,73,124,125,-1,73,125,74,-1,74,125,126,-1,74,126,33,-1,33,126,127,-1,33,127,31,-1,26,31,128,-1,128,31,127,-1,24,26,129,-1,129,26,128,-1,25,24,130,-1,130,24,129,-1,27,25,131,-1,131,25,130,-1,27,131,132,-1,27,132,43,-1,43,132,133,-1,43,133,45,-1,45,133,134,-1,45,134,47,-1,47,134,135,-1,47,135,49,-1,49,135,136,-1,49,136,51,-1,51,136,137,-1,51,137,53,-1,53,137,92,-1,53,92,55,-1,77,138,139,-1,77,139,29,-1,29,139,140,-1,29,140,30,-1,30,140,141,-1,30,141,35,-1,85,142,143,-1,85,143,83,-1,83,143,144,-1,83,144,81,-1,81,144,145,-1,81,145,79,-1,79,145,138,-1,79,138,77,-1,64,146,147,-1,64,147,62,-1,62,147,148,-1,62,148,89,-1,89,148,149,-1,89,149,87,-1,87,149,142,-1,87,142,85,-1,70,150,151,-1,70,151,68,-1,68,151,152,-1,68,152,66,-1,66,152,146,-1,66,146,64,-1,41,153,154,-1,41,154,32,-1,32,154,155,-1,32,155,34,-1,34,155,156,-1,34,156,72,-1,72,156,150,-1,72,150,70,-1,37,157,158,-1,37,158,38,-1,38,158,159,-1,38,159,39,-1,39,159,160,-1,39,160,40,-1,40,160,153,-1,40,153,41,-1,37,36,157,-1,157,36,161,-1,36,35,161,-1,161,35,141,-1,
        ]
    }
}
Shape{
    appearance Appearance {
        material  Material 	{
            diffuseColor 1.0 0.9529411764705882 0.792156862745098
            specularColor 0.30196078431372547 0.28627450980392155 0.23921568627450981
            ambientIntensity 0.9487
            transparency 0.0
            shininess 0.5
        }
    }
    geometry IndexedFaceSet {
        ccw TRUE
        solid FALSE
        coord DEF co Coordinate {
            point [
                0.6526 0.6016 1.3198, 0.6526 0.6016 1.3203, 0.668 0.6016 1.3204, 0.6526 0.6016 1.3239, 0.6616 0.6016 1.3227, 0.6656 0.6016 1.3218, 0.6672 0.6016 1.3211, 0.6531 0.6016 1.3169, 0.6688 0.6016 1.3194, 0.6541 0.6016 1.3145, 0.6684 0.6016 1.3117, 0.6679 0.6016 1.3111, 0.6563 0.6016 1.3117, 0.6692 0.6016 1.3128, 0.6582 0.6016 1.3104, 0.6603 0.6016 1.3097, 0.6628 0.6016 1.3094, 0.6694 0.6016 1.3182, 0.6697 0.6016 1.3166, 0.6555 0.6016 1.3125, 0.6698 0.6016 1.3156, 0.6696 0.6016 1.314, 0.6665 0.6016 1.3102, 0.665 0.6016 1.3096
            ]
        }
        coordIndex [
            0,1,2,-1,1,3,4,-1,4,5,1,-1,1,5,6,-1,1,6,2,-1,0,2,7,-1,7,2,8,-1,7,8,9,-1,10,11,12,-1,10,12,13,-1,14,12,15,-1,15,12,16,-1,8,17,9,-1,9,17,18,-1,9,18,19,-1,19,18,20,-1,19,20,12,-1,12,20,21,-1,12,21,13,-1,11,22,12,-1,12,22,23,-1,12,23,16,-1,
        ]
    }
}
Shape{
    appearance Appearance {
        material  Material 	{
            diffuseColor 0.0 0.0 0.0
            specularColor 0.0 0.0 0.0
            ambientIntensity 0.0
            transparency 0.0
            shininess 0.5
        }
    }
    geometry IndexedFaceSet {
        ccw TRUE
        solid FALSE
        coord DEF co Coordinate {
            point [
                0.6369 0.6016 1.313, 0.6369 0.6055 1.313, 0.6345 0.6055 1.3115, 0.6259 0.6055 1.3094, 0.6259 0.6016 1.3094, 0.6303 0.6016 1.3099, 0.6303 0.6055 1.3099, 0.6338 0.6016 1.3113, 0.6345 0.6016 1.3115, 0.6369 0.6055 1.3061, 0.6369 0.6016 1.3061, 0.6338 0.6016 1.305, 0.6325 0.6055 1.3046, 0.6266 0.6016 1.3039, 0.6266 0.6055 1.3039, 0.6306 0.6016 1.3044, 0.6325 0.6016 1.3046, 0.6222 0.6016 1.3044, 0.6212 0.6055 1.3045, 0.6212 0.6016 1.3045, 0.6175 0.6016 1.3057, 0.6175 0.6055 1.3057, 0.6154 0.6016 1.3069, 0.6154 0.6055 1.3069, 0.6135 0.6016 1.3086, 0.6135 0.6055 1.3086, 0.6123 0.6016 1.3104, 0.6123 0.6055 1.3104, 0.6115 0.6016 1.3125, 0.6115 0.6055 1.3125, 0.6111 0.6016 1.3152, 0.6111 0.6055 1.3152, 0.6114 0.6016 1.3177, 0.6114 0.6055 1.3177, 0.6121 0.6016 1.3196, 0.6121 0.6055 1.3196, 0.6134 0.6016 1.3215, 0.6134 0.6055 1.3215, 0.615 0.6016 1.3229, 0.615 0.6055 1.3229, 0.6194 0.6016 1.3254, 0.6194 0.6055 1.3254, 0.622 0.6016 1.3264, 0.622 0.6055 1.3264, 0.6261 0.6016 1.3282, 0.6261 0.6055 1.3282, 0.6285 0.6016 1.3297, 0.6285 0.6055 1.3297, 0.6292 0.6016 1.3304, 0.6292 0.6055 1.3304, 0.6296 0.6016 1.3313, 0.6296 0.6055 1.3313, 0.6299 0.6016 1.3324, 0.6299 0.6055 1.3324, 0.63 0.6016 1.3332, 0.63 0.6055 1.3332, 0.6298 0.6016 1.3343, 0.6298 0.6055 1.3343, 0.6295 0.6016 1.3352, 0.6295 0.6055 1.3352, 0.6289 0.6016 1.3361, 0.6289 0.6055 1.3361, 0.6279 0.6016 1.337, 0.6279 0.6055 1.337, 0.6264 0.6016 1.3378, 0.6264 0.6055 1.3378, 0.6246 0.6016 1.3382, 0.6246 0.6055 1.3382, 0.6227 0.6016 1.3384, 0.6227 0.6055 1.3384, 0.6181 0.6016 1.3378, 0.6181 0.6055 1.3378, 0.6143 0.6016 1.3364, 0.6143 0.6055 1.3364, 0.613 0.6016 1.3356, 0.613 0.6055 1.3356, 0.613 0.6055 1.3421, 0.613 0.6016 1.3421, 0.6176 0.6016 1.3434, 0.6176 0.6055 1.3434, 0.622 0.6016 1.3438, 0.622 0.6055 1.3438, 0.627 0.6016 1.3433, 0.627 0.6055 1.3433, 0.6306 0.6016 1.3419, 0.6306 0.6055 1.3419, 0.6326 0.6016 1.3408, 0.6326 0.6055 1.3408, 0.6338 0.6016 1.3397, 0.6346 0.6055 1.339, 0.6346 0.6016 1.339, 0.6358 0.6016 1.3372, 0.6358 0.6055 1.3372, 0.6366 0.6016 1.335, 0.6366 0.6055 1.335, 0.6369 0.6016 1.3326, 0.6369 0.6055 1.3326, 0.6366 0.6016 1.33, 0.6366 0.6055 1.33, 0.6358 0.6016 1.328, 0.6358 0.6055 1.328, 0.635 0.6016 1.3266, 0.635 0.6055 1.3266, 0.6267 0.6016 1.3216, 0.6267 0.6055 1.3216, 0.6307 0.6055 1.3234, 0.6339 0.6016 1.3255, 0.6339 0.6055 1.3255, 0.6338 0.6016 1.3254, 0.6307 0.6016 1.3234, 0.6223 0.6016 1.3197, 0.6223 0.6055 1.3197, 0.6197 0.6016 1.3182, 0.6197 0.6055 1.3182, 0.6189 0.6016 1.3173, 0.6189 0.6055 1.3173, 0.6184 0.6016 1.3164, 0.6184 0.6055 1.3164, 0.6181 0.6016 1.3154, 0.6181 0.6055 1.3154, 0.618 0.6016 1.3145, 0.618 0.6055 1.3145, 0.6181 0.6016 1.3132, 0.6181 0.6055 1.3132, 0.6185 0.6016 1.3123, 0.6185 0.6055 1.3123, 0.6191 0.6016 1.3114, 0.6191 0.6055 1.3114, 0.6198 0.6016 1.3108, 0.6198 0.6055 1.3108, 0.6204 0.6016 1.3104, 0.6204 0.6055 1.3104, 0.6222 0.6016 1.3098, 0.6222 0.6055 1.3098, 0.6256 0.6016 1.3094, 0.6256 0.6055 1.3094, 0.578 0.6055 1.3429, 0.5711 0.6055 1.3429, 0.578 0.6016 1.3429, 0.5711 0.6016 1.3429, 0.5884 0.6055 1.3142, 0.5884 0.6016 1.3142, 0.5889 0.6016 1.3124, 0.5889 0.6055 1.3124, 0.5892 0.6016 1.3111, 0.5892 0.6055 1.3111, 0.5894 0.6055 1.3111, 0.5894 0.6016 1.3111, 0.5902 0.6055 1.3143, 0.5902 0.6016 1.3143, 0.6002 0.6055 1.3429, 0.597 0.6016 1.3336, 0.6002 0.6016 1.3429, 0.6077 0.6055 1.3429, 0.6077 0.6016 1.3429, 0.5927 0.6055 1.3049, 0.597 0.6016 1.3157, 0.5927 0.6016 1.3049, 0.5956 0.6016 1.298, 0.5956 0.6055 1.298, 0.5929 0.6016 1.3044, 0.597 0.6016 1.2956, 0.597 0.6016 1.2955, 0.5982 0.6055 1.2942, 0.597 0.6055 1.2956, 0.5982 0.6016 1.2942, 0.5994 0.6016 1.2933, 0.5994 0.6055 1.2933, 0.6009 0.6016 1.2928, 0.6009 0.6055 1.2928, 0.6025 0.6016 1.2926, 0.6025 0.6055 1.2926, 0.6049 0.6016 1.2929, 0.6049 0.6055 1.2929, 0.6063 0.6016 1.2933, 0.6063 0.6055 1.2933, 0.6063 0.6055 1.2874, 0.6063 0.6016 1.2874, 0.6035 0.6016 1.2869, 0.6035 0.6055 1.2869, 0.602 0.6016 1.2869, 0.602 0.6055 1.2869, 0.5993 0.6016 1.2872, 0.5993 0.6055 1.2872, 0.597 0.6016 1.288, 0.5966 0.6055 1.2882, 0.5966 0.6016 1.2882, 0.5943 0.6016 1.2898, 0.5943 0.6055 1.2898, 0.5938 0.6016 1.2902, 0.5938 0.6055 1.2902, 0.5914 0.6016 1.2932, 0.5914 0.6055 1.2932, 0.5884 0.6016 1.299, 0.5884 0.6055 1.299, 0.5863 0.6016 1.3044, 0.5352 0.6055 1.3109, 0.5352 0.6055 1.3048, 0.5352 0.6016 1.3109, 0.5352 0.6016 1.3048, 0.557 0.6055 1.3109, 0.547 0.6016 1.3109, 0.557 0.6016 1.3109, 0.557 0.6055 1.3289, 0.557 0.6016 1.3289, 0.5379 0.6055 1.3289, 0.547 0.6016 1.3289, 0.5379 0.6016 1.3289, 0.5379 0.6055 1.335, 0.5379 0.6016 1.335, 0.557 0.6016 1.335, 0.557 0.6055 1.335, 0.547 0.6016 1.335, 0.557 0.6055 1.352, 0.557 0.6016 1.352, 0.5364 0.6016 1.352, 0.5364 0.6055 1.352, 0.547 0.6016 1.352, 0.5364 0.6055 1.3582, 0.5364 0.6016 1.3582, 0.5639 0.6016 1.3582, 0.5639 0.6055 1.3582, 0.547 0.6016 1.3582, 0.5639 0.6055 1.3048, 0.5639 0.6016 1.3048, 0.547 0.6016 1.3048, 0.4919 0.6055 1.3198, 0.4946 0.6055 1.3165, 0.4897 0.6055 1.3123, 0.4952 0.6055 1.3158, 0.4953 0.6055 1.3083, 0.4987 0.6055 1.3135, 0.5014 0.6055 1.3059, 0.5031 0.6055 1.3118, 0.5104 0.6055 1.3048, 0.5104 0.6055 1.3109, 0.5251 0.6055 1.3048, 0.5182 0.6055 1.3109, 0.5251 0.6055 1.3582, 0.5182 0.6055 1.352, 0.5098 0.6055 1.3582, 0.5101 0.6055 1.352, 0.5017 0.6055 1.3573, 0.5031 0.6055 1.3512, 0.4953 0.6055 1.3549, 0.4985 0.6055 1.3495, 0.4897 0.6055 1.3511, 0.4947 0.6055 1.347, 0.4878 0.6055 1.3492, 0.4927 0.6055 1.345, 0.4845 0.6055 1.3446, 0.4908 0.6055 1.3419, 0.4825 0.6055 1.3395, 0.4894 0.6055 1.3377, 0.4816 0.6055 1.3322, 0.4889 0.6055 1.332, 0.4819 0.6055 1.3278, 0.489 0.6055 1.3287, 0.4834 0.6055 1.3217, 0.49 0.6055 1.3238, 0.4862 0.6055 1.3163, 0.5104 0.6016 1.3048, 0.5251 0.6016 1.3048, 0.5014 0.6016 1.3059, 0.4953 0.6016 1.3083, 0.4897 0.6016 1.3123, 0.4862 0.6016 1.3163, 0.4834 0.6016 1.3217, 0.4819 0.6016 1.3278, 0.4816 0.6016 1.3322, 0.4825 0.6016 1.3395, 0.4845 0.6016 1.3446, 0.4878 0.6016 1.3492, 0.4897 0.6016 1.3511, 0.4953 0.6016 1.3549, 0.5017 0.6016 1.3573, 0.5098 0.6016 1.3582, 0.5251 0.6016 1.3582, 0.5101 0.6016 1.352, 0.5182 0.6016 1.352, 0.5182 0.6016 1.3109, 0.5104 0.6016 1.3109, 0.4946 0.6016 1.3165, 0.4952 0.6016 1.3158, 0.4987 0.6016 1.3135, 0.5031 0.6016 1.3118, 0.4889 0.6016 1.332, 0.489 0.6016 1.3287, 0.49 0.6016 1.3238, 0.4919 0.6016 1.3198, 0.4947 0.6016 1.347, 0.4927 0.6016 1.345, 0.4908 0.6016 1.3419, 0.4894 0.6016 1.3377, 0.5031 0.6016 1.3512, 0.4985 0.6016 1.3495
            ]
        }
        coordIndex [
            0,1,2,-1,3,4,5,-1,3,5,6,-1,6,5,7,-1,6,7,2,-1,2,7,8,-1,2,8,0,-1,9,1,10,-1,10,1,0,-1,10,11,9,-1,9,11,12,-1,13,14,15,-1,15,14,12,-1,15,12,16,-1,16,12,11,-1,13,17,14,-1,14,17,18,-1,17,19,18,-1,18,19,20,-1,18,20,21,-1,21,20,22,-1,21,22,23,-1,23,22,24,-1,23,24,25,-1,25,24,26,-1,25,26,27,-1,27,26,28,-1,27,28,29,-1,29,28,30,-1,29,30,31,-1,31,30,32,-1,31,32,33,-1,33,32,34,-1,33,34,35,-1,35,34,36,-1,35,36,37,-1,37,36,38,-1,37,38,39,-1,39,38,40,-1,39,40,41,-1,41,40,42,-1,41,42,43,-1,43,42,44,-1,43,44,45,-1,45,44,46,-1,45,46,47,-1,47,46,48,-1,47,48,49,-1,49,48,50,-1,49,50,51,-1,51,50,52,-1,51,52,53,-1,53,52,54,-1,53,54,55,-1,55,54,56,-1,55,56,57,-1,57,56,58,-1,57,58,59,-1,59,58,60,-1,59,60,61,-1,61,60,62,-1,61,62,63,-1,63,62,64,-1,63,64,65,-1,65,64,66,-1,65,66,67,-1,67,66,68,-1,67,68,69,-1,69,68,70,-1,69,70,71,-1,71,70,72,-1,71,72,73,-1,73,72,74,-1,73,74,75,-1,76,75,77,-1,77,75,74,-1,76,77,78,-1,76,78,79,-1,79,78,80,-1,79,80,81,-1,81,80,82,-1,81,82,83,-1,83,82,84,-1,83,84,85,-1,85,84,86,-1,85,86,87,-1,86,88,87,-1,87,88,89,-1,88,90,89,-1,89,90,91,-1,89,91,92,-1,92,91,93,-1,92,93,94,-1,94,93,95,-1,94,95,96,-1,96,95,97,-1,96,97,98,-1,98,97,99,-1,98,99,100,-1,100,99,101,-1,100,101,102,-1,103,104,105,-1,102,101,106,-1,102,106,107,-1,107,106,108,-1,107,108,105,-1,105,108,109,-1,105,109,103,-1,104,103,110,-1,104,110,111,-1,111,110,112,-1,111,112,113,-1,113,112,114,-1,113,114,115,-1,115,114,116,-1,115,116,117,-1,117,116,118,-1,117,118,119,-1,119,118,120,-1,119,120,121,-1,121,120,122,-1,121,122,123,-1,123,122,124,-1,123,124,125,-1,125,124,126,-1,125,126,127,-1,127,126,128,-1,127,128,129,-1,129,128,130,-1,129,130,131,-1,131,130,132,-1,131,132,133,-1,133,132,134,-1,133,134,135,-1,135,134,4,-1,135,4,3,-1,61,63,85,-1,85,63,83,-1,111,43,104,-1,104,43,45,-1,21,23,127,-1,127,23,25,-1,127,25,125,-1,125,25,27,-1,125,27,123,-1,123,27,29,-1,123,29,121,-1,121,29,31,-1,121,31,119,-1,119,31,33,-1,119,33,117,-1,117,33,35,-1,117,35,115,-1,115,35,37,-1,115,37,113,-1,113,37,39,-1,113,39,111,-1,111,39,41,-1,111,41,43,-1,14,3,12,-1,12,3,6,-1,12,6,9,-1,9,6,2,-1,9,2,1,-1,63,65,83,-1,83,65,67,-1,83,67,81,-1,81,67,69,-1,81,69,79,-1,79,69,71,-1,79,71,76,-1,76,71,73,-1,76,73,75,-1,127,129,21,-1,21,129,131,-1,21,131,18,-1,18,131,133,-1,18,133,14,-1,14,133,135,-1,14,135,3,-1,85,87,61,-1,61,87,89,-1,61,89,59,-1,59,89,92,-1,59,92,57,-1,57,92,94,-1,57,94,55,-1,55,94,96,-1,55,96,53,-1,53,96,98,-1,53,98,51,-1,51,98,100,-1,51,100,49,-1,49,100,102,-1,49,102,47,-1,47,102,107,-1,47,107,45,-1,45,107,105,-1,45,105,104,-1,136,137,138,-1,138,137,139,-1,140,136,141,-1,141,136,138,-1,140,141,142,-1,140,142,143,-1,143,142,144,-1,143,144,145,-1,146,145,147,-1,147,145,144,-1,148,146,149,-1,149,146,147,-1,148,149,150,-1,150,149,151,-1,150,151,152,-1,153,150,154,-1,154,150,152,-1,153,154,155,-1,155,154,156,-1,155,156,157,-1,158,159,160,-1,160,159,155,-1,160,155,157,-1,159,158,161,-1,162,163,161,-1,161,163,164,-1,161,164,159,-1,162,165,163,-1,163,165,166,-1,163,166,167,-1,167,166,168,-1,167,168,169,-1,169,168,170,-1,169,170,171,-1,171,170,172,-1,171,172,173,-1,173,172,174,-1,173,174,175,-1,176,175,177,-1,177,175,174,-1,176,177,178,-1,176,178,179,-1,179,178,180,-1,179,180,181,-1,181,180,182,-1,181,182,183,-1,183,182,184,-1,183,184,185,-1,184,186,185,-1,185,186,187,-1,185,187,188,-1,188,187,189,-1,188,189,190,-1,190,189,191,-1,190,191,192,-1,192,191,193,-1,192,193,194,-1,139,137,195,-1,195,137,194,-1,195,194,193,-1,143,145,194,-1,137,136,194,-1,194,136,140,-1,194,140,143,-1,150,153,148,-1,148,153,155,-1,148,155,146,-1,175,176,173,-1,173,176,179,-1,173,179,171,-1,171,179,181,-1,171,181,169,-1,169,181,183,-1,169,183,167,-1,167,183,185,-1,167,185,163,-1,192,164,190,-1,190,164,163,-1,190,163,188,-1,188,163,185,-1,145,146,194,-1,194,146,155,-1,194,155,192,-1,192,155,159,-1,192,159,164,-1,196,197,198,-1,198,197,199,-1,196,198,200,-1,200,198,201,-1,200,201,202,-1,203,200,204,-1,204,200,202,-1,203,204,205,-1,205,204,206,-1,205,206,207,-1,208,205,209,-1,209,205,207,-1,210,211,212,-1,212,211,208,-1,212,208,209,-1,213,211,214,-1,214,211,210,-1,215,216,217,-1,217,216,213,-1,217,213,214,-1,218,216,219,-1,219,216,215,-1,220,221,222,-1,222,221,218,-1,222,218,219,-1,223,221,224,-1,224,221,220,-1,223,224,197,-1,197,224,225,-1,197,225,199,-1,223,197,196,-1,196,200,223,-1,223,200,203,-1,223,203,221,-1,216,218,213,-1,213,218,221,-1,213,221,211,-1,211,221,203,-1,211,203,208,-1,208,203,205,-1,226,227,228,-1,228,227,229,-1,228,229,230,-1,230,229,231,-1,230,231,232,-1,232,231,233,-1,232,233,234,-1,234,233,235,-1,234,235,236,-1,236,235,237,-1,236,237,238,-1,238,237,239,-1,238,239,240,-1,240,239,241,-1,240,241,242,-1,242,241,243,-1,242,243,244,-1,244,243,245,-1,244,245,246,-1,246,245,247,-1,246,247,248,-1,248,247,249,-1,248,249,250,-1,250,249,251,-1,250,251,252,-1,252,251,253,-1,252,253,254,-1,254,253,255,-1,254,255,256,-1,256,255,257,-1,256,257,258,-1,258,257,259,-1,258,259,260,-1,260,259,226,-1,260,226,228,-1,234,236,261,-1,261,236,262,-1,234,261,263,-1,234,263,232,-1,232,263,264,-1,232,264,230,-1,230,264,265,-1,230,265,228,-1,228,265,266,-1,228,266,260,-1,260,266,267,-1,260,267,258,-1,258,267,268,-1,258,268,256,-1,256,268,269,-1,256,269,254,-1,254,269,270,-1,254,270,252,-1,252,270,271,-1,252,271,250,-1,250,271,272,-1,250,272,248,-1,248,272,273,-1,248,273,246,-1,246,273,274,-1,246,274,244,-1,244,274,275,-1,244,275,242,-1,242,275,276,-1,242,276,240,-1,238,240,277,-1,277,240,276,-1,236,238,262,-1,262,238,277,-1,241,239,278,-1,278,239,279,-1,239,237,279,-1,279,237,280,-1,237,235,280,-1,280,235,281,-1,227,282,283,-1,227,283,229,-1,229,283,284,-1,229,284,231,-1,231,284,285,-1,231,285,233,-1,233,285,281,-1,233,281,235,-1,255,286,287,-1,255,287,257,-1,257,287,288,-1,257,288,259,-1,259,288,289,-1,259,289,226,-1,226,289,282,-1,226,282,227,-1,247,290,291,-1,247,291,249,-1,249,291,292,-1,249,292,251,-1,251,292,293,-1,251,293,253,-1,253,293,286,-1,253,286,255,-1,241,278,294,-1,241,294,243,-1,243,294,295,-1,243,295,245,-1,245,295,290,-1,245,290,247,-1,
        ]
    }
}
Shape{
    appearance Appearance {
        material  Material 	{
            diffuseColor 1.0 0.9529411764705882 0.792156862745098
            specularColor 0.30196078431372547 0.28627450980392155 0.23921568627450981
            ambientIntensity 0.9487
            transparency 0.0
            shininess 0.5
        }
    }
    geometry IndexedFaceSet {
        ccw TRUE
        solid FALSE
        coord DEF co Coordinate {
            point [
                0.5182 0.6016 1.352, 0.5182 0.6016 1.3109, 0.5101 0.6016 1.352, 0.5104 0.6016 1.3109, 0.5031 0.6016 1.3118, 0.4987 0.6016 1.3135, 0.4952 0.6016 1.3158, 0.4889 0.6016 1.332, 0.4947 0.6016 1.347, 0.4985 0.6016 1.3495, 0.4946 0.6016 1.3165, 0.4919 0.6016 1.3198, 0.49 0.6016 1.3238, 0.4927 0.6016 1.345, 0.4894 0.6016 1.3377, 0.4908 0.6016 1.3419, 0.489 0.6016 1.3287, 0.5031 0.6016 1.3512
            ]
        }
        coordIndex [
            0,1,2,-1,2,1,3,-1,3,4,2,-1,2,4,5,-1,2,5,6,-1,7,8,9,-1,6,10,2,-1,2,10,11,-1,2,11,12,-1,8,7,13,-1,13,7,14,-1,13,14,15,-1,12,16,2,-1,2,16,7,-1,2,7,17,-1,17,7,9,-1,
        ]
    }
}
Shape{
    appearance Appearance {
        material  Material 	{
            diffuseColor 0.0 0.0 0.0
            specularColor 0.0 0.0 0.0
            ambientIntensity 0.0
            transparency 0.0
            shininess 0.5
        }
    }
    geometry IndexedFaceSet {
        ccw TRUE
        solid FALSE
        coord DEF co Coordinate {
            point [
                0.4637 0.6055 1.3254, 0.4557 0.6055 1.3476, 0.4583 0.6055 1.3582, 0.4787 0.6055 1.3048, 0.471 0.6055 1.3048, 0.4659 0.6055 1.3194, 0.4553 0.6055 1.3492, 0.4549 0.6055 1.3514, 0.451 0.6055 1.3582, 0.4547 0.6055 1.3514, 0.4543 0.6055 1.3491, 0.4539 0.6055 1.3476, 0.4458 0.6055 1.3254, 0.4306 0.6055 1.3048, 0.4382 0.6055 1.3048, 0.4437 0.6055 1.3194, 0.451 0.6016 1.3582, 0.4306 0.6016 1.3048, 0.4583 0.6016 1.3582, 0.4787 0.6016 1.3048, 0.471 0.6016 1.3048, 0.4659 0.6016 1.3194, 0.4437 0.6016 1.3194, 0.4382 0.6016 1.3048, 0.4637 0.6016 1.3254, 0.4458 0.6016 1.3254, 0.4539 0.6016 1.3476, 0.4547 0.6016 1.3514, 0.4543 0.6016 1.3491, 0.4549 0.6016 1.3514, 0.4557 0.6016 1.3476, 0.4553 0.6016 1.3492
            ]
        }
        coordIndex [
            0,1,2,-1,3,4,5,-1,1,6,2,-1,2,6,7,-1,2,7,8,-1,8,7,9,-1,8,9,10,-1,10,11,8,-1,8,11,12,-1,8,12,13,-1,14,13,15,-1,15,13,12,-1,15,12,5,-1,5,12,0,-1,5,0,3,-1,3,0,2,-1,8,13,16,-1,16,13,17,-1,2,8,18,-1,18,8,16,-1,3,2,19,-1,19,2,18,-1,4,3,20,-1,20,3,19,-1,5,4,21,-1,21,4,20,-1,15,5,22,-1,22,5,21,-1,14,15,23,-1,23,15,22,-1,13,14,17,-1,17,14,23,-1,0,12,24,-1,24,12,25,-1,12,11,25,-1,25,11,26,-1,9,27,28,-1,9,28,10,-1,10,28,26,-1,10,26,11,-1,9,7,27,-1,27,7,29,-1,1,30,31,-1,1,31,6,-1,6,31,29,-1,6,29,7,-1,1,0,30,-1,30,0,24,-1,
        ]
    }
}
Shape{
    appearance Appearance {
        material  Material 	{
            diffuseColor 1.0 0.9529411764705882 0.792156862745098
            specularColor 0.30196078431372547 0.28627450980392155 0.23921568627450981
            ambientIntensity 0.9487
            transparency 0.0
            shininess 0.5
        }
    }
    geometry IndexedFaceSet {
        ccw TRUE
        solid FALSE
        coord DEF co Coordinate {
            point [
                0.4547 0.6016 1.3514, 0.4549 0.6016 1.3514, 0.4543 0.6016 1.3491, 0.4553 0.6016 1.3492, 0.4539 0.6016 1.3476, 0.4557 0.6016 1.3476, 0.4458 0.6016 1.3254, 0.4637 0.6016 1.3254
            ]
        }
        coordIndex [
            0,1,2,-1,2,1,3,-1,2,3,4,-1,4,3,5,-1,4,5,6,-1,6,5,7,-1,
        ]
    }
}
Shape{
    appearance Appearance {
        material  Material 	{
            diffuseColor 0.0 0.0 0.0
            specularColor 0.0 0.0 0.0
            ambientIntensity 0.0
            transparency 0.0
            shininess 0.5
        }
    }
    geometry IndexedFaceSet {
        ccw TRUE
        solid FALSE
        coord DEF co Coordinate {
            point [
                0.9474 0.6055 1.2972, 0.9418 0.6055 1.2903, 0.9509 0.6055 1.3308, 0.8241 0.6055 1.3494, 0.8359 0.6055 1.3695, 0.8867 0.6055 1.343, 0.9124 0.6055 1.3316, 0.9089 0.6055 1.3303, 0.9575 0.6055 1.3967, 0.949 0.6055 1.4012, 0.951 0.6055 1.4246, 0.9273 0.6055 1.4257, 0.9156 0.6055 1.398, 0.9098 0.6055 1.41, 0.9591 0.6055 1.3359, 0.956 0.6055 1.3068, 0.9512 0.6055 1.3054, 0.9361 0.6055 1.4264, 0.9058 0.6055 1.3283, 0.9034 0.6055 1.3256, 0.8772 0.6055 1.3213, 0.9193 0.6055 1.3315, 0.9243 0.6055 1.3547, 0.9226 0.6055 1.3302, 0.9326 0.6055 1.3515, 0.9256 0.6055 1.3281, 0.9404 0.6055 1.3461, 0.9271 0.6055 1.3265, 0.9467 0.6055 1.339, 0.929 0.6055 1.3233, 0.9301 0.6055 1.3198, 0.9303 0.6055 1.3161, 0.9014 0.6055 1.3533, 0.9106 0.6055 1.3556, 0.9152 0.6055 1.3559, 0.8116 0.6055 1.387, 0.8085 0.6055 1.387, 0.793 0.6055 1.4075, 0.8013 0.6055 1.3861, 0.7911 0.6055 1.4069, 0.7947 0.6055 1.3835, 0.7798 0.6055 1.4012, 0.7695 0.6055 1.3925, 0.9196 0.6055 1.4348, 0.9013 0.6055 1.4202, 0.9106 0.6055 1.4424, 0.8911 0.6055 1.4276, 0.901 0.6055 1.4483, 0.9397 0.6055 1.4035, 0.9357 0.6055 1.4037, 0.9317 0.6055 1.4262, 0.9268 0.6055 1.4026, 0.9182 0.6055 1.3994, 0.9017 0.6055 1.3224, 0.9009 0.6055 1.3189, 0.8772 0.6055 1.3175, 0.9009 0.6055 1.3154, 0.8774 0.6055 1.3135, 0.7695 0.6055 1.3217, 0.7871 0.6055 1.3368, 0.7798 0.6055 1.313, 0.7927 0.6055 1.3322, 0.7914 0.6055 1.3073, 0.7994 0.6055 1.3291, 0.804 0.6055 1.3046, 0.8063 0.6055 1.3278, 0.8264 0.6055 1.3046, 0.8233 0.6055 1.3278, 0.8285 0.6055 1.305, 0.9156 0.6055 1.3319, 0.8934 0.6055 1.349, 0.7888 0.6055 1.3794, 0.7845 0.6055 1.3746, 0.7618 0.6055 1.3817, 0.7809 0.6055 1.368, 0.7572 0.6055 1.3702, 0.7791 0.6055 1.3607, 0.7554 0.6055 1.3578, 0.7789 0.6055 1.3574, 0.7572 0.6055 1.3442, 0.7799 0.6055 1.35, 0.7619 0.6055 1.3322, 0.7825 0.6055 1.3432, 0.7867 0.6055 1.3373, 0.8135 0.6055 1.4375, 0.8283 0.6055 1.42, 0.8009 0.6055 1.4228, 0.8198 0.6055 1.4098, 0.8139 0.6055 1.3976, 0.9725 0.6055 1.3749, 0.9974 0.6055 1.3686, 0.9736 0.6055 1.3657, 0.9976 0.6055 1.365, 0.9732 0.6055 1.3599, 0.9957 0.6055 1.3501, 0.9705 0.6055 1.3506, 0.9903 0.6055 1.336, 0.9659 0.6055 1.3429, 0.9816 0.6055 1.3236, 0.9698 0.6055 1.3135, 0.9296 0.6055 1.3125, 0.9281 0.6055 1.3093, 0.8835 0.6055 1.455, 0.8787 0.6055 1.4326, 0.8651 0.6055 1.4572, 0.8647 0.6055 1.4344, 0.8484 0.6055 1.4553, 0.8518 0.6055 1.4328, 0.8295 0.6055 1.4484, 0.8399 0.6055 1.4283, 0.8293 0.6055 1.4209, 0.9651 0.6055 1.4191, 0.9772 0.6055 1.4107, 0.964 0.6055 1.3909, 0.9797 0.6055 1.4082, 0.9693 0.6055 1.3834, 0.9888 0.6055 1.3965, 0.9949 0.6055 1.3829, 0.8797 0.6055 1.3042, 0.9018 0.6055 1.3118, 0.8842 0.6055 1.2957, 0.9035 0.6055 1.3085, 0.89 0.6055 1.2892, 0.9056 0.6055 1.3062, 0.8975 0.6055 1.284, 0.9085 0.6055 1.3041, 0.906 0.6055 1.2807, 0.9118 0.6055 1.3028, 0.9152 0.6055 1.2796, 0.9156 0.6055 1.3023, 0.9166 0.6055 1.2796, 0.9162 0.6055 1.3024, 0.9256 0.6055 1.281, 0.9196 0.6055 1.3029, 0.9344 0.6055 1.2847, 0.9231 0.6055 1.3044, 0.926 0.6055 1.3066, 0.8253 0.6055 1.3281, 0.8344 0.6055 1.3086, 0.8335 0.6055 1.3077, 0.8241 0.6055 1.3279, 0.831 0.6055 1.306, 0.8374 0.6055 1.3164, 0.837 0.6055 1.3136, 0.836 0.6055 1.311, 0.8286 0.6055 1.3278, 0.8312 0.6055 1.3267, 0.8373 0.6055 1.3179, 0.8335 0.6055 1.3251, 0.8351 0.6055 1.3234, 0.8365 0.6055 1.3208, 0.8256 0.6055 1.3282, 0.767 0.6016 1.389, 0.7618 0.6016 1.3817, 0.7584 0.6016 1.3734, 0.7572 0.6016 1.3702, 0.7554 0.6016 1.3578, 0.7695 0.6016 1.3925, 0.7798 0.6016 1.4012, 0.7911 0.6016 1.4069, 0.793 0.6016 1.4075, 0.8009 0.6016 1.4228, 0.8135 0.6016 1.4375, 0.8221 0.6016 1.4433, 0.8295 0.6016 1.4484, 0.8484 0.6016 1.4553, 0.8651 0.6016 1.4572, 0.9106 0.6016 1.4424, 0.9091 0.6016 1.4433, 0.901 0.6016 1.4483, 0.8835 0.6016 1.455, 0.9196 0.6016 1.4348, 0.9273 0.6016 1.4257, 0.9317 0.6016 1.4262, 0.9361 0.6016 1.4264, 0.951 0.6016 1.4246, 0.9651 0.6016 1.4191, 0.9772 0.6016 1.4107, 0.9797 0.6016 1.4082, 0.9888 0.6016 1.3965, 0.9922 0.6016 1.389, 0.9949 0.6016 1.3829, 0.9966 0.6016 1.3734, 0.9974 0.6016 1.3686, 0.9976 0.6016 1.365, 0.9957 0.6016 1.3501, 0.9903 0.6016 1.336, 0.9816 0.6016 1.3236, 0.9698 0.6016 1.3135, 0.956 0.6016 1.3068, 0.9512 0.6016 1.3054, 0.9508 0.6016 1.3044, 0.9474 0.6016 1.2972, 0.9418 0.6016 1.2903, 0.9344 0.6016 1.2847, 0.9309 0.6016 1.2832, 0.9256 0.6016 1.281, 0.9166 0.6016 1.2796, 0.9152 0.6016 1.2796, 0.8772 0.6016 1.3175, 0.906 0.6016 1.2807, 0.8995 0.6016 1.2832, 0.8975 0.6016 1.284, 0.89 0.6016 1.2892, 0.8842 0.6016 1.2957, 0.8797 0.6016 1.3042, 0.8796 0.6016 1.3044, 0.8774 0.6016 1.3135, 0.8772 0.6016 1.3213, 0.8241 0.6016 1.3494, 0.8359 0.6016 1.3695, 0.8867 0.6016 1.343, 0.8934 0.6016 1.349, 0.9014 0.6016 1.3533, 0.9106 0.6016 1.3556, 0.9152 0.6016 1.3559, 0.9243 0.6016 1.3547, 0.9326 0.6016 1.3515, 0.9404 0.6016 1.3461, 0.9467 0.6016 1.339, 0.9509 0.6016 1.3308, 0.9591 0.6016 1.3359, 0.9659 0.6016 1.3429, 0.9705 0.6016 1.3506, 0.9732 0.6016 1.3599, 0.9736 0.6016 1.3657, 0.9727 0.6016 1.3734, 0.9725 0.6016 1.3749, 0.9693 0.6016 1.3834, 0.9653 0.6016 1.389, 0.964 0.6016 1.3909, 0.9575 0.6016 1.3967, 0.949 0.6016 1.4012, 0.9397 0.6016 1.4035, 0.9357 0.6016 1.4037, 0.9268 0.6016 1.4026, 0.9182 0.6016 1.3994, 0.9156 0.6016 1.398, 0.9098 0.6016 1.41, 0.9013 0.6016 1.4202, 0.8911 0.6016 1.4276, 0.8787 0.6016 1.4326, 0.8647 0.6016 1.4344, 0.8116 0.6016 1.387, 0.812 0.6016 1.389, 0.8139 0.6016 1.3976, 0.8198 0.6016 1.4098, 0.8283 0.6016 1.42, 0.8293 0.6016 1.4209, 0.8399 0.6016 1.4283, 0.8518 0.6016 1.4328, 0.8085 0.6016 1.387, 0.8013 0.6016 1.3861, 0.7947 0.6016 1.3835, 0.7888 0.6016 1.3794, 0.7845 0.6016 1.3746, 0.7838 0.6016 1.3734, 0.7809 0.6016 1.368, 0.7791 0.6016 1.3607, 0.7789 0.6016 1.3574, 0.7799 0.6016 1.35, 0.7825 0.6016 1.3432, 0.7867 0.6016 1.3373, 0.7871 0.6016 1.3368, 0.7927 0.6016 1.3322, 0.7994 0.6016 1.3291, 0.8063 0.6016 1.3278, 0.8233 0.6016 1.3278, 0.8241 0.6016 1.3279, 0.8253 0.6016 1.3281, 0.8256 0.6016 1.3282, 0.8286 0.6016 1.3278, 0.8312 0.6016 1.3267, 0.8335 0.6016 1.3251, 0.8351 0.6016 1.3234, 0.8365 0.6016 1.3208, 0.8373 0.6016 1.3179, 0.8374 0.6016 1.3164, 0.837 0.6016 1.3136, 0.836 0.6016 1.311, 0.8344 0.6016 1.3086, 0.8335 0.6016 1.3077, 0.831 0.6016 1.306, 0.8285 0.6016 1.305, 0.8264 0.6016 1.3046, 0.804 0.6016 1.3046, 0.7914 0.6016 1.3073, 0.7798 0.6016 1.313, 0.7695 0.6016 1.3217, 0.7619 0.6016 1.3322, 0.7572 0.6016 1.3442, 0.9156 0.6016 1.3319, 0.9124 0.6016 1.3316, 0.9089 0.6016 1.3303, 0.9058 0.6016 1.3283, 0.9034 0.6016 1.3256, 0.9017 0.6016 1.3224, 0.9009 0.6016 1.3189, 0.9009 0.6016 1.3154, 0.9018 0.6016 1.3118, 0.9035 0.6016 1.3085, 0.9056 0.6016 1.3062, 0.9085 0.6016 1.3041, 0.9118 0.6016 1.3028, 0.9156 0.6016 1.3023, 0.9162 0.6016 1.3024, 0.9196 0.6016 1.3029, 0.9231 0.6016 1.3044, 0.926 0.6016 1.3066, 0.9281 0.6016 1.3093, 0.9296 0.6016 1.3125, 0.9303 0.6016 1.3161, 0.9301 0.6016 1.3198, 0.929 0.6016 1.3233, 0.9271 0.6016 1.3265, 0.9256 0.6016 1.3281, 0.9226 0.6016 1.3302, 0.9193 0.6016 1.3315
            ]
        }
        coordIndex [
            0,1,2,-1,3,4,5,-1,6,7,3,-1,8,9,10,-1,11,12,13,-1,14,15,2,-1,2,15,16,-1,2,16,0,-1,10,9,17,-1,7,18,3,-1,3,18,19,-1,3,19,20,-1,21,22,23,-1,23,22,24,-1,23,24,25,-1,25,24,26,-1,25,26,27,-1,27,26,28,-1,27,28,29,-1,29,28,2,-1,29,2,30,-1,30,2,31,-1,32,33,21,-1,21,33,34,-1,21,34,22,-1,35,36,37,-1,37,36,38,-1,37,38,39,-1,39,38,40,-1,39,40,41,-1,41,40,42,-1,11,13,43,-1,43,13,44,-1,43,44,45,-1,45,44,46,-1,45,46,47,-1,9,48,17,-1,17,48,49,-1,17,49,50,-1,50,49,51,-1,50,51,11,-1,11,51,52,-1,11,52,12,-1,19,53,20,-1,20,53,54,-1,20,54,55,-1,55,54,56,-1,55,56,57,-1,58,59,60,-1,60,59,61,-1,60,61,62,-1,62,61,63,-1,62,63,64,-1,64,63,65,-1,64,65,66,-1,66,65,67,-1,66,67,68,-1,6,3,69,-1,69,3,5,-1,69,5,21,-1,21,5,70,-1,21,70,32,-1,40,71,42,-1,42,71,72,-1,42,72,73,-1,73,72,74,-1,73,74,75,-1,75,74,76,-1,75,76,77,-1,77,76,78,-1,77,78,79,-1,79,78,80,-1,79,80,81,-1,81,80,82,-1,81,82,58,-1,58,82,83,-1,58,83,59,-1,84,85,86,-1,86,85,87,-1,86,87,37,-1,37,87,88,-1,37,88,35,-1,89,90,91,-1,91,90,92,-1,91,92,93,-1,93,92,94,-1,93,94,95,-1,95,94,96,-1,95,96,97,-1,97,96,98,-1,97,98,14,-1,14,98,99,-1,14,99,15,-1,31,2,100,-1,100,2,1,-1,100,1,101,-1,47,46,102,-1,102,46,103,-1,102,103,104,-1,104,103,105,-1,104,105,106,-1,106,105,107,-1,106,107,108,-1,108,107,109,-1,108,109,84,-1,84,109,110,-1,84,110,85,-1,10,111,8,-1,8,111,112,-1,8,112,113,-1,113,112,114,-1,113,114,115,-1,115,114,116,-1,115,116,89,-1,89,116,117,-1,89,117,90,-1,57,56,118,-1,118,56,119,-1,118,119,120,-1,120,119,121,-1,120,121,122,-1,122,121,123,-1,122,123,124,-1,124,123,125,-1,124,125,126,-1,126,125,127,-1,126,127,128,-1,128,127,129,-1,128,129,130,-1,130,129,131,-1,130,131,132,-1,132,131,133,-1,132,133,134,-1,134,133,135,-1,134,135,1,-1,1,135,136,-1,1,136,101,-1,137,138,139,-1,67,140,68,-1,68,140,137,-1,68,137,141,-1,141,137,139,-1,142,143,137,-1,137,143,144,-1,137,144,138,-1,145,146,147,-1,146,148,147,-1,147,148,149,-1,147,149,150,-1,142,137,147,-1,147,137,151,-1,147,151,145,-1,152,42,153,-1,153,42,73,-1,153,73,154,-1,154,73,75,-1,154,75,155,-1,155,75,77,-1,155,77,156,-1,152,157,42,-1,42,157,158,-1,42,158,41,-1,41,158,159,-1,41,159,39,-1,39,159,160,-1,39,160,37,-1,37,160,161,-1,37,161,86,-1,86,161,162,-1,86,162,84,-1,84,162,108,-1,108,162,163,-1,163,164,108,-1,108,164,165,-1,108,165,106,-1,106,165,166,-1,106,166,104,-1,167,45,168,-1,168,45,47,-1,168,47,169,-1,169,47,102,-1,169,102,170,-1,170,102,104,-1,170,104,166,-1,45,167,171,-1,45,171,43,-1,43,171,172,-1,43,172,11,-1,11,172,173,-1,11,173,50,-1,50,173,174,-1,50,174,17,-1,17,174,175,-1,17,175,10,-1,10,175,176,-1,10,176,111,-1,111,176,177,-1,111,177,112,-1,112,177,178,-1,112,178,114,-1,117,116,179,-1,179,116,114,-1,179,114,178,-1,179,180,117,-1,117,180,181,-1,117,181,90,-1,90,181,182,-1,182,183,90,-1,90,183,184,-1,90,184,92,-1,92,184,185,-1,92,185,94,-1,94,185,186,-1,94,186,96,-1,96,186,187,-1,96,187,98,-1,98,187,188,-1,98,188,99,-1,99,188,189,-1,99,189,15,-1,15,189,190,-1,15,190,16,-1,16,190,191,-1,16,191,0,-1,191,192,0,-1,0,192,193,-1,0,193,1,-1,1,193,194,-1,1,194,134,-1,134,194,195,-1,134,195,132,-1,195,196,132,-1,132,196,197,-1,132,197,130,-1,130,197,198,-1,130,198,128,-1,199,55,57,-1,128,198,200,-1,128,200,126,-1,126,200,201,-1,126,201,124,-1,201,202,124,-1,124,202,203,-1,124,203,122,-1,122,203,204,-1,122,204,120,-1,120,204,205,-1,120,205,118,-1,118,205,206,-1,118,206,57,-1,57,206,207,-1,57,207,199,-1,20,55,208,-1,208,55,199,-1,3,20,209,-1,209,20,208,-1,4,3,210,-1,210,3,209,-1,5,4,211,-1,211,4,210,-1,5,211,212,-1,5,212,70,-1,70,212,213,-1,70,213,32,-1,32,213,214,-1,32,214,33,-1,33,214,215,-1,33,215,34,-1,34,215,216,-1,34,216,22,-1,22,216,217,-1,22,217,24,-1,24,217,218,-1,24,218,26,-1,26,218,219,-1,26,219,28,-1,28,219,220,-1,28,220,2,-1,2,220,221,-1,2,221,14,-1,14,221,222,-1,14,222,97,-1,97,222,223,-1,97,223,95,-1,95,223,224,-1,95,224,93,-1,93,224,225,-1,93,225,91,-1,91,225,226,-1,91,226,89,-1,89,226,227,-1,89,227,228,-1,229,113,228,-1,228,113,115,-1,228,115,89,-1,229,230,113,-1,113,230,231,-1,113,231,8,-1,8,231,232,-1,8,232,9,-1,9,232,233,-1,9,233,48,-1,48,233,234,-1,48,234,49,-1,49,234,235,-1,49,235,51,-1,51,235,236,-1,51,236,52,-1,52,236,237,-1,52,237,12,-1,12,237,238,-1,12,238,13,-1,13,238,239,-1,13,239,44,-1,44,239,240,-1,44,240,46,-1,46,240,241,-1,46,241,103,-1,103,241,242,-1,103,242,105,-1,243,35,244,-1,244,35,88,-1,244,88,245,-1,245,88,87,-1,245,87,246,-1,246,87,85,-1,246,85,247,-1,247,85,110,-1,247,110,248,-1,248,110,109,-1,248,109,249,-1,249,109,107,-1,249,107,250,-1,250,107,105,-1,250,105,242,-1,36,35,251,-1,251,35,243,-1,36,251,252,-1,36,252,38,-1,38,252,253,-1,38,253,40,-1,40,253,254,-1,40,254,71,-1,71,254,255,-1,71,255,72,-1,72,255,256,-1,72,256,74,-1,256,257,74,-1,74,257,258,-1,74,258,76,-1,76,258,259,-1,76,259,78,-1,78,259,260,-1,78,260,80,-1,80,260,261,-1,80,261,82,-1,82,261,262,-1,82,262,83,-1,83,262,263,-1,83,263,59,-1,59,263,264,-1,59,264,61,-1,61,264,265,-1,61,265,63,-1,63,265,266,-1,63,266,65,-1,67,65,267,-1,267,65,266,-1,67,267,268,-1,67,268,140,-1,140,268,269,-1,140,269,137,-1,137,269,270,-1,137,270,151,-1,151,270,271,-1,151,271,145,-1,145,271,272,-1,145,272,146,-1,146,272,273,-1,146,273,148,-1,148,273,274,-1,148,274,149,-1,149,274,275,-1,149,275,150,-1,150,275,276,-1,150,276,147,-1,147,276,277,-1,147,277,142,-1,142,277,278,-1,142,278,143,-1,143,278,279,-1,143,279,144,-1,144,279,280,-1,144,280,138,-1,138,280,281,-1,138,281,139,-1,139,281,282,-1,139,282,141,-1,141,282,283,-1,141,283,68,-1,68,283,284,-1,68,284,66,-1,64,66,285,-1,285,66,284,-1,64,285,286,-1,64,286,62,-1,62,286,287,-1,62,287,60,-1,60,287,288,-1,60,288,58,-1,58,288,289,-1,58,289,81,-1,81,289,290,-1,81,290,79,-1,79,290,156,-1,79,156,77,-1,69,291,292,-1,69,292,6,-1,6,292,293,-1,6,293,7,-1,7,293,294,-1,7,294,18,-1,18,294,295,-1,18,295,19,-1,19,295,296,-1,19,296,53,-1,53,296,297,-1,53,297,54,-1,54,297,298,-1,54,298,56,-1,56,298,299,-1,56,299,119,-1,119,299,300,-1,119,300,121,-1,121,300,301,-1,121,301,123,-1,123,301,302,-1,123,302,125,-1,125,302,303,-1,125,303,127,-1,127,303,304,-1,127,304,129,-1,129,304,305,-1,129,305,131,-1,131,305,306,-1,131,306,133,-1,133,306,307,-1,133,307,135,-1,135,307,308,-1,135,308,136,-1,136,308,309,-1,136,309,101,-1,101,309,310,-1,101,310,100,-1,100,310,311,-1,100,311,31,-1,31,311,312,-1,31,312,30,-1,30,312,313,-1,30,313,29,-1,29,313,314,-1,29,314,27,-1,27,314,315,-1,27,315,25,-1,25,315,316,-1,25,316,23,-1,23,316,317,-1,23,317,21,-1,21,317,291,-1,21,291,69,-1,
        ]
    }
}
Shape{
    appearance Appearance {
        material  Material 	{
            diffuseColor 1.0 0.9529411764705882 0.792156862745098
            specularColor 0.30196078431372547 0.28627450980392155 0.23921568627450981
            ambientIntensity 0.9487
            transparency 0.0
            shininess 0.5
        }
    }
    geometry IndexedFaceSet {
        ccw TRUE
        solid FALSE
        coord DEF co Coordinate {
            point [
                0.9162 0.6016 1.3024, 0.9256 0.6016 1.3281, 0.9271 0.6016 1.3265, 0.9118 0.6016 1.3028, 0.9085 0.6016 1.3041, 0.9124 0.6016 1.3316, 0.9156 0.6016 1.3319, 0.9193 0.6016 1.3315, 0.9226 0.6016 1.3302, 0.9296 0.6016 1.3125, 0.9281 0.6016 1.3093, 0.926 0.6016 1.3066, 0.9156 0.6016 1.3023, 0.929 0.6016 1.3233, 0.9301 0.6016 1.3198, 0.9303 0.6016 1.3161, 0.9231 0.6016 1.3044, 0.9196 0.6016 1.3029, 0.9056 0.6016 1.3062, 0.9035 0.6016 1.3085, 0.9018 0.6016 1.3118, 0.9009 0.6016 1.3154, 0.9009 0.6016 1.3189, 0.9017 0.6016 1.3224, 0.9034 0.6016 1.3256, 0.9058 0.6016 1.3283, 0.9089 0.6016 1.3303
            ]
        }
        coordIndex [
            0,1,2,-1,3,4,5,-1,6,7,0,-1,0,7,8,-1,0,8,1,-1,9,10,2,-1,2,10,11,-1,6,0,5,-1,5,0,12,-1,5,12,3,-1,13,14,2,-1,2,14,15,-1,2,15,9,-1,11,16,2,-1,2,16,17,-1,2,17,0,-1,4,18,5,-1,5,18,19,-1,5,19,20,-1,20,21,5,-1,5,21,22,-1,5,22,23,-1,23,24,5,-1,5,24,25,-1,5,25,26,-1,
        ]
    }
}