#VRML V2.0 utf8
# 3D model generated by easyeda2kicad.py (https://github.com/uPesy/easyeda2kicad.py)

Shape{
    appearance Appearance {
        material  Material 	{
            diffuseColor 0.7529411764705882 0.7529411764705882 0.7529411764705882
            specularColor 0.3764705882352941 0.3764705882352941 0.3764705882352941
            ambientIntensity 0.7529
            transparency 0.0
            shininess 0.5
        }
    }
    geometry IndexedFaceSet {
        ccw TRUE
        solid FALSE
        coord DEF co Coordinate {
            point [
                -2.2441 0.6083 0.0, -2.1657 0.6866 0.0, -1.8386 0.6866 0.0, -2.2441 -0.1004 0.0, -1.8386 -0.1791 0.0, -2.1654 -0.1791 0.0, -2.1654 -0.1791 0.0984, -1.8386 -0.1791 0.0984, -2.2441 -0.1004 0.0984, -1.8386 0.6866 0.0984, -2.2441 0.6083 0.0984, -2.1657 0.6866 0.0984, -1.6715 0.6866 0.1181, -1.6715 -0.1791 0.1181, -1.691 -0.1791 0.0792, -1.691 0.6866 0.0792, -1.7193 -0.1791 0.0462, -1.7193 0.6866 0.0462, -1.7548 -0.1791 0.021, -1.7548 0.6866 0.021, -1.7954 -0.1791 0.0053, -1.7954 0.6866 0.0053, -1.8198 0.6866 0.1007, -1.8198 -0.1791 0.1007, -1.8021 0.6866 0.1074, -1.8021 -0.1791 0.1074, -1.7865 0.6866 0.1181, -1.7865 -0.1791 0.1181
            ]
        }
        coordIndex [
            0,1,2,-1,0,2,3,-1,3,2,4,-1,3,4,5,-1,6,7,8,-1,8,7,9,-1,8,9,10,-1,10,9,11,-1,12,13,14,-1,12,14,15,-1,15,14,16,-1,15,16,17,-1,17,16,18,-1,17,18,19,-1,19,18,20,-1,19,20,21,-1,21,20,4,-1,21,4,2,-1,9,7,22,-1,22,7,23,-1,22,23,24,-1,24,23,25,-1,24,25,26,-1,26,25,27,-1,1,0,11,-1,11,0,10,-1,
        ]
    }
}
Shape{
    appearance Appearance {
        material  Material 	{
            diffuseColor 1.0 1.0 1.0
            specularColor 0.5019607843137255 0.5019607843137255 0.5019607843137255
            ambientIntensity 1.0
            transparency 0.0
            shininess 0.5
        }
    }
    geometry IndexedFaceSet {
        ccw TRUE
        solid FALSE
        coord DEF co Coordinate {
            point [
                1.3386 -0.4154 1.3386, 1.3386 -0.5335 1.4567, 1.3386 -0.4154 1.4567, 1.3386 -0.4154 1.7717, 1.3386 -0.1299 1.7717, 1.3386 -0.1299 0.689, 1.3386 -0.4154 0.689, -1.3386 -0.4154 1.3386, -1.3386 -0.4154 0.689, -1.3386 -0.1299 0.689, -1.3386 -0.5335 1.4567, -1.3386 -0.4154 1.4567, -1.3386 -0.4154 1.7717, -1.3386 -0.1299 1.7717, 1.3881 -0.0919 1.8047, 1.3881 -0.0919 0.689, 1.3779 -0.0906 0.689, 1.3779 -0.0906 1.7979, 1.3678 -0.0919 0.689, 1.3678 -0.0919 1.7911, 1.3583 -0.0958 0.689, 1.3583 -0.0958 1.7848, 1.3501 -0.1021 0.689, 1.3501 -0.1021 1.7793, 1.3439 -0.1102 0.689, 1.3439 -0.1102 1.7752, 1.3467 -0.106 1.7771, 1.3399 -0.1197 0.689, 1.3389 -0.1248 1.7719, 1.3399 -0.1197 1.7725, 1.3416 -0.1149 1.7737, -1.3399 -0.1197 0.689, -1.3399 -0.1197 1.7725, -1.3389 -0.1248 1.7719, -1.3501 -0.1021 1.7793, -1.3467 -0.106 1.7771, -1.3439 -0.1102 0.689, -1.3439 -0.1102 1.7752, -1.3416 -0.1149 1.7737, -1.3501 -0.1021 0.689, -1.3583 -0.0958 0.689, -1.3583 -0.0958 1.7848, -1.3678 -0.0919 0.689, -1.3678 -0.0919 1.7911, -1.3779 -0.0906 0.689, -1.3779 -0.0906 1.7979, -1.3881 -0.0919 0.689, -1.3881 -0.0919 1.8047, 1.4567 -0.1102 0.689, 1.4567 -0.1102 1.8504, -1.4567 -0.1102 0.689, -1.4567 -0.1102 1.8504, 1.4567 0.2244 0.689, 1.4567 0.2244 1.8504, -1.4567 0.2244 0.689, -1.4567 0.2244 1.8504, 1.3881 0.2061 0.689, 1.3881 0.2061 1.8047
            ]
        }
        coordIndex [
            0,1,2,-1,3,4,2,-1,2,4,5,-1,2,5,0,-1,0,5,6,-1,7,8,9,-1,10,7,11,-1,11,7,9,-1,11,9,12,-1,12,9,13,-1,14,15,16,-1,14,16,17,-1,17,16,18,-1,17,18,19,-1,19,18,20,-1,19,20,21,-1,21,20,22,-1,21,22,23,-1,24,25,22,-1,22,25,26,-1,22,26,23,-1,27,5,4,-1,4,28,27,-1,27,28,29,-1,27,29,24,-1,24,29,30,-1,24,30,25,-1,31,32,9,-1,9,32,33,-1,9,33,13,-1,34,35,36,-1,36,35,37,-1,36,37,31,-1,31,37,38,-1,31,38,32,-1,36,39,34,-1,34,39,40,-1,34,40,41,-1,41,40,42,-1,41,42,43,-1,43,42,44,-1,43,44,45,-1,45,44,46,-1,45,46,47,-1,48,15,49,-1,49,15,14,-1,46,50,47,-1,47,50,51,-1,52,48,53,-1,53,48,49,-1,50,54,51,-1,51,54,55,-1,56,52,57,-1,57,52,53,-1,
        ]
    }
}
Shape{
    appearance Appearance {
        material  Material 	{
            diffuseColor 0.7529411764705882 0.7529411764705882 0.7529411764705882
            specularColor 0.3764705882352941 0.3764705882352941 0.3764705882352941
            ambientIntensity 0.7529
            transparency 0.0
            shininess 0.5
        }
    }
    geometry IndexedFaceSet {
        ccw TRUE
        solid FALSE
        coord DEF co Coordinate {
            point [
                -0.5551 0.1457 1.5748, -0.4291 0.1457 1.5748, -0.5551 0.3031 1.5748, -0.4291 0.3031 1.5748, -0.063 0.1457 1.5748, 0.063 0.1457 1.5748, -0.063 0.3031 1.5748, 0.063 0.3031 1.5748, 0.4291 0.1457 1.5748, 0.5551 0.1457 1.5748, 0.4291 0.3031 1.5748, 0.5551 0.3031 1.5748, 0.9213 0.1457 1.5748, 1.0472 0.1457 1.5748, 0.9213 0.3031 1.5748, 1.0472 0.3031 1.5748, -1.0472 0.1457 1.5748, -0.9213 0.1457 1.5748, -1.0472 0.3031 1.5748, -0.9213 0.3031 1.5748
            ]
        }
        coordIndex [
            0,1,2,-1,2,1,3,-1,4,5,6,-1,6,5,7,-1,8,9,10,-1,10,9,11,-1,12,13,14,-1,14,13,15,-1,16,17,18,-1,18,17,19,-1,
        ]
    }
}
Shape{
    appearance Appearance {
        material  Material 	{
            diffuseColor 1.0 1.0 1.0
            specularColor 0.5019607843137255 0.5019607843137255 0.5019607843137255
            ambientIntensity 1.0
            transparency 0.0
            shininess 0.5
        }
    }
    geometry IndexedFaceSet {
        ccw TRUE
        solid FALSE
        coord DEF co Coordinate {
            point [
                -1.4567 0.2244 0.689, -1.3881 0.2061 0.689, -1.4567 0.2244 1.8504, -1.3881 0.2061 1.8047
            ]
        }
        coordIndex [
            0,1,2,-1,2,1,3,-1,
        ]
    }
}
Shape{
    appearance Appearance {
        material  Material 	{
            diffuseColor 0.7529411764705882 0.7529411764705882 0.7529411764705882
            specularColor 0.3764705882352941 0.3764705882352941 0.3764705882352941
            ambientIntensity 0.7529
            transparency 0.0
            shininess 0.5
        }
    }
    geometry IndexedFaceSet {
        ccw TRUE
        solid FALSE
        coord DEF co Coordinate {
            point [
                -0.5551 0.3031 1.5748, -0.4291 0.3031 1.5748, -0.5551 0.3819 1.1811, -0.4291 0.3819 1.1811, -0.5551 0.0866 1.2992, -0.4291 0.0866 1.2992, -0.5551 0.1457 1.5748, -0.4291 0.1457 1.5748, -0.4291 0.3819 0.689, -0.4291 0.0866 0.689, -0.5551 0.3819 0.689, -0.5551 0.0866 0.689, -0.063 0.3031 1.5748, 0.063 0.3031 1.5748, -0.063 0.3819 1.1811, 0.063 0.3819 1.1811, -0.063 0.0866 1.2992, 0.063 0.0866 1.2992, -0.063 0.1457 1.5748, 0.063 0.1457 1.5748, 0.063 0.3819 0.689, 0.063 0.0866 0.689, -0.063 0.3819 0.689, -0.063 0.0866 0.689, 0.4291 0.3031 1.5748, 0.5551 0.3031 1.5748, 0.4291 0.3819 1.1811, 0.5551 0.3819 1.1811, 0.4291 0.0866 1.2992, 0.5551 0.0866 1.2992, 0.4291 0.1457 1.5748, 0.5551 0.1457 1.5748, 0.5551 0.3819 0.689, 0.5551 0.0866 0.689, 0.4291 0.3819 0.689, 0.4291 0.0866 0.689, 0.9213 0.3031 1.5748, 1.0472 0.3031 1.5748, 0.9213 0.3819 1.1811, 1.0472 0.3819 1.1811, 0.9213 0.0866 1.2992, 1.0472 0.0866 1.2992, 0.9213 0.1457 1.5748, 1.0472 0.1457 1.5748, 1.0472 0.3819 0.689, 1.0472 0.0866 0.689, 0.9213 0.3819 0.689, 0.9213 0.0866 0.689, -1.0472 0.3031 1.5748, -0.9213 0.3031 1.5748, -1.0472 0.3819 1.1811, -0.9213 0.3819 1.1811, -1.0472 0.0866 1.2992, -0.9213 0.0866 1.2992, -1.0472 0.1457 1.5748, -0.9213 0.1457 1.5748, -0.9213 0.3819 0.689, -0.9213 0.0866 0.689, -1.0472 0.3819 0.689, -1.0472 0.0866 0.689
            ]
        }
        coordIndex [
            0,1,2,-1,2,1,3,-1,4,5,6,-1,6,5,7,-1,1,7,3,-1,3,7,5,-1,3,5,8,-1,8,5,9,-1,10,11,2,-1,2,11,4,-1,2,4,0,-1,0,4,6,-1,12,13,14,-1,14,13,15,-1,16,17,18,-1,18,17,19,-1,13,19,15,-1,15,19,17,-1,15,17,20,-1,20,17,21,-1,22,23,14,-1,14,23,16,-1,14,16,12,-1,12,16,18,-1,24,25,26,-1,26,25,27,-1,28,29,30,-1,30,29,31,-1,25,31,27,-1,27,31,29,-1,27,29,32,-1,32,29,33,-1,34,35,26,-1,26,35,28,-1,26,28,24,-1,24,28,30,-1,36,37,38,-1,38,37,39,-1,40,41,42,-1,42,41,43,-1,37,43,39,-1,39,43,41,-1,39,41,44,-1,44,41,45,-1,46,47,38,-1,38,47,40,-1,38,40,36,-1,36,40,42,-1,48,49,50,-1,50,49,51,-1,52,53,54,-1,54,53,55,-1,49,55,51,-1,51,55,53,-1,51,53,56,-1,56,53,57,-1,58,59,50,-1,50,59,52,-1,50,52,48,-1,48,52,54,-1,
        ]
    }
}
Shape{
    appearance Appearance {
        material  Material 	{
            diffuseColor 1.0 1.0 1.0
            specularColor 0.5019607843137255 0.5019607843137255 0.5019607843137255
            ambientIntensity 1.0
            transparency 0.0
            shininess 0.5
        }
    }
    geometry IndexedFaceSet {
        ccw TRUE
        solid FALSE
        coord DEF co Coordinate {
            point [
                1.3399 0.2339 0.689, 1.3399 0.2339 1.7725, 1.3386 0.2441 0.689, 1.3389 0.239 1.7719, 1.3386 0.2441 1.7717, 1.3501 0.2163 1.7793, 1.3467 0.2201 1.7771, 1.3439 0.2244 0.689, 1.3439 0.2244 1.7752, 1.3416 0.229 1.7737, 1.3501 0.2163 0.689, 1.3583 0.21 0.689, 1.3583 0.21 1.7848, 1.3678 0.2061 0.689, 1.3678 0.2061 1.7911, 1.3779 0.2047 0.689, 1.3779 0.2047 1.7979, 1.3881 0.2061 0.689, 1.3881 0.2061 1.8047
            ]
        }
        coordIndex [
            0,1,2,-1,2,1,3,-1,2,3,4,-1,5,6,7,-1,7,6,8,-1,7,8,0,-1,0,8,9,-1,0,9,1,-1,7,10,5,-1,5,10,11,-1,5,11,12,-1,12,11,13,-1,12,13,14,-1,14,13,15,-1,14,15,16,-1,16,15,17,-1,16,17,18,-1,
        ]
    }
}
Shape{
    appearance Appearance {
        material  Material 	{
            diffuseColor 0.7529411764705882 0.7529411764705882 0.7529411764705882
            specularColor 0.3764705882352941 0.3764705882352941 0.3764705882352941
            ambientIntensity 0.7529
            transparency 0.0
            shininess 0.5
        }
    }
    geometry IndexedFaceSet {
        ccw TRUE
        solid FALSE
        coord DEF co Coordinate {
            point [
                -0.5551 0.3819 1.1811, -0.4291 0.3819 1.1811, -0.5551 0.3819 0.689, -0.4291 0.3819 0.689, -0.4291 0.0866 1.2992, -0.5551 0.0866 1.2992, -0.4291 0.0866 0.689, -0.5551 0.0866 0.689, -0.063 0.3819 1.1811, 0.063 0.3819 1.1811, -0.063 0.3819 0.689, 0.063 0.3819 0.689, 0.063 0.0866 1.2992, -0.063 0.0866 1.2992, 0.063 0.0866 0.689, -0.063 0.0866 0.689, 0.4291 0.3819 1.1811, 0.5551 0.3819 1.1811, 0.4291 0.3819 0.689, 0.5551 0.3819 0.689, 0.5551 0.0866 1.2992, 0.4291 0.0866 1.2992, 0.5551 0.0866 0.689, 0.4291 0.0866 0.689, 0.9213 0.3819 1.1811, 1.0472 0.3819 1.1811, 0.9213 0.3819 0.689, 1.0472 0.3819 0.689, 1.0472 0.0866 1.2992, 0.9213 0.0866 1.2992, 1.0472 0.0866 0.689, 0.9213 0.0866 0.689, -1.0472 0.3819 1.1811, -0.9213 0.3819 1.1811, -1.0472 0.3819 0.689, -0.9213 0.3819 0.689, -0.9213 0.0866 1.2992, -1.0472 0.0866 1.2992, -0.9213 0.0866 0.689, -1.0472 0.0866 0.689
            ]
        }
        coordIndex [
            0,1,2,-1,2,1,3,-1,4,5,6,-1,6,5,7,-1,8,9,10,-1,10,9,11,-1,12,13,14,-1,14,13,15,-1,16,17,18,-1,18,17,19,-1,20,21,22,-1,22,21,23,-1,24,25,26,-1,26,25,27,-1,28,29,30,-1,30,29,31,-1,32,33,34,-1,34,33,35,-1,36,37,38,-1,38,37,39,-1,
        ]
    }
}
Shape{
    appearance Appearance {
        material  Material 	{
            diffuseColor 1.0 1.0 1.0
            specularColor 0.5019607843137255 0.5019607843137255 0.5019607843137255
            ambientIntensity 1.0
            transparency 0.0
            shininess 0.5
        }
    }
    geometry IndexedFaceSet {
        ccw TRUE
        solid FALSE
        coord DEF co Coordinate {
            point [
                -1.5748 -0.7697 0.689, -1.5748 -0.7697 0.0197, -1.378 -0.7697 0.0197, -0.4291 -0.7697 0.1772, -0.4291 -0.7697 0.1181, -0.063 -0.7697 0.1181, -1.378 -0.7697 0.1181, -1.0472 -0.7697 0.1181, -1.0472 -0.7697 0.1772, -0.9213 -0.7697 0.1181, -0.5551 -0.7697 0.1181, -0.9213 -0.7697 0.1772, -0.5551 -0.7697 0.1772, -0.063 -0.7697 0.1772, 0.2461 -0.7697 0.689, 0.063 -0.7697 0.1181, 0.4291 -0.7697 0.1181, 0.4291 -0.7697 0.1772, 0.063 -0.7697 0.1772, 0.5551 -0.7697 0.1772, 0.5551 -0.7697 0.1181, 0.9213 -0.7697 0.1181, 0.9213 -0.7697 0.1772, 1.0472 -0.7697 0.1772, 1.5748 -0.7697 0.689, 1.378 -0.7697 0.0197, 1.5748 -0.7697 0.0197, 1.378 -0.7697 0.1181, 1.0472 -0.7697 0.1181, -1.3881 0.2061 1.8047, -1.3881 0.2061 0.689, -1.3779 0.2047 0.689, -1.3779 0.2047 1.7979, -1.3678 0.2061 0.689, -1.3678 0.2061 1.7911, -1.3583 0.21 0.689, -1.3583 0.21 1.7848, -1.3501 0.2163 0.689, -1.3501 0.2163 1.7793, -1.3439 0.2244 0.689, -1.3439 0.2244 1.7752, -1.3467 0.2201 1.7771, -1.3399 0.2339 0.689, -1.3386 0.2441 0.689, -1.3386 0.2441 1.7717, -1.3389 0.239 1.7719, -1.3399 0.2339 1.7725, -1.3416 0.229 1.7737, 1.3386 -0.4154 0.689, 1.2008 -0.4154 0.689, 1.3386 -0.4154 1.3386, 1.2008 -0.4154 1.3386, 1.3386 0.2441 0.689, 1.3386 0.2441 1.7717, 1.3386 0.4557 0.689, 1.3386 0.5295 1.7717, 1.3386 0.5295 0.689, -1.3399 -0.1197 0.689, -1.3386 -0.1299 0.689, -1.0472 0.0866 0.689, -1.3386 0.4557 0.689, -1.0472 0.3819 0.689, -0.9213 0.3819 0.689, -1.4567 0.2244 0.689, -1.3881 -0.0919 0.689, -1.4567 -0.1102 0.689, -1.3386 -0.4154 0.689, -1.2008 -0.4154 0.689, -1.3583 -0.0958 0.689, -1.3501 -0.1021 0.689, -1.3439 -0.1102 0.689, -0.9213 0.0866 0.689, -0.5551 0.0866 0.689, -0.5551 0.3819 0.689, -0.4291 0.3819 0.689, -0.063 0.3819 0.689, 0.063 0.3819 0.689, 0.2461 0.4557 0.689, 0.063 0.0866 0.689, -1.5748 -0.6516 0.689, -1.2008 -0.6516 0.689, -0.063 0.0866 0.689, -1.3779 -0.0906 0.689, -1.3678 -0.0919 0.689, 0.2461 0.5295 0.689, -1.3386 0.5295 0.689, -0.4291 0.0866 0.689, 0.5551 0.3819 0.689, 0.9213 0.0866 0.689, 1.2008 -0.6516 0.689, 1.5748 -0.6516 0.689, 1.3881 -0.0919 0.689, 1.4567 -0.1102 0.689, 1.3881 0.2061 0.689, 1.4567 0.2244 0.689, 1.3501 -0.1021 0.689, 1.3583 -0.0958 0.689, 1.3501 0.2163 0.689, 1.3439 0.2244 0.689, 1.3399 0.2339 0.689, 1.0472 0.3819 0.689, 0.9213 0.3819 0.689, 0.5551 0.0866 0.689, 0.4291 0.0866 0.689, 0.4291 0.3819 0.689, 1.0472 0.0866 0.689, 1.3779 -0.0906 0.689, 1.3779 0.2047 0.689, 1.3678 -0.0919 0.689, 1.3678 0.2061 0.689, 1.3583 0.21 0.689, 1.3386 -0.1299 0.689, 1.3399 -0.1197 0.689, 1.3439 -0.1102 0.689, -1.3386 0.5295 1.7717, -1.2008 -0.4154 1.3386, -1.3386 -0.4154 1.3386
            ]
        }
        coordIndex [
            0,1,2,-1,3,4,5,-1,2,6,0,-1,0,6,7,-1,0,7,8,-1,9,10,11,-1,11,10,12,-1,5,13,3,-1,3,13,14,-1,3,14,12,-1,12,14,0,-1,12,0,11,-1,11,0,8,-1,15,16,17,-1,15,17,18,-1,19,20,21,-1,22,23,24,-1,21,22,19,-1,19,22,24,-1,19,24,17,-1,17,24,14,-1,17,14,18,-1,18,14,13,-1,25,26,27,-1,27,26,24,-1,27,24,28,-1,28,24,23,-1,29,30,31,-1,29,31,32,-1,32,31,33,-1,32,33,34,-1,34,33,35,-1,34,35,36,-1,36,35,37,-1,36,37,38,-1,39,40,37,-1,37,40,41,-1,37,41,38,-1,42,43,44,-1,44,45,42,-1,42,45,46,-1,42,46,39,-1,39,46,47,-1,39,47,40,-1,48,49,50,-1,50,49,51,-1,52,53,54,-1,54,53,55,-1,54,55,56,-1,57,58,35,-1,35,58,37,-1,43,42,59,-1,59,42,39,-1,59,39,37,-1,43,59,60,-1,60,59,61,-1,60,61,62,-1,30,63,64,-1,64,63,65,-1,37,58,59,-1,59,58,66,-1,59,66,67,-1,68,35,33,-1,68,69,35,-1,35,69,70,-1,35,70,57,-1,71,72,62,-1,62,72,73,-1,62,73,60,-1,60,73,74,-1,75,76,77,-1,77,76,78,-1,77,78,14,-1,79,0,80,-1,80,0,14,-1,80,14,81,-1,81,14,78,-1,30,64,31,-1,31,64,82,-1,31,82,33,-1,33,82,83,-1,33,83,68,-1,84,85,77,-1,77,85,60,-1,77,60,75,-1,75,60,74,-1,75,74,81,-1,81,74,86,-1,81,86,80,-1,80,86,72,-1,80,72,67,-1,67,72,71,-1,67,71,59,-1,56,84,54,-1,54,84,77,-1,54,77,87,-1,88,14,89,-1,89,14,24,-1,89,24,90,-1,91,92,93,-1,93,92,94,-1,95,96,97,-1,98,99,100,-1,99,52,100,-1,100,52,54,-1,100,54,101,-1,101,54,87,-1,101,87,88,-1,88,87,102,-1,88,102,14,-1,14,102,103,-1,14,103,77,-1,77,103,104,-1,77,104,87,-1,97,98,49,-1,49,98,100,-1,49,100,89,-1,89,100,105,-1,89,105,88,-1,91,93,106,-1,106,93,107,-1,106,107,108,-1,108,107,109,-1,108,109,96,-1,96,109,110,-1,96,110,97,-1,48,111,49,-1,49,111,112,-1,49,112,97,-1,97,112,113,-1,97,113,95,-1,85,114,60,-1,60,114,44,-1,60,44,43,-1,67,66,115,-1,115,66,116,-1,
        ]
    }
}
Shape{
    appearance Appearance {
        material  Material 	{
            diffuseColor 0.7529411764705882 0.7529411764705882 0.7529411764705882
            specularColor 0.3764705882352941 0.3764705882352941 0.3764705882352941
            ambientIntensity 0.7529
            transparency 0.0
            shininess 0.5
        }
    }
    geometry IndexedFaceSet {
        ccw TRUE
        solid FALSE
        coord DEF co Coordinate {
            point [
                2.2441 -0.1004 0.0, 2.2441 0.6083 0.0, 2.2441 -0.1004 0.0984, 2.2441 0.6083 0.0984, -2.2441 0.6083 0.0, -2.2441 -0.1004 0.0, -2.2441 0.6083 0.0984, -2.2441 -0.1004 0.0984
            ]
        }
        coordIndex [
            0,1,2,-1,2,1,3,-1,4,5,6,-1,6,5,7,-1,
        ]
    }
}
Shape{
    appearance Appearance {
        material  Material 	{
            diffuseColor 1.0 1.0 1.0
            specularColor 0.5019607843137255 0.5019607843137255 0.5019607843137255
            ambientIntensity 1.0
            transparency 0.0
            shininess 0.5
        }
    }
    geometry IndexedFaceSet {
        ccw TRUE
        solid FALSE
        coord DEF co Coordinate {
            point [
                1.2008 -0.4154 1.3386, 1.2008 -0.4154 0.689, 1.2008 -0.5335 1.4567, 1.2008 -0.6516 0.689, 1.2008 -0.6516 1.4567, 1.3386 -0.5335 1.4567, 1.3386 -0.4154 1.3386, 2.0472 0.5689 1.0236, 2.0472 0.5689 0.8268, 2.0472 -0.2972 1.0236, 2.0472 -0.2972 0.8268, -0.5217 0.5295 1.2795, 0.5217 0.5295 0.8268, 0.5217 0.5295 1.2795, -0.6791 0.5295 1.2795, -0.6791 0.5295 1.7717, 0.6791 0.5295 1.7717, 0.6791 0.5295 1.2795, -0.7972 0.5295 1.2795, -0.7972 0.5295 1.7717, -0.9547 0.5295 1.2795, -1.3386 0.5295 1.7717, -0.9547 0.5295 0.8268, -1.3386 0.5295 0.689, -0.5217 0.5295 0.8268, 0.2461 0.5295 0.689, 0.9547 0.5295 0.8268, 1.3386 0.5295 0.689, 0.9547 0.5295 1.2795, 1.3386 0.5295 1.7717, 0.7972 0.5295 1.2795, 0.7972 0.5295 1.7717, -1.2008 -0.4154 0.689, -1.2008 -0.4154 1.3386, -1.2008 -0.6516 0.689, -1.2008 -0.5335 1.4567, -1.2008 -0.6516 1.4567, -1.3386 -0.5335 1.4567, -1.3386 -0.4154 1.3386, -2.0472 -0.2972 1.0236, -2.0472 -0.2972 0.8268, -2.0472 0.5689 1.0236, -2.0472 0.5689 0.8268
            ]
        }
        coordIndex [
            0,1,2,-1,2,1,3,-1,2,3,4,-1,5,6,2,-1,2,6,0,-1,7,8,9,-1,9,8,10,-1,11,12,13,-1,14,11,15,-1,15,11,13,-1,15,13,16,-1,16,13,17,-1,18,19,20,-1,20,19,21,-1,20,21,22,-1,22,21,23,-1,22,23,24,-1,24,23,25,-1,11,24,12,-1,12,24,25,-1,12,25,26,-1,26,25,27,-1,26,27,28,-1,28,27,29,-1,28,29,30,-1,30,29,31,-1,32,33,34,-1,34,33,35,-1,34,35,36,-1,35,33,37,-1,37,33,38,-1,39,40,41,-1,41,40,42,-1,
        ]
    }
}
Shape{
    appearance Appearance {
        material  Material 	{
            diffuseColor 0.7529411764705882 0.7529411764705882 0.7529411764705882
            specularColor 0.3764705882352941 0.3764705882352941 0.3764705882352941
            ambientIntensity 0.7529
            transparency 0.0
            shininess 0.5
        }
    }
    geometry IndexedFaceSet {
        ccw TRUE
        solid FALSE
        coord DEF co Coordinate {
            point [
                -0.063 -0.7303 0.0, 0.063 -0.7303 0.0, -0.063 -0.9272 0.0, 0.063 -0.9272 0.0, -0.063 -0.9665 0.0394, 0.063 -0.9665 0.0394, -0.063 -0.9665 0.1378, 0.063 -0.9665 0.1378, -0.063 -0.9272 0.1772, 0.063 -0.9272 0.1772, -0.063 -0.7697 0.1772, 0.063 -0.7697 0.1772, 0.4291 -0.7303 0.0, 0.5551 -0.7303 0.0, 0.4291 -0.9272 0.0, 0.5551 -0.9272 0.0, 0.4291 -0.9665 0.0394, 0.5551 -0.9665 0.0394, 0.4291 -0.9665 0.1378, 0.5551 -0.9665 0.1378, 0.4291 -0.9272 0.1772, 0.5551 -0.9272 0.1772, 0.4291 -0.7697 0.1772, 0.5551 -0.7697 0.1772, 0.9213 -0.7303 0.0, 1.0472 -0.7303 0.0, 0.9213 -0.9272 0.0, 1.0472 -0.9272 0.0, 0.9213 -0.9665 0.0394, 1.0472 -0.9665 0.0394, 0.9213 -0.9665 0.1378, 1.0472 -0.9665 0.1378, 0.9213 -0.9272 0.1772, 1.0472 -0.9272 0.1772, 0.9213 -0.7697 0.1772, 1.0472 -0.7697 0.1772, 2.2441 0.6083 0.0984, 2.1657 0.6866 0.0984, 1.8386 0.6866 0.0984, 2.2441 -0.1004 0.0984, 1.8386 -0.1791 0.0984, 2.1654 -0.1791 0.0984, 2.2441 -0.1004 0.0, 2.1654 -0.1791 0.0, 1.8386 -0.1791 0.0, 2.2441 0.6083 0.0, 1.8386 0.6866 0.0, 2.1657 0.6866 0.0, -2.2441 -0.1004 0.0, -2.1654 -0.1791 0.0, -2.2441 -0.1004 0.0984, -2.1654 -0.1791 0.0984, -1.0472 -0.7303 0.0, -0.9213 -0.7303 0.0, -1.0472 -0.9272 0.0, -0.9213 -0.9272 0.0, -1.0472 -0.9665 0.0394, -0.9213 -0.9665 0.0394, -1.0472 -0.9665 0.1378, -0.9213 -0.9665 0.1378, -1.0472 -0.9272 0.1772, -0.9213 -0.9272 0.1772, -1.0472 -0.7697 0.1772, -0.9213 -0.7697 0.1772, -0.5551 -0.9272 0.0, -0.4291 -0.9272 0.0, -0.5551 -0.9665 0.0394, -0.4291 -0.9665 0.0394, -0.5551 -0.9665 0.1378, -0.4291 -0.9665 0.1378, -0.5551 -0.9272 0.1772, -0.4291 -0.9272 0.1772, -0.5551 -0.7697 0.1772, -0.4291 -0.7697 0.1772, -0.5551 -0.7303 0.0, -0.4291 -0.7303 0.0
            ]
        }
        coordIndex [
            0,1,2,-1,2,1,3,-1,2,3,4,-1,4,3,5,-1,4,5,6,-1,6,5,7,-1,6,7,8,-1,8,7,9,-1,8,9,10,-1,10,9,11,-1,12,13,14,-1,14,13,15,-1,14,15,16,-1,16,15,17,-1,16,17,18,-1,18,17,19,-1,18,19,20,-1,20,19,21,-1,20,21,22,-1,22,21,23,-1,24,25,26,-1,26,25,27,-1,26,27,28,-1,28,27,29,-1,28,29,30,-1,30,29,31,-1,30,31,32,-1,32,31,33,-1,32,33,34,-1,34,33,35,-1,36,37,38,-1,36,38,39,-1,39,38,40,-1,39,40,41,-1,39,41,42,-1,42,41,43,-1,42,43,44,-1,42,44,45,-1,45,44,46,-1,45,46,47,-1,48,49,50,-1,50,49,51,-1,52,53,54,-1,54,53,55,-1,54,55,56,-1,56,55,57,-1,56,57,58,-1,58,57,59,-1,58,59,60,-1,60,59,61,-1,60,61,62,-1,62,61,63,-1,64,65,66,-1,66,65,67,-1,66,67,68,-1,68,67,69,-1,68,69,70,-1,70,69,71,-1,70,71,72,-1,72,71,73,-1,74,75,64,-1,64,75,65,-1,
        ]
    }
}
Shape{
    appearance Appearance {
        material  Material 	{
            diffuseColor 1.0 1.0 1.0
            specularColor 0.5019607843137255 0.5019607843137255 0.5019607843137255
            ambientIntensity 1.0
            transparency 0.0
            shininess 0.5
        }
    }
    geometry IndexedFaceSet {
        ccw TRUE
        solid FALSE
        coord DEF co Coordinate {
            point [
                1.6929 -0.2972 1.0236, 1.6929 -0.4154 1.0236, 2.0472 -0.2972 1.0236, 2.1654 -0.4154 1.0236, 2.0472 0.5689 1.0236, 2.1654 0.687 1.0236, 1.6929 0.5689 1.0236, 1.6929 0.687 1.0236, 2.1654 -0.4154 0.315, 1.9685 -0.4154 0.1181, 1.5748 -0.4154 0.1181, 1.5748 -0.4154 1.1417, 1.5748 -0.4154 0.0197, 1.5748 -0.7697 0.0197, 1.378 -0.4154 0.0197, 1.378 -0.7697 0.0197, 1.2008 -0.6516 1.4567, 1.2008 -0.6516 0.689, 1.5748 -0.6516 1.4567, 1.5748 -0.6516 0.689, 1.2008 -0.5335 1.4567, 1.3386 -0.5335 1.4567, 1.3386 -0.4154 1.4567, 1.5748 -0.4154 1.4567, 2.0472 0.5689 0.8268, 1.5748 0.5689 0.8268, 1.5748 0.5689 1.1417
            ]
        }
        coordIndex [
            0,1,2,-1,2,1,3,-1,2,3,4,-1,4,3,5,-1,4,5,6,-1,6,5,7,-1,8,3,9,-1,9,3,1,-1,9,1,10,-1,10,1,11,-1,12,13,14,-1,14,13,15,-1,16,17,18,-1,18,17,19,-1,20,16,21,-1,21,16,18,-1,21,18,22,-1,22,18,23,-1,24,4,25,-1,25,4,6,-1,25,6,26,-1,
        ]
    }
}
Shape{
    appearance Appearance {
        material  Material 	{
            diffuseColor 0.7529411764705882 0.7529411764705882 0.7529411764705882
            specularColor 0.3764705882352941 0.3764705882352941 0.3764705882352941
            ambientIntensity 0.7529
            transparency 0.0
            shininess 0.5
        }
    }
    geometry IndexedFaceSet {
        ccw TRUE
        solid FALSE
        coord DEF co Coordinate {
            point [
                2.0472 -0.2972 0.8268, 2.0472 0.5689 0.8268, 1.5748 -0.2972 0.8268, 1.5748 0.5689 0.8268
            ]
        }
        coordIndex [
            0,1,2,-1,2,1,3,-1,
        ]
    }
}
Shape{
    appearance Appearance {
        material  Material 	{
            diffuseColor 1.0 1.0 1.0
            specularColor 0.5019607843137255 0.5019607843137255 0.5019607843137255
            ambientIntensity 1.0
            transparency 0.0
            shininess 0.5
        }
    }
    geometry IndexedFaceSet {
        ccw TRUE
        solid FALSE
        coord DEF co Coordinate {
            point [
                2.0472 -0.2972 1.0236, 2.0472 -0.2972 0.8268, 1.6929 -0.2972 1.0236, 1.5748 -0.2972 0.8268, 1.5748 -0.2972 1.1417, 1.6929 -0.4154 1.0236, 1.5748 -0.4154 1.1417, 1.3386 -0.4154 1.7717, 1.3386 -0.4154 1.4567, 1.4567 -0.4154 1.8504, 1.5748 -0.4154 1.4567, 1.5748 -0.4154 1.8504, 1.3386 -0.1299 1.7717, 1.3501 -0.1021 1.7793, 1.3467 -0.106 1.7771, 1.3881 -0.0919 1.8047, 1.3779 -0.0906 1.7979, 1.3678 -0.0919 1.7911, 1.3583 -0.0958 1.7848, 1.3439 -0.1102 1.7752, 1.3416 -0.1149 1.7737, 1.3399 -0.1197 1.7725, 1.4567 -0.1102 1.8504, 1.3389 -0.1248 1.7719, 1.3881 0.2061 1.8047, 1.3467 0.2201 1.7771, 1.3501 0.2163 1.7793, 1.3399 0.2339 1.7725, 1.3416 0.229 1.7737, 1.3439 0.2244 1.7752, 1.3583 0.21 1.7848, 1.3678 0.2061 1.7911, 1.3779 0.2047 1.7979, 1.4567 0.6083 1.8504, 1.3386 0.5295 1.7717, 1.4567 0.2244 1.8504, 1.3386 0.2441 1.7717, 1.3389 0.239 1.7719, 0.7972 0.5295 1.7717, 0.7972 0.6083 1.8504, -0.6791 0.6083 1.8504, -0.6791 0.5295 1.7717, 0.6791 0.6083 1.8504, 0.6791 0.5295 1.7717, -1.3386 0.2441 1.7717, -1.3386 0.5295 1.7717, -1.4567 0.6083 1.8504, -1.3501 0.2163 1.7793, -1.3467 0.2201 1.7771, -1.3881 0.2061 1.8047, -1.3779 0.2047 1.7979, -1.3678 0.2061 1.7911, -1.3583 0.21 1.7848, -1.3439 0.2244 1.7752, -1.3416 0.229 1.7737, -1.3399 0.2339 1.7725, -1.4567 0.2244 1.8504, -1.3389 0.239 1.7719, -1.3881 -0.0919 1.8047, -1.3467 -0.106 1.7771, -1.3501 -0.1021 1.7793, -1.3399 -0.1197 1.7725, -1.3416 -0.1149 1.7737, -1.3439 -0.1102 1.7752, -1.3583 -0.0958 1.7848, -1.3678 -0.0919 1.7911, -1.3779 -0.0906 1.7979, -1.4567 -0.4154 1.8504, -1.3386 -0.4154 1.7717, -1.4567 -0.1102 1.8504, -1.3386 -0.1299 1.7717, -1.3389 -0.1248 1.7719, -0.7972 0.5295 1.7717, -0.7972 0.6083 1.8504
            ]
        }
        coordIndex [
            0,1,2,-1,2,1,3,-1,2,3,4,-1,5,2,6,-1,6,2,4,-1,7,8,9,-1,9,8,10,-1,9,10,11,-1,12,7,9,-1,13,14,15,-1,15,16,13,-1,13,16,17,-1,13,17,18,-1,14,19,15,-1,15,19,20,-1,15,20,21,-1,9,22,12,-1,12,22,15,-1,12,15,23,-1,23,15,21,-1,24,25,26,-1,27,28,24,-1,24,28,29,-1,24,29,25,-1,30,31,26,-1,26,31,32,-1,26,32,24,-1,33,34,35,-1,35,34,36,-1,35,36,24,-1,24,36,37,-1,24,37,27,-1,34,33,38,-1,38,33,39,-1,40,41,42,-1,42,41,43,-1,44,45,46,-1,47,48,49,-1,49,50,47,-1,47,50,51,-1,47,51,52,-1,48,53,49,-1,49,53,54,-1,49,54,55,-1,46,56,44,-1,44,56,49,-1,44,49,57,-1,57,49,55,-1,58,59,60,-1,61,62,58,-1,58,62,63,-1,58,63,59,-1,64,65,60,-1,60,65,66,-1,60,66,58,-1,67,68,69,-1,69,68,70,-1,69,70,58,-1,58,70,71,-1,58,71,61,-1,45,72,46,-1,46,72,73,-1,
        ]
    }
}
Shape{
    appearance Appearance {
        material  Material 	{
            diffuseColor 0.7529411764705882 0.7529411764705882 0.7529411764705882
            specularColor 0.3764705882352941 0.3764705882352941 0.3764705882352941
            ambientIntensity 0.7529
            transparency 0.0
            shininess 0.5
        }
    }
    geometry IndexedFaceSet {
        ccw TRUE
        solid FALSE
        coord DEF co Coordinate {
            point [
                -1.5748 -0.2972 0.8268, -1.5748 0.5689 0.8268, -2.0472 -0.2972 0.8268, -2.0472 0.5689 0.8268
            ]
        }
        coordIndex [
            0,1,2,-1,2,1,3,-1,
        ]
    }
}
Shape{
    appearance Appearance {
        material  Material 	{
            diffuseColor 1.0 1.0 1.0
            specularColor 0.5019607843137255 0.5019607843137255 0.5019607843137255
            ambientIntensity 1.0
            transparency 0.0
            shininess 0.5
        }
    }
    geometry IndexedFaceSet {
        ccw TRUE
        solid FALSE
        coord DEF co Coordinate {
            point [
                -2.0472 -0.2972 0.8268, -2.0472 -0.2972 1.0236, -1.5748 -0.2972 0.8268, -1.6929 -0.2972 1.0236, -1.5748 -0.2972 1.1417, -1.5748 -0.4154 1.1417, -1.6929 -0.4154 1.0236, -1.378 -0.4154 0.0197, -1.378 -0.7697 0.0197, -1.5748 -0.4154 0.0197, -1.5748 -0.7697 0.0197, -1.5748 -0.6516 1.4567, -1.5748 -0.6516 0.689, -1.2008 -0.6516 1.4567, -1.2008 -0.6516 0.689, -1.3386 -0.4154 1.4567, -1.5748 -0.4154 1.4567, -1.3386 -0.5335 1.4567, -1.2008 -0.5335 1.4567, -1.3386 -0.4154 1.7717, -1.4567 -0.4154 1.8504, -1.5748 -0.4154 1.8504, -2.0472 0.5689 1.0236, -2.0472 0.5689 0.8268, -1.6929 0.5689 1.0236, -1.5748 0.5689 0.8268, -1.5748 0.5689 1.1417, -1.5748 -0.4154 0.1181, -2.1654 -0.4154 1.0236, -2.1654 -0.4154 0.315, -1.9685 -0.4154 0.1181, -1.6929 0.687 1.0236, -2.1654 0.687 1.0236
            ]
        }
        coordIndex [
            0,1,2,-1,2,1,3,-1,2,3,4,-1,5,4,6,-1,6,4,3,-1,7,8,9,-1,9,8,10,-1,11,12,13,-1,13,12,14,-1,15,16,17,-1,17,16,11,-1,17,11,18,-1,18,11,13,-1,15,19,16,-1,16,19,20,-1,16,20,21,-1,22,23,24,-1,24,23,25,-1,24,25,26,-1,27,5,6,-1,28,29,6,-1,6,29,30,-1,6,30,27,-1,24,31,22,-1,22,31,32,-1,22,32,1,-1,1,32,28,-1,1,28,3,-1,3,28,6,-1,
        ]
    }
}
Shape{
    appearance Appearance {
        material  Material 	{
            diffuseColor 0.7529411764705882 0.7529411764705882 0.7529411764705882
            specularColor 0.3764705882352941 0.3764705882352941 0.3764705882352941
            ambientIntensity 0.7529
            transparency 0.0
            shininess 0.5
        }
    }
    geometry IndexedFaceSet {
        ccw TRUE
        solid FALSE
        coord DEF co Coordinate {
            point [
                -0.4291 -0.7303 0.0, -0.4291 -0.6122 0.1181, -0.4291 -0.9272 0.0, -0.4291 -0.7697 0.1181, -0.4291 -0.9665 0.1378, -0.4291 -0.9665 0.0394, -0.4291 -0.9272 0.1772, -0.4291 -0.7697 0.1772, -0.063 -0.6122 0.1181, -0.063 -0.7303 0.0, -0.063 -0.7697 0.1181, -0.063 -0.9272 0.0, -0.063 -0.7697 0.1772, -0.063 -0.9272 0.1772, -0.063 -0.9665 0.1378, -0.063 -0.9665 0.0394, 0.063 -0.6122 0.1181, 0.063 -0.7303 0.0, 0.063 -0.9272 0.0, 0.063 -0.7697 0.1181, 0.063 -0.9665 0.1378, 0.063 -0.9665 0.0394, 0.063 -0.9272 0.1772, 0.063 -0.7697 0.1772, 0.4291 -0.6122 0.1181, 0.4291 -0.7303 0.0, 0.4291 -0.7697 0.1181, 0.4291 -0.9272 0.0, 0.4291 -0.7697 0.1772, 0.4291 -0.9272 0.1772, 0.4291 -0.9665 0.1378, 0.4291 -0.9665 0.0394, 0.5551 -0.6122 0.1181, 0.5551 -0.7303 0.0, 0.5551 -0.9272 0.0, 0.5551 -0.7697 0.1181, 0.5551 -0.9665 0.1378, 0.5551 -0.9665 0.0394, 0.5551 -0.9272 0.1772, 0.5551 -0.7697 0.1772, 0.9213 -0.6122 0.1181, 0.9213 -0.7303 0.0, 0.9213 -0.7697 0.1181, 0.9213 -0.9272 0.0, 0.9213 -0.7697 0.1772, 0.9213 -0.9272 0.1772, 0.9213 -0.9665 0.1378, 0.9213 -0.9665 0.0394, 1.0472 -0.6122 0.1181, 1.0472 -0.7303 0.0, 1.0472 -0.9272 0.0, 1.0472 -0.7697 0.1181, 1.0472 -0.9665 0.1378, 1.0472 -0.9665 0.0394, 1.0472 -0.9272 0.1772, 1.0472 -0.7697 0.1772
            ]
        }
        coordIndex [
            0,1,2,-1,2,1,3,-1,4,5,6,-1,6,5,2,-1,6,2,7,-1,7,2,3,-1,8,9,10,-1,10,9,11,-1,12,10,13,-1,13,10,11,-1,13,11,14,-1,14,11,15,-1,8,16,9,-1,9,16,17,-1,17,16,18,-1,18,16,19,-1,20,21,22,-1,22,21,18,-1,22,18,23,-1,23,18,19,-1,24,25,26,-1,26,25,27,-1,28,26,29,-1,29,26,27,-1,29,27,30,-1,30,27,31,-1,24,32,25,-1,25,32,33,-1,33,32,34,-1,34,32,35,-1,36,37,38,-1,38,37,34,-1,38,34,39,-1,39,34,35,-1,40,41,42,-1,42,41,43,-1,44,42,45,-1,45,42,43,-1,45,43,46,-1,46,43,47,-1,40,48,41,-1,41,48,49,-1,49,48,50,-1,50,48,51,-1,52,53,54,-1,54,53,50,-1,54,50,55,-1,55,50,51,-1,
        ]
    }
}
Shape{
    appearance Appearance {
        material  Material 	{
            diffuseColor 1.0 1.0 1.0
            specularColor 0.5019607843137255 0.5019607843137255 0.5019607843137255
            ambientIntensity 1.0
            transparency 0.0
            shininess 0.5
        }
    }
    geometry IndexedFaceSet {
        ccw TRUE
        solid FALSE
        coord DEF co Coordinate {
            point [
                1.378 -0.7697 0.0197, 1.378 -0.7697 0.1181, 1.378 -0.4154 0.0197, 1.378 -0.4154 0.1181, 1.5748 -0.4154 0.0197, 1.5748 -0.4154 0.1181, 1.9685 0.687 0.1181, 2.1654 0.687 0.315, 1.9685 -0.4154 0.1181, 2.1654 -0.4154 0.315
            ]
        }
        coordIndex [
            0,1,2,-1,2,1,3,-1,2,3,4,-1,4,3,5,-1,6,7,8,-1,8,7,9,-1,
        ]
    }
}
Shape{
    appearance Appearance {
        material  Material 	{
            diffuseColor 0.7529411764705882 0.7529411764705882 0.7529411764705882
            specularColor 0.3764705882352941 0.3764705882352941 0.3764705882352941
            ambientIntensity 0.7529
            transparency 0.0
            shininess 0.5
        }
    }
    geometry IndexedFaceSet {
        ccw TRUE
        solid FALSE
        coord DEF co Coordinate {
            point [
                1.7865 0.6866 0.1181, 1.7865 -0.1791 0.1181, 1.8021 0.6866 0.1074, 1.8021 -0.1791 0.1074, 1.8198 0.6866 0.1007, 1.8198 -0.1791 0.1007, 1.8386 0.6866 0.0984, 1.8386 -0.1791 0.0984, 2.1654 -0.1791 0.0, 2.1654 -0.1791 0.0984, 1.8386 -0.1791 0.0, 1.7954 -0.1791 0.0053, 1.7548 -0.1791 0.021, 1.7193 -0.1791 0.0462, 1.691 -0.1791 0.0792, 1.6715 -0.1791 0.1181, 1.8386 0.6866 0.0, 1.7954 0.6866 0.0053, 1.7548 0.6866 0.021, 1.7193 0.6866 0.0462, 1.691 0.6866 0.0792, 1.6715 0.6866 0.1181
            ]
        }
        coordIndex [
            0,1,2,-1,2,1,3,-1,2,3,4,-1,4,3,5,-1,4,5,6,-1,6,5,7,-1,8,9,10,-1,10,9,7,-1,10,7,11,-1,11,7,5,-1,11,5,12,-1,12,5,3,-1,12,3,13,-1,13,3,1,-1,13,1,14,-1,14,1,15,-1,16,10,11,-1,16,11,17,-1,17,11,12,-1,17,12,18,-1,18,12,13,-1,18,13,19,-1,19,13,14,-1,19,14,20,-1,20,14,15,-1,20,15,21,-1,
        ]
    }
}
Shape{
    appearance Appearance {
        material  Material 	{
            diffuseColor 1.0 1.0 1.0
            specularColor 0.5019607843137255 0.5019607843137255 0.5019607843137255
            ambientIntensity 1.0
            transparency 0.0
            shininess 0.5
        }
    }
    geometry IndexedFaceSet {
        ccw TRUE
        solid FALSE
        coord DEF co Coordinate {
            point [
                -1.378 0.4114 0.0197, -1.378 0.4114 0.1181, -1.5748 0.4114 0.0197, -1.5748 0.4114 0.1181
            ]
        }
        coordIndex [
            0,1,2,-1,2,1,3,-1,
        ]
    }
}
Shape{
    appearance Appearance {
        material  Material 	{
            diffuseColor 0.7529411764705882 0.7529411764705882 0.7529411764705882
            specularColor 0.3764705882352941 0.3764705882352941 0.3764705882352941
            ambientIntensity 0.7529
            transparency 0.0
            shininess 0.5
        }
    }
    geometry IndexedFaceSet {
        ccw TRUE
        solid FALSE
        coord DEF co Coordinate {
            point [
                -2.1654 -0.1791 0.0984, -2.1654 -0.1791 0.0, -1.8386 -0.1791 0.0984, -1.8386 -0.1791 0.0, -1.8198 -0.1791 0.1007, -1.7954 -0.1791 0.0053, -1.8021 -0.1791 0.1074, -1.7548 -0.1791 0.021, -1.7193 -0.1791 0.0462, -1.7865 -0.1791 0.1181, -1.691 -0.1791 0.0792, -1.6715 -0.1791 0.1181
            ]
        }
        coordIndex [
            0,1,2,-1,2,1,3,-1,2,3,4,-1,4,3,5,-1,4,5,6,-1,5,7,6,-1,6,7,8,-1,6,8,9,-1,9,8,10,-1,9,10,11,-1,
        ]
    }
}
Shape{
    appearance Appearance {
        material  Material 	{
            diffuseColor 1.0 1.0 1.0
            specularColor 0.5019607843137255 0.5019607843137255 0.5019607843137255
            ambientIntensity 1.0
            transparency 0.0
            shininess 0.5
        }
    }
    geometry IndexedFaceSet {
        ccw TRUE
        solid FALSE
        coord DEF co Coordinate {
            point [
                -2.1654 0.687 0.315, -1.9685 0.687 0.1181, -2.1654 -0.4154 0.315, -1.9685 -0.4154 0.1181, -1.5748 -0.4154 0.0197, -1.5748 -0.4154 0.1181, -1.378 -0.4154 0.0197, -1.378 -0.4154 0.1181
            ]
        }
        coordIndex [
            0,1,2,-1,2,1,3,-1,4,5,6,-1,6,5,7,-1,
        ]
    }
}
Shape{
    appearance Appearance {
        material  Material 	{
            diffuseColor 0.7529411764705882 0.7529411764705882 0.7529411764705882
            specularColor 0.3764705882352941 0.3764705882352941 0.3764705882352941
            ambientIntensity 0.7529
            transparency 0.0
            shininess 0.5
        }
    }
    geometry IndexedFaceSet {
        ccw TRUE
        solid FALSE
        coord DEF co Coordinate {
            point [
                -1.378 -0.4154 0.0197, -1.378 -0.4154 0.1181, -1.378 -0.7697 0.0197, -1.378 -0.7697 0.1181, -1.0472 -0.6122 0.1181, -1.0472 -0.7303 0.0, -1.0472 -0.7697 0.1181, -1.0472 -0.9272 0.0, -1.0472 -0.7697 0.1772, -1.0472 -0.9272 0.1772, -1.0472 -0.9665 0.1378, -1.0472 -0.9665 0.0394, -0.9213 -0.6122 0.1181, -0.9213 -0.7303 0.0, -0.9213 -0.9272 0.0, -0.9213 -0.7697 0.1181, -0.9213 -0.9665 0.1378, -0.9213 -0.9665 0.0394, -0.9213 -0.9272 0.1772, -0.9213 -0.7697 0.1772, -0.5551 -0.6122 0.1181, -0.5551 -0.7303 0.0, -0.5551 -0.7697 0.1181, -0.5551 -0.9272 0.0, -0.5551 -0.7697 0.1772, -0.5551 -0.9272 0.1772, -0.5551 -0.9665 0.1378, -0.5551 -0.9665 0.0394, -0.4291 -0.6122 0.1181, -0.4291 -0.7303 0.0
            ]
        }
        coordIndex [
            0,1,2,-1,2,1,3,-1,4,5,6,-1,6,5,7,-1,8,6,9,-1,9,6,7,-1,9,7,10,-1,10,7,11,-1,4,12,5,-1,5,12,13,-1,13,12,14,-1,14,12,15,-1,16,17,18,-1,18,17,14,-1,18,14,19,-1,19,14,15,-1,20,21,22,-1,22,21,23,-1,24,22,25,-1,25,22,23,-1,25,23,26,-1,26,23,27,-1,20,28,21,-1,21,28,29,-1,
        ]
    }
}
Shape{
    appearance Appearance {
        material  Material 	{
            diffuseColor 1.0 1.0 1.0
            specularColor 0.5019607843137255 0.5019607843137255 0.5019607843137255
            ambientIntensity 1.0
            transparency 0.0
            shininess 0.5
        }
    }
    geometry IndexedFaceSet {
        ccw TRUE
        solid FALSE
        coord DEF co Coordinate {
            point [
                1.5748 0.4114 0.0197, 1.5748 0.4114 0.1181, 1.378 0.4114 0.0197, 1.378 0.4114 0.1181, 2.1654 0.687 0.315, 2.1654 0.687 1.0236, 2.1654 -0.4154 0.315, 2.1654 -0.4154 1.0236, 1.5748 0.687 1.1417, 1.5748 0.5689 1.1417, 1.6929 0.687 1.0236, 1.6929 0.5689 1.0236, 1.5748 0.687 1.8504, 1.5748 -0.2972 1.1417, 1.5748 0.5689 0.8268, 1.5748 -0.2972 0.8268, 1.5748 -0.4154 1.8504, 1.5748 -0.4154 1.4567, 1.5748 -0.4154 1.1417, 1.5748 -0.6516 1.4567, 1.5748 -0.4154 0.1181, 1.5748 -0.6516 0.689, 1.5748 -0.7697 0.689, 1.5748 -0.7697 0.0197, 1.5748 -0.4154 0.0197, 0.7972 0.687 1.8504, 0.7972 0.6083 1.8504, 1.4567 0.6083 1.8504, 1.4567 0.2244 1.8504, 1.4567 -0.1102 1.8504, 1.4567 -0.4154 1.8504, 0.7972 0.5295 1.7717, 0.7972 0.687 1.2795, 0.7972 0.5295 1.2795, 0.9547 0.5295 1.2795, 0.9547 0.687 1.2795, 0.9547 0.5295 0.8268, 0.9547 0.687 0.8268, 0.5217 0.5295 0.8268, 0.5217 0.687 0.8268, 0.5217 0.5295 1.2795, 0.5217 0.687 1.2795, 0.6791 0.5295 1.2795, 0.6791 0.687 1.2795, 0.6791 0.5295 1.7717, 0.6791 0.687 1.8504, 0.6791 0.6083 1.8504, -0.6791 0.687 1.8504, -0.6791 0.6083 1.8504, -0.6791 0.5295 1.7717, -0.6791 0.687 1.2795, -0.6791 0.5295 1.2795, -0.5217 0.687 1.2795, -0.5217 0.5295 1.2795, -0.5217 0.687 0.8268, -0.5217 0.5295 0.8268, -0.9547 0.687 0.8268, -0.9547 0.5295 0.8268, -0.9547 0.687 1.2795, -0.9547 0.5295 1.2795, -0.7972 0.687 1.2795, -0.7972 0.5295 1.2795, -0.7972 0.5295 1.7717, -0.7972 0.687 1.8504, -0.7972 0.6083 1.8504, -1.4567 -0.4154 1.8504, -1.4567 -0.1102 1.8504, -1.5748 -0.4154 1.8504, -1.4567 0.2244 1.8504, -1.5748 0.687 1.8504, -1.4567 0.6083 1.8504, -1.5748 -0.4154 0.1181, -1.5748 -0.4154 0.0197, -1.5748 -0.7697 0.0197, -1.5748 0.5689 0.8268, -1.5748 -0.2972 0.8268, -1.5748 -0.2972 1.1417, -1.5748 0.687 1.1417, -1.5748 0.5689 1.1417, -1.5748 -0.4154 1.4567, -1.5748 -0.7697 0.689, -1.5748 -0.6516 0.689, -1.5748 -0.4154 1.1417, -1.5748 -0.6516 1.4567, -1.6929 0.687 1.0236, -1.6929 0.5689 1.0236, -2.1654 0.687 1.0236, -2.1654 0.687 0.315, -2.1654 -0.4154 1.0236, -2.1654 -0.4154 0.315, -1.5748 0.4114 0.0197, -1.5748 0.4114 0.1181, -1.5748 0.687 0.0197, -1.5748 0.687 0.1181, -1.378 0.687 0.0197, -1.378 0.4114 0.0197, -1.378 0.687 0.1181, -1.378 0.4114 0.1181, 1.378 0.687 0.1181, 1.378 -0.4154 0.1181, 1.378 -0.7697 0.1181, 1.0472 -0.7697 0.1181, 1.0472 -0.6122 0.1181, 0.9213 -0.6122 0.1181, 0.9213 -0.7697 0.1181, 0.5551 -0.7697 0.1181, 0.5551 -0.6122 0.1181, 1.6715 0.6866 0.1181, 1.6715 -0.1791 0.1181, 1.9685 -0.4154 0.1181, 1.7865 -0.1791 0.1181, 1.9685 0.687 0.1181, 1.7865 0.6866 0.1181, 1.5748 0.687 0.1181, -0.063 -0.6122 0.1181, -0.063 -0.7697 0.1181, -0.4291 -0.7697 0.1181, -0.5551 -0.7697 0.1181, -0.9213 -0.7697 0.1181, -0.5551 -0.6122 0.1181, -0.9213 -0.6122 0.1181, 0.4291 -0.7697 0.1181, 0.063 -0.7697 0.1181, 0.4291 -0.6122 0.1181, 0.063 -0.6122 0.1181, -0.4291 -0.6122 0.1181, -1.7865 0.6866 0.1181, -1.6715 0.6866 0.1181, -1.0472 -0.6122 0.1181, -1.6715 -0.1791 0.1181, -1.0472 -0.7697 0.1181, -1.378 -0.7697 0.1181, -1.378 -0.4154 0.1181, -1.7865 -0.1791 0.1181, -1.9685 -0.4154 0.1181, -1.9685 0.687 0.1181, 1.378 0.687 0.0197, 1.5748 0.687 0.0197
            ]
        }
        coordIndex [
            0,1,2,-1,2,1,3,-1,4,5,6,-1,6,5,7,-1,8,9,10,-1,10,9,11,-1,8,12,9,-1,9,12,13,-1,9,13,14,-1,14,13,15,-1,12,16,13,-1,13,16,17,-1,13,17,18,-1,18,17,19,-1,18,19,20,-1,20,19,21,-1,21,22,20,-1,20,22,23,-1,20,23,24,-1,12,25,26,-1,26,27,12,-1,12,27,28,-1,12,28,16,-1,16,28,29,-1,16,29,30,-1,26,25,31,-1,31,25,32,-1,31,32,33,-1,33,32,34,-1,34,32,35,-1,34,35,36,-1,36,35,37,-1,36,37,38,-1,38,37,39,-1,38,39,40,-1,40,39,41,-1,40,41,42,-1,42,41,43,-1,42,43,44,-1,44,43,45,-1,44,45,46,-1,47,48,45,-1,45,48,46,-1,48,47,49,-1,49,47,50,-1,49,50,51,-1,52,53,50,-1,50,53,51,-1,54,55,52,-1,52,55,53,-1,56,57,54,-1,54,57,55,-1,58,59,56,-1,56,59,57,-1,60,61,58,-1,58,61,59,-1,61,60,62,-1,62,60,63,-1,62,63,64,-1,65,66,67,-1,67,66,68,-1,67,68,69,-1,69,68,70,-1,69,70,63,-1,63,70,64,-1,71,72,73,-1,74,75,76,-1,69,77,67,-1,67,77,78,-1,67,78,79,-1,73,80,71,-1,71,80,81,-1,71,81,82,-1,82,81,83,-1,82,83,76,-1,76,83,79,-1,76,79,74,-1,74,79,78,-1,84,85,77,-1,77,85,78,-1,86,87,88,-1,88,87,89,-1,90,91,92,-1,92,91,93,-1,94,95,92,-1,92,95,90,-1,94,96,95,-1,95,96,97,-1,97,96,98,-1,99,100,101,-1,1,102,103,-1,104,105,103,-1,103,105,106,-1,103,106,1,-1,1,106,3,-1,99,107,20,-1,20,107,108,-1,20,108,109,-1,109,108,110,-1,109,110,111,-1,111,110,112,-1,111,112,113,-1,113,112,107,-1,113,107,1,-1,1,107,99,-1,1,99,102,-1,102,99,101,-1,114,115,116,-1,117,118,119,-1,119,118,120,-1,121,122,123,-1,123,122,124,-1,106,123,3,-1,3,123,124,-1,3,124,98,-1,98,124,114,-1,98,114,125,-1,125,114,116,-1,126,93,127,-1,127,93,91,-1,125,119,98,-1,98,119,120,-1,98,120,97,-1,97,120,128,-1,97,128,91,-1,91,128,129,-1,91,129,127,-1,130,131,128,-1,128,131,132,-1,128,132,129,-1,129,132,71,-1,129,71,133,-1,133,71,134,-1,133,134,126,-1,126,134,135,-1,126,135,93,-1,2,3,136,-1,136,3,98,-1,137,0,136,-1,136,0,2,-1,137,113,0,-1,0,113,1,-1,
        ]
    }
}
Shape{
    appearance Appearance {
        material  Material 	{
            diffuseColor 0.7529411764705882 0.7529411764705882 0.7529411764705882
            specularColor 0.3764705882352941 0.3764705882352941 0.3764705882352941
            ambientIntensity 0.7529
            transparency 0.0
            shininess 0.5
        }
    }
    geometry IndexedFaceSet {
        ccw TRUE
        solid FALSE
        coord DEF co Coordinate {
            point [
                2.2441 0.6083 0.0984, 2.2441 0.6083 0.0, 2.1657 0.6866 0.0984, 2.1657 0.6866 0.0
            ]
        }
        coordIndex [
            0,1,2,-1,2,1,3,-1,
        ]
    }
}
Shape{
    appearance Appearance {
        material  Material 	{
            diffuseColor 1.0 1.0 1.0
            specularColor 0.5019607843137255 0.5019607843137255 0.5019607843137255
            ambientIntensity 1.0
            transparency 0.0
            shininess 0.5
        }
    }
    geometry IndexedFaceSet {
        ccw TRUE
        solid FALSE
        coord DEF co Coordinate {
            point [
                1.5748 0.687 0.1181, 1.5748 0.687 0.0197, 1.378 0.687 0.0197, -0.5217 0.687 1.2795, -0.6791 0.687 1.2795, -0.6791 0.687 1.8504, 2.1654 0.687 0.315, 1.9685 0.687 0.1181, 2.1654 0.687 1.0236, 1.378 0.687 0.1181, -1.378 0.687 0.0197, -1.5748 0.687 0.0197, -1.378 0.687 0.1181, -1.5748 0.687 0.1181, -0.9547 0.687 0.8268, -0.5217 0.687 0.8268, -0.7972 0.687 1.8504, -0.7972 0.687 1.2795, -1.5748 0.687 1.8504, -0.9547 0.687 1.2795, -1.5748 0.687 1.1417, -1.6929 0.687 1.0236, -2.1654 0.687 1.0236, -2.1654 0.687 0.315, -1.9685 0.687 0.1181, 0.6791 0.687 1.8504, 0.6791 0.687 1.2795, 0.5217 0.687 1.2795, 0.9547 0.687 0.8268, 0.5217 0.687 0.8268, 0.7972 0.687 1.2795, 0.7972 0.687 1.8504, 0.9547 0.687 1.2795, 1.5748 0.687 1.8504, 1.5748 0.687 1.1417, 1.6929 0.687 1.0236
            ]
        }
        coordIndex [
            0,1,2,-1,3,4,5,-1,6,7,8,-1,8,7,0,-1,8,0,9,-1,9,0,2,-1,10,11,12,-1,12,11,13,-1,12,14,9,-1,9,14,15,-1,16,17,18,-1,18,17,19,-1,18,19,20,-1,20,19,14,-1,20,14,21,-1,21,14,12,-1,21,12,22,-1,22,12,13,-1,22,13,23,-1,23,13,24,-1,25,26,27,-1,28,9,29,-1,29,9,15,-1,29,15,27,-1,27,15,3,-1,27,3,25,-1,25,3,5,-1,30,31,32,-1,32,31,33,-1,32,33,28,-1,28,33,34,-1,28,34,9,-1,9,34,35,-1,9,35,8,-1,
        ]
    }
}
Shape{
    appearance Appearance {
        material  Material 	{
            diffuseColor 0.7529411764705882 0.7529411764705882 0.7529411764705882
            specularColor 0.3764705882352941 0.3764705882352941 0.3764705882352941
            ambientIntensity 0.7529
            transparency 0.0
            shininess 0.5
        }
    }
    geometry IndexedFaceSet {
        ccw TRUE
        solid FALSE
        coord DEF co Coordinate {
            point [
                -2.1657 0.6866 0.0, -2.1657 0.6866 0.0984, -1.8386 0.6866 0.0, -1.8386 0.6866 0.0984, -1.7954 0.6866 0.0053, -1.8198 0.6866 0.1007, -1.7548 0.6866 0.021, -1.8021 0.6866 0.1074, -1.7193 0.6866 0.0462, -1.7865 0.6866 0.1181, -1.691 0.6866 0.0792, -1.6715 0.6866 0.1181, 1.691 0.6866 0.0792, 1.6715 0.6866 0.1181, 1.7865 0.6866 0.1181, 2.1657 0.6866 0.0984, 2.1657 0.6866 0.0, 1.8386 0.6866 0.0984, 1.8386 0.6866 0.0, 1.8198 0.6866 0.1007, 1.7954 0.6866 0.0053, 1.8021 0.6866 0.1074, 1.7548 0.6866 0.021, 1.7193 0.6866 0.0462
            ]
        }
        coordIndex [
            0,1,2,-1,2,1,3,-1,2,3,4,-1,4,3,5,-1,4,5,6,-1,6,5,7,-1,6,7,8,-1,8,7,9,-1,8,9,10,-1,10,9,11,-1,12,13,14,-1,15,16,17,-1,17,16,18,-1,17,18,19,-1,19,18,20,-1,19,20,21,-1,21,20,22,-1,21,22,14,-1,14,22,23,-1,14,23,12,-1,
        ]
    }
}
Shape{
    appearance Appearance {
        material  Material 	{
            diffuseColor 0.0 0.0 0.0
            specularColor 0.0 0.0 0.0
            ambientIntensity 0.0
            transparency 0.0
            shininess 0.5
        }
    }
    geometry IndexedFaceSet {
        ccw TRUE
        solid FALSE
        coord DEF co Coordinate {
            point [
                0.3376 0.6909 0.2308, 0.3314 0.6909 0.2256, 0.3512 0.6909 0.2916, 0.3024 0.6909 0.3946, 0.2983 0.6909 0.3924, 0.3159 0.6909 0.434, 0.265 0.6909 0.4347, 0.2553 0.6909 0.44, 0.2731 0.6909 0.4696, 0.1518 0.6909 0.4055, 0.1471 0.6909 0.3955, 0.1144 0.6909 0.4066, 0.1439 0.6909 0.3849, 0.1423 0.6909 0.3759, 0.1207 0.6909 0.2903, 0.1286 0.6909 0.2879, 0.1202 0.6909 0.254, 0.3518 0.6909 0.2535, 0.3483 0.6909 0.2452, 0.3436 0.6909 0.2376, 0.1611 0.6909 0.3195, 0.1787 0.6909 0.3497, 0.2408 0.6909 0.2774, 0.255 0.6909 0.3099, 0.2408 0.6909 0.2717, 0.2716 0.6909 0.2212, 0.2413 0.6909 0.2644, 0.2639 0.6909 0.226, 0.2575 0.6909 0.2315, 0.2779 0.6909 0.2799, 0.2764 0.6909 0.2747, 0.2762 0.6909 0.2692, 0.2774 0.6909 0.2637, 0.2799 0.6909 0.2587, 0.3159 0.6909 0.2846, 0.3487 0.6909 0.2975, 0.3187 0.6909 0.2798, 0.3203 0.6909 0.2744, 0.3449 0.6909 0.3985, 0.3522 0.6909 0.4321, 0.3633 0.6909 0.4285, 0.3132 0.6909 0.2547, 0.3086 0.6909 0.2515, 0.3234 0.6909 0.2208, 0.3034 0.6909 0.2495, 0.1309 0.6909 0.2524, 0.1343 0.6909 0.2871, 0.1645 0.6909 0.2524, 0.1599 0.6909 0.2871, 0.1673 0.6909 0.2528, 0.261 0.6909 0.4746, 0.245 0.6909 0.4438, 0.2485 0.6909 0.4783, 0.3594 0.6909 0.2962, 0.3691 0.6909 0.2598, 0.3582 0.6909 0.2554, 0.3536 0.6909 0.3951, 0.3739 0.6909 0.4234, 0.3616 0.6909 0.3902, 0.3838 0.6909 0.417, 0.3687 0.6909 0.3842, 0.2515 0.6909 0.2386, 0.2467 0.6909 0.2466, 0.2432 0.6909 0.2553, 0.2948 0.6909 0.3291, 0.2977 0.6909 0.3292, 0.2983 0.6909 0.2933, 0.3068 0.6909 0.3285, 0.3036 0.6909 0.2927, 0.3154 0.6909 0.3263, 0.3086 0.6909 0.2908, 0.2861 0.6909 0.328, 0.2944 0.6909 0.293, 0.2772 0.6909 0.3254, 0.2891 0.6909 0.2913, 0.2689 0.6909 0.3214, 0.2843 0.6909 0.2884, 0.2614 0.6909 0.3162, 0.3237 0.6909 0.3228, 0.3307 0.6909 0.3185, 0.3131 0.6909 0.2877, 0.3377 0.6909 0.3126, 0.3438 0.6909 0.3055, 0.0952 0.6909 0.3443, 0.0651 0.6909 0.3629, 0.0983 0.6909 0.3519, 0.0702 0.6909 0.3724, 0.1028 0.6909 0.3588, 0.0767 0.6909 0.3814, 0.1084 0.6909 0.3648, 0.0844 0.6909 0.3893, 0.1149 0.6909 0.3696, 0.3732 0.6909 0.3089, 0.3973 0.6909 0.2808, 0.3668 0.6909 0.302, 0.3887 0.6909 0.2725, 0.3793 0.6909 0.2655, 0.3407 0.6909 0.4344, 0.3358 0.6909 0.4005, 0.329 0.6909 0.4351, 0.3285 0.6909 0.4009, 0.3225 0.6909 0.4347, 0.3196 0.6909 0.4002, 0.3109 0.6909 0.3981, 0.3168 0.6909 0.2588, 0.3192 0.6909 0.2635, 0.3204 0.6909 0.2688, 0.1099 0.6909 0.2571, 0.1001 0.6909 0.2616, 0.1134 0.6909 0.2941, 0.0908 0.6909 0.2675, 0.107 0.6909 0.2992, 0.0824 0.6909 0.2746, 0.1045 0.6909 0.3019, 0.0791 0.6909 0.278, 0.0997 0.6909 0.3084, 0.2847 0.6909 0.4631, 0.2909 0.6909 0.459, 0.2739 0.6909 0.4283, 0.2999 0.6909 0.4517, 0.2818 0.6909 0.4206, 0.3082 0.6909 0.4434, 0.2885 0.6909 0.412, 0.294 0.6909 0.4026, 0.1194 0.6909 0.4181, 0.1257 0.6909 0.4289, 0.1578 0.6909 0.4148, 0.1334 0.6909 0.4393, 0.1651 0.6909 0.4232, 0.3845 0.6909 0.3338, 0.4183 0.6909 0.3198, 0.382 0.6909 0.3247, 0.4146 0.6909 0.3086, 0.3781 0.6909 0.3162, 0.4095 0.6909 0.2979, 0.4031 0.6909 0.2879, 0.2805 0.6909 0.2845, 0.3148 0.6909 0.2173, 0.3056 0.6909 0.2153, 0.2983 0.6909 0.2489, 0.2977 0.6909 0.2148, 0.2928 0.6909 0.2496, 0.0941 0.6909 0.3233, 0.0582 0.6909 0.3271, 0.0933 0.6909 0.3315, 0.058 0.6909 0.3321, 0.0936 0.6909 0.3361, 0.059 0.6909 0.3427, 0.0613 0.6909 0.353, 0.0723 0.6909 0.2864, 0.0668 0.6909 0.2957, 0.0962 0.6909 0.3156, 0.0625 0.6909 0.3056, 0.0596 0.6909 0.3162, 0.2835 0.6909 0.2546, 0.2879 0.6909 0.2515, 0.2799 0.6909 0.2177, 0.2886 0.6909 0.2155, 0.1627 0.6909 0.2876, 0.1766 0.6909 0.2584, 0.1749 0.6909 0.2567, 0.2226 0.6909 0.4812, 0.222 0.6909 0.4471, 0.2186 0.6909 0.4811, 0.2111 0.6909 0.4463, 0.379 0.6909 0.3701, 0.4139 0.6909 0.379, 0.3825 0.6909 0.3618, 0.4178 0.6909 0.3679, 0.3846 0.6909 0.3531, 0.4203 0.6909 0.3564, 0.3854 0.6909 0.344, 0.4212 0.6909 0.3453, 0.3854 0.6909 0.3424, 0.4212 0.6909 0.3429, 0.4205 0.6909 0.3312, 0.1377 0.6909 0.3759, 0.1297 0.6909 0.3752, 0.1122 0.6909 0.4059, 0.1221 0.6909 0.373, 0.1027 0.6909 0.4019, 0.0931 0.6909 0.3962, 0.181 0.6909 0.27, 0.1805 0.6909 0.2659, 0.179 0.6909 0.262, 0.161 0.6909 0.2872, 0.1711 0.6909 0.2542, 0.2357 0.6909 0.4805, 0.2341 0.6909 0.4462, 0.2237 0.6909 0.447, 0.1676 0.6909 0.2871, 0.1715 0.6909 0.2856, 0.1809 0.6909 0.2717, 0.175 0.6909 0.2832, 0.1778 0.6909 0.28, 0.1799 0.6909 0.2761, 0.3925 0.6909 0.4097, 0.3945 0.6909 0.4078, 0.3742 0.6909 0.3779, 0.4022 0.6909 0.399, 0.4087 0.6909 0.3894, 0.1634 0.6909 0.2877, 0.1425 0.6909 0.4491, 0.1451 0.6909 0.4516, 0.1721 0.6909 0.4295, 0.156 0.6909 0.46, 0.181 0.6909 0.4357, 0.1676 0.6909 0.4671, 0.1906 0.6909 0.4406, 0.1798 0.6909 0.4729, 0.2007 0.6909 0.4442, 0.1925 0.6909 0.4771, 0.2055 0.6909 0.4799, 0.1787 0.687 0.3497, 0.1611 0.687 0.3195, 0.255 0.687 0.3099, 0.2408 0.687 0.2774, 0.2716 0.687 0.2212, 0.3732 0.687 0.3089, 0.3668 0.687 0.302, 0.3518 0.687 0.2535, 0.3781 0.687 0.3162, 0.2408 0.687 0.2717, 0.2413 0.687 0.2644, 0.2639 0.687 0.226, 0.2575 0.687 0.2315, 0.3512 0.687 0.2916, 0.3376 0.687 0.2308, 0.3436 0.687 0.2376, 0.294 0.687 0.4026, 0.2983 0.687 0.3924, 0.3159 0.687 0.434, 0.3024 0.687 0.3946, 0.3536 0.687 0.3951, 0.3633 0.687 0.4285, 0.3449 0.687 0.3985, 0.3522 0.687 0.4321, 0.3358 0.687 0.4005, 0.3407 0.687 0.4344, 0.3285 0.687 0.4009, 0.2553 0.687 0.44, 0.265 0.687 0.4347, 0.2847 0.687 0.4631, 0.2983 0.687 0.2489, 0.2928 0.687 0.2496, 0.2886 0.687 0.2155, 0.2799 0.687 0.2587, 0.2774 0.687 0.2637, 0.2762 0.687 0.2692, 0.2764 0.687 0.2747, 0.3483 0.687 0.2452, 0.3594 0.687 0.2962, 0.3109 0.687 0.3981, 0.3196 0.687 0.4002, 0.3225 0.687 0.4347, 0.329 0.687 0.4351, 0.1578 0.687 0.4148, 0.1257 0.687 0.4289, 0.1518 0.687 0.4055, 0.1194 0.687 0.4181, 0.1471 0.687 0.3955, 0.1144 0.687 0.4066, 0.1439 0.687 0.3849, 0.2909 0.687 0.459, 0.2739 0.687 0.4283, 0.2999 0.687 0.4517, 0.1221 0.687 0.373, 0.1297 0.687 0.3752, 0.2799 0.687 0.2177, 0.2879 0.687 0.2515, 0.2835 0.687 0.2546, 0.3314 0.687 0.2256, 0.3204 0.687 0.2688, 0.3192 0.687 0.2635, 0.2977 0.687 0.2148, 0.3056 0.687 0.2153, 0.3034 0.687 0.2495, 0.3148 0.687 0.2173, 0.3086 0.687 0.2515, 0.3234 0.687 0.2208, 0.3132 0.687 0.2547, 0.3168 0.687 0.2588, 0.2432 0.687 0.2553, 0.2467 0.687 0.2466, 0.2515 0.687 0.2386, 0.3082 0.687 0.4434, 0.2818 0.687 0.4206, 0.2885 0.687 0.412, 0.0962 0.687 0.3156, 0.0668 0.687 0.2957, 0.0997 0.687 0.3084, 0.0723 0.687 0.2864, 0.1045 0.687 0.3019, 0.0791 0.687 0.278, 0.107 0.687 0.2992, 0.0824 0.687 0.2746, 0.1134 0.687 0.2941, 0.0983 0.687 0.3519, 0.0651 0.687 0.3629, 0.0952 0.687 0.3443, 0.0613 0.687 0.353, 0.0936 0.687 0.3361, 0.059 0.687 0.3427, 0.0933 0.687 0.3315, 0.1377 0.687 0.3759, 0.1423 0.687 0.3759, 0.3825 0.687 0.3618, 0.4139 0.687 0.379, 0.379 0.687 0.3701, 0.4087 0.687 0.3894, 0.3742 0.687 0.3779, 0.382 0.687 0.3247, 0.4183 0.687 0.3198, 0.3845 0.687 0.3338, 0.4205 0.687 0.3312, 0.3854 0.687 0.3424, 0.4212 0.687 0.3429, 0.3854 0.687 0.344, 0.4212 0.687 0.3453, 0.3846 0.687 0.3531, 0.4203 0.687 0.3564, 0.4178 0.687 0.3679, 0.3973 0.687 0.2808, 0.4031 0.687 0.2879, 0.2779 0.687 0.2799, 0.2805 0.687 0.2845, 0.2614 0.687 0.3162, 0.2843 0.687 0.2884, 0.2689 0.687 0.3214, 0.2891 0.687 0.2913, 0.2772 0.687 0.3254, 0.2861 0.687 0.328, 0.2944 0.687 0.293, 0.2948 0.687 0.3291, 0.2983 0.687 0.2933, 0.2977 0.687 0.3292, 0.3068 0.687 0.3285, 0.3036 0.687 0.2927, 0.3154 0.687 0.3263, 0.3237 0.687 0.3228, 0.3086 0.687 0.2908, 0.3307 0.687 0.3185, 0.3131 0.687 0.2877, 0.3377 0.687 0.3126, 0.3438 0.687 0.3055, 0.3159 0.687 0.2846, 0.3487 0.687 0.2975, 0.3187 0.687 0.2798, 0.3203 0.687 0.2744, 0.4022 0.687 0.399, 0.3945 0.687 0.4078, 0.3687 0.687 0.3842, 0.3925 0.687 0.4097, 0.3616 0.687 0.3902, 0.3838 0.687 0.417, 0.3739 0.687 0.4234, 0.4095 0.687 0.2979, 0.4146 0.687 0.3086, 0.1749 0.687 0.2567, 0.1766 0.687 0.2584, 0.1627 0.687 0.2876, 0.179 0.687 0.262, 0.058 0.687 0.3321, 0.0582 0.687 0.3271, 0.0941 0.687 0.3233, 0.0596 0.687 0.3162, 0.0625 0.687 0.3056, 0.1122 0.687 0.4059, 0.1027 0.687 0.4019, 0.1149 0.687 0.3696, 0.0931 0.687 0.3962, 0.1084 0.687 0.3648, 0.0844 0.687 0.3893, 0.1028 0.687 0.3588, 0.0767 0.687 0.3814, 0.0702 0.687 0.3724, 0.0908 0.687 0.2675, 0.1001 0.687 0.2616, 0.1207 0.687 0.2903, 0.1099 0.687 0.2571, 0.1286 0.687 0.2879, 0.1202 0.687 0.254, 0.1343 0.687 0.2871, 0.1309 0.687 0.2524, 0.1599 0.687 0.2871, 0.1645 0.687 0.2524, 0.161 0.687 0.2872, 0.1673 0.687 0.2528, 0.1711 0.687 0.2542, 0.1805 0.687 0.2659, 0.181 0.687 0.27, 0.1809 0.687 0.2717, 0.3582 0.687 0.2554, 0.3691 0.687 0.2598, 0.1799 0.687 0.2761, 0.1778 0.687 0.28, 0.175 0.687 0.2832, 0.1715 0.687 0.2856, 0.3793 0.687 0.2655, 0.3887 0.687 0.2725, 0.1721 0.687 0.4295, 0.1451 0.687 0.4516, 0.1651 0.687 0.4232, 0.1425 0.687 0.4491, 0.1334 0.687 0.4393, 0.2731 0.687 0.4696, 0.261 0.687 0.4746, 0.245 0.687 0.4438, 0.2485 0.687 0.4783, 0.2341 0.687 0.4462, 0.2357 0.687 0.4805, 0.2237 0.687 0.447, 0.2226 0.687 0.4812, 0.222 0.687 0.4471, 0.2186 0.687 0.4811, 0.2111 0.687 0.4463, 0.2055 0.687 0.4799, 0.2007 0.687 0.4442, 0.1925 0.687 0.4771, 0.1906 0.687 0.4406, 0.1798 0.687 0.4729, 0.181 0.687 0.4357, 0.1676 0.687 0.4671, 0.156 0.687 0.46, 0.1676 0.687 0.2871, 0.1634 0.687 0.2877, -0.0498 0.6909 0.3888, -0.0498 0.6909 0.3797, -0.0498 0.687 0.3888, -0.0498 0.687 0.3797, -0.0179 0.6909 0.3888, -0.0179 0.687 0.3888, -0.0179 0.6909 0.4597, -0.0179 0.687 0.4597, -0.0075 0.6909 0.4597, -0.0075 0.687 0.4597, -0.0075 0.6909 0.3797, -0.0075 0.687 0.3797, -0.0908 0.6909 0.3783, -0.0908 0.687 0.3783, -0.0957 0.687 0.3785, -0.0957 0.6909 0.3785, -0.1002 0.687 0.379, -0.1002 0.6909 0.379, -0.1043 0.687 0.3798, -0.1043 0.6909 0.3798, -0.108 0.687 0.3808, -0.108 0.6909 0.3808, -0.1114 0.687 0.3822, -0.1114 0.6909 0.3822, -0.113 0.687 0.383, -0.113 0.6909 0.383, -0.113 0.6909 0.3929, -0.113 0.687 0.3929, -0.11 0.687 0.3912, -0.11 0.6909 0.3912, -0.1068 0.687 0.3899, -0.1068 0.6909 0.3899, -0.1034 0.687 0.3889, -0.1034 0.6909 0.3889, -0.0998 0.687 0.3881, -0.0998 0.6909 0.3881, -0.096 0.687 0.3877, -0.096 0.6909 0.3877, -0.0923 0.687 0.3875, -0.0923 0.6909 0.3875, -0.0888 0.687 0.3877, -0.0888 0.6909 0.3877, -0.0855 0.687 0.3882, -0.0855 0.6909 0.3882, -0.0825 0.687 0.389, -0.0825 0.6909 0.389, -0.0797 0.687 0.3901, -0.0797 0.6909 0.3901, -0.0771 0.687 0.3915, -0.0771 0.6909 0.3915, -0.0747 0.687 0.3932, -0.0747 0.6909 0.3932, -0.0725 0.687 0.3952, -0.0725 0.6909 0.3952, -0.0717 0.687 0.3959, -0.0717 0.6909 0.3959, -0.0698 0.687 0.3983, -0.0698 0.6909 0.3983, -0.0681 0.687 0.4008, -0.0681 0.6909 0.4008, -0.0667 0.687 0.4036, -0.0667 0.6909 0.4036, -0.0656 0.687 0.4066, -0.0656 0.6909 0.4066, -0.0648 0.687 0.4098, -0.0648 0.6909 0.4098, -0.0642 0.687 0.4133, -0.0642 0.6909 0.4133, -0.0639 0.687 0.4171, -0.0639 0.6909 0.4171, -0.0639 0.687 0.4188, -0.0639 0.6909 0.4188, -0.064 0.687 0.4229, -0.064 0.6909 0.4229, -0.0645 0.687 0.4268, -0.0645 0.6909 0.4268, -0.0654 0.687 0.4304, -0.0654 0.6909 0.4304, -0.0664 0.687 0.4336, -0.0664 0.6909 0.4336, -0.0678 0.687 0.4366, -0.0678 0.6909 0.4366, -0.0694 0.687 0.4393, -0.0694 0.6909 0.4393, -0.0713 0.687 0.4418, -0.0713 0.6909 0.4418, -0.0723 0.687 0.4429, -0.0723 0.6909 0.4429, -0.0746 0.687 0.4451, -0.0746 0.6909 0.4451, -0.0771 0.687 0.4469, -0.0771 0.6909 0.4469, -0.0797 0.687 0.4485, -0.0797 0.6909 0.4485, -0.0825 0.687 0.4497, -0.0825 0.6909 0.4497, -0.0854 0.687 0.4507, -0.0854 0.6909 0.4507, -0.0885 0.687 0.4513, -0.0885 0.6909 0.4513, -0.0919 0.687 0.4517, -0.0919 0.6909 0.4517, -0.0941 0.687 0.4517, -0.0941 0.6909 0.4517, -0.098 0.687 0.4516, -0.098 0.6909 0.4516, -0.1017 0.687 0.4511, -0.1017 0.6909 0.4511, -0.1052 0.687 0.4502, -0.1052 0.6909 0.4502, -0.1086 0.687 0.4491, -0.1086 0.6909 0.4491, -0.1118 0.687 0.4476, -0.1118 0.6909 0.4476, -0.113 0.687 0.447, -0.113 0.6909 0.447, -0.113 0.6909 0.4578, -0.113 0.687 0.4578, -0.1099 0.687 0.459, -0.1099 0.6909 0.459, -0.1065 0.687 0.4599, -0.1065 0.6909 0.4599, -0.1026 0.687 0.4605, -0.1026 0.6909 0.4605, -0.0983 0.687 0.461, -0.0983 0.6909 0.461, -0.094 0.687 0.4611, -0.094 0.6909 0.4611, -0.0898 0.687 0.4609, -0.0898 0.6909 0.4609, -0.0858 0.687 0.4604, -0.0858 0.6909 0.4604, -0.0821 0.687 0.4596, -0.0821 0.6909 0.4596, -0.0786 0.687 0.4585, -0.0786 0.6909 0.4585, -0.0753 0.687 0.457, -0.0753 0.6909 0.457, -0.0721 0.687 0.4553, -0.0721 0.6909 0.4553, -0.0692 0.687 0.4533, -0.0692 0.6909 0.4533, -0.0664 0.687 0.451, -0.0664 0.6909 0.451, -0.0646 0.687 0.4493, -0.0646 0.6909 0.4493, -0.0621 0.687 0.4466, -0.0621 0.6909 0.4466, -0.06 0.687 0.4436, -0.06 0.6909 0.4436, -0.0581 0.687 0.4405, -0.0581 0.6909 0.4405, -0.0566 0.687 0.4373, -0.0566 0.6909 0.4373, -0.0553 0.687 0.4338, -0.0553 0.6909 0.4338, -0.0543 0.687 0.4301, -0.0543 0.6909 0.4301, -0.0536 0.687 0.4261, -0.0536 0.6909 0.4261, -0.0531 0.687 0.4219, -0.0531 0.6909 0.4219, -0.053 0.687 0.4182, -0.053 0.6909 0.4182, -0.0532 0.687 0.4137, -0.0532 0.6909 0.4137, -0.0537 0.687 0.4094, -0.0537 0.6909 0.4094, -0.0545 0.687 0.4055, -0.0545 0.6909 0.4055, -0.0556 0.687 0.4019, -0.0556 0.6909 0.4019, -0.057 0.687 0.3985, -0.057 0.6909 0.3985, -0.0587 0.687 0.3954, -0.0587 0.6909 0.3954, -0.0606 0.687 0.3925, -0.0606 0.6909 0.3925, -0.0627 0.687 0.3899, -0.0627 0.6909 0.3899, -0.0633 0.687 0.3892, -0.0633 0.6909 0.3892, -0.0658 0.687 0.3868, -0.0658 0.6909 0.3868, -0.0685 0.687 0.3847, -0.0685 0.6909 0.3847, -0.0713 0.687 0.383, -0.0713 0.6909 0.383, -0.0743 0.687 0.3815, -0.0743 0.6909 0.3815, -0.0775 0.687 0.3803, -0.0775 0.6909 0.3803, -0.0809 0.687 0.3793, -0.0809 0.6909 0.3793, -0.0846 0.687 0.3787, -0.0846 0.6909 0.3787, -0.0885 0.687 0.3784, -0.0885 0.6909 0.3784, -0.1721 0.6909 0.3888, -0.1721 0.6909 0.3797, -0.1721 0.687 0.3888, -0.1721 0.687 0.3797, -0.1393 0.6909 0.3888, -0.1393 0.687 0.3888, -0.1393 0.6909 0.4157, -0.1393 0.687 0.4157, -0.168 0.6909 0.4157, -0.168 0.687 0.4157, -0.168 0.6909 0.4249, -0.168 0.687 0.4249, -0.1393 0.6909 0.4249, -0.1393 0.687 0.4249, -0.1393 0.6909 0.4505, -0.1393 0.687 0.4505, -0.1702 0.6909 0.4505, -0.1702 0.687 0.4505, -0.1702 0.6909 0.4597, -0.1702 0.687 0.4597, -0.129 0.6909 0.4597, -0.129 0.687 0.4597, -0.129 0.6909 0.3797, -0.129 0.687 0.3797, -0.224 0.6909 0.3914, -0.2296 0.6909 0.3837, -0.2269 0.6909 0.3927, -0.2329 0.6909 0.3854, -0.2296 0.6909 0.3943, -0.236 0.6909 0.3874, -0.232 0.6909 0.3962, -0.239 0.6909 0.3897, -0.233 0.6909 0.3971, -0.2403 0.6909 0.3909, -0.235 0.6909 0.3993, -0.2429 0.6909 0.3935, -0.2367 0.6909 0.4017, -0.2451 0.6909 0.3963, -0.2382 0.6909 0.4044, -0.247 0.6909 0.3992, -0.2394 0.6909 0.4072, -0.2408 0.6909 0.4282, -0.2509 0.6909 0.4324, -0.24 0.6909 0.4315, -0.2498 0.6909 0.4357, -0.239 0.6909 0.4344, -0.2483 0.6909 0.4389, -0.2376 0.6909 0.4371, -0.2466 0.6909 0.4418, -0.236 0.6909 0.4395, -0.2446 0.6909 0.4446, -0.2424 0.6909 0.4472, -0.2342 0.6909 0.4416, -0.2403 0.6909 0.4491, -0.2327 0.6909 0.443, -0.2373 0.6909 0.4515, -0.2303 0.6909 0.4449, -0.2342 0.6909 0.4536, -0.2276 0.6909 0.4465, -0.2309 0.6909 0.4553, -0.2247 0.6909 0.4479, -0.2274 0.6909 0.4568, -0.2216 0.6909 0.4489, -0.2238 0.6909 0.458, -0.2182 0.6909 0.4498, -0.2199 0.6909 0.4589, -0.2145 0.6909 0.4503, -0.2158 0.6909 0.4594, -0.2106 0.6909 0.4505, -0.2115 0.6909 0.4597, -0.2096 0.6909 0.4505, -0.21 0.6909 0.4597, -0.1975 0.6909 0.4505, -0.1872 0.6909 0.4597, -0.1975 0.6909 0.3888, -0.1872 0.6909 0.3797, -0.2092 0.6909 0.3888, -0.2092 0.6909 0.3797, -0.2134 0.6909 0.389, -0.2138 0.6909 0.3798, -0.2173 0.6909 0.3895, -0.2182 0.6909 0.3803, -0.2208 0.6909 0.3903, -0.2222 0.6909 0.3812, -0.226 0.6909 0.3823, -0.2487 0.6909 0.4024, -0.25 0.6909 0.4057, -0.2404 0.6909 0.4103, -0.2511 0.6909 0.4092, -0.241 0.6909 0.4137, -0.2518 0.6909 0.4129, -0.2414 0.6909 0.4174, -0.2523 0.6909 0.4169, -0.2415 0.6909 0.4204, -0.2524 0.6909 0.4207, -0.2413 0.6909 0.4244, -0.2522 0.6909 0.4248, -0.2517 0.6909 0.4287, -0.2303 0.687 0.4449, -0.2373 0.687 0.4515, -0.2327 0.687 0.443, -0.2403 0.687 0.4491, -0.2342 0.687 0.4416, -0.2424 0.687 0.4472, -0.236 0.687 0.4395, -0.2446 0.687 0.4446, -0.2376 0.687 0.4371, -0.2466 0.687 0.4418, -0.239 0.687 0.4344, -0.2483 0.687 0.4389, -0.24 0.687 0.4315, -0.2269 0.687 0.3927, -0.2296 0.687 0.3837, -0.224 0.687 0.3914, -0.226 0.687 0.3823, -0.2208 0.687 0.3903, -0.2222 0.687 0.3812, -0.2173 0.687 0.3895, -0.2182 0.687 0.3803, -0.2134 0.687 0.389, -0.2138 0.687 0.3798, -0.2092 0.687 0.3888, -0.2092 0.687 0.3797, -0.1975 0.687 0.3888, -0.1872 0.687 0.3797, -0.1975 0.687 0.4505, -0.1872 0.687 0.4597, -0.2096 0.687 0.4505, -0.21 0.687 0.4597, -0.2106 0.687 0.4505, -0.2115 0.687 0.4597, -0.2145 0.687 0.4503, -0.2158 0.687 0.4594, -0.2182 0.687 0.4498, -0.2199 0.687 0.4589, -0.2216 0.687 0.4489, -0.2238 0.687 0.458, -0.2247 0.687 0.4479, -0.2274 0.687 0.4568, -0.2276 0.687 0.4465, -0.2309 0.687 0.4553, -0.2342 0.687 0.4536, -0.2404 0.687 0.4103, -0.25 0.687 0.4057, -0.2394 0.687 0.4072, -0.2487 0.687 0.4024, -0.2382 0.687 0.4044, -0.247 0.687 0.3992, -0.2367 0.687 0.4017, -0.2451 0.687 0.3963, -0.235 0.687 0.3993, -0.2429 0.687 0.3935, -0.233 0.687 0.3971, -0.2403 0.687 0.3909, -0.232 0.687 0.3962, -0.239 0.687 0.3897, -0.2296 0.687 0.3943, -0.236 0.687 0.3874, -0.2329 0.687 0.3854, -0.2498 0.687 0.4357, -0.2509 0.687 0.4324, -0.2408 0.687 0.4282, -0.2517 0.687 0.4287, -0.2413 0.687 0.4244, -0.2522 0.687 0.4248, -0.2415 0.687 0.4204, -0.2524 0.687 0.4207, -0.2414 0.687 0.4174, -0.2523 0.687 0.4169, -0.241 0.687 0.4137, -0.2518 0.687 0.4129, -0.2511 0.687 0.4092, -0.2792 0.6909 0.4106, -0.2912 0.6909 0.4439, -0.2873 0.6909 0.4597, -0.2568 0.6909 0.3797, -0.2682 0.6909 0.3797, -0.2759 0.6909 0.4016, -0.2919 0.6909 0.4463, -0.2925 0.6909 0.4495, -0.2984 0.6909 0.4597, -0.2927 0.6909 0.4495, -0.2934 0.6909 0.4461, -0.294 0.6909 0.4439, -0.3061 0.6909 0.4106, -0.3289 0.6909 0.3797, -0.3175 0.6909 0.3797, -0.3093 0.6909 0.4016, -0.2759 0.687 0.4016, -0.2792 0.687 0.4106, -0.3093 0.687 0.4016, -0.3061 0.687 0.4106, -0.294 0.687 0.4439, -0.2984 0.687 0.4597, -0.3289 0.687 0.3797, -0.3175 0.687 0.3797, -0.2934 0.687 0.4461, -0.2927 0.687 0.4495, -0.2873 0.687 0.4597, -0.2925 0.687 0.4495, -0.2919 0.687 0.4463, -0.2912 0.687 0.4439, -0.2568 0.687 0.3797, -0.2682 0.687 0.3797, -0.0506 0.6909 0.2618, -0.0506 0.6909 0.2526, -0.0506 0.687 0.2618, -0.0506 0.687 0.2526, -0.0179 0.6909 0.2618, -0.0179 0.687 0.2618, -0.0179 0.6909 0.2887, -0.0179 0.687 0.2887, -0.0465 0.6909 0.2887, -0.0465 0.687 0.2887, -0.0465 0.6909 0.2979, -0.0465 0.687 0.2979, -0.0179 0.6909 0.2979, -0.0179 0.687 0.2979, -0.0179 0.6909 0.3235, -0.0179 0.687 0.3235, -0.0488 0.6909 0.3235, -0.0488 0.687 0.3235, -0.0488 0.6909 0.3327, -0.0488 0.687 0.3327, -0.0075 0.6909 0.3327, -0.0075 0.687 0.3327, -0.0075 0.6909 0.2526, -0.0075 0.687 0.2526, -0.0773 0.6909 0.2784, -0.0796 0.6909 0.279, -0.0961 0.6909 0.289, -0.0827 0.6909 0.2795, -0.0684 0.6909 0.2833, -0.073 0.6909 0.276, -0.0742 0.6909 0.2769, -0.0925 0.6909 0.3002, -0.0979 0.6909 0.3082, -0.0914 0.6909 0.3012, -0.0961 0.6909 0.3091, -0.09 0.6909 0.3019, -0.0942 0.6909 0.3099, -0.0884 0.6909 0.3025, -0.0961 0.6909 0.2753, -0.096 0.6909 0.2732, -0.1061 0.6909 0.2894, -0.0723 0.6909 0.2631, -0.0714 0.6909 0.2643, -0.0631 0.6909 0.258, -0.0666 0.6909 0.282, -0.065 0.6909 0.2807, -0.0721 0.6909 0.2749, -0.0961 0.6909 0.2526, -0.1061 0.6909 0.2526, -0.0961 0.6909 0.2615, -0.0956 0.6909 0.2711, -0.0944 0.6909 0.2977, -0.1022 0.6909 0.3042, -0.0935 0.6909 0.2991, -0.101 0.6909 0.3057, -0.0995 0.6909 0.307, -0.0647 0.6909 0.2804, -0.0634 0.6909 0.2789, -0.0714 0.6909 0.2737, -0.0624 0.6909 0.2773, -0.0708 0.6909 0.2723, -0.0792 0.6909 0.2866, -0.076 0.6909 0.286, -0.0755 0.6909 0.2777, -0.0731 0.6909 0.2853, -0.0706 0.6909 0.2843, -0.0956 0.6909 0.2943, -0.1051 0.6909 0.2982, -0.0951 0.6909 0.2962, -0.1043 0.6909 0.3005, -0.1033 0.6909 0.3025, -0.0733 0.6909 0.2621, -0.0684 0.6909 0.2535, -0.0745 0.6909 0.2612, -0.0702 0.6909 0.2526, -0.0759 0.6909 0.2604, -0.0723 0.6909 0.252, -0.0774 0.6909 0.2599, -0.0643 0.6909 0.2566, -0.0651 0.6909 0.2558, -0.0667 0.6909 0.2545, -0.0705 0.6909 0.2671, -0.0607 0.6909 0.2634, -0.0709 0.6909 0.2656, -0.0613 0.6909 0.2614, -0.0621 0.6909 0.2597, -0.106 0.6909 0.2927, -0.0961 0.6909 0.2813, -0.0961 0.6909 0.2758, -0.0959 0.6909 0.2922, -0.1057 0.6909 0.2956, -0.0961 0.6909 0.2897, -0.0615 0.6909 0.2755, -0.0609 0.6909 0.2736, -0.0705 0.6909 0.2707, -0.0605 0.6909 0.2715, -0.0704 0.6909 0.2688, -0.0919 0.6909 0.3105, -0.0895 0.6909 0.3109, -0.0866 0.6909 0.3029, -0.0867 0.6909 0.3111, -0.0845 0.6909 0.303, -0.0855 0.6909 0.3111, -0.0835 0.6909 0.303, -0.0821 0.6909 0.311, -0.0808 0.6909 0.3028, -0.0789 0.6909 0.3106, -0.0782 0.6909 0.3023, -0.0758 0.6909 0.31, -0.0757 0.6909 0.3016, -0.0729 0.6909 0.3092, -0.0731 0.6909 0.3006, -0.0702 0.6909 0.3081, -0.0707 0.6909 0.2994, -0.0676 0.6909 0.3068, -0.0682 0.6909 0.2979, -0.0658 0.6909 0.3058, -0.0658 0.6909 0.2961, -0.095 0.6909 0.2692, -0.0941 0.6909 0.2674, -0.0958 0.6909 0.2615, -0.0931 0.6909 0.2657, -0.0954 0.6909 0.2607, -0.083 0.6909 0.2596, -0.0853 0.6909 0.2524, -0.085 0.6909 0.26, -0.0873 0.6909 0.2532, -0.0868 0.6909 0.2606, -0.0891 0.6909 0.2542, -0.0884 0.6909 0.2614, -0.0602 0.6909 0.2692, -0.0602 0.6909 0.2679, -0.0603 0.6909 0.2656, -0.0909 0.6909 0.2555, -0.0925 0.6909 0.257, -0.09 0.6909 0.2625, -0.094 0.6909 0.2587, -0.0914 0.6909 0.2637, -0.0918 0.6909 0.2642, -0.0745 0.6909 0.2515, -0.0769 0.6909 0.2513, -0.0791 0.6909 0.2596, -0.0783 0.6909 0.2513, -0.0809 0.6909 0.2595, -0.0808 0.6909 0.2514, -0.0832 0.6909 0.2518, -0.0682 0.687 0.2979, -0.0658 0.687 0.2961, -0.0658 0.687 0.3058, -0.0914 0.687 0.3012, -0.0979 0.687 0.3082, -0.0925 0.687 0.3002, -0.0995 0.687 0.307, -0.0935 0.687 0.2991, -0.0723 0.687 0.2631, -0.0631 0.687 0.258, -0.0714 0.687 0.2643, -0.0621 0.687 0.2597, -0.0709 0.687 0.2656, -0.0956 0.687 0.2711, -0.096 0.687 0.2732, -0.1061 0.687 0.2894, -0.0954 0.687 0.2607, -0.094 0.687 0.2587, -0.09 0.687 0.2625, -0.0925 0.687 0.257, -0.0884 0.687 0.2614, -0.0909 0.687 0.2555, -0.0868 0.687 0.2606, -0.0891 0.687 0.2542, -0.085 0.687 0.26, -0.101 0.687 0.3057, -0.1022 0.687 0.3042, -0.0944 0.687 0.2977, -0.1033 0.687 0.3025, -0.0951 0.687 0.2962, -0.0866 0.687 0.3029, -0.0895 0.687 0.3109, -0.0884 0.687 0.3025, -0.0919 0.687 0.3105, -0.09 0.687 0.3019, -0.0942 0.687 0.3099, -0.0961 0.687 0.3091, -0.095 0.687 0.2692, -0.0961 0.687 0.2615, -0.0961 0.687 0.2526, -0.1061 0.687 0.2526, -0.073 0.687 0.276, -0.0684 0.687 0.2833, -0.0742 0.687 0.2769, -0.0706 0.687 0.2843, -0.0755 0.687 0.2777, -0.0731 0.687 0.2853, -0.0773 0.687 0.2784, -0.076 0.687 0.286, -0.0796 0.687 0.279, -0.0792 0.687 0.2866, -0.0721 0.687 0.2749, -0.065 0.687 0.2807, -0.0666 0.687 0.282, -0.0733 0.687 0.2621, -0.0651 0.687 0.2558, -0.0643 0.687 0.2566, -0.0745 0.687 0.2612, -0.0684 0.687 0.2535, -0.0667 0.687 0.2545, -0.0914 0.687 0.2637, -0.0918 0.687 0.2642, -0.0958 0.687 0.2615, -0.0931 0.687 0.2657, -0.0941 0.687 0.2674, -0.0714 0.687 0.2737, -0.0634 0.687 0.2789, -0.0647 0.687 0.2804, -0.0961 0.687 0.2813, -0.106 0.687 0.2927, -0.0961 0.687 0.2758, -0.0961 0.687 0.2753, -0.0613 0.687 0.2614, -0.0607 0.687 0.2634, -0.0705 0.687 0.2671, -0.0791 0.687 0.2596, -0.0769 0.687 0.2513, -0.0774 0.687 0.2599, -0.0745 0.687 0.2515, -0.0759 0.687 0.2604, -0.0723 0.687 0.252, -0.0702 0.687 0.2526, -0.0873 0.687 0.2532, -0.0853 0.687 0.2524, -0.083 0.687 0.2596, -0.0832 0.687 0.2518, -0.0809 0.687 0.2595, -0.0808 0.687 0.2514, -0.0783 0.687 0.2513, -0.1043 0.687 0.3005, -0.1051 0.687 0.2982, -0.0956 0.687 0.2943, -0.1057 0.687 0.2956, -0.0959 0.687 0.2922, -0.0961 0.687 0.2897, -0.0961 0.687 0.289, -0.0827 0.687 0.2795, -0.0705 0.687 0.2707, -0.0609 0.687 0.2736, -0.0708 0.687 0.2723, -0.0615 0.687 0.2755, -0.0624 0.687 0.2773, -0.0603 0.687 0.2656, -0.0602 0.687 0.2679, -0.0704 0.687 0.2688, -0.0602 0.687 0.2692, -0.0605 0.687 0.2715, -0.0707 0.687 0.2994, -0.0676 0.687 0.3068, -0.0731 0.687 0.3006, -0.0702 0.687 0.3081, -0.0757 0.687 0.3016, -0.0729 0.687 0.3092, -0.0782 0.687 0.3023, -0.0758 0.687 0.31, -0.0808 0.687 0.3028, -0.0789 0.687 0.3106, -0.0835 0.687 0.303, -0.0821 0.687 0.311, -0.0845 0.687 0.303, -0.0855 0.687 0.3111, -0.0867 0.687 0.3111, -0.1362 0.6909 0.2595, -0.1362 0.687 0.2595, -0.1337 0.687 0.2596, -0.1337 0.6909 0.2596, -0.1312 0.687 0.2599, -0.1312 0.6909 0.2599, -0.1287 0.687 0.2605, -0.1287 0.6909 0.2605, -0.1263 0.687 0.2614, -0.1263 0.6909 0.2614, -0.124 0.687 0.2624, -0.124 0.6909 0.2624, -0.1217 0.687 0.2637, -0.1217 0.6909 0.2637, -0.1197 0.687 0.265, -0.1197 0.6909 0.265, -0.1197 0.6909 0.2546, -0.1197 0.687 0.2546, -0.1221 0.687 0.2536, -0.1221 0.6909 0.2536, -0.1247 0.687 0.2527, -0.1247 0.6909 0.2527, -0.1274 0.687 0.252, -0.1274 0.6909 0.252, -0.1302 0.687 0.2516, -0.1302 0.6909 0.2516, -0.1333 0.687 0.2513, -0.1333 0.6909 0.2513, -0.1352 0.687 0.2513, -0.1352 0.6909 0.2513, -0.1384 0.687 0.2514, -0.1384 0.6909 0.2514, -0.1414 0.687 0.2517, -0.1414 0.6909 0.2517, -0.1441 0.687 0.2523, -0.1441 0.6909 0.2523, -0.1466 0.687 0.2531, -0.1466 0.6909 0.2531, -0.1488 0.687 0.254, -0.1488 0.6909 0.254, -0.1508 0.687 0.2551, -0.1508 0.6909 0.2551, -0.1519 0.687 0.2558, -0.1519 0.6909 0.2558, -0.1535 0.687 0.2571, -0.1535 0.6909 0.2571, -0.1549 0.687 0.2585, -0.1549 0.6909 0.2585, -0.156 0.687 0.2599, -0.156 0.6909 0.2599, -0.1569 0.687 0.2615, -0.1569 0.6909 0.2615, -0.1576 0.687 0.2632, -0.1576 0.6909 0.2632, -0.1581 0.687 0.2649, -0.1581 0.6909 0.2649, -0.1583 0.687 0.2669, -0.1583 0.6909 0.2669, -0.1584 0.687 0.2682, -0.1584 0.6909 0.2682, -0.1582 0.687 0.2702, -0.1582 0.6909 0.2702, -0.1579 0.687 0.2721, -0.1579 0.6909 0.2721, -0.1573 0.687 0.2739, -0.1573 0.6909 0.2739, -0.1566 0.687 0.2755, -0.1566 0.6909 0.2755, -0.1556 0.687 0.2769, -0.1556 0.6909 0.2769, -0.155 0.687 0.2776, -0.155 0.6909 0.2776, -0.1537 0.687 0.2789, -0.1537 0.6909 0.2789, -0.1521 0.687 0.2801, -0.1521 0.6909 0.2801, -0.1501 0.687 0.2814, -0.1501 0.6909 0.2814, -0.1475 0.687 0.2828, -0.1475 0.6909 0.2828, -0.1443 0.687 0.2842, -0.1443 0.6909 0.2842, -0.1421 0.687 0.2851, -0.1421 0.6909 0.2851, -0.1377 0.687 0.2869, -0.1377 0.6909 0.2869, -0.135 0.687 0.2882, -0.135 0.6909 0.2882, -0.1333 0.687 0.2893, -0.1333 0.6909 0.2893, -0.1323 0.687 0.29, -0.1323 0.6909 0.29, -0.1315 0.687 0.2909, -0.1315 0.6909 0.2909, -0.1308 0.687 0.2919, -0.1308 0.6909 0.2919, -0.1304 0.687 0.293, -0.1304 0.6909 0.293, -0.1302 0.687 0.2943, -0.1302 0.6909 0.2943, -0.1301 0.687 0.2953, -0.1301 0.6909 0.2953, -0.1303 0.687 0.2966, -0.1303 0.6909 0.2966, -0.1306 0.687 0.2978, -0.1306 0.6909 0.2978, -0.1312 0.687 0.2988, -0.1312 0.6909 0.2988, -0.1319 0.687 0.2998, -0.1319 0.6909 0.2998, -0.1329 0.687 0.3007, -0.1329 0.6909 0.3007, -0.1332 0.687 0.3009, -0.1332 0.6909 0.3009, -0.1345 0.687 0.3016, -0.1345 0.6909 0.3016, -0.136 0.687 0.3022, -0.136 0.6909 0.3022, -0.1377 0.687 0.3027, -0.1377 0.6909 0.3027, -0.1395 0.687 0.3029, -0.1395 0.6909 0.3029, -0.1411 0.687 0.303, -0.1411 0.6909 0.303, -0.1438 0.687 0.3029, -0.1438 0.6909 0.3029, -0.1463 0.687 0.3025, -0.1463 0.6909 0.3025, -0.1488 0.687 0.3019, -0.1488 0.6909 0.3019, -0.1511 0.687 0.3011, -0.1511 0.6909 0.3011, -0.1534 0.687 0.3001, -0.1534 0.6909 0.3001, -0.1556 0.687 0.2989, -0.1556 0.6909 0.2989, -0.1556 0.6909 0.3086, -0.1556 0.687 0.3086, -0.153 0.687 0.3095, -0.153 0.6909 0.3095, -0.1503 0.687 0.3103, -0.1503 0.6909 0.3103, -0.1475 0.687 0.3108, -0.1475 0.6909 0.3108, -0.1446 0.687 0.3111, -0.1446 0.6909 0.3111, -0.1421 0.687 0.3111, -0.1421 0.6909 0.3111, -0.1391 0.687 0.311, -0.1391 0.6909 0.311, -0.1363 0.687 0.3107, -0.1363 0.6909 0.3107, -0.1338 0.687 0.3101, -0.1338 0.6909 0.3101, -0.1314 0.687 0.3093, -0.1314 0.6909 0.3093, -0.1292 0.687 0.3084, -0.1292 0.6909 0.3084, -0.1271 0.687 0.3072, -0.1271 0.6909 0.3072, -0.1262 0.687 0.3066, -0.1262 0.6909 0.3066, -0.1246 0.687 0.3053, -0.1246 0.6909 0.3053, -0.1232 0.687 0.3038, -0.1232 0.6909 0.3038, -0.122 0.687 0.3023, -0.122 0.6909 0.3023, -0.1212 0.687 0.3007, -0.1212 0.6909 0.3007, -0.1205 0.687 0.2991, -0.1205 0.6909 0.2991, -0.1201 0.687 0.2973, -0.1201 0.6909 0.2973, -0.1198 0.687 0.2954, -0.1198 0.6909 0.2954, -0.1198 0.687 0.2944, -0.1198 0.6909 0.2944, -0.1199 0.687 0.2923, -0.1199 0.6909 0.2923, -0.1203 0.687 0.2903, -0.1203 0.6909 0.2903, -0.1208 0.687 0.2886, -0.1208 0.6909 0.2886, -0.1216 0.687 0.2869, -0.1216 0.6909 0.2869, -0.1225 0.687 0.2855, -0.1225 0.6909 0.2855, -0.1226 0.687 0.2853, -0.1226 0.6909 0.2853, -0.1237 0.687 0.2842, -0.1237 0.6909 0.2842, -0.125 0.687 0.283, -0.125 0.6909 0.283, -0.1268 0.687 0.2818, -0.1268 0.6909 0.2818, -0.1292 0.687 0.2804, -0.1292 0.6909 0.2804, -0.1322 0.687 0.279, -0.1322 0.6909 0.279, -0.135 0.687 0.2778, -0.135 0.6909 0.2778, -0.1394 0.687 0.276, -0.1394 0.6909 0.276, -0.1423 0.687 0.2747, -0.1423 0.6909 0.2747, -0.1443 0.687 0.2735, -0.1443 0.6909 0.2735, -0.1455 0.687 0.2727, -0.1455 0.6909 0.2727, -0.1465 0.687 0.2717, -0.1465 0.6909 0.2717, -0.1472 0.687 0.2706, -0.1472 0.6909 0.2706, -0.1477 0.687 0.2695, -0.1477 0.6909 0.2695, -0.148 0.687 0.2682, -0.148 0.6909 0.2682, -0.1481 0.687 0.2672, -0.1481 0.6909 0.2672, -0.1479 0.687 0.2658, -0.1479 0.6909 0.2658, -0.1476 0.687 0.2645, -0.1476 0.6909 0.2645, -0.1471 0.687 0.2634, -0.1471 0.6909 0.2634, -0.1463 0.687 0.2624, -0.1463 0.6909 0.2624, -0.1454 0.687 0.2616, -0.1454 0.6909 0.2616, -0.1442 0.687 0.2609, -0.1442 0.6909 0.2609, -0.1428 0.687 0.2603, -0.1428 0.6909 0.2603, -0.1411 0.687 0.2599, -0.1411 0.6909 0.2599, -0.139 0.687 0.2596, -0.139 0.6909 0.2596, -0.2081 0.6909 0.3098, -0.2185 0.6909 0.3098, -0.2081 0.687 0.3098, -0.2185 0.687 0.3098, -0.1925 0.6909 0.2668, -0.1925 0.687 0.2668, -0.1917 0.687 0.2641, -0.1917 0.6909 0.2641, -0.1912 0.687 0.2621, -0.1912 0.6909 0.2621, -0.191 0.6909 0.2621, -0.191 0.687 0.2621, -0.1897 0.6909 0.2668, -0.1897 0.687 0.2668, -0.1748 0.6909 0.3098, -0.1748 0.687 0.3098, -0.1636 0.6909 0.3098, -0.1636 0.687 0.3098, -0.186 0.6909 0.2528, -0.186 0.687 0.2528, -0.1816 0.6909 0.2424, -0.1816 0.687 0.2424, -0.1804 0.687 0.24, -0.1804 0.6909 0.24, -0.1792 0.687 0.2382, -0.1792 0.6909 0.2382, -0.1778 0.687 0.2367, -0.1778 0.6909 0.2367, -0.1764 0.687 0.2356, -0.1764 0.6909 0.2356, -0.1748 0.687 0.2349, -0.1748 0.6909 0.2349, -0.1731 0.687 0.2344, -0.1731 0.6909 0.2344, -0.1713 0.687 0.2343, -0.1713 0.6909 0.2343, -0.1692 0.687 0.2345, -0.1692 0.6909 0.2345, -0.167 0.687 0.235, -0.167 0.6909 0.235, -0.1656 0.687 0.2354, -0.1656 0.6909 0.2354, -0.1656 0.6909 0.2265, -0.1656 0.687 0.2265, -0.168 0.687 0.226, -0.168 0.6909 0.226, -0.1708 0.687 0.2257, -0.1708 0.6909 0.2257, -0.1721 0.687 0.2257, -0.1721 0.6909 0.2257, -0.1746 0.687 0.2259, -0.1746 0.6909 0.2259, -0.1769 0.687 0.2264, -0.1769 0.6909 0.2264, -0.1791 0.687 0.2272, -0.1791 0.6909 0.2272, -0.1812 0.687 0.2283, -0.1812 0.6909 0.2283, -0.1832 0.687 0.2298, -0.1832 0.6909 0.2298, -0.1852 0.687 0.2316, -0.1852 0.6909 0.2316, -0.1871 0.687 0.2339, -0.1871 0.6909 0.2339, -0.1889 0.687 0.2365, -0.1889 0.6909 0.2365, -0.1906 0.687 0.2397, -0.1906 0.6909 0.2397, -0.1923 0.687 0.2434, -0.1923 0.6909 0.2434, -0.1925 0.687 0.244, -0.1925 0.6909 0.244, -0.2723 0.6909 0.2618, -0.2723 0.6909 0.2526, -0.2723 0.687 0.2618, -0.2723 0.687 0.2526, -0.2396 0.6909 0.2618, -0.2396 0.687 0.2618, -0.2396 0.6909 0.2887, -0.2396 0.687 0.2887, -0.2682 0.6909 0.2887, -0.2682 0.687 0.2887, -0.2682 0.6909 0.2979, -0.2682 0.687 0.2979, -0.2396 0.6909 0.2979, -0.2396 0.687 0.2979, -0.2396 0.6909 0.3235, -0.2396 0.687 0.3235, -0.2705 0.6909 0.3235, -0.2705 0.687 0.3235, -0.2705 0.6909 0.3327, -0.2705 0.687 0.3327, -0.2293 0.6909 0.3327, -0.2293 0.687 0.3327, -0.2293 0.6909 0.2526, -0.2293 0.687 0.2526, -0.3243 0.6909 0.2643, -0.3298 0.6909 0.2567, -0.3272 0.6909 0.2657, -0.3332 0.6909 0.2584, -0.3298 0.6909 0.2673, -0.3363 0.6909 0.2604, -0.3322 0.6909 0.2692, -0.3392 0.6909 0.2626, -0.3332 0.6909 0.2701, -0.3406 0.6909 0.2639, -0.3353 0.6909 0.2723, -0.3431 0.6909 0.2665, -0.337 0.6909 0.2747, -0.3454 0.6909 0.2693, -0.3385 0.6909 0.2773, -0.3473 0.6909 0.2722, -0.3397 0.6909 0.2802, -0.3411 0.6909 0.3011, -0.3512 0.6909 0.3053, -0.3403 0.6909 0.3045, -0.35 0.6909 0.3087, -0.3392 0.6909 0.3074, -0.3486 0.6909 0.3119, -0.3379 0.6909 0.3101, -0.3469 0.6909 0.3148, -0.3363 0.6909 0.3125, -0.3449 0.6909 0.3176, -0.3426 0.6909 0.3202, -0.3345 0.6909 0.3146, -0.3406 0.6909 0.3221, -0.333 0.6909 0.316, -0.3376 0.6909 0.3245, -0.3305 0.6909 0.3179, -0.3345 0.6909 0.3266, -0.3278 0.6909 0.3195, -0.3312 0.6909 0.3283, -0.325 0.6909 0.3208, -0.3277 0.6909 0.3298, -0.3218 0.6909 0.3219, -0.3241 0.6909 0.331, -0.3184 0.6909 0.3227, -0.3202 0.6909 0.3318, -0.3148 0.6909 0.3233, -0.3161 0.6909 0.3324, -0.3109 0.6909 0.3235, -0.3118 0.6909 0.3327, -0.3099 0.6909 0.3235, -0.3103 0.6909 0.3327, -0.2978 0.6909 0.3235, -0.2875 0.6909 0.3327, -0.2978 0.6909 0.2618, -0.2875 0.6909 0.2526, -0.3094 0.6909 0.2618, -0.3095 0.6909 0.2526, -0.3136 0.6909 0.2619, -0.3141 0.6909 0.2528, -0.3176 0.6909 0.2624, -0.3184 0.6909 0.2533, -0.3211 0.6909 0.2632, -0.3225 0.6909 0.2541, -0.3263 0.6909 0.2553, -0.3489 0.6909 0.2753, -0.3503 0.6909 0.2786, -0.3406 0.6909 0.2833, -0.3513 0.6909 0.2821, -0.3413 0.6909 0.2867, -0.3521 0.6909 0.2859, -0.3417 0.6909 0.2904, -0.3525 0.6909 0.2898, -0.3418 0.6909 0.2934, -0.3527 0.6909 0.2937, -0.3416 0.6909 0.2974, -0.3525 0.6909 0.2978, -0.352 0.6909 0.3017, -0.3305 0.687 0.3179, -0.3376 0.687 0.3245, -0.333 0.687 0.316, -0.3406 0.687 0.3221, -0.3345 0.687 0.3146, -0.3426 0.687 0.3202, -0.3363 0.687 0.3125, -0.3449 0.687 0.3176, -0.3379 0.687 0.3101, -0.3469 0.687 0.3148, -0.3392 0.687 0.3074, -0.3486 0.687 0.3119, -0.3403 0.687 0.3045, -0.3272 0.687 0.2657, -0.3298 0.687 0.2567, -0.3243 0.687 0.2643, -0.3263 0.687 0.2553, -0.3211 0.687 0.2632, -0.3225 0.687 0.2541, -0.3176 0.687 0.2624, -0.3184 0.687 0.2533, -0.3136 0.687 0.2619, -0.3141 0.687 0.2528, -0.3094 0.687 0.2618, -0.3095 0.687 0.2526, -0.2978 0.687 0.2618, -0.2875 0.687 0.2526, -0.2978 0.687 0.3235, -0.2875 0.687 0.3327, -0.3099 0.687 0.3235, -0.3103 0.687 0.3327, -0.3109 0.687 0.3235, -0.3118 0.687 0.3327, -0.3148 0.687 0.3233, -0.3161 0.687 0.3324, -0.3184 0.687 0.3227, -0.3202 0.687 0.3318, -0.3218 0.687 0.3219, -0.3241 0.687 0.331, -0.325 0.687 0.3208, -0.3277 0.687 0.3298, -0.3278 0.687 0.3195, -0.3312 0.687 0.3283, -0.3345 0.687 0.3266, -0.3406 0.687 0.2833, -0.3503 0.687 0.2786, -0.3397 0.687 0.2802, -0.3489 0.687 0.2753, -0.3385 0.687 0.2773, -0.3473 0.687 0.2722, -0.337 0.687 0.2747, -0.3454 0.687 0.2693, -0.3353 0.687 0.2723, -0.3431 0.687 0.2665, -0.3332 0.687 0.2701, -0.3406 0.687 0.2639, -0.3322 0.687 0.2692, -0.3392 0.687 0.2626, -0.3298 0.687 0.2673, -0.3363 0.687 0.2604, -0.3332 0.687 0.2584, -0.35 0.687 0.3087, -0.3512 0.687 0.3053, -0.3411 0.687 0.3011, -0.352 0.687 0.3017, -0.3416 0.687 0.2974, -0.3525 0.687 0.2978, -0.3418 0.687 0.2934, -0.3527 0.687 0.2937, -0.3417 0.687 0.2904, -0.3525 0.687 0.2898, -0.3413 0.687 0.2867, -0.3521 0.687 0.2859, -0.3513 0.687 0.2821, -0.3795 0.6909 0.2836, -0.3915 0.6909 0.3169, -0.3876 0.6909 0.3327, -0.3571 0.6909 0.2526, -0.3685 0.6909 0.2526, -0.3762 0.6909 0.2745, -0.3922 0.6909 0.3193, -0.3928 0.6909 0.3225, -0.3986 0.6909 0.3327, -0.393 0.6909 0.3225, -0.3937 0.6909 0.3191, -0.3943 0.6909 0.3169, -0.4064 0.6909 0.2836, -0.4291 0.6909 0.2526, -0.4177 0.6909 0.2526, -0.4096 0.6909 0.2745, -0.3762 0.687 0.2745, -0.3795 0.687 0.2836, -0.4096 0.687 0.2745, -0.4064 0.687 0.2836, -0.3943 0.687 0.3169, -0.3986 0.687 0.3327, -0.4291 0.687 0.2526, -0.4177 0.687 0.2526, -0.3937 0.687 0.3191, -0.393 0.687 0.3225, -0.3876 0.687 0.3327, -0.3928 0.687 0.3225, -0.3922 0.687 0.3193, -0.3915 0.687 0.3169, -0.3571 0.687 0.2526, -0.3685 0.687 0.2526
            ]
        }
        coordIndex [
            0,1,2,-1,3,4,5,-1,6,7,8,-1,9,10,11,-1,11,10,12,-1,11,12,13,-1,14,15,16,-1,17,18,2,-1,2,18,19,-1,2,19,0,-1,20,21,22,-1,22,21,23,-1,22,23,24,-1,24,23,25,-1,24,25,26,-1,26,25,27,-1,26,27,28,-1,29,30,23,-1,23,30,31,-1,23,31,25,-1,25,31,32,-1,25,32,33,-1,34,35,36,-1,36,35,2,-1,36,2,37,-1,38,39,40,-1,41,1,42,-1,42,1,43,-1,42,43,44,-1,16,15,45,-1,45,15,46,-1,45,46,47,-1,47,46,48,-1,47,48,49,-1,8,7,50,-1,50,7,51,-1,50,51,52,-1,53,54,2,-1,2,54,55,-1,2,55,17,-1,38,40,56,-1,56,40,57,-1,56,57,58,-1,58,57,59,-1,58,59,60,-1,28,61,26,-1,26,61,62,-1,26,62,63,-1,64,65,66,-1,66,65,67,-1,66,67,68,-1,68,67,69,-1,68,69,70,-1,64,66,71,-1,71,66,72,-1,71,72,73,-1,73,72,74,-1,73,74,75,-1,75,74,76,-1,75,76,77,-1,69,78,70,-1,70,78,79,-1,70,79,80,-1,80,79,81,-1,80,81,34,-1,34,81,82,-1,34,82,35,-1,83,84,85,-1,85,84,86,-1,85,86,87,-1,87,86,88,-1,87,88,89,-1,89,88,90,-1,89,90,91,-1,92,93,94,-1,94,93,95,-1,94,95,53,-1,53,95,96,-1,53,96,54,-1,39,38,97,-1,97,38,98,-1,97,98,99,-1,99,98,100,-1,99,100,101,-1,101,100,102,-1,101,102,5,-1,5,102,103,-1,5,103,3,-1,41,104,1,-1,1,104,105,-1,1,105,2,-1,2,105,106,-1,2,106,37,-1,16,107,14,-1,14,107,108,-1,14,108,109,-1,109,108,110,-1,109,110,111,-1,111,110,112,-1,111,112,113,-1,113,112,114,-1,113,114,115,-1,8,116,6,-1,6,116,117,-1,6,117,118,-1,118,117,119,-1,118,119,120,-1,120,119,121,-1,120,121,122,-1,122,121,5,-1,122,5,123,-1,123,5,4,-1,11,124,9,-1,9,124,125,-1,9,125,126,-1,126,125,127,-1,126,127,128,-1,129,130,131,-1,131,130,132,-1,131,132,133,-1,133,132,134,-1,133,134,92,-1,92,134,135,-1,92,135,93,-1,77,76,23,-1,23,76,136,-1,23,136,29,-1,43,137,44,-1,44,137,138,-1,44,138,139,-1,139,138,140,-1,139,140,141,-1,142,143,144,-1,144,143,145,-1,144,145,146,-1,146,145,147,-1,146,147,83,-1,83,147,148,-1,83,148,84,-1,114,149,115,-1,115,149,150,-1,115,150,151,-1,151,150,152,-1,151,152,142,-1,142,152,153,-1,142,153,143,-1,33,154,25,-1,25,154,155,-1,25,155,156,-1,156,155,141,-1,156,141,157,-1,157,141,140,-1,158,159,160,-1,161,162,163,-1,163,162,164,-1,165,166,167,-1,167,166,168,-1,167,168,169,-1,169,168,170,-1,169,170,171,-1,171,170,172,-1,171,172,173,-1,173,172,174,-1,173,174,129,-1,129,174,175,-1,129,175,130,-1,13,176,11,-1,11,176,177,-1,11,177,178,-1,178,177,179,-1,178,179,180,-1,180,179,91,-1,180,91,181,-1,181,91,90,-1,182,183,158,-1,158,183,184,-1,158,184,159,-1,48,185,49,-1,49,185,158,-1,49,158,186,-1,186,158,160,-1,52,51,187,-1,187,51,188,-1,187,188,161,-1,161,188,189,-1,161,189,162,-1,190,191,192,-1,191,193,192,-1,192,193,194,-1,192,194,195,-1,59,196,60,-1,60,196,197,-1,60,197,198,-1,198,197,199,-1,198,199,165,-1,165,199,200,-1,165,200,166,-1,182,158,192,-1,192,158,201,-1,192,201,190,-1,127,202,128,-1,128,202,203,-1,128,203,204,-1,204,203,205,-1,204,205,206,-1,206,205,207,-1,206,207,208,-1,208,207,209,-1,208,209,210,-1,210,209,211,-1,210,211,164,-1,164,211,212,-1,164,212,163,-1,213,214,215,-1,215,214,216,-1,215,216,217,-1,218,219,220,-1,218,220,221,-1,216,222,217,-1,217,222,223,-1,217,223,224,-1,224,223,225,-1,226,227,228,-1,229,230,231,-1,231,230,232,-1,233,234,235,-1,235,234,236,-1,235,236,237,-1,237,236,238,-1,237,238,239,-1,240,241,242,-1,243,244,245,-1,246,247,217,-1,217,247,248,-1,217,248,215,-1,215,248,249,-1,228,250,226,-1,226,250,220,-1,226,220,251,-1,251,220,219,-1,232,252,231,-1,231,252,253,-1,231,253,254,-1,254,253,239,-1,254,239,255,-1,255,239,238,-1,256,257,258,-1,258,257,259,-1,258,259,260,-1,260,259,261,-1,260,261,262,-1,242,241,263,-1,263,241,264,-1,263,264,265,-1,266,267,261,-1,245,244,268,-1,268,244,269,-1,268,269,217,-1,217,269,270,-1,217,270,246,-1,227,226,271,-1,271,226,272,-1,271,272,273,-1,245,274,243,-1,243,274,275,-1,243,275,276,-1,276,275,277,-1,276,277,278,-1,278,277,279,-1,278,279,280,-1,280,279,271,-1,280,271,281,-1,281,271,273,-1,282,283,223,-1,223,283,284,-1,223,284,225,-1,265,264,285,-1,285,264,286,-1,285,286,231,-1,231,286,287,-1,231,287,229,-1,288,289,290,-1,290,289,291,-1,290,291,292,-1,292,291,293,-1,292,293,294,-1,294,293,295,-1,294,295,296,-1,297,298,299,-1,299,298,300,-1,299,300,301,-1,301,300,302,-1,301,302,303,-1,267,304,261,-1,261,304,305,-1,261,305,262,-1,306,307,308,-1,308,307,309,-1,308,309,310,-1,311,312,313,-1,313,312,314,-1,313,314,315,-1,315,314,316,-1,315,316,317,-1,317,316,318,-1,317,318,319,-1,319,318,320,-1,319,320,306,-1,306,320,321,-1,306,321,307,-1,322,323,311,-1,249,324,215,-1,215,324,325,-1,215,325,326,-1,326,325,327,-1,326,327,328,-1,328,327,329,-1,328,329,330,-1,330,329,331,-1,331,329,332,-1,331,332,333,-1,333,332,334,-1,333,334,335,-1,335,334,336,-1,336,334,337,-1,336,337,338,-1,338,337,339,-1,339,337,340,-1,339,340,341,-1,341,340,342,-1,341,342,343,-1,343,342,344,-1,344,342,345,-1,344,345,346,-1,346,345,347,-1,346,347,226,-1,226,347,348,-1,226,348,272,-1,309,349,310,-1,310,349,350,-1,310,350,351,-1,351,350,352,-1,351,352,353,-1,353,352,354,-1,353,354,233,-1,233,354,355,-1,233,355,234,-1,323,356,311,-1,311,356,357,-1,311,357,312,-1,358,359,360,-1,360,359,361,-1,302,362,303,-1,303,362,363,-1,303,363,364,-1,364,363,365,-1,364,365,288,-1,288,365,366,-1,288,366,289,-1,261,367,266,-1,266,367,368,-1,266,368,369,-1,369,368,370,-1,369,370,371,-1,371,370,372,-1,371,372,373,-1,373,372,374,-1,373,374,297,-1,297,374,375,-1,297,375,298,-1,295,376,296,-1,296,376,377,-1,296,377,378,-1,378,377,379,-1,378,379,380,-1,380,379,381,-1,380,381,382,-1,382,381,383,-1,382,383,384,-1,384,383,385,-1,384,385,386,-1,386,385,387,-1,386,387,360,-1,360,387,388,-1,360,388,358,-1,361,389,360,-1,360,389,390,-1,360,390,391,-1,221,220,311,-1,311,220,392,-1,311,392,393,-1,394,395,391,-1,391,395,396,-1,391,396,397,-1,393,398,311,-1,311,398,399,-1,311,399,322,-1,400,401,402,-1,402,401,403,-1,402,403,256,-1,256,403,404,-1,256,404,257,-1,242,405,240,-1,240,405,406,-1,240,406,407,-1,407,406,408,-1,407,408,409,-1,409,408,410,-1,409,410,411,-1,411,410,412,-1,411,412,413,-1,413,412,414,-1,413,414,415,-1,415,414,416,-1,415,416,417,-1,417,416,418,-1,417,418,419,-1,419,418,420,-1,419,420,421,-1,421,420,422,-1,421,422,400,-1,400,422,423,-1,400,423,401,-1,397,424,391,-1,391,424,425,-1,391,425,360,-1,145,362,302,-1,145,302,147,-1,147,302,300,-1,147,300,148,-1,148,300,298,-1,148,298,84,-1,84,298,375,-1,84,375,86,-1,86,375,374,-1,86,374,88,-1,88,374,372,-1,88,372,90,-1,90,372,370,-1,90,370,181,-1,181,370,368,-1,181,368,180,-1,180,368,367,-1,180,367,178,-1,178,367,261,-1,178,261,11,-1,11,261,259,-1,11,259,124,-1,124,259,257,-1,124,257,125,-1,125,257,404,-1,125,404,127,-1,127,404,403,-1,127,403,202,-1,202,403,401,-1,202,401,203,-1,203,401,423,-1,203,423,205,-1,205,423,422,-1,205,422,207,-1,207,422,420,-1,207,420,209,-1,209,420,418,-1,209,418,211,-1,211,418,416,-1,211,416,212,-1,212,416,414,-1,212,414,163,-1,163,414,412,-1,163,412,161,-1,161,412,410,-1,161,410,187,-1,187,410,408,-1,187,408,52,-1,52,408,406,-1,52,406,50,-1,50,406,405,-1,50,405,8,-1,8,405,242,-1,8,242,116,-1,116,242,263,-1,116,263,117,-1,117,263,265,-1,117,265,119,-1,119,265,285,-1,119,285,121,-1,121,285,231,-1,121,231,5,-1,5,231,254,-1,5,254,101,-1,101,254,255,-1,101,255,99,-1,99,255,238,-1,99,238,97,-1,97,238,236,-1,97,236,39,-1,39,236,234,-1,39,234,40,-1,40,234,355,-1,40,355,57,-1,57,355,354,-1,57,354,59,-1,59,354,352,-1,59,352,196,-1,196,352,350,-1,196,350,197,-1,197,350,349,-1,197,349,199,-1,199,349,309,-1,199,309,200,-1,200,309,307,-1,200,307,166,-1,166,307,321,-1,166,321,168,-1,168,321,320,-1,168,320,170,-1,170,320,318,-1,170,318,172,-1,172,318,316,-1,172,316,174,-1,174,316,314,-1,174,314,175,-1,175,314,312,-1,175,312,130,-1,130,312,357,-1,130,357,132,-1,132,357,356,-1,132,356,134,-1,134,356,323,-1,134,323,135,-1,135,323,322,-1,135,322,93,-1,93,322,399,-1,93,399,95,-1,95,399,398,-1,95,398,96,-1,96,398,393,-1,96,393,54,-1,54,393,392,-1,54,392,55,-1,55,392,220,-1,55,220,17,-1,17,220,250,-1,17,250,18,-1,18,250,228,-1,18,228,19,-1,19,228,227,-1,19,227,0,-1,0,227,271,-1,0,271,1,-1,1,271,279,-1,1,279,43,-1,43,279,277,-1,43,277,137,-1,137,277,275,-1,137,275,138,-1,138,275,274,-1,138,274,140,-1,140,274,245,-1,140,245,157,-1,157,245,268,-1,157,268,156,-1,156,268,217,-1,156,217,25,-1,25,217,224,-1,25,224,27,-1,27,224,225,-1,27,225,28,-1,28,225,284,-1,28,284,61,-1,61,284,283,-1,61,283,62,-1,62,283,282,-1,62,282,63,-1,63,282,223,-1,63,223,26,-1,26,223,222,-1,26,222,24,-1,22,24,216,-1,216,24,222,-1,20,22,214,-1,214,22,216,-1,21,20,213,-1,213,20,214,-1,23,21,215,-1,215,21,213,-1,23,215,326,-1,23,326,77,-1,77,326,328,-1,77,328,75,-1,75,328,330,-1,75,330,73,-1,73,330,331,-1,73,331,71,-1,71,331,333,-1,71,333,64,-1,64,333,335,-1,64,335,65,-1,65,335,336,-1,65,336,67,-1,67,336,338,-1,67,338,69,-1,69,338,339,-1,69,339,78,-1,78,339,341,-1,78,341,79,-1,79,341,343,-1,79,343,81,-1,81,343,344,-1,81,344,82,-1,82,344,346,-1,82,346,35,-1,35,346,226,-1,35,226,2,-1,2,226,251,-1,2,251,53,-1,53,251,219,-1,53,219,94,-1,94,219,218,-1,94,218,92,-1,92,218,221,-1,92,221,133,-1,133,221,311,-1,133,311,131,-1,131,311,313,-1,131,313,129,-1,129,313,315,-1,129,315,173,-1,173,315,317,-1,173,317,171,-1,171,317,319,-1,171,319,169,-1,169,319,306,-1,169,306,167,-1,167,306,308,-1,167,308,165,-1,165,308,310,-1,165,310,198,-1,198,310,351,-1,198,351,60,-1,60,351,353,-1,60,353,58,-1,58,353,233,-1,58,233,56,-1,56,233,235,-1,56,235,38,-1,38,235,237,-1,38,237,98,-1,98,237,239,-1,98,239,100,-1,100,239,253,-1,100,253,102,-1,102,253,252,-1,102,252,103,-1,103,252,232,-1,103,232,3,-1,3,232,230,-1,3,230,4,-1,4,230,229,-1,4,229,123,-1,123,229,287,-1,123,287,122,-1,122,287,286,-1,122,286,120,-1,120,286,264,-1,120,264,118,-1,118,264,241,-1,118,241,6,-1,6,241,240,-1,6,240,7,-1,7,240,407,-1,7,407,51,-1,51,407,409,-1,51,409,188,-1,188,409,411,-1,188,411,189,-1,189,411,413,-1,189,413,162,-1,162,413,415,-1,162,415,164,-1,164,415,417,-1,164,417,210,-1,210,417,419,-1,210,419,208,-1,208,419,421,-1,208,421,206,-1,206,421,400,-1,206,400,204,-1,204,400,402,-1,204,402,128,-1,128,402,256,-1,128,256,126,-1,126,256,258,-1,126,258,9,-1,9,258,260,-1,9,260,10,-1,10,260,262,-1,10,262,12,-1,12,262,305,-1,12,305,13,-1,176,13,304,-1,304,13,305,-1,176,304,267,-1,176,267,177,-1,177,267,266,-1,177,266,179,-1,179,266,369,-1,179,369,91,-1,91,369,371,-1,91,371,89,-1,89,371,373,-1,89,373,87,-1,87,373,297,-1,87,297,85,-1,85,297,299,-1,85,299,83,-1,83,299,301,-1,83,301,146,-1,146,301,303,-1,146,303,144,-1,144,303,364,-1,144,364,142,-1,142,364,288,-1,142,288,151,-1,151,288,290,-1,151,290,115,-1,115,290,292,-1,115,292,113,-1,113,292,294,-1,113,294,111,-1,111,294,296,-1,111,296,109,-1,109,296,378,-1,109,378,14,-1,14,378,380,-1,14,380,15,-1,15,380,382,-1,15,382,46,-1,48,46,384,-1,384,46,382,-1,48,384,386,-1,48,386,185,-1,185,386,360,-1,185,360,158,-1,158,360,425,-1,158,425,201,-1,201,425,424,-1,201,424,190,-1,190,424,397,-1,190,397,191,-1,191,397,396,-1,191,396,193,-1,193,396,395,-1,193,395,194,-1,194,395,394,-1,194,394,195,-1,195,394,391,-1,195,391,192,-1,192,391,390,-1,192,390,182,-1,182,390,389,-1,182,389,183,-1,183,389,361,-1,183,361,184,-1,184,361,359,-1,184,359,159,-1,159,359,358,-1,159,358,160,-1,160,358,388,-1,160,388,186,-1,186,388,387,-1,186,387,49,-1,49,387,385,-1,49,385,47,-1,45,47,383,-1,383,47,385,-1,45,383,381,-1,45,381,16,-1,16,381,379,-1,16,379,107,-1,107,379,377,-1,107,377,108,-1,108,377,376,-1,108,376,110,-1,110,376,295,-1,110,295,112,-1,112,295,293,-1,112,293,114,-1,114,293,291,-1,114,291,149,-1,149,291,289,-1,149,289,150,-1,150,289,366,-1,150,366,152,-1,152,366,365,-1,152,365,153,-1,153,365,363,-1,153,363,143,-1,143,363,362,-1,143,362,145,-1,66,334,332,-1,66,332,72,-1,72,332,329,-1,72,329,74,-1,74,329,327,-1,74,327,76,-1,76,327,325,-1,76,325,136,-1,136,325,324,-1,136,324,29,-1,29,324,249,-1,29,249,30,-1,30,249,248,-1,30,248,31,-1,31,248,247,-1,31,247,32,-1,32,247,246,-1,32,246,33,-1,33,246,270,-1,33,270,154,-1,154,270,269,-1,154,269,155,-1,155,269,244,-1,155,244,141,-1,141,244,243,-1,141,243,139,-1,139,243,276,-1,139,276,44,-1,44,276,278,-1,44,278,42,-1,42,278,280,-1,42,280,41,-1,41,280,281,-1,41,281,104,-1,104,281,273,-1,104,273,105,-1,105,273,272,-1,105,272,106,-1,106,272,348,-1,106,348,37,-1,37,348,347,-1,37,347,36,-1,36,347,345,-1,36,345,34,-1,34,345,342,-1,34,342,80,-1,80,342,340,-1,80,340,70,-1,70,340,337,-1,70,337,68,-1,68,337,334,-1,68,334,66,-1,426,427,428,-1,428,427,429,-1,430,426,431,-1,431,426,428,-1,432,430,433,-1,433,430,431,-1,434,432,435,-1,435,432,433,-1,436,434,437,-1,437,434,435,-1,427,436,429,-1,429,436,437,-1,432,434,430,-1,430,434,436,-1,430,436,426,-1,426,436,427,-1,428,429,431,-1,431,429,437,-1,431,437,433,-1,433,437,435,-1,438,439,440,-1,438,440,441,-1,441,440,442,-1,441,442,443,-1,443,442,444,-1,443,444,445,-1,445,444,446,-1,445,446,447,-1,447,446,448,-1,447,448,449,-1,449,448,450,-1,449,450,451,-1,452,451,453,-1,453,451,450,-1,452,453,454,-1,452,454,455,-1,455,454,456,-1,455,456,457,-1,457,456,458,-1,457,458,459,-1,459,458,460,-1,459,460,461,-1,461,460,462,-1,461,462,463,-1,463,462,464,-1,463,464,465,-1,465,464,466,-1,465,466,467,-1,467,466,468,-1,467,468,469,-1,469,468,470,-1,469,470,471,-1,471,470,472,-1,471,472,473,-1,473,472,474,-1,473,474,475,-1,475,474,476,-1,475,476,477,-1,477,476,478,-1,477,478,479,-1,479,478,480,-1,479,480,481,-1,481,480,482,-1,481,482,483,-1,483,482,484,-1,483,484,485,-1,485,484,486,-1,485,486,487,-1,487,486,488,-1,487,488,489,-1,489,488,490,-1,489,490,491,-1,491,490,492,-1,491,492,493,-1,493,492,494,-1,493,494,495,-1,495,494,496,-1,495,496,497,-1,497,496,498,-1,497,498,499,-1,499,498,500,-1,499,500,501,-1,501,500,502,-1,501,502,503,-1,503,502,504,-1,503,504,505,-1,505,504,506,-1,505,506,507,-1,507,506,508,-1,507,508,509,-1,509,508,510,-1,509,510,511,-1,511,510,512,-1,511,512,513,-1,513,512,514,-1,513,514,515,-1,515,514,516,-1,515,516,517,-1,517,516,518,-1,517,518,519,-1,519,518,520,-1,519,520,521,-1,521,520,522,-1,521,522,523,-1,523,522,524,-1,523,524,525,-1,525,524,526,-1,525,526,527,-1,527,526,528,-1,527,528,529,-1,529,528,530,-1,529,530,531,-1,531,530,532,-1,531,532,533,-1,533,532,534,-1,533,534,535,-1,535,534,536,-1,535,536,537,-1,537,536,538,-1,537,538,539,-1,539,538,540,-1,539,540,541,-1,542,541,543,-1,543,541,540,-1,542,543,544,-1,542,544,545,-1,545,544,546,-1,545,546,547,-1,547,546,548,-1,547,548,549,-1,549,548,550,-1,549,550,551,-1,551,550,552,-1,551,552,553,-1,553,552,554,-1,553,554,555,-1,555,554,556,-1,555,556,557,-1,557,556,558,-1,557,558,559,-1,559,558,560,-1,559,560,561,-1,561,560,562,-1,561,562,563,-1,563,562,564,-1,563,564,565,-1,565,564,566,-1,565,566,567,-1,567,566,568,-1,567,568,569,-1,569,568,570,-1,569,570,571,-1,571,570,572,-1,571,572,573,-1,573,572,574,-1,573,574,575,-1,575,574,576,-1,575,576,577,-1,577,576,578,-1,577,578,579,-1,579,578,580,-1,579,580,581,-1,581,580,582,-1,581,582,583,-1,583,582,584,-1,583,584,585,-1,585,584,586,-1,585,586,587,-1,587,586,588,-1,587,588,589,-1,589,588,590,-1,589,590,591,-1,591,590,592,-1,591,592,593,-1,593,592,594,-1,593,594,595,-1,595,594,596,-1,595,596,597,-1,597,596,598,-1,597,598,599,-1,599,598,600,-1,599,600,601,-1,601,600,602,-1,601,602,603,-1,603,602,604,-1,603,604,605,-1,605,604,606,-1,605,606,607,-1,607,606,608,-1,607,608,609,-1,609,608,610,-1,609,610,611,-1,611,610,612,-1,611,612,613,-1,613,612,614,-1,613,614,615,-1,615,614,616,-1,615,616,617,-1,617,616,618,-1,617,618,619,-1,619,618,620,-1,619,620,621,-1,621,620,622,-1,621,622,623,-1,623,622,439,-1,623,439,438,-1,539,541,542,-1,483,603,605,-1,483,605,481,-1,481,605,607,-1,481,607,479,-1,479,607,609,-1,479,609,477,-1,477,609,611,-1,477,611,475,-1,475,611,613,-1,475,613,473,-1,459,447,457,-1,457,447,449,-1,457,449,455,-1,455,449,451,-1,455,451,452,-1,613,615,473,-1,473,615,617,-1,473,617,471,-1,471,617,619,-1,471,619,469,-1,469,619,621,-1,469,621,467,-1,467,621,623,-1,467,623,465,-1,465,623,438,-1,465,438,463,-1,463,438,441,-1,463,441,461,-1,461,441,443,-1,461,443,459,-1,459,443,445,-1,459,445,447,-1,515,569,513,-1,513,569,571,-1,513,571,511,-1,511,571,573,-1,511,573,509,-1,509,573,575,-1,509,575,507,-1,507,575,577,-1,507,577,505,-1,505,577,579,-1,505,579,503,-1,503,579,581,-1,503,581,501,-1,539,542,537,-1,537,542,545,-1,537,545,535,-1,535,545,547,-1,535,547,533,-1,533,547,549,-1,533,549,531,-1,531,549,551,-1,531,551,529,-1,529,551,553,-1,529,553,527,-1,527,553,555,-1,527,555,525,-1,525,555,557,-1,525,557,523,-1,523,557,559,-1,523,559,521,-1,521,559,561,-1,521,561,519,-1,519,561,563,-1,519,563,517,-1,517,563,565,-1,517,565,515,-1,515,565,567,-1,515,567,569,-1,603,483,601,-1,601,483,485,-1,601,485,599,-1,599,485,487,-1,599,487,597,-1,597,487,489,-1,597,489,595,-1,595,489,491,-1,595,491,593,-1,593,491,591,-1,591,491,493,-1,591,493,589,-1,581,583,501,-1,501,583,585,-1,501,585,499,-1,499,585,587,-1,499,587,497,-1,497,587,589,-1,497,589,495,-1,495,589,493,-1,454,453,450,-1,454,450,456,-1,470,616,472,-1,472,616,614,-1,472,614,474,-1,474,614,612,-1,474,612,476,-1,476,612,610,-1,476,610,478,-1,478,610,608,-1,478,608,480,-1,540,538,543,-1,543,538,536,-1,543,536,544,-1,544,536,534,-1,608,606,480,-1,480,606,604,-1,480,604,482,-1,482,604,602,-1,482,602,484,-1,484,602,600,-1,484,600,486,-1,486,600,598,-1,486,598,488,-1,450,448,456,-1,456,448,446,-1,456,446,458,-1,458,446,444,-1,458,444,460,-1,460,444,442,-1,460,442,462,-1,462,442,440,-1,462,440,464,-1,464,440,439,-1,464,439,466,-1,466,439,622,-1,466,622,468,-1,468,622,620,-1,468,620,470,-1,470,620,618,-1,470,618,616,-1,508,572,510,-1,510,572,570,-1,510,570,512,-1,512,570,568,-1,512,568,514,-1,514,568,566,-1,514,566,516,-1,516,566,564,-1,516,564,518,-1,518,564,562,-1,518,562,520,-1,520,562,560,-1,520,560,522,-1,522,560,558,-1,522,558,524,-1,524,558,556,-1,524,556,526,-1,526,556,554,-1,526,554,528,-1,528,554,552,-1,528,552,530,-1,530,552,550,-1,530,550,532,-1,532,550,548,-1,532,548,534,-1,534,548,546,-1,534,546,544,-1,588,586,498,-1,498,586,584,-1,498,584,500,-1,500,584,582,-1,500,582,502,-1,502,582,580,-1,502,580,504,-1,504,580,578,-1,504,578,506,-1,506,578,576,-1,506,576,508,-1,508,576,574,-1,508,574,572,-1,598,596,488,-1,488,596,594,-1,488,594,490,-1,490,594,592,-1,490,592,492,-1,492,592,590,-1,492,590,494,-1,494,590,588,-1,494,588,496,-1,496,588,498,-1,624,625,626,-1,626,625,627,-1,628,624,629,-1,629,624,626,-1,630,628,631,-1,631,628,629,-1,632,630,633,-1,633,630,631,-1,634,632,635,-1,635,632,633,-1,636,634,637,-1,637,634,635,-1,638,636,639,-1,639,636,637,-1,640,638,641,-1,641,638,639,-1,642,640,643,-1,643,640,641,-1,644,642,645,-1,645,642,643,-1,646,644,647,-1,647,644,645,-1,625,646,627,-1,627,646,647,-1,646,625,624,-1,624,628,646,-1,646,628,630,-1,646,630,644,-1,640,642,638,-1,638,642,644,-1,638,644,636,-1,636,644,630,-1,636,630,634,-1,634,630,632,-1,643,641,645,-1,645,641,639,-1,635,633,637,-1,637,633,631,-1,626,627,629,-1,629,627,647,-1,629,647,631,-1,631,647,645,-1,631,645,637,-1,637,645,639,-1,648,649,650,-1,650,649,651,-1,650,651,652,-1,652,651,653,-1,652,653,654,-1,654,653,655,-1,654,655,656,-1,656,655,657,-1,656,657,658,-1,658,657,659,-1,658,659,660,-1,660,659,661,-1,660,661,662,-1,662,661,663,-1,662,663,664,-1,665,666,667,-1,667,666,668,-1,667,668,669,-1,669,668,670,-1,669,670,671,-1,671,670,672,-1,671,672,673,-1,672,674,673,-1,673,674,675,-1,673,675,676,-1,676,675,677,-1,676,677,678,-1,678,677,679,-1,678,679,680,-1,680,679,681,-1,680,681,682,-1,682,681,683,-1,682,683,684,-1,684,683,685,-1,684,685,686,-1,686,685,687,-1,686,687,688,-1,688,687,689,-1,688,689,690,-1,690,689,691,-1,690,691,692,-1,692,691,693,-1,692,693,694,-1,694,693,695,-1,694,695,696,-1,696,695,697,-1,696,697,698,-1,698,697,699,-1,698,699,700,-1,700,699,701,-1,700,701,702,-1,702,701,703,-1,702,703,704,-1,704,703,705,-1,704,705,706,-1,706,705,707,-1,706,707,648,-1,648,707,708,-1,648,708,649,-1,663,709,664,-1,664,709,710,-1,664,710,711,-1,711,710,712,-1,711,712,713,-1,713,712,714,-1,713,714,715,-1,715,714,716,-1,715,716,717,-1,717,716,718,-1,717,718,719,-1,719,718,720,-1,719,720,665,-1,665,720,721,-1,665,721,666,-1,722,723,724,-1,724,723,725,-1,724,725,726,-1,726,725,727,-1,726,727,728,-1,728,727,729,-1,728,729,730,-1,730,729,731,-1,730,731,732,-1,732,731,733,-1,732,733,734,-1,735,736,737,-1,737,736,738,-1,737,738,739,-1,739,738,740,-1,739,740,741,-1,741,740,742,-1,741,742,743,-1,743,742,744,-1,743,744,745,-1,745,744,746,-1,745,746,747,-1,747,746,748,-1,747,748,749,-1,749,748,750,-1,749,750,751,-1,751,750,752,-1,751,752,753,-1,753,752,754,-1,753,754,755,-1,755,754,756,-1,755,756,757,-1,757,756,758,-1,757,758,759,-1,759,758,760,-1,759,760,761,-1,761,760,762,-1,761,762,763,-1,763,762,764,-1,763,764,722,-1,722,764,765,-1,722,765,723,-1,766,767,768,-1,768,767,769,-1,768,769,770,-1,770,769,771,-1,770,771,772,-1,772,771,773,-1,772,773,774,-1,774,773,775,-1,774,775,776,-1,776,775,777,-1,776,777,778,-1,778,777,779,-1,778,779,780,-1,780,779,781,-1,780,781,735,-1,735,781,782,-1,735,782,736,-1,733,783,734,-1,734,783,784,-1,734,784,785,-1,785,784,786,-1,785,786,787,-1,787,786,788,-1,787,788,789,-1,789,788,790,-1,789,790,791,-1,791,790,792,-1,791,792,793,-1,793,792,794,-1,793,794,766,-1,766,794,795,-1,766,795,767,-1,701,699,746,-1,746,699,748,-1,701,746,744,-1,701,744,703,-1,703,744,742,-1,703,742,705,-1,705,742,740,-1,705,740,707,-1,707,740,738,-1,707,738,708,-1,708,738,736,-1,708,736,649,-1,649,736,782,-1,649,782,651,-1,651,782,781,-1,651,781,653,-1,653,781,779,-1,653,779,655,-1,655,779,777,-1,655,777,657,-1,657,777,775,-1,657,775,659,-1,659,775,773,-1,659,773,661,-1,661,773,771,-1,661,771,663,-1,663,771,769,-1,663,769,709,-1,709,769,767,-1,709,767,710,-1,710,767,795,-1,710,795,712,-1,712,795,794,-1,712,794,714,-1,714,794,792,-1,714,792,716,-1,716,792,790,-1,716,790,718,-1,718,790,788,-1,718,788,720,-1,720,788,786,-1,720,786,721,-1,721,786,784,-1,721,784,666,-1,666,784,783,-1,666,783,668,-1,668,783,733,-1,668,733,670,-1,670,733,731,-1,670,731,672,-1,672,731,729,-1,672,729,674,-1,674,729,727,-1,674,727,675,-1,675,727,725,-1,675,725,677,-1,677,725,723,-1,677,723,679,-1,679,723,765,-1,679,765,681,-1,681,765,764,-1,681,764,683,-1,683,764,762,-1,683,762,685,-1,685,762,760,-1,685,760,687,-1,687,760,758,-1,687,758,689,-1,689,758,756,-1,689,756,691,-1,691,756,754,-1,691,754,693,-1,693,754,752,-1,693,752,695,-1,697,695,750,-1,750,695,752,-1,699,697,748,-1,748,697,750,-1,694,696,751,-1,751,696,749,-1,696,698,749,-1,749,698,747,-1,698,700,747,-1,747,700,745,-1,656,776,778,-1,656,778,654,-1,654,778,780,-1,654,780,652,-1,652,780,735,-1,652,735,650,-1,650,735,737,-1,650,737,648,-1,648,737,739,-1,648,739,706,-1,706,739,741,-1,706,741,704,-1,704,741,743,-1,704,743,702,-1,702,743,745,-1,702,745,700,-1,717,789,791,-1,717,791,715,-1,715,791,793,-1,715,793,713,-1,713,793,766,-1,713,766,711,-1,711,766,768,-1,711,768,664,-1,664,768,770,-1,664,770,662,-1,662,770,772,-1,662,772,660,-1,660,772,774,-1,660,774,658,-1,658,774,776,-1,658,776,656,-1,678,724,726,-1,678,726,676,-1,676,726,728,-1,676,728,673,-1,673,728,730,-1,673,730,671,-1,671,730,732,-1,671,732,669,-1,669,732,734,-1,669,734,667,-1,667,734,785,-1,667,785,665,-1,665,785,787,-1,665,787,719,-1,719,787,789,-1,719,789,717,-1,694,751,753,-1,694,753,692,-1,692,753,755,-1,692,755,690,-1,690,755,757,-1,690,757,688,-1,688,757,759,-1,688,759,686,-1,686,759,761,-1,686,761,684,-1,684,761,763,-1,684,763,682,-1,682,763,722,-1,682,722,680,-1,680,722,724,-1,680,724,678,-1,796,797,798,-1,799,800,801,-1,797,802,798,-1,798,802,803,-1,798,803,804,-1,804,803,805,-1,804,805,806,-1,806,807,804,-1,804,807,808,-1,804,808,809,-1,810,809,811,-1,811,809,808,-1,811,808,801,-1,801,808,796,-1,801,796,799,-1,799,796,798,-1,812,813,814,-1,814,813,815,-1,816,817,815,-1,815,817,818,-1,815,818,814,-1,814,818,819,-1,816,820,817,-1,817,820,821,-1,817,821,822,-1,822,821,823,-1,822,823,824,-1,824,825,822,-1,822,825,813,-1,822,813,826,-1,826,813,812,-1,826,812,827,-1,804,809,817,-1,817,809,818,-1,798,804,822,-1,822,804,817,-1,799,798,826,-1,826,798,822,-1,800,799,827,-1,827,799,826,-1,801,800,812,-1,812,800,827,-1,811,801,814,-1,814,801,812,-1,810,811,819,-1,819,811,814,-1,809,810,818,-1,818,810,819,-1,796,808,813,-1,813,808,815,-1,808,807,815,-1,815,807,816,-1,805,821,820,-1,805,820,806,-1,806,820,816,-1,806,816,807,-1,805,803,821,-1,821,803,823,-1,797,825,824,-1,797,824,802,-1,802,824,823,-1,802,823,803,-1,797,796,825,-1,825,796,813,-1,828,829,830,-1,830,829,831,-1,832,828,833,-1,833,828,830,-1,834,832,835,-1,835,832,833,-1,836,834,837,-1,837,834,835,-1,838,836,839,-1,839,836,837,-1,840,838,841,-1,841,838,839,-1,842,840,843,-1,843,840,841,-1,844,842,845,-1,845,842,843,-1,846,844,847,-1,847,844,845,-1,848,846,849,-1,849,846,847,-1,850,848,851,-1,851,848,849,-1,829,850,831,-1,831,850,851,-1,844,846,842,-1,842,846,848,-1,842,848,840,-1,829,828,850,-1,850,828,832,-1,850,832,834,-1,836,838,834,-1,834,838,840,-1,834,840,850,-1,850,840,848,-1,849,847,845,-1,845,843,849,-1,849,843,841,-1,849,841,851,-1,830,831,833,-1,833,831,851,-1,833,851,835,-1,835,851,841,-1,835,841,837,-1,837,841,839,-1,852,853,854,-1,854,853,855,-1,856,857,858,-1,859,860,861,-1,861,860,862,-1,861,862,863,-1,863,862,864,-1,863,864,865,-1,866,867,868,-1,869,870,871,-1,856,872,857,-1,857,872,873,-1,857,873,874,-1,875,876,877,-1,877,876,868,-1,877,868,878,-1,878,868,867,-1,879,880,881,-1,881,880,882,-1,881,882,859,-1,859,882,883,-1,859,883,860,-1,873,884,874,-1,874,884,885,-1,874,885,886,-1,886,885,887,-1,886,887,888,-1,854,889,852,-1,852,889,890,-1,852,890,891,-1,891,890,892,-1,891,892,858,-1,858,892,893,-1,858,893,856,-1,894,895,896,-1,896,895,897,-1,896,897,879,-1,879,897,898,-1,879,898,880,-1,899,900,901,-1,901,900,902,-1,901,902,903,-1,903,902,904,-1,903,904,905,-1,871,906,869,-1,869,906,907,-1,869,907,899,-1,899,907,908,-1,899,908,900,-1,909,910,911,-1,911,910,912,-1,911,912,870,-1,870,912,913,-1,870,913,871,-1,914,915,868,-1,868,915,916,-1,868,916,866,-1,917,914,894,-1,894,914,918,-1,894,918,895,-1,855,915,854,-1,854,915,914,-1,854,914,919,-1,919,914,917,-1,887,920,888,-1,888,920,921,-1,888,921,922,-1,922,921,923,-1,922,923,924,-1,864,925,865,-1,865,925,926,-1,865,926,927,-1,927,926,928,-1,927,928,929,-1,929,928,930,-1,929,930,931,-1,931,930,932,-1,931,932,933,-1,933,932,934,-1,933,934,935,-1,935,934,936,-1,935,936,937,-1,937,936,938,-1,937,938,939,-1,939,938,940,-1,939,940,941,-1,941,940,942,-1,941,942,943,-1,943,942,944,-1,943,944,945,-1,878,946,877,-1,877,946,947,-1,877,947,948,-1,948,947,949,-1,948,949,950,-1,951,952,953,-1,953,952,954,-1,953,954,955,-1,955,954,956,-1,955,956,957,-1,923,958,924,-1,924,958,959,-1,924,959,909,-1,909,959,960,-1,909,960,910,-1,956,961,957,-1,957,961,962,-1,957,962,963,-1,963,962,964,-1,963,964,965,-1,965,964,950,-1,965,950,966,-1,966,950,949,-1,904,967,905,-1,905,967,968,-1,905,968,969,-1,969,968,970,-1,969,970,971,-1,971,970,972,-1,971,972,951,-1,951,972,973,-1,951,973,952,-1,974,975,976,-1,977,978,979,-1,979,978,980,-1,979,980,981,-1,982,983,984,-1,984,983,985,-1,984,985,986,-1,987,988,989,-1,990,991,992,-1,992,991,993,-1,992,993,994,-1,994,993,995,-1,994,995,996,-1,996,995,997,-1,996,997,998,-1,980,999,981,-1,981,999,1000,-1,981,1000,1001,-1,1001,1000,1002,-1,1001,1002,1003,-1,1004,1005,1006,-1,1006,1005,1007,-1,1006,1007,1008,-1,1008,1007,1009,-1,1008,1009,977,-1,977,1009,1010,-1,977,1010,978,-1,1011,987,1012,-1,1012,987,989,-1,1012,989,1013,-1,1013,989,1014,-1,1015,1016,1017,-1,1017,1016,1018,-1,1017,1018,1019,-1,1019,1018,1020,-1,1019,1020,1021,-1,1021,1020,1022,-1,1021,1022,1023,-1,1023,1022,1024,-1,1025,1026,1015,-1,1015,1026,1027,-1,1015,1027,1016,-1,1028,1029,982,-1,982,1029,1030,-1,982,1030,983,-1,1031,1032,1028,-1,1028,1032,1033,-1,1028,1033,1029,-1,992,1034,990,-1,990,1034,1035,-1,990,1035,1036,-1,1036,1035,1037,-1,1036,1037,1012,-1,1012,1037,1038,-1,1012,1038,1011,-1,1039,1040,1025,-1,1025,1040,1041,-1,1025,1041,1026,-1,1042,1043,1044,-1,1044,1043,989,-1,1044,989,1045,-1,1045,989,988,-1,985,1046,986,-1,986,1046,1047,-1,986,1047,1048,-1,1049,1050,1051,-1,1051,1050,1052,-1,1051,1052,1053,-1,1053,1052,1054,-1,1053,1054,1031,-1,1031,1054,1055,-1,1031,1055,1032,-1,997,1056,998,-1,998,1056,1057,-1,998,1057,1058,-1,1058,1057,1059,-1,1058,1059,1060,-1,1060,1059,1061,-1,1060,1061,1049,-1,1049,1061,1062,-1,1049,1062,1050,-1,1002,1063,1003,-1,1003,1063,1064,-1,1003,1064,1065,-1,1065,1064,1066,-1,1065,1066,1067,-1,1067,1066,1043,-1,1067,1043,1068,-1,1068,1043,1069,-1,1069,1043,1042,-1,1069,1042,1024,-1,1024,1042,1070,-1,1024,1070,1023,-1,1071,1072,1073,-1,1073,1072,1074,-1,1073,1074,1039,-1,1039,1074,1075,-1,1039,1075,1040,-1,1047,1076,1048,-1,1048,1076,1077,-1,1048,1077,1078,-1,1078,1077,1079,-1,1078,1079,1071,-1,1071,1079,1080,-1,1071,1080,1072,-1,974,976,1081,-1,1081,976,1082,-1,1081,1082,1083,-1,1083,1082,1084,-1,1083,1084,1085,-1,1085,1084,1086,-1,1085,1086,1087,-1,1087,1086,1088,-1,1087,1088,1089,-1,1089,1088,1090,-1,1089,1090,1091,-1,1091,1090,1092,-1,1091,1092,1093,-1,1093,1092,1094,-1,1093,1094,1004,-1,1004,1094,1095,-1,1004,1095,1005,-1,930,1094,1092,-1,930,1092,932,-1,932,1092,1090,-1,932,1090,934,-1,934,1090,1088,-1,934,1088,936,-1,936,1088,1086,-1,936,1086,938,-1,938,1086,1084,-1,938,1084,940,-1,940,1084,1082,-1,940,1082,942,-1,942,1082,976,-1,942,976,944,-1,945,944,975,-1,975,944,976,-1,945,975,974,-1,945,974,943,-1,943,974,1081,-1,943,1081,941,-1,941,1081,1083,-1,941,1083,939,-1,939,1083,1085,-1,939,1085,937,-1,937,1085,1087,-1,937,1087,935,-1,935,1087,1089,-1,935,1089,933,-1,933,1089,1091,-1,933,1091,931,-1,931,1091,1093,-1,931,1093,929,-1,929,1093,1004,-1,929,1004,927,-1,927,1004,1006,-1,927,1006,865,-1,865,1006,1008,-1,865,1008,863,-1,863,1008,977,-1,863,977,861,-1,861,977,979,-1,861,979,859,-1,859,979,981,-1,859,981,881,-1,881,981,1001,-1,881,1001,879,-1,879,1001,1003,-1,879,1003,896,-1,896,1003,1065,-1,896,1065,894,-1,894,1065,1067,-1,894,1067,917,-1,917,1067,1068,-1,917,1068,919,-1,919,1068,1069,-1,919,1069,854,-1,889,854,1024,-1,1024,854,1069,-1,889,1024,1022,-1,889,1022,890,-1,890,1022,1020,-1,890,1020,892,-1,892,1020,1018,-1,892,1018,893,-1,893,1018,1016,-1,893,1016,856,-1,856,1016,1027,-1,856,1027,872,-1,872,1027,1026,-1,872,1026,873,-1,873,1026,1041,-1,873,1041,884,-1,884,1041,1040,-1,884,1040,885,-1,885,1040,1075,-1,885,1075,887,-1,887,1075,1074,-1,887,1074,920,-1,920,1074,1072,-1,920,1072,921,-1,921,1072,1080,-1,921,1080,923,-1,923,1080,1079,-1,923,1079,958,-1,958,1079,1077,-1,958,1077,959,-1,959,1077,1076,-1,959,1076,960,-1,960,1076,1047,-1,960,1047,910,-1,910,1047,1046,-1,910,1046,912,-1,912,1046,985,-1,912,985,913,-1,913,985,983,-1,913,983,871,-1,871,983,1030,-1,871,1030,906,-1,906,1030,1029,-1,906,1029,907,-1,907,1029,1033,-1,907,1033,908,-1,908,1033,1032,-1,908,1032,900,-1,900,1032,1055,-1,900,1055,902,-1,902,1055,1054,-1,902,1054,904,-1,904,1054,1052,-1,904,1052,967,-1,967,1052,1050,-1,967,1050,968,-1,968,1050,1062,-1,968,1062,970,-1,970,1062,1061,-1,970,1061,972,-1,972,1061,1059,-1,972,1059,973,-1,973,1059,1057,-1,973,1057,952,-1,952,1057,1056,-1,952,1056,954,-1,954,1056,997,-1,954,997,956,-1,956,997,995,-1,956,995,961,-1,961,995,993,-1,961,993,962,-1,962,993,991,-1,962,991,964,-1,964,991,990,-1,964,990,950,-1,950,990,1036,-1,950,1036,948,-1,877,948,1012,-1,1012,948,1036,-1,875,877,1013,-1,1013,877,1012,-1,876,875,1014,-1,1014,875,1013,-1,868,876,989,-1,989,876,1014,-1,868,989,1043,-1,868,1043,914,-1,914,1043,1066,-1,914,1066,918,-1,918,1066,1064,-1,918,1064,895,-1,895,1064,1063,-1,895,1063,897,-1,897,1063,1002,-1,897,1002,898,-1,898,1002,1000,-1,898,1000,880,-1,880,1000,999,-1,880,999,882,-1,882,999,980,-1,882,980,883,-1,883,980,978,-1,883,978,860,-1,860,978,1010,-1,860,1010,862,-1,862,1010,1009,-1,862,1009,864,-1,864,1009,1007,-1,864,1007,925,-1,925,1007,1005,-1,925,1005,926,-1,926,1005,1095,-1,926,1095,928,-1,928,1095,1094,-1,928,1094,930,-1,857,1015,1017,-1,857,1017,858,-1,858,1017,1019,-1,858,1019,891,-1,891,1019,1021,-1,891,1021,852,-1,852,1021,1023,-1,852,1023,853,-1,853,1023,1070,-1,853,1070,855,-1,924,1078,1071,-1,924,1071,922,-1,922,1071,1073,-1,922,1073,888,-1,888,1073,1039,-1,888,1039,886,-1,886,1039,1025,-1,886,1025,874,-1,874,1025,1015,-1,874,1015,857,-1,899,1028,982,-1,899,982,869,-1,869,982,984,-1,869,984,870,-1,870,984,986,-1,870,986,911,-1,911,986,1048,-1,911,1048,909,-1,909,1048,1078,-1,909,1078,924,-1,971,1060,1049,-1,971,1049,969,-1,969,1049,1051,-1,969,1051,905,-1,905,1051,1053,-1,905,1053,903,-1,903,1053,1031,-1,903,1031,901,-1,901,1031,1028,-1,901,1028,899,-1,966,1035,1034,-1,966,1034,965,-1,965,1034,992,-1,965,992,963,-1,963,992,994,-1,963,994,957,-1,957,994,996,-1,957,996,955,-1,955,996,998,-1,955,998,953,-1,953,998,1058,-1,953,1058,951,-1,951,1058,1060,-1,951,1060,971,-1,916,1044,1045,-1,916,1045,866,-1,866,1045,988,-1,866,988,867,-1,867,988,987,-1,867,987,878,-1,878,987,1011,-1,878,1011,946,-1,946,1011,1038,-1,946,1038,947,-1,947,1038,1037,-1,947,1037,949,-1,949,1037,1035,-1,949,1035,966,-1,916,915,1044,-1,1044,915,1042,-1,915,855,1042,-1,1042,855,1070,-1,1096,1097,1098,-1,1096,1098,1099,-1,1099,1098,1100,-1,1099,1100,1101,-1,1101,1100,1102,-1,1101,1102,1103,-1,1103,1102,1104,-1,1103,1104,1105,-1,1105,1104,1106,-1,1105,1106,1107,-1,1107,1106,1108,-1,1107,1108,1109,-1,1109,1108,1110,-1,1109,1110,1111,-1,1112,1111,1113,-1,1113,1111,1110,-1,1112,1113,1114,-1,1112,1114,1115,-1,1115,1114,1116,-1,1115,1116,1117,-1,1117,1116,1118,-1,1117,1118,1119,-1,1119,1118,1120,-1,1119,1120,1121,-1,1121,1120,1122,-1,1121,1122,1123,-1,1123,1122,1124,-1,1123,1124,1125,-1,1125,1124,1126,-1,1125,1126,1127,-1,1127,1126,1128,-1,1127,1128,1129,-1,1129,1128,1130,-1,1129,1130,1131,-1,1131,1130,1132,-1,1131,1132,1133,-1,1133,1132,1134,-1,1133,1134,1135,-1,1135,1134,1136,-1,1135,1136,1137,-1,1137,1136,1138,-1,1137,1138,1139,-1,1139,1138,1140,-1,1139,1140,1141,-1,1141,1140,1142,-1,1141,1142,1143,-1,1143,1142,1144,-1,1143,1144,1145,-1,1145,1144,1146,-1,1145,1146,1147,-1,1147,1146,1148,-1,1147,1148,1149,-1,1149,1148,1150,-1,1149,1150,1151,-1,1151,1150,1152,-1,1151,1152,1153,-1,1153,1152,1154,-1,1153,1154,1155,-1,1155,1154,1156,-1,1155,1156,1157,-1,1157,1156,1158,-1,1157,1158,1159,-1,1159,1158,1160,-1,1159,1160,1161,-1,1161,1160,1162,-1,1161,1162,1163,-1,1163,1162,1164,-1,1163,1164,1165,-1,1165,1164,1166,-1,1165,1166,1167,-1,1167,1166,1168,-1,1167,1168,1169,-1,1169,1168,1170,-1,1169,1170,1171,-1,1171,1170,1172,-1,1171,1172,1173,-1,1173,1172,1174,-1,1173,1174,1175,-1,1175,1174,1176,-1,1175,1176,1177,-1,1177,1176,1178,-1,1177,1178,1179,-1,1179,1178,1180,-1,1179,1180,1181,-1,1181,1180,1182,-1,1181,1182,1183,-1,1183,1182,1184,-1,1183,1184,1185,-1,1185,1184,1186,-1,1185,1186,1187,-1,1187,1186,1188,-1,1187,1188,1189,-1,1189,1188,1190,-1,1189,1190,1191,-1,1191,1190,1192,-1,1191,1192,1193,-1,1193,1192,1194,-1,1193,1194,1195,-1,1195,1194,1196,-1,1195,1196,1197,-1,1197,1196,1198,-1,1197,1198,1199,-1,1199,1198,1200,-1,1199,1200,1201,-1,1201,1200,1202,-1,1201,1202,1203,-1,1203,1202,1204,-1,1203,1204,1205,-1,1205,1204,1206,-1,1205,1206,1207,-1,1207,1206,1208,-1,1207,1208,1209,-1,1209,1208,1210,-1,1209,1210,1211,-1,1211,1210,1212,-1,1211,1212,1213,-1,1213,1212,1214,-1,1213,1214,1215,-1,1215,1214,1216,-1,1215,1216,1217,-1,1217,1216,1218,-1,1217,1218,1219,-1,1219,1218,1220,-1,1219,1220,1221,-1,1221,1220,1222,-1,1221,1222,1223,-1,1223,1222,1224,-1,1223,1224,1225,-1,1225,1224,1226,-1,1225,1226,1227,-1,1227,1226,1228,-1,1227,1228,1229,-1,1229,1228,1230,-1,1229,1230,1231,-1,1232,1231,1233,-1,1233,1231,1230,-1,1232,1233,1234,-1,1232,1234,1235,-1,1235,1234,1236,-1,1235,1236,1237,-1,1237,1236,1238,-1,1237,1238,1239,-1,1239,1238,1240,-1,1239,1240,1241,-1,1241,1240,1242,-1,1241,1242,1243,-1,1243,1242,1244,-1,1243,1244,1245,-1,1245,1244,1246,-1,1245,1246,1247,-1,1247,1246,1248,-1,1247,1248,1249,-1,1249,1248,1250,-1,1249,1250,1251,-1,1251,1250,1252,-1,1251,1252,1253,-1,1253,1252,1254,-1,1253,1254,1255,-1,1255,1254,1256,-1,1255,1256,1257,-1,1257,1256,1258,-1,1257,1258,1259,-1,1259,1258,1260,-1,1259,1260,1261,-1,1261,1260,1262,-1,1261,1262,1263,-1,1263,1262,1264,-1,1263,1264,1265,-1,1265,1264,1266,-1,1265,1266,1267,-1,1267,1266,1268,-1,1267,1268,1269,-1,1269,1268,1270,-1,1269,1270,1271,-1,1271,1270,1272,-1,1271,1272,1273,-1,1273,1272,1274,-1,1273,1274,1275,-1,1275,1274,1276,-1,1275,1276,1277,-1,1277,1276,1278,-1,1277,1278,1279,-1,1279,1278,1280,-1,1279,1280,1281,-1,1281,1280,1282,-1,1281,1282,1283,-1,1283,1282,1284,-1,1283,1284,1285,-1,1285,1284,1286,-1,1285,1286,1287,-1,1287,1286,1288,-1,1287,1288,1289,-1,1289,1288,1290,-1,1289,1290,1291,-1,1291,1290,1292,-1,1291,1292,1293,-1,1293,1292,1294,-1,1293,1294,1295,-1,1295,1294,1296,-1,1295,1296,1297,-1,1297,1296,1298,-1,1297,1298,1299,-1,1299,1298,1300,-1,1299,1300,1301,-1,1301,1300,1302,-1,1301,1302,1303,-1,1303,1302,1304,-1,1303,1304,1305,-1,1305,1304,1306,-1,1305,1306,1307,-1,1307,1306,1308,-1,1307,1308,1309,-1,1309,1308,1310,-1,1309,1310,1311,-1,1311,1310,1312,-1,1311,1312,1313,-1,1313,1312,1314,-1,1313,1314,1315,-1,1315,1314,1316,-1,1315,1316,1317,-1,1317,1316,1318,-1,1317,1318,1319,-1,1319,1318,1320,-1,1319,1320,1321,-1,1321,1320,1322,-1,1321,1322,1323,-1,1323,1322,1324,-1,1323,1324,1325,-1,1325,1324,1326,-1,1325,1326,1327,-1,1327,1326,1328,-1,1327,1328,1329,-1,1329,1328,1330,-1,1329,1330,1331,-1,1331,1330,1332,-1,1331,1332,1333,-1,1333,1332,1097,-1,1333,1097,1096,-1,1109,1111,1112,-1,1229,1231,1232,-1,1139,1141,1323,-1,1323,1141,1321,-1,1203,1263,1201,-1,1201,1263,1265,-1,1201,1265,1199,-1,1141,1143,1321,-1,1321,1143,1145,-1,1321,1145,1319,-1,1205,1259,1203,-1,1203,1259,1261,-1,1203,1261,1263,-1,1139,1323,1137,-1,1137,1323,1325,-1,1137,1325,1135,-1,1135,1325,1327,-1,1135,1327,1133,-1,1133,1327,1329,-1,1133,1329,1131,-1,1281,1191,1279,-1,1279,1191,1193,-1,1163,1309,1161,-1,1161,1309,1311,-1,1265,1267,1199,-1,1199,1267,1269,-1,1199,1269,1197,-1,1269,1271,1197,-1,1197,1271,1273,-1,1197,1273,1195,-1,1195,1273,1275,-1,1195,1275,1193,-1,1193,1275,1277,-1,1193,1277,1279,-1,1281,1283,1191,-1,1191,1283,1285,-1,1191,1285,1189,-1,1189,1285,1287,-1,1189,1287,1187,-1,1187,1287,1289,-1,1187,1289,1185,-1,1185,1289,1291,-1,1185,1291,1183,-1,1315,1155,1313,-1,1313,1155,1157,-1,1313,1157,1311,-1,1311,1157,1159,-1,1311,1159,1161,-1,1145,1147,1319,-1,1319,1147,1149,-1,1319,1149,1317,-1,1317,1149,1151,-1,1317,1151,1315,-1,1315,1151,1153,-1,1315,1153,1155,-1,1163,1165,1309,-1,1309,1165,1167,-1,1309,1167,1307,-1,1307,1167,1169,-1,1307,1169,1305,-1,1305,1169,1171,-1,1305,1171,1303,-1,1303,1171,1173,-1,1303,1173,1301,-1,1131,1329,1129,-1,1129,1329,1331,-1,1129,1331,1127,-1,1127,1331,1333,-1,1127,1333,1125,-1,1125,1333,1096,-1,1125,1096,1123,-1,1123,1096,1099,-1,1123,1099,1121,-1,1121,1099,1101,-1,1121,1101,1119,-1,1119,1101,1103,-1,1119,1103,1117,-1,1117,1103,1105,-1,1117,1105,1115,-1,1115,1105,1112,-1,1112,1105,1107,-1,1112,1107,1109,-1,1173,1175,1301,-1,1301,1175,1177,-1,1301,1177,1299,-1,1299,1177,1179,-1,1299,1179,1297,-1,1297,1179,1181,-1,1297,1181,1295,-1,1295,1181,1183,-1,1295,1183,1293,-1,1293,1183,1291,-1,1229,1232,1227,-1,1227,1232,1235,-1,1227,1235,1225,-1,1225,1235,1237,-1,1225,1237,1223,-1,1223,1237,1239,-1,1223,1239,1221,-1,1221,1239,1241,-1,1221,1241,1219,-1,1219,1241,1243,-1,1219,1243,1217,-1,1217,1243,1245,-1,1217,1245,1215,-1,1215,1245,1247,-1,1215,1247,1213,-1,1213,1247,1249,-1,1213,1249,1211,-1,1211,1249,1251,-1,1211,1251,1209,-1,1209,1251,1253,-1,1209,1253,1207,-1,1207,1253,1255,-1,1207,1255,1205,-1,1205,1255,1257,-1,1205,1257,1259,-1,1320,1140,1322,-1,1322,1140,1138,-1,1322,1138,1324,-1,1324,1138,1136,-1,1324,1136,1326,-1,1202,1200,1262,-1,1282,1190,1284,-1,1284,1190,1188,-1,1318,1144,1320,-1,1320,1144,1142,-1,1320,1142,1140,-1,1312,1310,1158,-1,1158,1310,1160,-1,1160,1310,1308,-1,1160,1308,1162,-1,1282,1280,1190,-1,1190,1280,1278,-1,1190,1278,1192,-1,1192,1278,1276,-1,1192,1276,1194,-1,1306,1166,1308,-1,1308,1166,1164,-1,1308,1164,1162,-1,1196,1268,1198,-1,1198,1268,1266,-1,1198,1266,1200,-1,1200,1266,1264,-1,1200,1264,1262,-1,1316,1148,1318,-1,1318,1148,1146,-1,1318,1146,1144,-1,1276,1274,1194,-1,1194,1274,1272,-1,1194,1272,1196,-1,1196,1272,1270,-1,1196,1270,1268,-1,1136,1134,1326,-1,1326,1134,1132,-1,1326,1132,1328,-1,1328,1132,1130,-1,1328,1130,1330,-1,1330,1130,1128,-1,1330,1128,1332,-1,1332,1128,1126,-1,1332,1126,1097,-1,1097,1126,1124,-1,1097,1124,1098,-1,1098,1124,1122,-1,1098,1122,1100,-1,1100,1122,1120,-1,1100,1120,1102,-1,1158,1156,1312,-1,1312,1156,1154,-1,1312,1154,1314,-1,1314,1154,1152,-1,1314,1152,1316,-1,1316,1152,1150,-1,1316,1150,1148,-1,1120,1118,1102,-1,1102,1118,1116,-1,1102,1116,1104,-1,1104,1116,1114,-1,1104,1114,1106,-1,1106,1114,1113,-1,1106,1113,1108,-1,1108,1113,1110,-1,1298,1296,1180,-1,1180,1296,1294,-1,1180,1294,1182,-1,1182,1294,1292,-1,1182,1292,1184,-1,1184,1292,1290,-1,1184,1290,1186,-1,1186,1290,1288,-1,1186,1288,1188,-1,1188,1288,1286,-1,1188,1286,1284,-1,1262,1260,1202,-1,1202,1260,1258,-1,1202,1258,1204,-1,1204,1258,1256,-1,1204,1256,1206,-1,1206,1256,1254,-1,1206,1254,1208,-1,1208,1254,1252,-1,1208,1252,1210,-1,1210,1252,1250,-1,1210,1250,1212,-1,1212,1250,1248,-1,1212,1248,1214,-1,1214,1248,1246,-1,1214,1246,1216,-1,1216,1246,1244,-1,1216,1244,1218,-1,1218,1244,1242,-1,1218,1242,1220,-1,1220,1242,1240,-1,1220,1240,1222,-1,1222,1240,1238,-1,1222,1238,1224,-1,1224,1238,1236,-1,1224,1236,1226,-1,1226,1236,1234,-1,1226,1234,1228,-1,1228,1234,1233,-1,1228,1233,1230,-1,1180,1178,1298,-1,1298,1178,1176,-1,1298,1176,1300,-1,1300,1176,1174,-1,1300,1174,1302,-1,1302,1174,1172,-1,1302,1172,1304,-1,1304,1172,1170,-1,1304,1170,1306,-1,1306,1170,1168,-1,1306,1168,1166,-1,1334,1335,1336,-1,1336,1335,1337,-1,1338,1334,1339,-1,1339,1334,1336,-1,1338,1339,1340,-1,1338,1340,1341,-1,1341,1340,1342,-1,1341,1342,1343,-1,1344,1343,1345,-1,1345,1343,1342,-1,1346,1344,1347,-1,1347,1344,1345,-1,1348,1346,1349,-1,1349,1346,1347,-1,1350,1348,1351,-1,1351,1348,1349,-1,1352,1350,1353,-1,1353,1350,1351,-1,1354,1352,1355,-1,1355,1352,1353,-1,1354,1355,1356,-1,1354,1356,1357,-1,1357,1356,1358,-1,1357,1358,1359,-1,1359,1358,1360,-1,1359,1360,1361,-1,1361,1360,1362,-1,1361,1362,1363,-1,1363,1362,1364,-1,1363,1364,1365,-1,1365,1364,1366,-1,1365,1366,1367,-1,1367,1366,1368,-1,1367,1368,1369,-1,1369,1368,1370,-1,1369,1370,1371,-1,1371,1370,1372,-1,1371,1372,1373,-1,1373,1372,1374,-1,1373,1374,1375,-1,1376,1375,1377,-1,1377,1375,1374,-1,1376,1377,1378,-1,1376,1378,1379,-1,1379,1378,1380,-1,1379,1380,1381,-1,1381,1380,1382,-1,1381,1382,1383,-1,1383,1382,1384,-1,1383,1384,1385,-1,1385,1384,1386,-1,1385,1386,1387,-1,1387,1386,1388,-1,1387,1388,1389,-1,1389,1388,1390,-1,1389,1390,1391,-1,1391,1390,1392,-1,1391,1392,1393,-1,1393,1392,1394,-1,1393,1394,1395,-1,1395,1394,1396,-1,1395,1396,1397,-1,1397,1396,1398,-1,1397,1398,1399,-1,1399,1398,1400,-1,1399,1400,1401,-1,1401,1400,1402,-1,1401,1402,1403,-1,1403,1402,1404,-1,1403,1404,1405,-1,1335,1405,1337,-1,1337,1405,1404,-1,1341,1343,1405,-1,1335,1334,1405,-1,1405,1334,1338,-1,1405,1338,1341,-1,1348,1350,1346,-1,1346,1350,1352,-1,1346,1352,1344,-1,1359,1361,1393,-1,1393,1361,1391,-1,1391,1361,1363,-1,1391,1363,1389,-1,1389,1363,1365,-1,1389,1365,1387,-1,1387,1365,1385,-1,1385,1365,1367,-1,1385,1367,1383,-1,1383,1367,1369,-1,1383,1369,1381,-1,1393,1395,1359,-1,1359,1395,1397,-1,1359,1397,1357,-1,1357,1397,1399,-1,1357,1399,1354,-1,1381,1369,1379,-1,1379,1369,1371,-1,1379,1371,1376,-1,1376,1371,1373,-1,1376,1373,1375,-1,1399,1401,1354,-1,1354,1401,1403,-1,1354,1403,1352,-1,1352,1403,1405,-1,1352,1405,1344,-1,1344,1405,1343,-1,1366,1364,1386,-1,1353,1351,1349,-1,1336,1337,1339,-1,1339,1337,1404,-1,1386,1364,1388,-1,1388,1364,1362,-1,1388,1362,1390,-1,1386,1384,1366,-1,1366,1384,1382,-1,1366,1382,1368,-1,1368,1382,1380,-1,1368,1380,1370,-1,1370,1380,1378,-1,1370,1378,1372,-1,1372,1378,1377,-1,1372,1377,1374,-1,1390,1362,1392,-1,1392,1362,1360,-1,1392,1360,1394,-1,1394,1360,1358,-1,1394,1358,1396,-1,1396,1358,1356,-1,1396,1356,1398,-1,1398,1356,1400,-1,1400,1356,1355,-1,1400,1355,1402,-1,1345,1342,1404,-1,1404,1342,1340,-1,1404,1340,1339,-1,1349,1347,1353,-1,1353,1347,1345,-1,1353,1345,1355,-1,1355,1345,1404,-1,1355,1404,1402,-1,1406,1407,1408,-1,1408,1407,1409,-1,1410,1406,1411,-1,1411,1406,1408,-1,1412,1410,1413,-1,1413,1410,1411,-1,1414,1412,1415,-1,1415,1412,1413,-1,1416,1414,1417,-1,1417,1414,1415,-1,1418,1416,1419,-1,1419,1416,1417,-1,1420,1418,1421,-1,1421,1418,1419,-1,1422,1420,1423,-1,1423,1420,1421,-1,1424,1422,1425,-1,1425,1422,1423,-1,1426,1424,1427,-1,1427,1424,1425,-1,1428,1426,1429,-1,1429,1426,1427,-1,1407,1428,1409,-1,1409,1428,1429,-1,1407,1406,1428,-1,1428,1406,1410,-1,1414,1416,1412,-1,1412,1416,1418,-1,1422,1424,1420,-1,1420,1424,1426,-1,1420,1426,1418,-1,1418,1426,1428,-1,1418,1428,1412,-1,1412,1428,1410,-1,1427,1425,1423,-1,1423,1421,1427,-1,1427,1421,1419,-1,1427,1419,1429,-1,1408,1409,1411,-1,1411,1409,1429,-1,1411,1429,1413,-1,1413,1429,1419,-1,1413,1419,1415,-1,1415,1419,1417,-1,1430,1431,1432,-1,1432,1431,1433,-1,1432,1433,1434,-1,1434,1433,1435,-1,1434,1435,1436,-1,1436,1435,1437,-1,1436,1437,1438,-1,1438,1437,1439,-1,1438,1439,1440,-1,1440,1439,1441,-1,1440,1441,1442,-1,1442,1441,1443,-1,1442,1443,1444,-1,1444,1443,1445,-1,1444,1445,1446,-1,1447,1448,1449,-1,1449,1448,1450,-1,1449,1450,1451,-1,1451,1450,1452,-1,1451,1452,1453,-1,1453,1452,1454,-1,1453,1454,1455,-1,1454,1456,1455,-1,1455,1456,1457,-1,1455,1457,1458,-1,1458,1457,1459,-1,1458,1459,1460,-1,1460,1459,1461,-1,1460,1461,1462,-1,1462,1461,1463,-1,1462,1463,1464,-1,1464,1463,1465,-1,1464,1465,1466,-1,1466,1465,1467,-1,1466,1467,1468,-1,1468,1467,1469,-1,1468,1469,1470,-1,1470,1469,1471,-1,1470,1471,1472,-1,1472,1471,1473,-1,1472,1473,1474,-1,1474,1473,1475,-1,1474,1475,1476,-1,1476,1475,1477,-1,1476,1477,1478,-1,1478,1477,1479,-1,1478,1479,1480,-1,1480,1479,1481,-1,1480,1481,1482,-1,1482,1481,1483,-1,1482,1483,1484,-1,1484,1483,1485,-1,1484,1485,1486,-1,1486,1485,1487,-1,1486,1487,1488,-1,1488,1487,1489,-1,1488,1489,1430,-1,1430,1489,1490,-1,1430,1490,1431,-1,1445,1491,1446,-1,1446,1491,1492,-1,1446,1492,1493,-1,1493,1492,1494,-1,1493,1494,1495,-1,1495,1494,1496,-1,1495,1496,1497,-1,1497,1496,1498,-1,1497,1498,1499,-1,1499,1498,1500,-1,1499,1500,1501,-1,1501,1500,1502,-1,1501,1502,1447,-1,1447,1502,1503,-1,1447,1503,1448,-1,1504,1505,1506,-1,1506,1505,1507,-1,1506,1507,1508,-1,1508,1507,1509,-1,1508,1509,1510,-1,1510,1509,1511,-1,1510,1511,1512,-1,1512,1511,1513,-1,1512,1513,1514,-1,1514,1513,1515,-1,1514,1515,1516,-1,1517,1518,1519,-1,1519,1518,1520,-1,1519,1520,1521,-1,1521,1520,1522,-1,1521,1522,1523,-1,1523,1522,1524,-1,1523,1524,1525,-1,1525,1524,1526,-1,1525,1526,1527,-1,1527,1526,1528,-1,1527,1528,1529,-1,1529,1528,1530,-1,1529,1530,1531,-1,1531,1530,1532,-1,1531,1532,1533,-1,1533,1532,1534,-1,1533,1534,1535,-1,1535,1534,1536,-1,1535,1536,1537,-1,1537,1536,1538,-1,1537,1538,1539,-1,1539,1538,1540,-1,1539,1540,1541,-1,1541,1540,1542,-1,1541,1542,1543,-1,1543,1542,1544,-1,1543,1544,1545,-1,1545,1544,1546,-1,1545,1546,1504,-1,1504,1546,1547,-1,1504,1547,1505,-1,1548,1549,1550,-1,1550,1549,1551,-1,1550,1551,1552,-1,1552,1551,1553,-1,1552,1553,1554,-1,1554,1553,1555,-1,1554,1555,1556,-1,1556,1555,1557,-1,1556,1557,1558,-1,1558,1557,1559,-1,1558,1559,1560,-1,1560,1559,1561,-1,1560,1561,1562,-1,1562,1561,1563,-1,1562,1563,1517,-1,1517,1563,1564,-1,1517,1564,1518,-1,1515,1565,1516,-1,1516,1565,1566,-1,1516,1566,1567,-1,1567,1566,1568,-1,1567,1568,1569,-1,1569,1568,1570,-1,1569,1570,1571,-1,1571,1570,1572,-1,1571,1572,1573,-1,1573,1572,1574,-1,1573,1574,1575,-1,1575,1574,1576,-1,1575,1576,1548,-1,1548,1576,1577,-1,1548,1577,1549,-1,1483,1481,1528,-1,1528,1481,1530,-1,1483,1528,1526,-1,1483,1526,1485,-1,1485,1526,1524,-1,1485,1524,1487,-1,1487,1524,1522,-1,1487,1522,1489,-1,1489,1522,1520,-1,1489,1520,1490,-1,1490,1520,1518,-1,1490,1518,1431,-1,1431,1518,1564,-1,1431,1564,1433,-1,1433,1564,1563,-1,1433,1563,1435,-1,1435,1563,1561,-1,1435,1561,1437,-1,1437,1561,1559,-1,1437,1559,1439,-1,1439,1559,1557,-1,1439,1557,1441,-1,1441,1557,1555,-1,1441,1555,1443,-1,1443,1555,1553,-1,1443,1553,1445,-1,1445,1553,1551,-1,1445,1551,1491,-1,1491,1551,1549,-1,1491,1549,1492,-1,1492,1549,1577,-1,1492,1577,1494,-1,1494,1577,1576,-1,1494,1576,1496,-1,1496,1576,1574,-1,1496,1574,1498,-1,1498,1574,1572,-1,1498,1572,1500,-1,1500,1572,1570,-1,1500,1570,1502,-1,1502,1570,1568,-1,1502,1568,1503,-1,1503,1568,1566,-1,1503,1566,1448,-1,1448,1566,1565,-1,1448,1565,1450,-1,1450,1565,1515,-1,1450,1515,1452,-1,1452,1515,1513,-1,1452,1513,1454,-1,1454,1513,1511,-1,1454,1511,1456,-1,1456,1511,1509,-1,1456,1509,1457,-1,1457,1509,1507,-1,1457,1507,1459,-1,1459,1507,1505,-1,1459,1505,1461,-1,1461,1505,1547,-1,1461,1547,1463,-1,1463,1547,1546,-1,1463,1546,1465,-1,1465,1546,1544,-1,1465,1544,1467,-1,1467,1544,1542,-1,1467,1542,1469,-1,1469,1542,1540,-1,1469,1540,1471,-1,1471,1540,1538,-1,1471,1538,1473,-1,1473,1538,1536,-1,1473,1536,1475,-1,1475,1536,1534,-1,1475,1534,1477,-1,1479,1477,1532,-1,1532,1477,1534,-1,1481,1479,1530,-1,1530,1479,1532,-1,1476,1478,1533,-1,1533,1478,1531,-1,1478,1480,1531,-1,1531,1480,1529,-1,1480,1482,1529,-1,1529,1482,1527,-1,1438,1558,1560,-1,1438,1560,1436,-1,1436,1560,1562,-1,1436,1562,1434,-1,1434,1562,1517,-1,1434,1517,1432,-1,1432,1517,1519,-1,1432,1519,1430,-1,1430,1519,1521,-1,1430,1521,1488,-1,1488,1521,1523,-1,1488,1523,1486,-1,1486,1523,1525,-1,1486,1525,1484,-1,1484,1525,1527,-1,1484,1527,1482,-1,1499,1571,1573,-1,1499,1573,1497,-1,1497,1573,1575,-1,1497,1575,1495,-1,1495,1575,1548,-1,1495,1548,1493,-1,1493,1548,1550,-1,1493,1550,1446,-1,1446,1550,1552,-1,1446,1552,1444,-1,1444,1552,1554,-1,1444,1554,1442,-1,1442,1554,1556,-1,1442,1556,1440,-1,1440,1556,1558,-1,1440,1558,1438,-1,1460,1506,1508,-1,1460,1508,1458,-1,1458,1508,1510,-1,1458,1510,1455,-1,1455,1510,1512,-1,1455,1512,1453,-1,1453,1512,1514,-1,1453,1514,1451,-1,1451,1514,1516,-1,1451,1516,1449,-1,1449,1516,1567,-1,1449,1567,1447,-1,1447,1567,1569,-1,1447,1569,1501,-1,1501,1569,1571,-1,1501,1571,1499,-1,1476,1533,1535,-1,1476,1535,1474,-1,1474,1535,1537,-1,1474,1537,1472,-1,1472,1537,1539,-1,1472,1539,1470,-1,1470,1539,1541,-1,1470,1541,1468,-1,1468,1541,1543,-1,1468,1543,1466,-1,1466,1543,1545,-1,1466,1545,1464,-1,1464,1545,1504,-1,1464,1504,1462,-1,1462,1504,1506,-1,1462,1506,1460,-1,1578,1579,1580,-1,1581,1582,1583,-1,1579,1584,1580,-1,1580,1584,1585,-1,1580,1585,1586,-1,1586,1585,1587,-1,1586,1587,1588,-1,1588,1589,1586,-1,1586,1589,1590,-1,1586,1590,1591,-1,1592,1591,1593,-1,1593,1591,1590,-1,1593,1590,1583,-1,1583,1590,1578,-1,1583,1578,1581,-1,1581,1578,1580,-1,1594,1595,1596,-1,1596,1595,1597,-1,1598,1599,1597,-1,1597,1599,1600,-1,1597,1600,1596,-1,1596,1600,1601,-1,1598,1602,1599,-1,1599,1602,1603,-1,1599,1603,1604,-1,1604,1603,1605,-1,1604,1605,1606,-1,1606,1607,1604,-1,1604,1607,1595,-1,1604,1595,1608,-1,1608,1595,1594,-1,1608,1594,1609,-1,1586,1591,1599,-1,1599,1591,1600,-1,1580,1586,1604,-1,1604,1586,1599,-1,1581,1580,1608,-1,1608,1580,1604,-1,1582,1581,1609,-1,1609,1581,1608,-1,1583,1582,1594,-1,1594,1582,1609,-1,1593,1583,1596,-1,1596,1583,1594,-1,1592,1593,1601,-1,1601,1593,1596,-1,1591,1592,1600,-1,1600,1592,1601,-1,1578,1590,1595,-1,1595,1590,1597,-1,1590,1589,1597,-1,1597,1589,1598,-1,1587,1603,1602,-1,1587,1602,1588,-1,1588,1602,1598,-1,1588,1598,1589,-1,1587,1585,1603,-1,1603,1585,1605,-1,1579,1607,1606,-1,1579,1606,1584,-1,1584,1606,1605,-1,1584,1605,1585,-1,1579,1578,1607,-1,1607,1578,1595,-1,
        ]
    }
}