#VRML V2.0 utf8
# 3D model generated by easyeda2kicad.py (https://github.com/uPesy/easyeda2kicad.py)

Shape{
    appearance Appearance {
        material  Material 	{
            diffuseColor 0.29411764705882354 0.29411764705882354 0.29411764705882354
            specularColor 0.29411764705882354 0.29411764705882354 0.29411764705882354
            ambientIntensity 0.2941
            transparency 0.0
            shininess 0.5
        }
    }
    geometry IndexedFaceSet {
        ccw TRUE
        solid FALSE
        coord DEF co Coordinate {
            point [
                -1.2516 -1.8504 2.685, -2.354 -1.8504 2.685, -1.2516 -1.5354 2.685, -2.354 -1.5354 2.685, -2.354 -1.8504 1.8976, -2.354 -1.5354 1.8976, -1.2516 -1.5354 1.8976, -1.2516 -1.8504 1.8976
            ]
        }
        coordIndex [
            0,1,2,-1,2,1,3,-1,1,4,3,-1,3,4,5,-1,3,5,2,-1,2,5,6,-1,2,6,0,-1,0,6,7,-1,4,7,5,-1,5,7,6,-1,
        ]
    }
}
Shape{
    appearance Appearance {
        material  Material 	{
            diffuseColor 1.0 1.0 0.9450980392156862
            specularColor 1.0 1.0 0.9450980392156862
            ambientIntensity 0.9937
            transparency 0.0
            shininess 0.5
        }
    }
    geometry IndexedFaceSet {
        ccw TRUE
        solid FALSE
        coord DEF co Coordinate {
            point [
                -2.5823 -0.3937 2.0079, -2.5823 -0.3637 1.8572, -1.7949 -0.3937 2.0079, -1.7949 -0.341 1.811, -2.5823 -0.3354 1.8148, -2.5823 -0.2784 1.7295, -1.7949 -0.1969 1.6669, -2.5823 -0.1931 1.6725, -2.5823 -0.1507 1.6441, -1.7949 0.0 1.6142, -2.5823 0.0 1.6142, -2.5823 0.1507 1.6441, -1.7949 0.1969 1.6669, -2.5823 0.1931 1.6725, -2.5823 0.2784 1.7295, -1.7949 0.341 1.811, -2.5823 0.3937 2.0079, -1.7949 0.3937 2.0079, -2.5823 0.3637 1.8572, -2.5823 0.3354 1.8148, -2.733 -0.2572 1.7507, -2.8607 -0.1065 2.2651, -2.9461 -0.0577 2.1471, -2.9461 -0.1065 2.1144, -2.976 0.0 2.0079, -2.9461 0.0 2.1585, -2.8607 0.0 2.2863, -2.733 0.0 2.3716, -2.8607 -0.2572 2.1144, -2.733 -0.336 2.1471, -2.733 -0.2572 2.2651, -2.733 -0.3637 2.0079, -2.8607 -0.2784 2.0079, -2.9461 -0.1507 2.0079, -2.733 -0.336 1.8687, -2.8607 -0.2572 1.9013, -2.9461 -0.1392 1.9502, -2.733 -0.1392 2.3439, -2.5823 -0.1507 2.3716, -2.5823 0.0 2.4016, -2.9461 -0.1392 2.0655, -2.8607 -0.1969 2.2047, -2.5823 -0.1931 2.3432, -2.5823 -0.3637 2.1585, -2.5823 -0.3354 2.201, -2.5823 -0.2784 2.2863, -2.8607 -0.1969 1.811, -2.9461 -0.1065 1.9013, -2.733 -0.1392 1.6718, -2.8607 -0.1065 1.7507, -2.9461 -0.0577 1.8687, -2.733 0.0 1.6441, -2.8607 0.0 1.7295, -2.9461 0.0 1.8572, -2.5823 0.1931 2.3432, -2.5823 0.2784 2.2863, -2.733 0.2572 2.2651, -2.8607 0.1065 1.7507, -2.9461 0.0577 1.8687, -2.9461 0.1065 1.9013, -2.8607 0.2572 1.9013, -2.733 0.336 1.8687, -2.733 0.2572 1.7507, -2.733 0.3637 2.0079, -2.8607 0.2784 2.0079, -2.9461 0.1507 2.0079, -2.733 0.336 2.1471, -2.8607 0.2572 2.1144, -2.9461 0.1392 2.0655, -2.733 0.1392 1.6718, -2.9461 0.1392 1.9502, -2.8607 0.1969 1.811, -2.5823 0.3354 2.201, -2.5823 0.3637 2.1585, -2.8607 0.1969 2.2047, -2.9461 0.1065 2.1144, -2.5823 0.1507 2.3716, -2.733 0.1392 2.3439, -2.8607 0.1065 2.2651, -2.9461 0.0577 2.1471, -1.7949 0.341 2.2047, -1.7949 0.1969 2.3488, -1.7949 -0.0 2.4016, -1.7949 -0.1969 2.3488, -1.7949 -0.341 2.2047
            ]
        }
        coordIndex [
            0,1,2,-1,2,1,3,-1,1,4,3,-1,3,4,5,-1,3,5,6,-1,5,7,6,-1,6,7,8,-1,6,8,9,-1,8,10,9,-1,9,10,11,-1,9,11,12,-1,11,13,12,-1,12,13,14,-1,12,14,15,-1,16,17,18,-1,18,17,15,-1,18,15,19,-1,19,15,14,-1,7,5,20,-1,21,22,23,-1,23,22,24,-1,25,24,22,-1,25,22,26,-1,26,22,21,-1,26,21,27,-1,28,29,30,-1,31,29,32,-1,32,29,28,-1,32,28,33,-1,34,31,35,-1,35,31,32,-1,35,32,36,-1,36,32,33,-1,36,33,24,-1,37,38,39,-1,24,33,40,-1,40,33,28,-1,40,28,41,-1,41,28,30,-1,41,30,37,-1,37,30,42,-1,37,42,38,-1,4,1,34,-1,34,1,0,-1,34,0,31,-1,31,0,43,-1,31,43,29,-1,29,43,44,-1,29,44,30,-1,30,44,45,-1,30,45,42,-1,39,27,37,-1,37,27,21,-1,37,21,41,-1,41,21,23,-1,41,23,40,-1,40,23,24,-1,5,4,20,-1,20,4,34,-1,20,34,46,-1,46,34,35,-1,46,35,47,-1,47,35,36,-1,47,36,24,-1,8,7,48,-1,48,7,20,-1,48,20,49,-1,49,20,46,-1,49,46,50,-1,50,46,47,-1,50,47,24,-1,10,8,51,-1,51,8,48,-1,51,48,52,-1,52,48,49,-1,52,49,53,-1,53,49,50,-1,53,50,24,-1,54,55,56,-1,57,58,59,-1,59,58,24,-1,53,24,58,-1,53,58,52,-1,52,58,57,-1,52,57,51,-1,60,61,62,-1,63,61,64,-1,64,61,60,-1,64,60,65,-1,66,63,67,-1,67,63,64,-1,67,64,68,-1,68,64,65,-1,68,65,24,-1,69,11,10,-1,24,65,70,-1,70,65,60,-1,70,60,71,-1,71,60,62,-1,71,62,69,-1,69,62,13,-1,69,13,11,-1,72,73,66,-1,66,73,16,-1,66,16,63,-1,63,16,18,-1,63,18,61,-1,61,18,19,-1,61,19,62,-1,62,19,14,-1,62,14,13,-1,10,51,69,-1,69,51,57,-1,69,57,71,-1,71,57,59,-1,71,59,70,-1,70,59,24,-1,55,72,56,-1,56,72,66,-1,56,66,74,-1,74,66,67,-1,74,67,75,-1,75,67,68,-1,75,68,24,-1,76,54,77,-1,77,54,56,-1,77,56,78,-1,78,56,74,-1,78,74,79,-1,79,74,75,-1,79,75,24,-1,39,76,27,-1,27,76,77,-1,27,77,26,-1,26,77,78,-1,26,78,25,-1,25,78,79,-1,25,79,24,-1,16,73,17,-1,17,73,80,-1,73,72,80,-1,80,72,55,-1,80,55,81,-1,55,54,81,-1,81,54,76,-1,81,76,82,-1,76,39,82,-1,82,39,38,-1,82,38,83,-1,38,42,83,-1,83,42,45,-1,83,45,84,-1,0,2,43,-1,43,2,84,-1,43,84,44,-1,44,84,45,-1,
        ]
    }
}
Shape{
    appearance Appearance {
        material  Material 	{
            diffuseColor 0.29411764705882354 0.29411764705882354 0.29411764705882354
            specularColor 0.29411764705882354 0.29411764705882354 0.29411764705882354
            ambientIntensity 0.2941
            transparency 0.0
            shininess 0.5
        }
    }
    geometry IndexedFaceSet {
        ccw TRUE
        solid FALSE
        coord DEF co Coordinate {
            point [
                -1.7949 -0.0 2.4016, -1.7949 -0.1969 2.3488, -1.7949 -0.3832 3.1873, -1.7949 -0.0 3.248, -1.7949 0.3832 3.1873, -1.7949 0.1969 2.3488, -1.7949 0.7289 3.0112, -1.7949 0.341 2.2047, -1.7949 -0.3937 2.0079, -1.7949 -1.1795 2.3911, -1.7949 -0.341 2.2047, -1.7949 -1.0033 2.7368, -1.7949 -0.7289 3.0112, -1.7949 0.0 1.6142, -1.7949 -0.3832 0.8284, -1.7949 -0.1969 1.6669, -1.7949 -0.7289 1.0046, -1.7949 -0.341 1.811, -1.7949 -1.0033 1.2789, -1.7949 -1.1795 1.6246, -1.7949 -1.2402 2.0079, -1.7949 0.1969 1.6669, -1.7949 0.3832 0.8284, -1.7949 0.0 0.7677, -1.7949 0.3937 2.0079, -1.7949 1.1795 1.6246, -1.7949 0.341 1.811, -1.7949 1.0033 1.2789, -1.7949 0.7289 1.0046, -1.7949 1.0033 2.7368, -1.7949 1.1795 2.3911, -1.7949 1.2402 2.0079, -3.2516 1.2402 2.0079, -3.2516 1.1795 1.6246, -3.2516 1.0033 1.2789, -3.2516 0.7289 1.0046, -3.2516 0.3832 0.8284, -3.2516 0.0 0.7677, -3.2516 -0.3832 0.8284, -3.2516 -0.7289 1.0046, -3.2516 -1.0033 1.2789, -3.2516 -1.1795 1.6246, -3.2516 -1.2402 2.0079, -3.2516 -1.1795 2.3911, -3.2516 -1.0033 2.7368, -3.2516 -0.7289 3.0112, -3.2516 -0.3832 3.1873, -3.2516 -0.0 3.248, -3.2516 0.3832 3.1873, -3.2516 0.7289 3.0112, -3.2516 1.0033 2.7368, -3.2516 1.1795 2.3911, -3.0548 0.9843 4.0551, -3.1729 0.9843 4.0551, -3.0548 -0.9843 4.0551, -3.1729 -0.9843 4.0551, -3.0548 -0.9843 3.8583, -3.0548 0.9843 3.8583, -3.3697 0.9843 3.8583, -3.2516 0.9843 3.8583, -3.3697 -0.9843 3.8583
            ]
        }
        coordIndex [
            0,1,2,-1,2,3,0,-1,0,3,4,-1,0,4,5,-1,5,4,6,-1,5,6,7,-1,8,9,10,-1,10,9,11,-1,10,11,1,-1,1,11,12,-1,1,12,2,-1,13,14,15,-1,15,14,16,-1,15,16,17,-1,16,18,17,-1,17,18,19,-1,17,19,8,-1,8,19,20,-1,8,20,9,-1,21,22,13,-1,13,22,23,-1,13,23,14,-1,24,25,26,-1,26,25,27,-1,26,27,21,-1,21,27,28,-1,21,28,22,-1,6,29,7,-1,7,29,30,-1,7,30,24,-1,24,30,31,-1,24,31,25,-1,31,32,25,-1,25,32,33,-1,25,33,27,-1,27,33,34,-1,27,34,28,-1,28,34,35,-1,28,35,22,-1,22,35,36,-1,22,36,23,-1,23,36,37,-1,23,37,14,-1,14,37,38,-1,14,38,16,-1,16,38,39,-1,16,39,18,-1,18,39,40,-1,18,40,19,-1,19,40,41,-1,19,41,20,-1,20,41,42,-1,20,42,9,-1,9,42,43,-1,9,43,11,-1,11,43,44,-1,11,44,12,-1,12,44,45,-1,12,45,2,-1,2,45,46,-1,2,46,3,-1,3,46,47,-1,3,47,4,-1,4,47,48,-1,4,48,6,-1,6,48,49,-1,6,49,29,-1,29,49,50,-1,29,50,30,-1,30,50,51,-1,30,51,31,-1,31,51,32,-1,52,53,54,-1,54,53,55,-1,56,57,54,-1,54,57,52,-1,58,53,59,-1,59,53,52,-1,59,52,57,-1,53,58,55,-1,55,58,60,-1,
        ]
    }
}
Shape{
    appearance Appearance {
        material  Material 	{
            diffuseColor 1.0 1.0 0.9450980392156862
            specularColor 1.0 1.0 0.9450980392156862
            ambientIntensity 0.9937
            transparency 0.0
            shininess 0.5
        }
    }
    geometry IndexedFaceSet {
        ccw TRUE
        solid FALSE
        coord DEF co Coordinate {
            point [
                -3.2516 -0.9843 3.8583, -3.3697 -0.9843 3.8583, -3.2516 0.9843 3.8583, -3.3697 0.9843 3.8583
            ]
        }
        coordIndex [
            0,1,2,-1,2,1,3,-1,
        ]
    }
}
Shape{
    appearance Appearance {
        material  Material 	{
            diffuseColor 0.29411764705882354 0.29411764705882354 0.29411764705882354
            specularColor 0.29411764705882354 0.29411764705882354 0.29411764705882354
            ambientIntensity 0.2941
            transparency 0.0
            shininess 0.5
        }
    }
    geometry IndexedFaceSet {
        ccw TRUE
        solid FALSE
        coord DEF co Coordinate {
            point [
                -3.0548 -0.9843 3.8583, -3.0548 -0.9843 4.0551, -3.2516 -0.9843 3.8583, -3.1729 -0.9843 4.0551, -3.3697 -0.9843 3.8583, 1.1578 -1.7717 3.8583, -3.2516 -1.7717 3.8583, -3.2516 -1.811 3.8477, 1.1578 -1.811 3.8477, -3.2516 -1.8398 3.8189, 1.1578 -1.8398 3.8189, -3.2516 -1.8504 3.7795, 1.1578 -1.8504 3.7795, -3.2516 1.7717 3.8583, -3.2516 0.9843 3.8583, -3.0548 0.9843 3.8583, 1.1578 1.7717 3.8583
            ]
        }
        coordIndex [
            0,1,2,-1,2,1,3,-1,2,3,4,-1,5,6,7,-1,5,7,8,-1,8,7,9,-1,8,9,10,-1,10,9,11,-1,10,11,12,-1,13,14,15,-1,2,6,0,-1,0,6,5,-1,0,5,15,-1,15,5,16,-1,15,16,13,-1,
        ]
    }
}
Shape{
    appearance Appearance {
        material  Material 	{
            diffuseColor 1.0 1.0 0.9450980392156862
            specularColor 1.0 1.0 0.9450980392156862
            ambientIntensity 0.9937
            transparency 0.0
            shininess 0.5
        }
    }
    geometry IndexedFaceSet {
        ccw TRUE
        solid FALSE
        coord DEF co Coordinate {
            point [
                1.0397 -1.8883 2.0711, 0.2751 -1.8883 2.0711, 1.0397 -1.8898 2.0769, 0.2751 -1.8898 2.0769, 1.0397 -1.8027 1.7792, 0.3067 -1.8027 1.7792, 0.3067 -1.7892 1.8499, 1.0397 -1.7892 1.8499, 0.3067 -1.8078 1.9194, 1.0397 -1.8078 1.9194
            ]
        }
        coordIndex [
            0,1,2,-1,2,1,3,-1,4,5,6,-1,4,6,7,-1,7,6,8,-1,7,8,9,-1,
        ]
    }
}
Shape{
    appearance Appearance {
        material  Material 	{
            diffuseColor 0.29411764705882354 0.29411764705882354 0.29411764705882354
            specularColor 0.29411764705882354 0.29411764705882354 0.29411764705882354
            ambientIntensity 0.2941
            transparency 0.0
            shininess 0.5
        }
    }
    geometry IndexedFaceSet {
        ccw TRUE
        solid FALSE
        coord DEF co Coordinate {
            point [
                0.3067 -1.8504 1.5545, 1.0397 -1.8504 1.5545, 0.3067 -1.6535 1.5545, 1.0397 -1.6535 1.5545, 0.3067 -1.6535 2.1068, 1.0397 -1.6535 2.1068, 0.3067 -1.8504 2.1068, 1.0397 -1.8504 2.1068
            ]
        }
        coordIndex [
            0,1,2,-1,2,1,3,-1,2,3,4,-1,4,3,5,-1,4,5,6,-1,6,5,7,-1,
        ]
    }
}
Shape{
    appearance Appearance {
        material  Material 	{
            diffuseColor 1.0 1.0 0.9450980392156862
            specularColor 1.0 1.0 0.9450980392156862
            ambientIntensity 0.9937
            transparency 0.0
            shininess 0.5
        }
    }
    geometry IndexedFaceSet {
        ccw TRUE
        solid FALSE
        coord DEF co Coordinate {
            point [
                0.3067 -1.6535 2.1068, 0.3067 -1.8504 2.1068, 0.3067 -1.8504 1.9996, 0.3067 -1.8504 1.6711, 0.3067 -1.8504 1.5545, 0.3067 -1.8027 1.7792, 0.3067 -1.6535 1.5545, 0.3067 -1.7892 1.8499, 0.3067 -1.8078 1.9194, 0.2751 -1.8504 1.9996, 0.2751 -1.8883 2.0711, 1.0397 -1.8078 1.9194, 1.0397 -1.8504 1.9996, 1.0397 -1.8883 2.0711
            ]
        }
        coordIndex [
            0,1,2,-1,3,4,5,-1,5,4,6,-1,5,6,7,-1,7,6,0,-1,7,0,8,-1,8,0,2,-1,2,9,10,-1,11,8,12,-1,12,8,2,-1,12,2,13,-1,13,2,10,-1,
        ]
    }
}
Shape{
    appearance Appearance {
        material  Material 	{
            diffuseColor 0.29411764705882354 0.29411764705882354 0.29411764705882354
            specularColor 0.29411764705882354 0.29411764705882354 0.29411764705882354
            ambientIntensity 0.2941
            transparency 0.0
            shininess 0.5
        }
    }
    geometry IndexedFaceSet {
        ccw TRUE
        solid FALSE
        coord DEF co Coordinate {
            point [
                1.0397 -1.6535 1.5545, 1.0397 -1.8504 1.5545, 1.0397 -1.8504 1.6711, 1.0397 -1.8504 1.9996, 1.0397 -1.8504 2.1068, 1.0397 -1.8078 1.9194, 1.0397 -1.6535 2.1068, 1.0397 -1.7892 1.8499, 1.0397 -1.8027 1.7792
            ]
        }
        coordIndex [
            0,1,2,-1,3,4,5,-1,5,4,6,-1,5,6,7,-1,7,6,0,-1,7,0,8,-1,8,0,2,-1,
        ]
    }
}
Shape{
    appearance Appearance {
        material  Material 	{
            diffuseColor 1.0 1.0 0.9450980392156862
            specularColor 1.0 1.0 0.9450980392156862
            ambientIntensity 0.9937
            transparency 0.0
            shininess 0.5
        }
    }
    geometry IndexedFaceSet {
        ccw TRUE
        solid FALSE
        coord DEF co Coordinate {
            point [
                1.0397 -1.8845 1.5938, 0.2751 -1.8845 1.5938, 0.3067 -1.8504 1.6711, 0.2751 -1.8504 1.6711, 1.0397 -1.8504 1.6711, 0.3067 -1.8027 1.7792, 1.0397 -1.8027 1.7792, 0.2751 -1.8898 1.5688, 0.2751 -1.8898 2.0769, 0.2751 -1.8883 2.0711, 0.2751 -1.8504 1.9996, 1.0397 -1.8898 1.5688, -3.0154 1.0236 3.9764, -3.3697 1.0236 3.9764, -3.0154 1.0236 3.8976, -3.3697 1.0236 3.8976, -3.0154 -1.0236 3.9764, -3.0154 -1.0236 3.8976, -3.3697 -1.0236 3.8976, -3.3697 -1.0236 3.9764, -3.3697 1.811 3.9764, -3.3697 -1.811 3.9764, 1.0397 -1.811 3.9764, 1.0397 1.811 3.9764, -1.2989 -1.8898 2.5866, -1.2989 -1.9685 2.5866, -1.2733 -1.8898 2.5935, -1.2733 -1.9685 2.5935, -1.2545 -1.8898 2.6122, -1.2545 -1.9685 2.6122, -1.2477 -1.8898 2.6378, -1.2477 -1.9685 2.6378, -1.2545 -1.8898 2.6634, -1.2545 -1.9685 2.6634, -1.2733 -1.8898 2.6821, -1.2733 -1.9685 2.6821, -1.2989 -1.8898 2.689, -1.2989 -1.9685 2.689, -2.3579 -1.8898 2.689, -2.3579 -1.9685 2.689, -2.3579 -1.9685 1.8937, -2.3579 -1.8898 1.8937, -1.2989 -1.9685 1.8937, -1.2989 -1.8898 1.8937, -1.2989 -1.9685 1.9961, -1.2989 -1.8898 1.9961, -1.2733 -1.9685 1.9892, -1.2733 -1.8898 1.9892, -1.2545 -1.9685 1.9705, -1.2545 -1.8898 1.9705, -1.2477 -1.9685 1.9449, -1.2477 -1.8898 1.9449, -1.2545 -1.9685 1.9193, -1.2545 -1.8898 1.9193, -1.2733 -1.9685 1.9006, -1.2733 -1.8898 1.9006, -1.392 -1.8898 2.5866, -1.392 -1.8898 1.9961, -1.4826 -1.8708 2.5866, -1.4826 -1.8708 1.9961, -2.1014 -1.6857 2.0906, -2.1014 -1.6857 2.4921, -2.0698 -1.6136 2.0906, -2.0698 -1.6136 2.4921, -1.9833 -1.6515 2.5866, -1.9833 -1.6515 1.9961, -2.0164 -1.637 2.0033, -2.0445 -1.6247 2.0237, -2.0632 -1.6165 2.0544, -2.0582 -1.6187 2.5394, -2.0266 -1.6325 2.574, -2.0948 -1.6886 2.0544, -2.0761 -1.6968 2.0237, -2.048 -1.7091 2.0033, -2.0149 -1.7236 1.9961, -1.392 -1.9685 1.9961, -1.5141 -1.9429 1.9961, -1.5141 -1.9429 2.5866, -1.392 -1.9685 2.5866, -2.0149 -1.7236 2.5866, -2.0581 -1.7047 2.574, -2.0898 -1.6908 2.5394, -1.4406 -1.9476 -0.2511, -1.4406 -1.9044 -0.1457, -0.85 -1.9476 -0.2511, -0.85 -1.9044 -0.1457, -1.4406 -1.9622 -0.3296, -0.85 -1.9622 -0.3296, -0.8604 -2.0393 -0.4148, -0.9798 -2.0345 -0.6541, -0.8604 -1.9606 -0.4132, -0.9805 -1.9558 -0.6541, -1.0037 -1.9553 -0.6819, -0.9958 -2.0341 -0.6773, -1.0022 -2.034 -0.6821, -1.0097 -1.9551 -0.689, -1.0236 -2.0337 -0.6982, -1.0336 -1.9549 -0.701, -1.0327 -2.0336 -0.7003, -1.0407 -1.9548 -0.7046, -1.0679 -2.0335 -0.7087, -1.0686 -1.9547 -0.7087, -1.2255 -2.0335 -0.7087, -1.2247 -1.9547 -0.7087, -1.2598 -1.9549 -0.7003, -1.2534 -2.0335 -0.7046, -1.2605 -2.0336 -0.701, -1.2689 -1.9549 -0.6982, -1.2844 -2.0339 -0.689, -1.2903 -1.9553 -0.6821, -1.2904 -2.034 -0.6819, -1.2968 -1.9553 -0.6773, -1.3136 -2.0345 -0.6541, -1.3128 -1.9558 -0.6541, -1.4302 -2.0392 -0.4202, -1.4302 -1.9605 -0.4187, -1.4406 -2.0401 -0.3763, -1.4406 -1.9613 -0.3748, -1.2689 -1.9549 -0.6982, -0.85 -1.9615 -0.3693, -1.2969 -1.9553 -0.6773, -1.0097 -1.9551 -0.6891, -1.0407 -1.9548 -0.7047, -0.85 -2.0402 -0.3709, -1.2845 -2.0339 -0.6891, -1.0236 -2.0337 -0.6982, -1.4406 -2.041 -0.3293, -0.85 -2.041 -0.3293, -0.9957 -2.0341 -0.6773, -1.2534 -2.0335 -0.7047, -1.4406 -2.0264 -0.2509, -0.85 -2.0264 -0.2509, -1.4406 -1.9832 -0.1454, -0.85 -1.9832 -0.1454, -1.4406 -1.9685 -0.0708, -0.85 -1.9685 -0.0708, -3.3697 -1.8898 0.2362, -1.854 -1.8898 0.2362, -3.3697 -1.9685 0.2362, -1.854 -1.9685 0.2362, -1.7556 -1.8898 0.3346, -1.7556 -1.9685 0.3346, -1.7687 -1.9685 0.2854, -1.7687 -1.8898 0.2854, -1.8048 -1.9685 0.2494, -1.8048 -1.8898 0.2494, -1.7556 -1.9685 0.8661, -1.7556 -1.8898 0.8661, -1.4406 -1.8898 0.8661, -1.4406 -1.9685 0.8661, -1.4617 -1.8898 0.9449, -1.4617 -1.9685 0.9449, -1.5193 -1.8898 1.0025, -1.5193 -1.9685 1.0025, -1.5981 -1.8898 1.0236, -1.5981 -1.9685 1.0236, -1.6768 -1.8898 1.0025, -1.6768 -1.9685 1.0025, -1.7345 -1.8898 0.9449, -1.7345 -1.9685 0.9449, -1.4406 -1.8898 -0.0711, -0.85 -1.8898 -0.0711, -0.85 -1.9685 0.8661, -0.85 -1.8898 0.8661, -0.8289 -1.9685 0.9449, -0.8289 -1.8898 0.9449, -0.7713 -1.9685 1.0025, -0.7713 -1.8898 1.0025, -0.6926 -1.9685 1.0236, -0.6926 -1.8898 1.0236, -0.6138 -1.9685 1.0025, -0.6138 -1.8898 1.0025, -0.5562 -1.9685 0.9449, -0.5562 -1.8898 0.9449, -0.5351 -1.9685 0.8661, -0.5351 -1.8898 0.8661, -0.5351 -1.8898 0.3346, -0.5351 -1.9685 0.3346, -0.5219 -1.8898 0.2854, -0.5219 -1.9685 0.2854, -0.4859 -1.8898 0.2494, -0.4859 -1.9685 0.2494, -0.4367 -1.8898 0.2362, -0.4367 -1.9685 0.2362, 0.0083 -1.9685 0.2362, 0.0083 -1.8898 0.2362, 0.1067 -1.8898 0.3346, 0.1067 -1.9685 0.3346, 0.0935 -1.9685 0.2854, 0.0935 -1.8898 0.2854, 0.0575 -1.9685 0.2494, 0.0575 -1.8898 0.2494, 0.1067 -1.9685 0.8524, 0.1067 -1.8898 0.8524, 0.4492 -1.8898 0.8524, 0.4492 -1.9685 0.8524, 0.4262 -1.8898 0.938, 0.4262 -1.9685 0.938, 0.3636 -1.8898 1.0007, 0.3636 -1.9685 1.0007, 0.2779 -1.8898 1.0236, 0.2779 -1.9685 1.0236, 0.1923 -1.8898 1.0007, 0.1923 -1.9685 1.0007, 0.1296 -1.8898 0.938, 0.1296 -1.9685 0.938, 0.5787 -2.0345 -0.6542, 0.4596 -2.0393 -0.4161, 0.5794 -1.9558 -0.6542, 0.4596 -1.9606 -0.4145, 0.6324 -1.9549 -0.7003, 0.6675 -1.9547 -0.7087, 0.6667 -2.0335 -0.7087, 0.6387 -2.0335 -0.7046, 0.6317 -2.0336 -0.7011, 0.6233 -1.9549 -0.6982, 0.6078 -2.0339 -0.6891, 0.6019 -1.9552 -0.6822, 0.6018 -2.034 -0.6819, 0.5956 -1.9553 -0.6774, 0.8222 -2.0335 -0.7087, 0.8214 -1.9547 -0.7087, 0.8863 -1.9553 -0.6819, 0.9095 -1.9558 -0.6542, 0.9102 -2.0345 -0.6542, 0.8941 -2.0341 -0.6774, 0.8878 -2.034 -0.6822, 0.8803 -1.9551 -0.6891, 0.8664 -2.0337 -0.6982, 0.8564 -1.9549 -0.7011, 0.8573 -2.0336 -0.7003, 0.8494 -1.9548 -0.7046, 1.0293 -2.0393 -0.4161, 1.0293 -1.9606 -0.4145, 1.0397 -1.9614 -0.3705, 1.0397 -2.0401 -0.3721, 0.8664 -2.0337 -0.6982, 1.0397 -2.041 -0.3293, 0.4492 -2.0401 -0.3721, 0.4492 -2.041 -0.3293, 0.6078 -2.0339 -0.6891, 0.8942 -2.0341 -0.6775, 0.6387 -2.0335 -0.7047, 0.4492 -1.9614 -0.3705, 0.6233 -1.9549 -0.6982, 0.4492 -1.9622 -0.3296, 1.0397 -1.9622 -0.3296, 0.8803 -1.9551 -0.6891, 0.5955 -1.9553 -0.6775, 0.8494 -1.9548 -0.7047, 0.4492 -1.9476 -0.2511, 1.0397 -1.9476 -0.2511, 0.4492 -1.9044 -0.1457, 1.0397 -1.9044 -0.1457, 0.4492 -1.8898 -0.0711, 1.0397 -1.8898 -0.0711, 0.4492 -1.9685 -0.0708, 0.4492 -1.9832 -0.1454, 0.4492 -2.0264 -0.2509, 1.0397 -2.0264 -0.2509, 1.0397 -1.9832 -0.1454, 1.0397 -1.9685 -0.0708, 0.3538 -1.9685 1.5688, 0.3538 -1.9565 1.6256, 0.3393 -1.9685 1.5995, 0.3388 -1.9595 1.6269, 0.3377 -1.9597 1.627, 0.3262 -1.9674 1.6304, 0.3245 -1.9685 1.6309, 1.0397 -1.9565 1.6256, 1.0397 -1.9685 1.5688, 1.0397 -1.8748 1.811, 0.3538 -1.8748 1.811, 0.3145 -1.9072 1.8456, 0.3145 -1.9121 1.864, 0.3145 -1.9108 1.8269, 0.3145 -1.9685 1.9702, 0.3145 -1.9685 1.696, 0.326 -1.8853 1.8156, 0.3175 -1.897 1.8208, 0.3177 -1.9685 1.659, 0.3168 -1.9685 1.663, 0.3388 -1.8775 1.8122, 0.3538 -1.8678 1.847, 0.3538 -1.8773 1.8824, 0.3388 -1.88 1.881, 0.3388 -1.8708 1.8469, 0.326 -1.8794 1.8466, 0.3175 -1.8921 1.8461, 0.326 -1.8875 1.877, 0.3175 -1.8988 1.8711, 1.0397 -1.8773 1.8824, 1.0397 -1.8678 1.847, 1.0397 -1.9579 2.0342, 0.3538 -1.9579 2.0342, 0.3261 -1.9682 2.0287, 0.3255 -1.9685 2.0286, 0.3177 -1.9686 2.0022, 0.317 -1.9686 2.0, 0.3388 -1.9606 2.0328, 0.3384 -1.9607 2.0327, 0.3399 -1.9685 2.0531, 0.3538 -1.9658 2.055, 0.3401 -1.9685 2.0534, 0.3538 -1.9685 2.0769, 1.0397 -1.9685 2.0769, -3.3697 -1.9685 3.8189, 1.0397 -1.9685 3.8189, 0.3166 -1.9685 1.663, 0.3169 -1.9685 2.0001, 1.0397 -1.9474 3.8976, -3.3697 -1.9474 3.8976, 1.0397 -1.8898 3.9553, -3.3697 -1.8898 3.9553, -3.3697 -1.8898 3.8189, -3.3697 -1.8792 3.8583, -3.3697 -1.8504 3.8871, -3.3697 -1.811 3.8976, 1.0397 -1.8898 3.8189, 1.0397 -1.8898 2.0769, 1.0397 -1.8792 3.8583, 1.0397 -1.8504 3.8871, 1.0397 -1.811 3.8976, 0.3067 1.8027 1.7792, 1.0397 1.8027 1.7792, 1.0397 1.7892 1.8499, 0.3067 1.7892 1.8499, 1.0397 1.8078 1.9194, 0.3067 1.8078 1.9194
            ]
        }
        coordIndex [
            0,1,2,-1,2,1,3,-1,0,2,4,-1,4,2,5,-1,4,5,6,-1,7,8,1,-1,1,8,9,-1,1,9,3,-1,3,9,10,-1,11,7,0,-1,0,7,1,-1,12,13,14,-1,14,13,15,-1,12,14,16,-1,16,14,17,-1,17,18,16,-1,16,18,19,-1,20,13,12,-1,19,21,16,-1,16,21,22,-1,16,22,12,-1,12,22,23,-1,12,23,20,-1,24,25,26,-1,26,25,27,-1,26,27,28,-1,28,27,29,-1,28,29,30,-1,30,29,31,-1,30,31,32,-1,32,31,33,-1,32,33,34,-1,34,33,35,-1,34,35,36,-1,36,35,37,-1,38,36,39,-1,39,36,37,-1,39,40,38,-1,38,40,41,-1,40,42,41,-1,41,42,43,-1,44,45,46,-1,46,45,47,-1,46,47,48,-1,48,47,49,-1,48,49,50,-1,50,49,51,-1,50,51,52,-1,52,51,53,-1,52,53,54,-1,54,53,55,-1,54,55,42,-1,42,55,43,-1,56,57,58,-1,58,57,59,-1,60,61,62,-1,62,61,63,-1,64,58,59,-1,65,66,62,-1,62,66,67,-1,62,67,68,-1,69,70,63,-1,63,70,64,-1,63,64,62,-1,62,64,59,-1,62,59,65,-1,60,62,68,-1,60,68,71,-1,71,68,67,-1,71,67,72,-1,72,67,66,-1,72,66,73,-1,73,66,65,-1,73,65,74,-1,45,44,57,-1,57,44,75,-1,57,75,59,-1,59,75,76,-1,59,76,65,-1,65,76,74,-1,76,75,77,-1,77,75,78,-1,79,80,81,-1,60,71,72,-1,76,77,60,-1,60,77,79,-1,60,79,61,-1,61,79,81,-1,76,60,74,-1,74,60,72,-1,74,72,73,-1,63,61,81,-1,63,81,69,-1,69,81,80,-1,69,80,70,-1,70,80,79,-1,70,79,64,-1,64,79,58,-1,58,79,77,-1,58,77,56,-1,56,77,78,-1,56,78,24,-1,24,78,25,-1,82,83,84,-1,84,83,85,-1,82,84,86,-1,86,84,87,-1,88,89,90,-1,90,89,91,-1,92,91,89,-1,89,93,92,-1,92,93,94,-1,92,94,95,-1,95,94,96,-1,95,96,97,-1,97,96,98,-1,97,98,99,-1,99,98,100,-1,99,100,101,-1,100,102,101,-1,101,102,103,-1,104,103,102,-1,102,105,104,-1,104,105,106,-1,104,106,107,-1,107,106,108,-1,107,108,109,-1,109,108,110,-1,109,110,111,-1,111,110,112,-1,111,112,113,-1,112,114,113,-1,113,114,115,-1,114,116,115,-1,115,116,117,-1,104,118,109,-1,87,119,86,-1,86,119,90,-1,109,120,97,-1,97,120,113,-1,121,97,92,-1,92,97,86,-1,92,86,91,-1,91,86,90,-1,97,122,101,-1,97,101,109,-1,109,101,103,-1,109,103,104,-1,113,115,97,-1,97,115,117,-1,97,117,86,-1,90,119,88,-1,88,119,123,-1,110,124,106,-1,98,125,94,-1,126,116,127,-1,127,116,114,-1,127,114,112,-1,94,128,106,-1,106,128,89,-1,106,89,88,-1,106,129,102,-1,106,102,94,-1,94,102,100,-1,94,100,98,-1,112,110,127,-1,127,110,106,-1,127,106,123,-1,123,106,88,-1,130,126,131,-1,131,126,127,-1,132,130,133,-1,133,130,131,-1,132,133,134,-1,134,133,135,-1,136,137,138,-1,138,137,139,-1,140,141,142,-1,140,142,143,-1,143,142,144,-1,143,144,145,-1,145,144,139,-1,145,139,137,-1,146,141,147,-1,147,141,140,-1,148,149,150,-1,150,149,151,-1,150,151,152,-1,152,151,153,-1,152,153,154,-1,154,153,155,-1,154,155,156,-1,156,155,157,-1,156,157,158,-1,158,157,159,-1,158,159,147,-1,147,159,146,-1,149,148,134,-1,134,148,160,-1,134,160,132,-1,132,160,83,-1,132,83,130,-1,130,83,82,-1,130,82,126,-1,126,82,86,-1,126,86,116,-1,116,86,117,-1,83,160,85,-1,85,160,161,-1,123,119,127,-1,127,119,87,-1,127,87,131,-1,131,87,84,-1,131,84,133,-1,133,84,85,-1,133,85,135,-1,135,85,161,-1,135,161,162,-1,162,161,163,-1,162,163,164,-1,164,163,165,-1,164,165,166,-1,166,165,167,-1,166,167,168,-1,168,167,169,-1,168,169,170,-1,170,169,171,-1,170,171,172,-1,172,171,173,-1,172,173,174,-1,174,173,175,-1,175,176,174,-1,174,176,177,-1,177,176,178,-1,177,178,179,-1,179,178,180,-1,179,180,181,-1,181,180,182,-1,181,182,183,-1,184,183,185,-1,185,183,182,-1,186,187,188,-1,186,188,189,-1,189,188,190,-1,189,190,191,-1,191,190,184,-1,191,184,185,-1,192,187,193,-1,193,187,186,-1,194,195,196,-1,196,195,197,-1,196,197,198,-1,198,197,199,-1,198,199,200,-1,200,199,201,-1,200,201,202,-1,202,201,203,-1,202,203,204,-1,204,203,205,-1,204,205,193,-1,193,205,192,-1,206,207,208,-1,208,207,209,-1,210,211,212,-1,212,213,210,-1,210,213,214,-1,210,214,215,-1,215,214,216,-1,215,216,217,-1,217,216,218,-1,217,218,219,-1,219,218,206,-1,219,206,208,-1,220,212,221,-1,221,212,211,-1,222,223,224,-1,224,225,222,-1,222,225,226,-1,222,226,227,-1,227,226,228,-1,227,228,229,-1,229,228,230,-1,229,230,231,-1,231,230,220,-1,231,220,221,-1,232,224,233,-1,233,224,223,-1,233,234,232,-1,232,234,235,-1,230,236,226,-1,207,237,238,-1,238,237,239,-1,240,214,218,-1,218,214,237,-1,218,237,206,-1,206,237,207,-1,226,241,214,-1,214,241,224,-1,214,242,212,-1,214,212,226,-1,226,212,220,-1,226,220,230,-1,224,232,214,-1,214,232,235,-1,214,235,237,-1,207,238,209,-1,209,238,243,-1,210,244,217,-1,233,245,234,-1,234,245,246,-1,247,229,222,-1,222,229,245,-1,222,245,223,-1,223,245,233,-1,217,248,229,-1,229,248,208,-1,229,249,221,-1,229,221,217,-1,217,221,211,-1,217,211,210,-1,208,209,229,-1,229,209,243,-1,229,243,245,-1,250,251,245,-1,245,251,246,-1,250,252,251,-1,251,252,253,-1,252,254,253,-1,253,254,255,-1,195,194,256,-1,256,194,254,-1,256,254,257,-1,257,254,252,-1,257,252,258,-1,258,252,250,-1,258,250,239,-1,239,250,245,-1,239,245,238,-1,238,245,243,-1,258,239,259,-1,259,239,237,-1,257,258,260,-1,260,258,259,-1,257,260,256,-1,256,260,261,-1,262,263,264,-1,264,263,265,-1,265,266,264,-1,264,266,267,-1,264,267,268,-1,263,262,269,-1,269,262,270,-1,271,272,269,-1,269,272,263,-1,273,274,275,-1,275,274,276,-1,275,276,277,-1,278,279,280,-1,275,277,279,-1,279,277,281,-1,279,281,280,-1,263,272,265,-1,265,272,282,-1,265,282,266,-1,266,282,278,-1,266,278,267,-1,267,278,280,-1,267,280,268,-1,283,284,285,-1,272,283,286,-1,272,286,282,-1,282,286,287,-1,282,287,278,-1,278,287,288,-1,278,288,279,-1,279,288,273,-1,279,273,275,-1,283,285,286,-1,286,285,289,-1,286,289,287,-1,287,289,290,-1,287,290,288,-1,288,290,274,-1,288,274,273,-1,291,284,292,-1,292,284,283,-1,292,283,271,-1,271,283,272,-1,293,294,291,-1,291,294,284,-1,295,296,289,-1,289,296,297,-1,289,297,290,-1,290,297,298,-1,290,298,274,-1,274,298,276,-1,284,294,285,-1,285,294,299,-1,285,299,289,-1,289,299,300,-1,289,300,295,-1,299,294,301,-1,301,294,302,-1,301,302,303,-1,303,302,304,-1,296,295,301,-1,301,295,300,-1,301,300,299,-1,294,293,302,-1,302,293,305,-1,302,305,304,-1,149,134,135,-1,153,151,42,-1,42,151,149,-1,146,159,40,-1,40,159,157,-1,40,157,42,-1,42,157,155,-1,42,155,153,-1,262,201,270,-1,270,201,199,-1,187,192,181,-1,181,192,205,-1,181,205,262,-1,262,205,203,-1,262,203,201,-1,46,27,25,-1,35,33,304,-1,170,172,262,-1,144,142,139,-1,139,142,141,-1,139,141,138,-1,256,261,195,-1,195,261,270,-1,195,270,197,-1,197,270,199,-1,78,75,25,-1,25,75,44,-1,25,44,46,-1,141,146,138,-1,138,146,40,-1,138,40,306,-1,306,40,39,-1,306,39,37,-1,48,31,46,-1,46,31,29,-1,46,29,27,-1,164,166,42,-1,190,188,184,-1,184,188,187,-1,184,187,183,-1,183,187,181,-1,305,307,304,-1,304,307,306,-1,304,306,35,-1,35,306,37,-1,179,181,177,-1,177,181,262,-1,177,262,174,-1,174,262,172,-1,262,264,52,-1,52,264,268,-1,52,268,280,-1,149,135,42,-1,42,135,162,-1,42,162,164,-1,170,262,168,-1,168,262,52,-1,168,52,166,-1,166,52,54,-1,166,54,42,-1,297,296,48,-1,48,296,301,-1,280,308,52,-1,52,308,277,-1,52,277,50,-1,50,277,276,-1,50,276,48,-1,48,276,309,-1,48,309,297,-1,33,31,304,-1,304,31,48,-1,304,48,303,-1,303,48,301,-1,306,307,310,-1,306,310,311,-1,311,310,312,-1,311,312,313,-1,313,312,22,-1,313,22,21,-1,136,138,314,-1,314,138,306,-1,314,306,315,-1,315,306,311,-1,315,311,316,-1,316,311,313,-1,316,313,317,-1,317,313,21,-1,317,21,18,-1,18,21,19,-1,318,319,8,-1,53,318,55,-1,55,318,8,-1,55,8,43,-1,53,51,318,-1,318,51,49,-1,318,49,47,-1,45,57,56,-1,255,254,11,-1,11,254,194,-1,194,196,11,-1,11,196,198,-1,11,198,7,-1,7,198,200,-1,7,200,202,-1,56,24,45,-1,45,24,26,-1,45,26,47,-1,47,26,28,-1,47,28,318,-1,318,28,30,-1,318,30,32,-1,32,34,318,-1,318,34,36,-1,318,36,314,-1,314,36,38,-1,314,38,136,-1,136,38,41,-1,136,41,158,-1,202,204,175,-1,175,204,193,-1,175,193,176,-1,176,193,186,-1,202,175,7,-1,7,175,173,-1,7,173,8,-1,8,173,171,-1,8,171,169,-1,169,167,8,-1,8,167,150,-1,8,150,43,-1,150,152,43,-1,43,152,154,-1,43,154,41,-1,41,154,156,-1,41,156,158,-1,140,143,145,-1,180,178,182,-1,182,178,176,-1,182,176,185,-1,185,176,186,-1,185,186,191,-1,191,186,189,-1,163,161,160,-1,158,147,136,-1,136,147,140,-1,136,140,137,-1,137,140,145,-1,167,165,150,-1,150,165,163,-1,150,163,148,-1,148,163,160,-1,318,314,320,-1,320,314,315,-1,320,315,321,-1,321,315,316,-1,321,316,322,-1,322,316,317,-1,323,324,325,-1,323,325,326,-1,326,325,327,-1,326,327,328,-1,
        ]
    }
}
Shape{
    appearance Appearance {
        material  Material 	{
            diffuseColor 0.29411764705882354 0.29411764705882354 0.29411764705882354
            specularColor 0.29411764705882354 0.29411764705882354 0.29411764705882354
            ambientIntensity 0.2941
            transparency 0.0
            shininess 0.5
        }
    }
    geometry IndexedFaceSet {
        ccw TRUE
        solid FALSE
        coord DEF co Coordinate {
            point [
                1.0397 1.6535 1.5545, 1.0397 1.8504 1.5545, 0.3067 1.6535 1.5545, 0.3067 1.8504 1.5545, 0.3067 1.6535 2.1068, 1.0397 1.6535 2.1068, 0.3067 1.8504 2.1068, 1.0397 1.8504 2.1068, 1.0397 1.8504 1.9996, 1.0397 1.8504 1.6711, 1.0397 1.8027 1.7792, 1.0397 1.7892 1.8499, 1.0397 1.8078 1.9194
            ]
        }
        coordIndex [
            0,1,2,-1,2,1,3,-1,4,5,2,-1,2,5,0,-1,4,6,5,-1,5,6,7,-1,5,7,8,-1,9,1,10,-1,10,1,0,-1,10,0,11,-1,11,0,5,-1,11,5,12,-1,12,5,8,-1,
        ]
    }
}
Shape{
    appearance Appearance {
        material  Material 	{
            diffuseColor 1.0 1.0 0.9450980392156862
            specularColor 1.0 1.0 0.9450980392156862
            ambientIntensity 0.9937
            transparency 0.0
            shininess 0.5
        }
    }
    geometry IndexedFaceSet {
        ccw TRUE
        solid FALSE
        coord DEF co Coordinate {
            point [
                0.2751 1.8883 2.0711, 1.0397 1.8883 2.0711, 0.2751 1.8898 2.0769, 1.0397 1.8898 2.0769, 0.3067 1.8504 1.9996, 0.2751 1.8504 1.9996, 1.0397 1.8504 1.9996, 0.3067 1.8078 1.9194, 1.0397 1.8078 1.9194, 0.3067 1.6535 1.5545, 0.3067 1.8504 1.5545, 0.3067 1.8504 1.6711, 0.3067 1.8504 2.1068, 0.3067 1.6535 2.1068, 0.3067 1.7892 1.8499, 0.3067 1.8027 1.7792, 0.2751 1.8504 1.6711, 0.2751 1.8845 1.5938, 1.0397 1.8027 1.7792, 1.0397 1.8504 1.6711, 1.0397 1.8845 1.5938, 0.2751 1.8898 1.5688, 1.0397 1.8898 1.5688, -2.3579 1.8898 1.8937, -2.3579 1.9685 1.8937, -2.3579 1.8898 2.689, -2.3579 1.9685 2.689, -1.2989 1.8898 1.8937, -1.2989 1.9685 1.8937, -1.2989 1.8898 1.9961, -1.2989 1.9685 1.9961, -1.2733 1.8898 1.9892, -1.2733 1.9685 1.9892, -1.2545 1.8898 1.9705, -1.2545 1.9685 1.9705, -1.2477 1.8898 1.9449, -1.2477 1.9685 1.9449, -1.2545 1.8898 1.9193, -1.2545 1.9685 1.9193, -1.2733 1.8898 1.9006, -1.2733 1.9685 1.9006, -1.5141 1.9429 2.5866, -1.392 1.9685 2.5866, -1.5141 1.9429 1.9961, -1.392 1.9685 1.9961, -2.0698 1.6136 2.0906, -2.0698 1.6136 2.4921, -2.1014 1.6857 2.0906, -2.1014 1.6857 2.4921, -2.0149 1.7236 1.9961, -2.0581 1.7047 2.0087, -2.0898 1.6908 2.0433, -2.0898 1.6908 2.5394, -2.0581 1.7047 2.574, -2.0149 1.7236 2.5866, -2.0582 1.6187 2.0433, -2.0266 1.6325 2.0087, -1.9833 1.6515 1.9961, -1.4826 1.8708 1.9961, -1.392 1.8898 1.9961, -1.392 1.8898 2.5866, -1.4826 1.8708 2.5866, -1.9833 1.6515 2.5866, -2.0582 1.6187 2.5394, -2.0266 1.6325 2.574, -1.2989 1.8898 2.5866, -1.2989 1.9685 2.5866, -1.2733 1.9685 2.5935, -1.2733 1.8898 2.5935, -1.2545 1.9685 2.6122, -1.2545 1.8898 2.6122, -1.2477 1.9685 2.6378, -1.2477 1.8898 2.6378, -1.2545 1.9685 2.6634, -1.2545 1.8898 2.6634, -1.2733 1.9685 2.6821, -1.2733 1.8898 2.6821, -1.2989 1.9685 2.689, -1.2989 1.8898 2.689, 0.3399 1.9685 2.0531, 0.3538 1.9685 2.0769, 0.3538 1.9579 2.0342, 0.3384 1.9607 2.0327, 0.3345 1.963 2.0315, 0.3255 1.9685 2.0286, 1.0397 1.9685 2.0769, 1.0397 1.9579 2.0342, 1.0397 1.8773 1.8824, 0.3538 1.8773 1.8824, 0.3145 1.9685 1.696, 0.3145 1.9685 1.9702, 0.3145 1.9108 1.8269, 0.3145 1.9121 1.864, 0.3145 1.9072 1.8456, 0.3204 1.9685 2.0114, 0.3197 1.8947 1.8732, 0.317 1.9686 2.0, 0.3341 1.882 1.88, 0.3184 1.8972 1.8209, 0.3197 1.8875 1.8463, 0.3197 1.8928 1.8189, 0.3269 1.8862 1.816, 0.3341 1.8731 1.8468, 0.3341 1.8796 1.8131, 0.3538 1.8678 1.847, 0.3538 1.8748 1.811, 0.339 1.8784 1.8126, 1.0397 1.8678 1.847, 1.0397 1.8748 1.811, 1.0397 1.9565 1.6256, 0.3538 1.9565 1.6256, 0.3168 1.9685 1.663, 0.3177 1.9685 1.659, 0.3262 1.9674 1.6304, 0.3245 1.9685 1.6309, 0.3388 1.9595 1.6269, 0.3377 1.9597 1.627, 0.3538 1.9685 1.5688, 0.3393 1.9685 1.5995, 1.0397 1.9685 1.5688, -0.9798 2.0345 -0.6541, -0.8604 2.0393 -0.4148, -0.9805 1.9558 -0.6541, -0.8604 1.9606 -0.4132, -1.0335 1.9549 -0.7003, -1.0686 1.9547 -0.7087, -1.0679 2.0335 -0.7087, -1.04 2.0335 -0.7046, -1.0328 2.0336 -0.701, -1.0244 1.9549 -0.6982, -1.0089 2.0339 -0.689, -1.003 1.9553 -0.6821, -1.0029 2.034 -0.6819, -0.9966 1.9553 -0.6773, -1.2255 2.0335 -0.7087, -1.2247 1.9547 -0.7087, -1.2897 1.9553 -0.6819, -1.3128 1.9558 -0.6541, -1.3136 2.0345 -0.6541, -1.2976 2.0341 -0.6773, -1.2911 2.034 -0.6821, -1.2837 1.9551 -0.689, -1.2697 2.0337 -0.6982, -1.2598 1.9549 -0.701, -1.2606 2.0336 -0.7003, -1.2526 1.9548 -0.7046, -1.4302 2.0392 -0.4202, -1.4302 1.9605 -0.4187, -0.85 2.0264 -0.2509, -0.85 2.041 -0.3293, -1.4406 2.0264 -0.2509, -1.4406 2.041 -0.3293, -0.85 1.9832 -0.1454, -1.4406 1.9832 -0.1454, -0.85 1.9685 -0.0708, -1.4406 1.9685 -0.0708, 1.0397 1.9832 -0.1454, 0.4492 1.9832 -0.1454, 1.0397 1.9685 -0.0708, 0.4492 1.9685 -0.0708, 1.0397 2.0264 -0.2509, 0.4492 2.0264 -0.2509, 1.0397 2.041 -0.3293, 0.4492 2.041 -0.3293, 1.0293 1.9606 -0.4145, 0.9095 1.9558 -0.6542, 1.0293 2.0393 -0.4161, 0.9102 2.0345 -0.6542, 0.8565 1.9549 -0.7003, 0.8214 1.9547 -0.7087, 0.8222 2.0335 -0.7087, 0.8502 2.0335 -0.7046, 0.8572 2.0336 -0.7011, 0.8656 1.9549 -0.6982, 0.8811 2.0339 -0.6891, 0.887 1.9552 -0.6822, 0.8871 2.034 -0.6819, 0.8933 1.9553 -0.6774, 0.6675 1.9547 -0.7087, 0.6667 2.0335 -0.7087, 0.6026 1.9553 -0.6819, 0.5794 1.9558 -0.6542, 0.5787 2.0345 -0.6542, 0.5948 2.0341 -0.6774, 0.6011 2.034 -0.6822, 0.6086 1.9551 -0.6891, 0.6225 2.0337 -0.6982, 0.6325 1.9549 -0.7011, 0.6316 2.0336 -0.7003, 0.6395 1.9548 -0.7046, 0.4596 1.9606 -0.4145, 0.4596 2.0393 -0.4161, 0.8811 2.0339 -0.6891, 0.6225 2.0337 -0.6982, 1.0397 2.0401 -0.3721, 0.5947 2.0341 -0.6775, 0.8502 2.0335 -0.7047, 0.4492 2.0401 -0.3721, 1.0397 1.9614 -0.3705, 1.0397 1.9044 -0.1457, 1.0397 1.8898 -0.0711, 0.4492 1.9044 -0.1457, 0.4492 1.8898 -0.0711, 1.0397 1.9476 -0.2511, 0.4492 1.9476 -0.2511, 1.0397 1.9622 -0.3296, 0.4492 1.9622 -0.3296, 0.6086 1.9551 -0.6891, 0.8656 1.9549 -0.6982, 0.8934 1.9553 -0.6775, 0.4492 1.9614 -0.3705, 0.6395 1.9548 -0.7047, 0.4492 1.9685 0.8524, 0.4492 1.8898 0.8524, 0.4262 1.9685 0.938, 0.4262 1.8898 0.938, 0.3636 1.9685 1.0007, 0.3636 1.8898 1.0007, 0.2779 1.9685 1.0236, 0.2779 1.8898 1.0236, 0.1923 1.9685 1.0007, 0.1923 1.8898 1.0007, 0.1296 1.9685 0.938, 0.1296 1.8898 0.938, 0.1067 1.9685 0.8524, 0.1067 1.8898 0.8524, 0.1067 1.8898 0.3346, 0.1067 1.9685 0.3346, 0.0935 1.8898 0.2854, 0.0935 1.9685 0.2854, 0.0575 1.8898 0.2494, 0.0575 1.9685 0.2494, 0.0083 1.8898 0.2362, 0.0083 1.9685 0.2362, -0.4367 1.8898 0.2362, -0.4367 1.9685 0.2362, -0.5351 1.8898 0.3346, -0.5351 1.9685 0.3346, -0.5219 1.9685 0.2854, -0.5219 1.8898 0.2854, -0.4859 1.9685 0.2494, -0.4859 1.8898 0.2494, -0.5351 1.9685 0.8661, -0.5351 1.8898 0.8661, -0.85 1.8898 0.8661, -0.85 1.9685 0.8661, -0.8289 1.8898 0.9449, -0.8289 1.9685 0.9449, -0.7713 1.8898 1.0025, -0.7713 1.9685 1.0025, -0.6926 1.8898 1.0236, -0.6926 1.9685 1.0236, -0.6138 1.8898 1.0025, -0.6138 1.9685 1.0025, -0.5562 1.8898 0.9449, -0.5562 1.9685 0.9449, -0.85 1.9044 -0.1457, -0.85 1.8898 -0.0711, -1.4406 1.9044 -0.1457, -1.4406 1.8898 -0.0711, -0.85 1.9476 -0.2511, -1.4406 1.9476 -0.2511, -0.85 1.9622 -0.3296, -1.4406 1.9622 -0.3296, -0.85 2.0402 -0.3709, -0.85 1.9615 -0.3693, -1.0089 2.0339 -0.6891, -1.2697 2.0337 -0.6982, -1.2976 2.0341 -0.6773, -1.0399 2.0335 -0.7047, -1.4406 2.0401 -0.3763, -1.0244 1.9549 -0.6982, -1.4406 1.9613 -0.3748, -0.9965 1.9553 -0.6773, -1.2837 1.9551 -0.6891, -1.2526 1.9548 -0.7047, -1.4406 1.9685 0.8661, -1.4406 1.8898 0.8661, -1.4617 1.9685 0.9449, -1.4617 1.8898 0.9449, -1.5193 1.9685 1.0025, -1.5193 1.8898 1.0025, -1.5981 1.9685 1.0236, -1.5981 1.8898 1.0236, -1.6768 1.9685 1.0025, -1.6768 1.8898 1.0025, -1.7345 1.9685 0.9449, -1.7345 1.8898 0.9449, -1.7556 1.9685 0.8661, -1.7556 1.8898 0.8661, -1.7556 1.8898 0.3346, -1.7556 1.9685 0.3346, -1.7687 1.8898 0.2854, -1.7687 1.9685 0.2854, -1.8048 1.8898 0.2494, -1.8048 1.9685 0.2494, -1.854 1.8898 0.2362, -1.854 1.9685 0.2362, -3.3697 1.9685 0.2362, -3.3697 1.8898 0.2362, 1.0397 1.9685 3.8189, -3.3697 1.9685 3.8189, 0.3166 1.9685 1.663, 0.3169 1.9685 2.0001, 1.0397 1.8898 3.8189, 1.0397 1.8792 3.8583, 1.0397 1.9474 3.8976, 1.0397 1.8504 3.8871, 1.0397 1.8898 3.9553, 1.0397 1.811 3.8976, 1.0397 1.811 3.9764, 1.0397 -1.811 3.8976, 1.0397 -1.811 3.9764, 1.0397 -1.8504 3.8871, 1.0397 -1.8898 3.9553, 1.0397 -1.8792 3.8583, 1.0397 -1.9474 3.8976, 1.0397 -1.8898 3.8189, 1.0397 -1.9685 3.8189, 1.0397 -1.8898 2.0769, 1.0397 -1.9685 2.0769, 1.0397 -1.8883 2.0711, 1.0397 -1.9579 2.0342, 1.0397 -1.8504 1.9996, 1.0397 -2.0401 -0.3721, 1.0397 -1.9614 -0.3705, 1.0397 -2.041 -0.3293, 1.0397 -1.9622 -0.3296, 1.0397 -2.0264 -0.2509, 1.0397 -1.9476 -0.2511, 1.0397 -1.9832 -0.1454, 1.0397 -1.9044 -0.1457, 1.0397 -1.9685 -0.0708, 1.0397 -1.8898 -0.0711, 1.0397 -1.9685 1.5688, 1.0397 -1.8898 1.5688, 1.0397 -1.9565 1.6256, 1.0397 -1.8845 1.5938, 1.0397 -1.8748 1.811, 1.0397 -1.8504 1.6711, 1.0397 -1.8678 1.847, 1.0397 -1.8773 1.8824, -3.3697 1.811 3.9764, -3.3697 1.8898 3.9553, -3.3697 1.9474 3.8976, -3.3697 1.0236 3.8976, -3.3697 1.0236 3.9764, -3.3697 1.811 3.8976, -3.3697 1.8504 3.8871, -3.3697 1.8792 3.8583, -3.3697 1.8898 3.8189, -3.3697 -1.811 3.8976, -3.3697 -1.0236 3.8976, -3.0154 -1.0236 3.8976, -3.0154 1.0236 3.8976
            ]
        }
        coordIndex [
            0,1,2,-1,2,1,3,-1,1,0,4,-1,4,0,5,-1,1,4,6,-1,6,4,7,-1,6,7,8,-1,9,10,11,-1,4,12,7,-1,7,12,13,-1,7,13,14,-1,14,13,9,-1,14,9,15,-1,15,9,11,-1,11,16,17,-1,18,15,19,-1,19,15,11,-1,19,11,20,-1,20,11,17,-1,21,22,17,-1,17,22,20,-1,23,24,25,-1,25,24,26,-1,23,27,24,-1,24,27,28,-1,29,30,31,-1,31,30,32,-1,31,32,33,-1,33,32,34,-1,33,34,35,-1,35,34,36,-1,35,36,37,-1,37,36,38,-1,37,38,39,-1,39,38,40,-1,39,40,27,-1,27,40,28,-1,41,42,43,-1,43,42,44,-1,45,46,47,-1,47,46,48,-1,49,50,51,-1,52,53,48,-1,48,53,54,-1,48,54,41,-1,41,43,48,-1,48,43,49,-1,48,49,47,-1,47,49,51,-1,45,47,51,-1,45,51,55,-1,55,51,50,-1,55,50,56,-1,56,50,49,-1,56,49,57,-1,57,49,58,-1,58,49,43,-1,58,43,59,-1,59,43,44,-1,59,44,29,-1,29,44,30,-1,59,60,58,-1,58,60,61,-1,58,61,57,-1,57,61,62,-1,55,56,45,-1,45,56,57,-1,45,57,46,-1,46,57,62,-1,46,62,63,-1,63,62,64,-1,48,46,63,-1,48,63,52,-1,52,63,64,-1,52,64,53,-1,53,64,62,-1,53,62,54,-1,65,66,60,-1,60,66,42,-1,60,42,61,-1,61,42,41,-1,61,41,62,-1,62,41,54,-1,66,65,67,-1,67,65,68,-1,67,68,69,-1,69,68,70,-1,69,70,71,-1,71,70,72,-1,71,72,73,-1,73,72,74,-1,73,74,75,-1,75,74,76,-1,75,76,77,-1,77,76,78,-1,26,77,25,-1,25,77,78,-1,79,80,81,-1,81,82,79,-1,79,82,83,-1,79,83,84,-1,85,86,80,-1,80,86,81,-1,87,88,86,-1,86,88,81,-1,89,90,91,-1,91,90,92,-1,91,92,93,-1,94,84,83,-1,92,90,95,-1,95,90,96,-1,81,88,82,-1,82,88,97,-1,82,97,83,-1,83,97,95,-1,83,95,94,-1,94,95,96,-1,93,92,95,-1,91,93,98,-1,98,93,99,-1,98,99,100,-1,100,99,101,-1,101,99,102,-1,101,102,103,-1,104,105,102,-1,102,105,106,-1,102,106,103,-1,93,95,99,-1,99,95,97,-1,99,97,102,-1,102,97,88,-1,102,88,104,-1,88,87,104,-1,104,87,107,-1,104,107,105,-1,105,107,108,-1,109,110,108,-1,108,110,105,-1,106,105,110,-1,89,91,111,-1,111,91,98,-1,111,98,112,-1,113,114,112,-1,110,115,106,-1,106,115,116,-1,106,116,103,-1,103,116,113,-1,103,113,101,-1,101,113,112,-1,101,112,100,-1,100,112,98,-1,110,117,115,-1,115,117,118,-1,114,113,118,-1,118,113,116,-1,118,116,115,-1,109,119,110,-1,110,119,117,-1,120,121,122,-1,122,121,123,-1,124,125,126,-1,126,127,124,-1,124,127,128,-1,124,128,129,-1,129,128,130,-1,129,130,131,-1,131,130,132,-1,131,132,133,-1,133,132,120,-1,133,120,122,-1,134,126,135,-1,135,126,125,-1,136,137,138,-1,138,139,136,-1,136,139,140,-1,136,140,141,-1,141,140,142,-1,141,142,143,-1,143,142,144,-1,143,144,145,-1,145,144,134,-1,145,134,135,-1,146,138,147,-1,147,138,137,-1,148,149,150,-1,150,149,151,-1,152,148,153,-1,153,148,150,-1,152,153,154,-1,154,153,155,-1,156,157,158,-1,158,157,159,-1,156,160,157,-1,157,160,161,-1,160,162,161,-1,161,162,163,-1,164,165,166,-1,166,165,167,-1,168,169,170,-1,170,171,168,-1,168,171,172,-1,168,172,173,-1,173,172,174,-1,173,174,175,-1,175,174,176,-1,175,176,177,-1,177,176,167,-1,177,167,165,-1,169,178,170,-1,170,178,179,-1,180,181,182,-1,182,183,180,-1,180,183,184,-1,180,184,185,-1,185,184,186,-1,185,186,187,-1,187,186,188,-1,187,188,189,-1,189,188,179,-1,189,179,178,-1,181,190,182,-1,182,190,191,-1,176,192,172,-1,188,193,184,-1,162,194,163,-1,163,194,166,-1,163,166,167,-1,184,195,172,-1,172,195,182,-1,172,182,191,-1,172,196,170,-1,172,170,184,-1,184,170,179,-1,184,179,188,-1,167,176,163,-1,163,176,172,-1,163,172,197,-1,197,172,191,-1,166,194,164,-1,164,194,198,-1,199,200,201,-1,201,200,202,-1,203,199,204,-1,204,199,201,-1,203,204,205,-1,205,204,206,-1,180,207,187,-1,168,208,175,-1,175,209,187,-1,187,209,165,-1,187,165,164,-1,206,210,205,-1,205,210,190,-1,205,190,181,-1,187,211,178,-1,187,178,175,-1,175,178,169,-1,175,169,168,-1,181,180,205,-1,205,180,187,-1,205,187,198,-1,198,187,164,-1,190,210,191,-1,191,210,197,-1,197,210,163,-1,163,210,206,-1,163,206,161,-1,161,206,204,-1,161,204,157,-1,157,204,201,-1,157,201,159,-1,159,201,202,-1,159,202,212,-1,212,202,213,-1,212,213,214,-1,214,213,215,-1,214,215,216,-1,216,215,217,-1,216,217,218,-1,218,217,219,-1,218,219,220,-1,220,219,221,-1,220,221,222,-1,222,221,223,-1,222,223,224,-1,224,223,225,-1,225,226,224,-1,224,226,227,-1,227,226,228,-1,227,228,229,-1,229,228,230,-1,229,230,231,-1,231,230,232,-1,231,232,233,-1,232,234,233,-1,233,234,235,-1,236,237,238,-1,236,238,239,-1,239,238,240,-1,239,240,241,-1,241,240,235,-1,241,235,234,-1,242,237,243,-1,243,237,236,-1,244,245,246,-1,246,245,247,-1,246,247,248,-1,248,247,249,-1,248,249,250,-1,250,249,251,-1,250,251,252,-1,252,251,253,-1,252,253,254,-1,254,253,255,-1,254,255,243,-1,243,255,242,-1,256,257,258,-1,258,257,259,-1,260,256,261,-1,261,256,258,-1,260,261,262,-1,262,261,263,-1,245,244,154,-1,154,244,257,-1,154,257,152,-1,152,257,256,-1,152,256,148,-1,148,256,260,-1,148,260,149,-1,149,260,262,-1,149,262,264,-1,264,262,265,-1,132,266,128,-1,144,267,140,-1,149,264,151,-1,151,264,121,-1,151,121,120,-1,140,268,128,-1,128,268,138,-1,128,138,146,-1,128,269,126,-1,128,126,140,-1,140,126,134,-1,140,134,144,-1,120,132,151,-1,151,132,128,-1,151,128,270,-1,270,128,146,-1,121,264,123,-1,123,264,265,-1,124,271,131,-1,263,272,262,-1,262,272,147,-1,131,273,143,-1,143,273,122,-1,274,143,136,-1,136,143,262,-1,136,262,137,-1,137,262,147,-1,143,275,135,-1,143,135,131,-1,131,135,125,-1,131,125,124,-1,122,123,143,-1,143,123,265,-1,143,265,262,-1,147,272,146,-1,146,272,270,-1,270,272,151,-1,151,272,263,-1,151,263,150,-1,150,263,261,-1,150,261,153,-1,153,261,258,-1,153,258,155,-1,155,258,259,-1,155,259,276,-1,276,259,277,-1,276,277,278,-1,278,277,279,-1,278,279,280,-1,280,279,281,-1,280,281,282,-1,282,281,283,-1,282,283,284,-1,284,283,285,-1,284,285,286,-1,286,285,287,-1,286,287,288,-1,288,287,289,-1,289,290,288,-1,288,290,291,-1,291,290,292,-1,291,292,293,-1,293,292,294,-1,293,294,295,-1,295,294,296,-1,295,296,297,-1,298,297,299,-1,299,297,296,-1,300,85,80,-1,214,216,119,-1,119,216,117,-1,253,251,90,-1,216,218,117,-1,117,218,220,-1,117,220,222,-1,158,159,119,-1,119,159,212,-1,119,212,214,-1,222,240,117,-1,117,240,238,-1,117,238,237,-1,284,24,282,-1,282,24,28,-1,282,28,280,-1,280,28,40,-1,280,40,278,-1,278,40,90,-1,278,90,249,-1,249,90,251,-1,284,286,24,-1,24,286,298,-1,24,298,26,-1,26,298,301,-1,26,301,77,-1,77,301,300,-1,77,300,75,-1,75,300,80,-1,75,80,73,-1,73,80,71,-1,30,44,42,-1,229,231,227,-1,227,231,233,-1,222,224,240,-1,240,224,227,-1,240,227,235,-1,235,227,233,-1,90,89,253,-1,253,89,302,-1,253,302,112,-1,237,242,117,-1,117,242,255,-1,117,255,118,-1,118,255,253,-1,118,253,114,-1,114,253,112,-1,245,154,155,-1,291,293,295,-1,69,32,67,-1,67,32,30,-1,67,30,66,-1,66,30,42,-1,249,247,278,-1,278,247,245,-1,278,245,276,-1,276,245,155,-1,286,288,298,-1,298,288,291,-1,298,291,297,-1,297,291,295,-1,69,71,32,-1,32,71,80,-1,32,80,34,-1,34,80,79,-1,34,79,84,-1,40,38,90,-1,90,38,36,-1,90,36,303,-1,303,36,34,-1,303,34,94,-1,94,34,84,-1,19,107,6,-1,6,107,87,-1,6,87,1,-1,1,87,86,-1,1,86,3,-1,3,86,85,-1,3,85,304,-1,304,85,300,-1,304,300,305,-1,305,300,306,-1,305,306,307,-1,307,306,308,-1,307,308,309,-1,309,308,310,-1,309,310,311,-1,311,310,312,-1,311,312,313,-1,313,312,314,-1,313,314,315,-1,315,314,316,-1,315,316,317,-1,317,316,318,-1,317,318,319,-1,319,318,320,-1,319,320,321,-1,321,320,322,-1,321,322,323,-1,324,325,326,-1,326,325,327,-1,326,327,328,-1,328,327,329,-1,328,329,330,-1,330,329,331,-1,330,331,332,-1,332,331,333,-1,332,333,334,-1,334,333,335,-1,334,335,336,-1,336,335,337,-1,336,337,338,-1,338,337,339,-1,338,339,340,-1,340,339,323,-1,340,323,341,-1,341,323,322,-1,198,194,205,-1,205,194,162,-1,205,162,203,-1,203,162,160,-1,203,160,199,-1,199,160,156,-1,199,156,200,-1,200,156,158,-1,200,158,22,-1,22,158,119,-1,22,119,20,-1,20,119,109,-1,20,109,19,-1,19,109,108,-1,19,108,107,-1,342,310,308,-1,342,308,343,-1,343,308,306,-1,343,306,344,-1,344,306,300,-1,344,300,301,-1,345,346,347,-1,347,346,342,-1,347,342,348,-1,348,342,343,-1,348,343,349,-1,349,343,344,-1,349,344,350,-1,350,344,301,-1,350,301,299,-1,299,301,298,-1,351,352,353,-1,345,347,354,-1,354,347,309,-1,354,309,353,-1,353,309,311,-1,353,311,351,-1,309,347,307,-1,307,347,348,-1,307,348,305,-1,305,348,349,-1,305,349,304,-1,304,349,350,-1,2,3,304,-1,350,299,23,-1,21,225,223,-1,223,221,21,-1,21,221,219,-1,21,219,22,-1,22,219,217,-1,259,257,277,-1,277,257,27,-1,65,60,59,-1,257,244,27,-1,27,244,246,-1,27,246,39,-1,39,246,248,-1,39,248,37,-1,202,200,213,-1,213,200,22,-1,213,22,215,-1,215,22,217,-1,70,68,31,-1,31,68,65,-1,31,65,29,-1,29,65,59,-1,23,285,27,-1,27,285,283,-1,283,281,27,-1,27,281,279,-1,27,279,277,-1,23,25,350,-1,350,25,78,-1,350,78,76,-1,70,31,72,-1,72,31,33,-1,72,33,35,-1,304,350,2,-1,2,350,76,-1,2,76,21,-1,21,76,74,-1,236,239,241,-1,230,228,232,-1,232,228,226,-1,232,226,234,-1,74,72,248,-1,248,72,35,-1,248,35,37,-1,294,292,296,-1,296,292,290,-1,296,290,299,-1,299,290,289,-1,299,289,23,-1,23,289,287,-1,23,287,285,-1,241,234,236,-1,236,234,226,-1,236,226,243,-1,243,226,225,-1,243,225,254,-1,254,225,21,-1,254,21,252,-1,252,21,74,-1,252,74,250,-1,250,74,248,-1,16,5,17,-1,17,5,0,-1,17,0,21,-1,21,0,2,-1,
        ]
    }
}
Shape{
    appearance Appearance {
        material  Material 	{
            diffuseColor 0.29411764705882354 0.29411764705882354 0.29411764705882354
            specularColor 0.29411764705882354 0.29411764705882354 0.29411764705882354
            ambientIntensity 0.2941
            transparency 0.0
            shininess 0.5
        }
    }
    geometry IndexedFaceSet {
        ccw TRUE
        solid FALSE
        coord DEF co Coordinate {
            point [
                -1.2516 1.5354 2.685, -1.2516 1.5354 1.8976, -2.354 1.5354 2.685, -2.354 1.5354 1.8976, -2.354 1.8504 1.8976, -2.354 1.8504 2.685, -1.2516 1.8504 2.685, -1.2516 1.8504 1.8976
            ]
        }
        coordIndex [
            0,1,2,-1,2,1,3,-1,3,4,2,-1,2,4,5,-1,2,5,0,-1,0,5,6,-1,0,6,1,-1,1,6,7,-1,1,7,3,-1,3,7,4,-1,
        ]
    }
}
Shape{
    appearance Appearance {
        material  Material 	{
            diffuseColor 1.0 1.0 0.9450980392156862
            specularColor 1.0 1.0 0.9450980392156862
            ambientIntensity 0.9937
            transparency 0.0
            shininess 0.5
        }
    }
    geometry IndexedFaceSet {
        ccw TRUE
        solid FALSE
        coord DEF co Coordinate {
            point [
                -2.9045 0.9121 1.7619, -2.9045 0.6691 1.3409, -3.235 1.017 1.7442, -3.235 0.7368 1.259, -2.8717 0.9064 1.761, -2.8717 0.6671 1.3463, -2.8391 0.9098 1.7548, -2.8391 0.6741 1.3465, -2.5519 0.9816 1.6761, -2.5519 0.7782 1.3237, -2.4775 0.9885 1.6625, -2.4775 0.7934 1.3245, -2.5152 0.9878 1.6677, -2.5152 0.7885 1.3224, -2.3968 0.984 1.6546, -2.3968 0.7979 1.3324, -2.3968 0.9213 1.6908, -2.3968 0.7352 1.3685, -2.4775 0.9258 1.6987, -2.4775 0.7307 1.3607, -2.5278 0.9212 1.7079, -2.5278 0.7204 1.3601, -2.503 0.7274 1.3593, -2.503 0.9254 1.7022, -2.815 0.8493 1.7866, -2.815 0.6163 1.383, -2.87 0.8437 1.797, -2.87 0.6045 1.3827, -2.9254 0.8533 1.7986, -2.9254 0.6079 1.3735, -3.291 0.9693 1.779, -3.291 0.6828 1.2829, -3.291 0.9642 1.7819, -3.291 0.6778 1.2858, -3.3158 0.6917 1.2745, -3.3158 0.981 1.7755, -3.3301 0.7078 1.2634, -3.3301 0.9986 1.7672, -3.3563 0.7371 1.2431, -3.3563 1.0309 1.7519, -3.3584 0.7458 1.2378, -3.3584 1.0398 1.7471, -3.3697 1.0867 1.7214, -3.3697 0.7915 1.21, -2.9045 -0.6691 1.3409, -2.9045 -0.9121 1.7619, -3.235 -0.7368 1.259, -3.235 -1.017 1.7442, -2.8717 -0.6671 1.3463, -2.8717 -0.9064 1.761, -2.8391 -0.6741 1.3465, -2.8391 -0.9098 1.7548, -2.5519 -0.7782 1.3237, -2.5519 -0.9816 1.6761, -2.5152 -0.7885 1.3224, -2.5152 -0.9878 1.6677, -2.4775 -0.7934 1.3245, -2.4775 -0.9885 1.6625, -2.3968 -0.7979 1.3324, -2.3968 -0.984 1.6546, -2.3968 -0.7352 1.3685, -2.3968 -0.9213 1.6908, -2.4775 -0.7307 1.3607, -2.4775 -0.9258 1.6987, -2.503 -0.9254 1.7022, -2.503 -0.7274 1.3593, -2.5278 -0.9212 1.7079, -2.5278 -0.7204 1.3601, -2.815 -0.6163 1.383, -2.815 -0.8493 1.7866, -2.87 -0.6045 1.3827, -2.87 -0.8437 1.797, -2.9254 -0.6079 1.3735, -2.9254 -0.8533 1.7986, -3.291 -0.6828 1.2829, -3.291 -0.9693 1.779, -3.291 -0.6778 1.2858, -3.291 -0.9642 1.7819, -3.3697 -0.7915 1.21, -3.3697 -1.0867 1.7214, -3.3563 -0.7371 1.2431, -3.3563 -1.0309 1.7519, -3.3464 -0.726 1.2508, -3.3464 -1.0187 1.7577, -3.3158 -0.6917 1.2745, -3.3158 -0.981 1.7755, -2.9045 -0.9121 2.2538, -2.9045 -0.6691 2.6748, -3.235 -1.017 2.2715, -3.235 -0.7368 2.7568, -2.8717 -0.9064 2.2548, -2.8717 -0.6671 2.6694, -2.8391 -0.9098 2.261, -2.8391 -0.6741 2.6692, -2.5519 -0.9816 2.3397, -2.5519 -0.7782 2.6921, -2.4775 -0.9885 2.3533, -2.4775 -0.7934 2.6912, -2.5152 -0.9878 2.348, -2.5152 -0.7885 2.6933, -2.3968 -0.984 2.3611, -2.3968 -0.7979 2.6834, -2.3968 -0.9213 2.3249, -2.3968 -0.7352 2.6472, -2.4775 -0.9258 2.3171, -2.4775 -0.7307 2.6551, -2.5278 -0.9212 2.3079, -2.5278 -0.7204 2.6556, -2.503 -0.7274 2.6564, -2.503 -0.9254 2.3135, -2.815 -0.8493 2.2292, -2.815 -0.6163 2.6328, -2.87 -0.8437 2.2188, -2.87 -0.6045 2.6331, -2.9254 -0.8533 2.2172, -2.9254 -0.6079 2.6422, -3.291 -0.9693 2.2367, -3.291 -0.6828 2.7329, -3.291 -0.9642 2.2338, -3.291 -0.6778 2.7299, -3.3158 -0.981 2.2403, -3.3158 -0.6917 2.7412, -3.3301 -0.9986 2.2486, -3.3301 -0.7078 2.7523, -3.3563 -1.0309 2.2638, -3.3563 -0.7371 2.7726, -3.3584 -1.0398 2.2687, -3.3584 -0.7458 2.7779, -3.3697 -1.0867 2.2943, -3.3697 -0.7915 2.8058, -2.9045 -0.2431 2.9208, -2.9045 0.2431 2.9208, -3.235 -0.2801 3.0204, -3.235 0.2801 3.0204, -2.8717 -0.2394 2.9163, -2.8717 0.2394 2.9163, -2.8391 -0.2357 2.9223, -2.8391 0.2357 2.9223, -2.5519 -0.2035 3.0239, -2.5519 0.2035 3.0239, -2.5152 -0.1994 3.0334, -2.5152 0.1994 3.0334, -2.4775 -0.1951 3.0366, -2.4775 0.1951 3.0366, -2.3968 -0.1861 3.0366, -2.3968 0.1861 3.0366, -2.3968 -0.1861 2.9643, -2.3968 0.1861 2.9643, -2.4775 -0.1951 2.9643, -2.4775 0.1951 2.9643, -2.503 0.198 2.9621, -2.503 -0.198 2.9621, -2.5278 0.2008 2.9556, -2.5278 -0.2008 2.9556, -2.815 -0.233 2.8541, -2.815 0.233 2.8541, -2.87 -0.2392 2.844, -2.87 0.2392 2.844, -2.9254 -0.2454 2.8515, -2.9254 0.2454 2.8515, -3.291 -0.2864 2.9617, -3.291 0.2864 2.9617, -3.291 -0.2864 2.9559, -3.291 0.2864 2.9559, -3.3301 -0.2908 2.9931, -3.3301 0.2908 2.9931, -3.3158 0.2892 2.9736, -3.3158 -0.2892 2.9736, -3.3563 0.2938 3.0286, -3.3563 -0.2938 3.0286, -3.3584 0.294 3.0388, -3.3584 -0.294 3.0388, -3.3697 -0.2953 3.0923, -3.3697 0.2953 3.0923, -2.9045 0.6691 2.6748, -2.9045 0.9121 2.2538, -3.235 0.7368 2.7568, -3.235 1.017 2.2715, -2.8717 0.6671 2.6694, -2.8717 0.9064 2.2548, -2.8391 0.6741 2.6692, -2.8391 0.9098 2.261, -2.5519 0.7782 2.6921, -2.5519 0.9816 2.3397, -2.5152 0.7885 2.6933, -2.5152 0.9878 2.348, -2.4775 0.7934 2.6912, -2.4775 0.9885 2.3533, -2.3968 0.7979 2.6834, -2.3968 0.984 2.3611, -2.3968 0.7352 2.6472, -2.3968 0.9213 2.3249, -2.4775 0.7307 2.6551, -2.4775 0.9258 2.3171, -2.5278 0.7204 2.6556, -2.5278 0.9212 2.3079, -2.503 0.9254 2.3135, -2.503 0.7274 2.6564, -2.815 0.6163 2.6328, -2.815 0.8493 2.2292, -2.87 0.6045 2.6331, -2.87 0.8437 2.2188, -2.9254 0.6079 2.6422, -2.9254 0.8533 2.2172, -3.291 0.6828 2.7329, -3.291 0.9693 2.2367, -3.291 0.6778 2.7299, -3.291 0.9642 2.2338, -3.3158 0.6917 2.7412, -3.3158 0.981 2.2403, -3.3301 0.7078 2.7523, -3.3301 0.9986 2.2486, -3.3563 0.7371 2.7726, -3.3563 1.0309 2.2638, -3.3584 0.7458 2.7779, -3.3584 1.0398 2.2687, -3.3697 0.7915 2.8058, -3.3697 1.0867 2.2943, -3.3697 1.1732 1.6715, -3.3697 1.1805 1.6673, -3.291 1.1732 1.6715, -3.291 1.1805 1.6673, -3.291 1.1732 2.3442, -3.3697 1.1732 2.3443, -3.291 1.2205 2.0079, -3.3697 1.2205 2.0079, -3.291 1.1805 2.3485, -3.3697 1.1805 2.3485, -3.291 1.1761 2.3561, -3.3563 1.0308 2.2638, -3.3159 0.9809 2.2402, -3.2827 1.0543 2.2869, -3.2833 1.0569 2.2883, -3.291 1.0854 2.3038, -3.2626 1.0336 2.2776, -3.2561 1.0266 2.2744, -2.87 0.8435 2.2187, -2.8717 0.9063 2.2547, -2.503 0.9254 2.3135, -2.5152 0.9879 2.348, -3.291 0.799 2.7999, -3.2833 0.7713 2.783, -3.2826 0.7688 2.7814, -3.2826 1.0543 2.2869, -3.2626 0.7504 2.7682, -3.256 0.7442 2.7638, -3.256 1.0267 2.2744, -3.3563 0.7371 2.7726, -3.2561 0.7441 2.7637, -3.3159 0.6917 2.7412, -3.2827 0.7688 2.7814, -3.3697 0.8779 2.8557, -3.291 0.8896 2.8522, -3.3697 0.8852 2.8599, -2.503 0.7274 2.6565, -2.5152 0.7885 2.6933, -2.87 0.6043 2.6329, -2.8717 0.6669 2.6693, -3.291 0.8852 2.8599, -3.291 0.8779 2.8557, -3.291 0.2953 3.1921, -3.3697 0.2953 3.1921, -3.291 0.6102 3.0648, -3.3697 0.6102 3.0648, -3.291 0.2953 3.2005, -3.3697 0.2953 3.2005, -3.291 0.2864 3.2005, -3.3563 0.2938 3.0286, -3.3159 0.2892 2.9735, -3.2827 0.2855 3.0604, -3.2833 0.2856 3.0634, -3.291 0.2864 3.0958, -3.2626 0.2833 3.0379, -3.2561 0.2825 3.0302, -2.87 0.2392 2.8437, -2.8717 0.2394 2.9162, -2.503 0.198 2.9621, -2.5152 0.1994 3.0335, -3.291 -0.2864 3.0958, -3.2833 -0.2856 3.0634, -3.2826 0.2855 3.0605, -3.2826 -0.2855 3.0605, -3.2626 -0.2833 3.0379, -3.256 -0.2825 3.0303, -3.256 0.2825 3.0303, -3.3563 -0.2938 3.0286, -3.2561 -0.2825 3.0302, -3.3159 -0.2892 2.9735, -3.2827 -0.2855 3.0604, -3.3697 -0.2953 3.1921, -3.291 -0.2864 3.2005, -3.3697 -0.2953 3.2005, -2.503 -0.198 2.9621, -2.5152 -0.1994 3.0335, -2.87 -0.2392 2.8437, -2.8717 -0.2394 2.9162, -3.291 -0.2953 3.2005, -3.291 -0.2953 3.1921, -3.291 -0.8779 2.8557, -3.3697 -0.8779 2.8557, -3.291 -0.6102 3.0648, -3.3697 -0.6102 3.0648, -3.291 -0.8852 2.8599, -3.3697 -0.8852 2.8599, -3.291 -0.8896 2.8522, -3.3563 -0.7371 2.7726, -3.3159 -0.6917 2.7412, -3.2827 -0.7688 2.7814, -3.2833 -0.7713 2.783, -3.291 -0.799 2.7999, -3.2626 -0.7504 2.7682, -3.2561 -0.7441 2.7637, -2.87 -0.6043 2.6329, -2.8717 -0.6669 2.6693, -2.503 -0.7274 2.6565, -2.5152 -0.7885 2.6933, -3.291 -1.0854 2.3038, -3.2833 -1.0569 2.2883, -3.256 -1.0267 2.2744, -3.256 -0.7442 2.7638, -3.2626 -1.0336 2.2776, -3.2826 -1.0543 2.2869, -3.2826 -0.7688 2.7814, -3.3563 -1.0308 2.2638, -3.2561 -1.0266 2.2744, -3.3159 -0.9809 2.2402, -3.2827 -1.0543 2.2869, -3.3697 -1.1732 2.3443, -3.291 -1.1761 2.3561, -3.3697 -1.1805 2.3485, -2.503 -0.9254 2.3135, -2.5152 -0.9879 2.348, -2.87 -0.8435 2.2187, -2.8717 -0.9063 2.2547, -3.291 -1.1805 2.3485, -3.291 -1.1732 2.3442, -3.291 -1.1732 1.6715, -3.3697 -1.1732 1.6715, -3.291 -1.2205 2.0079, -3.3697 -1.2205 2.0079, -3.291 -1.1805 1.6673, -3.3697 -1.1805 1.6673, -3.291 -1.1761 1.6596, -3.3563 -1.0308 1.7519, -3.291 -1.0854 1.712, -3.3159 -0.9809 1.7755, -3.2833 -1.0569 1.7274, -3.2827 -1.0543 1.7289, -3.2626 -1.0336 1.7382, -3.2561 -1.0266 1.7414, -2.87 -0.8435 1.7971, -2.8717 -0.9063 1.761, -2.503 -0.9254 1.7022, -2.5152 -0.9879 1.6677, -3.291 -0.799 1.2158, -3.2833 -0.7713 1.2328, -3.2826 -0.7688 1.2343, -3.2826 -1.0543 1.7288, -3.2626 -0.7504 1.2476, -3.256 -0.7442 1.252, -3.256 -1.0267 1.7413, -3.3159 -0.6917 1.2746, -3.3563 -0.7371 1.2431, -3.2561 -0.7441 1.252, -3.2827 -0.7688 1.2343, -3.3697 -0.8779 1.1601, -3.291 -0.8896 1.1635, -3.3697 -0.8852 1.1558, -2.503 -0.7274 1.3593, -2.5152 -0.7885 1.3224, -2.87 -0.6043 1.3828, -2.8717 -0.6669 1.3464, -3.291 -0.8852 1.1558, -3.291 -0.8779 1.16, -3.3697 -0.6102 0.9509, -3.291 -0.6102 0.9509, -3.3697 -0.2953 0.8237, -3.291 -0.2953 0.8237, -3.3697 -0.2953 0.8153, -3.291 -0.2953 0.8153, -3.291 -0.2864 0.8153, -2.9045 0.2431 1.095, -2.9045 -0.2431 1.095, -3.235 0.2801 0.9953, -3.235 -0.2801 0.9953, -2.8717 0.2394 1.0994, -2.8717 -0.2394 1.0994, -2.8391 0.2357 1.0934, -2.8391 -0.2357 1.0934, -2.5519 0.2035 0.9919, -2.5519 -0.2035 0.9919, -2.5152 0.1994 0.9823, -2.5152 -0.1994 0.9823, -2.4775 0.1951 0.9791, -2.4775 -0.1951 0.9791, -2.3968 0.1861 0.9791, -2.3968 -0.1861 0.9791, -2.3968 0.1861 1.0515, -2.3968 -0.1861 1.0515, -2.4775 0.1951 1.0515, -2.4775 -0.1951 1.0515, -2.503 -0.198 1.0536, -2.503 0.198 1.0536, -2.5278 -0.2008 1.0601, -2.5278 0.2008 1.0601, -2.815 0.233 1.1617, -2.815 -0.233 1.1617, -2.87 0.2392 1.1718, -2.87 -0.2392 1.1718, -2.9254 0.2454 1.1643, -2.9254 -0.2454 1.1643, -3.291 0.2864 1.054, -3.291 -0.2864 1.054, -3.291 0.2864 1.0599, -3.291 -0.2864 1.0599, -3.3158 -0.2892 1.0421, -3.3158 0.2892 1.0421, -3.3301 -0.2908 1.0227, -3.3301 0.2908 1.0227, -3.3563 0.2938 0.9872, -3.3563 -0.2938 0.9872, -3.3584 0.294 0.977, -3.3584 -0.294 0.977, -3.3697 0.2953 0.9235, -3.3697 -0.2953 0.9235, -3.3563 -0.2938 0.9872, -3.3159 -0.2892 1.0422, -3.2827 -0.2855 0.9553, -3.2833 -0.2856 0.9523, -3.291 -0.2864 0.9199, -3.2626 -0.2833 0.9779, -3.2561 -0.2825 0.9855, -2.87 -0.2392 1.172, -2.8717 -0.2394 1.0996, -2.503 -0.198 1.0536, -2.5152 -0.1994 0.9823, -3.291 0.2864 0.9199, -3.2833 0.2856 0.9523, -3.256 0.2825 0.9854, -3.256 -0.2825 0.9854, -3.2626 0.2833 0.9779, -3.2826 0.2855 0.9553, -3.2826 -0.2855 0.9553, -3.3563 0.2938 0.9872, -3.2561 0.2825 0.9855, -3.3159 0.2892 1.0422, -3.2827 0.2855 0.9553, -3.3697 0.2953 0.8237, -3.291 0.2864 0.8153, -3.3697 0.2953 0.8153, -2.503 0.198 1.0536, -2.5152 0.1994 0.9823, -2.87 0.2392 1.172, -2.8717 0.2394 1.0996, -3.291 0.2953 0.8153, -3.291 0.2953 0.8237, -3.3697 0.6102 0.9509, -3.291 0.6102 0.9509, -3.3697 0.8779 1.1601, -3.291 0.8779 1.16, -3.291 0.8852 1.1558, -3.3697 0.8852 1.1558, -3.291 0.8896 1.1635, -3.3563 0.7371 1.2431, -3.3159 0.6917 1.2746, -3.2827 0.7688 1.2343, -3.2833 0.7713 1.2328, -3.291 0.799 1.2158, -3.2626 0.7504 1.2476, -3.2561 0.7441 1.252, -2.87 0.6043 1.3828, -2.8717 0.6669 1.3464, -2.503 0.7274 1.3593, -2.5152 0.7885 1.3224, -3.291 1.0854 1.712, -3.2833 1.0569 1.7274, -3.2826 1.0543 1.7288, -3.2826 0.7688 1.2343, -3.2626 1.0336 1.7382, -3.256 1.0267 1.7413, -3.256 0.7442 1.252, -3.3563 1.0308 1.7519, -3.2561 1.0266 1.7414, -3.3159 0.9809 1.7755, -3.2827 1.0543 1.7289, -3.291 1.1761 1.6596, -2.503 0.9254 1.7022, -2.5152 0.9879 1.6677, -2.87 0.8435 1.7971, -2.8717 0.9063 1.761, -2.8579 1.8465 0.795, -2.8579 1.7677 0.795, -3.2516 1.8465 0.795, -3.291 1.7677 0.795, -3.291 1.8397 0.795
            ]
        }
        coordIndex [
            0,1,2,-1,2,1,3,-1,1,0,4,-1,1,4,5,-1,5,4,6,-1,5,6,7,-1,8,9,6,-1,6,9,7,-1,10,11,12,-1,12,11,13,-1,12,13,8,-1,8,13,9,-1,14,15,10,-1,10,15,11,-1,16,17,14,-1,14,17,15,-1,18,19,16,-1,16,19,17,-1,20,21,22,-1,20,22,23,-1,23,22,19,-1,23,19,18,-1,24,25,20,-1,20,25,21,-1,25,24,26,-1,25,26,27,-1,27,26,28,-1,27,28,29,-1,30,31,28,-1,28,31,29,-1,32,33,30,-1,30,33,31,-1,33,32,34,-1,34,32,35,-1,34,35,36,-1,36,35,37,-1,36,37,38,-1,38,37,39,-1,38,39,40,-1,39,41,40,-1,40,41,42,-1,40,42,43,-1,44,45,46,-1,46,45,47,-1,45,44,48,-1,45,48,49,-1,49,48,50,-1,49,50,51,-1,52,53,50,-1,50,53,51,-1,53,52,54,-1,53,54,55,-1,55,54,56,-1,55,56,57,-1,58,59,56,-1,56,59,57,-1,60,61,58,-1,58,61,59,-1,62,63,60,-1,60,63,61,-1,63,62,64,-1,64,62,65,-1,64,65,66,-1,66,65,67,-1,68,69,67,-1,67,69,66,-1,69,68,70,-1,69,70,71,-1,71,70,72,-1,71,72,73,-1,74,75,72,-1,72,75,73,-1,76,77,74,-1,74,77,75,-1,78,79,80,-1,80,79,81,-1,80,81,82,-1,82,81,83,-1,82,83,84,-1,84,83,85,-1,84,85,76,-1,76,85,77,-1,86,87,88,-1,88,87,89,-1,87,86,90,-1,87,90,91,-1,91,90,92,-1,91,92,93,-1,94,95,92,-1,92,95,93,-1,96,97,98,-1,98,97,99,-1,98,99,94,-1,94,99,95,-1,100,101,96,-1,96,101,97,-1,102,103,100,-1,100,103,101,-1,104,105,102,-1,102,105,103,-1,106,107,108,-1,106,108,109,-1,109,108,105,-1,109,105,104,-1,110,111,106,-1,106,111,107,-1,111,110,112,-1,111,112,113,-1,113,112,114,-1,113,114,115,-1,116,117,114,-1,114,117,115,-1,118,119,116,-1,116,119,117,-1,119,118,120,-1,119,120,121,-1,121,120,122,-1,121,122,123,-1,123,122,124,-1,123,124,125,-1,125,124,126,-1,125,126,127,-1,127,126,128,-1,127,128,129,-1,130,131,132,-1,132,131,133,-1,131,130,134,-1,131,134,135,-1,135,134,136,-1,135,136,137,-1,138,139,136,-1,136,139,137,-1,139,138,140,-1,139,140,141,-1,141,140,142,-1,141,142,143,-1,144,145,142,-1,142,145,143,-1,146,147,144,-1,144,147,145,-1,148,149,146,-1,146,149,147,-1,149,148,150,-1,150,148,151,-1,150,151,152,-1,152,151,153,-1,154,155,153,-1,153,155,152,-1,155,154,156,-1,155,156,157,-1,157,156,158,-1,157,158,159,-1,160,161,158,-1,158,161,159,-1,162,163,160,-1,160,163,161,-1,164,165,166,-1,164,166,167,-1,167,166,163,-1,167,163,162,-1,165,164,168,-1,168,164,169,-1,168,169,170,-1,169,171,170,-1,170,171,172,-1,170,172,173,-1,174,175,176,-1,176,175,177,-1,175,174,178,-1,175,178,179,-1,179,178,180,-1,179,180,181,-1,182,183,180,-1,180,183,181,-1,183,182,184,-1,183,184,185,-1,185,184,186,-1,185,186,187,-1,188,189,186,-1,186,189,187,-1,190,191,188,-1,188,191,189,-1,192,193,190,-1,190,193,191,-1,194,195,196,-1,194,196,197,-1,197,196,193,-1,197,193,192,-1,198,199,194,-1,194,199,195,-1,199,198,200,-1,199,200,201,-1,201,200,202,-1,201,202,203,-1,204,205,202,-1,202,205,203,-1,206,207,204,-1,204,207,205,-1,207,206,208,-1,207,208,209,-1,209,208,210,-1,209,210,211,-1,211,210,212,-1,211,212,213,-1,213,212,214,-1,213,214,215,-1,215,214,216,-1,215,216,217,-1,218,219,220,-1,220,219,221,-1,222,223,224,-1,224,223,225,-1,224,225,220,-1,220,225,218,-1,222,226,223,-1,223,226,227,-1,228,227,226,-1,211,229,215,-1,205,207,230,-1,231,215,232,-1,232,215,217,-1,232,217,233,-1,233,217,223,-1,233,223,228,-1,228,223,227,-1,231,234,215,-1,215,234,205,-1,215,205,211,-1,211,205,230,-1,234,235,205,-1,205,235,177,-1,205,177,203,-1,203,177,175,-1,203,175,236,-1,236,175,237,-1,236,237,199,-1,199,237,181,-1,199,181,195,-1,195,181,183,-1,195,183,238,-1,238,183,239,-1,238,239,193,-1,193,239,187,-1,193,187,191,-1,191,187,189,-1,233,240,241,-1,233,241,232,-1,232,241,242,-1,232,242,243,-1,243,242,244,-1,243,244,234,-1,234,244,245,-1,234,245,246,-1,246,245,176,-1,246,176,177,-1,214,247,210,-1,204,248,244,-1,249,206,210,-1,210,206,204,-1,210,204,214,-1,214,204,244,-1,244,250,214,-1,214,250,241,-1,214,241,216,-1,216,241,240,-1,216,240,251,-1,251,240,252,-1,251,252,253,-1,190,188,192,-1,192,188,186,-1,192,186,254,-1,254,186,255,-1,254,255,194,-1,194,255,182,-1,194,182,198,-1,198,182,180,-1,198,180,256,-1,256,180,257,-1,256,257,202,-1,202,257,174,-1,202,174,204,-1,204,174,176,-1,204,176,248,-1,258,253,252,-1,251,253,259,-1,259,253,258,-1,260,261,262,-1,262,261,263,-1,262,263,259,-1,259,263,251,-1,260,264,261,-1,261,264,265,-1,266,265,264,-1,165,267,170,-1,161,163,268,-1,269,170,270,-1,270,170,173,-1,270,173,271,-1,271,173,261,-1,271,261,266,-1,266,261,265,-1,269,272,170,-1,170,272,161,-1,170,161,165,-1,165,161,268,-1,272,273,161,-1,161,273,133,-1,161,133,159,-1,159,133,131,-1,159,131,274,-1,274,131,275,-1,274,275,155,-1,155,275,137,-1,155,137,152,-1,152,137,139,-1,152,139,276,-1,276,139,277,-1,276,277,149,-1,149,277,143,-1,149,143,147,-1,147,143,145,-1,278,279,271,-1,271,279,270,-1,270,279,280,-1,280,279,281,-1,280,281,272,-1,281,282,272,-1,272,282,283,-1,272,283,284,-1,284,283,132,-1,284,132,133,-1,171,285,164,-1,160,286,282,-1,287,162,164,-1,164,162,160,-1,164,160,171,-1,171,160,282,-1,282,288,171,-1,171,288,279,-1,171,279,172,-1,172,279,278,-1,172,278,289,-1,289,278,290,-1,289,290,291,-1,146,144,148,-1,148,144,142,-1,148,142,292,-1,292,142,293,-1,292,293,153,-1,153,293,138,-1,153,138,154,-1,154,138,136,-1,154,136,294,-1,294,136,295,-1,294,295,158,-1,158,295,130,-1,158,130,160,-1,160,130,132,-1,160,132,286,-1,296,291,290,-1,289,291,297,-1,297,291,296,-1,298,299,300,-1,300,299,301,-1,300,301,297,-1,297,301,289,-1,298,302,299,-1,299,302,303,-1,304,303,302,-1,123,305,127,-1,117,119,306,-1,307,127,308,-1,308,127,129,-1,308,129,309,-1,309,129,299,-1,309,299,304,-1,304,299,303,-1,307,310,127,-1,127,310,117,-1,127,117,123,-1,123,117,306,-1,310,311,117,-1,117,311,89,-1,117,89,115,-1,115,89,87,-1,115,87,312,-1,312,87,313,-1,312,313,111,-1,111,313,93,-1,111,93,107,-1,107,93,95,-1,107,95,314,-1,314,95,315,-1,314,315,105,-1,105,315,97,-1,105,97,103,-1,103,97,101,-1,309,316,317,-1,88,89,318,-1,318,89,319,-1,318,319,320,-1,320,319,310,-1,320,310,321,-1,321,310,322,-1,321,322,317,-1,317,322,308,-1,317,308,309,-1,126,323,122,-1,116,324,320,-1,325,118,122,-1,122,118,116,-1,122,116,126,-1,126,116,320,-1,320,326,126,-1,126,326,317,-1,126,317,128,-1,128,317,316,-1,128,316,327,-1,327,316,328,-1,327,328,329,-1,102,100,104,-1,104,100,96,-1,104,96,330,-1,330,96,331,-1,330,331,106,-1,106,331,94,-1,106,94,110,-1,110,94,92,-1,110,92,332,-1,332,92,333,-1,332,333,114,-1,114,333,86,-1,114,86,116,-1,116,86,88,-1,116,88,324,-1,334,329,328,-1,327,329,335,-1,335,329,334,-1,336,337,338,-1,338,337,339,-1,338,339,335,-1,335,339,327,-1,336,340,337,-1,337,340,341,-1,342,341,340,-1,83,343,79,-1,341,342,337,-1,337,342,344,-1,337,344,79,-1,75,77,79,-1,79,77,345,-1,79,345,83,-1,344,346,79,-1,79,346,347,-1,79,347,75,-1,75,347,348,-1,348,349,75,-1,75,349,47,-1,75,47,73,-1,73,47,45,-1,73,45,350,-1,350,45,351,-1,350,351,69,-1,69,351,51,-1,69,51,66,-1,66,51,53,-1,66,53,352,-1,352,53,353,-1,352,353,63,-1,63,353,57,-1,63,57,61,-1,61,57,59,-1,344,354,355,-1,344,355,346,-1,346,355,356,-1,346,356,357,-1,357,356,358,-1,357,358,348,-1,348,358,359,-1,348,359,360,-1,360,359,46,-1,360,46,47,-1,361,76,74,-1,362,82,78,-1,78,82,361,-1,74,363,358,-1,361,74,78,-1,78,74,358,-1,78,358,364,-1,364,355,78,-1,78,355,354,-1,78,354,365,-1,365,354,366,-1,365,366,367,-1,60,58,62,-1,62,58,56,-1,62,56,368,-1,368,56,369,-1,368,369,67,-1,67,369,52,-1,67,52,68,-1,68,52,50,-1,68,50,370,-1,370,50,371,-1,370,371,72,-1,72,371,44,-1,72,44,74,-1,74,44,46,-1,74,46,363,-1,372,367,366,-1,365,367,373,-1,373,367,372,-1,365,373,374,-1,374,373,375,-1,374,375,376,-1,376,375,377,-1,376,377,378,-1,378,377,379,-1,378,379,380,-1,381,382,383,-1,383,382,384,-1,382,381,385,-1,382,385,386,-1,386,385,387,-1,386,387,388,-1,389,390,387,-1,387,390,388,-1,390,389,391,-1,390,391,392,-1,392,391,393,-1,392,393,394,-1,395,396,393,-1,393,396,394,-1,397,398,395,-1,395,398,396,-1,399,400,397,-1,397,400,398,-1,400,399,401,-1,401,399,402,-1,401,402,403,-1,403,402,404,-1,405,406,404,-1,404,406,403,-1,406,405,407,-1,406,407,408,-1,408,407,409,-1,408,409,410,-1,411,412,409,-1,409,412,410,-1,413,414,411,-1,411,414,412,-1,414,413,415,-1,415,413,416,-1,415,416,417,-1,416,418,417,-1,417,418,419,-1,417,419,420,-1,420,419,421,-1,420,421,422,-1,422,421,423,-1,422,423,424,-1,417,425,422,-1,412,414,426,-1,427,422,428,-1,428,422,424,-1,428,424,429,-1,429,424,376,-1,429,376,380,-1,380,376,378,-1,427,430,422,-1,422,430,412,-1,422,412,417,-1,417,412,426,-1,430,431,412,-1,412,431,384,-1,412,384,410,-1,410,384,382,-1,410,382,432,-1,432,382,433,-1,432,433,406,-1,406,433,388,-1,406,388,403,-1,403,388,390,-1,403,390,434,-1,434,390,435,-1,434,435,400,-1,400,435,394,-1,400,394,398,-1,398,394,396,-1,429,436,437,-1,383,384,438,-1,438,384,439,-1,438,439,440,-1,440,439,430,-1,440,430,441,-1,441,430,442,-1,441,442,437,-1,437,442,428,-1,437,428,429,-1,421,443,418,-1,411,444,440,-1,445,413,418,-1,418,413,411,-1,418,411,421,-1,421,411,440,-1,440,446,421,-1,421,446,437,-1,421,437,423,-1,423,437,436,-1,423,436,447,-1,447,436,448,-1,447,448,449,-1,397,395,399,-1,399,395,393,-1,399,393,450,-1,450,393,451,-1,450,451,404,-1,404,451,389,-1,404,389,405,-1,405,389,387,-1,405,387,452,-1,452,387,453,-1,452,453,409,-1,409,453,381,-1,409,381,411,-1,411,381,383,-1,411,383,444,-1,449,448,454,-1,449,454,447,-1,447,454,455,-1,447,455,456,-1,456,455,457,-1,456,457,458,-1,458,457,459,-1,459,460,458,-1,458,460,461,-1,462,461,460,-1,36,463,40,-1,31,33,464,-1,465,40,466,-1,466,40,43,-1,466,43,467,-1,467,43,458,-1,467,458,462,-1,462,458,461,-1,465,468,40,-1,40,468,31,-1,40,31,36,-1,36,31,464,-1,468,469,31,-1,31,469,3,-1,31,3,29,-1,29,3,1,-1,29,1,470,-1,470,1,471,-1,470,471,25,-1,25,471,7,-1,25,7,21,-1,21,7,9,-1,21,9,472,-1,472,9,473,-1,472,473,19,-1,19,473,11,-1,19,11,17,-1,17,11,15,-1,467,474,475,-1,467,475,466,-1,466,475,476,-1,466,476,477,-1,477,476,478,-1,477,478,468,-1,468,478,479,-1,468,479,480,-1,480,479,2,-1,480,2,3,-1,41,481,37,-1,30,482,478,-1,483,32,37,-1,37,32,30,-1,37,30,41,-1,41,30,478,-1,478,484,41,-1,41,484,475,-1,41,475,42,-1,42,475,474,-1,42,474,218,-1,218,474,485,-1,218,485,219,-1,16,14,18,-1,18,14,10,-1,18,10,486,-1,486,10,487,-1,486,487,20,-1,20,487,8,-1,20,8,24,-1,24,8,6,-1,24,6,488,-1,488,6,489,-1,488,489,28,-1,28,489,0,-1,28,0,30,-1,30,0,2,-1,30,2,482,-1,221,219,485,-1,490,491,492,-1,492,491,493,-1,492,493,494,-1,
        ]
    }
}
Shape{
    appearance Appearance {
        material  Material 	{
            diffuseColor 0.29411764705882354 0.29411764705882354 0.29411764705882354
            specularColor 0.29411764705882354 0.29411764705882354 0.29411764705882354
            ambientIntensity 0.2941
            transparency 0.0
            shininess 0.5
        }
    }
    geometry IndexedFaceSet {
        ccw TRUE
        solid FALSE
        coord DEF co Coordinate {
            point [
                -3.2516 1.8504 0.1181, -3.0469 1.8504 0.1181, -3.0469 1.8398 0.0787, -3.2516 1.8398 0.0787, -3.0469 1.811 0.0499, -3.2516 1.811 0.0499, -3.0469 1.7717 0.0394, -3.2516 1.7717 0.0394, -3.2516 1.8504 0.748, -3.0469 1.8504 0.748, -2.5334 1.6929 0.7874, -2.5334 1.6929 0.0394, -3.0469 1.6929 0.7874, -3.0469 1.6929 0.0394, -3.0469 1.7323 0.7874, -3.0469 1.7323 0.748, -3.2516 1.7323 0.748, -3.2516 1.7323 3.6614, -2.8579 1.7323 0.7874, -2.8579 1.7323 3.6614, -3.2516 1.7677 3.6614, -2.8579 1.7677 3.6614
            ]
        }
        coordIndex [
            0,1,2,-1,0,2,3,-1,3,2,4,-1,3,4,5,-1,5,4,6,-1,5,6,7,-1,8,9,0,-1,0,9,1,-1,10,11,12,-1,12,11,13,-1,14,12,15,-1,15,12,13,-1,15,13,6,-1,9,15,1,-1,1,15,6,-1,1,6,2,-1,2,6,4,-1,16,15,8,-1,8,15,9,-1,15,16,14,-1,14,16,17,-1,14,17,18,-1,18,17,19,-1,17,20,19,-1,19,20,21,-1,
        ]
    }
}
Shape{
    appearance Appearance {
        material  Material 	{
            diffuseColor 1.0 1.0 0.9450980392156862
            specularColor 1.0 1.0 0.9450980392156862
            ambientIntensity 0.9937
            transparency 0.0
            shininess 0.5
        }
    }
    geometry IndexedFaceSet {
        ccw TRUE
        solid FALSE
        coord DEF co Coordinate {
            point [
                -3.291 1.7677 3.6614, -3.291 1.7677 0.795, -3.2516 1.7677 3.6614, -2.8579 1.7677 0.795, -2.8579 1.7677 3.6614, -3.2516 1.8465 3.6614, -3.291 1.8397 3.6614, -3.2516 -1.8504 3.6614, -3.2516 -1.8465 3.6614, -2.8579 -1.8504 3.6614, -2.8579 -1.8465 3.6614, -2.8579 -1.8465 0.795, -3.2516 -1.8465 0.795, -3.291 -1.8397 0.795, -3.291 -1.7677 0.795, -2.8579 -1.7677 0.795
            ]
        }
        coordIndex [
            0,1,2,-1,2,1,3,-1,2,3,4,-1,2,5,0,-1,0,5,6,-1,7,8,9,-1,9,8,10,-1,10,8,11,-1,11,8,12,-1,13,14,12,-1,12,14,15,-1,12,15,11,-1,
        ]
    }
}
Shape{
    appearance Appearance {
        material  Material 	{
            diffuseColor 0.29411764705882354 0.29411764705882354 0.29411764705882354
            specularColor 0.29411764705882354 0.29411764705882354 0.29411764705882354
            ambientIntensity 0.2941
            transparency 0.0
            shininess 0.5
        }
    }
    geometry IndexedFaceSet {
        ccw TRUE
        solid FALSE
        coord DEF co Coordinate {
            point [
                -3.2516 -1.8504 0.1181, -3.0469 -1.8504 0.1181, -3.2516 -1.8504 0.748, -3.0469 -1.8504 0.748, -3.2516 -1.7323 0.748, -3.0469 -1.7323 0.748, -3.0469 -1.7323 0.7874, -2.8579 -1.7323 0.7874, -2.8579 -1.7323 3.6614, -3.2516 -1.7323 3.6614, -2.8579 -1.7677 0.795, -2.8579 -1.7677 3.6614, -2.8579 -1.8504 0.7874, -2.8579 -1.8504 3.6614, -2.8579 -1.8465 3.6614, -2.8579 -1.8465 0.795
            ]
        }
        coordIndex [
            0,1,2,-1,2,1,3,-1,2,3,4,-1,4,3,5,-1,4,5,6,-1,7,8,6,-1,6,8,9,-1,6,9,4,-1,10,11,8,-1,12,13,14,-1,14,15,12,-1,12,15,10,-1,12,10,7,-1,7,10,8,-1,
        ]
    }
}
Shape{
    appearance Appearance {
        material  Material 	{
            diffuseColor 1.0 1.0 0.9450980392156862
            specularColor 1.0 1.0 0.9450980392156862
            ambientIntensity 0.9937
            transparency 0.0
            shininess 0.5
        }
    }
    geometry IndexedFaceSet {
        ccw TRUE
        solid FALSE
        coord DEF co Coordinate {
            point [
                -2.8579 -1.7323 3.6614, -2.8579 -1.7677 3.6614, -3.2516 -1.7323 3.6614, -3.2516 -1.7677 3.6614, -2.8579 -1.7677 0.795, -3.291 -1.7677 0.795, -3.291 -1.7677 3.6614, -3.291 -1.8397 3.6614, -3.2516 -1.8465 3.6614, -3.291 -1.8397 3.8189, -3.3107 -1.8306 3.8189, -3.3107 -1.8306 0.0591, -3.291 -1.8397 0.0591, -3.291 -1.8397 0.795, -3.2516 -1.8465 0.795, -3.3539 -1.7874 3.8189, -3.3539 -1.7874 0.0591, -3.3697 -1.7283 3.8189, -3.3697 -1.7283 0.0591, -3.291 1.7677 3.6614, -3.291 1.8397 3.6614, -3.291 1.8397 3.8189, -3.291 -0.6102 0.9509, -3.291 -0.8779 1.16, -3.291 -0.8852 1.1558, -3.291 -1.1761 2.3561, -3.291 -1.0854 2.3038, -3.291 -0.799 2.7999, -3.291 -0.8852 2.8599, -3.291 -0.8779 2.8557, -3.291 -0.6102 3.0648, -3.291 1.2205 2.0079, -3.291 1.1732 1.6715, -3.291 1.1805 1.6673, -3.291 0.8896 2.8522, -3.291 0.799 2.7999, -3.291 1.0854 2.3038, -3.291 1.1761 1.6596, -3.291 1.7677 0.795, -3.291 1.8397 0.0591, -3.291 1.8397 0.795, -3.291 -0.2864 3.0958, -3.291 0.2864 3.0958, -3.291 -0.2864 3.2005, -3.291 0.2864 3.2005, -3.291 -0.2953 3.2005, -3.291 0.2953 3.2005, -3.291 0.2953 3.1921, -3.291 1.1805 2.3485, -3.291 1.1761 2.3561, -3.291 0.799 1.2158, -3.291 0.8896 1.1635, -3.291 1.0854 1.712, -3.291 0.8852 1.1558, -3.291 0.2953 0.8237, -3.291 0.2953 0.8153, -3.291 0.6102 0.9509, -3.291 0.8779 1.16, -3.291 0.2864 0.9199, -3.291 -0.2864 0.9199, -3.291 0.2864 0.8153, -3.291 -0.2864 0.8153, -3.291 -0.2953 0.8153, -3.291 -0.2953 0.8237, -3.291 -0.8896 1.1635, -3.291 -0.799 1.2158, -3.291 -1.0854 1.712, -3.291 0.6102 3.0648, -3.291 0.8779 2.8557, -3.291 0.8852 2.8599, -3.291 -1.1761 1.6596, -3.291 -1.1805 1.6673, -3.291 -0.2953 3.1921, -3.291 -0.8896 2.8522, -3.291 1.1732 2.3442, -3.291 -1.1732 1.6715, -3.291 -1.2205 2.0079, -3.291 -1.1805 2.3485, -3.291 -1.1732 2.3442, -3.3697 1.7283 3.8189, -3.3539 1.7874 3.8189, -3.3107 1.8306 3.8189, -3.3697 0.2953 3.1921, -3.3697 -1.1732 1.6715, -3.3697 -1.0867 1.7214, -3.3697 -0.7915 1.21, -3.3697 0.8779 1.1601, -3.3697 0.7915 1.21, -3.3697 1.0867 1.7214, -3.3697 1.1732 2.3443, -3.3697 1.2205 2.0079, -3.3697 1.7283 0.0591, -3.3697 1.1732 1.6715, -3.3697 1.0867 2.2943, -3.3697 0.7915 2.8058, -3.3697 0.8779 2.8557, -3.3697 0.6102 3.0648, -3.3697 0.2953 3.0923, -3.3697 -0.2953 3.0923, -3.3697 -0.2953 3.1921, -3.3697 -0.6102 3.0648, -3.3697 -0.8779 2.8557, -3.3697 -0.2953 0.9235, -3.3697 0.2953 0.9235, -3.3697 -0.2953 0.8237, -3.3697 0.2953 0.8237, -3.3697 0.6102 0.9509, -3.3697 -0.8779 1.1601, -3.3697 -1.2205 2.0079, -3.3697 -1.1732 2.3443, -3.3697 -1.0867 2.2943, -3.3697 -0.7915 2.8058, -3.3697 -0.6102 0.9509, -3.3539 1.7874 0.0591, -3.3107 1.8306 0.0591, -3.2516 1.8465 3.6614, -3.2516 1.8465 0.795, -2.8579 1.8465 0.795, -2.8579 1.8465 3.6614
            ]
        }
        coordIndex [
            0,1,2,-1,2,1,3,-1,1,4,3,-1,3,4,5,-1,3,5,6,-1,6,7,3,-1,3,7,8,-1,7,9,10,-1,11,12,13,-1,13,14,8,-1,8,7,13,-1,13,7,10,-1,13,10,11,-1,11,10,15,-1,11,15,16,-1,16,15,17,-1,16,17,18,-1,19,20,21,-1,5,13,12,-1,22,23,24,-1,25,26,27,-1,28,29,30,-1,31,32,33,-1,34,35,36,-1,33,37,38,-1,39,40,38,-1,9,7,6,-1,41,42,43,-1,43,42,44,-1,45,43,9,-1,9,43,44,-1,9,44,21,-1,21,44,46,-1,21,46,47,-1,38,19,48,-1,48,19,49,-1,50,51,52,-1,52,51,37,-1,37,51,38,-1,38,51,53,-1,38,53,39,-1,54,55,56,-1,56,55,39,-1,56,39,57,-1,57,39,53,-1,58,59,60,-1,60,59,61,-1,55,60,39,-1,39,60,61,-1,39,61,12,-1,12,61,62,-1,12,62,63,-1,64,65,66,-1,67,68,69,-1,47,67,21,-1,21,67,69,-1,21,69,19,-1,19,69,34,-1,19,34,49,-1,49,34,36,-1,5,70,71,-1,72,45,30,-1,30,45,9,-1,30,9,28,-1,28,9,6,-1,28,6,73,-1,33,38,31,-1,31,38,48,-1,31,48,74,-1,63,22,12,-1,12,22,24,-1,12,24,5,-1,5,24,64,-1,5,64,70,-1,70,64,66,-1,75,76,71,-1,71,76,6,-1,71,6,5,-1,27,73,25,-1,25,73,6,-1,25,6,77,-1,77,6,76,-1,77,76,78,-1,15,10,17,-1,17,10,9,-1,17,9,79,-1,79,9,21,-1,79,21,80,-1,80,21,81,-1,82,17,79,-1,83,84,85,-1,86,87,88,-1,89,79,90,-1,90,79,91,-1,90,91,92,-1,93,94,89,-1,89,94,95,-1,89,95,79,-1,79,95,96,-1,79,96,82,-1,97,98,82,-1,82,98,99,-1,82,99,17,-1,17,99,100,-1,17,100,101,-1,102,103,104,-1,104,103,105,-1,88,92,86,-1,86,92,91,-1,86,91,106,-1,85,107,83,-1,83,107,18,-1,83,18,108,-1,108,18,17,-1,108,17,109,-1,109,17,101,-1,109,101,110,-1,110,101,111,-1,107,112,18,-1,18,112,104,-1,18,104,91,-1,91,104,105,-1,91,105,106,-1,113,114,91,-1,91,114,39,-1,91,39,18,-1,18,39,12,-1,18,12,16,-1,16,12,11,-1,40,39,114,-1,81,21,20,-1,20,115,116,-1,116,40,20,-1,20,40,114,-1,20,114,81,-1,81,114,113,-1,81,113,80,-1,80,113,91,-1,80,91,79,-1,117,116,118,-1,118,116,115,-1,
        ]
    }
}
Shape{
    appearance Appearance {
        material  Material 	{
            diffuseColor 0.29411764705882354 0.29411764705882354 0.29411764705882354
            specularColor 0.29411764705882354 0.29411764705882354 0.29411764705882354
            ambientIntensity 0.2941
            transparency 0.0
            shininess 0.5
        }
    }
    geometry IndexedFaceSet {
        ccw TRUE
        solid FALSE
        coord DEF co Coordinate {
            point [
                -2.8579 1.8504 3.6614, -2.8579 1.8465 3.6614, -3.2516 1.8504 3.6614, -3.2516 1.8465 3.6614, -2.8579 1.8465 0.795, -2.8579 1.8504 0.7874, -2.8579 1.7677 0.795, -2.8579 1.7323 0.7874, -2.8579 1.7677 3.6614, -2.8579 1.7323 3.6614, -3.0469 1.6929 0.7874, -3.0469 1.7323 0.7874, -2.5334 1.8504 0.7874, -2.5334 1.6929 0.7874, -2.5334 1.7717 0.0394, -2.5334 1.6929 0.0394, -2.5334 1.8398 0.0787, -2.5334 1.811 0.0499, -2.5334 1.8504 0.1181, -1.5902 1.8504 0.1181, -1.5902 1.8398 0.0787, -1.5902 1.811 0.0499, -1.5902 1.7717 0.0394, -0.6059 1.6929 0.7874, -0.6059 1.6929 0.0394, -1.5902 1.6929 0.7874, -1.5902 1.6929 0.0394, -1.5902 1.8504 0.7874, -0.6059 1.8504 0.7874, -0.6059 1.7717 0.0394, -0.6059 1.8398 0.0787, -0.6059 1.811 0.0499, -0.6059 1.8504 0.1181, 0.3783 1.8504 0.1181, 0.3783 1.8398 0.0787, 0.3783 1.811 0.0499, 0.3783 1.7717 0.0394, 1.15 1.8504 0.1181, 1.1578 1.8504 0.1181, 1.1578 1.8398 0.0787, 1.15 1.8398 0.0787, 1.1578 1.811 0.0499, 1.15 1.811 0.0499, 1.1578 1.7717 0.0394, 1.15 1.7717 0.0394, 1.15 1.6929 0.0394, 1.15 1.6929 0.7874, 1.15 1.8504 0.7874, 0.3783 1.6929 0.7874, 0.3783 1.6929 0.0394, 0.3783 1.8504 0.7874, -2.354 1.8504 2.685, -2.354 1.8504 1.8976, -3.2516 1.8504 3.7795, 1.1578 1.8504 3.7795, 1.0397 1.8504 1.5545, 0.3067 1.8504 1.5545, 0.2751 1.8504 1.9996, 0.2751 1.8504 1.6711, 0.3067 1.8504 1.6711, -1.2516 1.8504 2.685, 1.0397 1.8504 1.6711, 1.0397 1.8504 1.9996, 1.0397 1.8504 2.1068, 0.3067 1.8504 2.1068, 0.3067 1.8504 1.9996, -1.2516 1.8504 1.8976, -3.2516 1.8398 3.8189, 1.1578 1.8398 3.8189, -3.2516 1.811 3.8477, 1.1578 1.811 3.8477, -3.2516 1.7717 3.8583, 1.1578 1.7717 3.8583, -3.2516 -1.8465 3.6614, -3.2516 -1.8504 3.6614, -3.2516 -1.8504 3.7795, -3.2516 1.7677 3.6614, -3.2516 1.7323 0.748, -3.2516 1.811 0.0499, -3.2516 1.7717 0.0394, -3.2516 1.8504 0.748, -3.2516 1.8504 0.1181, -3.2516 1.8398 0.0787, -3.2516 -1.8504 0.748, -3.2516 -1.7323 0.748, -3.2516 -1.8504 0.1181, -3.2516 -1.7717 0.0394, -3.2516 -1.8398 0.0787, -3.2516 -1.811 0.0499, -3.2516 -1.8398 3.8189, -3.2516 -1.811 3.8477, -3.2516 -1.7717 3.8583, -3.2516 -1.7677 3.6614, -3.2516 -0.7289 3.0112, -3.2516 -1.0033 2.7368, -3.2516 -1.7323 3.6614, -3.2516 -1.0033 1.2789, -3.2516 -0.7289 1.0046, -3.2516 -0.3832 0.8284, -3.2516 1.0033 2.7368, -3.2516 0.9843 3.8583, -3.2516 1.7323 3.6614, -3.2516 -0.9843 3.8583, -3.2516 -0.3832 3.1873, -3.2516 0.0 0.7677, -3.2516 0.3832 0.8284, -3.2516 0.7289 1.0046, -3.2516 1.0033 1.2789, -3.2516 -1.1795 2.3911, -3.2516 -1.2402 2.0079, -3.2516 -1.1795 1.6246, -3.2516 1.1795 1.6246, -3.2516 1.2402 2.0079, -3.2516 1.1795 2.3911, -3.2516 0.7289 3.0112, -3.2516 0.3832 3.1873, -3.2516 -0.0 3.248, -3.0469 -1.8504 0.1181, -3.0469 -1.8398 0.0787, -3.0469 -1.811 0.0499, -3.0469 -1.7717 0.0394, -3.0469 -1.6929 0.0394, -3.0469 -1.7323 0.748, -3.0469 -1.6929 0.7874, -3.0469 -1.7323 0.7874, -3.0469 -1.8504 0.748, -2.5334 -1.6929 0.7874, -2.5334 -1.6929 0.0394, -2.8579 -1.7323 0.7874, -2.8579 -1.8504 0.7874, -2.5334 -1.8504 0.7874, -0.6059 -1.6929 0.7874, -0.6059 -1.8504 0.7874, -1.5902 -1.6929 0.7874, -1.5902 -1.8504 0.7874, 1.15 -1.6929 0.7874, 1.15 -1.8504 0.7874, 0.3783 -1.6929 0.7874, 0.3783 -1.8504 0.7874, -0.6059 -1.8504 0.1181, 0.3783 -1.8504 0.1181, 1.1578 -1.8504 3.7795, -2.8579 -1.8504 3.6614, -2.5334 -1.8504 0.1181, -1.5902 -1.8504 0.1181, -1.2516 -1.8504 1.8976, -2.354 -1.8504 1.8976, -2.354 -1.8504 2.685, -1.2516 -1.8504 2.685, 0.2751 -1.8504 1.6711, 0.2751 -1.8504 1.9996, 0.3067 -1.8504 1.6711, 0.3067 -1.8504 1.5545, 1.0397 -1.8504 1.5545, 1.0397 -1.8504 1.6711, 1.15 -1.8504 0.1181, 1.1578 -1.8504 0.1181, 0.3067 -1.8504 1.9996, 0.3067 -1.8504 2.1068, 1.0397 -1.8504 2.1068, 1.0397 -1.8504 1.9996, -2.5334 -1.8398 0.0787, -1.5902 -1.8398 0.0787, -2.5334 -1.811 0.0499, -1.5902 -1.811 0.0499, -2.5334 -1.7717 0.0394, -1.5902 -1.7717 0.0394, -1.5902 -1.6929 0.0394, -0.6059 -1.6929 0.0394, -0.6059 -1.7717 0.0394, -0.6059 -1.8398 0.0787, -0.6059 -1.811 0.0499, 0.3783 -1.8398 0.0787, 0.3783 -1.811 0.0499, 0.3783 -1.7717 0.0394
            ]
        }
        coordIndex [
            0,1,2,-1,2,1,3,-1,1,0,4,-1,4,0,5,-1,4,5,6,-1,6,5,7,-1,6,7,8,-1,8,7,9,-1,10,11,7,-1,5,12,7,-1,7,12,13,-1,7,13,10,-1,14,15,13,-1,16,17,18,-1,18,17,14,-1,18,14,12,-1,12,14,13,-1,18,19,20,-1,18,20,16,-1,16,20,21,-1,16,21,17,-1,17,21,22,-1,17,22,14,-1,23,24,25,-1,25,24,26,-1,25,26,22,-1,27,25,19,-1,19,25,22,-1,19,22,20,-1,20,22,21,-1,25,27,23,-1,23,27,28,-1,29,24,23,-1,30,31,32,-1,32,31,29,-1,32,29,28,-1,28,29,23,-1,32,33,34,-1,32,34,30,-1,30,34,35,-1,30,35,31,-1,31,35,36,-1,31,36,29,-1,37,38,39,-1,37,39,40,-1,40,39,41,-1,40,41,42,-1,42,41,43,-1,42,43,44,-1,44,45,46,-1,40,42,37,-1,37,42,44,-1,37,44,47,-1,47,44,46,-1,46,45,48,-1,48,45,49,-1,48,49,36,-1,50,48,33,-1,33,48,36,-1,33,36,34,-1,34,36,35,-1,48,50,46,-1,46,50,47,-1,50,33,32,-1,12,51,52,-1,2,53,0,-1,0,53,54,-1,55,47,56,-1,56,47,50,-1,56,50,28,-1,28,50,32,-1,57,58,28,-1,28,58,59,-1,28,59,56,-1,12,5,51,-1,51,5,0,-1,51,0,60,-1,60,0,54,-1,55,61,47,-1,47,61,62,-1,47,62,63,-1,64,65,60,-1,60,65,57,-1,60,57,66,-1,66,57,28,-1,66,28,52,-1,52,28,27,-1,52,27,12,-1,12,27,19,-1,12,19,18,-1,64,60,63,-1,63,60,54,-1,63,54,47,-1,47,54,38,-1,47,38,37,-1,54,53,67,-1,54,67,68,-1,68,67,69,-1,68,69,70,-1,70,69,71,-1,70,71,72,-1,73,74,75,-1,2,3,53,-1,53,3,76,-1,53,76,67,-1,77,78,79,-1,77,80,78,-1,78,80,81,-1,78,81,82,-1,83,84,85,-1,85,84,86,-1,85,86,87,-1,87,86,88,-1,89,90,91,-1,73,75,92,-1,93,94,95,-1,96,97,84,-1,84,97,98,-1,99,100,101,-1,101,100,71,-1,101,71,76,-1,76,71,69,-1,76,69,67,-1,75,89,92,-1,92,89,91,-1,92,91,95,-1,95,91,102,-1,95,102,93,-1,93,102,103,-1,79,86,77,-1,77,86,84,-1,77,84,104,-1,104,84,98,-1,104,105,77,-1,77,105,106,-1,77,106,107,-1,94,108,95,-1,95,108,109,-1,95,109,84,-1,84,109,110,-1,84,110,96,-1,107,111,77,-1,77,111,112,-1,77,112,101,-1,101,112,113,-1,101,113,99,-1,99,114,100,-1,100,114,115,-1,100,115,102,-1,102,115,116,-1,102,116,103,-1,117,85,87,-1,117,87,118,-1,118,87,88,-1,118,88,119,-1,119,88,86,-1,119,86,120,-1,120,121,122,-1,122,121,123,-1,122,123,124,-1,118,119,117,-1,117,119,120,-1,117,120,125,-1,125,120,122,-1,123,121,126,-1,126,121,127,-1,124,123,128,-1,128,123,126,-1,128,126,129,-1,129,126,130,-1,131,132,133,-1,133,132,134,-1,135,136,137,-1,137,136,138,-1,132,139,140,-1,141,75,142,-1,142,75,74,-1,130,143,144,-1,144,134,130,-1,130,134,145,-1,130,145,129,-1,129,145,146,-1,129,146,142,-1,142,146,147,-1,142,147,141,-1,141,147,148,-1,149,150,148,-1,134,132,145,-1,145,132,140,-1,145,140,148,-1,148,140,138,-1,148,138,149,-1,151,149,152,-1,152,149,138,-1,152,138,153,-1,153,138,136,-1,153,136,154,-1,155,156,136,-1,136,156,141,-1,150,157,148,-1,148,157,158,-1,148,158,141,-1,141,158,159,-1,141,159,136,-1,136,159,160,-1,136,160,154,-1,144,143,161,-1,144,161,162,-1,162,161,163,-1,162,163,164,-1,164,163,165,-1,164,165,166,-1,166,167,133,-1,162,164,144,-1,144,164,166,-1,144,166,134,-1,134,166,133,-1,133,167,131,-1,131,167,168,-1,131,168,169,-1,132,131,139,-1,139,131,169,-1,139,169,170,-1,170,169,171,-1,140,139,170,-1,140,170,172,-1,172,170,171,-1,172,171,173,-1,173,171,169,-1,173,169,174,-1,
        ]
    }
}
Shape{
    appearance Appearance {
        material  Material 	{
            diffuseColor 1.0 1.0 0.9450980392156862
            specularColor 1.0 1.0 0.9450980392156862
            ambientIntensity 0.9937
            transparency 0.0
            shininess 0.5
        }
    }
    geometry IndexedFaceSet {
        ccw TRUE
        solid FALSE
        coord DEF co Coordinate {
            point [
                0.3783 -1.7717 0.0394, 0.3783 -1.6929 0.0394, 0.3783 -1.6929 0.7874, 0.3783 -1.8398 0.0787, 0.3783 -1.811 0.0499, 0.3783 -1.8504 0.1181, 0.3783 -1.8504 0.7874
            ]
        }
        coordIndex [
            0,1,2,-1,3,4,5,-1,5,4,0,-1,5,0,6,-1,6,0,2,-1,
        ]
    }
}
Shape{
    appearance Appearance {
        material  Material 	{
            diffuseColor 0.29411764705882354 0.29411764705882354 0.29411764705882354
            specularColor 0.29411764705882354 0.29411764705882354 0.29411764705882354
            ambientIntensity 0.2941
            transparency 0.0
            shininess 0.5
        }
    }
    geometry IndexedFaceSet {
        ccw TRUE
        solid FALSE
        coord DEF co Coordinate {
            point [
                0.3783 -1.6929 0.7874, 0.3783 -1.6929 0.0394, 1.15 -1.6929 0.7874, 1.15 -1.6929 0.0394, 1.15 -1.7717 0.0394, 1.15 -1.8504 0.7874, 1.15 -1.8504 0.1181, 1.15 -1.8398 0.0787, 1.15 -1.811 0.0499, 1.1578 -1.8504 0.1181, 1.1578 -1.8398 0.0787, 1.1578 -1.811 0.0499, 1.1578 -1.7717 0.0394, 1.5515 -1.2432 1.8811, 1.5515 -1.8697 1.8811, 1.5515 -1.2432 1.5438, 1.5515 -1.8697 1.5438, 1.7484 -1.8697 1.5438, 1.7484 -1.2432 1.5438, 1.7484 -1.2432 1.8811, 1.7484 -1.8697 1.8811, 1.5515 1.8697 1.5438, 1.5515 1.8697 1.8811, 1.5515 1.2432 1.5438, 1.5515 1.2432 1.8811, 1.7484 1.2432 1.8811, 1.7484 1.2432 1.5438, 1.7484 1.8697 1.5438, 1.7484 1.8697 1.8811, 1.7484 -1.8898 3.9764, 1.7484 1.8898 3.9764, 1.1578 -1.8898 3.9764, 1.1578 1.8898 3.9764, 1.1578 -1.9685 3.8976, 1.7484 -1.9685 3.8976, 1.7484 -1.958 3.937, 1.1578 -1.958 3.937, 1.7484 -1.9291 3.9658, 1.1578 -1.9291 3.9658, 1.7484 -1.9685 0.1181, 1.1578 -1.9685 0.1181
            ]
        }
        coordIndex [
            0,1,2,-1,2,1,3,-1,2,3,4,-1,5,2,6,-1,6,2,4,-1,6,4,7,-1,7,4,8,-1,9,6,7,-1,9,7,10,-1,10,7,8,-1,10,8,11,-1,11,8,4,-1,11,4,12,-1,13,14,15,-1,15,14,16,-1,16,17,15,-1,15,17,18,-1,15,18,13,-1,13,18,19,-1,13,19,14,-1,14,19,20,-1,14,20,16,-1,16,20,17,-1,21,22,23,-1,23,22,24,-1,24,25,23,-1,23,25,26,-1,23,26,21,-1,21,26,27,-1,21,27,22,-1,22,27,28,-1,22,28,24,-1,24,28,25,-1,29,30,31,-1,31,30,32,-1,33,34,35,-1,33,35,36,-1,36,35,37,-1,36,37,38,-1,38,37,29,-1,38,29,31,-1,39,34,40,-1,40,34,33,-1,
        ]
    }
}
Shape{
    appearance Appearance {
        material  Material 	{
            diffuseColor 1.0 1.0 0.9450980392156862
            specularColor 1.0 1.0 0.9450980392156862
            ambientIntensity 0.9937
            transparency 0.0
            shininess 0.5
        }
    }
    geometry IndexedFaceSet {
        ccw TRUE
        solid FALSE
        coord DEF co Coordinate {
            point [
                -0.963 -0.8254 0.315, -0.963 -0.8254 0.3543, -1.0432 -0.8254 0.315, -1.0432 -0.8254 0.3543, -0.9878 -0.8905 0.315, -0.9878 -0.8905 0.3543, -0.9975 -0.9186 0.315, -0.9979 -0.9185 0.3543, -1.0047 -0.9396 0.315, -1.0047 -0.9396 0.3543, -1.0111 -0.9163 0.315, -1.0102 -0.916 0.3543, -1.0171 -0.8946 0.315, -1.0171 -0.8946 0.3543
            ]
        }
        coordIndex [
            0,1,2,-1,2,1,3,-1,4,5,0,-1,0,5,1,-1,5,4,6,-1,5,6,7,-1,7,6,8,-1,7,8,9,-1,9,8,10,-1,9,10,11,-1,11,10,12,-1,11,12,13,-1,
        ]
    }
}
Shape{
    appearance Appearance {
        material  Material 	{
            diffuseColor 0.29411764705882354 0.29411764705882354 0.29411764705882354
            specularColor 0.29411764705882354 0.29411764705882354 0.29411764705882354
            ambientIntensity 0.2941
            transparency 0.0
            shininess 0.5
        }
    }
    geometry IndexedFaceSet {
        ccw TRUE
        solid FALSE
        coord DEF co Coordinate {
            point [
                -1.0432 -0.8254 0.3543, -0.963 -0.8254 0.3543, -1.0171 -0.8946 0.3543, -0.9878 -0.8905 0.3543, -1.0102 -0.916 0.3543, -0.9979 -0.9185 0.3543, -1.0047 -0.9396 0.3543
            ]
        }
        coordIndex [
            0,1,2,-1,2,1,3,-1,2,3,4,-1,4,3,5,-1,4,5,6,-1,
        ]
    }
}
Shape{
    appearance Appearance {
        material  Material 	{
            diffuseColor 1.0 1.0 0.9450980392156862
            specularColor 1.0 1.0 0.9450980392156862
            ambientIntensity 0.9937
            transparency 0.0
            shininess 0.5
        }
    }
    geometry IndexedFaceSet {
        ccw TRUE
        solid FALSE
        coord DEF co Coordinate {
            point [
                -1.0432 -0.8254 0.315, -1.0432 -0.8254 0.3543, -1.0171 -0.8946 0.315, -1.0171 -0.8946 0.3543, -1.0205 -0.9644 0.315, -1.0111 -0.9163 0.315, -1.0047 -0.9396 0.315, -0.9868 -0.9644 0.315, -0.9975 -0.9186 0.315, -1.1111 -0.7283 0.315, -1.0781 -0.7283 0.315, -1.052 -0.7999 0.315, -0.963 -0.8254 0.315, -0.9535 -0.7999 0.315, -0.9878 -0.8905 0.315, -0.8906 -0.7283 0.315, -0.9258 -0.7283 0.315, -1.0781 -0.7283 0.3543, -1.052 -0.7999 0.3543, -0.9535 -0.7999 0.3543, -0.9258 -0.7283 0.3543, -0.8906 -0.7283 0.3543, -0.9868 -0.9644 0.3543, -1.0205 -0.9644 0.3543, -1.1111 -0.7283 0.3543, -1.2413 -0.7561 0.315, -1.2413 -0.7561 0.3543, -1.2918 -0.7561 0.315, -1.2918 -0.7561 0.3543, -1.2164 -0.7602 0.315, -1.216 -0.758 0.3543, -1.1967 -0.7634 0.315, -1.1967 -0.7634 0.3543, -1.1702 -0.7924 0.315, -1.1702 -0.7924 0.3543, -1.182 -0.7743 0.3543, -1.1881 -0.7686 0.315, -1.1832 -0.7752 0.315, -1.1655 -0.8178 0.315, -1.1625 -0.8172 0.3543, -1.1599 -0.8484 0.315, -1.1599 -0.8484 0.3543, -1.1632 -0.8718 0.315, -1.1614 -0.872 0.3543, -1.1662 -0.8918 0.315, -1.1662 -0.8918 0.3543, -1.1834 -0.9197 0.315, -1.1834 -0.9197 0.3543, -1.1736 -0.9076 0.3543, -1.1678 -0.8962 0.315, -1.1748 -0.9068 0.315, -1.2056 -0.933 0.315, -1.2056 -0.933 0.3543, -1.1943 -0.928 0.3543, -1.1851 -0.9213 0.315, -1.195 -0.9269 0.315, -1.2204 -0.9344 0.315, -1.2203 -0.9356 0.3543, -1.2419 -0.9364 0.315, -1.2419 -0.9364 0.3543, -1.2918 -0.9364 0.315, -1.2918 -0.9364 0.3543
            ]
        }
        coordIndex [
            0,1,2,-1,2,1,3,-1,0,2,4,-1,2,5,4,-1,4,5,6,-1,4,6,7,-1,7,6,8,-1,9,10,11,-1,4,9,0,-1,0,9,11,-1,0,11,12,-1,12,11,13,-1,8,14,7,-1,7,14,12,-1,7,12,15,-1,15,12,13,-1,15,13,16,-1,10,17,11,-1,11,17,18,-1,11,18,13,-1,13,18,19,-1,13,19,16,-1,16,19,20,-1,16,20,15,-1,15,20,21,-1,15,21,7,-1,7,21,22,-1,7,22,4,-1,4,22,23,-1,4,23,9,-1,9,23,24,-1,9,24,10,-1,10,24,17,-1,25,26,27,-1,27,26,28,-1,26,25,29,-1,26,29,30,-1,30,29,31,-1,30,31,32,-1,33,34,35,-1,32,31,36,-1,32,36,35,-1,35,36,37,-1,35,37,33,-1,34,33,38,-1,34,38,39,-1,39,38,40,-1,39,40,41,-1,41,40,42,-1,41,42,43,-1,43,42,44,-1,43,44,45,-1,46,47,48,-1,45,44,49,-1,45,49,48,-1,48,49,50,-1,48,50,46,-1,51,52,53,-1,47,46,54,-1,47,54,53,-1,53,54,55,-1,53,55,51,-1,52,51,56,-1,52,56,57,-1,57,56,58,-1,57,58,59,-1,60,61,58,-1,58,61,59,-1,
        ]
    }
}
Shape{
    appearance Appearance {
        material  Material 	{
            diffuseColor 0.29411764705882354 0.29411764705882354 0.29411764705882354
            specularColor 0.29411764705882354 0.29411764705882354 0.29411764705882354
            ambientIntensity 0.2941
            transparency 0.0
            shininess 0.5
        }
    }
    geometry IndexedFaceSet {
        ccw TRUE
        solid FALSE
        coord DEF co Coordinate {
            point [
                -1.2918 -0.9364 0.3543, -1.2918 -0.7561 0.3543, -1.2419 -0.9364 0.3543, -1.2413 -0.7561 0.3543, -1.1625 -0.8172 0.3543, -1.1599 -0.8484 0.3543, -1.216 -0.758 0.3543, -1.1614 -0.872 0.3543, -1.1662 -0.8918 0.3543, -1.1967 -0.7634 0.3543, -1.182 -0.7743 0.3543, -1.1702 -0.7924 0.3543, -1.1943 -0.928 0.3543, -1.2056 -0.933 0.3543, -1.2203 -0.9356 0.3543, -1.1736 -0.9076 0.3543, -1.1834 -0.9197 0.3543
            ]
        }
        coordIndex [
            0,1,2,-1,2,1,3,-1,4,5,6,-1,6,5,3,-1,3,5,7,-1,3,7,8,-1,9,10,6,-1,6,10,11,-1,6,11,4,-1,12,13,3,-1,3,13,14,-1,3,14,2,-1,8,15,3,-1,3,15,16,-1,3,16,12,-1,
        ]
    }
}
Shape{
    appearance Appearance {
        material  Material 	{
            diffuseColor 1.0 1.0 0.9450980392156862
            specularColor 1.0 1.0 0.9450980392156862
            ambientIntensity 0.9937
            transparency 0.0
            shininess 0.5
        }
    }
    geometry IndexedFaceSet {
        ccw TRUE
        solid FALSE
        coord DEF co Coordinate {
            point [
                -1.2918 -0.7561 0.315, -1.2918 -0.7561 0.3543, -1.2918 -0.9364 0.315, -1.2918 -0.9364 0.3543, -1.1486 -0.7718 0.315, -1.1702 -0.7924 0.315, -1.1832 -0.7752 0.315, -1.1967 -0.7634 0.315, -1.177 -0.7434 0.315, -1.1881 -0.7686 0.315, -1.1611 -0.7529 0.315, -1.1602 -0.7537 0.315, -1.1657 -0.9424 0.315, -1.1773 -0.9526 0.315, -1.195 -0.9269 0.315, -1.1905 -0.9575 0.315, -1.2056 -0.933 0.315, -1.2028 -0.962 0.315, -1.2204 -0.9344 0.315, -1.2189 -0.963 0.315, -1.2419 -0.9364 0.315, -1.2416 -0.9644 0.315, -1.3227 -0.9644 0.315, -1.3227 -0.728 0.315, -1.2413 -0.7561 0.315, -1.2377 -0.728 0.315, -1.2164 -0.7602 0.315, -1.2138 -0.731 0.315, -1.1933 -0.7336 0.315, -1.1387 -0.7872 0.315, -1.1367 -0.7927 0.315, -1.1655 -0.8178 0.315, -1.1325 -0.8192 0.315, -1.1599 -0.8484 0.315, -1.128 -0.848 0.315, -1.1632 -0.8718 0.315, -1.1314 -0.8727 0.315, -1.1662 -0.8918 0.315, -1.1344 -0.895 0.315, -1.1678 -0.8962 0.315, -1.1438 -0.9135 0.315, -1.1748 -0.9068 0.315, -1.1525 -0.9307 0.315, -1.1834 -0.9197 0.315, -1.1851 -0.9213 0.315, -1.2136 -0.7294 0.3543, -1.1933 -0.7336 0.3543, -1.2349 -0.7281 0.3543, -1.2377 -0.728 0.3543, -1.1759 -0.7415 0.3543, -1.1602 -0.7537 0.3543, -1.1469 -0.7707 0.3543, -1.1367 -0.7927 0.3543, -1.128 -0.848 0.3543, -1.1302 -0.8188 0.3543, -1.1344 -0.895 0.3543, -1.1296 -0.8729 0.3543, -1.1525 -0.9307 0.3543, -1.1421 -0.9143 0.3543, -1.1773 -0.9526 0.3543, -1.1646 -0.9437 0.3543, -1.2028 -0.962 0.3543, -1.1902 -0.9584 0.3543, -1.2416 -0.9644 0.3543, -1.2188 -0.9638 0.3543, -1.3227 -0.9644 0.3543, -1.3227 -0.728 0.3543, -1.3227 -0.7281 0.3543, -1.5426 -0.7283 0.315, -1.3663 -0.7283 0.315, -1.3663 -0.7561 0.315, -1.5113 -0.7561 0.315, -1.5113 -0.8365 0.315, -1.5426 -0.9644 0.315, -1.3718 -0.9364 0.315, -1.3718 -0.9644 0.315, -1.5113 -0.9364 0.315, -1.5113 -0.8641 0.315, -1.3808 -0.8641 0.315, -1.3808 -0.8365 0.315, -1.3663 -0.7283 0.3543, -1.3663 -0.7561 0.3543, -1.5113 -0.7561 0.3543, -1.5113 -0.8365 0.3543, -1.3808 -0.8365 0.3543, -1.3808 -0.8641 0.3543, -1.5113 -0.8641 0.3543, -1.5113 -0.9364 0.3543, -1.3718 -0.9364 0.3543, -1.3718 -0.9644 0.3543, -1.5426 -0.9644 0.3543, -1.5426 -0.7283 0.3543, -1.5812 -0.8031 0.315, -1.6126 -0.8112 0.315, -1.5905 -0.7778 0.315, -1.6234 -0.7858 0.315, -1.5964 -0.7702 0.315, -1.6277 -0.7758 0.315, -1.6166 -0.7446 0.315, -1.6366 -0.7663 0.315, -1.6286 -0.7364 0.315, -1.6572 -0.7559 0.315, -1.6455 -0.7324 0.315, -1.6622 -0.7533 0.315, -1.6787 -0.7244 0.315, -1.6815 -0.7512 0.315, -1.6891 -0.7248 0.315, -1.7127 -0.7571 0.315, -1.714 -0.7313 0.315, -1.7345 -0.7366 0.315, -1.7134 -0.7577 0.315, -1.7143 -0.7584 0.315, -1.7369 -0.7373 0.315, -1.7373 -0.776 0.315, -1.7638 -0.7611 0.315, -1.7377 -0.7766 0.315, -1.7764 -0.7827 0.315, -1.752 -0.8075 0.315, -1.7803 -0.8018 0.315, -1.7535 -0.8107 0.315, -1.7899 -0.848 0.315, -1.7576 -0.8484 0.315, -1.7831 -0.8948 0.315, -1.7498 -0.887 0.315, -1.7819 -0.8969 0.315, -1.7468 -0.9018 0.315, -1.7595 -0.9354 0.315, -1.7368 -0.9171 0.315, -1.7328 -0.9559 0.315, -1.7141 -0.9346 0.315, -1.7236 -0.958 0.315, -1.7119 -0.935 0.315, -1.6784 -0.9683 0.315, -1.679 -0.9417 0.315, -1.6565 -0.9663 0.315, -1.6571 -0.9371 0.315, -1.6468 -0.9622 0.315, -1.6482 -0.9352 0.315, -1.6192 -0.9506 0.315, -1.6393 -0.9294 0.315, -1.607 -0.9396 0.315, -1.6269 -0.9133 0.315, -1.6006 -0.9279 0.315, -1.6216 -0.9063 0.315, -1.5852 -0.8994 0.315, -1.6158 -0.8921 0.315, -1.6366 -0.7663 0.3543, -1.6567 -0.7549 0.3543, -1.6815 -0.7512 0.3543, -1.7377 -0.7766 0.3543, -1.7147 -0.758 0.3543, -1.7136 -0.7575 0.3543, -1.7526 -0.8072 0.3543, -1.7576 -0.8484 0.3543, -1.7524 -0.8876 0.3543, -1.7368 -0.9171 0.3543, -1.712 -0.9356 0.3543, -1.679 -0.9417 0.3543, -1.6568 -0.9386 0.3543, -1.6393 -0.9294 0.3543, -1.6259 -0.9141 0.3543, -1.6158 -0.8921 0.3543, -1.5852 -0.8994 0.3543, -1.5986 -0.929 0.3543, -1.6192 -0.9506 0.3543, -1.6461 -0.9638 0.3543, -1.6784 -0.9683 0.3543, -1.724 -0.9601 0.3543, -1.7595 -0.9354 0.3543, -1.7823 -0.8972 0.3543, -1.7899 -0.848 0.3543, -1.7834 -0.8012 0.3543, -1.7638 -0.7611 0.3543, -1.7346 -0.7361 0.3543, -1.7146 -0.7286 0.3543, -1.7108 -0.7282 0.3543, -1.6787 -0.7244 0.3543, -1.6166 -0.7446 0.3543, -1.6448 -0.7294 0.3543, -1.6537 -0.7281 0.3543, -1.5952 -0.7692 0.3543, -1.5812 -0.8031 0.3543, -1.6126 -0.8112 0.3543, -1.6217 -0.7851 0.3543, -1.934 -0.9644 0.315, -1.9652 -0.9644 0.315, -1.934 -0.7561 0.315, -1.9652 -0.7283 0.315, -1.8176 -0.7561 0.315, -1.8176 -0.7283 0.315, -1.8176 -0.7283 0.3543, -1.8176 -0.7561 0.3543, -1.934 -0.7561 0.3543, -1.934 -0.9644 0.3543, -1.9652 -0.9644 0.3543, -1.9652 -0.7283 0.3543
            ]
        }
        coordIndex [
            0,1,2,-1,2,1,3,-1,4,5,6,-1,7,8,9,-1,9,8,10,-1,9,10,6,-1,6,10,11,-1,6,11,4,-1,12,13,14,-1,14,13,15,-1,14,15,16,-1,16,15,17,-1,16,17,18,-1,18,17,19,-1,18,19,20,-1,20,19,21,-1,20,21,2,-1,2,21,22,-1,2,22,0,-1,0,22,23,-1,0,23,24,-1,24,23,25,-1,24,25,26,-1,26,25,27,-1,26,27,7,-1,7,27,28,-1,7,28,8,-1,4,29,5,-1,5,29,30,-1,5,30,31,-1,31,30,32,-1,31,32,33,-1,33,32,34,-1,33,34,35,-1,35,34,36,-1,35,36,37,-1,37,36,38,-1,37,38,39,-1,39,38,40,-1,39,40,41,-1,41,40,42,-1,41,42,43,-1,43,42,12,-1,43,12,44,-1,44,12,14,-1,45,46,27,-1,27,46,28,-1,45,27,47,-1,47,27,25,-1,47,25,48,-1,28,46,49,-1,50,11,10,-1,50,10,49,-1,49,10,8,-1,49,8,28,-1,11,50,51,-1,52,30,29,-1,52,29,51,-1,51,29,4,-1,51,4,11,-1,53,34,32,-1,53,32,54,-1,54,32,30,-1,54,30,52,-1,55,38,36,-1,55,36,56,-1,56,36,34,-1,56,34,53,-1,57,42,40,-1,57,40,58,-1,58,40,38,-1,58,38,55,-1,59,13,12,-1,59,12,60,-1,60,12,42,-1,60,42,57,-1,61,17,15,-1,61,15,62,-1,62,15,13,-1,62,13,59,-1,63,21,19,-1,63,19,64,-1,64,19,17,-1,64,17,61,-1,21,63,22,-1,22,63,65,-1,66,23,67,-1,67,23,22,-1,67,22,65,-1,23,66,25,-1,25,66,48,-1,68,69,70,-1,70,71,68,-1,68,71,72,-1,68,72,73,-1,74,75,76,-1,76,75,73,-1,76,73,77,-1,77,73,72,-1,77,72,78,-1,78,72,79,-1,69,80,70,-1,70,80,81,-1,70,81,71,-1,71,81,82,-1,71,82,72,-1,72,82,83,-1,72,83,79,-1,79,83,84,-1,79,84,78,-1,78,84,85,-1,78,85,77,-1,77,85,86,-1,77,86,76,-1,76,86,87,-1,76,87,74,-1,74,87,88,-1,74,88,75,-1,75,88,89,-1,75,89,73,-1,73,89,90,-1,73,90,68,-1,68,90,91,-1,68,91,69,-1,69,91,80,-1,92,93,94,-1,94,93,95,-1,94,95,96,-1,96,95,97,-1,96,97,98,-1,98,97,99,-1,98,99,100,-1,100,99,101,-1,100,101,102,-1,102,101,103,-1,102,103,104,-1,104,103,105,-1,104,105,106,-1,106,105,107,-1,106,107,108,-1,108,107,109,-1,107,110,109,-1,109,110,111,-1,109,111,112,-1,112,111,113,-1,112,113,114,-1,114,113,115,-1,114,115,116,-1,116,115,117,-1,116,117,118,-1,118,117,119,-1,118,119,120,-1,120,119,121,-1,120,121,122,-1,122,121,123,-1,122,123,124,-1,124,123,125,-1,124,125,126,-1,126,125,127,-1,126,127,128,-1,128,127,129,-1,128,129,130,-1,130,129,131,-1,130,131,132,-1,132,131,133,-1,132,133,134,-1,134,133,135,-1,134,135,136,-1,136,135,137,-1,136,137,138,-1,138,137,139,-1,138,139,140,-1,140,139,141,-1,140,141,142,-1,142,141,143,-1,142,143,144,-1,144,143,145,-1,99,146,147,-1,148,105,103,-1,148,103,147,-1,147,103,101,-1,147,101,99,-1,149,115,113,-1,149,113,150,-1,105,148,107,-1,107,148,151,-1,107,151,110,-1,110,151,150,-1,110,150,111,-1,111,150,113,-1,115,149,152,-1,153,121,119,-1,153,119,152,-1,152,119,117,-1,152,117,115,-1,121,153,154,-1,155,127,125,-1,155,125,154,-1,154,125,123,-1,154,123,121,-1,127,155,129,-1,129,155,156,-1,129,156,131,-1,131,156,157,-1,131,157,133,-1,133,157,158,-1,159,139,137,-1,159,137,158,-1,158,137,135,-1,158,135,133,-1,139,159,160,-1,161,145,143,-1,161,143,160,-1,160,143,141,-1,160,141,139,-1,145,161,144,-1,144,161,162,-1,144,162,163,-1,164,138,140,-1,164,140,163,-1,163,140,142,-1,163,142,144,-1,138,164,165,-1,166,132,134,-1,166,134,165,-1,165,134,136,-1,165,136,138,-1,132,166,167,-1,168,126,128,-1,168,128,167,-1,167,128,130,-1,167,130,132,-1,126,168,169,-1,170,120,122,-1,170,122,169,-1,169,122,124,-1,169,124,126,-1,120,170,171,-1,172,114,116,-1,172,116,171,-1,171,116,118,-1,171,118,120,-1,114,172,112,-1,112,172,173,-1,112,173,109,-1,109,173,174,-1,109,174,108,-1,108,174,175,-1,108,175,106,-1,106,175,176,-1,106,176,104,-1,177,98,100,-1,177,100,178,-1,178,100,102,-1,178,102,179,-1,179,102,104,-1,179,104,176,-1,98,177,180,-1,181,92,94,-1,181,94,180,-1,180,94,96,-1,180,96,98,-1,92,181,93,-1,93,181,182,-1,93,182,183,-1,146,99,97,-1,146,97,183,-1,183,97,95,-1,183,95,93,-1,184,185,186,-1,186,185,187,-1,186,187,188,-1,188,187,189,-1,189,190,188,-1,188,190,191,-1,188,191,186,-1,186,191,192,-1,186,192,184,-1,184,192,193,-1,184,193,185,-1,185,193,194,-1,185,194,187,-1,187,194,195,-1,187,195,189,-1,189,195,190,-1,
        ]
    }
}
Shape{
    appearance Appearance {
        material  Material 	{
            diffuseColor 0.29411764705882354 0.29411764705882354 0.29411764705882354
            specularColor 0.29411764705882354 0.29411764705882354 0.29411764705882354
            ambientIntensity 0.2941
            transparency 0.0
            shininess 0.5
        }
    }
    geometry IndexedFaceSet {
        ccw TRUE
        solid FALSE
        coord DEF co Coordinate {
            point [
                -1.0469 0.3937 1.2205, 1.7484 0.3937 1.2205, -1.0469 0.7087 1.2205, 1.7484 0.7087 1.2205, -1.0469 0.7087 0.4331, 1.7484 0.7087 0.4331, -1.0469 1.1024 0.4331, 1.7484 1.1024 0.4331, -1.0469 1.1024 3.189, 1.7484 1.1024 3.189, -1.0469 -1.1024 3.189, 1.7484 -1.1024 3.189, -1.0469 -1.1024 0.4331, 1.7484 -1.1024 0.4331, -1.0469 -0.7087 0.4331, 1.7484 -0.7087 0.4331, -1.0469 -0.7087 1.2205, 1.7484 -0.7087 1.2205, -1.0469 -0.3937 1.2205, 1.7484 -0.3937 1.2205, -2.3734 -0.2188 -0.4724, -2.4478 -0.1596 -0.4724, -2.4431 -0.1558 -0.5026, -2.4642 -0.1255 -0.4724, -2.4972 -0.0569 -0.4724, -2.4913 -0.0556 -0.5026, -2.4972 -0.0 -0.4724, -2.4972 0.0569 -0.4724, -2.4913 0.0556 -0.5026, -2.3734 0.2188 -0.4724, -2.3587 0.2306 -0.4724, -2.3561 0.2252 -0.5026, -2.3862 0.1105 -0.5512, -2.4204 0.0394 -0.5512, -2.4097 0.1292 -0.5452, -2.4498 0.0461 -0.5452, -2.4297 0.1452 -0.5281, -2.4747 0.0518 -0.5281, -2.4431 0.1558 -0.5026, -2.2477 0.1772 -0.5512, -2.3245 0.1596 -0.5512, -2.2477 0.2073 -0.5452, -2.3376 0.1868 -0.5452, -2.2477 0.2328 -0.5281, -2.3487 0.2098 -0.5281, -2.2477 0.2499 -0.5026, -2.2477 0.2559 -0.4724, -2.4478 0.1596 -0.4724, -2.4642 0.1255 -0.4724, -2.4747 -0.0518 -0.5281, -2.4498 -0.0461 -0.5452, -2.4204 -0.0394 -0.5512, -2.4297 -0.1452 -0.5281, -2.4097 -0.1292 -0.5452, -2.3862 -0.1105 -0.5512, -2.3587 -0.2306 -0.4724, -2.3561 -0.2252 -0.5026, -2.3487 -0.2098 -0.5281, -2.3376 -0.1868 -0.5452, -2.3245 -0.1596 -0.5512, -2.2477 -0.1772 -0.5512, -2.2477 -0.2073 -0.5452, -2.2477 -0.2328 -0.5281, -2.2477 -0.2499 -0.5026, -2.2477 -0.2559 -0.4724, -2.1708 -0.1596 -0.5512, -2.1708 0.1596 -0.5512, -2.1092 0.1105 -0.5512, -2.075 0.0394 -0.5512, -2.075 -0.0394 -0.5512, -2.1092 -0.1105 -0.5512, -2.1219 0.2188 -0.4724, -2.0476 0.1596 -0.4724, -2.0523 0.1558 -0.5026, -2.0312 0.1255 -0.4724, -1.9982 0.0569 -0.4724, -2.004 0.0556 -0.5026, -1.9982 0.0 -0.4724, -1.9982 -0.0569 -0.4724, -2.004 -0.0556 -0.5026, -2.1219 -0.2188 -0.4724, -2.1366 -0.2306 -0.4724, -2.1392 -0.2252 -0.5026, -2.0856 -0.1292 -0.5452, -2.0456 -0.0461 -0.5452, -2.0656 -0.1452 -0.5281, -2.0207 -0.0518 -0.5281, -2.0523 -0.1558 -0.5026, -2.1577 -0.1868 -0.5452, -2.1467 -0.2098 -0.5281, -2.0476 -0.1596 -0.4724, -2.0312 -0.1255 -0.4724, -2.0207 0.0518 -0.5281, -2.0456 0.0461 -0.5452, -2.0656 0.1452 -0.5281, -2.0856 0.1292 -0.5452, -2.1366 0.2306 -0.4724, -2.1392 0.2252 -0.5026, -2.1467 0.2098 -0.5281, -2.1577 0.1868 -0.5452
            ]
        }
        coordIndex [
            0,1,2,-1,2,1,3,-1,2,3,4,-1,4,3,5,-1,4,5,6,-1,6,5,7,-1,6,7,8,-1,8,7,9,-1,8,9,10,-1,10,9,11,-1,10,11,12,-1,12,11,13,-1,12,13,14,-1,14,13,15,-1,14,15,16,-1,16,15,17,-1,16,17,18,-1,18,17,19,-1,20,21,22,-1,23,24,25,-1,26,27,28,-1,29,30,31,-1,32,33,34,-1,34,33,35,-1,34,35,36,-1,36,35,37,-1,36,37,38,-1,38,37,28,-1,39,40,41,-1,41,40,42,-1,41,42,43,-1,43,42,44,-1,43,44,45,-1,45,44,31,-1,45,31,46,-1,46,31,30,-1,47,29,38,-1,38,29,31,-1,38,31,36,-1,36,31,44,-1,36,44,34,-1,34,44,42,-1,34,42,32,-1,32,42,40,-1,28,27,38,-1,38,27,48,-1,38,48,47,-1,24,26,25,-1,25,26,28,-1,25,28,49,-1,49,28,37,-1,49,37,50,-1,50,37,35,-1,50,35,51,-1,51,35,33,-1,21,23,22,-1,22,23,25,-1,22,25,52,-1,52,25,49,-1,52,49,53,-1,53,49,50,-1,53,50,54,-1,54,50,51,-1,55,20,56,-1,56,20,22,-1,56,22,57,-1,57,22,52,-1,57,52,58,-1,58,52,53,-1,58,53,59,-1,59,53,54,-1,59,60,58,-1,58,60,61,-1,58,61,57,-1,57,61,62,-1,57,62,56,-1,56,62,63,-1,56,63,55,-1,55,63,64,-1,32,40,60,-1,60,40,39,-1,60,39,65,-1,66,67,39,-1,39,67,68,-1,51,33,54,-1,54,33,32,-1,54,32,59,-1,59,32,60,-1,68,69,39,-1,39,69,70,-1,39,70,65,-1,71,72,73,-1,74,75,76,-1,77,78,79,-1,80,81,82,-1,70,69,83,-1,83,69,84,-1,83,84,85,-1,85,84,86,-1,85,86,87,-1,87,86,79,-1,60,65,61,-1,61,65,88,-1,61,88,62,-1,62,88,89,-1,62,89,63,-1,63,89,82,-1,63,82,64,-1,64,82,81,-1,90,80,87,-1,87,80,82,-1,87,82,85,-1,85,82,89,-1,85,89,83,-1,83,89,88,-1,83,88,70,-1,70,88,65,-1,79,78,87,-1,87,78,91,-1,87,91,90,-1,75,77,76,-1,76,77,79,-1,76,79,92,-1,92,79,86,-1,92,86,93,-1,93,86,84,-1,93,84,68,-1,68,84,69,-1,72,74,73,-1,73,74,76,-1,73,76,94,-1,94,76,92,-1,94,92,95,-1,95,92,93,-1,95,93,67,-1,67,93,68,-1,96,71,97,-1,97,71,73,-1,97,73,98,-1,98,73,94,-1,98,94,99,-1,99,94,95,-1,99,95,66,-1,66,95,67,-1,66,39,99,-1,99,39,41,-1,99,41,98,-1,98,41,43,-1,98,43,97,-1,97,43,45,-1,97,45,96,-1,96,45,46,-1,
        ]
    }
}
Shape{
    appearance Appearance {
        material  Material 	{
            diffuseColor 1.0 1.0 0.9450980392156862
            specularColor 1.0 1.0 0.9450980392156862
            ambientIntensity 0.9937
            transparency 0.0
            shininess 0.5
        }
    }
    geometry IndexedFaceSet {
        ccw TRUE
        solid FALSE
        coord DEF co Coordinate {
            point [
                -2.0667 -0.181 0.0394, -2.0261 -0.128 0.0394, -2.0281 -0.1224 0.0394, -2.0049 -0.0631 0.0394, -2.0005 -0.0662 0.0394, -1.997 -0.0 0.0394, -1.9918 0.0 0.0394, -2.0049 0.0631 0.0394, -2.0005 0.0662 0.0394, -2.0281 0.1224 0.0394, -2.0261 0.128 0.0394, -2.0653 0.174 0.0394, -2.0667 0.181 0.0394, -2.114 0.2149 0.0394, -2.1197 0.2216 0.0394, -2.1713 0.2426 0.0394, -2.1814 0.2472 0.0394, -2.2477 0.2559 0.0394, -2.0653 -0.174 0.0394, -2.114 -0.2149 0.0394, -2.1197 -0.2216 0.0394, -2.1418 -0.2305 0.0394, -2.1814 -0.2472 0.0394, -2.1713 -0.2426 0.0394, -2.2477 -0.2559 0.0394
            ]
        }
        coordIndex [
            0,1,2,-1,2,1,3,-1,3,1,4,-1,3,4,5,-1,5,4,6,-1,5,6,7,-1,7,6,8,-1,7,8,9,-1,9,8,10,-1,9,10,11,-1,11,10,12,-1,11,12,13,-1,13,12,14,-1,13,14,15,-1,15,14,16,-1,15,16,17,-1,2,18,0,-1,0,18,19,-1,0,19,20,-1,20,19,21,-1,20,21,22,-1,22,21,23,-1,22,23,24,-1,
        ]
    }
}
Shape{
    appearance Appearance {
        material  Material 	{
            diffuseColor 0.29411764705882354 0.29411764705882354 0.29411764705882354
            specularColor 0.29411764705882354 0.29411764705882354 0.29411764705882354
            ambientIntensity 0.2941
            transparency 0.0
            shininess 0.5
        }
    }
    geometry IndexedFaceSet {
        ccw TRUE
        solid FALSE
        coord DEF co Coordinate {
            point [
                -2.2477 -0.2559 0.0394, -2.2477 -0.2559 -0.4724, -2.1814 -0.2472 0.0394, -2.1366 -0.2306 -0.4724, -2.1197 -0.2216 0.0394, -2.1219 -0.2188 -0.4724, -2.0667 -0.181 0.0394, -2.0476 -0.1596 -0.4724, -2.0261 -0.128 0.0394, -2.0312 -0.1255 -0.4724, -2.0005 -0.0662 0.0394, -1.9982 -0.0569 -0.4724, -1.9918 0.0 0.0394, -1.9982 0.0 -0.4724, -2.0005 0.0662 0.0394, -1.9982 0.0569 -0.4724, -2.0261 0.128 0.0394, -2.0312 0.1255 -0.4724, -2.0667 0.181 0.0394, -2.0476 0.1596 -0.4724, -2.1197 0.2216 0.0394, -2.1219 0.2188 -0.4724, -2.1814 0.2472 0.0394, -2.1366 0.2306 -0.4724, -2.2477 0.2559 0.0394, -2.2477 0.2559 -0.4724, -2.2527 0.2559 0.0394, -2.3587 0.2306 -0.4724, -2.3756 0.2216 0.0394, -2.3734 0.2188 -0.4724, -2.4478 0.1596 -0.4724, -2.4693 0.128 0.0394, -2.4642 0.1255 -0.4724, -2.4972 0.0569 -0.4724, -2.5036 -0.0 0.0394, -2.4972 -0.0 -0.4724, -2.4972 -0.0569 -0.4724, -2.4693 -0.128 0.0394, -2.4642 -0.1255 -0.4724, -2.4478 -0.1596 -0.4724, -2.3756 -0.2216 0.0394, -2.3734 -0.2188 -0.4724, -2.3587 -0.2306 -0.4724, -2.2527 -0.2559 0.0394, 1.7432 1.2992 0.3543, 1.7432 1.2992 0.0394, 1.7432 0.3937 0.3543, 1.7432 0.3937 0.0394, -2.7844 1.2992 0.3543, -2.7844 1.2992 0.0394, -1.3445 1.2992 0.3543, -2.7844 0.252 0.3543, -2.7844 0.252 0.0394, -2.2972 0.252 0.3543, -2.2972 0.252 0.0394, -2.1713 -0.2426 0.0394, -2.1713 -0.2426 0.3543, -2.2972 -0.252 0.3543, -2.2972 -0.252 0.0394, -2.1418 -0.2305 0.0394, -2.114 -0.2149 0.0394, -2.0653 -0.174 0.3543, -2.0653 -0.174 0.0394, -2.0281 -0.1224 0.0394, -2.0049 -0.0631 0.3543, -2.0049 -0.0631 0.0394, -1.997 -0.0 0.0394, -2.0049 0.0631 0.3543, -2.0049 0.0631 0.0394, -2.0281 0.1224 0.0394, -2.0653 0.174 0.3543, -2.0653 0.174 0.0394, -2.114 0.2149 0.0394, -2.1713 0.2426 0.3543, -2.1713 0.2426 0.0394, -2.7844 -0.252 0.3543, -2.7844 -0.252 0.0394, -2.7844 -1.2992 0.3543, -2.7844 -1.2992 0.0394, -2.7844 -0.7281 0.3543, 1.7432 -1.2992 0.3543, 1.7432 -1.2992 0.0394, -1.3445 -1.2992 0.3543, 1.7432 -0.3937 0.0394, 1.7432 -0.7281 0.3543, 1.7432 -0.3937 0.3543, 1.7484 -0.3937 0.0394, -1.0469 -0.3937 0.3543, -1.0469 -0.3937 1.2205, 1.7484 -0.3937 1.2205, -1.0469 0.3937 0.3543, -1.0469 0.7087 0.4331, -1.0469 1.1024 0.4331, -1.0469 0.7087 1.2205, -1.0469 1.1024 3.189, -1.0469 0.3937 1.2205, -1.0469 -1.1024 3.189, -1.0469 -0.7087 1.2205, -1.0469 -1.1024 0.4331, -1.0469 -0.7087 0.4331, -1.3445 -0.7281 0.3543, -1.3227 -0.728 0.3543, -1.2349 -0.7281 0.3543, -1.2377 -0.728 0.3543, -1.7108 -0.7282 0.3543, -1.6787 -0.7244 0.3543, -1.6537 -0.7281 0.3543, -1.3718 -0.9364 0.3543, -1.5113 -0.9364 0.3543, -1.5113 -0.8641 0.3543, -1.5812 -0.8031 0.3543, -1.5952 -0.7692 0.3543, -1.5426 -0.7283 0.3543, -1.6166 -0.7446 0.3543, -1.3808 -0.8641 0.3543, -1.3808 -0.8365 0.3543, -1.5986 -0.929 0.3543, -1.5852 -0.8994 0.3543, -1.5426 -0.9644 0.3543, -1.6393 -0.9294 0.3543, -1.6568 -0.9386 0.3543, -1.6259 -0.9141 0.3543, -1.679 -0.9417 0.3543, -1.6158 -0.8921 0.3543, -1.6448 -0.7294 0.3543, -1.7147 -0.758 0.3543, -1.7136 -0.7575 0.3543, -1.6815 -0.7512 0.3543, -1.6567 -0.7549 0.3543, -1.6126 -0.8112 0.3543, -1.5113 -0.8365 0.3543, -1.5113 -0.7561 0.3543, -1.3663 -0.7561 0.3543, -1.3663 -0.7283 0.3543, -1.712 -0.9356 0.3543, -1.7368 -0.9171 0.3543, -1.7524 -0.8876 0.3543, -1.7377 -0.7766 0.3543, -1.7526 -0.8072 0.3543, -1.7576 -0.8484 0.3543, -1.6217 -0.7851 0.3543, -1.6366 -0.7663 0.3543, -1.9652 -0.7283 0.3543, -1.8176 -0.7283 0.3543, -1.7146 -0.7286 0.3543, -1.724 -0.9601 0.3543, -1.6784 -0.9683 0.3543, -1.6461 -0.9638 0.3543, -1.6192 -0.9506 0.3543, -1.3718 -0.9644 0.3543, -1.7346 -0.7361 0.3543, -1.7638 -0.7611 0.3543, -1.8176 -0.7561 0.3543, -1.7834 -0.8012 0.3543, -1.934 -0.7561 0.3543, -1.7899 -0.848 0.3543, -1.934 -0.9644 0.3543, -1.7823 -0.8972 0.3543, -1.7595 -0.9354 0.3543, -1.9652 -0.9644 0.3543, -1.1525 -0.9307 0.3543, -1.1421 -0.9143 0.3543, -1.0205 -0.9644 0.3543, -0.9868 -0.9644 0.3543, -0.9535 -0.7999 0.3543, -1.052 -0.7999 0.3543, -1.0781 -0.7283 0.3543, -1.2188 -0.9638 0.3543, -1.2028 -0.962 0.3543, -1.1302 -0.8188 0.3543, -1.1367 -0.7927 0.3543, -1.1111 -0.7283 0.3543, -1.1469 -0.7707 0.3543, -1.1902 -0.9584 0.3543, -1.1773 -0.9526 0.3543, -1.1646 -0.9437 0.3543, -1.1344 -0.895 0.3543, -1.1296 -0.8729 0.3543, -1.128 -0.848 0.3543, -1.3227 -0.7281 0.3543, -1.3227 -0.9644 0.3543, -1.2416 -0.9644 0.3543, -1.1602 -0.7537 0.3543, -1.1759 -0.7415 0.3543, -1.1933 -0.7336 0.3543, -1.2136 -0.7294 0.3543, -0.9258 -0.7283 0.3543, -0.8906 -0.7283 0.3543, 1.7484 0.3937 0.0394, 1.7484 0.3937 1.2205, 1.7484 -1.958 0.0787, 1.7484 -1.9291 0.0499, 1.7484 -1.8898 0.0394, 1.7484 -1.1024 0.4331, 1.7484 -1.1024 3.189, 1.7484 -1.2432 1.8811, 1.7484 -1.2432 1.5438, 1.7484 -1.8697 1.5438, 1.7484 -1.9685 0.1181, 1.7484 -1.8697 1.8811, 1.7484 -1.9685 3.8976, 1.7484 -0.7087 0.4331, 1.7484 -0.7087 1.2205, 1.7484 1.1024 3.189, 1.7484 1.8898 3.9764, 1.7484 -1.8898 3.9764, 1.7484 -1.9291 3.9658, 1.7484 0.7087 1.2205, 1.7484 0.7087 0.4331, 1.7484 1.1024 0.4331, 1.7484 1.8898 0.0394, 1.7484 -1.958 3.937, 1.7484 1.9291 0.0499, 1.7484 1.958 0.0787, 1.7484 1.9685 0.1181, 1.7484 1.2432 1.5438, 1.7484 1.2432 1.8811, 1.7484 1.8697 1.8811, 1.7484 1.9291 3.9658, 1.7484 1.958 3.937, 1.7484 1.9685 3.8976, 1.7484 1.8697 1.5438, 1.1578 1.9685 0.1181, 1.1578 1.958 0.0787, 1.1578 1.9291 0.0499, 1.1578 1.8898 0.0394, 1.1578 1.9685 3.8976, 1.1578 1.958 3.937, 1.1578 1.9291 3.9658, 1.1578 1.8898 3.9764, 1.1578 1.811 3.8477, 1.1578 1.7717 3.8583, 1.1578 -1.8898 3.9764, 1.1578 -1.958 3.937, 1.1578 -1.9291 3.9658, 1.1578 -1.7717 0.0394, 1.1578 -1.8898 0.0394, 1.1578 -1.811 0.0499, 1.1578 -1.8398 0.0787, 1.1578 1.8504 0.1181, 1.1578 -1.9685 3.8976, 1.1578 -1.811 3.8477, 1.1578 -1.7717 3.8583, 1.1578 1.8398 3.8189, 1.1578 1.8504 3.7795, 1.1578 -1.8398 3.8189, 1.1578 -1.8504 3.7795, 1.1578 -1.9685 0.1181, 1.1578 -1.8504 0.1181, 1.1578 -1.958 0.0787, 1.1578 1.7717 0.0394, 1.1578 1.811 0.0499, 1.1578 1.8398 0.0787, 1.1578 -1.9291 0.0499, -3.2516 1.7717 0.0394, -3.0469 1.7717 0.0394, -3.0469 1.6929 0.0394, -3.2516 -1.7717 0.0394, -2.5334 1.6929 0.0394, -0.6059 1.6929 0.0394, -0.6059 1.7717 0.0394, 0.3783 1.7717 0.0394, 1.15 -1.7717 0.0394, 0.3783 1.6929 0.0394, -1.5902 1.6929 0.0394, -1.5902 1.7717 0.0394, -2.5334 1.7717 0.0394, 1.15 1.6929 0.0394, 1.15 1.7717 0.0394, 0.3783 -1.7717 0.0394, -0.6059 -1.7717 0.0394, 0.3783 -1.6929 0.0394, -0.6059 -1.6929 0.0394, 1.15 -1.6929 0.0394, -1.5902 -1.6929 0.0394, -3.0469 -1.7717 0.0394, -3.0469 -1.6929 0.0394, -2.5334 -1.6929 0.0394, -2.5334 -1.7717 0.0394, -1.5902 -1.7717 0.0394, -2.5334 -1.6929 0.7874, -2.5334 -1.8504 0.7874, -2.5334 -1.8504 0.1181, -2.5334 -1.8398 0.0787, -2.5334 -1.811 0.0499
            ]
        }
        coordIndex [
            0,1,2,-1,2,1,3,-1,2,3,4,-1,4,3,5,-1,4,5,6,-1,6,5,7,-1,6,7,8,-1,8,7,9,-1,8,9,10,-1,10,9,11,-1,10,11,12,-1,12,11,13,-1,12,13,14,-1,14,13,15,-1,14,15,16,-1,16,15,17,-1,16,17,18,-1,18,17,19,-1,18,19,20,-1,20,19,21,-1,20,21,22,-1,22,21,23,-1,22,23,24,-1,24,23,25,-1,24,25,26,-1,26,25,27,-1,26,27,28,-1,27,29,28,-1,28,29,30,-1,28,30,31,-1,30,32,31,-1,31,32,33,-1,31,33,34,-1,33,35,34,-1,34,35,36,-1,34,36,37,-1,36,38,37,-1,37,38,39,-1,37,39,40,-1,39,41,40,-1,40,41,42,-1,40,42,43,-1,43,42,1,-1,43,1,0,-1,44,45,46,-1,46,45,47,-1,48,49,50,-1,50,49,45,-1,50,45,44,-1,51,52,48,-1,48,52,49,-1,53,54,51,-1,51,54,52,-1,26,54,53,-1,55,56,0,-1,0,56,57,-1,0,57,43,-1,43,57,58,-1,55,59,56,-1,56,59,60,-1,56,60,61,-1,60,62,61,-1,61,62,63,-1,61,63,64,-1,63,65,64,-1,64,65,66,-1,64,66,67,-1,66,68,67,-1,67,68,69,-1,67,69,70,-1,69,71,70,-1,70,71,72,-1,70,72,73,-1,73,72,74,-1,73,74,53,-1,53,74,24,-1,53,24,26,-1,75,76,57,-1,57,76,58,-1,77,78,79,-1,79,78,76,-1,79,76,75,-1,80,81,82,-1,82,81,78,-1,82,78,77,-1,81,80,83,-1,83,80,84,-1,83,84,85,-1,86,83,85,-1,87,88,85,-1,85,88,89,-1,85,89,86,-1,88,87,90,-1,91,92,93,-1,93,92,94,-1,93,94,95,-1,95,94,96,-1,90,95,88,-1,88,95,96,-1,88,96,97,-1,97,96,98,-1,97,98,99,-1,90,87,100,-1,100,87,101,-1,44,46,50,-1,50,46,90,-1,85,84,102,-1,85,102,87,-1,87,102,103,-1,87,103,101,-1,67,70,50,-1,50,70,73,-1,50,73,48,-1,48,73,53,-1,48,53,51,-1,79,75,57,-1,104,56,105,-1,105,56,61,-1,105,61,106,-1,90,100,50,-1,50,100,64,-1,50,64,67,-1,107,108,109,-1,110,111,112,-1,112,111,113,-1,114,115,100,-1,116,117,118,-1,119,120,121,-1,121,120,122,-1,121,122,123,-1,113,124,112,-1,112,124,106,-1,112,106,100,-1,100,106,61,-1,100,61,64,-1,125,126,122,-1,122,126,127,-1,122,127,128,-1,112,118,110,-1,110,118,117,-1,110,117,129,-1,130,131,115,-1,115,131,132,-1,115,132,100,-1,100,132,133,-1,100,133,112,-1,134,135,122,-1,122,135,136,-1,137,125,138,-1,138,125,122,-1,138,122,139,-1,139,122,136,-1,117,123,129,-1,129,123,122,-1,129,122,140,-1,140,122,128,-1,140,128,141,-1,142,104,143,-1,143,104,144,-1,145,146,82,-1,82,146,147,-1,82,147,148,-1,109,114,107,-1,107,114,100,-1,107,100,149,-1,149,100,82,-1,149,82,118,-1,118,82,148,-1,118,148,116,-1,144,150,143,-1,143,150,151,-1,143,151,152,-1,152,151,153,-1,152,153,154,-1,154,153,155,-1,154,155,156,-1,156,155,157,-1,156,157,158,-1,158,145,156,-1,156,145,82,-1,156,82,159,-1,159,82,77,-1,159,77,142,-1,142,77,79,-1,142,79,104,-1,104,79,57,-1,104,57,56,-1,160,161,162,-1,82,162,163,-1,164,165,166,-1,167,168,82,-1,169,170,171,-1,171,170,172,-1,168,173,82,-1,82,173,174,-1,82,174,162,-1,162,174,175,-1,162,175,160,-1,161,176,162,-1,162,176,177,-1,162,177,171,-1,171,177,178,-1,171,178,169,-1,101,179,100,-1,100,179,180,-1,100,180,82,-1,82,180,181,-1,82,181,167,-1,172,182,171,-1,171,182,183,-1,171,183,184,-1,184,185,171,-1,171,185,102,-1,171,102,166,-1,164,166,186,-1,186,166,102,-1,186,102,187,-1,187,102,84,-1,187,84,163,-1,163,84,80,-1,163,80,82,-1,47,188,46,-1,46,188,189,-1,46,189,90,-1,90,189,95,-1,190,191,192,-1,193,194,195,-1,195,196,193,-1,193,196,197,-1,193,197,198,-1,198,197,199,-1,198,199,200,-1,198,190,193,-1,193,190,192,-1,193,192,201,-1,201,192,86,-1,201,86,202,-1,202,86,89,-1,203,204,194,-1,194,204,205,-1,194,205,206,-1,207,189,208,-1,208,189,188,-1,208,188,209,-1,209,188,210,-1,199,195,200,-1,200,195,194,-1,200,194,211,-1,211,194,206,-1,210,212,209,-1,209,212,213,-1,209,213,214,-1,214,215,209,-1,209,215,216,-1,209,216,203,-1,203,216,217,-1,218,204,219,-1,219,204,203,-1,219,203,220,-1,220,203,217,-1,220,217,214,-1,214,217,221,-1,214,221,215,-1,222,214,213,-1,222,213,223,-1,223,213,212,-1,223,212,224,-1,224,212,210,-1,224,210,225,-1,222,226,214,-1,214,226,220,-1,220,226,227,-1,220,227,219,-1,219,227,228,-1,219,228,218,-1,218,228,229,-1,218,229,204,-1,229,230,231,-1,229,231,232,-1,233,234,232,-1,235,236,237,-1,237,236,238,-1,226,222,239,-1,240,233,241,-1,241,233,232,-1,241,232,242,-1,242,232,231,-1,229,228,230,-1,230,228,227,-1,230,227,243,-1,243,227,226,-1,243,226,244,-1,244,226,239,-1,241,245,240,-1,240,245,246,-1,240,246,247,-1,247,246,248,-1,247,248,249,-1,250,251,225,-1,225,251,252,-1,225,252,224,-1,224,252,239,-1,224,239,223,-1,223,239,222,-1,238,236,248,-1,248,236,253,-1,248,253,249,-1,198,247,249,-1,198,249,190,-1,190,249,253,-1,190,253,191,-1,191,253,236,-1,191,236,192,-1,254,255,256,-1,76,78,257,-1,52,256,49,-1,49,256,258,-1,49,258,45,-1,52,31,34,-1,43,58,40,-1,40,58,76,-1,40,76,37,-1,83,86,81,-1,81,86,192,-1,259,260,261,-1,31,52,28,-1,28,52,54,-1,28,54,26,-1,254,256,257,-1,257,256,52,-1,257,52,76,-1,76,52,34,-1,76,34,37,-1,192,236,81,-1,81,236,235,-1,81,235,262,-1,261,263,259,-1,259,263,45,-1,259,45,264,-1,264,45,258,-1,264,258,265,-1,265,258,266,-1,263,267,45,-1,45,267,268,-1,45,268,250,-1,269,270,271,-1,271,270,272,-1,188,47,45,-1,250,225,45,-1,45,225,210,-1,45,210,188,-1,262,273,81,-1,81,273,271,-1,81,271,78,-1,78,271,272,-1,78,272,274,-1,275,257,276,-1,276,257,78,-1,276,78,277,-1,277,78,274,-1,277,274,278,-1,278,274,279,-1,280,277,278,-1,281,280,282,-1,282,280,278,-1,282,278,283,-1,283,278,284,-1,
        ]
    }
}
Shape{
    appearance Appearance {
        material  Material 	{
            diffuseColor 1.0 1.0 0.9450980392156862
            specularColor 1.0 1.0 0.9450980392156862
            ambientIntensity 0.9937
            transparency 0.0
            shininess 0.5
        }
    }
    geometry IndexedFaceSet {
        ccw TRUE
        solid FALSE
        coord DEF co Coordinate {
            point [
                -0.8697 0.0849 -0.7087, -0.8697 -0.0849 -0.7087, -0.9485 0.0849 -0.7087, -0.9485 -0.0849 -0.7087, -0.9485 0.1764 -0.6466, -0.8697 0.1764 -0.6466, -0.8697 0.1652 -0.6672, -0.9485 0.1652 -0.6672, -0.8697 0.1495 -0.6845, -0.9485 0.1495 -0.6845, -0.8697 0.1301 -0.6977, -0.9485 0.1301 -0.6977, -0.8697 0.1082 -0.7059, -0.9485 0.1082 -0.7059, -0.8697 0.2883 -0.3654, -0.9485 0.2883 -0.3654, -0.8697 0.2953 2.9921, -0.8697 0.2953 -0.329, -0.9485 0.2953 2.9921, -0.9485 0.2953 -0.329, -0.8697 -0.2953 2.9921, -0.9485 -0.2953 2.9921, -0.9485 -0.2953 -0.329, -0.8697 -0.2953 -0.329, -0.8697 0.2935 -0.3475, -0.8697 -0.1652 -0.6672, -0.8697 -0.1495 -0.6845, -0.8697 -0.1301 -0.6977, -0.8697 -0.2935 -0.3475, -0.8697 -0.2883 -0.3654, -0.8697 -0.1764 -0.6466, -0.8697 -0.1082 -0.7059, -0.9485 -0.2883 -0.3654, -0.9485 -0.2935 -0.3475, -0.9485 -0.1764 -0.6466, -0.9485 -0.1652 -0.6672, -0.9485 -0.1495 -0.6845, -0.9485 -0.1301 -0.6977, -0.9485 -0.1082 -0.7059, -0.9485 0.2935 -0.3475, -0.8107 -0.094 1.0254, -0.8107 -0.1693 1.0855, -0.8107 0.094 1.4156, -0.8107 -0.2111 1.1723, -0.8107 -0.2111 1.2687, -0.8107 -0.1693 1.3555, -0.8107 -0.094 1.4156, -0.8107 -0.0 1.437, -0.8107 0.0 1.0039, -0.8107 0.094 1.0254, -0.8107 0.1693 1.0855, -0.8107 0.1693 1.3555, -0.8107 0.2111 1.1723, -0.8107 0.2111 1.2687, 0.9019 -0.0 1.437, 0.9019 -0.0669 1.4264, 0.9019 -0.0928 1.4132, 0.9019 -0.1273 1.3957, 0.9019 -0.1684 1.3546, 0.9019 -0.1752 1.3478, 0.9019 -0.2059 1.2874, 0.9019 -0.2165 1.2205, 0.9019 -0.209 1.2683, 0.9019 -0.1684 1.0864, 0.9019 -0.1752 1.0932, 0.9019 -0.2059 1.1536, 0.9019 -0.209 1.1726, 0.9019 -0.1273 1.0453, 0.9019 -0.0928 1.0277, 0.9019 -0.0669 1.0145, 0.9019 0.0 1.0039, 0.9019 0.0669 1.0145, 0.9019 0.0928 1.0277, 0.9019 0.1273 1.0453, 0.9019 0.1684 1.0864, 0.9019 0.1752 1.0932, 0.9019 0.2059 1.1536, 0.9019 0.2165 1.2205, 0.9019 0.209 1.1726, 0.9019 0.1684 1.3546, 0.9019 0.1752 1.3478, 0.9019 0.2059 1.2874, 0.9019 0.209 1.2683, 0.9019 0.1273 1.3957, 0.9019 0.0928 1.4132, 0.9019 0.0669 1.4264, 1.1029 0.0928 0.8268, 1.0897 0.0669 0.8268, 1.0861 0.0669 0.8634, 1.49 0.0669 0.9438, 1.5004 0.0 0.9458, 1.5122 0.0 0.8268, 1.021 0.0 1.4253, 1.0189 0.0669 1.4149, 1.0129 0.1273 1.3847, 1.5016 0.0669 0.8268, 1.4884 0.0928 0.8268, 1.4599 0.1273 0.9378, 1.0036 0.1752 1.3377, 1.4708 0.1273 0.8268, 1.4297 0.1684 0.8268, 1.4129 0.1752 0.9284, 1.4229 0.1752 0.8268, 1.3537 0.2059 0.9166, 0.9918 0.2059 1.2785, 0.9787 0.2165 1.2129, 1.3625 0.2059 0.8268, 1.3435 0.209 0.8268, 1.2881 0.2165 0.9036, 0.9657 0.2059 1.1473, 0.9539 0.1752 1.0881, 1.1355 0.0 1.3906, 1.1314 0.0669 1.3808, 1.1196 0.1273 1.3524, 1.1013 0.1752 1.3081, 1.0782 0.2059 1.2523, 1.0526 0.2165 1.1905, 1.027 0.2059 1.1287, 1.0039 0.1752 1.0729, 1.241 0.0 1.3342, 1.2351 0.0669 1.3254, 1.218 0.1273 1.2998, 1.1914 0.1752 1.2599, 1.1578 0.2059 1.2098, 1.1207 0.2165 1.1541, 1.0835 0.2059 1.0985, 1.0499 0.1752 1.0483, 1.3334 0.0 1.2583, 1.3259 0.0669 1.2508, 1.3042 0.1273 1.229, 1.2703 0.1752 1.1952, 1.2276 0.2059 1.1525, 1.1803 0.2165 1.1052, 1.133 0.2059 1.0578, 1.0903 0.1752 1.0152, 1.4093 0.0 1.1658, 1.4005 0.0669 1.1599, 1.3749 0.1273 1.1428, 1.3351 0.1752 1.1162, 1.2849 0.2059 1.0827, 1.2293 0.2165 1.0455, 1.1736 0.2059 1.0083, 1.1235 0.1752 0.9748, 1.4657 0.0 1.0603, 1.4559 0.0669 1.0562, 1.4275 0.1273 1.0445, 1.3832 0.1752 1.0261, 1.3275 0.2059 1.003, 1.2657 0.2165 0.9774, 1.2038 0.2059 0.9518, 1.1481 0.1752 0.9287, 1.2224 0.2059 0.8905, 1.1632 0.1752 0.8787, 0.9446 0.1273 1.0411, 1.2956 0.2165 0.8268, 1.2478 0.209 0.8268, 1.2287 0.2059 0.8268, 1.1684 0.1752 0.8268, 1.1615 0.1684 0.8268, 0.9856 0.1273 1.0287, 1.0233 0.1273 1.0085, 1.0564 0.1273 0.9813, 1.0836 0.1273 0.9482, 1.1038 0.1273 0.9104, 1.1162 0.1273 0.8694, 1.1204 0.1273 0.8268, 0.9386 0.0669 1.0109, 0.9738 0.0669 1.0002, 1.0062 0.0669 0.9829, 1.0347 0.0669 0.9595, 1.058 0.0669 0.9311, 1.0754 0.0669 0.8986, 0.9365 0.0 1.0005, 0.9697 0.0 0.9905, 1.0004 0.0 0.9741, 1.0272 0.0 0.952, 1.0492 0.0 0.9252, 1.0656 0.0 0.8946, 1.0757 0.0 0.8613, 1.0791 0.0 0.8268, 1.0861 -0.0669 0.8634, 0.9386 -0.0669 1.0109, 1.0897 -0.0669 0.8268, 1.1029 -0.0928 0.8268, 1.1162 -0.1273 0.8694, 0.9539 -0.1752 1.0881, 0.9446 -0.1273 1.0411, 1.1204 -0.1273 0.8268, 1.1615 -0.1684 0.8268, 1.1632 -0.1752 0.8787, 1.1684 -0.1752 0.8268, 1.2224 -0.2059 0.8905, 0.9787 -0.2165 1.2129, 0.9657 -0.2059 1.1473, 1.2287 -0.2059 0.8268, 1.2478 -0.209 0.8268, 1.2881 -0.2165 0.9036, 0.9918 -0.2059 1.2785, 1.2956 -0.2165 0.8268, 1.3435 -0.209 0.8268, 1.3537 -0.2059 0.9166, 1.3625 -0.2059 0.8268, 1.4129 -0.1752 0.9284, 1.0129 -0.1273 1.3847, 1.0036 -0.1752 1.3377, 0.9738 -0.0669 1.0002, 0.9856 -0.1273 1.0287, 1.0039 -0.1752 1.0729, 1.027 -0.2059 1.1287, 1.0526 -0.2165 1.1905, 1.0782 -0.2059 1.2523, 1.1013 -0.1752 1.3081, 1.1196 -0.1273 1.3524, 1.0062 -0.0669 0.9829, 1.0233 -0.1273 1.0085, 1.0499 -0.1752 1.0483, 1.0835 -0.2059 1.0985, 1.1207 -0.2165 1.1541, 1.1578 -0.2059 1.2098, 1.1914 -0.1752 1.2599, 1.218 -0.1273 1.2998, 1.0347 -0.0669 0.9595, 1.0564 -0.1273 0.9813, 1.0903 -0.1752 1.0152, 1.133 -0.2059 1.0578, 1.1803 -0.2165 1.1052, 1.2276 -0.2059 1.1525, 1.2703 -0.1752 1.1952, 1.3042 -0.1273 1.229, 1.058 -0.0669 0.9311, 1.0836 -0.1273 0.9482, 1.1235 -0.1752 0.9748, 1.1736 -0.2059 1.0083, 1.2293 -0.2165 1.0455, 1.2849 -0.2059 1.0827, 1.3351 -0.1752 1.1162, 1.3749 -0.1273 1.1428, 1.0754 -0.0669 0.8986, 1.1038 -0.1273 0.9104, 1.1481 -0.1752 0.9287, 1.2038 -0.2059 0.9518, 1.2657 -0.2165 0.9774, 1.3275 -0.2059 1.003, 1.3832 -0.1752 1.0261, 1.4275 -0.1273 1.0445, 1.4599 -0.1273 0.9378, 1.0189 -0.0669 1.4149, 1.4229 -0.1752 0.8268, 1.4297 -0.1684 0.8268, 1.4708 -0.1273 0.8268, 1.4884 -0.0928 0.8268, 1.1314 -0.0669 1.3808, 1.2351 -0.0669 1.3254, 1.3259 -0.0669 1.2508, 1.4005 -0.0669 1.1599, 1.4559 -0.0669 1.0562, 1.49 -0.0669 0.9438, 1.5016 -0.0669 0.8268, 1.5122 -0.0 -0.6299, 1.4907 -0.094 -0.6299, 1.4306 -0.1693 -0.6299, 1.3438 -0.2111 -0.6299, 1.2474 -0.2111 -0.6299, 1.1606 -0.1693 -0.6299, 1.1005 -0.094 -0.6299, 1.0791 0.0 -0.6299, 1.1005 0.094 -0.6299, 1.1606 0.1693 -0.6299, 1.2474 0.2111 -0.6299, 1.3438 0.2111 -0.6299, 1.4306 0.1693 -0.6299, 1.4907 0.094 -0.6299, 1.1578 0.0 -0.7087, 1.1715 0.0598 -0.7087, 1.2097 0.1077 -0.7087, 1.265 0.1343 -0.7087, 1.3263 0.1343 -0.7087, 1.3815 0.1077 -0.7087, 1.4198 0.0598 -0.7087, 1.4334 -0.0 -0.7087, 1.4198 -0.0598 -0.7087, 1.3815 -0.1077 -0.7087, 1.2097 -0.1077 -0.7087, 1.1715 -0.0598 -0.7087, 1.265 -0.1343 -0.7087, 1.3263 -0.1343 -0.7087
            ]
        }
        coordIndex [
            0,1,2,-1,2,1,3,-1,4,5,6,-1,4,6,7,-1,7,6,8,-1,7,8,9,-1,9,8,10,-1,9,10,11,-1,11,10,12,-1,11,12,13,-1,13,12,0,-1,13,0,2,-1,14,5,15,-1,15,5,4,-1,16,17,18,-1,18,17,19,-1,20,16,21,-1,21,16,18,-1,21,22,20,-1,20,22,23,-1,16,20,17,-1,17,20,23,-1,17,23,24,-1,24,23,14,-1,25,26,27,-1,1,0,5,-1,5,0,12,-1,23,28,14,-1,14,28,29,-1,14,29,5,-1,5,29,30,-1,5,30,1,-1,1,30,25,-1,1,25,31,-1,31,25,27,-1,12,10,5,-1,5,10,8,-1,5,8,6,-1,32,29,28,-1,32,28,33,-1,33,28,23,-1,33,23,22,-1,32,34,29,-1,29,34,30,-1,30,34,35,-1,30,35,25,-1,25,35,36,-1,25,36,26,-1,26,36,37,-1,26,37,27,-1,27,37,38,-1,27,38,31,-1,31,38,3,-1,31,3,1,-1,32,19,39,-1,39,15,32,-1,32,15,4,-1,32,4,34,-1,21,18,22,-1,22,18,19,-1,22,19,33,-1,33,19,32,-1,4,7,2,-1,2,7,9,-1,2,9,13,-1,13,9,11,-1,4,2,34,-1,34,2,3,-1,34,3,38,-1,38,37,34,-1,34,37,36,-1,34,36,35,-1,14,15,39,-1,14,39,24,-1,24,39,19,-1,24,19,17,-1,40,41,42,-1,42,41,43,-1,42,43,44,-1,44,45,42,-1,42,45,46,-1,42,46,47,-1,48,40,49,-1,49,40,42,-1,49,42,50,-1,50,42,51,-1,50,51,52,-1,52,51,53,-1,54,47,55,-1,55,47,46,-1,55,46,56,-1,56,46,57,-1,57,46,45,-1,57,45,58,-1,58,45,59,-1,59,45,44,-1,59,44,60,-1,43,61,44,-1,44,61,62,-1,44,62,60,-1,63,64,41,-1,41,64,65,-1,41,65,43,-1,43,65,66,-1,43,66,61,-1,63,41,67,-1,67,41,40,-1,67,40,68,-1,68,40,69,-1,69,40,48,-1,69,48,70,-1,70,48,71,-1,71,48,49,-1,71,49,72,-1,72,49,73,-1,73,49,50,-1,73,50,74,-1,74,50,75,-1,75,50,52,-1,75,52,76,-1,53,77,52,-1,52,77,78,-1,52,78,76,-1,79,80,51,-1,51,80,81,-1,51,81,53,-1,53,81,82,-1,53,82,77,-1,79,51,83,-1,83,51,42,-1,83,42,84,-1,84,42,85,-1,85,42,47,-1,85,47,54,-1,86,87,88,-1,89,90,91,-1,54,92,85,-1,85,92,93,-1,85,93,84,-1,84,93,94,-1,84,94,83,-1,91,95,89,-1,89,95,96,-1,89,96,97,-1,83,94,79,-1,79,94,98,-1,79,98,80,-1,96,99,97,-1,97,99,100,-1,97,100,101,-1,101,100,102,-1,101,102,103,-1,80,98,81,-1,81,98,104,-1,81,104,82,-1,82,104,105,-1,82,105,77,-1,102,106,103,-1,103,106,107,-1,103,107,108,-1,77,105,78,-1,78,105,109,-1,78,109,76,-1,76,109,75,-1,75,109,110,-1,75,110,74,-1,92,111,93,-1,93,111,112,-1,93,112,94,-1,94,112,113,-1,94,113,98,-1,98,113,114,-1,98,114,104,-1,104,114,115,-1,104,115,105,-1,105,115,116,-1,105,116,109,-1,109,116,117,-1,109,117,110,-1,110,117,118,-1,111,119,112,-1,112,119,120,-1,112,120,113,-1,113,120,121,-1,113,121,114,-1,114,121,122,-1,114,122,115,-1,115,122,123,-1,115,123,116,-1,116,123,124,-1,116,124,117,-1,117,124,125,-1,117,125,118,-1,118,125,126,-1,119,127,120,-1,120,127,128,-1,120,128,121,-1,121,128,129,-1,121,129,122,-1,122,129,130,-1,122,130,123,-1,123,130,131,-1,123,131,124,-1,124,131,132,-1,124,132,125,-1,125,132,133,-1,125,133,126,-1,126,133,134,-1,127,135,128,-1,128,135,136,-1,128,136,129,-1,129,136,137,-1,129,137,130,-1,130,137,138,-1,130,138,131,-1,131,138,139,-1,131,139,132,-1,132,139,140,-1,132,140,133,-1,133,140,141,-1,133,141,134,-1,134,141,142,-1,135,143,136,-1,136,143,144,-1,136,144,137,-1,137,144,145,-1,137,145,138,-1,138,145,146,-1,138,146,139,-1,139,146,147,-1,139,147,140,-1,140,147,148,-1,140,148,141,-1,141,148,149,-1,141,149,142,-1,142,149,150,-1,143,90,144,-1,144,90,89,-1,144,89,145,-1,145,89,97,-1,145,97,146,-1,146,97,101,-1,146,101,147,-1,147,101,103,-1,147,103,148,-1,148,103,108,-1,148,108,149,-1,149,108,151,-1,149,151,150,-1,150,151,152,-1,72,73,153,-1,153,73,74,-1,107,154,108,-1,108,154,155,-1,108,155,151,-1,151,155,156,-1,151,156,152,-1,152,156,157,-1,152,157,158,-1,74,110,153,-1,153,110,118,-1,153,118,159,-1,159,118,126,-1,159,126,160,-1,160,126,134,-1,160,134,161,-1,161,134,142,-1,161,142,162,-1,162,142,150,-1,162,150,163,-1,163,150,152,-1,163,152,164,-1,164,152,158,-1,164,158,165,-1,70,71,166,-1,166,71,72,-1,72,153,166,-1,166,153,159,-1,166,159,167,-1,167,159,160,-1,167,160,168,-1,168,160,161,-1,168,161,169,-1,169,161,162,-1,169,162,170,-1,170,162,163,-1,170,163,171,-1,171,163,164,-1,171,164,88,-1,88,164,165,-1,88,165,86,-1,70,166,172,-1,172,166,167,-1,172,167,173,-1,173,167,168,-1,173,168,174,-1,174,168,169,-1,174,169,175,-1,175,169,170,-1,175,170,176,-1,176,170,171,-1,176,171,177,-1,177,171,88,-1,177,88,178,-1,178,88,87,-1,178,87,179,-1,180,178,179,-1,70,172,69,-1,69,172,181,-1,179,182,180,-1,180,182,183,-1,180,183,184,-1,185,63,186,-1,186,63,67,-1,186,67,181,-1,181,67,68,-1,181,68,69,-1,183,187,184,-1,184,187,188,-1,184,188,189,-1,189,188,190,-1,189,190,191,-1,192,66,193,-1,193,66,65,-1,193,65,185,-1,185,65,64,-1,185,64,63,-1,190,194,191,-1,191,194,195,-1,191,195,196,-1,197,62,192,-1,192,62,61,-1,192,61,66,-1,195,198,196,-1,196,198,199,-1,196,199,200,-1,200,199,201,-1,200,201,202,-1,56,57,203,-1,203,57,58,-1,203,58,204,-1,204,58,59,-1,204,59,197,-1,197,59,60,-1,197,60,62,-1,172,173,181,-1,181,173,205,-1,181,205,186,-1,186,205,206,-1,186,206,185,-1,185,206,207,-1,185,207,193,-1,193,207,208,-1,193,208,192,-1,192,208,209,-1,192,209,197,-1,197,209,210,-1,197,210,204,-1,204,210,211,-1,204,211,203,-1,203,211,212,-1,173,174,205,-1,205,174,213,-1,205,213,206,-1,206,213,214,-1,206,214,207,-1,207,214,215,-1,207,215,208,-1,208,215,216,-1,208,216,209,-1,209,216,217,-1,209,217,210,-1,210,217,218,-1,210,218,211,-1,211,218,219,-1,211,219,212,-1,212,219,220,-1,174,175,213,-1,213,175,221,-1,213,221,214,-1,214,221,222,-1,214,222,215,-1,215,222,223,-1,215,223,216,-1,216,223,224,-1,216,224,217,-1,217,224,225,-1,217,225,218,-1,218,225,226,-1,218,226,219,-1,219,226,227,-1,219,227,220,-1,220,227,228,-1,175,176,221,-1,221,176,229,-1,221,229,222,-1,222,229,230,-1,222,230,223,-1,223,230,231,-1,223,231,224,-1,224,231,232,-1,224,232,225,-1,225,232,233,-1,225,233,226,-1,226,233,234,-1,226,234,227,-1,227,234,235,-1,227,235,228,-1,228,235,236,-1,176,177,229,-1,229,177,237,-1,229,237,230,-1,230,237,238,-1,230,238,231,-1,231,238,239,-1,231,239,232,-1,232,239,240,-1,232,240,233,-1,233,240,241,-1,233,241,234,-1,234,241,242,-1,234,242,235,-1,235,242,243,-1,235,243,236,-1,236,243,244,-1,177,178,237,-1,237,178,180,-1,237,180,238,-1,238,180,184,-1,238,184,239,-1,239,184,189,-1,239,189,240,-1,240,189,191,-1,240,191,241,-1,241,191,196,-1,241,196,242,-1,242,196,200,-1,242,200,243,-1,243,200,202,-1,243,202,244,-1,244,202,245,-1,54,55,246,-1,246,55,56,-1,201,247,202,-1,202,247,248,-1,202,248,245,-1,245,248,249,-1,245,249,250,-1,56,203,246,-1,246,203,212,-1,246,212,251,-1,251,212,220,-1,251,220,252,-1,252,220,228,-1,252,228,253,-1,253,228,236,-1,253,236,254,-1,254,236,244,-1,254,244,255,-1,255,244,245,-1,255,245,256,-1,256,245,250,-1,256,250,257,-1,54,246,92,-1,92,246,251,-1,92,251,111,-1,111,251,252,-1,111,252,119,-1,119,252,253,-1,119,253,127,-1,127,253,254,-1,127,254,135,-1,135,254,255,-1,135,255,143,-1,143,255,256,-1,143,256,90,-1,90,256,257,-1,90,257,91,-1,91,257,258,-1,258,257,259,-1,248,260,249,-1,249,260,259,-1,249,259,250,-1,250,259,257,-1,248,247,260,-1,260,247,201,-1,260,201,261,-1,195,262,198,-1,198,262,261,-1,198,261,199,-1,199,261,201,-1,195,194,262,-1,262,194,190,-1,262,190,263,-1,190,188,263,-1,263,188,187,-1,263,187,264,-1,179,265,182,-1,182,265,264,-1,182,264,183,-1,183,264,187,-1,179,87,265,-1,265,87,266,-1,158,267,165,-1,165,267,266,-1,165,266,86,-1,86,266,87,-1,158,157,267,-1,267,157,156,-1,267,156,268,-1,107,269,154,-1,154,269,268,-1,154,268,155,-1,155,268,156,-1,107,106,269,-1,269,106,102,-1,269,102,270,-1,102,100,270,-1,270,100,99,-1,270,99,271,-1,91,258,95,-1,95,258,271,-1,95,271,96,-1,96,271,99,-1,272,265,266,-1,272,266,273,-1,273,266,267,-1,273,267,274,-1,274,267,268,-1,274,268,275,-1,275,268,269,-1,275,269,276,-1,276,269,270,-1,276,270,277,-1,277,270,271,-1,277,271,278,-1,278,271,258,-1,278,258,279,-1,277,278,279,-1,273,279,272,-1,272,279,280,-1,272,280,281,-1,276,277,275,-1,275,277,279,-1,275,279,274,-1,274,279,273,-1,282,283,284,-1,284,283,272,-1,284,272,285,-1,285,272,281,-1,279,258,259,-1,279,259,280,-1,280,259,260,-1,280,260,281,-1,281,260,261,-1,281,261,285,-1,285,261,262,-1,285,262,284,-1,284,262,263,-1,284,263,282,-1,282,263,264,-1,282,264,283,-1,283,264,265,-1,283,265,272,-1,
        ]
    }
}