#VRML V2.0 utf8
# 3D model generated by easyeda2kicad.py (https://github.com/uPesy/easyeda2kicad.py)

Shape{
    appearance Appearance {
        material  Material 	{
            diffuseColor 1.0 1.0 0.0
            specularColor 0.5019607843137255 0.5019607843137255 0.0
            ambientIntensity 0.886
            transparency 0.0
            shininess 0.5
        }
    }
    geometry IndexedFaceSet {
        ccw TRUE
        solid FALSE
        coord DEF co Coordinate {
            point [
                -0.2957 0.1002 0.0791, -0.1972 0.1002 0.0791, -0.1776 0.1199 0.0791, -0.1934 0.1006 0.0791, -0.2957 0.2183 0.0791, -0.1776 0.1986 0.0791, -0.1972 0.2183 0.0791, -0.1779 0.2025 0.0791, -0.1934 0.2179 0.0791, -0.1897 0.1017 0.0791, -0.1863 0.1035 0.0791, -0.1833 0.106 0.0791, -0.1809 0.1089 0.0791, -0.1791 0.1123 0.0791, -0.1779 0.116 0.0791, -0.1791 0.2062 0.0791, -0.1809 0.2096 0.0791, -0.1897 0.2168 0.0791, -0.1833 0.2125 0.0791, -0.1863 0.215 0.0791, -0.2957 0.1002 0.0, -0.2957 0.2183 0.0, -0.1972 0.1002 0.0, -0.1972 0.2183 0.0, -0.1779 0.2025 0.0, -0.1776 0.1986 0.0, -0.1934 0.2179 0.0, -0.1809 0.1089 0.0, -0.1833 0.106 0.0, -0.1791 0.1123 0.0, -0.1779 0.116 0.0, -0.1776 0.1199 0.0, -0.1863 0.1035 0.0, -0.1897 0.1017 0.0, -0.1934 0.1006 0.0, -0.1863 0.215 0.0, -0.1833 0.2125 0.0, -0.1897 0.2168 0.0, -0.1809 0.2096 0.0, -0.1791 0.2062 0.0, 0.2957 -0.2148 0.0791, 0.2957 -0.0967 0.0791, 0.1776 -0.1951 0.0791, 0.1972 -0.0967 0.0791, 0.1791 -0.1088 0.0791, 0.1779 -0.1125 0.0791, 0.1776 -0.1163 0.0791, 0.1779 -0.1989 0.0791, 0.1934 -0.2144 0.0791, 0.1972 -0.2148 0.0791, 0.1791 -0.2026 0.0791, 0.1809 -0.206 0.0791, 0.1897 -0.2133 0.0791, 0.1833 -0.209 0.0791, 0.1863 -0.2114 0.0791, 0.1863 -0.1 0.0791, 0.1833 -0.1024 0.0791, 0.1897 -0.0982 0.0791, 0.1934 -0.097 0.0791, 0.1809 -0.1054 0.0791, 0.1776 -0.1951 0.0, 0.1776 -0.1163 0.0, 0.1972 -0.0967 0.0, 0.1779 -0.1125 0.0, 0.1791 -0.2026 0.0, 0.1934 -0.2144 0.0, 0.1809 -0.206 0.0, 0.1897 -0.2133 0.0, 0.1833 -0.209 0.0, 0.1863 -0.2114 0.0, 0.2957 -0.0967 0.0, 0.2957 -0.2148 0.0, 0.1972 -0.2148 0.0, 0.1779 -0.1989 0.0, 0.1791 -0.1088 0.0, 0.1809 -0.1054 0.0, 0.1833 -0.1024 0.0, 0.1863 -0.1 0.0, 0.1897 -0.0982 0.0, 0.1934 -0.097 0.0, -0.0787 0.1986 0.0791, -0.0787 0.1297 0.0791, -0.0711 0.1287 0.0791, 0.0787 0.1986 0.0791, -0.0532 0.0854 0.0791, -0.0579 0.0793 0.0791, 0.0787 -0.1951 0.0791, -0.064 0.1258 0.0791, -0.0579 0.1211 0.0791, -0.0532 0.115 0.0791, -0.0787 0.0707 0.0791, -0.0787 -0.1951 0.0791, -0.0711 0.0717 0.0791, -0.064 0.0746 0.0791, -0.0502 0.1078 0.0791, -0.0492 0.1002 0.0791, -0.0502 0.0926 0.0791, 0.0787 -0.1951 0.0, -0.064 0.0746 0.0, -0.0579 0.0793 0.0, -0.0787 -0.1951 0.0, -0.0787 0.0707 0.0, -0.0711 0.0717 0.0, -0.0502 0.1078 0.0, -0.0532 0.115 0.0, 0.0787 0.1986 0.0, -0.0532 0.0854 0.0, -0.0502 0.0926 0.0, -0.0492 0.1002 0.0, -0.0579 0.1211 0.0, -0.064 0.1258 0.0, -0.0787 0.1986 0.0, -0.0711 0.1287 0.0, -0.0787 0.1297 0.0, -0.1779 -0.1989 0.0791, -0.1776 -0.1951 0.0791, -0.1897 -0.2133 0.0791, -0.1833 -0.1024 0.0791, -0.1863 -0.1 0.0791, -0.1897 -0.0982 0.0791, -0.2957 -0.0967 0.0791, -0.2957 -0.2148 0.0791, -0.1972 -0.0967 0.0791, -0.1972 -0.2148 0.0791, -0.1934 -0.2144 0.0791, -0.1776 -0.1163 0.0791, -0.1779 -0.1125 0.0791, -0.1791 -0.1088 0.0791, -0.1833 -0.209 0.0791, -0.1809 -0.206 0.0791, -0.1791 -0.2026 0.0791, -0.1934 -0.097 0.0791, -0.1809 -0.1054 0.0791, -0.1863 -0.2114 0.0791, -0.1776 -0.1163 0.0, -0.1972 -0.0967 0.0, -0.1934 -0.097 0.0, -0.1776 -0.1951 0.0, -0.2957 -0.2148 0.0, -0.2957 -0.0967 0.0, -0.1897 -0.2133 0.0, -0.1934 -0.2144 0.0, -0.1972 -0.2148 0.0, -0.1897 -0.0982 0.0, -0.1863 -0.1 0.0, -0.1833 -0.1024 0.0, -0.1809 -0.1054 0.0, -0.1791 -0.1088 0.0, -0.1779 -0.1125 0.0, -0.1791 -0.2026 0.0, -0.1809 -0.206 0.0, -0.1833 -0.209 0.0, -0.1779 -0.1989 0.0, -0.1863 -0.2114 0.0, 0.1776 0.1986 0.0791, 0.1776 0.1199 0.0791, 0.1972 0.1002 0.0791, 0.1779 0.116 0.0791, 0.2957 0.1002 0.0791, 0.2957 0.2183 0.0791, 0.1972 0.2183 0.0791, 0.1934 0.2179 0.0791, 0.1779 0.2025 0.0791, 0.1897 0.2168 0.0791, 0.1791 0.1123 0.0791, 0.1809 0.1089 0.0791, 0.1833 0.106 0.0791, 0.1863 0.1035 0.0791, 0.1897 0.1017 0.0791, 0.1934 0.1006 0.0791, 0.1863 0.215 0.0791, 0.1833 0.2125 0.0791, 0.1791 0.2062 0.0791, 0.1809 0.2096 0.0791, 0.2957 0.1002 0.0, 0.1776 0.1199 0.0, 0.2957 0.2183 0.0, 0.1776 0.1986 0.0, 0.1972 0.2183 0.0, 0.1972 0.1002 0.0, 0.1934 0.1006 0.0, 0.1897 0.1017 0.0, 0.1934 0.2179 0.0, 0.1779 0.2025 0.0, 0.1897 0.2168 0.0, 0.1863 0.1035 0.0, 0.1833 0.106 0.0, 0.1779 0.116 0.0, 0.1809 0.1089 0.0, 0.1791 0.1123 0.0, 0.1791 0.2062 0.0, 0.1809 0.2096 0.0, 0.1833 0.2125 0.0, 0.1863 0.215 0.0
            ]
        }
        coordIndex [
            0,1,2,-1,2,1,3,-1,0,2,4,-1,4,2,5,-1,4,5,6,-1,6,5,7,-1,6,7,8,-1,3,9,2,-1,2,9,10,-1,2,10,11,-1,12,13,11,-1,11,13,14,-1,11,14,2,-1,7,15,8,-1,8,15,16,-1,8,16,17,-1,17,16,18,-1,17,18,19,-1,20,21,22,-1,22,21,23,-1,24,25,26,-1,27,28,29,-1,29,28,30,-1,30,28,31,-1,31,28,32,-1,31,32,33,-1,33,34,31,-1,31,34,22,-1,31,22,25,-1,25,22,23,-1,25,23,26,-1,35,36,37,-1,37,36,38,-1,37,38,26,-1,26,38,39,-1,26,39,24,-1,31,2,14,-1,31,14,30,-1,30,14,13,-1,30,13,29,-1,29,13,12,-1,29,12,27,-1,27,12,11,-1,27,11,28,-1,28,11,10,-1,28,10,32,-1,32,10,9,-1,32,9,33,-1,33,9,3,-1,33,3,34,-1,34,3,1,-1,34,1,22,-1,2,31,5,-1,5,31,25,-1,23,6,8,-1,23,8,26,-1,26,8,17,-1,26,17,37,-1,37,17,19,-1,37,19,35,-1,35,19,18,-1,35,18,36,-1,36,18,16,-1,36,16,38,-1,38,16,15,-1,38,15,39,-1,39,15,7,-1,39,7,24,-1,24,7,5,-1,24,5,25,-1,6,23,4,-1,4,23,21,-1,4,21,0,-1,0,21,20,-1,0,20,1,-1,1,20,22,-1,40,41,42,-1,42,41,43,-1,44,45,43,-1,43,45,46,-1,43,46,42,-1,47,48,42,-1,42,48,49,-1,42,49,40,-1,47,50,48,-1,48,50,51,-1,48,51,52,-1,52,51,53,-1,52,53,54,-1,55,56,57,-1,57,56,58,-1,58,56,43,-1,43,56,59,-1,43,59,44,-1,60,61,62,-1,62,61,63,-1,64,65,66,-1,66,65,67,-1,66,67,68,-1,68,67,69,-1,70,71,62,-1,62,71,72,-1,62,72,60,-1,60,72,65,-1,60,65,73,-1,73,65,64,-1,63,74,62,-1,62,74,75,-1,62,75,76,-1,76,77,62,-1,62,77,78,-1,62,78,79,-1,41,70,43,-1,43,70,62,-1,61,46,45,-1,61,45,63,-1,63,45,44,-1,63,44,74,-1,74,44,59,-1,74,59,75,-1,75,59,56,-1,75,56,76,-1,76,56,55,-1,76,55,77,-1,77,55,57,-1,77,57,78,-1,78,57,58,-1,78,58,79,-1,79,58,43,-1,79,43,62,-1,46,61,42,-1,42,61,60,-1,72,49,48,-1,72,48,65,-1,65,48,52,-1,65,52,67,-1,67,52,54,-1,67,54,69,-1,69,54,53,-1,69,53,68,-1,68,53,51,-1,68,51,66,-1,66,51,50,-1,66,50,64,-1,64,50,47,-1,64,47,73,-1,73,47,42,-1,73,42,60,-1,49,72,40,-1,40,72,71,-1,40,71,41,-1,41,71,70,-1,80,81,82,-1,80,82,83,-1,84,85,86,-1,82,87,83,-1,83,87,88,-1,83,88,89,-1,90,91,92,-1,92,91,86,-1,92,86,93,-1,93,86,85,-1,89,94,83,-1,83,94,95,-1,83,95,86,-1,86,95,96,-1,86,96,84,-1,97,98,99,-1,100,101,97,-1,97,101,102,-1,97,102,98,-1,103,104,105,-1,99,106,97,-1,97,106,107,-1,97,107,105,-1,105,107,108,-1,105,108,103,-1,104,109,105,-1,105,109,110,-1,105,110,111,-1,111,110,112,-1,111,112,113,-1,91,100,86,-1,86,100,97,-1,86,97,83,-1,83,97,105,-1,83,105,80,-1,80,105,111,-1,80,111,81,-1,81,111,113,-1,101,90,102,-1,102,90,92,-1,102,92,98,-1,98,92,93,-1,98,93,99,-1,99,93,85,-1,99,85,106,-1,106,85,84,-1,106,84,107,-1,107,84,96,-1,107,96,108,-1,108,96,95,-1,108,95,103,-1,103,95,94,-1,103,94,104,-1,104,94,89,-1,104,89,109,-1,109,89,88,-1,109,88,110,-1,110,88,87,-1,110,87,112,-1,112,87,82,-1,112,82,113,-1,113,82,81,-1,90,101,91,-1,91,101,100,-1,114,115,116,-1,117,118,119,-1,120,121,122,-1,122,121,123,-1,122,123,115,-1,115,123,124,-1,115,124,116,-1,115,125,122,-1,122,125,126,-1,122,126,127,-1,128,129,130,-1,119,131,117,-1,117,131,122,-1,117,122,132,-1,132,122,127,-1,114,116,130,-1,130,116,133,-1,130,133,128,-1,134,135,136,-1,137,138,134,-1,134,138,139,-1,134,139,135,-1,140,141,137,-1,137,141,142,-1,137,142,138,-1,136,143,134,-1,134,143,144,-1,134,144,145,-1,146,147,145,-1,145,147,148,-1,145,148,134,-1,149,150,151,-1,137,152,140,-1,140,152,149,-1,140,149,153,-1,153,149,151,-1,137,115,114,-1,137,114,152,-1,152,114,130,-1,152,130,149,-1,149,130,129,-1,149,129,150,-1,150,129,128,-1,150,128,151,-1,151,128,133,-1,151,133,153,-1,153,133,116,-1,153,116,140,-1,140,116,124,-1,140,124,141,-1,141,124,123,-1,141,123,142,-1,115,137,125,-1,125,137,134,-1,135,122,131,-1,135,131,136,-1,136,131,119,-1,136,119,143,-1,143,119,118,-1,143,118,144,-1,144,118,117,-1,144,117,145,-1,145,117,132,-1,145,132,146,-1,146,132,127,-1,146,127,147,-1,147,127,126,-1,147,126,148,-1,148,126,125,-1,148,125,134,-1,122,135,120,-1,120,135,139,-1,120,139,121,-1,121,139,138,-1,121,138,123,-1,123,138,142,-1,154,155,156,-1,156,155,157,-1,158,159,156,-1,156,159,160,-1,156,160,154,-1,154,160,161,-1,154,161,162,-1,162,161,163,-1,157,164,156,-1,156,164,165,-1,156,165,166,-1,166,167,156,-1,156,167,168,-1,156,168,169,-1,163,170,162,-1,162,170,171,-1,162,171,172,-1,172,171,173,-1,174,175,176,-1,176,175,177,-1,176,177,178,-1,174,179,175,-1,175,179,180,-1,175,180,181,-1,178,177,182,-1,182,177,183,-1,182,183,184,-1,181,185,175,-1,175,185,186,-1,175,186,187,-1,187,186,188,-1,187,188,189,-1,190,191,192,-1,190,192,183,-1,183,192,193,-1,183,193,184,-1,159,176,160,-1,160,176,178,-1,177,154,162,-1,177,162,183,-1,183,162,172,-1,183,172,190,-1,190,172,173,-1,190,173,191,-1,191,173,171,-1,191,171,192,-1,192,171,170,-1,192,170,193,-1,193,170,163,-1,193,163,184,-1,184,163,161,-1,184,161,182,-1,182,161,160,-1,182,160,178,-1,154,177,155,-1,155,177,175,-1,179,156,169,-1,179,169,180,-1,180,169,168,-1,180,168,181,-1,181,168,167,-1,181,167,185,-1,185,167,166,-1,185,166,186,-1,186,166,165,-1,186,165,188,-1,188,165,164,-1,188,164,189,-1,189,164,157,-1,189,157,187,-1,187,157,155,-1,187,155,175,-1,156,179,158,-1,158,179,174,-1,158,174,159,-1,159,174,176,-1,
        ]
    }
}
Shape{
    appearance Appearance {
        material  Material 	{
            diffuseColor 0.25098039215686274 0.25098039215686274 0.25098039215686274
            specularColor 0.12549019607843137 0.12549019607843137 0.12549019607843137
            ambientIntensity 0.251
            transparency 0.0
            shininess 0.5
        }
    }
    geometry IndexedFaceSet {
        ccw TRUE
        solid FALSE
        coord DEF co Coordinate {
            point [
                -0.1279 -0.2935 0.1758, -0.1296 -0.2935 0.1802, -0.1354 -0.2935 0.1802, -0.1626 -0.2935 0.1504, -0.1632 -0.2935 0.1503, -0.1592 -0.2935 0.1503, -0.1456 -0.2935 0.1504, -0.1456 -0.2935 0.1643, -0.1466 -0.2935 0.1643, -0.2444 -0.2935 0.1637, -0.2424 -0.2935 0.1619, -0.2378 -0.2935 0.1643, -0.2748 -0.2935 0.174, -0.274 -0.2935 0.1757, -0.2953 -0.2935 0.1757, -0.2065 -0.2935 0.1757, -0.1965 -0.2935 0.1757, -0.2072 -0.2935 0.1767, -0.1965 -0.2935 0.192, -0.2103 -0.2935 0.1794, -0.2255 -0.2935 0.1936, -0.2231 -0.2935 0.192, -0.2204 -0.2935 0.1902, -0.2164 -0.2935 0.1854, -0.2143 -0.2935 0.1812, -0.2137 -0.2935 0.181, -0.2461 -0.2935 0.1938, -0.2408 -0.2935 0.1956, -0.2953 -0.2935 0.213, -0.2359 -0.2935 0.1961, -0.1965 -0.2935 0.213, -0.2312 -0.2935 0.1957, -0.2491 -0.2935 0.192, -0.2953 -0.2935 0.192, -0.2496 -0.2935 0.1917, -0.273 -0.2935 0.1781, -0.2703 -0.2935 0.1815, -0.2615 -0.2935 0.1864, -0.2572 -0.2935 0.1869, -0.2523 -0.2935 0.1894, -0.2559 -0.2935 0.1869, -0.2546 -0.2935 0.1867, -0.2694 -0.2935 0.1823, -0.2658 -0.2935 0.1848, -0.2953 -0.2935 0.1643, -0.2752 -0.2935 0.1643, -0.2757 -0.2935 0.1685, -0.2756 -0.2935 0.1697, -0.2634 -0.2935 0.1511, -0.2675 -0.2935 0.1532, -0.2953 -0.2935 0.1503, -0.2618 -0.2935 0.1506, -0.2709 -0.2935 0.1561, -0.2735 -0.2935 0.1599, -0.2751 -0.2935 0.1642, -0.2567 -0.2935 0.1444, -0.2589 -0.2935 0.1461, -0.2953 -0.2935 0.144, -0.2606 -0.2935 0.1482, -0.2616 -0.2935 0.1503, -0.1965 -0.2935 0.0004, -0.1965 -0.2935 0.144, -0.2462 -0.2935 0.144, -0.2953 -0.2935 0.0004, -0.2541 -0.2935 0.1433, -0.2557 -0.2935 0.144, -0.2482 -0.2935 0.1432, -0.251 -0.2935 0.1429, -0.2514 -0.2935 0.1429, -0.1965 -0.2935 0.1503, -0.2403 -0.2935 0.1503, -0.2403 -0.2935 0.1503, -0.2416 -0.2935 0.1477, -0.2434 -0.2935 0.1458, -0.2457 -0.2935 0.1442, -0.1965 -0.2935 0.1643, -0.2033 -0.2935 0.1643, -0.2035 -0.2935 0.1623, -0.2257 -0.2935 0.157, -0.225 -0.2935 0.1573, -0.2236 -0.2935 0.1638, -0.2072 -0.2935 0.1555, -0.2103 -0.2935 0.1529, -0.2264 -0.2935 0.1565, -0.2241 -0.2935 0.1574, -0.224 -0.2935 0.1574, -0.2236 -0.2935 0.1574, -0.205 -0.2935 0.1586, -0.2276 -0.2935 0.1539, -0.2276 -0.2935 0.1544, -0.2396 -0.2935 0.1554, -0.2274 -0.2935 0.1552, -0.2269 -0.2935 0.156, -0.2124 -0.2935 0.1602, -0.2111 -0.2935 0.162, -0.225 -0.2935 0.1505, -0.2257 -0.2935 0.1508, -0.2264 -0.2935 0.1513, -0.2267 -0.2935 0.1516, -0.2272 -0.2935 0.1523, -0.2275 -0.2935 0.1531, -0.2396 -0.2935 0.1531, -0.2396 -0.2935 0.1542, -0.2138 -0.2935 0.1512, -0.2176 -0.2935 0.1504, -0.2243 -0.2935 0.1504, -0.2234 -0.2935 0.1573, -0.2183 -0.2935 0.1573, -0.2162 -0.2935 0.1577, -0.2142 -0.2935 0.1586, -0.2125 -0.2935 0.16, -0.2496 -0.2935 0.1657, -0.2468 -0.2935 0.165, -0.22 -0.2935 0.1757, -0.251 -0.2935 0.1657, -0.2103 -0.2935 0.164, -0.2103 -0.2935 0.1643, -0.2239 -0.2935 0.1643, -0.2101 -0.2935 0.1662, -0.2101 -0.2935 0.1672, -0.2537 -0.2935 0.1654, -0.266 -0.2935 0.1757, -0.2562 -0.2935 0.1645, -0.2672 -0.2935 0.174, -0.2681 -0.2935 0.1715, -0.2676 -0.2935 0.1643, -0.2564 -0.2935 0.1643, -0.2684 -0.2935 0.167, -0.2685 -0.2935 0.1687, -0.213 -0.2935 0.1728, -0.2148 -0.2935 0.1741, -0.2107 -0.2935 0.1694, -0.2117 -0.2935 0.1713, -0.2199 -0.2935 0.1751, -0.2272 -0.2935 0.1698, -0.219 -0.2935 0.1751, -0.2168 -0.2935 0.1748, -0.2455 -0.2935 0.1643, -0.2675 -0.2935 0.1642, -0.2604 -0.2935 0.1607, -0.2585 -0.2935 0.1628, -0.2662 -0.2935 0.1619, -0.2641 -0.2935 0.1598, -0.2617 -0.2935 0.1582, -0.2223 -0.2935 0.1819, -0.2249 -0.2935 0.185, -0.2511 -0.2935 0.1784, -0.2252 -0.2935 0.1853, -0.2284 -0.2935 0.1875, -0.2493 -0.2935 0.182, -0.2519 -0.2935 0.1788, -0.2206 -0.2935 0.1782, -0.2544 -0.2935 0.1798, -0.2571 -0.2935 0.1801, -0.2583 -0.2935 0.18, -0.2468 -0.2935 0.185, -0.232 -0.2935 0.1888, -0.2437 -0.2935 0.1873, -0.2358 -0.2935 0.1893, -0.24 -0.2935 0.1888, -0.2611 -0.2935 0.1794, -0.2636 -0.2935 0.178, -0.2656 -0.2935 0.1763, -0.2049 -0.2935 0.1735, -0.2035 -0.2935 0.17, -0.203 -0.2935 0.1663, -0.1147 -0.2935 0.1643, -0.1139 -0.2935 0.1664, -0.1204 -0.2935 0.1757, -0.102 -0.2935 0.1757, -0.1177 -0.2935 0.1504, -0.12 -0.2935 0.1504, -0.1204 -0.2935 0.1503, -0.1204 -0.2935 0.1643, -0.1109 -0.2935 0.1643, -0.1056 -0.2935 0.1504, -0.102 -0.2935 0.1503, -0.1079 -0.2935 0.1504, -0.1095 -0.2935 0.1548, -0.1162 -0.2935 0.1548, -0.1233 -0.2935 0.1527, -0.1233 -0.2935 0.1527, -0.1233 -0.2935 0.1503, -0.125 -0.2935 0.1515, -0.1221 -0.2935 0.1541, -0.1213 -0.2935 0.1558, -0.1217 -0.2935 0.1624, -0.1227 -0.2935 0.1638, -0.1233 -0.2935 0.1643, -0.1211 -0.2935 0.1609, -0.1209 -0.2935 0.1586, -0.1209 -0.2935 0.1576, -0.1339 -0.2935 0.1664, -0.1354 -0.2935 0.1757, -0.1354 -0.2935 0.1643, -0.1268 -0.2935 0.1508, -0.1295 -0.2935 0.1504, -0.1354 -0.2935 0.1503, -0.1339 -0.2935 0.1504, -0.1339 -0.2935 0.1643, -0.1269 -0.2935 0.1662, -0.125 -0.2935 0.1655, -0.1233 -0.2935 0.1757, -0.1293 -0.2935 0.1664, -0.1435 -0.2935 0.1643, -0.1435 -0.2935 0.1595, -0.1378 -0.2935 0.1595, -0.1435 -0.2935 0.1576, -0.1435 -0.2935 0.1523, -0.1378 -0.2935 0.1576, -0.1369 -0.2935 0.1523, -0.1369 -0.2935 0.1504, -0.1466 -0.2935 0.1503, -0.1435 -0.2935 0.1646, -0.1373 -0.2935 0.1646, -0.1373 -0.2935 0.1664, -0.1456 -0.2935 0.1664, -0.1466 -0.2935 0.1757, -0.1675 -0.2935 0.1508, -0.1681 -0.2935 0.1503, -0.166 -0.2935 0.1503, -0.1657 -0.2935 0.1503, -0.1604 -0.2935 0.1554, -0.16 -0.2935 0.1549, -0.1603 -0.2935 0.1597, -0.1681 -0.2935 0.1643, -0.1671 -0.2935 0.1601, -0.1668 -0.2935 0.1607, -0.1646 -0.2935 0.1619, -0.1592 -0.2935 0.1643, -0.163 -0.2935 0.1621, -0.1616 -0.2935 0.162, -0.1603 -0.2935 0.1616, -0.1598 -0.2935 0.1543, -0.1597 -0.2935 0.1535, -0.1598 -0.2935 0.1527, -0.1601 -0.2935 0.1521, -0.1605 -0.2935 0.1516, -0.1662 -0.2935 0.1612, -0.1657 -0.2935 0.1615, -0.161 -0.2935 0.1511, -0.1615 -0.2935 0.1508, -0.1669 -0.2935 0.157, -0.1671 -0.2935 0.1574, -0.1675 -0.2935 0.1529, -0.1674 -0.2935 0.158, -0.1674 -0.2935 0.1588, -0.1674 -0.2935 0.1595, -0.1653 -0.2935 0.1519, -0.1644 -0.2935 0.1555, -0.1666 -0.2935 0.1524, -0.1656 -0.2935 0.156, -0.1666 -0.2935 0.1566, -0.1632 -0.2935 0.1605, -0.1638 -0.2935 0.1605, -0.1654 -0.2935 0.159, -0.1643 -0.2935 0.1603, -0.1648 -0.2935 0.1601, -0.1654 -0.2935 0.1587, -0.1653 -0.2935 0.1584, -0.1651 -0.2935 0.1581, -0.1649 -0.2935 0.1579, -0.1642 -0.2935 0.1575, -0.162 -0.2935 0.1604, -0.163 -0.2935 0.1569, -0.1608 -0.2935 0.16, -0.1622 -0.2935 0.1566, -0.1609 -0.2935 0.1559, -0.1642 -0.2935 0.1518, -0.1641 -0.2935 0.1518, -0.1631 -0.2935 0.1549, -0.163 -0.2935 0.1519, -0.1618 -0.2935 0.1533, -0.1618 -0.2935 0.1536, -0.1651 -0.2935 0.1598, -0.1652 -0.2935 0.1596, -0.1653 -0.2935 0.1593, -0.1625 -0.2935 0.1521, -0.1623 -0.2935 0.1522, -0.1621 -0.2935 0.1524, -0.1619 -0.2935 0.1527, -0.1618 -0.2935 0.153, -0.1619 -0.2935 0.1539, -0.1621 -0.2935 0.1542, -0.1623 -0.2935 0.1544, -0.1317 -0.2935 0.1919, -0.1256 -0.2935 0.1758, -0.1362 -0.2935 0.1802, -0.1422 -0.2935 0.1795, -0.1433 -0.2935 0.1781, -0.14 -0.2935 0.1758, -0.145 -0.2935 0.1769, -0.1466 -0.2935 0.192, -0.1466 -0.2935 0.1915, -0.1354 -0.2935 0.192, -0.145 -0.2935 0.1909, -0.1378 -0.2935 0.1758, -0.1466 -0.2935 0.1763, -0.1412 -0.2935 0.1863, -0.1354 -0.2935 0.188, -0.1418 -0.2935 0.1878, -0.1433 -0.2935 0.1897, -0.1428 -0.2935 0.1892, -0.1409 -0.2935 0.184, -0.141 -0.2935 0.183, -0.1414 -0.2935 0.1812, -0.1555 -0.2935 0.192, -0.1494 -0.2935 0.1919, -0.147 -0.2935 0.1916, -0.1468 -0.2935 0.1762, -0.1496 -0.2935 0.1758, -0.1555 -0.2935 0.1757, -0.154 -0.2935 0.1758, -0.154 -0.2935 0.1919, -0.1592 -0.2935 0.192, -0.1574 -0.2935 0.1919, -0.1592 -0.2935 0.1919, -0.1635 -0.2935 0.1831, -0.1635 -0.2935 0.1777, -0.1592 -0.2935 0.1831, -0.1592 -0.2935 0.1777, -0.1578 -0.2935 0.1831, -0.157 -0.2935 0.1777, -0.1578 -0.2935 0.1849, -0.1574 -0.2935 0.19, -0.1592 -0.2935 0.1849, -0.1592 -0.2935 0.19, -0.1635 -0.2935 0.1849, -0.1635 -0.2935 0.19, -0.1656 -0.2935 0.1758, -0.1681 -0.2935 0.1757, -0.1592 -0.2935 0.1757, -0.157 -0.2935 0.1758, -0.1592 -0.2935 0.1758, -0.1656 -0.2935 0.1919, -0.1681 -0.2935 0.192, -0.1706 -0.2935 0.19, -0.1726 -0.2935 0.1903, -0.1695 -0.2935 0.1782, -0.1688 -0.2935 0.1893, -0.1688 -0.2935 0.1785, -0.169 -0.2935 0.1894, -0.1695 -0.2935 0.1896, -0.1734 -0.2935 0.1902, -0.1748 -0.2935 0.1899, -0.176 -0.2935 0.1893, -0.177 -0.2935 0.1885, -0.1771 -0.2935 0.1884, -0.1778 -0.2935 0.1873, -0.1784 -0.2935 0.1859, -0.1786 -0.2935 0.1837, -0.1786 -0.2935 0.1828, -0.1783 -0.2935 0.1813, -0.1722 -0.2935 0.1774, -0.1704 -0.2935 0.1778, -0.1757 -0.2935 0.178, -0.1746 -0.2935 0.1776, -0.1729 -0.2935 0.1774, -0.1778 -0.2935 0.18, -0.1771 -0.2935 0.1791, -0.1767 -0.2935 0.1788, -0.1709 -0.2935 0.192, -0.1705 -0.2935 0.192, -0.1695 -0.2935 0.192, -0.1695 -0.2935 0.1917, -0.1688 -0.2935 0.1915, -0.1726 -0.2935 0.1921, -0.1695 -0.2935 0.213, -0.1737 -0.2935 0.192, -0.181 -0.2935 0.213, -0.1759 -0.2935 0.176, -0.1775 -0.2935 0.1767, -0.181 -0.2935 0.1757, -0.1787 -0.2935 0.1778, -0.1789 -0.2935 0.1779, -0.1798 -0.2935 0.1793, -0.1804 -0.2935 0.1865, -0.1797 -0.2935 0.1882, -0.181 -0.2935 0.192, -0.1785 -0.2935 0.1898, -0.1781 -0.2935 0.1901, -0.1766 -0.2935 0.1912, -0.1749 -0.2935 0.1918, -0.1805 -0.2935 0.1809, -0.1808 -0.2935 0.1835, -0.1808 -0.2935 0.1844, -0.1746 -0.2935 0.1757, -0.181 -0.2935 0.1643, -0.1742 -0.2935 0.1756, -0.1732 -0.2935 0.1756, -0.1695 -0.2935 0.1643, -0.1718 -0.2935 0.1757, -0.1688 -0.2935 0.1765, -0.1691 -0.2935 0.1764, -0.1695 -0.2935 0.1757, -0.1695 -0.2935 0.1762, -0.1708 -0.2935 0.1758, -0.1878 -0.2935 0.1643, -0.1878 -0.2935 0.1595, -0.1821 -0.2935 0.1595, -0.1821 -0.2935 0.1576, -0.1813 -0.2935 0.1523, -0.1813 -0.2935 0.1504, -0.181 -0.2935 0.1503, -0.1899 -0.2935 0.1504, -0.1878 -0.2935 0.1646, -0.1817 -0.2935 0.1646, -0.1817 -0.2935 0.1664, -0.1899 -0.2935 0.1664, -0.179 -0.2935 0.1552, -0.1786 -0.2935 0.1558, -0.1783 -0.2935 0.1591, -0.1702 -0.2935 0.1578, -0.1702 -0.2935 0.1504, -0.1695 -0.2935 0.1503, -0.1722 -0.2935 0.1504, -0.1738 -0.2935 0.1604, -0.1745 -0.2935 0.1605, -0.1756 -0.2935 0.1572, -0.1777 -0.2935 0.1506, -0.1784 -0.2935 0.1511, -0.1786 -0.2935 0.1513, -0.179 -0.2935 0.1519, -0.178 -0.2935 0.1564, -0.1772 -0.2935 0.1568, -0.1769 -0.2935 0.16, -0.1756 -0.2935 0.1604, -0.1783 -0.2935 0.1611, -0.1778 -0.2935 0.1613, -0.1793 -0.2935 0.1526, -0.1794 -0.2935 0.1535, -0.1793 -0.2935 0.1544, -0.1878 -0.2935 0.1576, -0.1878 -0.2935 0.1523, -0.1722 -0.2935 0.1522, -0.1722 -0.2935 0.1522, -0.1726 -0.2935 0.1516, -0.1733 -0.2935 0.151, -0.1721 -0.2935 0.1617, -0.1715 -0.2935 0.1613, -0.1722 -0.2935 0.1577, -0.1723 -0.2935 0.1586, -0.1725 -0.2935 0.1593, -0.1727 -0.2935 0.1597, -0.1711 -0.2935 0.161, -0.1707 -0.2935 0.1603, -0.1704 -0.2935 0.1595, -0.1763 -0.2935 0.1619, -0.1743 -0.2935 0.1621, -0.1729 -0.2935 0.162, -0.173 -0.2935 0.16, -0.1734 -0.2935 0.1603, -0.1746 -0.2935 0.1503, -0.1747 -0.2935 0.1503, -0.1695 -0.2935 0.144, -0.181 -0.2935 0.144, -0.1757 -0.2935 0.1502, -0.1769 -0.2935 0.1503, -0.1769 -0.2935 0.1503, -0.1498 -0.2935 0.1619, -0.1477 -0.2935 0.1619, -0.1535 -0.2935 0.1533, -0.1532 -0.2935 0.1523, -0.1532 -0.2935 0.1523, -0.1555 -0.2935 0.1643, -0.1555 -0.2935 0.1591, -0.1529 -0.2935 0.1533, -0.1531 -0.2935 0.1527, -0.1555 -0.2935 0.1503, -0.1555 -0.2935 0.1537, -0.1587 -0.2935 0.1619, -0.1565 -0.2935 0.1619, -0.1542 -0.2935 0.1505, -0.1543 -0.2935 0.1503, -0.1551 -0.2935 0.1484, -0.1592 -0.2935 0.144, -0.1583 -0.2935 0.1452, -0.1583 -0.2935 0.147, -0.1559 -0.2935 0.1472, -0.1555 -0.2935 0.1476, -0.1555 -0.2935 0.1477, -0.1644 -0.2935 0.1502, -0.1681 -0.2935 0.144, -0.1579 -0.2935 0.1469, -0.1571 -0.2935 0.1468, -0.1555 -0.2935 0.1454, -0.1562 -0.2935 0.1451, -0.1555 -0.2935 0.144, -0.157 -0.2935 0.145, -0.1574 -0.2935 0.1451, -0.1566 -0.2935 0.1468, -0.1562 -0.2935 0.147, -0.1529 -0.2935 0.1487, -0.1538 -0.2935 0.1469, -0.1466 -0.2935 0.144, -0.1523 -0.2935 0.1503, -0.1545 -0.2935 0.1461, -0.1547 -0.2935 0.1459, -0.1554 -0.2935 0.1454, -0.181 -0.2935 0.0004, -0.1695 -0.2935 0.0004, -0.1681 -0.2935 0.0004, -0.1592 -0.2935 0.0004, -0.1555 -0.2935 0.0004, -0.1466 -0.2935 0.0004, -0.1354 -0.2935 0.144, -0.1354 -0.2935 0.0004, -0.1233 -0.2935 0.144, -0.1233 -0.2935 0.0004, -0.1204 -0.2935 0.144, -0.1204 -0.2935 0.0004, -0.102 -0.2935 0.144, -0.102 -0.2935 0.0004, -0.0984 -0.2935 0.0791, 0.0 -0.2935 0.144, -0.0394 -0.2935 0.0791, 0.0 -0.2935 0.0004, -0.0394 -0.2935 0.0398, -0.0984 -0.2935 0.0398, 0.1969 -0.2935 0.144, 0.0394 -0.2935 0.0791, 0.0394 -0.2935 0.0398, 0.0984 -0.2935 0.0398, 0.1969 -0.2935 0.0004, 0.0984 -0.2935 0.0791, 0.2953 -0.2935 0.0004, 0.2953 -0.2935 0.144, -0.1899 -0.2935 0.1643, -0.1739 -0.2935 0.1506, 0.2953 -0.2935 0.1503, 0.1969 -0.2935 0.1503, 0.0 -0.2935 0.1503, 0.2953 -0.2935 0.1643, 0.1969 -0.2935 0.1643, 0.0 -0.2935 0.1643, -0.102 -0.2935 0.1643, -0.1117 -0.2935 0.1664, -0.1233 -0.2935 0.1643, 0.2953 -0.2935 0.1757, 0.1969 -0.2935 0.1757, 0.0 -0.2935 0.1757, -0.1878 -0.2935 0.1919, -0.1878 -0.2935 0.1777, -0.1815 -0.2935 0.1777, -0.1899 -0.2935 0.1758, -0.1899 -0.2935 0.1919, -0.1815 -0.2935 0.1758, 0.2953 -0.2935 0.192, 0.1969 -0.2935 0.192, 0.0 -0.2935 0.192, -0.102 -0.2935 0.192, -0.1204 -0.2935 0.192, -0.1233 -0.2935 0.192, -0.1339 -0.2935 0.1919, 0.2953 -0.2935 0.213, 0.1969 -0.2935 0.213, 0.0 -0.2935 0.213, -0.102 -0.2935 0.213, -0.1204 -0.2935 0.213, -0.1233 -0.2935 0.213, -0.1354 -0.2935 0.213, -0.1466 -0.2935 0.213, -0.1555 -0.2935 0.213, -0.1592 -0.2935 0.213, -0.1681 -0.2935 0.213
            ]
        }
        coordIndex [
            0,1,2,-1,3,4,5,-1,6,7,8,-1,9,10,11,-1,12,13,14,-1,15,16,17,-1,17,16,18,-1,17,18,19,-1,20,21,18,-1,18,21,22,-1,18,22,23,-1,23,24,18,-1,18,24,25,-1,18,25,19,-1,26,27,28,-1,28,27,29,-1,28,29,30,-1,30,29,31,-1,26,28,32,-1,32,28,33,-1,32,33,34,-1,14,13,33,-1,33,13,35,-1,33,35,36,-1,33,37,34,-1,34,37,38,-1,34,38,39,-1,39,38,40,-1,39,40,41,-1,36,42,33,-1,33,42,43,-1,33,43,37,-1,44,45,46,-1,44,46,14,-1,14,46,47,-1,14,47,12,-1,48,49,50,-1,48,50,51,-1,49,52,50,-1,50,52,53,-1,50,53,44,-1,44,53,54,-1,44,54,45,-1,55,56,57,-1,57,56,58,-1,57,58,50,-1,50,58,59,-1,50,59,51,-1,60,61,62,-1,63,64,57,-1,57,64,65,-1,57,65,55,-1,62,66,60,-1,60,66,67,-1,60,67,63,-1,63,67,68,-1,63,68,64,-1,69,70,61,-1,61,70,71,-1,61,71,72,-1,72,73,61,-1,61,73,74,-1,61,74,62,-1,75,76,77,-1,78,79,80,-1,81,82,69,-1,78,80,83,-1,79,84,80,-1,80,84,85,-1,80,85,86,-1,75,77,69,-1,69,77,87,-1,69,87,81,-1,88,89,90,-1,90,89,91,-1,90,91,80,-1,80,91,92,-1,80,92,83,-1,80,93,94,-1,95,96,70,-1,70,96,97,-1,70,97,98,-1,98,99,70,-1,70,99,100,-1,70,100,101,-1,101,100,88,-1,101,88,102,-1,102,88,90,-1,82,103,69,-1,69,103,104,-1,69,104,70,-1,70,104,105,-1,70,105,95,-1,86,106,80,-1,80,106,107,-1,80,107,108,-1,108,109,80,-1,80,109,110,-1,80,110,93,-1,111,112,113,-1,111,113,114,-1,94,115,80,-1,80,115,116,-1,80,116,117,-1,117,116,118,-1,117,118,119,-1,120,121,122,-1,122,121,123,-1,122,123,124,-1,125,126,127,-1,127,126,122,-1,127,122,128,-1,128,122,124,-1,117,129,130,-1,119,131,117,-1,117,131,132,-1,117,132,129,-1,133,134,135,-1,135,134,117,-1,135,117,136,-1,136,117,130,-1,133,113,134,-1,134,113,112,-1,134,112,11,-1,11,112,137,-1,11,137,9,-1,138,139,125,-1,125,139,140,-1,125,140,126,-1,138,141,139,-1,139,141,142,-1,139,142,143,-1,144,145,146,-1,145,147,146,-1,146,147,148,-1,146,148,149,-1,121,146,150,-1,120,114,121,-1,121,114,113,-1,121,113,146,-1,146,113,151,-1,146,151,144,-1,150,152,121,-1,121,152,153,-1,121,153,154,-1,149,148,155,-1,155,148,156,-1,155,156,157,-1,157,156,158,-1,157,158,159,-1,160,161,154,-1,154,161,162,-1,154,162,121,-1,15,163,16,-1,16,163,164,-1,16,164,75,-1,75,164,165,-1,75,165,76,-1,166,167,168,-1,168,167,169,-1,170,171,172,-1,172,171,173,-1,174,175,176,-1,176,175,177,-1,178,179,177,-1,177,179,170,-1,177,170,176,-1,176,170,172,-1,180,181,182,-1,182,181,183,-1,180,182,184,-1,184,182,172,-1,184,172,185,-1,186,173,187,-1,187,173,188,-1,186,189,173,-1,173,189,190,-1,173,190,172,-1,172,190,191,-1,172,191,185,-1,192,193,194,-1,183,195,182,-1,182,195,196,-1,182,196,197,-1,197,196,198,-1,197,198,194,-1,194,198,199,-1,194,199,192,-1,200,201,202,-1,193,192,202,-1,202,192,203,-1,202,203,200,-1,204,205,194,-1,194,205,206,-1,207,208,209,-1,209,208,210,-1,206,209,194,-1,194,209,210,-1,194,210,197,-1,197,210,211,-1,197,211,212,-1,213,204,214,-1,214,204,194,-1,214,194,215,-1,215,194,193,-1,215,193,216,-1,216,193,217,-1,218,219,220,-1,220,219,221,-1,222,223,224,-1,225,226,227,-1,225,228,229,-1,229,228,230,-1,230,231,229,-1,229,231,232,-1,229,232,224,-1,233,234,5,-1,234,235,5,-1,5,235,236,-1,5,236,237,-1,227,238,225,-1,225,238,239,-1,225,239,228,-1,237,240,5,-1,5,240,241,-1,5,241,3,-1,242,243,244,-1,243,245,244,-1,244,245,246,-1,244,246,225,-1,225,246,247,-1,225,247,226,-1,248,249,250,-1,250,249,251,-1,250,251,244,-1,244,251,252,-1,244,252,242,-1,253,254,255,-1,255,254,256,-1,255,256,257,-1,255,258,253,-1,253,258,259,-1,253,259,260,-1,260,261,253,-1,253,261,262,-1,253,262,263,-1,263,262,264,-1,263,264,265,-1,265,264,266,-1,265,266,224,-1,224,266,267,-1,224,267,222,-1,248,268,249,-1,249,268,269,-1,249,269,270,-1,270,269,271,-1,270,272,273,-1,274,275,257,-1,257,275,276,-1,257,276,255,-1,271,277,270,-1,270,277,278,-1,270,278,279,-1,279,280,270,-1,270,280,281,-1,270,281,272,-1,273,282,270,-1,270,282,283,-1,270,283,284,-1,285,286,202,-1,202,286,0,-1,202,0,193,-1,193,0,2,-1,193,2,287,-1,288,289,290,-1,290,289,291,-1,292,293,294,-1,294,293,295,-1,287,296,193,-1,193,296,290,-1,193,290,217,-1,217,290,291,-1,217,291,297,-1,298,299,300,-1,300,299,294,-1,295,301,294,-1,294,301,302,-1,294,302,300,-1,298,303,299,-1,299,303,304,-1,299,304,290,-1,290,304,305,-1,290,305,288,-1,306,307,292,-1,292,307,308,-1,292,308,293,-1,297,309,217,-1,217,309,310,-1,217,310,311,-1,311,310,312,-1,311,312,306,-1,306,312,313,-1,306,313,307,-1,306,314,315,-1,315,314,316,-1,317,318,319,-1,319,318,320,-1,319,320,321,-1,321,320,322,-1,321,322,323,-1,323,322,324,-1,323,324,325,-1,325,324,326,-1,325,326,327,-1,327,326,328,-1,329,330,331,-1,315,324,306,-1,306,324,322,-1,306,322,311,-1,311,322,332,-1,311,332,331,-1,331,332,333,-1,331,333,329,-1,316,314,334,-1,334,314,335,-1,334,335,329,-1,336,337,338,-1,329,335,330,-1,330,335,339,-1,330,339,340,-1,340,339,341,-1,340,341,338,-1,338,341,342,-1,338,342,336,-1,337,343,338,-1,338,343,344,-1,338,344,345,-1,345,346,338,-1,338,346,347,-1,338,347,348,-1,348,349,338,-1,338,349,350,-1,338,350,351,-1,352,353,351,-1,351,353,354,-1,351,354,338,-1,355,356,357,-1,352,358,353,-1,353,358,359,-1,353,359,357,-1,357,359,360,-1,357,360,355,-1,361,362,363,-1,363,362,364,-1,363,364,335,-1,335,364,365,-1,335,365,339,-1,366,367,368,-1,368,367,369,-1,370,371,372,-1,371,373,372,-1,372,373,374,-1,372,374,375,-1,376,377,378,-1,378,377,379,-1,379,380,378,-1,378,380,381,-1,378,381,382,-1,375,383,372,-1,372,383,384,-1,372,384,378,-1,378,384,385,-1,378,385,376,-1,370,372,386,-1,386,372,387,-1,386,387,388,-1,388,387,389,-1,389,387,390,-1,389,390,391,-1,340,392,330,-1,330,392,393,-1,330,393,394,-1,394,393,395,-1,394,395,396,-1,397,398,387,-1,387,398,399,-1,387,399,400,-1,401,402,403,-1,403,402,404,-1,405,397,406,-1,406,397,387,-1,406,387,407,-1,407,387,372,-1,407,372,408,-1,409,410,411,-1,412,413,414,-1,414,413,415,-1,416,417,418,-1,419,420,403,-1,403,420,421,-1,403,421,422,-1,410,423,411,-1,411,423,424,-1,411,424,425,-1,425,424,418,-1,425,418,426,-1,426,418,417,-1,411,427,387,-1,387,427,428,-1,422,429,403,-1,403,429,430,-1,403,430,431,-1,432,433,400,-1,400,433,401,-1,400,401,387,-1,387,401,403,-1,387,403,411,-1,411,403,431,-1,411,431,409,-1,434,435,415,-1,415,435,436,-1,415,436,437,-1,390,438,439,-1,440,441,418,-1,418,441,442,-1,418,442,443,-1,439,444,390,-1,390,444,445,-1,390,445,446,-1,428,447,387,-1,387,447,448,-1,387,448,390,-1,390,448,449,-1,390,449,438,-1,443,450,418,-1,418,450,451,-1,418,451,416,-1,452,453,454,-1,454,453,455,-1,453,456,455,-1,455,456,457,-1,455,457,403,-1,403,457,458,-1,403,458,419,-1,459,460,8,-1,8,460,212,-1,8,212,6,-1,6,212,211,-1,461,462,463,-1,8,464,459,-1,459,464,465,-1,459,465,466,-1,466,465,461,-1,466,461,467,-1,467,461,463,-1,468,469,5,-1,5,469,470,-1,223,233,224,-1,224,233,5,-1,224,5,229,-1,229,5,470,-1,229,470,464,-1,464,470,471,-1,464,471,465,-1,472,469,473,-1,473,469,468,-1,473,468,474,-1,475,476,477,-1,478,479,468,-1,468,479,480,-1,468,480,474,-1,481,482,4,-1,4,482,475,-1,4,475,5,-1,5,475,477,-1,5,477,468,-1,468,477,483,-1,468,483,484,-1,485,486,487,-1,487,486,488,-1,487,488,475,-1,475,488,489,-1,475,489,476,-1,484,490,468,-1,468,490,491,-1,468,491,478,-1,492,493,494,-1,492,494,495,-1,493,496,494,-1,494,496,497,-1,494,497,487,-1,487,497,498,-1,487,498,485,-1,455,499,454,-1,454,499,500,-1,454,500,482,-1,482,500,501,-1,482,501,475,-1,475,501,502,-1,475,502,487,-1,487,502,503,-1,487,503,494,-1,494,503,504,-1,494,504,505,-1,505,504,506,-1,505,506,507,-1,507,506,508,-1,507,508,509,-1,509,508,510,-1,509,510,511,-1,510,512,511,-1,511,512,513,-1,511,513,514,-1,514,513,515,-1,514,515,516,-1,516,515,517,-1,516,517,512,-1,512,517,518,-1,512,518,513,-1,519,514,520,-1,520,514,521,-1,521,514,516,-1,521,516,522,-1,522,516,523,-1,522,523,524,-1,525,526,523,-1,523,526,519,-1,523,519,524,-1,524,519,520,-1,408,16,527,-1,527,16,75,-1,527,75,404,-1,404,75,69,-1,404,69,403,-1,403,69,61,-1,403,61,455,-1,455,61,60,-1,455,60,499,-1,481,221,482,-1,482,221,219,-1,482,219,454,-1,454,219,414,-1,454,414,452,-1,452,414,415,-1,452,415,528,-1,528,415,437,-1,526,529,519,-1,519,529,530,-1,519,530,514,-1,514,530,531,-1,514,531,511,-1,511,531,176,-1,511,176,509,-1,509,176,172,-1,509,172,507,-1,507,172,182,-1,507,182,505,-1,505,182,197,-1,505,197,494,-1,494,197,212,-1,494,212,495,-1,495,212,460,-1,218,244,219,-1,219,244,225,-1,219,225,414,-1,414,225,390,-1,414,390,412,-1,412,390,446,-1,529,532,530,-1,530,532,533,-1,530,533,531,-1,531,533,534,-1,531,534,176,-1,176,534,535,-1,176,535,174,-1,174,535,536,-1,7,216,8,-1,8,216,217,-1,8,217,464,-1,464,217,311,-1,464,311,229,-1,229,311,331,-1,229,331,225,-1,225,331,330,-1,225,330,390,-1,390,330,394,-1,390,394,391,-1,391,394,396,-1,171,166,173,-1,173,166,168,-1,173,168,188,-1,188,168,202,-1,188,202,537,-1,537,202,201,-1,532,538,533,-1,533,538,539,-1,533,539,534,-1,534,539,540,-1,534,540,535,-1,535,540,169,-1,535,169,536,-1,536,169,167,-1,541,542,543,-1,408,372,16,-1,16,372,544,-1,16,544,18,-1,544,545,18,-1,18,545,541,-1,18,541,378,-1,378,541,543,-1,378,543,372,-1,372,543,546,-1,372,546,544,-1,538,547,539,-1,539,547,548,-1,539,548,540,-1,540,548,549,-1,540,549,169,-1,169,549,550,-1,169,550,168,-1,168,550,551,-1,168,551,202,-1,202,551,552,-1,202,552,285,-1,285,552,294,-1,285,294,553,-1,553,294,299,-1,382,368,378,-1,378,368,369,-1,378,369,18,-1,18,369,30,-1,18,30,20,-1,20,30,31,-1,547,554,548,-1,548,554,555,-1,548,555,549,-1,549,555,556,-1,549,556,550,-1,550,556,557,-1,550,557,551,-1,551,557,558,-1,551,558,552,-1,552,558,559,-1,552,559,294,-1,294,559,560,-1,294,560,292,-1,292,560,561,-1,292,561,306,-1,306,561,562,-1,306,562,314,-1,314,562,563,-1,314,563,335,-1,335,563,564,-1,335,564,363,-1,363,564,367,-1,363,367,361,-1,361,367,366,-1,
        ]
    }
}
Shape{
    appearance Appearance {
        material  Material 	{
            diffuseColor 1.0 1.0 1.0
            specularColor 0.5019607843137255 0.5019607843137255 0.5019607843137255
            ambientIntensity 1.0
            transparency 0.0
            shininess 0.5
        }
    }
    geometry IndexedFaceSet {
        ccw TRUE
        solid FALSE
        coord DEF co Coordinate {
            point [
                -0.2018 0.1593 0.2134, -0.1796 0.2419 0.2134, -0.2132 0.1608 0.2134, -0.2239 0.1652 0.2134, -0.2132 0.2463 0.2134, -0.2239 0.2419 0.2134, -0.2461 0.2035 0.2134, -0.2018 0.2478 0.2134, -0.2446 0.1921 0.2134, -0.2401 0.1814 0.2134, -0.1903 0.2463 0.2134, -0.2331 0.1722 0.2134, -0.1903 0.1608 0.2134, -0.1796 0.1652 0.2134, -0.1705 0.1722 0.2134, -0.1634 0.1814 0.2134, -0.159 0.1921 0.2134, -0.1575 0.2035 0.2134, -0.159 0.215 0.2134, -0.1634 0.2257 0.2134, -0.1705 0.2349 0.2134, -0.2331 0.2349 0.2134, -0.2401 0.2257 0.2134, -0.2446 0.215 0.2134
            ]
        }
        coordIndex [
            0,1,2,-1,2,1,3,-1,4,5,6,-1,4,6,7,-1,7,6,8,-1,7,8,9,-1,1,10,3,-1,3,10,7,-1,3,7,11,-1,11,7,9,-1,0,12,1,-1,1,12,13,-1,1,13,14,-1,14,15,1,-1,1,15,16,-1,1,16,17,-1,17,18,1,-1,1,18,19,-1,1,19,20,-1,5,21,6,-1,6,21,22,-1,6,22,23,-1,
        ]
    }
}
Shape{
    appearance Appearance {
        material  Material 	{
            diffuseColor 0.25098039215686274 0.25098039215686274 0.25098039215686274
            specularColor 0.12549019607843137 0.12549019607843137 0.12549019607843137
            ambientIntensity 0.251
            transparency 0.0
            shininess 0.5
        }
    }
    geometry IndexedFaceSet {
        ccw TRUE
        solid FALSE
        coord DEF co Coordinate {
            point [
                -0.2018 0.2478 0.2134, -0.2018 0.2478 0.213, -0.2132 0.2463 0.213, -0.2132 0.2463 0.2134, -0.2239 0.2419 0.213, -0.2239 0.2419 0.2134, -0.2331 0.2349 0.213, -0.2331 0.2349 0.2134, -0.2401 0.2257 0.213, -0.2401 0.2257 0.2134, -0.2446 0.215 0.213, -0.2446 0.215 0.2134, -0.2461 0.2035 0.213, -0.2461 0.2035 0.2134, -0.2446 0.1921 0.213, -0.2446 0.1921 0.2134, -0.2401 0.1814 0.213, -0.2401 0.1814 0.2134, -0.2331 0.1722 0.213, -0.2331 0.1722 0.2134, -0.2239 0.1652 0.213, -0.2239 0.1652 0.2134, -0.2132 0.1608 0.213, -0.2132 0.1608 0.2134, -0.2018 0.1593 0.213, -0.2018 0.1593 0.2134, -0.0175 -0.0749 0.1736, -0.0204 -0.0743 0.1736, -0.0206 -0.0752 0.1824, -0.0341 -0.069 0.1736, -0.0394 -0.0664 0.1736, -0.0399 -0.0673 0.1824, -0.049 -0.0597 0.1736, -0.0557 -0.0539 0.1736, -0.0564 -0.0546 0.1824, -0.0615 -0.0473 0.1736, -0.0625 -0.0462 0.1736, -0.0633 -0.0468 0.1824, -0.0708 -0.0323 0.1736, -0.0727 -0.0284 0.1736, -0.0737 -0.0287 0.1824, -0.0766 -0.0157 0.1736, -0.0781 -0.0085 0.1736, -0.079 -0.0086 0.1824, -0.0766 0.0193 0.1736, -0.0761 0.0222 0.1736, -0.077 0.0224 0.1824, -0.0708 0.0359 0.1736, -0.0682 0.0411 0.1736, -0.069 0.0416 0.1824, -0.0615 0.0508 0.1736, -0.0557 0.0574 0.1736, -0.0564 0.0581 0.1824, -0.049 0.0633 0.1736, -0.0479 0.0642 0.1736, -0.0485 0.065 0.1824, -0.0341 0.0726 0.1736, -0.0301 0.0745 0.1736, -0.0305 0.0754 0.1824, -0.0175 0.0784 0.1736, -0.0103 0.0798 0.1736, -0.0104 0.0808 0.1824, 0.0 0.1199 0.213, -0.0154 0.1189 0.213, 0.0 0.1111 0.212, -0.0143 0.1102 0.212, 0.0 0.1028 0.2091, -0.0132 0.1019 0.2091, 0.0 0.0953 0.2044, -0.0122 0.0945 0.2044, 0.0 0.0891 0.1982, -0.0114 0.0884 0.1982, 0.0 0.0844 0.1907, -0.0108 0.0837 0.1907, 0.0 0.0815 0.1824, 0.0 0.0805 0.1736, -0.0204 0.0778 0.1736, -0.0206 0.0788 0.1824, -0.0214 0.0816 0.1907, -0.0226 0.0861 0.1982, -0.0242 0.0921 0.2044, -0.0261 0.0994 0.2091, -0.0283 0.1074 0.212, -0.0306 0.1159 0.213, -0.0452 0.1109 0.213, -0.0418 0.1028 0.212, -0.0387 0.0951 0.2091, -0.0358 0.0882 0.2044, -0.0334 0.0825 0.1982, -0.0316 0.0781 0.1907, -0.0394 0.07 0.1736, -0.0399 0.0708 0.1824, -0.0413 0.0733 0.1907, -0.0437 0.0774 0.1982, -0.0468 0.0828 0.2044, -0.0505 0.0893 0.2091, -0.0547 0.0965 0.212, -0.0591 0.1041 0.213, -0.0719 0.0955 0.213, -0.0666 0.0885 0.212, -0.0615 0.0819 0.2091, -0.057 0.076 0.2044, -0.0532 0.0711 0.1982, -0.0503 0.0673 0.1907, -0.0584 0.0602 0.1907, -0.0618 0.0635 0.1982, -0.0662 0.0679 0.2044, -0.0714 0.0732 0.2091, -0.0773 0.0791 0.212, -0.0835 0.0853 0.213, -0.0625 0.0497 0.1736, -0.0633 0.0503 0.1824, -0.0656 0.0521 0.1907, -0.0693 0.0549 0.1982, -0.0742 0.0587 0.2044, -0.0802 0.0633 0.2091, -0.0868 0.0683 0.212, -0.0937 0.0737 0.213, -0.1023 0.0608 0.213, -0.0947 0.0564 0.212, -0.0875 0.0523 0.2091, -0.081 0.0486 0.2044, -0.0756 0.0454 0.1982, -0.0716 0.0431 0.1907, -0.0727 0.0319 0.1736, -0.0737 0.0323 0.1824, -0.0763 0.0334 0.1907, -0.0807 0.0352 0.1982, -0.0864 0.0376 0.2044, -0.0933 0.0404 0.2091, -0.101 0.0436 0.212, -0.1091 0.047 0.213, -0.1141 0.0323 0.213, -0.1056 0.0301 0.212, -0.0976 0.0279 0.2091, -0.0904 0.026 0.2044, -0.0844 0.0244 0.1982, -0.0798 0.0232 0.1907, -0.0781 0.012 0.1736, -0.079 0.0122 0.1824, -0.0819 0.0126 0.1907, -0.0866 0.0132 0.1982, -0.0928 0.014 0.2044, -0.1002 0.015 0.2091, -0.1084 0.016 0.212, -0.1171 0.0172 0.213, -0.1181 0.0018 0.213, -0.1093 0.0018 0.212, -0.101 0.0018 0.2091, -0.0936 0.0018 0.2044, -0.0873 0.0018 0.1982, -0.0826 0.0018 0.1907, -0.0797 0.0018 0.1824, -0.0787 0.0018 0.1736, -0.1171 -0.0136 0.213, -0.1084 -0.0125 0.212, -0.1002 -0.0114 0.2091, -0.0928 -0.0104 0.2044, -0.0866 -0.0096 0.1982, -0.0819 -0.009 0.1907, -0.0761 -0.0186 0.1736, -0.077 -0.0189 0.1824, -0.0798 -0.0196 0.1907, -0.0844 -0.0208 0.1982, -0.0904 -0.0224 0.2044, -0.0976 -0.0244 0.2091, -0.1056 -0.0265 0.212, -0.1141 -0.0288 0.213, -0.1091 -0.0434 0.213, -0.101 -0.0401 0.212, -0.0933 -0.0369 0.2091, -0.0864 -0.034 0.2044, -0.0807 -0.0316 0.1982, -0.0763 -0.0299 0.1907, -0.0682 -0.0376 0.1736, -0.069 -0.0381 0.1824, -0.0716 -0.0395 0.1907, -0.0756 -0.0419 0.1982, -0.081 -0.045 0.2044, -0.0875 -0.0487 0.2091, -0.0947 -0.0529 0.212, -0.1023 -0.0573 0.213, -0.0937 -0.0701 0.213, -0.0868 -0.0648 0.212, -0.0802 -0.0597 0.2091, -0.0742 -0.0552 0.2044, -0.0693 -0.0514 0.1982, -0.0656 -0.0485 0.1907, -0.0584 -0.0567 0.1907, -0.0618 -0.06 0.1982, -0.0662 -0.0644 0.2044, -0.0714 -0.0697 0.2091, -0.0773 -0.0755 0.212, -0.0835 -0.0817 0.213, -0.0479 -0.0607 0.1736, -0.0485 -0.0615 0.1824, -0.0503 -0.0638 0.1907, -0.0532 -0.0675 0.1982, -0.057 -0.0725 0.2044, -0.0615 -0.0784 0.2091, -0.0666 -0.085 0.212, -0.0719 -0.0919 0.213, -0.0591 -0.1005 0.213, -0.0547 -0.0929 0.212, -0.0505 -0.0857 0.2091, -0.0468 -0.0793 0.2044, -0.0437 -0.0739 0.1982, -0.0413 -0.0698 0.1907, -0.0301 -0.071 0.1736, -0.0305 -0.0719 0.1824, -0.0316 -0.0746 0.1907, -0.0334 -0.0789 0.1982, -0.0358 -0.0847 0.2044, -0.0387 -0.0916 0.2091, -0.0418 -0.0993 0.212, -0.0452 -0.1073 0.213, -0.0306 -0.1123 0.213, -0.0283 -0.1039 0.212, -0.0261 -0.0958 0.2091, -0.0242 -0.0886 0.2044, -0.0226 -0.0826 0.1982, -0.0214 -0.0781 0.1907, -0.0103 -0.0763 0.1736, -0.0104 -0.0773 0.1824, -0.0108 -0.0802 0.1907, -0.0114 -0.0848 0.1982, -0.0122 -0.091 0.2044, -0.0132 -0.0984 0.2091, -0.0143 -0.1066 0.212, -0.0154 -0.1153 0.213, 0.0 -0.1163 0.213, 0.0 -0.1076 0.212, 0.0 -0.0993 0.2091, 0.0 -0.0918 0.2044, 0.0 -0.0856 0.1982, 0.0 -0.0809 0.1907, 0.0 -0.078 0.1824, 0.0 -0.077 0.1736, 0.0765 0.0192 0.1697, 0.0749 0.0261 0.1697, 0.0742 0.0259 0.1646, 0.0175 0.0783 0.1697, 0.0123 0.0795 0.1697, 0.0122 0.0789 0.1646, 0.0519 -0.0359 0.1507, 0.0454 -0.0436 0.1507, 0.0487 -0.0469 0.1526, 0.0092 -0.0566 0.15, 0.0 -0.0573 0.15, 0.0 -0.0624 0.1507, 0.0182 -0.0544 0.15, 0.01 -0.0616 0.1507, 0.0092 0.0601 0.15, 0.0182 0.0579 0.15, 0.0198 0.0628 0.1507, 0.0 0.0608 0.15, 0.01 0.0651 0.1507, 0.0583 -0.0075 0.15, 0.0562 -0.0165 0.15, 0.061 -0.0181 0.1507, 0.0572 -0.0274 0.1507, 0.0614 -0.0295 0.1526, 0.0418 -0.04 0.15, 0.0478 -0.0329 0.15, 0.0526 -0.025 0.15, 0.0591 0.0018 0.15, 0.0634 -0.0083 0.1507, 0.0655 -0.0195 0.1526, 0.065 -0.0314 0.1558, 0.0429 -0.0573 0.1558, 0.0405 -0.054 0.1526, 0.0377 -0.0501 0.1507, 0.0347 -0.046 0.15, 0.0583 0.011 0.15, 0.0641 0.0018 0.1507, 0.068 -0.009 0.1526, 0.0694 -0.0208 0.1558, 0.0678 -0.0328 0.1598, 0.0345 -0.066 0.1598, 0.0331 -0.0632 0.1558, 0.0313 -0.0596 0.1526, 0.0291 -0.0554 0.1507, 0.0268 -0.0508 0.15, 0.0538 0.0556 0.1598, 0.0447 0.0633 0.1598, 0.0429 0.0608 0.1558, 0.0562 0.02 0.15, 0.0634 0.0118 0.1507, 0.0689 0.0018 0.1526, 0.0721 -0.0096 0.1558, 0.0724 -0.0217 0.1598, 0.0696 -0.0337 0.1646, 0.0538 -0.052 0.1598, 0.0616 -0.043 0.1598, 0.059 -0.0411 0.1558, 0.0241 -0.0725 0.1646, 0.0235 -0.0706 0.1598, 0.0226 -0.0676 0.1558, 0.0213 -0.0638 0.1526, 0.0198 -0.0592 0.1507, 0.0459 0.0649 0.1646, 0.0552 0.057 0.1646, 0.0632 0.0477 0.1646, 0.0708 0.0359 0.1697, 0.0702 0.0375 0.1697, 0.0696 0.0372 0.1646, 0.0616 0.0465 0.1598, 0.0516 0.0534 0.1558, 0.0405 0.0575 0.1526, 0.0347 0.0495 0.15, 0.0418 0.0435 0.15, 0.0454 0.0471 0.1507, 0.0519 0.0395 0.1507, 0.0557 0.0423 0.1526, 0.0614 0.0331 0.1526, 0.065 0.0349 0.1558, 0.0694 0.0243 0.1558, 0.0724 0.0253 0.1598, 0.0752 0.0137 0.1598, 0.0771 0.014 0.1646, 0.0781 0.0018 0.1646, 0.0478 0.0365 0.15, 0.0572 0.0309 0.1507, 0.0655 0.0231 0.1526, 0.0721 0.0132 0.1558, 0.0761 0.0018 0.1598, 0.0771 -0.0104 0.1646, 0.0632 -0.0441 0.1646, 0.0552 -0.0534 0.1646, 0.0459 -0.0614 0.1646, 0.0341 -0.0691 0.1697, 0.0357 -0.0684 0.1697, 0.0354 -0.0678 0.1646, 0.0447 -0.0598 0.1598, 0.0516 -0.0498 0.1558, 0.0557 -0.0387 0.1526, 0.0 0.0659 0.1507, 0.0108 0.0698 0.1526, 0.0 0.0707 0.1526, 0.0114 0.0738 0.1558, 0.0 0.0747 0.1558, 0.0119 0.0769 0.1598, 0.0 0.0779 0.1598, 0.0 0.0798 0.1646, 0.0 0.0805 0.1697, 0.0213 0.0673 0.1526, 0.0226 0.0712 0.1558, 0.0235 0.0741 0.1598, 0.0241 0.076 0.1646, 0.0243 0.0767 0.1697, 0.0354 0.0713 0.1646, 0.0357 0.0719 0.1697, 0.0341 0.0726 0.1697, 0.0291 0.0589 0.1507, 0.0313 0.0632 0.1526, 0.0331 0.0668 0.1558, 0.0345 0.0696 0.1598, 0.0463 0.0655 0.1697, 0.0637 0.0481 0.1697, 0.0614 0.0507 0.1697, 0.0557 0.0574 0.1697, 0.049 0.0632 0.1697, 0.0678 0.0363 0.1598, 0.059 0.0447 0.1558, 0.0487 0.0505 0.1526, 0.0377 0.0537 0.1507, 0.0268 0.0544 0.15, 0.0708 -0.0323 0.1697, 0.0749 -0.0226 0.1697, 0.0742 -0.0224 0.1646, 0.0752 -0.0101 0.1598, 0.073 0.0018 0.1558, 0.068 0.0125 0.1526, 0.061 0.0216 0.1507, 0.0526 0.0286 0.15, 0.0765 -0.0157 0.1697, 0.0778 -0.0105 0.1697, 0.0787 0.0018 0.1697, 0.0778 0.0141 0.1697, 0.0702 -0.034 0.1697, 0.0637 -0.0445 0.1697, 0.0463 -0.0619 0.1697, 0.049 -0.0596 0.1697, 0.0557 -0.0539 0.1697, 0.0614 -0.0472 0.1697, 0.0243 -0.0731 0.1697, 0.0122 -0.0753 0.1646, 0.0123 -0.076 0.1697, 0.0175 -0.0748 0.1697, 0.0108 -0.0663 0.1526, 0.0114 -0.0703 0.1558, 0.0119 -0.0734 0.1598, 0.0 -0.0671 0.1526, 0.0 -0.0712 0.1558, 0.0 -0.0743 0.1598, 0.0 -0.0763 0.1646, 0.0 -0.077 0.1697, -0.0583 -0.0075 0.15, -0.0562 -0.0165 0.15, -0.0092 -0.0566 0.15, -0.0182 -0.0544 0.15, -0.0268 -0.0508 0.15, -0.0526 0.0286 0.15, -0.0092 0.0601 0.15, -0.0182 0.0579 0.15, -0.0562 0.02 0.15, -0.0583 0.011 0.15, -0.0591 0.0018 0.15, -0.0526 -0.025 0.15, -0.0478 -0.0329 0.15, -0.0418 -0.04 0.15, -0.0347 -0.046 0.15, -0.0268 0.0544 0.15, -0.0347 0.0495 0.15, -0.0418 0.0435 0.15, -0.0478 0.0365 0.15, 0.0103 -0.0763 0.1736, 0.0175 -0.0749 0.1736, 0.0204 -0.0743 0.1736, 0.0301 -0.071 0.1736, 0.0341 -0.069 0.1736, 0.0394 -0.0664 0.1736, 0.0479 -0.0607 0.1736, 0.049 -0.0597 0.1736, 0.0557 -0.0539 0.1736, 0.0615 -0.0473 0.1736, 0.0625 -0.0462 0.1736, 0.0682 -0.0376 0.1736, 0.0708 -0.0323 0.1736, 0.0727 -0.0284 0.1736, 0.0761 -0.0186 0.1736, 0.0766 -0.0157 0.1736, 0.0781 -0.0085 0.1736, 0.0787 0.0018 0.1736, 0.0781 0.012 0.1736, 0.0766 0.0193 0.1736, 0.0761 0.0222 0.1736, 0.0727 0.0319 0.1736, 0.0708 0.0359 0.1736, 0.0682 0.0411 0.1736, 0.0625 0.0497 0.1736, 0.0615 0.0508 0.1736, 0.0557 0.0574 0.1736, 0.049 0.0633 0.1736, 0.0479 0.0642 0.1736, 0.0394 0.07 0.1736, 0.0341 0.0726 0.1736, 0.0301 0.0745 0.1736, 0.0204 0.0778 0.1736, 0.0175 0.0784 0.1736, 0.0103 0.0798 0.1736
            ]
        }
        coordIndex [
            0,1,2,-1,0,2,3,-1,3,2,4,-1,3,4,5,-1,5,4,6,-1,5,6,7,-1,7,6,8,-1,7,8,9,-1,9,8,10,-1,9,10,11,-1,11,10,12,-1,11,12,13,-1,13,12,14,-1,13,14,15,-1,15,14,16,-1,15,16,17,-1,17,16,18,-1,17,18,19,-1,19,18,20,-1,19,20,21,-1,21,20,22,-1,21,22,23,-1,23,22,24,-1,23,24,25,-1,26,27,28,-1,29,30,31,-1,32,33,34,-1,35,36,37,-1,38,39,40,-1,41,42,43,-1,44,45,46,-1,47,48,49,-1,50,51,52,-1,53,54,55,-1,56,57,58,-1,59,60,61,-1,62,63,64,-1,64,63,65,-1,64,65,66,-1,66,65,67,-1,66,67,68,-1,68,67,69,-1,68,69,70,-1,70,69,71,-1,70,71,72,-1,72,71,73,-1,72,73,74,-1,74,73,61,-1,74,61,75,-1,75,61,60,-1,76,59,77,-1,77,59,61,-1,77,61,78,-1,78,61,73,-1,78,73,79,-1,79,73,71,-1,79,71,80,-1,80,71,69,-1,80,69,81,-1,81,69,67,-1,81,67,82,-1,82,67,65,-1,82,65,83,-1,83,65,63,-1,83,84,82,-1,82,84,85,-1,82,85,81,-1,81,85,86,-1,81,86,80,-1,80,86,87,-1,80,87,79,-1,79,87,88,-1,79,88,78,-1,78,88,89,-1,78,89,77,-1,77,89,58,-1,77,58,76,-1,76,58,57,-1,90,56,91,-1,91,56,58,-1,91,58,92,-1,92,58,89,-1,92,89,93,-1,93,89,88,-1,93,88,94,-1,94,88,87,-1,94,87,95,-1,95,87,86,-1,95,86,96,-1,96,86,85,-1,96,85,97,-1,97,85,84,-1,97,98,96,-1,96,98,99,-1,96,99,95,-1,95,99,100,-1,95,100,94,-1,94,100,101,-1,94,101,93,-1,93,101,102,-1,93,102,92,-1,92,102,103,-1,92,103,91,-1,91,103,55,-1,91,55,90,-1,90,55,54,-1,51,53,52,-1,52,53,55,-1,52,55,104,-1,104,55,103,-1,104,103,105,-1,105,103,102,-1,105,102,106,-1,106,102,101,-1,106,101,107,-1,107,101,100,-1,107,100,108,-1,108,100,99,-1,108,99,109,-1,109,99,98,-1,110,50,111,-1,111,50,52,-1,111,52,112,-1,112,52,104,-1,112,104,113,-1,113,104,105,-1,113,105,114,-1,114,105,106,-1,114,106,115,-1,115,106,107,-1,115,107,116,-1,116,107,108,-1,116,108,117,-1,117,108,109,-1,117,118,116,-1,116,118,119,-1,116,119,115,-1,115,119,120,-1,115,120,114,-1,114,120,121,-1,114,121,113,-1,113,121,122,-1,113,122,112,-1,112,122,123,-1,112,123,111,-1,111,123,49,-1,111,49,110,-1,110,49,48,-1,124,47,125,-1,125,47,49,-1,125,49,126,-1,126,49,123,-1,126,123,127,-1,127,123,122,-1,127,122,128,-1,128,122,121,-1,128,121,129,-1,129,121,120,-1,129,120,130,-1,130,120,119,-1,130,119,131,-1,131,119,118,-1,131,132,130,-1,130,132,133,-1,130,133,129,-1,129,133,134,-1,129,134,128,-1,128,134,135,-1,128,135,127,-1,127,135,136,-1,127,136,126,-1,126,136,137,-1,126,137,125,-1,125,137,46,-1,125,46,124,-1,124,46,45,-1,138,44,139,-1,139,44,46,-1,139,46,140,-1,140,46,137,-1,140,137,141,-1,141,137,136,-1,141,136,142,-1,142,136,135,-1,142,135,143,-1,143,135,134,-1,143,134,144,-1,144,134,133,-1,144,133,145,-1,145,133,132,-1,145,146,144,-1,144,146,147,-1,144,147,143,-1,143,147,148,-1,143,148,142,-1,142,148,149,-1,142,149,141,-1,141,149,150,-1,141,150,140,-1,140,150,151,-1,140,151,139,-1,139,151,152,-1,139,152,138,-1,138,152,153,-1,146,154,147,-1,147,154,155,-1,147,155,148,-1,148,155,156,-1,148,156,149,-1,149,156,157,-1,149,157,150,-1,150,157,158,-1,150,158,151,-1,151,158,159,-1,151,159,152,-1,152,159,43,-1,152,43,153,-1,153,43,42,-1,160,41,161,-1,161,41,43,-1,161,43,162,-1,162,43,159,-1,162,159,163,-1,163,159,158,-1,163,158,164,-1,164,158,157,-1,164,157,165,-1,165,157,156,-1,165,156,166,-1,166,156,155,-1,166,155,167,-1,167,155,154,-1,167,168,166,-1,166,168,169,-1,166,169,165,-1,165,169,170,-1,165,170,164,-1,164,170,171,-1,164,171,163,-1,163,171,172,-1,163,172,162,-1,162,172,173,-1,162,173,161,-1,161,173,40,-1,161,40,160,-1,160,40,39,-1,174,38,175,-1,175,38,40,-1,175,40,176,-1,176,40,173,-1,176,173,177,-1,177,173,172,-1,177,172,178,-1,178,172,171,-1,178,171,179,-1,179,171,170,-1,179,170,180,-1,180,170,169,-1,180,169,181,-1,181,169,168,-1,181,182,180,-1,180,182,183,-1,180,183,179,-1,179,183,184,-1,179,184,178,-1,178,184,185,-1,178,185,177,-1,177,185,186,-1,177,186,176,-1,176,186,187,-1,176,187,175,-1,175,187,37,-1,175,37,174,-1,174,37,36,-1,33,35,34,-1,34,35,37,-1,34,37,188,-1,188,37,187,-1,188,187,189,-1,189,187,186,-1,189,186,190,-1,190,186,185,-1,190,185,191,-1,191,185,184,-1,191,184,192,-1,192,184,183,-1,192,183,193,-1,193,183,182,-1,194,32,195,-1,195,32,34,-1,195,34,196,-1,196,34,188,-1,196,188,197,-1,197,188,189,-1,197,189,198,-1,198,189,190,-1,198,190,199,-1,199,190,191,-1,199,191,200,-1,200,191,192,-1,200,192,201,-1,201,192,193,-1,201,202,200,-1,200,202,203,-1,200,203,199,-1,199,203,204,-1,199,204,198,-1,198,204,205,-1,198,205,197,-1,197,205,206,-1,197,206,196,-1,196,206,207,-1,196,207,195,-1,195,207,31,-1,195,31,194,-1,194,31,30,-1,208,29,209,-1,209,29,31,-1,209,31,210,-1,210,31,207,-1,210,207,211,-1,211,207,206,-1,211,206,212,-1,212,206,205,-1,212,205,213,-1,213,205,204,-1,213,204,214,-1,214,204,203,-1,214,203,215,-1,215,203,202,-1,215,216,214,-1,214,216,217,-1,214,217,213,-1,213,217,218,-1,213,218,212,-1,212,218,219,-1,212,219,211,-1,211,219,220,-1,211,220,210,-1,210,220,221,-1,210,221,209,-1,209,221,28,-1,209,28,208,-1,208,28,27,-1,222,26,223,-1,223,26,28,-1,223,28,224,-1,224,28,221,-1,224,221,225,-1,225,221,220,-1,225,220,226,-1,226,220,219,-1,226,219,227,-1,227,219,218,-1,227,218,228,-1,228,218,217,-1,228,217,229,-1,229,217,216,-1,229,230,228,-1,228,230,231,-1,228,231,227,-1,227,231,232,-1,227,232,226,-1,226,232,233,-1,226,233,225,-1,225,233,234,-1,225,234,224,-1,224,234,235,-1,224,235,223,-1,223,235,236,-1,223,236,222,-1,222,236,237,-1,238,239,240,-1,241,242,243,-1,244,245,246,-1,247,248,249,-1,250,247,251,-1,252,253,254,-1,255,252,256,-1,257,258,259,-1,259,258,260,-1,259,260,261,-1,262,245,263,-1,263,245,244,-1,263,244,264,-1,265,257,266,-1,266,257,259,-1,266,259,267,-1,267,259,261,-1,267,261,268,-1,269,246,270,-1,270,246,245,-1,270,245,271,-1,271,245,262,-1,271,262,272,-1,273,265,274,-1,274,265,266,-1,274,266,275,-1,275,266,267,-1,275,267,276,-1,276,267,268,-1,276,268,277,-1,278,269,279,-1,279,269,270,-1,279,270,280,-1,280,270,271,-1,280,271,281,-1,281,271,272,-1,281,272,282,-1,283,284,285,-1,286,273,287,-1,287,273,274,-1,287,274,288,-1,288,274,275,-1,288,275,289,-1,289,275,276,-1,289,276,290,-1,290,276,277,-1,290,277,291,-1,292,293,294,-1,295,278,296,-1,296,278,279,-1,296,279,297,-1,297,279,280,-1,297,280,298,-1,298,280,281,-1,298,281,299,-1,299,281,282,-1,299,282,250,-1,300,284,301,-1,301,284,283,-1,301,283,302,-1,303,304,305,-1,305,304,302,-1,305,302,306,-1,306,302,283,-1,306,283,307,-1,307,283,285,-1,307,285,308,-1,309,310,311,-1,311,310,312,-1,311,312,313,-1,313,312,314,-1,313,314,315,-1,315,314,316,-1,315,316,317,-1,317,316,318,-1,317,318,319,-1,319,318,320,-1,310,321,312,-1,312,321,322,-1,312,322,314,-1,314,322,323,-1,314,323,316,-1,316,323,324,-1,316,324,318,-1,318,324,325,-1,318,325,320,-1,320,325,326,-1,327,293,328,-1,328,293,292,-1,328,292,329,-1,330,331,332,-1,332,331,329,-1,332,329,333,-1,333,329,292,-1,333,292,334,-1,334,292,294,-1,334,294,335,-1,255,256,336,-1,336,256,337,-1,336,337,338,-1,338,337,339,-1,338,339,340,-1,340,339,341,-1,340,341,342,-1,342,341,243,-1,342,243,343,-1,343,243,242,-1,343,242,344,-1,252,254,256,-1,256,254,345,-1,256,345,337,-1,337,345,346,-1,337,346,339,-1,339,346,347,-1,339,347,341,-1,341,347,348,-1,341,348,243,-1,243,348,349,-1,243,349,241,-1,350,351,352,-1,253,353,254,-1,254,353,354,-1,254,354,345,-1,345,354,355,-1,345,355,346,-1,346,355,356,-1,346,356,347,-1,347,356,350,-1,347,350,348,-1,348,350,352,-1,348,352,349,-1,353,308,354,-1,354,308,285,-1,354,285,355,-1,355,285,284,-1,355,284,356,-1,356,284,300,-1,356,300,350,-1,350,300,357,-1,350,357,351,-1,304,358,302,-1,302,358,359,-1,302,359,301,-1,301,359,360,-1,301,360,300,-1,300,360,361,-1,300,361,357,-1,239,303,240,-1,240,303,305,-1,240,305,362,-1,362,305,306,-1,362,306,363,-1,363,306,307,-1,363,307,364,-1,364,307,308,-1,364,308,365,-1,365,308,353,-1,365,353,366,-1,366,353,253,-1,366,309,365,-1,365,309,311,-1,365,311,364,-1,364,311,313,-1,364,313,363,-1,363,313,315,-1,363,315,362,-1,362,315,317,-1,362,317,240,-1,240,317,319,-1,240,319,238,-1,367,368,369,-1,369,368,326,-1,369,326,370,-1,370,326,325,-1,370,325,371,-1,371,325,324,-1,371,324,372,-1,372,324,323,-1,372,323,373,-1,373,323,322,-1,373,322,374,-1,374,322,321,-1,368,375,326,-1,326,375,376,-1,326,376,320,-1,320,376,377,-1,320,377,319,-1,319,377,378,-1,319,378,238,-1,379,367,291,-1,291,367,369,-1,291,369,290,-1,290,369,370,-1,290,370,289,-1,289,370,371,-1,289,371,288,-1,288,371,372,-1,288,372,287,-1,287,372,373,-1,287,373,286,-1,286,373,374,-1,260,335,261,-1,261,335,294,-1,261,294,268,-1,268,294,293,-1,268,293,277,-1,277,293,327,-1,277,327,291,-1,291,327,380,-1,291,380,379,-1,331,381,329,-1,329,381,382,-1,329,382,328,-1,328,382,383,-1,328,383,327,-1,327,383,384,-1,327,384,380,-1,385,330,295,-1,295,330,332,-1,295,332,278,-1,278,332,333,-1,278,333,269,-1,269,333,334,-1,269,334,246,-1,246,334,335,-1,246,335,244,-1,244,335,260,-1,244,260,264,-1,264,260,258,-1,386,387,388,-1,250,251,299,-1,299,251,389,-1,299,389,298,-1,298,389,390,-1,298,390,297,-1,297,390,391,-1,297,391,296,-1,296,391,386,-1,296,386,295,-1,295,386,388,-1,295,388,385,-1,247,249,251,-1,251,249,392,-1,251,392,389,-1,389,392,393,-1,389,393,390,-1,390,393,394,-1,390,394,391,-1,391,394,395,-1,391,395,386,-1,386,395,396,-1,386,396,387,-1,264,397,398,-1,399,248,400,-1,400,248,401,-1,248,247,401,-1,401,247,250,-1,401,250,282,-1,257,265,402,-1,402,265,273,-1,402,273,286,-1,366,403,404,-1,405,406,264,-1,264,406,407,-1,264,407,397,-1,398,408,264,-1,264,408,409,-1,264,409,410,-1,410,411,264,-1,264,411,401,-1,264,401,263,-1,282,272,401,-1,401,272,262,-1,401,262,263,-1,405,264,402,-1,402,264,258,-1,402,258,257,-1,286,374,402,-1,402,374,321,-1,402,321,310,-1,403,366,255,-1,255,366,253,-1,255,253,252,-1,404,412,366,-1,366,412,413,-1,366,413,414,-1,414,415,366,-1,366,415,402,-1,366,402,309,-1,309,402,310,-1,396,237,387,-1,387,237,416,-1,387,416,388,-1,388,416,417,-1,388,417,385,-1,385,417,418,-1,385,418,330,-1,418,419,330,-1,330,419,420,-1,330,420,331,-1,331,420,421,-1,331,421,381,-1,381,421,422,-1,381,422,382,-1,382,422,423,-1,382,423,383,-1,383,423,424,-1,383,424,384,-1,424,425,384,-1,384,425,426,-1,384,426,380,-1,380,426,379,-1,426,427,379,-1,379,427,428,-1,379,428,367,-1,367,428,429,-1,367,429,368,-1,368,429,430,-1,368,430,375,-1,375,430,431,-1,375,431,376,-1,376,431,432,-1,376,432,377,-1,377,432,433,-1,377,433,378,-1,378,433,434,-1,378,434,238,-1,434,435,238,-1,238,435,436,-1,238,436,239,-1,239,436,303,-1,436,437,303,-1,303,437,438,-1,303,438,304,-1,304,438,439,-1,304,439,358,-1,358,439,440,-1,358,440,359,-1,359,440,441,-1,359,441,360,-1,360,441,442,-1,360,442,361,-1,442,443,361,-1,361,443,444,-1,361,444,357,-1,357,444,351,-1,351,444,445,-1,351,445,352,-1,445,446,352,-1,352,446,447,-1,352,447,349,-1,349,447,448,-1,349,448,241,-1,241,448,449,-1,241,449,242,-1,242,449,450,-1,242,450,344,-1,344,450,75,-1,
        ]
    }
}
Shape{
    appearance Appearance {
        material  Material 	{
            diffuseColor 1.0 1.0 0.0
            specularColor 0.5019607843137255 0.5019607843137255 0.0
            ambientIntensity 0.886
            transparency 0.0
            shininess 0.5
        }
    }
    geometry IndexedFaceSet {
        ccw TRUE
        solid FALSE
        coord DEF co Coordinate {
            point [
                0.0984 -0.2939 0.0791, 0.0394 -0.2939 0.0791, 0.0984 -0.2939 0.0398, 0.0394 -0.2939 0.0398
            ]
        }
        coordIndex [
            0,1,2,-1,2,1,3,-1,
        ]
    }
}
Shape{
    appearance Appearance {
        material  Material 	{
            diffuseColor 0.25098039215686274 0.25098039215686274 0.25098039215686274
            specularColor 0.12549019607843137 0.12549019607843137 0.12549019607843137
            ambientIntensity 0.251
            transparency 0.0
            shininess 0.5
        }
    }
    geometry IndexedFaceSet {
        ccw TRUE
        solid FALSE
        coord DEF co Coordinate {
            point [
                0.0984 -0.2939 0.0398, 0.0394 -0.2939 0.0398, 0.0984 -0.2935 0.0398, 0.0394 -0.2935 0.0398, 0.0394 -0.2935 0.0791, 0.0394 -0.2939 0.0791, 0.0984 -0.2935 0.0791, 0.0984 -0.2939 0.0791
            ]
        }
        coordIndex [
            0,1,2,-1,2,1,3,-1,4,5,6,-1,6,5,7,-1,3,1,4,-1,4,1,5,-1,6,7,2,-1,2,7,0,-1,
        ]
    }
}
Shape{
    appearance Appearance {
        material  Material 	{
            diffuseColor 1.0 1.0 0.0
            specularColor 0.5019607843137255 0.5019607843137255 0.0
            ambientIntensity 0.886
            transparency 0.0
            shininess 0.5
        }
    }
    geometry IndexedFaceSet {
        ccw TRUE
        solid FALSE
        coord DEF co Coordinate {
            point [
                -0.0394 -0.2939 0.0791, -0.0984 -0.2939 0.0791, -0.0394 -0.2939 0.0398, -0.0984 -0.2939 0.0398
            ]
        }
        coordIndex [
            0,1,2,-1,2,1,3,-1,
        ]
    }
}
Shape{
    appearance Appearance {
        material  Material 	{
            diffuseColor 0.25098039215686274 0.25098039215686274 0.25098039215686274
            specularColor 0.12549019607843137 0.12549019607843137 0.12549019607843137
            ambientIntensity 0.251
            transparency 0.0
            shininess 0.5
        }
    }
    geometry IndexedFaceSet {
        ccw TRUE
        solid FALSE
        coord DEF co Coordinate {
            point [
                -0.0394 -0.2939 0.0398, -0.0984 -0.2939 0.0398, -0.0394 -0.2935 0.0398, -0.0984 -0.2935 0.0398, -0.0984 -0.2935 0.0791, -0.0984 -0.2939 0.0791, -0.0394 -0.2935 0.0791, -0.0394 -0.2939 0.0791, -0.0984 0.297 0.0398, -0.0984 0.2974 0.0398, -0.0394 0.297 0.0398, -0.0394 0.2974 0.0398, -0.0394 0.2974 0.0791, -0.0984 0.2974 0.0791, -0.0394 0.297 0.0791, -0.0984 0.297 0.0791
            ]
        }
        coordIndex [
            0,1,2,-1,2,1,3,-1,4,5,6,-1,6,5,7,-1,6,7,2,-1,2,7,0,-1,3,1,4,-1,4,1,5,-1,8,9,10,-1,10,9,11,-1,12,13,14,-1,14,13,15,-1,11,12,10,-1,10,12,14,-1,13,9,15,-1,15,9,8,-1,
        ]
    }
}
Shape{
    appearance Appearance {
        material  Material 	{
            diffuseColor 1.0 1.0 0.0
            specularColor 0.5019607843137255 0.5019607843137255 0.0
            ambientIntensity 0.886
            transparency 0.0
            shininess 0.5
        }
    }
    geometry IndexedFaceSet {
        ccw TRUE
        solid FALSE
        coord DEF co Coordinate {
            point [
                -0.0984 0.2974 0.0791, -0.0394 0.2974 0.0791, -0.0984 0.2974 0.0398, -0.0394 0.2974 0.0398
            ]
        }
        coordIndex [
            0,1,2,-1,2,1,3,-1,
        ]
    }
}
Shape{
    appearance Appearance {
        material  Material 	{
            diffuseColor 0.25098039215686274 0.25098039215686274 0.25098039215686274
            specularColor 0.12549019607843137 0.12549019607843137 0.12549019607843137
            ambientIntensity 0.251
            transparency 0.0
            shininess 0.5
        }
    }
    geometry IndexedFaceSet {
        ccw TRUE
        solid FALSE
        coord DEF co Coordinate {
            point [
                0.0394 0.297 0.0398, 0.0394 0.2974 0.0398, 0.0984 0.297 0.0398, 0.0984 0.2974 0.0398, 0.0984 0.2974 0.0791, 0.0394 0.2974 0.0791, 0.0984 0.297 0.0791, 0.0394 0.297 0.0791
            ]
        }
        coordIndex [
            0,1,2,-1,2,1,3,-1,4,5,6,-1,6,5,7,-1,5,1,7,-1,7,1,0,-1,
        ]
    }
}
Shape{
    appearance Appearance {
        material  Material 	{
            diffuseColor 1.0 1.0 0.0
            specularColor 0.5019607843137255 0.5019607843137255 0.0
            ambientIntensity 0.886
            transparency 0.0
            shininess 0.5
        }
    }
    geometry IndexedFaceSet {
        ccw TRUE
        solid FALSE
        coord DEF co Coordinate {
            point [
                0.0394 0.2974 0.0791, 0.0984 0.2974 0.0791, 0.0394 0.2974 0.0398, 0.0984 0.2974 0.0398
            ]
        }
        coordIndex [
            0,1,2,-1,2,1,3,-1,
        ]
    }
}
Shape{
    appearance Appearance {
        material  Material 	{
            diffuseColor 0.25098039215686274 0.25098039215686274 0.25098039215686274
            specularColor 0.12549019607843137 0.12549019607843137 0.12549019607843137
            ambientIntensity 0.251
            transparency 0.0
            shininess 0.5
        }
    }
    geometry IndexedFaceSet {
        ccw TRUE
        solid FALSE
        coord DEF co Coordinate {
            point [
                0.0984 0.2974 0.0398, 0.0984 0.2974 0.0791, 0.0984 0.297 0.0398, 0.0984 0.297 0.0791, 0.2953 -0.2935 0.0004, -0.2953 -0.2935 0.0004, 0.2953 0.297 0.0004, -0.2953 0.297 0.0004, 0.2953 0.297 0.213, 0.2953 -0.2935 0.213, -0.2953 -0.2935 0.213, -0.2953 0.297 0.213, -0.0394 0.297 0.0791, -0.0984 0.297 0.0791, -0.0394 0.297 0.0398, -0.0984 0.297 0.0398, 0.0394 0.297 0.0791, 0.0394 0.297 0.0398, 0.0 0.0805 0.1697, 0.0 0.0805 0.1736, -0.0123 0.0795 0.1697, -0.0103 0.0798 0.1736, -0.0175 0.0783 0.1697, -0.0175 0.0784 0.1736, -0.0204 0.0778 0.1736, -0.0243 0.0767 0.1697, -0.0341 0.0726 0.1697, -0.0301 0.0745 0.1736, -0.0341 0.0726 0.1736, -0.0357 0.0719 0.1697, -0.0394 0.07 0.1736, -0.0463 0.0655 0.1697, -0.0479 0.0642 0.1736, -0.049 0.0632 0.1697, -0.049 0.0633 0.1736, -0.0557 0.0574 0.1697, -0.0557 0.0574 0.1736, -0.0614 0.0507 0.1697, -0.0615 0.0508 0.1736, -0.0637 0.0481 0.1697, -0.0625 0.0497 0.1736, -0.0702 0.0375 0.1697, -0.0682 0.0411 0.1736, -0.0708 0.0359 0.1697, -0.0708 0.0359 0.1736, -0.0727 0.0319 0.1736, -0.0749 0.0261 0.1697, -0.0761 0.0222 0.1736, -0.0765 0.0192 0.1697, -0.0766 0.0193 0.1736, -0.0778 0.0141 0.1697, -0.0781 0.012 0.1736, -0.0787 0.0018 0.1697, -0.0787 0.0018 0.1736, -0.0778 -0.0105 0.1697, -0.0781 -0.0085 0.1736, -0.0765 -0.0157 0.1697, -0.0766 -0.0157 0.1736, -0.0749 -0.0226 0.1697, -0.0761 -0.0186 0.1736, -0.0708 -0.0323 0.1697, -0.0727 -0.0284 0.1736, -0.0708 -0.0323 0.1736, -0.0702 -0.034 0.1697, -0.0682 -0.0376 0.1736, -0.0637 -0.0445 0.1697, -0.0625 -0.0462 0.1736, -0.0614 -0.0472 0.1697, -0.0615 -0.0473 0.1736, -0.0557 -0.0539 0.1697, -0.0557 -0.0539 0.1736, -0.049 -0.0596 0.1697, -0.049 -0.0597 0.1736, -0.0463 -0.0619 0.1697, -0.0479 -0.0607 0.1736, -0.0357 -0.0684 0.1697, 0.0 -0.077 0.1736, 0.0 -0.077 0.1697, -0.0103 -0.0763 0.1736, -0.0123 -0.076 0.1697, -0.0175 -0.0749 0.1736, -0.0175 -0.0748 0.1697, -0.0204 -0.0743 0.1736, -0.0243 -0.0731 0.1697, -0.0301 -0.071 0.1736, -0.0341 -0.0691 0.1697, -0.0341 -0.069 0.1736, -0.0394 -0.0664 0.1736, -0.0742 -0.0224 0.1646, -0.0122 -0.0753 0.1646, -0.0519 0.0395 0.1507, -0.0454 0.0471 0.1507, -0.0487 0.0505 0.1526, -0.0092 0.0601 0.15, 0.0 0.0608 0.15, 0.0 0.0659 0.1507, -0.0182 0.0579 0.15, -0.01 0.0651 0.1507, -0.0092 -0.0566 0.15, -0.0182 -0.0544 0.15, -0.0198 -0.0592 0.1507, 0.0 -0.0573 0.15, -0.01 -0.0616 0.1507, -0.0583 0.011 0.15, -0.0562 0.02 0.15, -0.061 0.0216 0.1507, -0.0572 0.0309 0.1507, -0.0614 0.0331 0.1526, -0.0418 0.0435 0.15, -0.0478 0.0365 0.15, -0.0526 0.0286 0.15, -0.0591 0.0018 0.15, -0.0634 0.0118 0.1507, -0.0655 0.0231 0.1526, -0.065 0.0349 0.1558, -0.0429 0.0608 0.1558, -0.0405 0.0575 0.1526, -0.0377 0.0537 0.1507, -0.0347 0.0495 0.15, -0.0583 -0.0075 0.15, -0.0641 0.0018 0.1507, -0.068 0.0125 0.1526, -0.0694 0.0243 0.1558, -0.0678 0.0363 0.1598, -0.0345 0.0696 0.1598, -0.0331 0.0668 0.1558, -0.0313 0.0632 0.1526, -0.0291 0.0589 0.1507, -0.0268 0.0544 0.15, -0.0538 -0.052 0.1598, -0.0447 -0.0598 0.1598, -0.0429 -0.0573 0.1558, -0.0562 -0.0165 0.15, -0.0634 -0.0083 0.1507, -0.0689 0.0018 0.1526, -0.0721 0.0132 0.1558, -0.0724 0.0253 0.1598, -0.0696 0.0372 0.1646, -0.0538 0.0556 0.1598, -0.0616 0.0465 0.1598, -0.059 0.0447 0.1558, -0.0241 0.076 0.1646, -0.0235 0.0741 0.1598, -0.0226 0.0712 0.1558, -0.0213 0.0673 0.1526, -0.0198 0.0628 0.1507, -0.0459 -0.0614 0.1646, -0.0552 -0.0534 0.1646, -0.0632 -0.0441 0.1646, -0.0696 -0.0337 0.1646, -0.0616 -0.043 0.1598, -0.0516 -0.0498 0.1558, -0.0405 -0.054 0.1526, -0.0347 -0.046 0.15, -0.0418 -0.04 0.15, -0.0454 -0.0436 0.1507, -0.0519 -0.0359 0.1507, -0.0557 -0.0387 0.1526, -0.0614 -0.0295 0.1526, -0.065 -0.0314 0.1558, -0.0694 -0.0208 0.1558, -0.0724 -0.0217 0.1598, -0.0752 -0.0101 0.1598, -0.0771 -0.0104 0.1646, -0.0781 0.0018 0.1646, -0.0478 -0.0329 0.15, -0.0572 -0.0274 0.1507, -0.0655 -0.0195 0.1526, -0.0721 -0.0096 0.1558, -0.0761 0.0018 0.1598, -0.0771 0.014 0.1646, -0.0632 0.0477 0.1646, -0.0552 0.057 0.1646, -0.0459 0.0649 0.1646, -0.0354 0.0713 0.1646, -0.0447 0.0633 0.1598, -0.0516 0.0534 0.1558, -0.0557 0.0423 0.1526, 0.0 -0.0624 0.1507, -0.0108 -0.0663 0.1526, 0.0 -0.0671 0.1526, -0.0114 -0.0703 0.1558, 0.0 -0.0712 0.1558, -0.0119 -0.0734 0.1598, 0.0 -0.0743 0.1598, 0.0 -0.0763 0.1646, -0.0213 -0.0638 0.1526, -0.0226 -0.0676 0.1558, -0.0235 -0.0706 0.1598, -0.0241 -0.0725 0.1646, -0.0354 -0.0678 0.1646, -0.0291 -0.0554 0.1507, -0.0313 -0.0596 0.1526, -0.0331 -0.0632 0.1558, -0.0345 -0.066 0.1598, -0.0678 -0.0328 0.1598, -0.059 -0.0411 0.1558, -0.0487 -0.0469 0.1526, -0.0377 -0.0501 0.1507, -0.0268 -0.0508 0.15, -0.0742 0.0259 0.1646, -0.0752 0.0137 0.1598, -0.073 0.0018 0.1558, -0.068 -0.009 0.1526, -0.061 -0.0181 0.1507, -0.0526 -0.025 0.15, -0.0122 0.0789 0.1646, -0.0108 0.0698 0.1526, -0.0114 0.0738 0.1558, -0.0119 0.0769 0.1598, 0.0 0.0707 0.1526, 0.0 0.0747 0.1558, 0.0 0.0779 0.1598, 0.0 0.0798 0.1646, 0.0175 0.0784 0.1736, 0.0204 0.0778 0.1736, 0.0206 0.0788 0.1824, 0.0341 0.0726 0.1736, 0.0394 0.07 0.1736, 0.0399 0.0708 0.1824, 0.049 0.0633 0.1736, 0.0557 0.0574 0.1736, 0.0564 0.0581 0.1824, 0.0615 0.0508 0.1736, 0.0625 0.0497 0.1736, 0.0633 0.0503 0.1824, 0.0708 0.0359 0.1736, 0.0727 0.0319 0.1736, 0.0737 0.0323 0.1824, 0.0766 0.0193 0.1736, 0.0781 0.012 0.1736, 0.079 0.0122 0.1824, 0.0766 -0.0157 0.1736, 0.0761 -0.0186 0.1736, 0.077 -0.0189 0.1824, 0.0708 -0.0323 0.1736, 0.0682 -0.0376 0.1736, 0.069 -0.0381 0.1824, 0.0615 -0.0473 0.1736, 0.0557 -0.0539 0.1736, 0.0564 -0.0546 0.1824, 0.049 -0.0597 0.1736, 0.0479 -0.0607 0.1736, 0.0485 -0.0615 0.1824, 0.0341 -0.069 0.1736, 0.0301 -0.071 0.1736, 0.0305 -0.0719 0.1824, 0.0175 -0.0749 0.1736, 0.0103 -0.0763 0.1736, 0.0104 -0.0773 0.1824, 0.0 -0.1163 0.213, 0.0154 -0.1153 0.213, 0.0 -0.1076 0.212, 0.0143 -0.1066 0.212, 0.0 -0.0993 0.2091, 0.0132 -0.0984 0.2091, 0.0 -0.0918 0.2044, 0.0122 -0.091 0.2044, 0.0 -0.0856 0.1982, 0.0114 -0.0848 0.1982, 0.0 -0.0809 0.1907, 0.0108 -0.0802 0.1907, 0.0 -0.078 0.1824, 0.0204 -0.0743 0.1736, 0.0206 -0.0752 0.1824, 0.0214 -0.0781 0.1907, 0.0226 -0.0826 0.1982, 0.0242 -0.0886 0.2044, 0.0261 -0.0958 0.2091, 0.0283 -0.1039 0.212, 0.0306 -0.1123 0.213, 0.0452 -0.1073 0.213, 0.0418 -0.0993 0.212, 0.0387 -0.0916 0.2091, 0.0358 -0.0847 0.2044, 0.0334 -0.0789 0.1982, 0.0316 -0.0746 0.1907, 0.0394 -0.0664 0.1736, 0.0399 -0.0673 0.1824, 0.0413 -0.0698 0.1907, 0.0437 -0.0739 0.1982, 0.0468 -0.0793 0.2044, 0.0505 -0.0857 0.2091, 0.0547 -0.0929 0.212, 0.0591 -0.1005 0.213, 0.0719 -0.0919 0.213, 0.0666 -0.085 0.212, 0.0615 -0.0784 0.2091, 0.057 -0.0725 0.2044, 0.0532 -0.0675 0.1982, 0.0503 -0.0638 0.1907, 0.0584 -0.0567 0.1907, 0.0618 -0.06 0.1982, 0.0662 -0.0644 0.2044, 0.0714 -0.0697 0.2091, 0.0773 -0.0755 0.212, 0.0835 -0.0817 0.213, 0.0625 -0.0462 0.1736, 0.0633 -0.0468 0.1824, 0.0656 -0.0485 0.1907, 0.0693 -0.0514 0.1982, 0.0742 -0.0552 0.2044, 0.0802 -0.0597 0.2091, 0.0868 -0.0648 0.212, 0.0937 -0.0701 0.213, 0.1023 -0.0573 0.213, 0.0947 -0.0529 0.212, 0.0875 -0.0487 0.2091, 0.081 -0.045 0.2044, 0.0756 -0.0419 0.1982, 0.0716 -0.0395 0.1907, 0.0727 -0.0284 0.1736, 0.0737 -0.0287 0.1824, 0.0763 -0.0299 0.1907, 0.0807 -0.0316 0.1982, 0.0864 -0.034 0.2044, 0.0933 -0.0369 0.2091, 0.101 -0.0401 0.212, 0.1091 -0.0434 0.213, 0.1141 -0.0288 0.213, 0.1056 -0.0265 0.212, 0.0976 -0.0244 0.2091, 0.0904 -0.0224 0.2044, 0.0844 -0.0208 0.1982, 0.0798 -0.0196 0.1907, 0.0781 -0.0085 0.1736, 0.079 -0.0086 0.1824, 0.0819 -0.009 0.1907, 0.0866 -0.0096 0.1982, 0.0928 -0.0104 0.2044, 0.1002 -0.0114 0.2091, 0.1084 -0.0125 0.212, 0.1171 -0.0136 0.213, 0.1181 0.0018 0.213, 0.1093 0.0018 0.212, 0.101 0.0018 0.2091, 0.0936 0.0018 0.2044, 0.0873 0.0018 0.1982, 0.0826 0.0018 0.1907, 0.0797 0.0018 0.1824, 0.0787 0.0018 0.1736, 0.1171 0.0172 0.213, 0.1084 0.016 0.212, 0.1002 0.015 0.2091, 0.0928 0.014 0.2044, 0.0866 0.0132 0.1982, 0.0819 0.0126 0.1907, 0.0761 0.0222 0.1736, 0.077 0.0224 0.1824, 0.0798 0.0232 0.1907, 0.0844 0.0244 0.1982, 0.0904 0.026 0.2044, 0.0976 0.0279 0.2091, 0.1056 0.0301 0.212, 0.1141 0.0323 0.213, 0.1091 0.047 0.213, 0.101 0.0436 0.212, 0.0933 0.0404 0.2091, 0.0864 0.0376 0.2044, 0.0807 0.0352 0.1982, 0.0763 0.0334 0.1907, 0.0682 0.0411 0.1736, 0.069 0.0416 0.1824, 0.0716 0.0431 0.1907, 0.0756 0.0454 0.1982, 0.081 0.0486 0.2044, 0.0875 0.0523 0.2091, 0.0947 0.0564 0.212, 0.1023 0.0608 0.213, 0.0937 0.0737 0.213, 0.0868 0.0683 0.212, 0.0802 0.0633 0.2091, 0.0742 0.0587 0.2044, 0.0693 0.0549 0.1982, 0.0656 0.0521 0.1907, 0.0584 0.0602 0.1907, 0.0618 0.0635 0.1982, 0.0662 0.0679 0.2044, 0.0714 0.0732 0.2091, 0.0773 0.0791 0.212, 0.0835 0.0853 0.213, 0.0479 0.0642 0.1736, 0.0485 0.065 0.1824, 0.0503 0.0673 0.1907, 0.0532 0.0711 0.1982, 0.057 0.076 0.2044, 0.0615 0.0819 0.2091, 0.0666 0.0885 0.212, 0.0719 0.0955 0.213, 0.0591 0.1041 0.213, 0.0547 0.0965 0.212, 0.0505 0.0893 0.2091, 0.0468 0.0828 0.2044, 0.0437 0.0774 0.1982, 0.0413 0.0733 0.1907, 0.0301 0.0745 0.1736, 0.0305 0.0754 0.1824, 0.0316 0.0781 0.1907, 0.0334 0.0825 0.1982, 0.0358 0.0882 0.2044, 0.0387 0.0951 0.2091, 0.0418 0.1028 0.212, 0.0452 0.1109 0.213, 0.0306 0.1159 0.213, 0.0283 0.1074 0.212, 0.0261 0.0994 0.2091, 0.0242 0.0921 0.2044, 0.0226 0.0861 0.1982, 0.0214 0.0816 0.1907, 0.0103 0.0798 0.1736, 0.0104 0.0808 0.1824, 0.0108 0.0837 0.1907, 0.0114 0.0884 0.1982, 0.0122 0.0945 0.2044, 0.0132 0.1019 0.2091, 0.0143 0.1102 0.212, 0.0154 0.1189 0.213, 0.0 0.1199 0.213, 0.0 0.1111 0.212, 0.0 0.1028 0.2091, 0.0 0.0953 0.2044, 0.0 0.0891 0.1982, 0.0 0.0844 0.1907, 0.0 0.0815 0.1824, -0.2018 0.1593 0.2134, -0.2018 0.1593 0.213, -0.1903 0.1608 0.213, -0.1903 0.1608 0.2134, -0.1796 0.1652 0.213, -0.1796 0.1652 0.2134, -0.1705 0.1722 0.213, -0.1705 0.1722 0.2134, -0.1634 0.1814 0.213, -0.1634 0.1814 0.2134, -0.159 0.1921 0.213, -0.159 0.1921 0.2134, -0.1575 0.2035 0.213, -0.1575 0.2035 0.2134, -0.159 0.215 0.213, -0.159 0.215 0.2134, -0.1634 0.2257 0.213, -0.1634 0.2257 0.2134, -0.1705 0.2349 0.213, -0.1705 0.2349 0.2134, -0.1796 0.2419 0.213, -0.1796 0.2419 0.2134, -0.1903 0.2463 0.213, -0.1903 0.2463 0.2134, -0.2018 0.2478 0.213, -0.2018 0.2478 0.2134
            ]
        }
        coordIndex [
            0,1,2,-1,2,1,3,-1,4,5,6,-1,6,5,7,-1,8,9,6,-1,6,9,4,-1,10,11,5,-1,5,11,7,-1,12,13,11,-1,14,6,7,-1,11,13,7,-1,7,13,15,-1,7,15,14,-1,11,8,12,-1,12,8,16,-1,12,16,14,-1,14,16,17,-1,14,17,6,-1,6,17,2,-1,6,2,8,-1,8,2,3,-1,8,3,16,-1,18,19,20,-1,20,19,21,-1,20,21,22,-1,21,23,22,-1,22,23,24,-1,22,24,25,-1,25,24,26,-1,24,27,26,-1,26,27,28,-1,26,28,29,-1,29,28,30,-1,29,30,31,-1,31,30,32,-1,31,32,33,-1,33,32,34,-1,33,34,35,-1,35,34,36,-1,35,36,37,-1,37,36,38,-1,37,38,39,-1,39,38,40,-1,39,40,41,-1,41,40,42,-1,41,42,43,-1,42,44,43,-1,43,44,45,-1,43,45,46,-1,46,45,47,-1,46,47,48,-1,48,47,49,-1,48,49,50,-1,50,49,51,-1,50,51,52,-1,52,51,53,-1,52,53,54,-1,54,53,55,-1,54,55,56,-1,56,55,57,-1,56,57,58,-1,58,57,59,-1,58,59,60,-1,59,61,60,-1,60,61,62,-1,60,62,63,-1,63,62,64,-1,63,64,65,-1,65,64,66,-1,65,66,67,-1,67,66,68,-1,67,68,69,-1,69,68,70,-1,69,70,71,-1,71,70,72,-1,71,72,73,-1,73,72,74,-1,73,74,75,-1,76,77,78,-1,78,77,79,-1,78,79,80,-1,80,79,81,-1,80,81,82,-1,82,81,83,-1,82,83,84,-1,84,83,85,-1,84,85,86,-1,86,85,75,-1,86,75,87,-1,87,75,74,-1,56,58,88,-1,81,79,89,-1,90,91,92,-1,93,94,95,-1,96,93,97,-1,98,99,100,-1,101,98,102,-1,103,104,105,-1,105,104,106,-1,105,106,107,-1,108,91,109,-1,109,91,90,-1,109,90,110,-1,111,103,112,-1,112,103,105,-1,112,105,113,-1,113,105,107,-1,113,107,114,-1,115,92,116,-1,116,92,91,-1,116,91,117,-1,117,91,108,-1,117,108,118,-1,119,111,120,-1,120,111,112,-1,120,112,121,-1,121,112,113,-1,121,113,122,-1,122,113,114,-1,122,114,123,-1,124,115,125,-1,125,115,116,-1,125,116,126,-1,126,116,117,-1,126,117,127,-1,127,117,118,-1,127,118,128,-1,129,130,131,-1,132,119,133,-1,133,119,120,-1,133,120,134,-1,134,120,121,-1,134,121,135,-1,135,121,122,-1,135,122,136,-1,136,122,123,-1,136,123,137,-1,138,139,140,-1,141,124,142,-1,142,124,125,-1,142,125,143,-1,143,125,126,-1,143,126,144,-1,144,126,127,-1,144,127,145,-1,145,127,128,-1,145,128,96,-1,146,130,147,-1,147,130,129,-1,147,129,148,-1,60,63,149,-1,149,63,148,-1,149,148,150,-1,150,148,129,-1,150,129,151,-1,151,129,131,-1,151,131,152,-1,153,154,155,-1,155,154,156,-1,155,156,157,-1,157,156,158,-1,157,158,159,-1,159,158,160,-1,159,160,161,-1,161,160,162,-1,161,162,163,-1,163,162,164,-1,154,165,156,-1,156,165,166,-1,156,166,158,-1,158,166,167,-1,158,167,160,-1,160,167,168,-1,160,168,162,-1,162,168,169,-1,162,169,164,-1,164,169,170,-1,171,139,172,-1,172,139,138,-1,172,138,173,-1,26,29,174,-1,174,29,173,-1,174,173,175,-1,175,173,138,-1,175,138,176,-1,176,138,140,-1,176,140,177,-1,101,102,178,-1,178,102,179,-1,178,179,180,-1,180,179,181,-1,180,181,182,-1,182,181,183,-1,182,183,184,-1,184,183,89,-1,184,89,185,-1,185,89,79,-1,185,79,77,-1,98,100,102,-1,102,100,186,-1,102,186,179,-1,179,186,187,-1,179,187,181,-1,181,187,188,-1,181,188,183,-1,183,188,189,-1,183,189,89,-1,89,189,83,-1,89,83,81,-1,190,75,85,-1,99,191,100,-1,100,191,192,-1,100,192,186,-1,186,192,193,-1,186,193,187,-1,187,193,194,-1,187,194,188,-1,188,194,190,-1,188,190,189,-1,189,190,85,-1,189,85,83,-1,191,152,192,-1,192,152,131,-1,192,131,193,-1,193,131,130,-1,193,130,194,-1,194,130,146,-1,194,146,190,-1,190,146,73,-1,190,73,75,-1,63,65,148,-1,148,65,67,-1,148,67,147,-1,147,67,69,-1,147,69,146,-1,146,69,71,-1,146,71,73,-1,58,60,88,-1,88,60,149,-1,88,149,195,-1,195,149,150,-1,195,150,196,-1,196,150,151,-1,196,151,197,-1,197,151,152,-1,197,152,198,-1,198,152,191,-1,198,191,199,-1,199,191,99,-1,199,153,198,-1,198,153,155,-1,198,155,197,-1,197,155,157,-1,197,157,196,-1,196,157,159,-1,196,159,195,-1,195,159,161,-1,195,161,88,-1,88,161,163,-1,88,163,56,-1,43,46,200,-1,200,46,170,-1,200,170,201,-1,201,170,169,-1,201,169,202,-1,202,169,168,-1,202,168,203,-1,203,168,167,-1,203,167,204,-1,204,167,166,-1,204,166,205,-1,205,166,165,-1,46,48,170,-1,170,48,50,-1,170,50,164,-1,164,50,52,-1,164,52,163,-1,163,52,54,-1,163,54,56,-1,41,43,137,-1,137,43,200,-1,137,200,136,-1,136,200,201,-1,136,201,135,-1,135,201,202,-1,135,202,134,-1,134,202,203,-1,134,203,133,-1,133,203,204,-1,133,204,132,-1,132,204,205,-1,106,177,107,-1,107,177,140,-1,107,140,114,-1,114,140,139,-1,114,139,123,-1,123,139,171,-1,123,171,137,-1,137,171,39,-1,137,39,41,-1,29,31,173,-1,173,31,33,-1,173,33,172,-1,172,33,35,-1,172,35,171,-1,171,35,37,-1,171,37,39,-1,25,26,141,-1,141,26,174,-1,141,174,124,-1,124,174,175,-1,124,175,115,-1,115,175,176,-1,115,176,92,-1,92,176,177,-1,92,177,90,-1,90,177,106,-1,90,106,110,-1,110,106,104,-1,206,20,22,-1,96,97,145,-1,145,97,207,-1,145,207,144,-1,144,207,208,-1,144,208,143,-1,143,208,209,-1,143,209,142,-1,142,209,206,-1,142,206,141,-1,141,206,22,-1,141,22,25,-1,93,95,97,-1,97,95,210,-1,97,210,207,-1,207,210,211,-1,207,211,208,-1,208,211,212,-1,208,212,209,-1,209,212,213,-1,209,213,206,-1,206,213,18,-1,206,18,20,-1,214,215,216,-1,217,218,219,-1,220,221,222,-1,223,224,225,-1,226,227,228,-1,229,230,231,-1,232,233,234,-1,235,236,237,-1,238,239,240,-1,241,242,243,-1,244,245,246,-1,247,248,249,-1,250,251,252,-1,252,251,253,-1,252,253,254,-1,254,253,255,-1,254,255,256,-1,256,255,257,-1,256,257,258,-1,258,257,259,-1,258,259,260,-1,260,259,261,-1,260,261,262,-1,262,261,249,-1,262,249,76,-1,76,249,248,-1,263,247,264,-1,264,247,249,-1,264,249,265,-1,265,249,261,-1,265,261,266,-1,266,261,259,-1,266,259,267,-1,267,259,257,-1,267,257,268,-1,268,257,255,-1,268,255,269,-1,269,255,253,-1,269,253,270,-1,270,253,251,-1,270,271,269,-1,269,271,272,-1,269,272,268,-1,268,272,273,-1,268,273,267,-1,267,273,274,-1,267,274,266,-1,266,274,275,-1,266,275,265,-1,265,275,276,-1,265,276,264,-1,264,276,246,-1,264,246,263,-1,263,246,245,-1,277,244,278,-1,278,244,246,-1,278,246,279,-1,279,246,276,-1,279,276,280,-1,280,276,275,-1,280,275,281,-1,281,275,274,-1,281,274,282,-1,282,274,273,-1,282,273,283,-1,283,273,272,-1,283,272,284,-1,284,272,271,-1,284,285,283,-1,283,285,286,-1,283,286,282,-1,282,286,287,-1,282,287,281,-1,281,287,288,-1,281,288,280,-1,280,288,289,-1,280,289,279,-1,279,289,290,-1,279,290,278,-1,278,290,243,-1,278,243,277,-1,277,243,242,-1,239,241,240,-1,240,241,243,-1,240,243,291,-1,291,243,290,-1,291,290,292,-1,292,290,289,-1,292,289,293,-1,293,289,288,-1,293,288,294,-1,294,288,287,-1,294,287,295,-1,295,287,286,-1,295,286,296,-1,296,286,285,-1,297,238,298,-1,298,238,240,-1,298,240,299,-1,299,240,291,-1,299,291,300,-1,300,291,292,-1,300,292,301,-1,301,292,293,-1,301,293,302,-1,302,293,294,-1,302,294,303,-1,303,294,295,-1,303,295,304,-1,304,295,296,-1,304,305,303,-1,303,305,306,-1,303,306,302,-1,302,306,307,-1,302,307,301,-1,301,307,308,-1,301,308,300,-1,300,308,309,-1,300,309,299,-1,299,309,310,-1,299,310,298,-1,298,310,237,-1,298,237,297,-1,297,237,236,-1,311,235,312,-1,312,235,237,-1,312,237,313,-1,313,237,310,-1,313,310,314,-1,314,310,309,-1,314,309,315,-1,315,309,308,-1,315,308,316,-1,316,308,307,-1,316,307,317,-1,317,307,306,-1,317,306,318,-1,318,306,305,-1,318,319,317,-1,317,319,320,-1,317,320,316,-1,316,320,321,-1,316,321,315,-1,315,321,322,-1,315,322,314,-1,314,322,323,-1,314,323,313,-1,313,323,324,-1,313,324,312,-1,312,324,234,-1,312,234,311,-1,311,234,233,-1,325,232,326,-1,326,232,234,-1,326,234,327,-1,327,234,324,-1,327,324,328,-1,328,324,323,-1,328,323,329,-1,329,323,322,-1,329,322,330,-1,330,322,321,-1,330,321,331,-1,331,321,320,-1,331,320,332,-1,332,320,319,-1,332,333,331,-1,331,333,334,-1,331,334,330,-1,330,334,335,-1,330,335,329,-1,329,335,336,-1,329,336,328,-1,328,336,337,-1,328,337,327,-1,327,337,338,-1,327,338,326,-1,326,338,339,-1,326,339,325,-1,325,339,340,-1,333,341,334,-1,334,341,342,-1,334,342,335,-1,335,342,343,-1,335,343,336,-1,336,343,344,-1,336,344,337,-1,337,344,345,-1,337,345,338,-1,338,345,346,-1,338,346,339,-1,339,346,231,-1,339,231,340,-1,340,231,230,-1,347,229,348,-1,348,229,231,-1,348,231,349,-1,349,231,346,-1,349,346,350,-1,350,346,345,-1,350,345,351,-1,351,345,344,-1,351,344,352,-1,352,344,343,-1,352,343,353,-1,353,343,342,-1,353,342,354,-1,354,342,341,-1,354,355,353,-1,353,355,356,-1,353,356,352,-1,352,356,357,-1,352,357,351,-1,351,357,358,-1,351,358,350,-1,350,358,359,-1,350,359,349,-1,349,359,360,-1,349,360,348,-1,348,360,228,-1,348,228,347,-1,347,228,227,-1,361,226,362,-1,362,226,228,-1,362,228,363,-1,363,228,360,-1,363,360,364,-1,364,360,359,-1,364,359,365,-1,365,359,358,-1,365,358,366,-1,366,358,357,-1,366,357,367,-1,367,357,356,-1,367,356,368,-1,368,356,355,-1,368,369,367,-1,367,369,370,-1,367,370,366,-1,366,370,371,-1,366,371,365,-1,365,371,372,-1,365,372,364,-1,364,372,373,-1,364,373,363,-1,363,373,374,-1,363,374,362,-1,362,374,225,-1,362,225,361,-1,361,225,224,-1,221,223,222,-1,222,223,225,-1,222,225,375,-1,375,225,374,-1,375,374,376,-1,376,374,373,-1,376,373,377,-1,377,373,372,-1,377,372,378,-1,378,372,371,-1,378,371,379,-1,379,371,370,-1,379,370,380,-1,380,370,369,-1,381,220,382,-1,382,220,222,-1,382,222,383,-1,383,222,375,-1,383,375,384,-1,384,375,376,-1,384,376,385,-1,385,376,377,-1,385,377,386,-1,386,377,378,-1,386,378,387,-1,387,378,379,-1,387,379,388,-1,388,379,380,-1,388,389,387,-1,387,389,390,-1,387,390,386,-1,386,390,391,-1,386,391,385,-1,385,391,392,-1,385,392,384,-1,384,392,393,-1,384,393,383,-1,383,393,394,-1,383,394,382,-1,382,394,219,-1,382,219,381,-1,381,219,218,-1,395,217,396,-1,396,217,219,-1,396,219,397,-1,397,219,394,-1,397,394,398,-1,398,394,393,-1,398,393,399,-1,399,393,392,-1,399,392,400,-1,400,392,391,-1,400,391,401,-1,401,391,390,-1,401,390,402,-1,402,390,389,-1,402,403,401,-1,401,403,404,-1,401,404,400,-1,400,404,405,-1,400,405,399,-1,399,405,406,-1,399,406,398,-1,398,406,407,-1,398,407,397,-1,397,407,408,-1,397,408,396,-1,396,408,216,-1,396,216,395,-1,395,216,215,-1,409,214,410,-1,410,214,216,-1,410,216,411,-1,411,216,408,-1,411,408,412,-1,412,408,407,-1,412,407,413,-1,413,407,406,-1,413,406,414,-1,414,406,405,-1,414,405,415,-1,415,405,404,-1,415,404,416,-1,416,404,403,-1,416,417,415,-1,415,417,418,-1,415,418,414,-1,414,418,419,-1,414,419,413,-1,413,419,420,-1,413,420,412,-1,412,420,421,-1,412,421,411,-1,411,421,422,-1,411,422,410,-1,410,422,423,-1,410,423,409,-1,409,423,19,-1,424,425,426,-1,424,426,427,-1,427,426,428,-1,427,428,429,-1,429,428,430,-1,429,430,431,-1,431,430,432,-1,431,432,433,-1,433,432,434,-1,433,434,435,-1,435,434,436,-1,435,436,437,-1,437,436,438,-1,437,438,439,-1,439,438,440,-1,439,440,441,-1,441,440,442,-1,441,442,443,-1,443,442,444,-1,443,444,445,-1,445,444,446,-1,445,446,447,-1,447,446,448,-1,447,448,449,-1,
        ]
    }
}
Shape{
    appearance Appearance {
        material  Material 	{
            diffuseColor 0.25098039215686274 0.25098039215686274 0.25098039215686274
            specularColor 0.25098039215686274 0.25098039215686274 0.25098039215686274
            ambientIntensity 0.251
            transparency 0.0
            shininess 0.5
        }
    }
    geometry IndexedFaceSet {
        ccw TRUE
        solid FALSE
        coord DEF co Coordinate {
            point [
                -0.2239 0.2419 0.213, -0.2132 0.2463 0.213, -0.2953 0.297 0.213, -0.2018 0.1593 0.213, -0.2132 0.1608 0.213, -0.2953 -0.2935 0.213, -0.2239 0.1652 0.213, -0.2331 0.1722 0.213, -0.2446 0.215 0.213, -0.2401 0.2257 0.213, -0.2331 0.2349 0.213, -0.2401 0.1814 0.213, -0.2446 0.1921 0.213, -0.2461 0.2035 0.213, -0.2018 0.2478 0.213, -0.1903 0.2463 0.213, 0.2953 0.297 0.213, -0.1796 0.2419 0.213, -0.1705 0.2349 0.213, -0.1634 0.2257 0.213, -0.0154 -0.1153 0.213, 0.0 -0.1163 0.213, 0.2953 -0.2935 0.213, 0.0154 -0.1153 0.213, -0.0306 -0.1123 0.213, -0.0452 -0.1073 0.213, -0.0591 -0.1005 0.213, -0.1903 0.1608 0.213, -0.1091 -0.0434 0.213, -0.1023 -0.0573 0.213, -0.0937 -0.0701 0.213, -0.0719 -0.0919 0.213, -0.0835 -0.0817 0.213, -0.159 0.215 0.213, -0.1575 0.2035 0.213, -0.159 0.1921 0.213, -0.0154 0.1189 0.213, 0.0 0.1199 0.213, 0.0154 0.1189 0.213, -0.0719 0.0955 0.213, -0.1634 0.1814 0.213, -0.0835 0.0853 0.213, -0.1705 0.1722 0.213, -0.0937 0.0737 0.213, -0.1796 0.1652 0.213, -0.1023 0.0608 0.213, 0.0719 0.0955 0.213, 0.0835 0.0853 0.213, 0.0937 0.0737 0.213, 0.0306 0.1159 0.213, 0.0452 0.1109 0.213, 0.0591 0.1041 0.213, -0.1141 -0.0288 0.213, -0.1171 -0.0136 0.213, -0.1181 0.0018 0.213, -0.1171 0.0172 0.213, -0.1141 0.0323 0.213, -0.1091 0.047 0.213, 0.1023 0.0608 0.213, 0.1091 0.047 0.213, 0.1141 0.0323 0.213, -0.0591 0.1041 0.213, -0.0452 0.1109 0.213, -0.0306 0.1159 0.213, 0.0591 -0.1005 0.213, 0.0452 -0.1073 0.213, 0.0306 -0.1123 0.213, 0.1141 -0.0288 0.213, 0.1091 -0.0434 0.213, 0.1023 -0.0573 0.213, 0.0937 -0.0701 0.213, 0.0835 -0.0817 0.213, 0.0719 -0.0919 0.213, 0.1171 0.0172 0.213, 0.1181 0.0018 0.213, 0.1171 -0.0136 0.213
            ]
        }
        coordIndex [
            0,1,2,-1,3,4,5,-1,5,4,6,-1,5,6,7,-1,8,9,2,-1,2,9,10,-1,2,10,0,-1,7,11,5,-1,5,11,12,-1,5,12,2,-1,2,12,13,-1,2,13,8,-1,1,14,2,-1,2,14,15,-1,2,15,16,-1,15,17,16,-1,16,17,18,-1,16,18,19,-1,20,5,21,-1,21,5,22,-1,21,22,23,-1,20,24,5,-1,5,24,25,-1,5,25,26,-1,27,3,28,-1,28,3,5,-1,28,5,29,-1,29,5,30,-1,26,31,5,-1,5,31,32,-1,5,32,30,-1,19,33,16,-1,16,33,34,-1,16,34,35,-1,36,37,35,-1,35,37,38,-1,39,40,41,-1,41,40,42,-1,41,42,43,-1,43,42,44,-1,43,44,45,-1,46,47,16,-1,16,47,48,-1,38,49,35,-1,35,49,50,-1,35,50,16,-1,16,50,51,-1,16,51,46,-1,28,52,27,-1,27,52,53,-1,27,53,54,-1,54,55,27,-1,27,55,56,-1,27,56,44,-1,44,56,57,-1,44,57,45,-1,48,58,16,-1,16,58,59,-1,16,59,60,-1,39,61,40,-1,40,61,62,-1,40,62,35,-1,35,62,63,-1,35,63,36,-1,64,65,22,-1,22,65,66,-1,22,66,23,-1,67,68,22,-1,22,68,69,-1,22,69,70,-1,70,71,22,-1,22,71,72,-1,22,72,64,-1,60,73,16,-1,16,73,74,-1,16,74,22,-1,22,74,75,-1,22,75,67,-1,
        ]
    }
}
Shape{
    appearance Appearance {
        material  Material 	{
            diffuseColor 1.0 1.0 1.0
            specularColor 0.5019607843137255 0.5019607843137255 0.5019607843137255
            ambientIntensity 1.0
            transparency 0.0
            shininess 0.5
        }
    }
    geometry IndexedFaceSet {
        ccw TRUE
        solid FALSE
        coord DEF co Coordinate {
            point [
                -0.1815 -0.2974 0.1777, -0.1815 -0.2974 0.1758, -0.1815 -0.2935 0.1777, -0.1815 -0.2935 0.1758, -0.1878 -0.2974 0.1777, -0.1878 -0.2935 0.1777, -0.1878 -0.2974 0.1919, -0.1878 -0.2935 0.1919, -0.1899 -0.2974 0.1919, -0.1899 -0.2935 0.1919, -0.1899 -0.2974 0.1758, -0.1899 -0.2935 0.1758, -0.1688 -0.2935 0.1765, -0.1688 -0.2974 0.1765, -0.1691 -0.2974 0.1764, -0.1732 -0.2935 0.1756, -0.1718 -0.2935 0.1757, -0.1732 -0.2974 0.1756, -0.1708 -0.2974 0.1758, -0.1708 -0.2935 0.1758, -0.1695 -0.2935 0.1762, -0.1691 -0.2935 0.1764, -0.1688 -0.2974 0.1785, -0.1688 -0.2935 0.1785, -0.1695 -0.2935 0.1782, -0.1704 -0.2974 0.1778, -0.1704 -0.2935 0.1778, -0.1722 -0.2935 0.1774, -0.1722 -0.2974 0.1774, -0.1729 -0.2935 0.1774, -0.1729 -0.2974 0.1774, -0.1746 -0.2935 0.1776, -0.1746 -0.2974 0.1776, -0.1757 -0.2935 0.178, -0.1757 -0.2974 0.178, -0.1767 -0.2935 0.1788, -0.1767 -0.2974 0.1788, -0.1771 -0.2935 0.1791, -0.1771 -0.2974 0.1791, -0.1778 -0.2935 0.18, -0.1778 -0.2974 0.18, -0.1783 -0.2935 0.1813, -0.1783 -0.2974 0.1813, -0.1786 -0.2935 0.1828, -0.1786 -0.2974 0.1828, -0.1786 -0.2935 0.1837, -0.1786 -0.2974 0.1837, -0.1784 -0.2935 0.1859, -0.1784 -0.2974 0.1859, -0.1778 -0.2935 0.1873, -0.1778 -0.2974 0.1873, -0.1771 -0.2935 0.1884, -0.1771 -0.2974 0.1884, -0.177 -0.2935 0.1885, -0.177 -0.2974 0.1885, -0.176 -0.2935 0.1893, -0.176 -0.2974 0.1893, -0.1748 -0.2935 0.1899, -0.1748 -0.2974 0.1899, -0.1734 -0.2935 0.1902, -0.1734 -0.2974 0.1902, -0.1726 -0.2935 0.1903, -0.1726 -0.2974 0.1903, -0.1688 -0.2935 0.1893, -0.1688 -0.2974 0.1893, -0.169 -0.2974 0.1894, -0.1706 -0.2935 0.19, -0.1706 -0.2974 0.19, -0.1695 -0.2935 0.1896, -0.169 -0.2935 0.1894, -0.1688 -0.2974 0.1915, -0.1688 -0.2935 0.1915, -0.1695 -0.2935 0.1917, -0.1705 -0.2974 0.192, -0.1726 -0.2935 0.1921, -0.1726 -0.2974 0.1921, -0.1709 -0.2935 0.192, -0.1705 -0.2935 0.192, -0.1737 -0.2935 0.192, -0.1749 -0.2974 0.1918, -0.1749 -0.2935 0.1918, -0.1766 -0.2935 0.1912, -0.1766 -0.2974 0.1912, -0.1781 -0.2935 0.1901, -0.1781 -0.2974 0.1901, -0.1785 -0.2935 0.1898, -0.1785 -0.2974 0.1898, -0.1797 -0.2935 0.1882, -0.1797 -0.2974 0.1882, -0.1804 -0.2935 0.1865, -0.1804 -0.2974 0.1865, -0.1808 -0.2935 0.1844, -0.1808 -0.2974 0.1844, -0.1808 -0.2935 0.1835, -0.1808 -0.2974 0.1835, -0.1805 -0.2935 0.1809, -0.1805 -0.2974 0.1809, -0.1798 -0.2935 0.1793, -0.1798 -0.2974 0.1793, -0.1789 -0.2935 0.1779, -0.1789 -0.2974 0.1779, -0.1787 -0.2935 0.1778, -0.1787 -0.2974 0.1778, -0.1742 -0.2974 0.1756, -0.1775 -0.2935 0.1767, -0.1775 -0.2974 0.1767, -0.1759 -0.2935 0.176, -0.1759 -0.2974 0.176, -0.1746 -0.2935 0.1757, -0.1742 -0.2935 0.1756, -0.157 -0.2974 0.1777, -0.157 -0.2974 0.1758, -0.157 -0.2935 0.1777, -0.157 -0.2935 0.1758, -0.1635 -0.2935 0.1777, -0.1635 -0.2974 0.1777, -0.1592 -0.2935 0.1777, -0.1635 -0.2974 0.1831, -0.1635 -0.2935 0.1831, -0.1578 -0.2935 0.1831, -0.1578 -0.2974 0.1831, -0.1592 -0.2935 0.1831, -0.1578 -0.2974 0.1849, -0.1578 -0.2935 0.1849, -0.1635 -0.2935 0.1849, -0.1635 -0.2974 0.1849, -0.1592 -0.2935 0.1849, -0.1635 -0.2974 0.19, -0.1635 -0.2935 0.19, -0.1574 -0.2935 0.19, -0.1574 -0.2974 0.19, -0.1592 -0.2935 0.19, -0.1574 -0.2974 0.1919, -0.1574 -0.2935 0.1919, -0.1656 -0.2935 0.1919, -0.1656 -0.2974 0.1919, -0.1592 -0.2935 0.1919, -0.1656 -0.2974 0.1758, -0.1656 -0.2935 0.1758, -0.1592 -0.2935 0.1758, -0.1433 -0.2974 0.1781, -0.145 -0.2974 0.1792, -0.145 -0.2974 0.1769, -0.146 -0.2974 0.1784, -0.1468 -0.2974 0.1762, -0.1473 -0.2974 0.1779, -0.1496 -0.2974 0.1758, -0.1496 -0.2974 0.1777, -0.154 -0.2974 0.1758, -0.1519 -0.2974 0.1777, -0.154 -0.2974 0.1919, -0.1519 -0.2974 0.19, -0.1494 -0.2974 0.1919, -0.1495 -0.2974 0.19, -0.1489 -0.2974 0.19, -0.147 -0.2974 0.1916, -0.1472 -0.2974 0.1897, -0.145 -0.2974 0.1909, -0.1458 -0.2974 0.1892, -0.1433 -0.2974 0.1897, -0.1449 -0.2974 0.1885, -0.1428 -0.2974 0.1892, -0.1444 -0.2974 0.1881, -0.1418 -0.2974 0.1878, -0.1438 -0.2974 0.1872, -0.1412 -0.2974 0.1863, -0.1433 -0.2974 0.186, -0.1409 -0.2974 0.184, -0.1431 -0.2974 0.184, -0.141 -0.2974 0.183, -0.1432 -0.2974 0.1828, -0.1414 -0.2974 0.1812, -0.1435 -0.2974 0.1814, -0.1422 -0.2974 0.1795, -0.1441 -0.2974 0.1802, -0.1448 -0.2974 0.1793, -0.1496 -0.2935 0.1758, -0.154 -0.2935 0.1758, -0.1433 -0.2935 0.1781, -0.1468 -0.2935 0.1762, -0.1466 -0.2935 0.1763, -0.145 -0.2935 0.1769, -0.1422 -0.2935 0.1795, -0.1414 -0.2935 0.1812, -0.141 -0.2935 0.183, -0.1409 -0.2935 0.184, -0.1412 -0.2935 0.1863, -0.1418 -0.2935 0.1878, -0.1428 -0.2935 0.1892, -0.1433 -0.2935 0.1897, -0.1494 -0.2935 0.1919, -0.145 -0.2935 0.1909, -0.1466 -0.2935 0.1915, -0.147 -0.2935 0.1916, -0.154 -0.2935 0.1919, -0.1495 -0.2935 0.19, -0.1519 -0.2935 0.19, -0.1519 -0.2935 0.1777, -0.1496 -0.2935 0.1777, -0.1448 -0.2935 0.1793, -0.145 -0.2935 0.1792, -0.146 -0.2935 0.1784, -0.1473 -0.2935 0.1779, -0.1431 -0.2935 0.184, -0.1432 -0.2935 0.1828, -0.1435 -0.2935 0.1814, -0.1441 -0.2935 0.1802, -0.1449 -0.2935 0.1885, -0.1444 -0.2935 0.1881, -0.1438 -0.2935 0.1872, -0.1433 -0.2935 0.186, -0.1489 -0.2935 0.19, -0.1472 -0.2935 0.1897, -0.1458 -0.2935 0.1892
            ]
        }
        coordIndex [
            0,1,2,-1,2,1,3,-1,4,0,5,-1,5,0,2,-1,6,4,7,-1,7,4,5,-1,8,6,9,-1,9,6,7,-1,10,8,11,-1,11,8,9,-1,1,10,3,-1,3,10,11,-1,6,8,4,-1,4,8,10,-1,4,10,0,-1,0,10,1,-1,12,13,14,-1,15,16,17,-1,17,16,18,-1,16,19,18,-1,18,19,20,-1,18,20,14,-1,14,20,21,-1,14,21,12,-1,22,13,23,-1,23,13,12,-1,22,23,24,-1,22,24,25,-1,24,26,25,-1,25,26,27,-1,25,27,28,-1,28,27,29,-1,28,29,30,-1,30,29,31,-1,30,31,32,-1,32,31,33,-1,32,33,34,-1,34,33,35,-1,34,35,36,-1,36,35,37,-1,36,37,38,-1,38,37,39,-1,38,39,40,-1,40,39,41,-1,40,41,42,-1,42,41,43,-1,42,43,44,-1,44,43,45,-1,44,45,46,-1,46,45,47,-1,46,47,48,-1,48,47,49,-1,48,49,50,-1,50,49,51,-1,50,51,52,-1,52,51,53,-1,52,53,54,-1,54,53,55,-1,54,55,56,-1,56,55,57,-1,56,57,58,-1,58,57,59,-1,58,59,60,-1,60,59,61,-1,60,61,62,-1,63,64,65,-1,62,61,66,-1,62,66,67,-1,67,66,68,-1,67,68,65,-1,65,68,69,-1,65,69,63,-1,70,64,71,-1,71,64,63,-1,70,71,72,-1,70,72,73,-1,74,75,76,-1,76,75,73,-1,76,73,77,-1,77,73,72,-1,75,74,78,-1,75,78,79,-1,78,80,79,-1,79,80,81,-1,79,81,82,-1,82,81,83,-1,82,83,84,-1,84,83,85,-1,84,85,86,-1,86,85,87,-1,86,87,88,-1,88,87,89,-1,88,89,90,-1,90,89,91,-1,90,91,92,-1,92,91,93,-1,92,93,94,-1,94,93,95,-1,94,95,96,-1,96,95,97,-1,96,97,98,-1,98,97,99,-1,98,99,100,-1,100,99,101,-1,100,101,102,-1,15,17,103,-1,102,101,104,-1,102,104,105,-1,105,104,106,-1,105,106,107,-1,107,106,108,-1,107,108,103,-1,103,108,109,-1,103,109,15,-1,56,58,79,-1,48,50,88,-1,88,50,86,-1,79,58,75,-1,58,60,75,-1,75,60,62,-1,75,62,73,-1,73,62,67,-1,73,67,70,-1,70,67,65,-1,70,65,64,-1,13,22,14,-1,14,22,25,-1,14,25,18,-1,18,25,28,-1,18,28,17,-1,17,28,30,-1,17,30,103,-1,103,30,32,-1,103,32,107,-1,107,32,34,-1,107,34,105,-1,105,34,36,-1,105,36,102,-1,102,36,38,-1,102,38,100,-1,100,38,40,-1,100,40,98,-1,94,46,92,-1,92,46,48,-1,92,48,90,-1,90,48,88,-1,50,52,86,-1,86,52,54,-1,86,54,84,-1,84,54,56,-1,84,56,82,-1,82,56,79,-1,98,40,96,-1,96,40,42,-1,96,42,94,-1,94,42,44,-1,94,44,46,-1,110,111,112,-1,112,111,113,-1,114,115,116,-1,116,115,110,-1,116,110,112,-1,117,115,118,-1,118,115,114,-1,119,120,121,-1,121,120,117,-1,121,117,118,-1,122,120,123,-1,123,120,119,-1,124,125,126,-1,126,125,122,-1,126,122,123,-1,127,125,128,-1,128,125,124,-1,129,130,131,-1,131,130,127,-1,131,127,128,-1,132,130,133,-1,133,130,129,-1,134,135,136,-1,136,135,132,-1,136,132,133,-1,137,135,138,-1,138,135,134,-1,113,111,139,-1,139,111,137,-1,139,137,138,-1,137,111,110,-1,110,115,137,-1,137,115,117,-1,137,117,135,-1,130,132,127,-1,127,132,135,-1,127,135,125,-1,125,135,117,-1,125,117,122,-1,122,117,120,-1,140,141,142,-1,142,141,143,-1,142,143,144,-1,144,143,145,-1,144,145,146,-1,146,145,147,-1,146,147,148,-1,148,147,149,-1,148,149,150,-1,150,149,151,-1,150,151,152,-1,151,153,152,-1,152,153,154,-1,152,154,155,-1,155,154,156,-1,155,156,157,-1,157,156,158,-1,157,158,159,-1,159,158,160,-1,159,160,161,-1,161,160,162,-1,161,162,163,-1,163,162,164,-1,163,164,165,-1,165,164,166,-1,165,166,167,-1,167,166,168,-1,167,168,169,-1,169,168,170,-1,169,170,171,-1,171,170,172,-1,171,172,173,-1,173,172,174,-1,173,174,140,-1,140,174,175,-1,140,175,141,-1,146,148,176,-1,176,148,177,-1,178,140,142,-1,146,176,179,-1,146,179,144,-1,144,179,180,-1,144,180,142,-1,142,180,181,-1,142,181,178,-1,140,178,182,-1,140,182,173,-1,173,182,183,-1,173,183,171,-1,171,183,184,-1,171,184,169,-1,169,184,185,-1,169,185,167,-1,167,185,186,-1,167,186,165,-1,165,186,187,-1,165,187,163,-1,163,187,188,-1,163,188,161,-1,161,188,189,-1,161,189,159,-1,190,152,155,-1,159,189,191,-1,159,191,157,-1,157,191,192,-1,157,192,155,-1,155,192,193,-1,155,193,190,-1,150,152,194,-1,194,152,190,-1,148,150,177,-1,177,150,194,-1,153,151,195,-1,195,151,196,-1,151,149,196,-1,196,149,197,-1,149,147,197,-1,197,147,198,-1,175,199,200,-1,175,200,141,-1,141,200,201,-1,141,201,143,-1,143,201,202,-1,143,202,145,-1,145,202,198,-1,145,198,147,-1,168,203,204,-1,168,204,170,-1,170,204,205,-1,170,205,172,-1,172,205,206,-1,172,206,174,-1,174,206,199,-1,174,199,175,-1,160,207,208,-1,160,208,162,-1,162,208,209,-1,162,209,164,-1,164,209,210,-1,164,210,166,-1,166,210,203,-1,166,203,168,-1,153,195,211,-1,153,211,154,-1,154,211,212,-1,154,212,156,-1,156,212,213,-1,156,213,158,-1,158,213,207,-1,158,207,160,-1,
        ]
    }
}
Shape{
    appearance Appearance {
        material  Material 	{
            diffuseColor 0.25098039215686274 0.25098039215686274 0.25098039215686274
            specularColor 0.12549019607843137 0.12549019607843137 0.12549019607843137
            ambientIntensity 0.251
            transparency 0.0
            shininess 0.5
        }
    }
    geometry IndexedFaceSet {
        ccw TRUE
        solid FALSE
        coord DEF co Coordinate {
            point [
                -0.1495 -0.2935 0.19, -0.1519 -0.2935 0.19, -0.1519 -0.2935 0.1777, -0.1435 -0.2935 0.1814, -0.1432 -0.2935 0.1828, -0.1489 -0.2935 0.19, -0.1496 -0.2935 0.1777, -0.1473 -0.2935 0.1779, -0.146 -0.2935 0.1784, -0.145 -0.2935 0.1792, -0.1448 -0.2935 0.1793, -0.1441 -0.2935 0.1802, -0.1449 -0.2935 0.1885, -0.1431 -0.2935 0.184, -0.1458 -0.2935 0.1892, -0.1472 -0.2935 0.1897, -0.1433 -0.2935 0.186, -0.1438 -0.2935 0.1872, -0.1444 -0.2935 0.1881
            ]
        }
        coordIndex [
            0,1,2,-1,3,4,5,-1,2,6,0,-1,0,6,7,-1,0,7,8,-1,8,9,0,-1,0,9,10,-1,0,10,5,-1,5,10,11,-1,5,11,3,-1,12,4,13,-1,12,14,4,-1,4,14,15,-1,4,15,5,-1,16,17,13,-1,13,17,18,-1,13,18,12,-1,
        ]
    }
}
Shape{
    appearance Appearance {
        material  Material 	{
            diffuseColor 1.0 1.0 1.0
            specularColor 0.5019607843137255 0.5019607843137255 0.5019607843137255
            ambientIntensity 1.0
            transparency 0.0
            shininess 0.5
        }
    }
    geometry IndexedFaceSet {
        ccw TRUE
        solid FALSE
        coord DEF co Coordinate {
            point [
                -0.1356 -0.2974 0.182, -0.1362 -0.2974 0.1802, -0.1302 -0.2974 0.182, -0.1296 -0.2974 0.1802, -0.1332 -0.2974 0.1887, -0.1339 -0.2974 0.1919, -0.14 -0.2974 0.1758, -0.1378 -0.2974 0.1758, -0.133 -0.2974 0.1892, -0.1329 -0.2974 0.1898, -0.1317 -0.2974 0.1919, -0.1329 -0.2974 0.1898, -0.1327 -0.2974 0.1891, -0.1326 -0.2974 0.1887, -0.1256 -0.2974 0.1758, -0.1279 -0.2974 0.1758, -0.1317 -0.2935 0.1919, -0.1256 -0.2935 0.1758, -0.1339 -0.2935 0.1919, -0.14 -0.2935 0.1758, -0.1354 -0.2935 0.188, -0.1378 -0.2935 0.1758, -0.1362 -0.2935 0.1802, -0.1296 -0.2935 0.1802, -0.1354 -0.2935 0.1802, -0.1279 -0.2935 0.1758, -0.1356 -0.2935 0.182, -0.1302 -0.2935 0.182, -0.1326 -0.2935 0.1887, -0.1329 -0.2935 0.1898, -0.1327 -0.2935 0.1891, -0.1329 -0.2935 0.1898, -0.1332 -0.2935 0.1887, -0.133 -0.2935 0.1892
            ]
        }
        coordIndex [
            0,1,2,-1,2,1,3,-1,4,5,0,-1,0,5,6,-1,0,6,1,-1,1,6,7,-1,4,8,5,-1,5,8,9,-1,5,9,10,-1,10,9,11,-1,10,11,12,-1,12,13,10,-1,10,13,2,-1,10,2,14,-1,14,2,3,-1,14,3,15,-1,10,14,16,-1,16,14,17,-1,5,10,18,-1,18,10,16,-1,19,6,20,-1,20,6,5,-1,20,5,18,-1,7,6,21,-1,21,6,19,-1,1,7,22,-1,22,7,21,-1,23,3,24,-1,24,3,1,-1,24,1,22,-1,15,3,25,-1,25,3,23,-1,14,15,17,-1,17,15,25,-1,0,2,26,-1,26,2,27,-1,2,13,27,-1,27,13,28,-1,11,29,30,-1,11,30,12,-1,12,30,28,-1,12,28,13,-1,11,9,29,-1,29,9,31,-1,4,32,33,-1,4,33,8,-1,8,33,31,-1,8,31,9,-1,4,0,32,-1,32,0,26,-1,
        ]
    }
}
Shape{
    appearance Appearance {
        material  Material 	{
            diffuseColor 0.25098039215686274 0.25098039215686274 0.25098039215686274
            specularColor 0.12549019607843137 0.12549019607843137 0.12549019607843137
            ambientIntensity 0.251
            transparency 0.0
            shininess 0.5
        }
    }
    geometry IndexedFaceSet {
        ccw TRUE
        solid FALSE
        coord DEF co Coordinate {
            point [
                -0.1329 -0.2935 0.1898, -0.1329 -0.2935 0.1898, -0.1327 -0.2935 0.1891, -0.133 -0.2935 0.1892, -0.1326 -0.2935 0.1887, -0.1332 -0.2935 0.1887, -0.1302 -0.2935 0.182, -0.1356 -0.2935 0.182
            ]
        }
        coordIndex [
            0,1,2,-1,2,1,3,-1,2,3,4,-1,4,3,5,-1,4,5,6,-1,6,5,7,-1,
        ]
    }
}
Shape{
    appearance Appearance {
        material  Material 	{
            diffuseColor 1.0 1.0 1.0
            specularColor 0.5019607843137255 0.5019607843137255 0.5019607843137255
            ambientIntensity 1.0
            transparency 0.0
            shininess 0.5
        }
    }
    geometry IndexedFaceSet {
        ccw TRUE
        solid FALSE
        coord DEF co Coordinate {
            point [
                -0.1813 -0.2974 0.1523, -0.1813 -0.2974 0.1504, -0.1813 -0.2935 0.1523, -0.1813 -0.2935 0.1504, -0.1878 -0.2974 0.1523, -0.1878 -0.2935 0.1523, -0.1878 -0.2974 0.1576, -0.1878 -0.2935 0.1576, -0.1821 -0.2974 0.1576, -0.1821 -0.2935 0.1576, -0.1821 -0.2974 0.1595, -0.1821 -0.2935 0.1595, -0.1878 -0.2974 0.1595, -0.1878 -0.2935 0.1595, -0.1878 -0.2935 0.1646, -0.1878 -0.2974 0.1646, -0.1878 -0.2935 0.1643, -0.1817 -0.2974 0.1646, -0.1817 -0.2935 0.1646, -0.1817 -0.2974 0.1664, -0.1817 -0.2935 0.1664, -0.1899 -0.2974 0.1664, -0.1899 -0.2935 0.1664, -0.1899 -0.2935 0.1504, -0.1899 -0.2974 0.1504, -0.1899 -0.2935 0.1643, -0.1766 -0.2974 0.1553, -0.1762 -0.2974 0.1555, -0.1772 -0.2974 0.1568, -0.1722 -0.2974 0.1522, -0.1722 -0.2974 0.1522, -0.1723 -0.2974 0.154, -0.1722 -0.2974 0.1549, -0.1702 -0.2974 0.1578, -0.1722 -0.2974 0.1551, -0.1722 -0.2974 0.1562, -0.1722 -0.2974 0.1504, -0.1702 -0.2974 0.1504, -0.1729 -0.2974 0.162, -0.1734 -0.2974 0.1603, -0.1721 -0.2974 0.1617, -0.173 -0.2974 0.16, -0.1756 -0.2974 0.1572, -0.1749 -0.2974 0.1558, -0.1722 -0.2974 0.1577, -0.1726 -0.2974 0.1533, -0.173 -0.2974 0.1527, -0.1726 -0.2974 0.1516, -0.1733 -0.2974 0.1525, -0.1733 -0.2974 0.151, -0.1739 -0.2974 0.1521, -0.1739 -0.2974 0.1506, -0.1745 -0.2974 0.1519, -0.1747 -0.2974 0.1503, -0.1752 -0.2974 0.1518, -0.1757 -0.2974 0.1502, -0.1759 -0.2974 0.1519, -0.1769 -0.2974 0.1503, -0.1764 -0.2974 0.1521, -0.1777 -0.2974 0.1506, -0.1768 -0.2974 0.1523, -0.1784 -0.2974 0.1511, -0.1769 -0.2974 0.1525, -0.1723 -0.2974 0.1586, -0.1704 -0.2974 0.1595, -0.1725 -0.2974 0.1593, -0.1707 -0.2974 0.1603, -0.1727 -0.2974 0.1597, -0.1711 -0.2974 0.161, -0.1715 -0.2974 0.1613, -0.1783 -0.2974 0.1611, -0.1783 -0.2974 0.1591, -0.1778 -0.2974 0.1613, -0.1769 -0.2974 0.16, -0.1763 -0.2974 0.1619, -0.1756 -0.2974 0.1604, -0.1743 -0.2974 0.1621, -0.1745 -0.2974 0.1605, -0.1738 -0.2974 0.1604, -0.1768 -0.2974 0.1551, -0.178 -0.2974 0.1564, -0.177 -0.2974 0.1548, -0.1786 -0.2974 0.1558, -0.1772 -0.2974 0.1544, -0.179 -0.2974 0.1552, -0.1773 -0.2974 0.154, -0.1793 -0.2974 0.1544, -0.1773 -0.2974 0.1537, -0.1794 -0.2974 0.1535, -0.1773 -0.2974 0.1532, -0.1793 -0.2974 0.1526, -0.1772 -0.2974 0.1528, -0.179 -0.2974 0.1519, -0.1786 -0.2974 0.1513, -0.1743 -0.2935 0.1621, -0.1763 -0.2935 0.1619, -0.1778 -0.2935 0.1613, -0.1783 -0.2935 0.1611, -0.1783 -0.2935 0.1591, -0.1769 -0.2935 0.16, -0.1756 -0.2935 0.1604, -0.1745 -0.2935 0.1605, -0.1738 -0.2935 0.1604, -0.1734 -0.2935 0.1603, -0.173 -0.2935 0.16, -0.1727 -0.2935 0.1597, -0.1725 -0.2935 0.1593, -0.1723 -0.2935 0.1586, -0.1722 -0.2935 0.1577, -0.1756 -0.2935 0.1572, -0.1772 -0.2935 0.1568, -0.178 -0.2935 0.1564, -0.1786 -0.2935 0.1558, -0.179 -0.2935 0.1552, -0.1793 -0.2935 0.1544, -0.1794 -0.2935 0.1535, -0.1793 -0.2935 0.1526, -0.179 -0.2935 0.1519, -0.1786 -0.2935 0.1513, -0.1784 -0.2935 0.1511, -0.1757 -0.2935 0.1502, -0.1769 -0.2935 0.1503, -0.1769 -0.2935 0.1503, -0.1777 -0.2935 0.1506, -0.1747 -0.2935 0.1503, -0.1746 -0.2935 0.1503, -0.1739 -0.2935 0.1506, -0.1733 -0.2935 0.151, -0.1726 -0.2935 0.1516, -0.1722 -0.2935 0.1522, -0.1722 -0.2935 0.1522, -0.1722 -0.2935 0.1504, -0.1702 -0.2935 0.1504, -0.1702 -0.2935 0.1578, -0.1704 -0.2935 0.1595, -0.1707 -0.2935 0.1603, -0.1711 -0.2935 0.161, -0.1715 -0.2935 0.1613, -0.1721 -0.2935 0.1617, -0.1729 -0.2935 0.162, -0.1768 -0.2935 0.1551, -0.1766 -0.2935 0.1553, -0.1762 -0.2935 0.1555, -0.1749 -0.2935 0.1558, -0.1773 -0.2935 0.1537, -0.1773 -0.2935 0.154, -0.1772 -0.2935 0.1544, -0.177 -0.2935 0.1548, -0.1768 -0.2935 0.1523, -0.1769 -0.2935 0.1525, -0.1772 -0.2935 0.1528, -0.1773 -0.2935 0.1532, -0.1752 -0.2935 0.1518, -0.1759 -0.2935 0.1519, -0.1764 -0.2935 0.1521, -0.173 -0.2935 0.1527, -0.1733 -0.2935 0.1525, -0.1739 -0.2935 0.1521, -0.1745 -0.2935 0.1519, -0.1722 -0.2935 0.1551, -0.1722 -0.2935 0.1549, -0.1723 -0.2935 0.154, -0.1726 -0.2935 0.1533, -0.1722 -0.2935 0.1562
            ]
        }
        coordIndex [
            0,1,2,-1,2,1,3,-1,4,0,5,-1,5,0,2,-1,6,4,7,-1,7,4,5,-1,8,6,9,-1,9,6,7,-1,10,8,11,-1,11,8,9,-1,12,10,13,-1,13,10,11,-1,14,15,16,-1,16,15,12,-1,16,12,13,-1,17,15,18,-1,18,15,14,-1,19,17,20,-1,20,17,18,-1,21,19,22,-1,22,19,20,-1,23,24,25,-1,25,24,21,-1,25,21,22,-1,1,24,3,-1,3,24,23,-1,24,1,0,-1,0,4,24,-1,24,4,6,-1,24,6,21,-1,17,19,15,-1,15,19,21,-1,15,21,12,-1,12,21,6,-1,12,6,10,-1,10,6,8,-1,26,27,28,-1,29,30,31,-1,32,33,34,-1,34,33,35,-1,36,37,30,-1,30,37,33,-1,30,33,31,-1,31,33,32,-1,38,39,40,-1,40,39,41,-1,28,27,42,-1,42,27,43,-1,42,43,44,-1,31,45,29,-1,29,45,46,-1,29,46,47,-1,47,46,48,-1,47,48,49,-1,49,48,50,-1,49,50,51,-1,51,50,52,-1,51,52,53,-1,53,52,54,-1,53,54,55,-1,55,54,56,-1,55,56,57,-1,57,56,58,-1,57,58,59,-1,59,58,60,-1,59,60,61,-1,61,60,62,-1,43,35,44,-1,44,35,33,-1,44,33,63,-1,63,33,64,-1,63,64,65,-1,65,64,66,-1,65,66,67,-1,67,66,68,-1,67,68,41,-1,41,68,69,-1,41,69,40,-1,70,71,72,-1,72,71,73,-1,72,73,74,-1,74,73,75,-1,74,75,76,-1,76,75,77,-1,76,77,38,-1,38,77,78,-1,38,78,39,-1,26,28,79,-1,79,28,80,-1,79,80,81,-1,81,80,82,-1,81,82,83,-1,83,82,84,-1,83,84,85,-1,85,84,86,-1,85,86,87,-1,87,86,88,-1,87,88,89,-1,89,88,90,-1,89,90,91,-1,91,90,92,-1,91,92,62,-1,62,92,93,-1,62,93,61,-1,76,94,95,-1,76,95,74,-1,74,95,96,-1,74,96,72,-1,72,96,97,-1,72,97,70,-1,71,70,98,-1,98,70,97,-1,71,98,99,-1,71,99,73,-1,73,99,100,-1,73,100,75,-1,75,100,101,-1,75,101,77,-1,77,101,102,-1,77,102,78,-1,78,102,103,-1,78,103,39,-1,39,103,104,-1,39,104,41,-1,41,104,105,-1,41,105,67,-1,67,105,106,-1,67,106,65,-1,65,106,107,-1,65,107,63,-1,63,107,108,-1,63,108,44,-1,42,44,109,-1,109,44,108,-1,42,109,110,-1,42,110,28,-1,28,110,111,-1,28,111,80,-1,80,111,112,-1,80,112,82,-1,82,112,113,-1,82,113,84,-1,84,113,114,-1,84,114,86,-1,86,114,115,-1,86,115,88,-1,88,115,116,-1,88,116,90,-1,90,116,117,-1,90,117,92,-1,92,117,118,-1,92,118,93,-1,93,118,119,-1,93,119,61,-1,120,55,121,-1,121,55,57,-1,121,57,122,-1,122,57,59,-1,122,59,123,-1,123,59,61,-1,123,61,119,-1,55,120,124,-1,55,124,53,-1,53,124,125,-1,53,125,51,-1,125,126,51,-1,51,126,127,-1,51,127,49,-1,49,127,128,-1,49,128,47,-1,47,128,129,-1,47,129,29,-1,30,29,130,-1,130,29,129,-1,36,30,131,-1,131,30,130,-1,37,36,132,-1,132,36,131,-1,33,37,133,-1,133,37,132,-1,33,133,134,-1,33,134,64,-1,64,134,135,-1,64,135,66,-1,66,135,136,-1,66,136,68,-1,68,136,137,-1,68,137,69,-1,69,137,138,-1,69,138,40,-1,40,138,139,-1,40,139,38,-1,38,139,94,-1,38,94,76,-1,79,140,141,-1,79,141,26,-1,26,141,142,-1,26,142,27,-1,27,142,143,-1,27,143,43,-1,87,144,145,-1,87,145,85,-1,85,145,146,-1,85,146,83,-1,83,146,147,-1,83,147,81,-1,81,147,140,-1,81,140,79,-1,60,148,149,-1,60,149,62,-1,62,149,150,-1,62,150,91,-1,91,150,151,-1,91,151,89,-1,89,151,144,-1,89,144,87,-1,54,152,153,-1,54,153,56,-1,56,153,154,-1,56,154,58,-1,58,154,148,-1,58,148,60,-1,46,155,156,-1,46,156,48,-1,48,156,157,-1,48,157,50,-1,50,157,158,-1,50,158,52,-1,52,158,152,-1,52,152,54,-1,34,159,160,-1,34,160,32,-1,32,160,161,-1,32,161,31,-1,31,161,162,-1,31,162,45,-1,45,162,155,-1,45,155,46,-1,34,35,159,-1,159,35,163,-1,35,43,163,-1,163,43,143,-1,
        ]
    }
}
Shape{
    appearance Appearance {
        material  Material 	{
            diffuseColor 0.25098039215686274 0.25098039215686274 0.25098039215686274
            specularColor 0.12549019607843137 0.12549019607843137 0.12549019607843137
            ambientIntensity 0.251
            transparency 0.0
            shininess 0.5
        }
    }
    geometry IndexedFaceSet {
        ccw TRUE
        solid FALSE
        coord DEF co Coordinate {
            point [
                -0.1722 -0.2935 0.1549, -0.1722 -0.2935 0.1551, -0.1768 -0.2935 0.1551, -0.1722 -0.2935 0.1562, -0.1749 -0.2935 0.1558, -0.1762 -0.2935 0.1555, -0.1766 -0.2935 0.1553, -0.1723 -0.2935 0.154, -0.177 -0.2935 0.1548, -0.1726 -0.2935 0.1533, -0.1769 -0.2935 0.1525, -0.1768 -0.2935 0.1523, -0.1733 -0.2935 0.1525, -0.1772 -0.2935 0.1528, -0.1739 -0.2935 0.1521, -0.1745 -0.2935 0.1519, -0.1752 -0.2935 0.1518, -0.1772 -0.2935 0.1544, -0.1773 -0.2935 0.154, -0.173 -0.2935 0.1527, -0.1773 -0.2935 0.1537, -0.1773 -0.2935 0.1532, -0.1764 -0.2935 0.1521, -0.1759 -0.2935 0.1519
            ]
        }
        coordIndex [
            0,1,2,-1,1,3,4,-1,4,5,1,-1,1,5,6,-1,1,6,2,-1,0,2,7,-1,7,2,8,-1,7,8,9,-1,10,11,12,-1,10,12,13,-1,14,12,15,-1,15,12,16,-1,8,17,9,-1,9,17,18,-1,9,18,19,-1,19,18,20,-1,19,20,12,-1,12,20,21,-1,12,21,13,-1,11,22,12,-1,12,22,23,-1,12,23,16,-1,
        ]
    }
}
Shape{
    appearance Appearance {
        material  Material 	{
            diffuseColor 1.0 1.0 1.0
            specularColor 0.5019607843137255 0.5019607843137255 0.5019607843137255
            ambientIntensity 1.0
            transparency 0.0
            shininess 0.5
        }
    }
    geometry IndexedFaceSet {
        ccw TRUE
        solid FALSE
        coord DEF co Coordinate {
            point [
                -0.1642 -0.2974 0.1518, -0.1642 -0.2935 0.1518, -0.1653 -0.2935 0.1519, -0.1653 -0.2974 0.1519, -0.1666 -0.2935 0.1524, -0.1666 -0.2974 0.1524, -0.1675 -0.2935 0.1529, -0.1675 -0.2974 0.1529, -0.1675 -0.2974 0.1508, -0.1675 -0.2935 0.1508, -0.1644 -0.2935 0.1502, -0.1644 -0.2974 0.1502, -0.1657 -0.2935 0.1503, -0.166 -0.2974 0.1503, -0.166 -0.2935 0.1503, -0.1632 -0.2935 0.1503, -0.1626 -0.2974 0.1504, -0.1626 -0.2935 0.1504, -0.1615 -0.2935 0.1508, -0.1615 -0.2974 0.1508, -0.161 -0.2935 0.1511, -0.161 -0.2974 0.1511, -0.1605 -0.2935 0.1516, -0.1605 -0.2974 0.1516, -0.1601 -0.2935 0.1521, -0.1601 -0.2974 0.1521, -0.1598 -0.2935 0.1527, -0.1598 -0.2974 0.1527, -0.1597 -0.2935 0.1535, -0.1597 -0.2974 0.1535, -0.1598 -0.2935 0.1543, -0.1598 -0.2974 0.1543, -0.16 -0.2935 0.1549, -0.16 -0.2974 0.1549, -0.1604 -0.2935 0.1554, -0.1604 -0.2974 0.1554, -0.1609 -0.2935 0.1559, -0.1609 -0.2974 0.1559, -0.1622 -0.2935 0.1566, -0.1622 -0.2974 0.1566, -0.163 -0.2935 0.1569, -0.163 -0.2974 0.1569, -0.1642 -0.2935 0.1575, -0.1642 -0.2974 0.1575, -0.1649 -0.2935 0.1579, -0.1649 -0.2974 0.1579, -0.1651 -0.2935 0.1581, -0.1651 -0.2974 0.1581, -0.1653 -0.2935 0.1584, -0.1653 -0.2974 0.1584, -0.1654 -0.2935 0.1587, -0.1654 -0.2974 0.1587, -0.1654 -0.2935 0.159, -0.1654 -0.2974 0.159, -0.1653 -0.2935 0.1593, -0.1653 -0.2974 0.1593, -0.1652 -0.2935 0.1596, -0.1652 -0.2974 0.1596, -0.1651 -0.2935 0.1598, -0.1651 -0.2974 0.1598, -0.1648 -0.2935 0.1601, -0.1648 -0.2974 0.1601, -0.1643 -0.2935 0.1603, -0.1643 -0.2974 0.1603, -0.1638 -0.2935 0.1605, -0.1638 -0.2974 0.1605, -0.1632 -0.2935 0.1605, -0.1632 -0.2974 0.1605, -0.162 -0.2935 0.1604, -0.162 -0.2974 0.1604, -0.1608 -0.2935 0.16, -0.1608 -0.2974 0.16, -0.1603 -0.2935 0.1597, -0.1603 -0.2974 0.1597, -0.1603 -0.2974 0.1616, -0.1603 -0.2935 0.1616, -0.1616 -0.2935 0.162, -0.1616 -0.2974 0.162, -0.163 -0.2935 0.1621, -0.163 -0.2974 0.1621, -0.1646 -0.2935 0.1619, -0.1646 -0.2974 0.1619, -0.1657 -0.2935 0.1615, -0.1657 -0.2974 0.1615, -0.1662 -0.2935 0.1612, -0.1662 -0.2974 0.1612, -0.1668 -0.2935 0.1607, -0.1668 -0.2974 0.1607, -0.1671 -0.2935 0.1601, -0.1671 -0.2974 0.1601, -0.1674 -0.2935 0.1595, -0.1674 -0.2974 0.1595, -0.1674 -0.2935 0.1588, -0.1674 -0.2974 0.1588, -0.1674 -0.2935 0.158, -0.1674 -0.2974 0.158, -0.1671 -0.2935 0.1574, -0.1671 -0.2974 0.1574, -0.1669 -0.2935 0.157, -0.1669 -0.2974 0.157, -0.1666 -0.2935 0.1566, -0.1666 -0.2974 0.1566, -0.1656 -0.2935 0.156, -0.1656 -0.2974 0.156, -0.1644 -0.2935 0.1555, -0.1644 -0.2974 0.1555, -0.1631 -0.2935 0.1549, -0.1631 -0.2974 0.1549, -0.1623 -0.2935 0.1544, -0.1623 -0.2974 0.1544, -0.1621 -0.2935 0.1542, -0.1621 -0.2974 0.1542, -0.1619 -0.2935 0.1539, -0.1619 -0.2974 0.1539, -0.1618 -0.2935 0.1536, -0.1618 -0.2974 0.1536, -0.1618 -0.2935 0.1533, -0.1618 -0.2974 0.1533, -0.1618 -0.2935 0.153, -0.1618 -0.2974 0.153, -0.1619 -0.2935 0.1527, -0.1619 -0.2974 0.1527, -0.1621 -0.2935 0.1524, -0.1621 -0.2974 0.1524, -0.1623 -0.2935 0.1522, -0.1623 -0.2974 0.1522, -0.1625 -0.2935 0.1521, -0.1625 -0.2974 0.1521, -0.163 -0.2935 0.1519, -0.163 -0.2974 0.1519, -0.1641 -0.2935 0.1518, -0.1641 -0.2974 0.1518, -0.1498 -0.2974 0.1619, -0.1477 -0.2974 0.1619, -0.1498 -0.2935 0.1619, -0.1477 -0.2935 0.1619, -0.1529 -0.2974 0.1533, -0.1529 -0.2935 0.1533, -0.1531 -0.2935 0.1527, -0.1531 -0.2974 0.1527, -0.1532 -0.2935 0.1523, -0.1532 -0.2974 0.1523, -0.1532 -0.2974 0.1523, -0.1532 -0.2935 0.1523, -0.1535 -0.2974 0.1533, -0.1535 -0.2935 0.1533, -0.1565 -0.2974 0.1619, -0.1555 -0.2935 0.1591, -0.1565 -0.2935 0.1619, -0.1587 -0.2974 0.1619, -0.1587 -0.2935 0.1619, -0.1542 -0.2974 0.1505, -0.1555 -0.2935 0.1537, -0.1542 -0.2935 0.1505, -0.1551 -0.2935 0.1484, -0.1551 -0.2974 0.1484, -0.1543 -0.2935 0.1503, -0.1555 -0.2935 0.1477, -0.1555 -0.2974 0.1476, -0.1555 -0.2935 0.1476, -0.1559 -0.2935 0.1472, -0.1559 -0.2974 0.1472, -0.1562 -0.2935 0.147, -0.1562 -0.2974 0.147, -0.1566 -0.2935 0.1468, -0.1566 -0.2974 0.1468, -0.1571 -0.2935 0.1468, -0.1571 -0.2974 0.1468, -0.1579 -0.2935 0.1469, -0.1579 -0.2974 0.1469, -0.1583 -0.2935 0.147, -0.1583 -0.2974 0.147, -0.1583 -0.2974 0.1452, -0.1583 -0.2935 0.1452, -0.1574 -0.2935 0.1451, -0.1574 -0.2974 0.1451, -0.157 -0.2935 0.145, -0.157 -0.2974 0.145, -0.1562 -0.2935 0.1451, -0.1562 -0.2974 0.1451, -0.1555 -0.2935 0.1454, -0.1554 -0.2974 0.1454, -0.1554 -0.2935 0.1454, -0.1547 -0.2935 0.1459, -0.1547 -0.2974 0.1459, -0.1545 -0.2935 0.1461, -0.1545 -0.2974 0.1461, -0.1538 -0.2935 0.1469, -0.1538 -0.2974 0.1469, -0.1529 -0.2935 0.1487, -0.1529 -0.2974 0.1487, -0.1523 -0.2935 0.1503, -0.1369 -0.2974 0.1523, -0.1369 -0.2974 0.1504, -0.1369 -0.2935 0.1523, -0.1369 -0.2935 0.1504, -0.1435 -0.2974 0.1523, -0.1435 -0.2935 0.1523, -0.1435 -0.2974 0.1576, -0.1435 -0.2935 0.1576, -0.1378 -0.2974 0.1576, -0.1378 -0.2935 0.1576, -0.1378 -0.2974 0.1595, -0.1378 -0.2935 0.1595, -0.1435 -0.2974 0.1595, -0.1435 -0.2935 0.1595, -0.1435 -0.2935 0.1646, -0.1435 -0.2974 0.1646, -0.1435 -0.2935 0.1643, -0.1373 -0.2974 0.1646, -0.1373 -0.2935 0.1646, -0.1373 -0.2974 0.1664, -0.1373 -0.2935 0.1664, -0.1456 -0.2974 0.1664, -0.1456 -0.2935 0.1664, -0.1456 -0.2935 0.1504, -0.1456 -0.2974 0.1504, -0.1456 -0.2935 0.1643, -0.1233 -0.2974 0.1527, -0.1249 -0.2974 0.1538, -0.125 -0.2974 0.1515, -0.126 -0.2974 0.153, -0.1268 -0.2974 0.1508, -0.1273 -0.2974 0.1525, -0.1295 -0.2974 0.1504, -0.1295 -0.2974 0.1523, -0.1339 -0.2974 0.1504, -0.1318 -0.2974 0.1523, -0.1339 -0.2974 0.1664, -0.1318 -0.2974 0.1646, -0.1293 -0.2974 0.1664, -0.1294 -0.2974 0.1646, -0.1288 -0.2974 0.1646, -0.1269 -0.2974 0.1662, -0.1271 -0.2974 0.1643, -0.125 -0.2974 0.1655, -0.1258 -0.2974 0.1638, -0.1233 -0.2974 0.1643, -0.1248 -0.2974 0.1631, -0.1227 -0.2974 0.1638, -0.1244 -0.2974 0.1627, -0.1217 -0.2974 0.1624, -0.1237 -0.2974 0.1618, -0.1211 -0.2974 0.1609, -0.1233 -0.2974 0.1606, -0.1209 -0.2974 0.1586, -0.1231 -0.2974 0.1586, -0.1209 -0.2974 0.1576, -0.1231 -0.2974 0.1574, -0.1213 -0.2974 0.1558, -0.1235 -0.2974 0.156, -0.1221 -0.2974 0.1541, -0.124 -0.2974 0.1548, -0.1248 -0.2974 0.1539, -0.1295 -0.2935 0.1504, -0.1339 -0.2935 0.1504, -0.1268 -0.2935 0.1508, -0.125 -0.2935 0.1515, -0.1233 -0.2935 0.1527, -0.1233 -0.2935 0.1527, -0.1221 -0.2935 0.1541, -0.1213 -0.2935 0.1558, -0.1209 -0.2935 0.1576, -0.1209 -0.2935 0.1586, -0.1233 -0.2935 0.1643, -0.1233 -0.2935 0.1643, -0.1227 -0.2935 0.1638, -0.1217 -0.2935 0.1624, -0.1211 -0.2935 0.1609, -0.125 -0.2935 0.1655, -0.1269 -0.2935 0.1662, -0.1293 -0.2935 0.1664, -0.1339 -0.2935 0.1664, -0.1339 -0.2935 0.1643, -0.1294 -0.2935 0.1646, -0.1318 -0.2935 0.1646, -0.1318 -0.2935 0.1523, -0.1295 -0.2935 0.1523, -0.1248 -0.2935 0.1539, -0.1249 -0.2935 0.1538, -0.126 -0.2935 0.153, -0.1273 -0.2935 0.1525, -0.1231 -0.2935 0.1586, -0.1231 -0.2935 0.1574, -0.1235 -0.2935 0.156, -0.124 -0.2935 0.1548, -0.1248 -0.2935 0.1631, -0.1244 -0.2935 0.1627, -0.1237 -0.2935 0.1618, -0.1233 -0.2935 0.1606, -0.1288 -0.2935 0.1646, -0.1271 -0.2935 0.1643, -0.1258 -0.2935 0.1638
            ]
        }
        coordIndex [
            0,1,2,-1,0,2,3,-1,3,2,4,-1,3,4,5,-1,5,4,6,-1,5,6,7,-1,8,7,9,-1,9,7,6,-1,10,11,12,-1,12,11,13,-1,12,13,14,-1,14,13,8,-1,14,8,9,-1,10,15,11,-1,11,15,16,-1,15,17,16,-1,16,17,18,-1,16,18,19,-1,19,18,20,-1,19,20,21,-1,21,20,22,-1,21,22,23,-1,23,22,24,-1,23,24,25,-1,25,24,26,-1,25,26,27,-1,27,26,28,-1,27,28,29,-1,29,28,30,-1,29,30,31,-1,31,30,32,-1,31,32,33,-1,33,32,34,-1,33,34,35,-1,35,34,36,-1,35,36,37,-1,37,36,38,-1,37,38,39,-1,39,38,40,-1,39,40,41,-1,41,40,42,-1,41,42,43,-1,43,42,44,-1,43,44,45,-1,45,44,46,-1,45,46,47,-1,47,46,48,-1,47,48,49,-1,49,48,50,-1,49,50,51,-1,51,50,52,-1,51,52,53,-1,53,52,54,-1,53,54,55,-1,55,54,56,-1,55,56,57,-1,57,56,58,-1,57,58,59,-1,59,58,60,-1,59,60,61,-1,61,60,62,-1,61,62,63,-1,63,62,64,-1,63,64,65,-1,65,64,66,-1,65,66,67,-1,67,66,68,-1,67,68,69,-1,69,68,70,-1,69,70,71,-1,71,70,72,-1,71,72,73,-1,74,73,75,-1,75,73,72,-1,74,75,76,-1,74,76,77,-1,77,76,78,-1,77,78,79,-1,79,78,80,-1,79,80,81,-1,81,80,82,-1,81,82,83,-1,83,82,84,-1,83,84,85,-1,85,84,86,-1,85,86,87,-1,87,86,88,-1,87,88,89,-1,89,88,90,-1,89,90,91,-1,91,90,92,-1,91,92,93,-1,93,92,94,-1,93,94,95,-1,95,94,96,-1,95,96,97,-1,97,96,98,-1,97,98,99,-1,99,98,100,-1,99,100,101,-1,101,100,102,-1,101,102,103,-1,103,102,104,-1,103,104,105,-1,105,104,106,-1,105,106,107,-1,107,106,108,-1,107,108,109,-1,109,108,110,-1,109,110,111,-1,111,110,112,-1,111,112,113,-1,113,112,114,-1,113,114,115,-1,115,114,116,-1,115,116,117,-1,117,116,118,-1,117,118,119,-1,119,118,120,-1,119,120,121,-1,121,120,122,-1,121,122,123,-1,123,122,124,-1,123,124,125,-1,125,124,126,-1,125,126,127,-1,127,126,128,-1,127,128,129,-1,129,128,130,-1,129,130,131,-1,131,130,1,-1,131,1,0,-1,59,61,83,-1,83,61,81,-1,107,41,105,-1,105,41,43,-1,19,21,123,-1,123,21,23,-1,123,23,121,-1,121,23,25,-1,121,25,119,-1,119,25,27,-1,119,27,117,-1,117,27,29,-1,117,29,115,-1,115,29,31,-1,115,31,113,-1,113,31,33,-1,113,33,111,-1,111,33,35,-1,111,35,109,-1,109,35,37,-1,109,37,107,-1,107,37,39,-1,107,39,41,-1,11,0,13,-1,13,0,3,-1,13,3,8,-1,8,3,5,-1,8,5,7,-1,61,63,81,-1,81,63,65,-1,81,65,79,-1,79,65,67,-1,79,67,77,-1,77,67,69,-1,77,69,74,-1,74,69,71,-1,74,71,73,-1,123,125,19,-1,19,125,127,-1,19,127,16,-1,16,127,129,-1,16,129,11,-1,11,129,131,-1,11,131,0,-1,83,85,59,-1,59,85,87,-1,59,87,57,-1,57,87,89,-1,57,89,55,-1,55,89,91,-1,55,91,53,-1,53,91,93,-1,53,93,51,-1,51,93,95,-1,51,95,49,-1,49,95,97,-1,49,97,47,-1,47,97,99,-1,47,99,45,-1,45,99,101,-1,45,101,43,-1,43,101,103,-1,43,103,105,-1,132,133,134,-1,134,133,135,-1,136,132,137,-1,137,132,134,-1,136,137,138,-1,136,138,139,-1,139,138,140,-1,139,140,141,-1,142,141,143,-1,143,141,140,-1,144,142,145,-1,145,142,143,-1,144,145,146,-1,146,145,147,-1,146,147,148,-1,149,146,150,-1,150,146,148,-1,149,150,151,-1,151,150,152,-1,151,152,153,-1,154,155,156,-1,156,155,151,-1,156,151,153,-1,154,157,155,-1,155,157,158,-1,157,159,158,-1,158,159,160,-1,158,160,161,-1,161,160,162,-1,161,162,163,-1,163,162,164,-1,163,164,165,-1,165,164,166,-1,165,166,167,-1,167,166,168,-1,167,168,169,-1,169,168,170,-1,169,170,171,-1,172,171,173,-1,173,171,170,-1,172,173,174,-1,172,174,175,-1,175,174,176,-1,175,176,177,-1,177,176,178,-1,177,178,179,-1,179,178,180,-1,179,180,181,-1,180,182,181,-1,181,182,183,-1,181,183,184,-1,184,183,185,-1,184,185,186,-1,186,185,187,-1,186,187,188,-1,188,187,189,-1,188,189,190,-1,135,133,191,-1,191,133,190,-1,191,190,189,-1,139,141,190,-1,133,132,190,-1,190,132,136,-1,190,136,139,-1,146,149,144,-1,144,149,151,-1,144,151,142,-1,171,172,169,-1,169,172,175,-1,169,175,167,-1,167,175,177,-1,167,177,165,-1,165,177,179,-1,165,179,163,-1,163,179,181,-1,163,181,161,-1,141,142,190,-1,190,142,151,-1,190,151,188,-1,151,155,188,-1,188,155,158,-1,188,158,186,-1,186,158,161,-1,186,161,184,-1,184,161,181,-1,192,193,194,-1,194,193,195,-1,196,192,197,-1,197,192,194,-1,198,196,199,-1,199,196,197,-1,200,198,201,-1,201,198,199,-1,202,200,203,-1,203,200,201,-1,204,202,205,-1,205,202,203,-1,206,207,208,-1,208,207,204,-1,208,204,205,-1,209,207,210,-1,210,207,206,-1,211,209,212,-1,212,209,210,-1,213,211,214,-1,214,211,212,-1,215,216,217,-1,217,216,213,-1,217,213,214,-1,193,216,195,-1,195,216,215,-1,216,193,192,-1,192,196,216,-1,216,196,198,-1,216,198,213,-1,209,211,207,-1,207,211,213,-1,207,213,204,-1,204,213,198,-1,204,198,202,-1,202,198,200,-1,218,219,220,-1,220,219,221,-1,220,221,222,-1,222,221,223,-1,222,223,224,-1,224,223,225,-1,224,225,226,-1,226,225,227,-1,226,227,228,-1,228,227,229,-1,228,229,230,-1,229,231,230,-1,230,231,232,-1,230,232,233,-1,233,232,234,-1,233,234,235,-1,235,234,236,-1,235,236,237,-1,237,236,238,-1,237,238,239,-1,239,238,240,-1,239,240,241,-1,241,240,242,-1,241,242,243,-1,243,242,244,-1,243,244,245,-1,245,244,246,-1,245,246,247,-1,247,246,248,-1,247,248,249,-1,249,248,250,-1,249,250,251,-1,251,250,252,-1,251,252,218,-1,218,252,253,-1,218,253,219,-1,224,226,254,-1,254,226,255,-1,224,254,256,-1,224,256,222,-1,222,256,257,-1,222,257,220,-1,220,257,258,-1,220,258,218,-1,218,258,259,-1,218,259,251,-1,259,260,251,-1,251,260,261,-1,251,261,249,-1,249,261,262,-1,249,262,247,-1,247,262,263,-1,247,263,245,-1,264,237,265,-1,265,237,239,-1,265,239,266,-1,266,239,241,-1,266,241,267,-1,267,241,243,-1,267,243,268,-1,268,243,245,-1,268,245,263,-1,237,264,269,-1,237,269,235,-1,235,269,270,-1,235,270,233,-1,233,270,271,-1,233,271,230,-1,228,230,272,-1,272,230,271,-1,255,226,273,-1,273,226,228,-1,273,228,272,-1,231,229,274,-1,274,229,275,-1,229,227,275,-1,275,227,276,-1,227,225,276,-1,276,225,277,-1,253,278,279,-1,253,279,219,-1,219,279,280,-1,219,280,221,-1,221,280,281,-1,221,281,223,-1,223,281,277,-1,223,277,225,-1,246,282,283,-1,246,283,248,-1,248,283,284,-1,248,284,250,-1,250,284,285,-1,250,285,252,-1,252,285,278,-1,252,278,253,-1,238,286,287,-1,238,287,240,-1,240,287,288,-1,240,288,242,-1,242,288,289,-1,242,289,244,-1,244,289,282,-1,244,282,246,-1,231,274,290,-1,231,290,232,-1,232,290,291,-1,232,291,234,-1,234,291,292,-1,234,292,236,-1,236,292,286,-1,236,286,238,-1,
        ]
    }
}
Shape{
    appearance Appearance {
        material  Material 	{
            diffuseColor 0.25098039215686274 0.25098039215686274 0.25098039215686274
            specularColor 0.12549019607843137 0.12549019607843137 0.12549019607843137
            ambientIntensity 0.251
            transparency 0.0
            shininess 0.5
        }
    }
    geometry IndexedFaceSet {
        ccw TRUE
        solid FALSE
        coord DEF co Coordinate {
            point [
                -0.1294 -0.2935 0.1646, -0.1318 -0.2935 0.1646, -0.1318 -0.2935 0.1523, -0.1235 -0.2935 0.156, -0.1231 -0.2935 0.1574, -0.1288 -0.2935 0.1646, -0.1295 -0.2935 0.1523, -0.1273 -0.2935 0.1525, -0.126 -0.2935 0.153, -0.1249 -0.2935 0.1538, -0.1248 -0.2935 0.1539, -0.124 -0.2935 0.1548, -0.1248 -0.2935 0.1631, -0.1231 -0.2935 0.1586, -0.1258 -0.2935 0.1638, -0.1271 -0.2935 0.1643, -0.1233 -0.2935 0.1606, -0.1237 -0.2935 0.1618, -0.1244 -0.2935 0.1627
            ]
        }
        coordIndex [
            0,1,2,-1,3,4,5,-1,2,6,0,-1,0,6,7,-1,0,7,8,-1,8,9,0,-1,0,9,10,-1,0,10,5,-1,5,10,11,-1,5,11,3,-1,12,4,13,-1,12,14,4,-1,4,14,15,-1,4,15,5,-1,16,17,13,-1,13,17,18,-1,13,18,12,-1,
        ]
    }
}
Shape{
    appearance Appearance {
        material  Material 	{
            diffuseColor 1.0 1.0 1.0
            specularColor 0.5019607843137255 0.5019607843137255 0.5019607843137255
            ambientIntensity 1.0
            transparency 0.0
            shininess 0.5
        }
    }
    geometry IndexedFaceSet {
        ccw TRUE
        solid FALSE
        coord DEF co Coordinate {
            point [
                -0.1155 -0.2974 0.1566, -0.1162 -0.2974 0.1548, -0.1101 -0.2974 0.1566, -0.1095 -0.2974 0.1548, -0.1131 -0.2974 0.1633, -0.1139 -0.2974 0.1664, -0.12 -0.2974 0.1504, -0.1177 -0.2974 0.1504, -0.113 -0.2974 0.1638, -0.1129 -0.2974 0.1644, -0.1117 -0.2974 0.1664, -0.1128 -0.2974 0.1644, -0.1127 -0.2974 0.1637, -0.1126 -0.2974 0.1633, -0.1056 -0.2974 0.1504, -0.1079 -0.2974 0.1504, -0.1056 -0.2935 0.1504, -0.1109 -0.2935 0.1643, -0.1117 -0.2935 0.1664, -0.1139 -0.2935 0.1664, -0.12 -0.2935 0.1504, -0.1147 -0.2935 0.1643, -0.1177 -0.2935 0.1504, -0.1162 -0.2935 0.1548, -0.1095 -0.2935 0.1548, -0.1079 -0.2935 0.1504, -0.1155 -0.2935 0.1566, -0.1101 -0.2935 0.1566, -0.1126 -0.2935 0.1633, -0.1128 -0.2935 0.1644, -0.1127 -0.2935 0.1637, -0.1129 -0.2935 0.1644, -0.1131 -0.2935 0.1633, -0.113 -0.2935 0.1638
            ]
        }
        coordIndex [
            0,1,2,-1,2,1,3,-1,4,5,0,-1,0,5,6,-1,0,6,1,-1,1,6,7,-1,4,8,5,-1,5,8,9,-1,5,9,10,-1,10,9,11,-1,10,11,12,-1,12,13,10,-1,10,13,2,-1,10,2,14,-1,14,2,3,-1,14,3,15,-1,14,16,10,-1,10,16,17,-1,10,17,18,-1,5,10,19,-1,19,10,18,-1,20,6,21,-1,21,6,5,-1,21,5,19,-1,7,6,22,-1,22,6,20,-1,1,7,23,-1,23,7,22,-1,3,1,24,-1,24,1,23,-1,15,3,25,-1,25,3,24,-1,14,15,16,-1,16,15,25,-1,0,2,26,-1,26,2,27,-1,2,13,27,-1,27,13,28,-1,11,29,30,-1,11,30,12,-1,12,30,28,-1,12,28,13,-1,11,9,29,-1,29,9,31,-1,4,32,33,-1,4,33,8,-1,8,33,31,-1,8,31,9,-1,4,0,32,-1,32,0,26,-1,
        ]
    }
}
Shape{
    appearance Appearance {
        material  Material 	{
            diffuseColor 0.25098039215686274 0.25098039215686274 0.25098039215686274
            specularColor 0.12549019607843137 0.12549019607843137 0.12549019607843137
            ambientIntensity 0.251
            transparency 0.0
            shininess 0.5
        }
    }
    geometry IndexedFaceSet {
        ccw TRUE
        solid FALSE
        coord DEF co Coordinate {
            point [
                -0.1128 -0.2935 0.1644, -0.1129 -0.2935 0.1644, -0.1127 -0.2935 0.1637, -0.113 -0.2935 0.1638, -0.1126 -0.2935 0.1633, -0.1131 -0.2935 0.1633, -0.1101 -0.2935 0.1566, -0.1155 -0.2935 0.1566
            ]
        }
        coordIndex [
            0,1,2,-1,2,1,3,-1,2,3,4,-1,4,3,5,-1,4,5,6,-1,6,5,7,-1,
        ]
    }
}
Shape{
    appearance Appearance {
        material  Material 	{
            diffuseColor 1.0 1.0 1.0
            specularColor 0.5019607843137255 0.5019607843137255 0.5019607843137255
            ambientIntensity 1.0
            transparency 0.0
            shininess 0.5
        }
    }
    geometry IndexedFaceSet {
        ccw TRUE
        solid FALSE
        coord DEF co Coordinate {
            point [
                -0.2606 -0.2974 0.1482, -0.2589 -0.2974 0.1461, -0.2617 -0.2974 0.1582, -0.2636 -0.2974 0.178, -0.2611 -0.2974 0.1794, -0.2615 -0.2974 0.1864, -0.2546 -0.2974 0.1867, -0.2511 -0.2974 0.1784, -0.2493 -0.2974 0.182, -0.2396 -0.2974 0.1542, -0.2396 -0.2974 0.1554, -0.2492 -0.2974 0.1581, -0.2502 -0.2974 0.1585, -0.2572 -0.2974 0.1869, -0.2475 -0.2974 0.1568, -0.247 -0.2974 0.1558, -0.2396 -0.2974 0.1531, -0.2236 -0.2974 0.1638, -0.2272 -0.2974 0.1698, -0.2424 -0.2974 0.1619, -0.2511 -0.2974 0.1586, -0.254 -0.2974 0.1508, -0.2531 -0.2974 0.1502, -0.2567 -0.2974 0.1444, -0.2521 -0.2974 0.1498, -0.2521 -0.2974 0.1585, -0.2537 -0.2974 0.1654, -0.2531 -0.2974 0.1581, -0.2562 -0.2974 0.1645, -0.254 -0.2974 0.1575, -0.2585 -0.2974 0.1628, -0.2547 -0.2974 0.1567, -0.2604 -0.2974 0.1607, -0.2552 -0.2974 0.1557, -0.2555 -0.2974 0.1546, -0.2641 -0.2974 0.1598, -0.2634 -0.2974 0.1511, -0.2618 -0.2974 0.1506, -0.2482 -0.2974 0.1576, -0.2468 -0.2974 0.165, -0.2496 -0.2974 0.1657, -0.251 -0.2974 0.1657, -0.2199 -0.2974 0.1751, -0.219 -0.2974 0.1751, -0.2143 -0.2974 0.1812, -0.2168 -0.2974 0.1748, -0.2137 -0.2974 0.181, -0.2148 -0.2974 0.1741, -0.2103 -0.2974 0.1794, -0.2072 -0.2974 0.1767, -0.2523 -0.2974 0.1894, -0.2468 -0.2974 0.185, -0.2496 -0.2974 0.1917, -0.2437 -0.2974 0.1873, -0.2461 -0.2974 0.1938, -0.2583 -0.2974 0.18, -0.2571 -0.2974 0.1801, -0.2559 -0.2974 0.1869, -0.2544 -0.2974 0.1798, -0.2519 -0.2974 0.1788, -0.2072 -0.2974 0.1555, -0.2125 -0.2974 0.16, -0.2103 -0.2974 0.1529, -0.2142 -0.2974 0.1586, -0.2138 -0.2974 0.1512, -0.2162 -0.2974 0.1577, -0.2176 -0.2974 0.1504, -0.2183 -0.2974 0.1573, -0.2243 -0.2974 0.1504, -0.2234 -0.2974 0.1573, -0.225 -0.2974 0.1505, -0.2681 -0.2974 0.1715, -0.2756 -0.2974 0.1697, -0.2685 -0.2974 0.1687, -0.2757 -0.2974 0.1685, -0.2684 -0.2974 0.167, -0.2751 -0.2974 0.1642, -0.2675 -0.2974 0.1642, -0.2735 -0.2974 0.1599, -0.2662 -0.2974 0.1619, -0.2709 -0.2974 0.1561, -0.2675 -0.2974 0.1532, -0.2444 -0.2974 0.1637, -0.213 -0.2974 0.1728, -0.2117 -0.2974 0.1713, -0.2049 -0.2974 0.1735, -0.2107 -0.2974 0.1694, -0.2035 -0.2974 0.17, -0.2101 -0.2974 0.1672, -0.203 -0.2974 0.1663, -0.2101 -0.2974 0.1662, -0.2035 -0.2974 0.1623, -0.2103 -0.2974 0.164, -0.205 -0.2974 0.1586, -0.2111 -0.2974 0.162, -0.2124 -0.2974 0.1602, -0.2204 -0.2974 0.1902, -0.2249 -0.2974 0.185, -0.2164 -0.2974 0.1854, -0.2223 -0.2974 0.1819, -0.2206 -0.2974 0.1782, -0.2658 -0.2974 0.1848, -0.2694 -0.2974 0.1823, -0.2656 -0.2974 0.1763, -0.2703 -0.2974 0.1815, -0.2672 -0.2974 0.174, -0.273 -0.2974 0.1781, -0.2748 -0.2974 0.174, -0.2547 -0.2974 0.1517, -0.2552 -0.2974 0.1526, -0.2555 -0.2974 0.1536, -0.2408 -0.2974 0.1956, -0.24 -0.2974 0.1888, -0.2359 -0.2974 0.1961, -0.2358 -0.2974 0.1893, -0.2312 -0.2974 0.1957, -0.232 -0.2974 0.1888, -0.2255 -0.2974 0.1936, -0.2284 -0.2974 0.1875, -0.2252 -0.2974 0.1853, -0.2467 -0.2974 0.1548, -0.2466 -0.2974 0.1537, -0.2403 -0.2974 0.1503, -0.2469 -0.2974 0.1526, -0.2416 -0.2974 0.1477, -0.2474 -0.2974 0.1516, -0.2434 -0.2974 0.1458, -0.2482 -0.2974 0.1508, -0.2457 -0.2974 0.1442, -0.249 -0.2974 0.1502, -0.2482 -0.2974 0.1432, -0.25 -0.2974 0.1498, -0.251 -0.2974 0.1429, -0.2511 -0.2974 0.1497, -0.2514 -0.2974 0.1429, -0.2541 -0.2974 0.1433, -0.224 -0.2974 0.1574, -0.2267 -0.2974 0.1516, -0.2264 -0.2974 0.1513, -0.2236 -0.2974 0.1574, -0.2257 -0.2974 0.1508, -0.2276 -0.2974 0.1539, -0.2275 -0.2974 0.1531, -0.2272 -0.2974 0.1523, -0.225 -0.2974 0.1573, -0.2257 -0.2974 0.157, -0.2276 -0.2974 0.1544, -0.2264 -0.2974 0.1565, -0.2269 -0.2974 0.156, -0.2274 -0.2974 0.1552, -0.2241 -0.2974 0.1574, -0.203 -0.2935 0.1663, -0.2035 -0.2935 0.17, -0.2049 -0.2935 0.1735, -0.2065 -0.2935 0.1757, -0.2072 -0.2935 0.1767, -0.2103 -0.2935 0.1794, -0.2137 -0.2935 0.181, -0.2143 -0.2935 0.1812, -0.2164 -0.2935 0.1854, -0.2204 -0.2935 0.1902, -0.2231 -0.2935 0.192, -0.2255 -0.2935 0.1936, -0.2312 -0.2935 0.1957, -0.2359 -0.2935 0.1961, -0.2496 -0.2935 0.1917, -0.2491 -0.2935 0.192, -0.2461 -0.2935 0.1938, -0.2408 -0.2935 0.1956, -0.2523 -0.2935 0.1894, -0.2546 -0.2935 0.1867, -0.2559 -0.2935 0.1869, -0.2572 -0.2935 0.1869, -0.2615 -0.2935 0.1864, -0.2658 -0.2935 0.1848, -0.2694 -0.2935 0.1823, -0.2703 -0.2935 0.1815, -0.273 -0.2935 0.1781, -0.274 -0.2935 0.1757, -0.2748 -0.2935 0.174, -0.2756 -0.2935 0.1697, -0.2757 -0.2935 0.1685, -0.2752 -0.2935 0.1643, -0.2751 -0.2935 0.1642, -0.2735 -0.2935 0.1599, -0.2709 -0.2935 0.1561, -0.2675 -0.2935 0.1532, -0.2634 -0.2935 0.1511, -0.2618 -0.2935 0.1506, -0.2616 -0.2935 0.1503, -0.2606 -0.2935 0.1482, -0.2589 -0.2935 0.1461, -0.2567 -0.2935 0.1444, -0.2557 -0.2935 0.144, -0.2541 -0.2935 0.1433, -0.2514 -0.2935 0.1429, -0.251 -0.2935 0.1429, -0.2396 -0.2935 0.1542, -0.2482 -0.2935 0.1432, -0.2462 -0.2935 0.144, -0.2457 -0.2935 0.1442, -0.2434 -0.2935 0.1458, -0.2416 -0.2935 0.1477, -0.2403 -0.2935 0.1503, -0.2403 -0.2935 0.1503, -0.2396 -0.2935 0.1531, -0.2396 -0.2935 0.1554, -0.2236 -0.2935 0.1638, -0.2272 -0.2935 0.1698, -0.2239 -0.2935 0.1643, -0.2378 -0.2935 0.1643, -0.2424 -0.2935 0.1619, -0.2444 -0.2935 0.1637, -0.2455 -0.2935 0.1643, -0.2468 -0.2935 0.165, -0.2496 -0.2935 0.1657, -0.251 -0.2935 0.1657, -0.2537 -0.2935 0.1654, -0.2562 -0.2935 0.1645, -0.2564 -0.2935 0.1643, -0.2585 -0.2935 0.1628, -0.2604 -0.2935 0.1607, -0.2617 -0.2935 0.1582, -0.2685 -0.2935 0.1687, -0.2641 -0.2935 0.1598, -0.2662 -0.2935 0.1619, -0.2675 -0.2935 0.1642, -0.2676 -0.2935 0.1643, -0.2684 -0.2935 0.167, -0.2681 -0.2935 0.1715, -0.2672 -0.2935 0.174, -0.266 -0.2935 0.1757, -0.2656 -0.2935 0.1763, -0.2636 -0.2935 0.178, -0.2611 -0.2935 0.1794, -0.2583 -0.2935 0.18, -0.2571 -0.2935 0.1801, -0.2544 -0.2935 0.1798, -0.2519 -0.2935 0.1788, -0.2511 -0.2935 0.1784, -0.2493 -0.2935 0.182, -0.2468 -0.2935 0.185, -0.2437 -0.2935 0.1873, -0.24 -0.2935 0.1888, -0.2358 -0.2935 0.1893, -0.2199 -0.2935 0.1751, -0.22 -0.2935 0.1757, -0.2206 -0.2935 0.1782, -0.2223 -0.2935 0.1819, -0.2249 -0.2935 0.185, -0.2252 -0.2935 0.1853, -0.2284 -0.2935 0.1875, -0.232 -0.2935 0.1888, -0.219 -0.2935 0.1751, -0.2168 -0.2935 0.1748, -0.2148 -0.2935 0.1741, -0.213 -0.2935 0.1728, -0.2117 -0.2935 0.1713, -0.2107 -0.2935 0.1694, -0.2101 -0.2935 0.1672, -0.2101 -0.2935 0.1662, -0.2103 -0.2935 0.1643, -0.2103 -0.2935 0.164, -0.2111 -0.2935 0.162, -0.2124 -0.2935 0.1602, -0.2125 -0.2935 0.16, -0.2142 -0.2935 0.1586, -0.2162 -0.2935 0.1577, -0.2183 -0.2935 0.1573, -0.2234 -0.2935 0.1573, -0.2236 -0.2935 0.1574, -0.224 -0.2935 0.1574, -0.2241 -0.2935 0.1574, -0.225 -0.2935 0.1573, -0.2257 -0.2935 0.157, -0.2264 -0.2935 0.1565, -0.2269 -0.2935 0.156, -0.2274 -0.2935 0.1552, -0.2276 -0.2935 0.1544, -0.2276 -0.2935 0.1539, -0.2275 -0.2935 0.1531, -0.2272 -0.2935 0.1523, -0.2267 -0.2935 0.1516, -0.2264 -0.2935 0.1513, -0.2257 -0.2935 0.1508, -0.225 -0.2935 0.1505, -0.2243 -0.2935 0.1504, -0.2176 -0.2935 0.1504, -0.2138 -0.2935 0.1512, -0.2103 -0.2935 0.1529, -0.2072 -0.2935 0.1555, -0.2033 -0.2935 0.1643, -0.2035 -0.2935 0.1623, -0.205 -0.2935 0.1586, -0.2511 -0.2935 0.1586, -0.2502 -0.2935 0.1585, -0.2492 -0.2935 0.1581, -0.2482 -0.2935 0.1576, -0.2475 -0.2935 0.1568, -0.247 -0.2935 0.1558, -0.2467 -0.2935 0.1548, -0.2466 -0.2935 0.1537, -0.2469 -0.2935 0.1526, -0.2474 -0.2935 0.1516, -0.2482 -0.2935 0.1508, -0.249 -0.2935 0.1502, -0.25 -0.2935 0.1498, -0.2511 -0.2935 0.1497, -0.2521 -0.2935 0.1498, -0.2531 -0.2935 0.1502, -0.254 -0.2935 0.1508, -0.2547 -0.2935 0.1517, -0.2552 -0.2935 0.1526, -0.2555 -0.2935 0.1536, -0.2555 -0.2935 0.1546, -0.2552 -0.2935 0.1557, -0.2547 -0.2935 0.1567, -0.254 -0.2935 0.1575, -0.2531 -0.2935 0.1581, -0.2521 -0.2935 0.1585
            ]
        }
        coordIndex [
            0,1,2,-1,3,4,5,-1,6,7,8,-1,9,10,11,-1,11,10,12,-1,5,4,13,-1,14,15,16,-1,17,18,10,-1,10,18,19,-1,10,19,12,-1,12,19,20,-1,21,1,22,-1,22,1,23,-1,22,23,24,-1,25,26,27,-1,27,26,28,-1,27,28,29,-1,29,28,30,-1,29,30,31,-1,31,30,32,-1,31,32,33,-1,33,32,2,-1,33,2,34,-1,35,36,2,-1,2,36,37,-1,2,37,0,-1,9,11,16,-1,16,11,38,-1,16,38,14,-1,39,40,25,-1,25,40,41,-1,25,41,26,-1,42,43,44,-1,44,43,45,-1,44,45,46,-1,46,45,47,-1,46,47,48,-1,48,47,49,-1,6,8,50,-1,50,8,51,-1,50,51,52,-1,52,51,53,-1,52,53,54,-1,4,55,13,-1,13,55,56,-1,13,56,57,-1,57,56,58,-1,57,58,6,-1,6,58,59,-1,6,59,7,-1,60,61,62,-1,62,61,63,-1,62,63,64,-1,64,63,65,-1,64,65,66,-1,66,65,67,-1,66,67,68,-1,68,67,69,-1,68,69,70,-1,71,72,73,-1,73,72,74,-1,73,74,75,-1,75,74,76,-1,75,76,77,-1,77,76,78,-1,77,78,79,-1,79,78,80,-1,79,80,35,-1,35,80,81,-1,35,81,36,-1,20,19,25,-1,25,19,82,-1,25,82,39,-1,47,83,49,-1,49,83,84,-1,49,84,85,-1,85,84,86,-1,85,86,87,-1,87,86,88,-1,87,88,89,-1,89,88,90,-1,89,90,91,-1,91,90,92,-1,91,92,93,-1,93,92,94,-1,93,94,60,-1,60,94,95,-1,60,95,61,-1,96,97,98,-1,98,97,99,-1,98,99,44,-1,44,99,100,-1,44,100,42,-1,5,101,3,-1,3,101,102,-1,3,102,103,-1,103,102,104,-1,103,104,105,-1,105,104,106,-1,105,106,71,-1,71,106,107,-1,71,107,72,-1,21,108,1,-1,1,108,109,-1,1,109,2,-1,2,109,110,-1,2,110,34,-1,54,53,111,-1,111,53,112,-1,111,112,113,-1,113,112,114,-1,113,114,115,-1,115,114,116,-1,115,116,117,-1,117,116,118,-1,117,118,96,-1,96,118,119,-1,96,119,97,-1,15,120,16,-1,16,120,121,-1,16,121,122,-1,122,121,123,-1,122,123,124,-1,124,123,125,-1,124,125,126,-1,126,125,127,-1,126,127,128,-1,128,127,129,-1,128,129,130,-1,130,129,131,-1,130,131,132,-1,132,131,133,-1,132,133,134,-1,134,133,24,-1,134,24,135,-1,135,24,23,-1,136,137,138,-1,69,139,70,-1,70,139,136,-1,70,136,140,-1,140,136,138,-1,141,142,136,-1,136,142,143,-1,136,143,137,-1,144,145,146,-1,145,147,146,-1,146,147,148,-1,146,148,149,-1,141,136,146,-1,146,136,150,-1,146,150,144,-1,89,151,152,-1,89,152,87,-1,87,152,153,-1,87,153,85,-1,85,153,154,-1,85,154,49,-1,154,155,49,-1,49,155,156,-1,49,156,48,-1,48,156,157,-1,48,157,46,-1,46,157,158,-1,46,158,44,-1,44,158,159,-1,44,159,98,-1,98,159,160,-1,98,160,96,-1,96,160,117,-1,117,160,161,-1,161,162,117,-1,117,162,163,-1,117,163,115,-1,115,163,164,-1,115,164,113,-1,165,52,166,-1,166,52,54,-1,166,54,167,-1,167,54,111,-1,167,111,168,-1,168,111,113,-1,168,113,164,-1,52,165,169,-1,52,169,50,-1,50,169,170,-1,50,170,6,-1,6,170,171,-1,6,171,57,-1,57,171,172,-1,57,172,13,-1,13,172,173,-1,13,173,5,-1,5,173,174,-1,5,174,101,-1,101,174,175,-1,101,175,102,-1,102,175,176,-1,102,176,104,-1,104,176,177,-1,104,177,106,-1,106,177,178,-1,106,178,107,-1,178,179,107,-1,107,179,180,-1,107,180,72,-1,72,180,181,-1,72,181,74,-1,181,182,74,-1,74,182,76,-1,182,183,76,-1,76,183,184,-1,76,184,78,-1,78,184,185,-1,78,185,80,-1,80,185,186,-1,80,186,81,-1,81,186,187,-1,81,187,36,-1,36,187,188,-1,36,188,37,-1,37,188,189,-1,37,189,0,-1,189,190,0,-1,0,190,191,-1,0,191,1,-1,1,191,192,-1,1,192,23,-1,23,192,193,-1,23,193,135,-1,193,194,135,-1,135,194,195,-1,135,195,134,-1,134,195,196,-1,134,196,132,-1,197,9,16,-1,132,196,198,-1,132,198,130,-1,130,198,199,-1,130,199,128,-1,199,200,128,-1,128,200,201,-1,128,201,126,-1,126,201,202,-1,126,202,124,-1,124,202,203,-1,124,203,122,-1,122,203,204,-1,122,204,16,-1,16,204,205,-1,16,205,197,-1,10,9,206,-1,206,9,197,-1,17,10,207,-1,207,10,206,-1,208,18,209,-1,209,18,17,-1,209,17,207,-1,18,208,19,-1,19,208,210,-1,19,210,211,-1,19,211,212,-1,19,212,82,-1,82,212,213,-1,82,213,39,-1,213,214,39,-1,39,214,215,-1,39,215,40,-1,40,215,216,-1,40,216,41,-1,41,216,217,-1,41,217,26,-1,26,217,218,-1,26,218,28,-1,28,218,219,-1,28,219,30,-1,219,220,30,-1,30,220,221,-1,30,221,32,-1,32,221,222,-1,32,222,2,-1,223,73,75,-1,2,222,224,-1,2,224,35,-1,35,224,225,-1,35,225,79,-1,79,225,226,-1,79,226,77,-1,77,226,227,-1,77,227,75,-1,75,227,228,-1,75,228,223,-1,73,223,229,-1,73,229,71,-1,71,229,230,-1,71,230,105,-1,105,230,231,-1,105,231,103,-1,231,232,103,-1,103,232,233,-1,103,233,3,-1,3,233,234,-1,3,234,4,-1,4,234,235,-1,4,235,55,-1,55,235,236,-1,55,236,56,-1,56,236,237,-1,56,237,58,-1,58,237,238,-1,58,238,59,-1,59,238,239,-1,59,239,7,-1,7,239,240,-1,7,240,8,-1,8,240,241,-1,8,241,51,-1,51,241,242,-1,51,242,53,-1,53,242,243,-1,53,243,112,-1,112,243,244,-1,112,244,114,-1,245,42,246,-1,246,42,100,-1,246,100,247,-1,247,100,99,-1,247,99,248,-1,248,99,97,-1,248,97,249,-1,249,97,119,-1,249,119,250,-1,250,119,118,-1,250,118,251,-1,251,118,116,-1,251,116,252,-1,252,116,114,-1,252,114,244,-1,43,42,253,-1,253,42,245,-1,43,253,254,-1,43,254,45,-1,45,254,255,-1,45,255,47,-1,47,255,256,-1,47,256,83,-1,83,256,257,-1,83,257,84,-1,84,257,258,-1,84,258,86,-1,86,258,259,-1,86,259,88,-1,88,259,260,-1,88,260,90,-1,260,261,90,-1,90,261,92,-1,261,262,92,-1,92,262,263,-1,92,263,94,-1,94,263,264,-1,94,264,95,-1,95,264,265,-1,95,265,61,-1,61,265,266,-1,61,266,63,-1,63,266,267,-1,63,267,65,-1,65,267,268,-1,65,268,67,-1,69,67,269,-1,269,67,268,-1,69,269,270,-1,69,270,139,-1,139,270,271,-1,139,271,136,-1,136,271,272,-1,136,272,150,-1,150,272,273,-1,150,273,144,-1,144,273,274,-1,144,274,145,-1,145,274,275,-1,145,275,147,-1,147,275,276,-1,147,276,148,-1,148,276,277,-1,148,277,149,-1,149,277,278,-1,149,278,146,-1,146,278,279,-1,146,279,141,-1,141,279,280,-1,141,280,142,-1,142,280,281,-1,142,281,143,-1,143,281,282,-1,143,282,137,-1,137,282,283,-1,137,283,138,-1,138,283,284,-1,138,284,140,-1,140,284,285,-1,140,285,70,-1,70,285,286,-1,70,286,68,-1,66,68,287,-1,287,68,286,-1,66,287,288,-1,66,288,64,-1,64,288,289,-1,64,289,62,-1,62,289,290,-1,62,290,60,-1,151,89,291,-1,291,89,91,-1,291,91,292,-1,292,91,93,-1,292,93,293,-1,293,93,60,-1,293,60,290,-1,20,294,295,-1,20,295,12,-1,12,295,296,-1,12,296,11,-1,11,296,297,-1,11,297,38,-1,38,297,298,-1,38,298,14,-1,14,298,299,-1,14,299,15,-1,15,299,300,-1,15,300,120,-1,120,300,301,-1,120,301,121,-1,121,301,302,-1,121,302,123,-1,123,302,303,-1,123,303,125,-1,125,303,304,-1,125,304,127,-1,127,304,305,-1,127,305,129,-1,129,305,306,-1,129,306,131,-1,131,306,307,-1,131,307,133,-1,133,307,308,-1,133,308,24,-1,24,308,309,-1,24,309,22,-1,22,309,310,-1,22,310,21,-1,21,310,311,-1,21,311,108,-1,108,311,312,-1,108,312,109,-1,109,312,313,-1,109,313,110,-1,110,313,314,-1,110,314,34,-1,34,314,315,-1,34,315,33,-1,33,315,316,-1,33,316,31,-1,31,316,317,-1,31,317,29,-1,29,317,318,-1,29,318,27,-1,27,318,319,-1,27,319,25,-1,25,319,294,-1,25,294,20,-1,
        ]
    }
}
Shape{
    appearance Appearance {
        material  Material 	{
            diffuseColor 0.25098039215686274 0.25098039215686274 0.25098039215686274
            specularColor 0.12549019607843137 0.12549019607843137 0.12549019607843137
            ambientIntensity 0.251
            transparency 0.0
            shininess 0.5
        }
    }
    geometry IndexedFaceSet {
        ccw TRUE
        solid FALSE
        coord DEF co Coordinate {
            point [
                -0.2511 -0.2935 0.1586, -0.2511 -0.2935 0.1497, -0.2502 -0.2935 0.1585, -0.25 -0.2935 0.1498, -0.2555 -0.2935 0.1536, -0.2521 -0.2935 0.1585, -0.2531 -0.2935 0.1581, -0.254 -0.2935 0.1575, -0.2555 -0.2935 0.1546, -0.2547 -0.2935 0.1567, -0.2552 -0.2935 0.1557, -0.2552 -0.2935 0.1526, -0.2547 -0.2935 0.1517, -0.254 -0.2935 0.1508, -0.2482 -0.2935 0.1508, -0.2475 -0.2935 0.1568, -0.2482 -0.2935 0.1576, -0.2531 -0.2935 0.1502, -0.2521 -0.2935 0.1498, -0.249 -0.2935 0.1502, -0.2492 -0.2935 0.1581, -0.2469 -0.2935 0.1526, -0.2466 -0.2935 0.1537, -0.2474 -0.2935 0.1516, -0.2467 -0.2935 0.1548, -0.247 -0.2935 0.1558
            ]
        }
        coordIndex [
            0,1,2,-1,2,1,3,-1,4,0,5,-1,5,6,4,-1,4,6,7,-1,4,7,8,-1,8,7,9,-1,8,9,10,-1,4,11,0,-1,0,11,12,-1,0,12,13,-1,14,15,16,-1,13,17,0,-1,0,17,18,-1,0,18,1,-1,3,19,2,-1,2,19,14,-1,2,14,20,-1,20,14,16,-1,21,22,23,-1,23,22,24,-1,23,24,14,-1,14,24,25,-1,14,25,15,-1,
        ]
    }
}