#VRML V2.0 utf8
# 3D model generated by easyeda2kicad.py (https://github.com/uPesy/easyeda2kicad.py)

Shape{
    appearance Appearance {
        material  Material 	{
            diffuseColor 0.7529411764705882 0.7529411764705882 0.7529411764705882
            specularColor 0.3764705882352941 0.3764705882352941 0.3764705882352941
            ambientIntensity 0.7529
            transparency 0.0
            shininess 0.5
        }
    }
    geometry IndexedFaceSet {
        ccw TRUE
        solid FALSE
        coord DEF co Coordinate {
            point [
                0.1358 -0.4838 0.2825, 0.1358 -0.4611 0.2126, 0.0571 -0.4838 0.2825, 0.0571 -0.4611 0.2126, 0.1358 -0.7594 0.1929, 0.0571 -0.7594 0.1929, 0.0571 -0.7665 0.1896, 0.1358 -0.7665 0.1896, 0.0571 -0.7725 0.1846, 0.1358 -0.7725 0.1846, 0.0571 -0.777 0.1783, 0.1358 -0.777 0.1783, 0.0571 -0.7799 0.1711, 0.1358 -0.7799 0.1711, 0.0571 -0.7809 0.1634, 0.1358 -0.7809 0.1634, 0.0571 -0.7799 0.1557, 0.1358 -0.7799 0.1557, 0.0571 -0.777 0.1484, 0.1358 -0.777 0.1484, 0.0571 -0.7725 0.1421, 0.1358 -0.7725 0.1421, 0.0571 -0.7665 0.1372, 0.1358 -0.7665 0.1372, 0.0571 -0.7594 0.1339, 0.1358 -0.7594 0.1339, 0.1358 0.1753 0.1339, 0.0571 0.1753 0.1339, 0.1358 0.1889 0.1323, 0.0571 0.1889 0.1323, 0.1358 0.2018 0.1276, 0.0571 0.2018 0.1276, 0.1358 0.2132 0.12, 0.0571 0.2132 0.12, 0.1358 0.2226 0.1101, 0.0571 0.2226 0.1101, 0.1358 0.2295 0.0982, 0.0571 0.2295 0.0982, 0.1358 0.2334 0.0851, 0.0571 0.2334 0.0851, 0.1358 0.2398 0.0488, 0.0571 0.2398 0.0488, 0.0571 0.2437 0.0357, 0.1358 0.2437 0.0357, 0.0571 0.2506 0.0238, 0.1358 0.2506 0.0238, 0.0571 0.26 0.0138, 0.1358 0.26 0.0138, 0.0571 0.2715 0.0063, 0.1358 0.2715 0.0063, 0.0571 0.2844 0.0016, 0.1358 0.2844 0.0016, 0.0571 0.298 0.0, 0.1358 0.298 0.0, 0.1358 0.5634 0.0, 0.0571 0.5634 0.0, 0.0571 0.5736 0.0013, 0.1358 0.5736 0.0013, 0.0571 0.5831 0.0053, 0.1358 0.5831 0.0053, 0.0571 0.5912 0.0115, 0.1358 0.5912 0.0115, 0.0571 0.5975 0.0197, 0.1358 0.5975 0.0197, 0.0571 0.6014 0.0292, 0.1358 0.6014 0.0292, 0.0571 0.6028 0.0394, 0.1358 0.6028 0.0394, 0.1358 0.6028 0.0591, 0.0571 0.6028 0.0591, 0.0571 0.6007 0.0743, 0.1358 0.6007 0.0743, 0.0571 0.5948 0.0886, 0.1358 0.5948 0.0886, 0.0571 0.5855 0.1008, 0.1358 0.5855 0.1008, 0.0571 0.5732 0.1102, 0.1358 0.5732 0.1102, 0.0571 0.559 0.1161, 0.1358 0.559 0.1161, 0.0571 0.5437 0.1181, 0.1358 0.5437 0.1181, 0.1358 0.3588 0.1181, 0.0571 0.3588 0.1181, 0.1358 0.2878 0.2028, 0.0571 0.2878 0.2028, 0.1358 0.2878 0.498, 0.0571 0.2878 0.498, 0.1358 -0.4996 0.498, 0.0571 -0.4996 0.498, 0.1358 -0.7358 0.4774, 0.0571 -0.7358 0.4774, 0.0571 -0.7459 0.4751, 0.1358 -0.7459 0.4751, 0.0571 -0.755 0.4704, 0.1358 -0.755 0.4704, 0.0571 -0.7626 0.4635, 0.1358 -0.7626 0.4635, 0.0571 -0.7681 0.4548, 0.1358 -0.7681 0.4548, 0.0571 -0.7712 0.445, 0.1358 -0.7712 0.445, 0.0571 -0.7716 0.4347, 0.1358 -0.7716 0.4347, 0.0571 -0.7694 0.4247, 0.1358 -0.7694 0.4247, 0.0571 -0.7646 0.4156, 0.1358 -0.7646 0.4156, 0.0571 -0.7577 0.408, 0.1358 -0.7577 0.408, 0.0571 -0.749 0.4025, 0.1358 -0.749 0.4025, 0.0571 -0.7392 0.3994, 0.1358 -0.7392 0.3994, 0.0571 -0.729 0.3989, 0.1358 -0.729 0.3989, 0.1358 -0.4962 0.4193, 0.0571 -0.4962 0.4193, 0.1358 -0.1846 0.4193, 0.0571 -0.1846 0.4193, 0.1358 -0.1846 0.2126, 0.0571 -0.1846 0.2126, 0.3327 -0.4838 0.2825, 0.3327 -0.4611 0.2126, 0.2539 -0.4838 0.2825, 0.2539 -0.4611 0.2126, 0.3327 -0.7594 0.1929, 0.2539 -0.7594 0.1929, 0.2539 -0.7665 0.1896, 0.3327 -0.7665 0.1896, 0.2539 -0.7725 0.1846, 0.3327 -0.7725 0.1846, 0.2539 -0.777 0.1783, 0.3327 -0.777 0.1783, 0.2539 -0.7799 0.1711, 0.3327 -0.7799 0.1711, 0.2539 -0.7809 0.1634, 0.3327 -0.7809 0.1634, 0.2539 -0.7799 0.1557, 0.3327 -0.7799 0.1557, 0.2539 -0.777 0.1484, 0.3327 -0.777 0.1484, 0.2539 -0.7725 0.1421, 0.3327 -0.7725 0.1421, 0.2539 -0.7665 0.1372, 0.3327 -0.7665 0.1372, 0.2539 -0.7594 0.1339, 0.3327 -0.7594 0.1339, 0.3327 0.1753 0.1339, 0.2539 0.1753 0.1339, 0.3327 0.1889 0.1323, 0.2539 0.1889 0.1323, 0.3327 0.2018 0.1276, 0.2539 0.2018 0.1276, 0.3327 0.2132 0.12, 0.2539 0.2132 0.12, 0.3327 0.2226 0.1101, 0.2539 0.2226 0.1101, 0.3327 0.2295 0.0982, 0.2539 0.2295 0.0982, 0.3327 0.2334 0.0851, 0.2539 0.2334 0.0851, 0.3327 0.2398 0.0488, 0.2539 0.2398 0.0488, 0.2539 0.2437 0.0357, 0.3327 0.2437 0.0357, 0.2539 0.2506 0.0238, 0.3327 0.2506 0.0238, 0.2539 0.26 0.0138, 0.3327 0.26 0.0138, 0.2539 0.2715 0.0063, 0.3327 0.2715 0.0063, 0.2539 0.2844 0.0016, 0.3327 0.2844 0.0016, 0.2539 0.298 0.0, 0.3327 0.298 0.0, 0.3327 0.5634 0.0, 0.2539 0.5634 0.0, 0.2539 0.5736 0.0013, 0.3327 0.5736 0.0013, 0.2539 0.5831 0.0053, 0.3327 0.5831 0.0053, 0.2539 0.5912 0.0115, 0.3327 0.5912 0.0115, 0.2539 0.5975 0.0197, 0.3327 0.5975 0.0197, 0.2539 0.6014 0.0292, 0.3327 0.6014 0.0292, 0.2539 0.6028 0.0394, 0.3327 0.6028 0.0394, 0.3327 0.6028 0.0591, 0.2539 0.6028 0.0591, 0.2539 0.6007 0.0743, 0.3327 0.6007 0.0743, 0.2539 0.5948 0.0886, 0.3327 0.5948 0.0886, 0.2539 0.5855 0.1008, 0.3327 0.5855 0.1008, 0.2539 0.5732 0.1102, 0.3327 0.5732 0.1102, 0.2539 0.559 0.1161, 0.3327 0.559 0.1161, 0.2539 0.5437 0.1181, 0.3327 0.5437 0.1181, 0.3327 0.3588 0.1181, 0.2539 0.3588 0.1181, 0.3327 0.2878 0.2028, 0.2539 0.2878 0.2028, 0.3327 0.2878 0.498, 0.2539 0.2878 0.498, 0.3327 -0.4996 0.498, 0.2539 -0.4996 0.498, 0.3327 -0.7358 0.4774, 0.2539 -0.7358 0.4774, 0.2539 -0.7459 0.4751, 0.3327 -0.7459 0.4751, 0.2539 -0.755 0.4704, 0.3327 -0.755 0.4704, 0.2539 -0.7626 0.4635, 0.3327 -0.7626 0.4635, 0.2539 -0.7681 0.4548, 0.3327 -0.7681 0.4548, 0.2539 -0.7712 0.445, 0.3327 -0.7712 0.445, 0.2539 -0.7716 0.4347, 0.3327 -0.7716 0.4347, 0.2539 -0.7694 0.4247, 0.3327 -0.7694 0.4247, 0.2539 -0.7646 0.4156, 0.3327 -0.7646 0.4156, 0.2539 -0.7577 0.408, 0.3327 -0.7577 0.408, 0.2539 -0.749 0.4025, 0.3327 -0.749 0.4025, 0.2539 -0.7392 0.3994, 0.3327 -0.7392 0.3994, 0.2539 -0.729 0.3989, 0.3327 -0.729 0.3989, 0.3327 -0.4962 0.4193, 0.2539 -0.4962 0.4193, 0.3327 -0.1846 0.4193, 0.2539 -0.1846 0.4193, 0.3327 -0.1846 0.2126, 0.2539 -0.1846 0.2126, 0.5295 -0.4838 0.2825, 0.5295 -0.4611 0.2126, 0.4508 -0.4838 0.2825, 0.4508 -0.4611 0.2126, 0.5295 -0.7594 0.1929, 0.4508 -0.7594 0.1929, 0.4508 -0.7665 0.1896, 0.5295 -0.7665 0.1896, 0.4508 -0.7725 0.1846, 0.5295 -0.7725 0.1846, 0.4508 -0.777 0.1783, 0.5295 -0.777 0.1783, 0.4508 -0.7799 0.1711, 0.5295 -0.7799 0.1711, 0.4508 -0.7809 0.1634, 0.5295 -0.7809 0.1634, 0.4508 -0.7799 0.1557, 0.5295 -0.7799 0.1557, 0.4508 -0.777 0.1484, 0.5295 -0.777 0.1484, 0.4508 -0.7725 0.1421, 0.5295 -0.7725 0.1421, 0.4508 -0.7665 0.1372, 0.5295 -0.7665 0.1372, 0.4508 -0.7594 0.1339, 0.5295 -0.7594 0.1339, 0.5295 0.1753 0.1339, 0.4508 0.1753 0.1339, 0.5295 0.1889 0.1323, 0.4508 0.1889 0.1323, 0.5295 0.2018 0.1276, 0.4508 0.2018 0.1276, 0.5295 0.2132 0.12, 0.4508 0.2132 0.12, 0.5295 0.2226 0.1101, 0.4508 0.2226 0.1101, 0.5295 0.2295 0.0982, 0.4508 0.2295 0.0982, 0.5295 0.2334 0.0851, 0.4508 0.2334 0.0851, 0.5295 0.2398 0.0488, 0.4508 0.2398 0.0488, 0.4508 0.2437 0.0357, 0.5295 0.2437 0.0357, 0.4508 0.2506 0.0238, 0.5295 0.2506 0.0238, 0.4508 0.26 0.0138, 0.5295 0.26 0.0138, 0.4508 0.2715 0.0063, 0.5295 0.2715 0.0063, 0.4508 0.2844 0.0016, 0.5295 0.2844 0.0016, 0.4508 0.298 0.0, 0.5295 0.298 0.0, 0.5295 0.5634 0.0, 0.4508 0.5634 0.0, 0.4508 0.5736 0.0013, 0.5295 0.5736 0.0013, 0.4508 0.5831 0.0053, 0.5295 0.5831 0.0053, 0.4508 0.5912 0.0115, 0.5295 0.5912 0.0115, 0.4508 0.5975 0.0197, 0.5295 0.5975 0.0197, 0.4508 0.6014 0.0292, 0.5295 0.6014 0.0292, 0.4508 0.6028 0.0394, 0.5295 0.6028 0.0394, 0.5295 0.6028 0.0591, 0.4508 0.6028 0.0591, 0.4508 0.6007 0.0743, 0.5295 0.6007 0.0743, 0.4508 0.5948 0.0886, 0.5295 0.5948 0.0886, 0.4508 0.5855 0.1008, 0.5295 0.5855 0.1008, 0.4508 0.5732 0.1102, 0.5295 0.5732 0.1102, 0.4508 0.559 0.1161, 0.5295 0.559 0.1161, 0.4508 0.5437 0.1181, 0.5295 0.5437 0.1181, 0.5295 0.3588 0.1181, 0.4508 0.3588 0.1181, 0.5295 0.2878 0.2028, 0.4508 0.2878 0.2028, 0.5295 0.2878 0.498, 0.4508 0.2878 0.498, 0.5295 -0.4996 0.498, 0.4508 -0.4996 0.498, 0.5295 -0.7358 0.4774, 0.4508 -0.7358 0.4774, 0.4508 -0.7459 0.4751, 0.5295 -0.7459 0.4751, 0.4508 -0.755 0.4704, 0.5295 -0.755 0.4704, 0.4508 -0.7626 0.4635, 0.5295 -0.7626 0.4635, 0.4508 -0.7681 0.4548, 0.5295 -0.7681 0.4548, 0.4508 -0.7712 0.445, 0.5295 -0.7712 0.445, 0.4508 -0.7716 0.4347, 0.5295 -0.7716 0.4347, 0.4508 -0.7694 0.4247, 0.5295 -0.7694 0.4247, 0.4508 -0.7646 0.4156, 0.5295 -0.7646 0.4156, 0.4508 -0.7577 0.408, 0.5295 -0.7577 0.408, 0.4508 -0.749 0.4025, 0.5295 -0.749 0.4025, 0.4508 -0.7392 0.3994, 0.5295 -0.7392 0.3994, 0.4508 -0.729 0.3989, 0.5295 -0.729 0.3989, 0.5295 -0.4962 0.4193, 0.4508 -0.4962 0.4193, 0.5295 -0.1846 0.4193, 0.4508 -0.1846 0.4193, 0.5295 -0.1846 0.2126, 0.4508 -0.1846 0.2126, 0.7264 -0.4838 0.2825, 0.7264 -0.4611 0.2126, 0.6476 -0.4838 0.2825, 0.6476 -0.4611 0.2126, 0.7264 -0.7594 0.1929, 0.6476 -0.7594 0.1929, 0.6476 -0.7665 0.1896, 0.7264 -0.7665 0.1896, 0.6476 -0.7725 0.1846, 0.7264 -0.7725 0.1846, 0.6476 -0.777 0.1783, 0.7264 -0.777 0.1783, 0.6476 -0.7799 0.1711, 0.7264 -0.7799 0.1711, 0.6476 -0.7809 0.1634, 0.7264 -0.7809 0.1634, 0.6476 -0.7799 0.1557, 0.7264 -0.7799 0.1557, 0.6476 -0.777 0.1484, 0.7264 -0.777 0.1484, 0.6476 -0.7725 0.1421, 0.7264 -0.7725 0.1421, 0.6476 -0.7665 0.1372, 0.7264 -0.7665 0.1372, 0.6476 -0.7594 0.1339, 0.7264 -0.7594 0.1339, 0.7264 0.1753 0.1339, 0.6476 0.1753 0.1339, 0.7264 0.1889 0.1323, 0.6476 0.1889 0.1323, 0.7264 0.2018 0.1276, 0.6476 0.2018 0.1276, 0.7264 0.2132 0.12, 0.6476 0.2132 0.12, 0.7264 0.2226 0.1101, 0.6476 0.2226 0.1101, 0.7264 0.2295 0.0982, 0.6476 0.2295 0.0982, 0.7264 0.2334 0.0851, 0.6476 0.2334 0.0851, 0.7264 0.2398 0.0488, 0.6476 0.2398 0.0488, 0.6476 0.2437 0.0357, 0.7264 0.2437 0.0357, 0.6476 0.2506 0.0238, 0.7264 0.2506 0.0238, 0.6476 0.26 0.0138, 0.7264 0.26 0.0138, 0.6476 0.2715 0.0063, 0.7264 0.2715 0.0063, 0.6476 0.2844 0.0016, 0.7264 0.2844 0.0016, 0.6476 0.298 0.0, 0.7264 0.298 0.0, 0.7264 0.5634 0.0, 0.6476 0.5634 0.0, 0.6476 0.5736 0.0013, 0.7264 0.5736 0.0013, 0.6476 0.5831 0.0053, 0.7264 0.5831 0.0053, 0.6476 0.5912 0.0115, 0.7264 0.5912 0.0115, 0.6476 0.5975 0.0197, 0.7264 0.5975 0.0197, 0.6476 0.6014 0.0292, 0.7264 0.6014 0.0292, 0.6476 0.6028 0.0394, 0.7264 0.6028 0.0394, 0.7264 0.6028 0.0591, 0.6476 0.6028 0.0591, 0.6476 0.6007 0.0743, 0.7264 0.6007 0.0743, 0.6476 0.5948 0.0886, 0.7264 0.5948 0.0886, 0.6476 0.5855 0.1008, 0.7264 0.5855 0.1008, 0.6476 0.5732 0.1102, 0.7264 0.5732 0.1102, 0.6476 0.559 0.1161, 0.7264 0.559 0.1161, 0.6476 0.5437 0.1181, 0.7264 0.5437 0.1181, 0.7264 0.3588 0.1181, 0.6476 0.3588 0.1181, 0.7264 0.2878 0.2028, 0.6476 0.2878 0.2028, 0.7264 0.2878 0.498, 0.6476 0.2878 0.498, 0.7264 -0.4996 0.498, 0.6476 -0.4996 0.498, 0.7264 -0.7358 0.4774, 0.6476 -0.7358 0.4774, 0.6476 -0.7459 0.4751, 0.7264 -0.7459 0.4751, 0.6476 -0.755 0.4704, 0.7264 -0.755 0.4704, 0.6476 -0.7626 0.4635, 0.7264 -0.7626 0.4635, 0.6476 -0.7681 0.4548, 0.7264 -0.7681 0.4548, 0.6476 -0.7712 0.445, 0.7264 -0.7712 0.445, 0.6476 -0.7716 0.4347, 0.7264 -0.7716 0.4347, 0.6476 -0.7694 0.4247, 0.7264 -0.7694 0.4247, 0.6476 -0.7646 0.4156, 0.7264 -0.7646 0.4156, 0.6476 -0.7577 0.408, 0.7264 -0.7577 0.408, 0.6476 -0.749 0.4025, 0.7264 -0.749 0.4025, 0.6476 -0.7392 0.3994, 0.7264 -0.7392 0.3994, 0.6476 -0.729 0.3989, 0.7264 -0.729 0.3989, 0.7264 -0.4962 0.4193, 0.6476 -0.4962 0.4193, 0.7264 -0.1846 0.4193, 0.6476 -0.1846 0.4193, 0.7264 -0.1846 0.2126, 0.6476 -0.1846 0.2126, 0.9232 -0.4838 0.2825, 0.9232 -0.4611 0.2126, 0.8445 -0.4838 0.2825, 0.8445 -0.4611 0.2126, 0.9232 -0.7594 0.1929, 0.8445 -0.7594 0.1929, 0.8445 -0.7665 0.1896, 0.9232 -0.7665 0.1896, 0.8445 -0.7725 0.1846, 0.9232 -0.7725 0.1846, 0.8445 -0.777 0.1783, 0.9232 -0.777 0.1783, 0.8445 -0.7799 0.1711, 0.9232 -0.7799 0.1711, 0.8445 -0.7809 0.1634, 0.9232 -0.7809 0.1634, 0.8445 -0.7799 0.1557, 0.9232 -0.7799 0.1557, 0.8445 -0.777 0.1484, 0.9232 -0.777 0.1484, 0.8445 -0.7725 0.1421, 0.9232 -0.7725 0.1421, 0.8445 -0.7665 0.1372, 0.9232 -0.7665 0.1372, 0.8445 -0.7594 0.1339, 0.9232 -0.7594 0.1339, 0.9232 0.1753 0.1339, 0.8445 0.1753 0.1339, 0.9232 0.1889 0.1323, 0.8445 0.1889 0.1323, 0.9232 0.2018 0.1276, 0.8445 0.2018 0.1276, 0.9232 0.2132 0.12, 0.8445 0.2132 0.12, 0.9232 0.2226 0.1101, 0.8445 0.2226 0.1101, 0.9232 0.2295 0.0982, 0.8445 0.2295 0.0982, 0.9232 0.2334 0.0851, 0.8445 0.2334 0.0851, 0.9232 0.2398 0.0488, 0.8445 0.2398 0.0488, 0.8445 0.2437 0.0357, 0.9232 0.2437 0.0357, 0.8445 0.2506 0.0238, 0.9232 0.2506 0.0238, 0.8445 0.26 0.0138, 0.9232 0.26 0.0138, 0.8445 0.2715 0.0063, 0.9232 0.2715 0.0063, 0.8445 0.2844 0.0016, 0.9232 0.2844 0.0016, 0.8445 0.298 0.0, 0.9232 0.298 0.0, 0.9232 0.5634 0.0, 0.8445 0.5634 0.0, 0.8445 0.5736 0.0013, 0.9232 0.5736 0.0013, 0.8445 0.5831 0.0053, 0.9232 0.5831 0.0053, 0.8445 0.5912 0.0115, 0.9232 0.5912 0.0115, 0.8445 0.5975 0.0197, 0.9232 0.5975 0.0197, 0.8445 0.6014 0.0292, 0.9232 0.6014 0.0292, 0.8445 0.6028 0.0394, 0.9232 0.6028 0.0394, 0.9232 0.6028 0.0591, 0.8445 0.6028 0.0591, 0.8445 0.6007 0.0743, 0.9232 0.6007 0.0743, 0.8445 0.5948 0.0886, 0.9232 0.5948 0.0886, 0.8445 0.5855 0.1008, 0.9232 0.5855 0.1008, 0.8445 0.5732 0.1102, 0.9232 0.5732 0.1102, 0.8445 0.559 0.1161, 0.9232 0.559 0.1161, 0.8445 0.5437 0.1181, 0.9232 0.5437 0.1181, 0.9232 0.3588 0.1181, 0.8445 0.3588 0.1181, 0.9232 0.2878 0.2028, 0.8445 0.2878 0.2028, 0.9232 0.2878 0.498, 0.8445 0.2878 0.498, 0.9232 -0.4996 0.498, 0.8445 -0.4996 0.498, 0.9232 -0.7358 0.4774, 0.8445 -0.7358 0.4774, 0.8445 -0.7459 0.4751, 0.9232 -0.7459 0.4751, 0.8445 -0.755 0.4704, 0.9232 -0.755 0.4704, 0.8445 -0.7626 0.4635, 0.9232 -0.7626 0.4635, 0.8445 -0.7681 0.4548, 0.9232 -0.7681 0.4548, 0.8445 -0.7712 0.445, 0.9232 -0.7712 0.445, 0.8445 -0.7716 0.4347, 0.9232 -0.7716 0.4347, 0.8445 -0.7694 0.4247, 0.9232 -0.7694 0.4247, 0.8445 -0.7646 0.4156, 0.9232 -0.7646 0.4156, 0.8445 -0.7577 0.408, 0.9232 -0.7577 0.408, 0.8445 -0.749 0.4025, 0.9232 -0.749 0.4025, 0.8445 -0.7392 0.3994, 0.9232 -0.7392 0.3994, 0.8445 -0.729 0.3989, 0.9232 -0.729 0.3989, 0.9232 -0.4962 0.4193, 0.8445 -0.4962 0.4193, 0.9232 -0.1846 0.4193, 0.8445 -0.1846 0.4193, 0.9232 -0.1846 0.2126, 0.8445 -0.1846 0.2126, 1.1201 -0.4838 0.2825, 1.1201 -0.4611 0.2126, 1.0413 -0.4838 0.2825, 1.0413 -0.4611 0.2126, 1.1201 -0.7594 0.1929, 1.0413 -0.7594 0.1929, 1.0413 -0.7665 0.1896, 1.1201 -0.7665 0.1896, 1.0413 -0.7725 0.1846, 1.1201 -0.7725 0.1846, 1.0413 -0.777 0.1783, 1.1201 -0.777 0.1783, 1.0413 -0.7799 0.1711, 1.1201 -0.7799 0.1711, 1.0413 -0.7809 0.1634, 1.1201 -0.7809 0.1634, 1.0413 -0.7799 0.1557, 1.1201 -0.7799 0.1557, 1.0413 -0.777 0.1484, 1.1201 -0.777 0.1484, 1.0413 -0.7725 0.1421, 1.1201 -0.7725 0.1421, 1.0413 -0.7665 0.1372, 1.1201 -0.7665 0.1372, 1.0413 -0.7594 0.1339, 1.1201 -0.7594 0.1339, 1.1201 0.1753 0.1339, 1.0413 0.1753 0.1339, 1.1201 0.1889 0.1323, 1.0413 0.1889 0.1323, 1.1201 0.2018 0.1276, 1.0413 0.2018 0.1276, 1.1201 0.2132 0.12, 1.0413 0.2132 0.12, 1.1201 0.2226 0.1101, 1.0413 0.2226 0.1101, 1.1201 0.2295 0.0982, 1.0413 0.2295 0.0982, 1.1201 0.2334 0.0851, 1.0413 0.2334 0.0851, 1.1201 0.2398 0.0488, 1.0413 0.2398 0.0488, 1.0413 0.2437 0.0357, 1.1201 0.2437 0.0357, 1.0413 0.2506 0.0238, 1.1201 0.2506 0.0238, 1.0413 0.26 0.0138, 1.1201 0.26 0.0138, 1.0413 0.2715 0.0063, 1.1201 0.2715 0.0063, 1.0413 0.2844 0.0016, 1.1201 0.2844 0.0016, 1.0413 0.298 0.0, 1.1201 0.298 0.0, 1.1201 0.5634 0.0, 1.0413 0.5634 0.0, 1.0413 0.5736 0.0013, 1.1201 0.5736 0.0013, 1.0413 0.5831 0.0053, 1.1201 0.5831 0.0053, 1.0413 0.5912 0.0115, 1.1201 0.5912 0.0115, 1.0413 0.5975 0.0197, 1.1201 0.5975 0.0197, 1.0413 0.6014 0.0292, 1.1201 0.6014 0.0292, 1.0413 0.6028 0.0394, 1.1201 0.6028 0.0394, 1.1201 0.6028 0.0591, 1.0413 0.6028 0.0591, 1.0413 0.6007 0.0743, 1.1201 0.6007 0.0743, 1.0413 0.5948 0.0886, 1.1201 0.5948 0.0886, 1.0413 0.5855 0.1008, 1.1201 0.5855 0.1008, 1.0413 0.5732 0.1102, 1.1201 0.5732 0.1102, 1.0413 0.559 0.1161, 1.1201 0.559 0.1161, 1.0413 0.5437 0.1181, 1.1201 0.5437 0.1181, 1.1201 0.3588 0.1181, 1.0413 0.3588 0.1181, 1.1201 0.2878 0.2028, 1.0413 0.2878 0.2028, 1.1201 0.2878 0.498, 1.0413 0.2878 0.498, 1.1201 -0.4996 0.498, 1.0413 -0.4996 0.498, 1.1201 -0.7358 0.4774, 1.0413 -0.7358 0.4774, 1.0413 -0.7459 0.4751, 1.1201 -0.7459 0.4751, 1.0413 -0.755 0.4704, 1.1201 -0.755 0.4704, 1.0413 -0.7626 0.4635, 1.1201 -0.7626 0.4635, 1.0413 -0.7681 0.4548, 1.1201 -0.7681 0.4548, 1.0413 -0.7712 0.445, 1.1201 -0.7712 0.445, 1.0413 -0.7716 0.4347, 1.1201 -0.7716 0.4347, 1.0413 -0.7694 0.4247, 1.1201 -0.7694 0.4247, 1.0413 -0.7646 0.4156, 1.1201 -0.7646 0.4156, 1.0413 -0.7577 0.408, 1.1201 -0.7577 0.408, 1.0413 -0.749 0.4025, 1.1201 -0.749 0.4025, 1.0413 -0.7392 0.3994, 1.1201 -0.7392 0.3994, 1.0413 -0.729 0.3989, 1.1201 -0.729 0.3989, 1.1201 -0.4962 0.4193, 1.0413 -0.4962 0.4193, 1.1201 -0.1846 0.4193, 1.0413 -0.1846 0.4193, 1.1201 -0.1846 0.2126, 1.0413 -0.1846 0.2126, 1.3169 -0.4838 0.2825, 1.3169 -0.4611 0.2126, 1.2382 -0.4838 0.2825, 1.2382 -0.4611 0.2126, 1.3169 -0.7594 0.1929, 1.2382 -0.7594 0.1929, 1.2382 -0.7665 0.1896, 1.3169 -0.7665 0.1896, 1.2382 -0.7725 0.1846, 1.3169 -0.7725 0.1846, 1.2382 -0.777 0.1783, 1.3169 -0.777 0.1783, 1.2382 -0.7799 0.1711, 1.3169 -0.7799 0.1711, 1.2382 -0.7809 0.1634, 1.3169 -0.7809 0.1634, 1.2382 -0.7799 0.1557, 1.3169 -0.7799 0.1557, 1.2382 -0.777 0.1484, 1.3169 -0.777 0.1484, 1.2382 -0.7725 0.1421, 1.3169 -0.7725 0.1421, 1.2382 -0.7665 0.1372, 1.3169 -0.7665 0.1372, 1.2382 -0.7594 0.1339, 1.3169 -0.7594 0.1339, 1.3169 0.1753 0.1339, 1.2382 0.1753 0.1339, 1.3169 0.1889 0.1323, 1.2382 0.1889 0.1323, 1.3169 0.2018 0.1276, 1.2382 0.2018 0.1276, 1.3169 0.2132 0.12, 1.2382 0.2132 0.12, 1.3169 0.2226 0.1101, 1.2382 0.2226 0.1101, 1.3169 0.2295 0.0982, 1.2382 0.2295 0.0982, 1.3169 0.2334 0.0851, 1.2382 0.2334 0.0851, 1.3169 0.2398 0.0488, 1.2382 0.2398 0.0488, 1.2382 0.2437 0.0357, 1.3169 0.2437 0.0357, 1.2382 0.2506 0.0238, 1.3169 0.2506 0.0238, 1.2382 0.26 0.0138, 1.3169 0.26 0.0138, 1.2382 0.2715 0.0063, 1.3169 0.2715 0.0063, 1.2382 0.2844 0.0016, 1.3169 0.2844 0.0016, 1.2382 0.298 0.0, 1.3169 0.298 0.0, 1.3169 0.5634 0.0, 1.2382 0.5634 0.0, 1.2382 0.5736 0.0013, 1.3169 0.5736 0.0013, 1.2382 0.5831 0.0053, 1.3169 0.5831 0.0053, 1.2382 0.5912 0.0115, 1.3169 0.5912 0.0115, 1.2382 0.5975 0.0197, 1.3169 0.5975 0.0197, 1.2382 0.6014 0.0292, 1.3169 0.6014 0.0292, 1.2382 0.6028 0.0394, 1.3169 0.6028 0.0394, 1.3169 0.6028 0.0591, 1.2382 0.6028 0.0591, 1.2382 0.6007 0.0743, 1.3169 0.6007 0.0743, 1.2382 0.5948 0.0886, 1.3169 0.5948 0.0886, 1.2382 0.5855 0.1008, 1.3169 0.5855 0.1008, 1.2382 0.5732 0.1102, 1.3169 0.5732 0.1102, 1.2382 0.559 0.1161, 1.3169 0.559 0.1161, 1.2382 0.5437 0.1181, 1.3169 0.5437 0.1181, 1.3169 0.3588 0.1181, 1.2382 0.3588 0.1181, 1.3169 0.2878 0.2028, 1.2382 0.2878 0.2028, 1.3169 0.2878 0.498, 1.2382 0.2878 0.498, 1.3169 -0.4996 0.498, 1.2382 -0.4996 0.498, 1.3169 -0.7358 0.4774, 1.2382 -0.7358 0.4774, 1.2382 -0.7459 0.4751, 1.3169 -0.7459 0.4751, 1.2382 -0.755 0.4704, 1.3169 -0.755 0.4704, 1.2382 -0.7626 0.4635, 1.3169 -0.7626 0.4635, 1.2382 -0.7681 0.4548, 1.3169 -0.7681 0.4548, 1.2382 -0.7712 0.445, 1.3169 -0.7712 0.445, 1.2382 -0.7716 0.4347, 1.3169 -0.7716 0.4347, 1.2382 -0.7694 0.4247, 1.3169 -0.7694 0.4247, 1.2382 -0.7646 0.4156, 1.3169 -0.7646 0.4156, 1.2382 -0.7577 0.408, 1.3169 -0.7577 0.408, 1.2382 -0.749 0.4025, 1.3169 -0.749 0.4025, 1.2382 -0.7392 0.3994, 1.3169 -0.7392 0.3994, 1.2382 -0.729 0.3989, 1.3169 -0.729 0.3989, 1.3169 -0.4962 0.4193, 1.2382 -0.4962 0.4193, 1.3169 -0.1846 0.4193, 1.2382 -0.1846 0.4193, 1.3169 -0.1846 0.2126, 1.2382 -0.1846 0.2126, 1.5138 -0.4838 0.2825, 1.5138 -0.4611 0.2126, 1.435 -0.4838 0.2825, 1.435 -0.4611 0.2126, 1.5138 -0.7594 0.1929, 1.435 -0.7594 0.1929, 1.435 -0.7665 0.1896, 1.5138 -0.7665 0.1896, 1.435 -0.7725 0.1846, 1.5138 -0.7725 0.1846, 1.435 -0.777 0.1783, 1.5138 -0.777 0.1783, 1.435 -0.7799 0.1711, 1.5138 -0.7799 0.1711, 1.435 -0.7809 0.1634, 1.5138 -0.7809 0.1634, 1.435 -0.7799 0.1557, 1.5138 -0.7799 0.1557, 1.435 -0.777 0.1484, 1.5138 -0.777 0.1484, 1.435 -0.7725 0.1421, 1.5138 -0.7725 0.1421, 1.435 -0.7665 0.1372, 1.5138 -0.7665 0.1372, 1.435 -0.7594 0.1339, 1.5138 -0.7594 0.1339, 1.5138 0.1753 0.1339, 1.435 0.1753 0.1339, 1.5138 0.1889 0.1323, 1.435 0.1889 0.1323, 1.5138 0.2018 0.1276, 1.435 0.2018 0.1276, 1.5138 0.2132 0.12, 1.435 0.2132 0.12, 1.5138 0.2226 0.1101, 1.435 0.2226 0.1101, 1.5138 0.2295 0.0982, 1.435 0.2295 0.0982, 1.5138 0.2334 0.0851, 1.435 0.2334 0.0851, 1.5138 0.2398 0.0488, 1.435 0.2398 0.0488, 1.435 0.2437 0.0357, 1.5138 0.2437 0.0357, 1.435 0.2506 0.0238, 1.5138 0.2506 0.0238, 1.435 0.26 0.0138, 1.5138 0.26 0.0138, 1.435 0.2715 0.0063, 1.5138 0.2715 0.0063, 1.435 0.2844 0.0016, 1.5138 0.2844 0.0016, 1.435 0.298 0.0, 1.5138 0.298 0.0, 1.5138 0.5634 0.0, 1.435 0.5634 0.0, 1.435 0.5736 0.0013, 1.5138 0.5736 0.0013, 1.435 0.5831 0.0053, 1.5138 0.5831 0.0053, 1.435 0.5912 0.0115, 1.5138 0.5912 0.0115, 1.435 0.5975 0.0197, 1.5138 0.5975 0.0197, 1.435 0.6014 0.0292, 1.5138 0.6014 0.0292, 1.435 0.6028 0.0394, 1.5138 0.6028 0.0394, 1.5138 0.6028 0.0591, 1.435 0.6028 0.0591, 1.435 0.6007 0.0743, 1.5138 0.6007 0.0743, 1.435 0.5948 0.0886, 1.5138 0.5948 0.0886, 1.435 0.5855 0.1008, 1.5138 0.5855 0.1008, 1.435 0.5732 0.1102, 1.5138 0.5732 0.1102, 1.435 0.559 0.1161, 1.5138 0.559 0.1161, 1.435 0.5437 0.1181, 1.5138 0.5437 0.1181, 1.5138 0.3588 0.1181, 1.435 0.3588 0.1181, 1.5138 0.2878 0.2028, 1.435 0.2878 0.2028, 1.5138 0.2878 0.498, 1.435 0.2878 0.498, 1.5138 -0.4996 0.498, 1.435 -0.4996 0.498, 1.5138 -0.7358 0.4774, 1.435 -0.7358 0.4774, 1.435 -0.7459 0.4751, 1.5138 -0.7459 0.4751, 1.435 -0.755 0.4704, 1.5138 -0.755 0.4704, 1.435 -0.7626 0.4635, 1.5138 -0.7626 0.4635, 1.435 -0.7681 0.4548, 1.5138 -0.7681 0.4548, 1.435 -0.7712 0.445, 1.5138 -0.7712 0.445, 1.435 -0.7716 0.4347, 1.5138 -0.7716 0.4347, 1.435 -0.7694 0.4247, 1.5138 -0.7694 0.4247, 1.435 -0.7646 0.4156, 1.5138 -0.7646 0.4156, 1.435 -0.7577 0.408, 1.5138 -0.7577 0.408, 1.435 -0.749 0.4025, 1.5138 -0.749 0.4025, 1.435 -0.7392 0.3994, 1.5138 -0.7392 0.3994, 1.435 -0.729 0.3989, 1.5138 -0.729 0.3989, 1.5138 -0.4962 0.4193, 1.435 -0.4962 0.4193, 1.5138 -0.1846 0.4193, 1.435 -0.1846 0.4193, 1.5138 -0.1846 0.2126, 1.435 -0.1846 0.2126, 1.7106 -0.4838 0.2825, 1.7106 -0.4611 0.2126, 1.6319 -0.4838 0.2825, 1.6319 -0.4611 0.2126, 1.7106 -0.7594 0.1929, 1.6319 -0.7594 0.1929, 1.6319 -0.7665 0.1896, 1.7106 -0.7665 0.1896, 1.6319 -0.7725 0.1846, 1.7106 -0.7725 0.1846, 1.6319 -0.777 0.1783, 1.7106 -0.777 0.1783, 1.6319 -0.7799 0.1711, 1.7106 -0.7799 0.1711, 1.6319 -0.7809 0.1634, 1.7106 -0.7809 0.1634, 1.6319 -0.7799 0.1557, 1.7106 -0.7799 0.1557, 1.6319 -0.777 0.1484, 1.7106 -0.777 0.1484, 1.6319 -0.7725 0.1421, 1.7106 -0.7725 0.1421, 1.6319 -0.7665 0.1372, 1.7106 -0.7665 0.1372, 1.6319 -0.7594 0.1339, 1.7106 -0.7594 0.1339, 1.7106 0.1753 0.1339, 1.6319 0.1753 0.1339, 1.7106 0.1889 0.1323, 1.6319 0.1889 0.1323, 1.7106 0.2018 0.1276, 1.6319 0.2018 0.1276, 1.7106 0.2132 0.12, 1.6319 0.2132 0.12, 1.7106 0.2226 0.1101, 1.6319 0.2226 0.1101, 1.7106 0.2295 0.0982, 1.6319 0.2295 0.0982, 1.7106 0.2334 0.0851, 1.6319 0.2334 0.0851, 1.7106 0.2398 0.0488, 1.6319 0.2398 0.0488, 1.6319 0.2437 0.0357, 1.7106 0.2437 0.0357, 1.6319 0.2506 0.0238, 1.7106 0.2506 0.0238, 1.6319 0.26 0.0138, 1.7106 0.26 0.0138, 1.6319 0.2715 0.0063, 1.7106 0.2715 0.0063, 1.6319 0.2844 0.0016, 1.7106 0.2844 0.0016, 1.6319 0.298 0.0, 1.7106 0.298 0.0, 1.7106 0.5634 0.0, 1.6319 0.5634 0.0, 1.6319 0.5736 0.0013, 1.7106 0.5736 0.0013, 1.6319 0.5831 0.0053, 1.7106 0.5831 0.0053, 1.6319 0.5912 0.0115, 1.7106 0.5912 0.0115, 1.6319 0.5975 0.0197, 1.7106 0.5975 0.0197, 1.6319 0.6014 0.0292, 1.7106 0.6014 0.0292, 1.6319 0.6028 0.0394, 1.7106 0.6028 0.0394, 1.7106 0.6028 0.0591, 1.6319 0.6028 0.0591, 1.6319 0.6007 0.0743, 1.7106 0.6007 0.0743, 1.6319 0.5948 0.0886, 1.7106 0.5948 0.0886, 1.6319 0.5855 0.1008, 1.7106 0.5855 0.1008, 1.6319 0.5732 0.1102, 1.7106 0.5732 0.1102, 1.6319 0.559 0.1161, 1.7106 0.559 0.1161, 1.6319 0.5437 0.1181, 1.7106 0.5437 0.1181, 1.7106 0.3588 0.1181, 1.6319 0.3588 0.1181, 1.7106 0.2878 0.2028, 1.6319 0.2878 0.2028, 1.7106 0.2878 0.498, 1.6319 0.2878 0.498, 1.7106 -0.4996 0.498, 1.6319 -0.4996 0.498, 1.7106 -0.7358 0.4774, 1.6319 -0.7358 0.4774, 1.6319 -0.7459 0.4751, 1.7106 -0.7459 0.4751, 1.6319 -0.755 0.4704, 1.7106 -0.755 0.4704, 1.6319 -0.7626 0.4635, 1.7106 -0.7626 0.4635, 1.6319 -0.7681 0.4548, 1.7106 -0.7681 0.4548, 1.6319 -0.7712 0.445, 1.7106 -0.7712 0.445, 1.6319 -0.7716 0.4347, 1.7106 -0.7716 0.4347, 1.6319 -0.7694 0.4247, 1.7106 -0.7694 0.4247, 1.6319 -0.7646 0.4156, 1.7106 -0.7646 0.4156, 1.6319 -0.7577 0.408, 1.7106 -0.7577 0.408, 1.6319 -0.749 0.4025, 1.7106 -0.749 0.4025, 1.6319 -0.7392 0.3994, 1.7106 -0.7392 0.3994, 1.6319 -0.729 0.3989, 1.7106 -0.729 0.3989, 1.7106 -0.4962 0.4193, 1.6319 -0.4962 0.4193, 1.7106 -0.1846 0.4193, 1.6319 -0.1846 0.4193, 1.7106 -0.1846 0.2126, 1.6319 -0.1846 0.2126, 1.9075 -0.4838 0.2825, 1.9075 -0.4611 0.2126, 1.8287 -0.4838 0.2825, 1.8287 -0.4611 0.2126, 1.9075 -0.7594 0.1929, 1.8287 -0.7594 0.1929, 1.8287 -0.7665 0.1896, 1.9075 -0.7665 0.1896, 1.8287 -0.7725 0.1846, 1.9075 -0.7725 0.1846, 1.8287 -0.777 0.1783, 1.9075 -0.777 0.1783, 1.8287 -0.7799 0.1711, 1.9075 -0.7799 0.1711, 1.8287 -0.7809 0.1634, 1.9075 -0.7809 0.1634, 1.8287 -0.7799 0.1557, 1.9075 -0.7799 0.1557, 1.8287 -0.777 0.1484, 1.9075 -0.777 0.1484, 1.8287 -0.7725 0.1421, 1.9075 -0.7725 0.1421, 1.8287 -0.7665 0.1372, 1.9075 -0.7665 0.1372, 1.8287 -0.7594 0.1339, 1.9075 -0.7594 0.1339, 1.9075 0.1753 0.1339, 1.8287 0.1753 0.1339, 1.9075 0.1889 0.1323, 1.8287 0.1889 0.1323, 1.9075 0.2018 0.1276, 1.8287 0.2018 0.1276, 1.9075 0.2132 0.12, 1.8287 0.2132 0.12, 1.9075 0.2226 0.1101, 1.8287 0.2226 0.1101, 1.9075 0.2295 0.0982, 1.8287 0.2295 0.0982, 1.9075 0.2334 0.0851, 1.8287 0.2334 0.0851, 1.9075 0.2398 0.0488, 1.8287 0.2398 0.0488, 1.8287 0.2437 0.0357, 1.9075 0.2437 0.0357, 1.8287 0.2506 0.0238, 1.9075 0.2506 0.0238, 1.8287 0.26 0.0138, 1.9075 0.26 0.0138, 1.8287 0.2715 0.0063, 1.9075 0.2715 0.0063, 1.8287 0.2844 0.0016, 1.9075 0.2844 0.0016, 1.8287 0.298 0.0, 1.9075 0.298 0.0, 1.9075 0.5634 0.0, 1.8287 0.5634 0.0, 1.8287 0.5736 0.0013, 1.9075 0.5736 0.0013, 1.8287 0.5831 0.0053, 1.9075 0.5831 0.0053, 1.8287 0.5912 0.0115, 1.9075 0.5912 0.0115, 1.8287 0.5975 0.0197, 1.9075 0.5975 0.0197, 1.8287 0.6014 0.0292, 1.9075 0.6014 0.0292, 1.8287 0.6028 0.0394, 1.9075 0.6028 0.0394, 1.9075 0.6028 0.0591, 1.8287 0.6028 0.0591, 1.8287 0.6007 0.0743, 1.9075 0.6007 0.0743, 1.8287 0.5948 0.0886, 1.9075 0.5948 0.0886, 1.8287 0.5855 0.1008, 1.9075 0.5855 0.1008, 1.8287 0.5732 0.1102, 1.9075 0.5732 0.1102, 1.8287 0.559 0.1161, 1.9075 0.559 0.1161, 1.8287 0.5437 0.1181, 1.9075 0.5437 0.1181, 1.9075 0.3588 0.1181, 1.8287 0.3588 0.1181, 1.9075 0.2878 0.2028, 1.8287 0.2878 0.2028, 1.9075 0.2878 0.498, 1.8287 0.2878 0.498, 1.9075 -0.4996 0.498, 1.8287 -0.4996 0.498, 1.9075 -0.7358 0.4774, 1.8287 -0.7358 0.4774, 1.8287 -0.7459 0.4751, 1.9075 -0.7459 0.4751, 1.8287 -0.755 0.4704, 1.9075 -0.755 0.4704, 1.8287 -0.7626 0.4635, 1.9075 -0.7626 0.4635, 1.8287 -0.7681 0.4548, 1.9075 -0.7681 0.4548, 1.8287 -0.7712 0.445, 1.9075 -0.7712 0.445, 1.8287 -0.7716 0.4347, 1.9075 -0.7716 0.4347, 1.8287 -0.7694 0.4247, 1.9075 -0.7694 0.4247, 1.8287 -0.7646 0.4156, 1.9075 -0.7646 0.4156, 1.8287 -0.7577 0.408, 1.9075 -0.7577 0.408, 1.8287 -0.749 0.4025, 1.9075 -0.749 0.4025, 1.8287 -0.7392 0.3994, 1.9075 -0.7392 0.3994, 1.8287 -0.729 0.3989, 1.9075 -0.729 0.3989, 1.9075 -0.4962 0.4193, 1.8287 -0.4962 0.4193, 1.9075 -0.1846 0.4193, 1.8287 -0.1846 0.4193, 1.9075 -0.1846 0.2126, 1.8287 -0.1846 0.2126, 2.1043 -0.4838 0.2825, 2.1043 -0.4611 0.2126, 2.0256 -0.4838 0.2825, 2.0256 -0.4611 0.2126, 2.1043 -0.7594 0.1929, 2.0256 -0.7594 0.1929, 2.0256 -0.7665 0.1896, 2.1043 -0.7665 0.1896, 2.0256 -0.7725 0.1846, 2.1043 -0.7725 0.1846, 2.0256 -0.777 0.1783, 2.1043 -0.777 0.1783, 2.0256 -0.7799 0.1711, 2.1043 -0.7799 0.1711, 2.0256 -0.7809 0.1634, 2.1043 -0.7809 0.1634, 2.0256 -0.7799 0.1557, 2.1043 -0.7799 0.1557, 2.0256 -0.777 0.1484, 2.1043 -0.777 0.1484, 2.0256 -0.7725 0.1421, 2.1043 -0.7725 0.1421, 2.0256 -0.7665 0.1372, 2.1043 -0.7665 0.1372, 2.0256 -0.7594 0.1339, 2.1043 -0.7594 0.1339, 2.1043 0.1753 0.1339, 2.0256 0.1753 0.1339, 2.1043 0.1889 0.1323, 2.0256 0.1889 0.1323, 2.1043 0.2018 0.1276, 2.0256 0.2018 0.1276, 2.1043 0.2132 0.12, 2.0256 0.2132 0.12, 2.1043 0.2226 0.1101, 2.0256 0.2226 0.1101, 2.1043 0.2295 0.0982, 2.0256 0.2295 0.0982, 2.1043 0.2334 0.0851, 2.0256 0.2334 0.0851, 2.1043 0.2398 0.0488, 2.0256 0.2398 0.0488, 2.0256 0.2437 0.0357, 2.1043 0.2437 0.0357, 2.0256 0.2506 0.0238, 2.1043 0.2506 0.0238, 2.0256 0.26 0.0138, 2.1043 0.26 0.0138, 2.0256 0.2715 0.0063, 2.1043 0.2715 0.0063, 2.0256 0.2844 0.0016, 2.1043 0.2844 0.0016, 2.0256 0.298 0.0, 2.1043 0.298 0.0, 2.1043 0.5634 0.0, 2.0256 0.5634 0.0, 2.0256 0.5736 0.0013, 2.1043 0.5736 0.0013, 2.0256 0.5831 0.0053, 2.1043 0.5831 0.0053, 2.0256 0.5912 0.0115, 2.1043 0.5912 0.0115, 2.0256 0.5975 0.0197, 2.1043 0.5975 0.0197, 2.0256 0.6014 0.0292, 2.1043 0.6014 0.0292, 2.0256 0.6028 0.0394, 2.1043 0.6028 0.0394, 2.1043 0.6028 0.0591, 2.0256 0.6028 0.0591, 2.0256 0.6007 0.0743, 2.1043 0.6007 0.0743, 2.0256 0.5948 0.0886, 2.1043 0.5948 0.0886, 2.0256 0.5855 0.1008, 2.1043 0.5855 0.1008, 2.0256 0.5732 0.1102, 2.1043 0.5732 0.1102, 2.0256 0.559 0.1161, 2.1043 0.559 0.1161, 2.0256 0.5437 0.1181, 2.1043 0.5437 0.1181, 2.1043 0.3588 0.1181, 2.0256 0.3588 0.1181, 2.1043 0.2878 0.2028, 2.0256 0.2878 0.2028, 2.1043 0.2878 0.498, 2.0256 0.2878 0.498, 2.1043 -0.4996 0.498, 2.0256 -0.4996 0.498, 2.1043 -0.7358 0.4774, 2.0256 -0.7358 0.4774, 2.0256 -0.7459 0.4751, 2.1043 -0.7459 0.4751, 2.0256 -0.755 0.4704, 2.1043 -0.755 0.4704, 2.0256 -0.7626 0.4635, 2.1043 -0.7626 0.4635, 2.0256 -0.7681 0.4548, 2.1043 -0.7681 0.4548, 2.0256 -0.7712 0.445, 2.1043 -0.7712 0.445, 2.0256 -0.7716 0.4347, 2.1043 -0.7716 0.4347, 2.0256 -0.7694 0.4247, 2.1043 -0.7694 0.4247, 2.0256 -0.7646 0.4156, 2.1043 -0.7646 0.4156, 2.0256 -0.7577 0.408, 2.1043 -0.7577 0.408, 2.0256 -0.749 0.4025, 2.1043 -0.749 0.4025, 2.0256 -0.7392 0.3994, 2.1043 -0.7392 0.3994, 2.0256 -0.729 0.3989, 2.1043 -0.729 0.3989, 2.1043 -0.4962 0.4193, 2.0256 -0.4962 0.4193, 2.1043 -0.1846 0.4193, 2.0256 -0.1846 0.4193, 2.1043 -0.1846 0.2126, 2.0256 -0.1846 0.2126, 2.3012 -0.4838 0.2825, 2.3012 -0.4611 0.2126, 2.2224 -0.4838 0.2825, 2.2224 -0.4611 0.2126, 2.3012 -0.7594 0.1929, 2.2224 -0.7594 0.1929, 2.2224 -0.7665 0.1896, 2.3012 -0.7665 0.1896, 2.2224 -0.7725 0.1846, 2.3012 -0.7725 0.1846, 2.2224 -0.777 0.1783, 2.3012 -0.777 0.1783, 2.2224 -0.7799 0.1711, 2.3012 -0.7799 0.1711, 2.2224 -0.7809 0.1634, 2.3012 -0.7809 0.1634, 2.2224 -0.7799 0.1557, 2.3012 -0.7799 0.1557, 2.2224 -0.777 0.1484, 2.3012 -0.777 0.1484, 2.2224 -0.7725 0.1421, 2.3012 -0.7725 0.1421, 2.2224 -0.7665 0.1372, 2.3012 -0.7665 0.1372, 2.2224 -0.7594 0.1339, 2.3012 -0.7594 0.1339, 2.3012 0.1753 0.1339, 2.2224 0.1753 0.1339, 2.3012 0.1889 0.1323, 2.2224 0.1889 0.1323, 2.3012 0.2018 0.1276, 2.2224 0.2018 0.1276, 2.3012 0.2132 0.12, 2.2224 0.2132 0.12, 2.3012 0.2226 0.1101, 2.2224 0.2226 0.1101, 2.3012 0.2295 0.0982, 2.2224 0.2295 0.0982, 2.3012 0.2334 0.0851, 2.2224 0.2334 0.0851, 2.3012 0.2398 0.0488, 2.2224 0.2398 0.0488, 2.2224 0.2437 0.0357, 2.3012 0.2437 0.0357, 2.2224 0.2506 0.0238, 2.3012 0.2506 0.0238, 2.2224 0.26 0.0138, 2.3012 0.26 0.0138, 2.2224 0.2715 0.0063, 2.3012 0.2715 0.0063, 2.2224 0.2844 0.0016, 2.3012 0.2844 0.0016, 2.2224 0.298 0.0, 2.3012 0.298 0.0, 2.3012 0.5634 0.0, 2.2224 0.5634 0.0, 2.2224 0.5736 0.0013, 2.3012 0.5736 0.0013, 2.2224 0.5831 0.0053, 2.3012 0.5831 0.0053, 2.2224 0.5912 0.0115, 2.3012 0.5912 0.0115, 2.2224 0.5975 0.0197, 2.3012 0.5975 0.0197, 2.2224 0.6014 0.0292, 2.3012 0.6014 0.0292, 2.2224 0.6028 0.0394, 2.3012 0.6028 0.0394, 2.3012 0.6028 0.0591, 2.2224 0.6028 0.0591, 2.2224 0.6007 0.0743, 2.3012 0.6007 0.0743, 2.2224 0.5948 0.0886, 2.3012 0.5948 0.0886, 2.2224 0.5855 0.1008, 2.3012 0.5855 0.1008, 2.2224 0.5732 0.1102, 2.3012 0.5732 0.1102, 2.2224 0.559 0.1161, 2.3012 0.559 0.1161, 2.2224 0.5437 0.1181, 2.3012 0.5437 0.1181, 2.3012 0.3588 0.1181, 2.2224 0.3588 0.1181, 2.3012 0.2878 0.2028, 2.2224 0.2878 0.2028, 2.3012 0.2878 0.498, 2.2224 0.2878 0.498, 2.3012 -0.4996 0.498, 2.2224 -0.4996 0.498, 2.3012 -0.7358 0.4774, 2.2224 -0.7358 0.4774, 2.2224 -0.7459 0.4751, 2.3012 -0.7459 0.4751, 2.2224 -0.755 0.4704, 2.3012 -0.755 0.4704, 2.2224 -0.7626 0.4635, 2.3012 -0.7626 0.4635, 2.2224 -0.7681 0.4548, 2.3012 -0.7681 0.4548, 2.2224 -0.7712 0.445, 2.3012 -0.7712 0.445, 2.2224 -0.7716 0.4347, 2.3012 -0.7716 0.4347, 2.2224 -0.7694 0.4247, 2.3012 -0.7694 0.4247, 2.2224 -0.7646 0.4156, 2.3012 -0.7646 0.4156, 2.2224 -0.7577 0.408, 2.3012 -0.7577 0.408, 2.2224 -0.749 0.4025, 2.3012 -0.749 0.4025, 2.2224 -0.7392 0.3994, 2.3012 -0.7392 0.3994, 2.2224 -0.729 0.3989, 2.3012 -0.729 0.3989, 2.3012 -0.4962 0.4193, 2.2224 -0.4962 0.4193, 2.3012 -0.1846 0.4193, 2.2224 -0.1846 0.4193, 2.3012 -0.1846 0.2126, 2.2224 -0.1846 0.2126, -0.061 -0.4838 0.2825, -0.061 -0.4611 0.2126, -0.1398 -0.4838 0.2825, -0.1398 -0.4611 0.2126, -0.061 -0.7594 0.1929, -0.1398 -0.7594 0.1929, -0.1398 -0.7665 0.1896, -0.061 -0.7665 0.1896, -0.1398 -0.7725 0.1846, -0.061 -0.7725 0.1846, -0.1398 -0.777 0.1783, -0.061 -0.777 0.1783, -0.1398 -0.7799 0.1711, -0.061 -0.7799 0.1711, -0.1398 -0.7809 0.1634, -0.061 -0.7809 0.1634, -0.1398 -0.7799 0.1557, -0.061 -0.7799 0.1557, -0.1398 -0.777 0.1484, -0.061 -0.777 0.1484, -0.1398 -0.7725 0.1421, -0.061 -0.7725 0.1421, -0.1398 -0.7665 0.1372, -0.061 -0.7665 0.1372, -0.1398 -0.7594 0.1339, -0.061 -0.7594 0.1339, -0.061 0.1753 0.1339, -0.1398 0.1753 0.1339, -0.061 0.1889 0.1323, -0.1398 0.1889 0.1323, -0.061 0.2018 0.1276, -0.1398 0.2018 0.1276, -0.061 0.2132 0.12, -0.1398 0.2132 0.12, -0.061 0.2226 0.1101, -0.1398 0.2226 0.1101, -0.061 0.2295 0.0982, -0.1398 0.2295 0.0982, -0.061 0.2334 0.0851, -0.1398 0.2334 0.0851, -0.061 0.2398 0.0488, -0.1398 0.2398 0.0488, -0.1398 0.2437 0.0357, -0.061 0.2437 0.0357, -0.1398 0.2506 0.0238, -0.061 0.2506 0.0238, -0.1398 0.26 0.0138, -0.061 0.26 0.0138, -0.1398 0.2715 0.0063, -0.061 0.2715 0.0063, -0.1398 0.2844 0.0016, -0.061 0.2844 0.0016, -0.1398 0.298 0.0, -0.061 0.298 0.0, -0.061 0.5634 0.0, -0.1398 0.5634 0.0, -0.1398 0.5736 0.0013, -0.061 0.5736 0.0013, -0.1398 0.5831 0.0053, -0.061 0.5831 0.0053, -0.1398 0.5912 0.0115, -0.061 0.5912 0.0115, -0.1398 0.5975 0.0197, -0.061 0.5975 0.0197, -0.1398 0.6014 0.0292, -0.061 0.6014 0.0292, -0.1398 0.6028 0.0394, -0.061 0.6028 0.0394, -0.061 0.6028 0.0591, -0.1398 0.6028 0.0591, -0.1398 0.6007 0.0743, -0.061 0.6007 0.0743, -0.1398 0.5948 0.0886, -0.061 0.5948 0.0886, -0.1398 0.5855 0.1008, -0.061 0.5855 0.1008, -0.1398 0.5732 0.1102, -0.061 0.5732 0.1102, -0.1398 0.559 0.1161, -0.061 0.559 0.1161, -0.1398 0.5437 0.1181, -0.061 0.5437 0.1181, -0.061 0.3588 0.1181, -0.1398 0.3588 0.1181, -0.061 0.2878 0.2028, -0.1398 0.2878 0.2028, -0.061 0.2878 0.498, -0.1398 0.2878 0.498, -0.061 -0.4996 0.498, -0.1398 -0.4996 0.498, -0.061 -0.7358 0.4774, -0.1398 -0.7358 0.4774, -0.1398 -0.7459 0.4751, -0.061 -0.7459 0.4751, -0.1398 -0.755 0.4704, -0.061 -0.755 0.4704, -0.1398 -0.7626 0.4635, -0.061 -0.7626 0.4635, -0.1398 -0.7681 0.4548, -0.061 -0.7681 0.4548, -0.1398 -0.7712 0.445, -0.061 -0.7712 0.445, -0.1398 -0.7716 0.4347, -0.061 -0.7716 0.4347, -0.1398 -0.7694 0.4247, -0.061 -0.7694 0.4247, -0.1398 -0.7646 0.4156, -0.061 -0.7646 0.4156, -0.1398 -0.7577 0.408, -0.061 -0.7577 0.408, -0.1398 -0.749 0.4025, -0.061 -0.749 0.4025, -0.1398 -0.7392 0.3994, -0.061 -0.7392 0.3994, -0.1398 -0.729 0.3989, -0.061 -0.729 0.3989, -0.061 -0.4962 0.4193, -0.1398 -0.4962 0.4193, -0.061 -0.1846 0.4193, -0.1398 -0.1846 0.4193, -0.061 -0.1846 0.2126, -0.1398 -0.1846 0.2126, -0.2579 -0.4838 0.2825, -0.2579 -0.4611 0.2126, -0.3366 -0.4838 0.2825, -0.3366 -0.4611 0.2126, -0.2579 -0.7594 0.1929, -0.3366 -0.7594 0.1929, -0.3366 -0.7665 0.1896, -0.2579 -0.7665 0.1896, -0.3366 -0.7725 0.1846, -0.2579 -0.7725 0.1846, -0.3366 -0.777 0.1783, -0.2579 -0.777 0.1783, -0.3366 -0.7799 0.1711, -0.2579 -0.7799 0.1711, -0.3366 -0.7809 0.1634, -0.2579 -0.7809 0.1634, -0.3366 -0.7799 0.1557, -0.2579 -0.7799 0.1557, -0.3366 -0.777 0.1484, -0.2579 -0.777 0.1484, -0.3366 -0.7725 0.1421, -0.2579 -0.7725 0.1421, -0.3366 -0.7665 0.1372, -0.2579 -0.7665 0.1372, -0.3366 -0.7594 0.1339, -0.2579 -0.7594 0.1339, -0.2579 0.1753 0.1339, -0.3366 0.1753 0.1339, -0.2579 0.1889 0.1323, -0.3366 0.1889 0.1323, -0.2579 0.2018 0.1276, -0.3366 0.2018 0.1276, -0.2579 0.2132 0.12, -0.3366 0.2132 0.12, -0.2579 0.2226 0.1101, -0.3366 0.2226 0.1101, -0.2579 0.2295 0.0982, -0.3366 0.2295 0.0982, -0.2579 0.2334 0.0851, -0.3366 0.2334 0.0851, -0.2579 0.2398 0.0488, -0.3366 0.2398 0.0488, -0.3366 0.2437 0.0357, -0.2579 0.2437 0.0357, -0.3366 0.2506 0.0238, -0.2579 0.2506 0.0238, -0.3366 0.26 0.0138, -0.2579 0.26 0.0138, -0.3366 0.2715 0.0063, -0.2579 0.2715 0.0063, -0.3366 0.2844 0.0016, -0.2579 0.2844 0.0016, -0.3366 0.298 0.0, -0.2579 0.298 0.0, -0.2579 0.5634 0.0, -0.3366 0.5634 0.0, -0.3366 0.5736 0.0013, -0.2579 0.5736 0.0013, -0.3366 0.5831 0.0053, -0.2579 0.5831 0.0053, -0.3366 0.5912 0.0115, -0.2579 0.5912 0.0115, -0.3366 0.5975 0.0197, -0.2579 0.5975 0.0197, -0.3366 0.6014 0.0292, -0.2579 0.6014 0.0292, -0.3366 0.6028 0.0394, -0.2579 0.6028 0.0394, -0.2579 0.6028 0.0591, -0.3366 0.6028 0.0591, -0.3366 0.6007 0.0743, -0.2579 0.6007 0.0743, -0.3366 0.5948 0.0886, -0.2579 0.5948 0.0886, -0.3366 0.5855 0.1008, -0.2579 0.5855 0.1008, -0.3366 0.5732 0.1102, -0.2579 0.5732 0.1102, -0.3366 0.559 0.1161, -0.2579 0.559 0.1161, -0.3366 0.5437 0.1181, -0.2579 0.5437 0.1181, -0.2579 0.3588 0.1181, -0.3366 0.3588 0.1181, -0.2579 0.2878 0.2028, -0.3366 0.2878 0.2028, -0.2579 0.2878 0.498, -0.3366 0.2878 0.498, -0.2579 -0.4996 0.498, -0.3366 -0.4996 0.498, -0.2579 -0.7358 0.4774, -0.3366 -0.7358 0.4774, -0.3366 -0.7459 0.4751, -0.2579 -0.7459 0.4751, -0.3366 -0.755 0.4704, -0.2579 -0.755 0.4704, -0.3366 -0.7626 0.4635, -0.2579 -0.7626 0.4635, -0.3366 -0.7681 0.4548, -0.2579 -0.7681 0.4548, -0.3366 -0.7712 0.445, -0.2579 -0.7712 0.445, -0.3366 -0.7716 0.4347, -0.2579 -0.7716 0.4347, -0.3366 -0.7694 0.4247, -0.2579 -0.7694 0.4247, -0.3366 -0.7646 0.4156, -0.2579 -0.7646 0.4156, -0.3366 -0.7577 0.408, -0.2579 -0.7577 0.408, -0.3366 -0.749 0.4025, -0.2579 -0.749 0.4025, -0.3366 -0.7392 0.3994, -0.2579 -0.7392 0.3994, -0.3366 -0.729 0.3989, -0.2579 -0.729 0.3989, -0.2579 -0.4962 0.4193, -0.3366 -0.4962 0.4193, -0.2579 -0.1846 0.4193, -0.3366 -0.1846 0.4193, -0.2579 -0.1846 0.2126, -0.3366 -0.1846 0.2126, -0.4547 -0.4838 0.2825, -0.4547 -0.4611 0.2126, -0.5335 -0.4838 0.2825, -0.5335 -0.4611 0.2126, -0.4547 -0.7594 0.1929, -0.5335 -0.7594 0.1929, -0.5335 -0.7665 0.1896, -0.4547 -0.7665 0.1896, -0.5335 -0.7725 0.1846, -0.4547 -0.7725 0.1846, -0.5335 -0.777 0.1783, -0.4547 -0.777 0.1783, -0.5335 -0.7799 0.1711, -0.4547 -0.7799 0.1711, -0.5335 -0.7809 0.1634, -0.4547 -0.7809 0.1634, -0.5335 -0.7799 0.1557, -0.4547 -0.7799 0.1557, -0.5335 -0.777 0.1484, -0.4547 -0.777 0.1484, -0.5335 -0.7725 0.1421, -0.4547 -0.7725 0.1421, -0.5335 -0.7665 0.1372, -0.4547 -0.7665 0.1372, -0.5335 -0.7594 0.1339, -0.4547 -0.7594 0.1339, -0.4547 0.1753 0.1339, -0.5335 0.1753 0.1339, -0.4547 0.1889 0.1323, -0.5335 0.1889 0.1323, -0.4547 0.2018 0.1276, -0.5335 0.2018 0.1276, -0.4547 0.2132 0.12, -0.5335 0.2132 0.12, -0.4547 0.2226 0.1101, -0.5335 0.2226 0.1101, -0.4547 0.2295 0.0982, -0.5335 0.2295 0.0982, -0.4547 0.2334 0.0851, -0.5335 0.2334 0.0851, -0.4547 0.2398 0.0488, -0.5335 0.2398 0.0488, -0.5335 0.2437 0.0357, -0.4547 0.2437 0.0357, -0.5335 0.2506 0.0238, -0.4547 0.2506 0.0238, -0.5335 0.26 0.0138, -0.4547 0.26 0.0138, -0.5335 0.2715 0.0063, -0.4547 0.2715 0.0063, -0.5335 0.2844 0.0016, -0.4547 0.2844 0.0016, -0.5335 0.298 0.0, -0.4547 0.298 0.0, -0.4547 0.5634 0.0, -0.5335 0.5634 0.0, -0.5335 0.5736 0.0013, -0.4547 0.5736 0.0013, -0.5335 0.5831 0.0053, -0.4547 0.5831 0.0053, -0.5335 0.5912 0.0115, -0.4547 0.5912 0.0115, -0.5335 0.5975 0.0197, -0.4547 0.5975 0.0197, -0.5335 0.6014 0.0292, -0.4547 0.6014 0.0292, -0.5335 0.6028 0.0394, -0.4547 0.6028 0.0394, -0.4547 0.6028 0.0591, -0.5335 0.6028 0.0591, -0.5335 0.6007 0.0743, -0.4547 0.6007 0.0743, -0.5335 0.5948 0.0886, -0.4547 0.5948 0.0886, -0.5335 0.5855 0.1008, -0.4547 0.5855 0.1008, -0.5335 0.5732 0.1102, -0.4547 0.5732 0.1102, -0.5335 0.559 0.1161, -0.4547 0.559 0.1161, -0.5335 0.5437 0.1181, -0.4547 0.5437 0.1181, -0.4547 0.3588 0.1181, -0.5335 0.3588 0.1181, -0.4547 0.2878 0.2028, -0.5335 0.2878 0.2028, -0.4547 0.2878 0.498, -0.5335 0.2878 0.498, -0.4547 -0.4996 0.498, -0.5335 -0.4996 0.498, -0.4547 -0.7358 0.4774, -0.5335 -0.7358 0.4774, -0.5335 -0.7459 0.4751, -0.4547 -0.7459 0.4751, -0.5335 -0.755 0.4704, -0.4547 -0.755 0.4704, -0.5335 -0.7626 0.4635, -0.4547 -0.7626 0.4635, -0.5335 -0.7681 0.4548, -0.4547 -0.7681 0.4548, -0.5335 -0.7712 0.445, -0.4547 -0.7712 0.445, -0.5335 -0.7716 0.4347, -0.4547 -0.7716 0.4347, -0.5335 -0.7694 0.4247, -0.4547 -0.7694 0.4247, -0.5335 -0.7646 0.4156, -0.4547 -0.7646 0.4156, -0.5335 -0.7577 0.408, -0.4547 -0.7577 0.408, -0.5335 -0.749 0.4025, -0.4547 -0.749 0.4025, -0.5335 -0.7392 0.3994, -0.4547 -0.7392 0.3994, -0.5335 -0.729 0.3989, -0.4547 -0.729 0.3989, -0.4547 -0.4962 0.4193, -0.5335 -0.4962 0.4193, -0.4547 -0.1846 0.4193, -0.5335 -0.1846 0.4193, -0.4547 -0.1846 0.2126, -0.5335 -0.1846 0.2126, -0.6516 -0.4838 0.2825, -0.6516 -0.4611 0.2126, -0.7303 -0.4838 0.2825, -0.7303 -0.4611 0.2126, -0.6516 -0.7594 0.1929, -0.7303 -0.7594 0.1929, -0.7303 -0.7665 0.1896, -0.6516 -0.7665 0.1896, -0.7303 -0.7725 0.1846, -0.6516 -0.7725 0.1846, -0.7303 -0.777 0.1783, -0.6516 -0.777 0.1783, -0.7303 -0.7799 0.1711, -0.6516 -0.7799 0.1711, -0.7303 -0.7809 0.1634, -0.6516 -0.7809 0.1634, -0.7303 -0.7799 0.1557, -0.6516 -0.7799 0.1557, -0.7303 -0.777 0.1484, -0.6516 -0.777 0.1484, -0.7303 -0.7725 0.1421, -0.6516 -0.7725 0.1421, -0.7303 -0.7665 0.1372, -0.6516 -0.7665 0.1372, -0.7303 -0.7594 0.1339, -0.6516 -0.7594 0.1339, -0.6516 0.1753 0.1339, -0.7303 0.1753 0.1339, -0.6516 0.1889 0.1323, -0.7303 0.1889 0.1323, -0.6516 0.2018 0.1276, -0.7303 0.2018 0.1276, -0.6516 0.2132 0.12, -0.7303 0.2132 0.12, -0.6516 0.2226 0.1101, -0.7303 0.2226 0.1101, -0.6516 0.2295 0.0982, -0.7303 0.2295 0.0982, -0.6516 0.2334 0.0851, -0.7303 0.2334 0.0851, -0.6516 0.2398 0.0488, -0.7303 0.2398 0.0488, -0.7303 0.2437 0.0357, -0.6516 0.2437 0.0357, -0.7303 0.2506 0.0238, -0.6516 0.2506 0.0238, -0.7303 0.26 0.0138, -0.6516 0.26 0.0138, -0.7303 0.2715 0.0063, -0.6516 0.2715 0.0063, -0.7303 0.2844 0.0016, -0.6516 0.2844 0.0016, -0.7303 0.298 0.0, -0.6516 0.298 0.0, -0.6516 0.5634 0.0, -0.7303 0.5634 0.0, -0.7303 0.5736 0.0013, -0.6516 0.5736 0.0013, -0.7303 0.5831 0.0053, -0.6516 0.5831 0.0053, -0.7303 0.5912 0.0115, -0.6516 0.5912 0.0115, -0.7303 0.5975 0.0197, -0.6516 0.5975 0.0197, -0.7303 0.6014 0.0292, -0.6516 0.6014 0.0292, -0.7303 0.6028 0.0394, -0.6516 0.6028 0.0394, -0.6516 0.6028 0.0591, -0.7303 0.6028 0.0591, -0.7303 0.6007 0.0743, -0.6516 0.6007 0.0743, -0.7303 0.5948 0.0886, -0.6516 0.5948 0.0886, -0.7303 0.5855 0.1008, -0.6516 0.5855 0.1008, -0.7303 0.5732 0.1102, -0.6516 0.5732 0.1102, -0.7303 0.559 0.1161, -0.6516 0.559 0.1161, -0.7303 0.5437 0.1181, -0.6516 0.5437 0.1181, -0.6516 0.3588 0.1181, -0.7303 0.3588 0.1181, -0.6516 0.2878 0.2028, -0.7303 0.2878 0.2028, -0.6516 0.2878 0.498, -0.7303 0.2878 0.498, -0.6516 -0.4996 0.498, -0.7303 -0.4996 0.498, -0.6516 -0.7358 0.4774, -0.7303 -0.7358 0.4774, -0.7303 -0.7459 0.4751, -0.6516 -0.7459 0.4751, -0.7303 -0.755 0.4704, -0.6516 -0.755 0.4704, -0.7303 -0.7626 0.4635, -0.6516 -0.7626 0.4635, -0.7303 -0.7681 0.4548, -0.6516 -0.7681 0.4548, -0.7303 -0.7712 0.445, -0.6516 -0.7712 0.445, -0.7303 -0.7716 0.4347, -0.6516 -0.7716 0.4347, -0.7303 -0.7694 0.4247, -0.6516 -0.7694 0.4247, -0.7303 -0.7646 0.4156, -0.6516 -0.7646 0.4156, -0.7303 -0.7577 0.408, -0.6516 -0.7577 0.408, -0.7303 -0.749 0.4025, -0.6516 -0.749 0.4025, -0.7303 -0.7392 0.3994, -0.6516 -0.7392 0.3994, -0.7303 -0.729 0.3989, -0.6516 -0.729 0.3989, -0.6516 -0.4962 0.4193, -0.7303 -0.4962 0.4193, -0.6516 -0.1846 0.4193, -0.7303 -0.1846 0.4193, -0.6516 -0.1846 0.2126, -0.7303 -0.1846 0.2126, -0.8484 -0.4838 0.2825, -0.8484 -0.4611 0.2126, -0.9272 -0.4838 0.2825, -0.9272 -0.4611 0.2126, -0.8484 -0.7594 0.1929, -0.9272 -0.7594 0.1929, -0.9272 -0.7665 0.1896, -0.8484 -0.7665 0.1896, -0.9272 -0.7725 0.1846, -0.8484 -0.7725 0.1846, -0.9272 -0.777 0.1783, -0.8484 -0.777 0.1783, -0.9272 -0.7799 0.1711, -0.8484 -0.7799 0.1711, -0.9272 -0.7809 0.1634, -0.8484 -0.7809 0.1634, -0.9272 -0.7799 0.1557, -0.8484 -0.7799 0.1557, -0.9272 -0.777 0.1484, -0.8484 -0.777 0.1484, -0.9272 -0.7725 0.1421, -0.8484 -0.7725 0.1421, -0.9272 -0.7665 0.1372, -0.8484 -0.7665 0.1372, -0.9272 -0.7594 0.1339, -0.8484 -0.7594 0.1339, -0.8484 0.1753 0.1339, -0.9272 0.1753 0.1339, -0.8484 0.1889 0.1323, -0.9272 0.1889 0.1323, -0.8484 0.2018 0.1276, -0.9272 0.2018 0.1276, -0.8484 0.2132 0.12, -0.9272 0.2132 0.12, -0.8484 0.2226 0.1101, -0.9272 0.2226 0.1101, -0.8484 0.2295 0.0982, -0.9272 0.2295 0.0982, -0.8484 0.2334 0.0851, -0.9272 0.2334 0.0851, -0.8484 0.2398 0.0488, -0.9272 0.2398 0.0488, -0.9272 0.2437 0.0357, -0.8484 0.2437 0.0357, -0.9272 0.2506 0.0238, -0.8484 0.2506 0.0238, -0.9272 0.26 0.0138, -0.8484 0.26 0.0138, -0.9272 0.2715 0.0063, -0.8484 0.2715 0.0063, -0.9272 0.2844 0.0016, -0.8484 0.2844 0.0016, -0.9272 0.298 0.0, -0.8484 0.298 0.0, -0.8484 0.5634 0.0, -0.9272 0.5634 0.0, -0.9272 0.5736 0.0013, -0.8484 0.5736 0.0013, -0.9272 0.5831 0.0053, -0.8484 0.5831 0.0053, -0.9272 0.5912 0.0115, -0.8484 0.5912 0.0115, -0.9272 0.5975 0.0197, -0.8484 0.5975 0.0197, -0.9272 0.6014 0.0292, -0.8484 0.6014 0.0292, -0.9272 0.6028 0.0394, -0.8484 0.6028 0.0394, -0.8484 0.6028 0.0591, -0.9272 0.6028 0.0591, -0.9272 0.6007 0.0743, -0.8484 0.6007 0.0743, -0.9272 0.5948 0.0886, -0.8484 0.5948 0.0886, -0.9272 0.5855 0.1008, -0.8484 0.5855 0.1008, -0.9272 0.5732 0.1102, -0.8484 0.5732 0.1102, -0.9272 0.559 0.1161, -0.8484 0.559 0.1161, -0.9272 0.5437 0.1181, -0.8484 0.5437 0.1181, -0.8484 0.3588 0.1181, -0.9272 0.3588 0.1181, -0.8484 0.2878 0.2028, -0.9272 0.2878 0.2028, -0.8484 0.2878 0.498, -0.9272 0.2878 0.498, -0.8484 -0.4996 0.498, -0.9272 -0.4996 0.498, -0.8484 -0.7358 0.4774, -0.9272 -0.7358 0.4774, -0.9272 -0.7459 0.4751, -0.8484 -0.7459 0.4751, -0.9272 -0.755 0.4704, -0.8484 -0.755 0.4704, -0.9272 -0.7626 0.4635, -0.8484 -0.7626 0.4635, -0.9272 -0.7681 0.4548, -0.8484 -0.7681 0.4548, -0.9272 -0.7712 0.445, -0.8484 -0.7712 0.445, -0.9272 -0.7716 0.4347, -0.8484 -0.7716 0.4347, -0.9272 -0.7694 0.4247, -0.8484 -0.7694 0.4247, -0.9272 -0.7646 0.4156, -0.8484 -0.7646 0.4156, -0.9272 -0.7577 0.408, -0.8484 -0.7577 0.408, -0.9272 -0.749 0.4025, -0.8484 -0.749 0.4025, -0.9272 -0.7392 0.3994, -0.8484 -0.7392 0.3994, -0.9272 -0.729 0.3989, -0.8484 -0.729 0.3989, -0.8484 -0.4962 0.4193, -0.9272 -0.4962 0.4193, -0.8484 -0.1846 0.4193, -0.9272 -0.1846 0.4193, -0.8484 -0.1846 0.2126, -0.9272 -0.1846 0.2126, -1.0453 -0.4838 0.2825, -1.0453 -0.4611 0.2126, -1.124 -0.4838 0.2825, -1.124 -0.4611 0.2126, -1.0453 -0.7594 0.1929, -1.124 -0.7594 0.1929, -1.124 -0.7665 0.1896, -1.0453 -0.7665 0.1896, -1.124 -0.7725 0.1846, -1.0453 -0.7725 0.1846, -1.124 -0.777 0.1783, -1.0453 -0.777 0.1783, -1.124 -0.7799 0.1711, -1.0453 -0.7799 0.1711, -1.124 -0.7809 0.1634, -1.0453 -0.7809 0.1634, -1.124 -0.7799 0.1557, -1.0453 -0.7799 0.1557, -1.124 -0.777 0.1484, -1.0453 -0.777 0.1484, -1.124 -0.7725 0.1421, -1.0453 -0.7725 0.1421, -1.124 -0.7665 0.1372, -1.0453 -0.7665 0.1372, -1.124 -0.7594 0.1339, -1.0453 -0.7594 0.1339, -1.0453 0.1753 0.1339, -1.124 0.1753 0.1339, -1.0453 0.1889 0.1323, -1.124 0.1889 0.1323, -1.0453 0.2018 0.1276, -1.124 0.2018 0.1276, -1.0453 0.2132 0.12, -1.124 0.2132 0.12, -1.0453 0.2226 0.1101, -1.124 0.2226 0.1101, -1.0453 0.2295 0.0982, -1.124 0.2295 0.0982, -1.0453 0.2334 0.0851, -1.124 0.2334 0.0851, -1.0453 0.2398 0.0488, -1.124 0.2398 0.0488, -1.124 0.2437 0.0357, -1.0453 0.2437 0.0357, -1.124 0.2506 0.0238, -1.0453 0.2506 0.0238, -1.124 0.26 0.0138, -1.0453 0.26 0.0138, -1.124 0.2715 0.0063, -1.0453 0.2715 0.0063, -1.124 0.2844 0.0016, -1.0453 0.2844 0.0016, -1.124 0.298 0.0, -1.0453 0.298 0.0, -1.0453 0.5634 0.0, -1.124 0.5634 0.0, -1.124 0.5736 0.0013, -1.0453 0.5736 0.0013, -1.124 0.5831 0.0053, -1.0453 0.5831 0.0053, -1.124 0.5912 0.0115, -1.0453 0.5912 0.0115, -1.124 0.5975 0.0197, -1.0453 0.5975 0.0197, -1.124 0.6014 0.0292, -1.0453 0.6014 0.0292, -1.124 0.6028 0.0394, -1.0453 0.6028 0.0394, -1.0453 0.6028 0.0591, -1.124 0.6028 0.0591, -1.124 0.6007 0.0743, -1.0453 0.6007 0.0743, -1.124 0.5948 0.0886, -1.0453 0.5948 0.0886, -1.124 0.5855 0.1008, -1.0453 0.5855 0.1008, -1.124 0.5732 0.1102, -1.0453 0.5732 0.1102, -1.124 0.559 0.1161, -1.0453 0.559 0.1161, -1.124 0.5437 0.1181, -1.0453 0.5437 0.1181, -1.0453 0.3588 0.1181, -1.124 0.3588 0.1181, -1.0453 0.2878 0.2028, -1.124 0.2878 0.2028, -1.0453 0.2878 0.498, -1.124 0.2878 0.498, -1.0453 -0.4996 0.498, -1.124 -0.4996 0.498, -1.0453 -0.7358 0.4774, -1.124 -0.7358 0.4774, -1.124 -0.7459 0.4751, -1.0453 -0.7459 0.4751, -1.124 -0.755 0.4704, -1.0453 -0.755 0.4704, -1.124 -0.7626 0.4635, -1.0453 -0.7626 0.4635, -1.124 -0.7681 0.4548, -1.0453 -0.7681 0.4548, -1.124 -0.7712 0.445, -1.0453 -0.7712 0.445, -1.124 -0.7716 0.4347, -1.0453 -0.7716 0.4347, -1.124 -0.7694 0.4247, -1.0453 -0.7694 0.4247, -1.124 -0.7646 0.4156, -1.0453 -0.7646 0.4156, -1.124 -0.7577 0.408, -1.0453 -0.7577 0.408, -1.124 -0.749 0.4025, -1.0453 -0.749 0.4025, -1.124 -0.7392 0.3994, -1.0453 -0.7392 0.3994, -1.124 -0.729 0.3989, -1.0453 -0.729 0.3989, -1.0453 -0.4962 0.4193, -1.124 -0.4962 0.4193, -1.0453 -0.1846 0.4193, -1.124 -0.1846 0.4193, -1.0453 -0.1846 0.2126, -1.124 -0.1846 0.2126, -1.2421 -0.4838 0.2825, -1.2421 -0.4611 0.2126, -1.3209 -0.4838 0.2825, -1.3209 -0.4611 0.2126, -1.2421 -0.7594 0.1929, -1.3209 -0.7594 0.1929, -1.3209 -0.7665 0.1896, -1.2421 -0.7665 0.1896, -1.3209 -0.7725 0.1846, -1.2421 -0.7725 0.1846, -1.3209 -0.777 0.1783, -1.2421 -0.777 0.1783, -1.3209 -0.7799 0.1711, -1.2421 -0.7799 0.1711, -1.3209 -0.7809 0.1634, -1.2421 -0.7809 0.1634, -1.3209 -0.7799 0.1557, -1.2421 -0.7799 0.1557, -1.3209 -0.777 0.1484, -1.2421 -0.777 0.1484, -1.3209 -0.7725 0.1421, -1.2421 -0.7725 0.1421, -1.3209 -0.7665 0.1372, -1.2421 -0.7665 0.1372, -1.3209 -0.7594 0.1339, -1.2421 -0.7594 0.1339, -1.2421 0.1753 0.1339, -1.3209 0.1753 0.1339, -1.2421 0.1889 0.1323, -1.3209 0.1889 0.1323, -1.2421 0.2018 0.1276, -1.3209 0.2018 0.1276, -1.2421 0.2132 0.12, -1.3209 0.2132 0.12, -1.2421 0.2226 0.1101, -1.3209 0.2226 0.1101, -1.2421 0.2295 0.0982, -1.3209 0.2295 0.0982, -1.2421 0.2334 0.0851, -1.3209 0.2334 0.0851, -1.2421 0.2398 0.0488, -1.3209 0.2398 0.0488, -1.3209 0.2437 0.0357, -1.2421 0.2437 0.0357, -1.3209 0.2506 0.0238, -1.2421 0.2506 0.0238, -1.3209 0.26 0.0138, -1.2421 0.26 0.0138, -1.3209 0.2715 0.0063, -1.2421 0.2715 0.0063, -1.3209 0.2844 0.0016, -1.2421 0.2844 0.0016, -1.3209 0.298 0.0, -1.2421 0.298 0.0, -1.2421 0.5634 0.0, -1.3209 0.5634 0.0, -1.3209 0.5736 0.0013, -1.2421 0.5736 0.0013, -1.3209 0.5831 0.0053, -1.2421 0.5831 0.0053, -1.3209 0.5912 0.0115, -1.2421 0.5912 0.0115, -1.3209 0.5975 0.0197, -1.2421 0.5975 0.0197, -1.3209 0.6014 0.0292, -1.2421 0.6014 0.0292, -1.3209 0.6028 0.0394, -1.2421 0.6028 0.0394, -1.2421 0.6028 0.0591, -1.3209 0.6028 0.0591, -1.3209 0.6007 0.0743, -1.2421 0.6007 0.0743, -1.3209 0.5948 0.0886, -1.2421 0.5948 0.0886, -1.3209 0.5855 0.1008, -1.2421 0.5855 0.1008, -1.3209 0.5732 0.1102, -1.2421 0.5732 0.1102, -1.3209 0.559 0.1161, -1.2421 0.559 0.1161, -1.3209 0.5437 0.1181, -1.2421 0.5437 0.1181, -1.2421 0.3588 0.1181, -1.3209 0.3588 0.1181, -1.2421 0.2878 0.2028, -1.3209 0.2878 0.2028, -1.2421 0.2878 0.498, -1.3209 0.2878 0.498, -1.2421 -0.4996 0.498, -1.3209 -0.4996 0.498, -1.2421 -0.7358 0.4774, -1.3209 -0.7358 0.4774, -1.3209 -0.7459 0.4751, -1.2421 -0.7459 0.4751, -1.3209 -0.755 0.4704, -1.2421 -0.755 0.4704, -1.3209 -0.7626 0.4635, -1.2421 -0.7626 0.4635, -1.3209 -0.7681 0.4548, -1.2421 -0.7681 0.4548, -1.3209 -0.7712 0.445, -1.2421 -0.7712 0.445, -1.3209 -0.7716 0.4347, -1.2421 -0.7716 0.4347, -1.3209 -0.7694 0.4247, -1.2421 -0.7694 0.4247, -1.3209 -0.7646 0.4156, -1.2421 -0.7646 0.4156, -1.3209 -0.7577 0.408, -1.2421 -0.7577 0.408, -1.3209 -0.749 0.4025, -1.2421 -0.749 0.4025, -1.3209 -0.7392 0.3994, -1.2421 -0.7392 0.3994, -1.3209 -0.729 0.3989, -1.2421 -0.729 0.3989, -1.2421 -0.4962 0.4193, -1.3209 -0.4962 0.4193, -1.2421 -0.1846 0.4193, -1.3209 -0.1846 0.4193, -1.2421 -0.1846 0.2126, -1.3209 -0.1846 0.2126, -1.439 -0.4838 0.2825, -1.439 -0.4611 0.2126, -1.5177 -0.4838 0.2825, -1.5177 -0.4611 0.2126, -1.439 -0.7594 0.1929, -1.5177 -0.7594 0.1929, -1.5177 -0.7665 0.1896, -1.439 -0.7665 0.1896, -1.5177 -0.7725 0.1846, -1.439 -0.7725 0.1846, -1.5177 -0.777 0.1783, -1.439 -0.777 0.1783, -1.5177 -0.7799 0.1711, -1.439 -0.7799 0.1711, -1.5177 -0.7809 0.1634, -1.439 -0.7809 0.1634, -1.5177 -0.7799 0.1557, -1.439 -0.7799 0.1557, -1.5177 -0.777 0.1484, -1.439 -0.777 0.1484, -1.5177 -0.7725 0.1421, -1.439 -0.7725 0.1421, -1.5177 -0.7665 0.1372, -1.439 -0.7665 0.1372, -1.5177 -0.7594 0.1339, -1.439 -0.7594 0.1339, -1.439 0.1753 0.1339, -1.5177 0.1753 0.1339, -1.439 0.1889 0.1323, -1.5177 0.1889 0.1323, -1.439 0.2018 0.1276, -1.5177 0.2018 0.1276, -1.439 0.2132 0.12, -1.5177 0.2132 0.12, -1.439 0.2226 0.1101, -1.5177 0.2226 0.1101, -1.439 0.2295 0.0982, -1.5177 0.2295 0.0982, -1.439 0.2334 0.0851, -1.5177 0.2334 0.0851, -1.439 0.2398 0.0488, -1.5177 0.2398 0.0488, -1.5177 0.2437 0.0357, -1.439 0.2437 0.0357, -1.5177 0.2506 0.0238, -1.439 0.2506 0.0238, -1.5177 0.26 0.0138, -1.439 0.26 0.0138, -1.5177 0.2715 0.0063, -1.439 0.2715 0.0063, -1.5177 0.2844 0.0016, -1.439 0.2844 0.0016, -1.5177 0.298 0.0, -1.439 0.298 0.0, -1.439 0.5634 0.0, -1.5177 0.5634 0.0, -1.5177 0.5736 0.0013, -1.439 0.5736 0.0013, -1.5177 0.5831 0.0053, -1.439 0.5831 0.0053, -1.5177 0.5912 0.0115, -1.439 0.5912 0.0115, -1.5177 0.5975 0.0197, -1.439 0.5975 0.0197, -1.5177 0.6014 0.0292, -1.439 0.6014 0.0292, -1.5177 0.6028 0.0394, -1.439 0.6028 0.0394, -1.439 0.6028 0.0591, -1.5177 0.6028 0.0591, -1.5177 0.6007 0.0743, -1.439 0.6007 0.0743, -1.5177 0.5948 0.0886, -1.439 0.5948 0.0886, -1.5177 0.5855 0.1008, -1.439 0.5855 0.1008, -1.5177 0.5732 0.1102, -1.439 0.5732 0.1102, -1.5177 0.559 0.1161, -1.439 0.559 0.1161, -1.5177 0.5437 0.1181, -1.439 0.5437 0.1181, -1.439 0.3588 0.1181, -1.5177 0.3588 0.1181, -1.439 0.2878 0.2028, -1.5177 0.2878 0.2028, -1.439 0.2878 0.498, -1.5177 0.2878 0.498, -1.439 -0.4996 0.498, -1.5177 -0.4996 0.498, -1.439 -0.7358 0.4774, -1.5177 -0.7358 0.4774, -1.5177 -0.7459 0.4751, -1.439 -0.7459 0.4751, -1.5177 -0.755 0.4704, -1.439 -0.755 0.4704, -1.5177 -0.7626 0.4635, -1.439 -0.7626 0.4635, -1.5177 -0.7681 0.4548, -1.439 -0.7681 0.4548, -1.5177 -0.7712 0.445, -1.439 -0.7712 0.445, -1.5177 -0.7716 0.4347, -1.439 -0.7716 0.4347, -1.5177 -0.7694 0.4247, -1.439 -0.7694 0.4247, -1.5177 -0.7646 0.4156, -1.439 -0.7646 0.4156, -1.5177 -0.7577 0.408, -1.439 -0.7577 0.408, -1.5177 -0.749 0.4025, -1.439 -0.749 0.4025, -1.5177 -0.7392 0.3994, -1.439 -0.7392 0.3994, -1.5177 -0.729 0.3989, -1.439 -0.729 0.3989, -1.439 -0.4962 0.4193, -1.5177 -0.4962 0.4193, -1.439 -0.1846 0.4193, -1.5177 -0.1846 0.4193, -1.439 -0.1846 0.2126, -1.5177 -0.1846 0.2126, -1.6358 -0.4838 0.2825, -1.6358 -0.4611 0.2126, -1.7146 -0.4838 0.2825, -1.7146 -0.4611 0.2126, -1.6358 -0.7594 0.1929, -1.7146 -0.7594 0.1929, -1.7146 -0.7665 0.1896, -1.6358 -0.7665 0.1896, -1.7146 -0.7725 0.1846, -1.6358 -0.7725 0.1846, -1.7146 -0.777 0.1783, -1.6358 -0.777 0.1783, -1.7146 -0.7799 0.1711, -1.6358 -0.7799 0.1711, -1.7146 -0.7809 0.1634, -1.6358 -0.7809 0.1634, -1.7146 -0.7799 0.1557, -1.6358 -0.7799 0.1557, -1.7146 -0.777 0.1484, -1.6358 -0.777 0.1484, -1.7146 -0.7725 0.1421, -1.6358 -0.7725 0.1421, -1.7146 -0.7665 0.1372, -1.6358 -0.7665 0.1372, -1.7146 -0.7594 0.1339, -1.6358 -0.7594 0.1339, -1.6358 0.1753 0.1339, -1.7146 0.1753 0.1339, -1.6358 0.1889 0.1323, -1.7146 0.1889 0.1323, -1.6358 0.2018 0.1276, -1.7146 0.2018 0.1276, -1.6358 0.2132 0.12, -1.7146 0.2132 0.12, -1.6358 0.2226 0.1101, -1.7146 0.2226 0.1101, -1.6358 0.2295 0.0982, -1.7146 0.2295 0.0982, -1.6358 0.2334 0.0851, -1.7146 0.2334 0.0851, -1.6358 0.2398 0.0488, -1.7146 0.2398 0.0488, -1.7146 0.2437 0.0357, -1.6358 0.2437 0.0357, -1.7146 0.2506 0.0238, -1.6358 0.2506 0.0238, -1.7146 0.26 0.0138, -1.6358 0.26 0.0138, -1.7146 0.2715 0.0063, -1.6358 0.2715 0.0063, -1.7146 0.2844 0.0016, -1.6358 0.2844 0.0016, -1.7146 0.298 0.0, -1.6358 0.298 0.0, -1.6358 0.5634 0.0, -1.7146 0.5634 0.0, -1.7146 0.5736 0.0013, -1.6358 0.5736 0.0013, -1.7146 0.5831 0.0053, -1.6358 0.5831 0.0053, -1.7146 0.5912 0.0115, -1.6358 0.5912 0.0115, -1.7146 0.5975 0.0197, -1.6358 0.5975 0.0197, -1.7146 0.6014 0.0292, -1.6358 0.6014 0.0292, -1.7146 0.6028 0.0394, -1.6358 0.6028 0.0394, -1.6358 0.6028 0.0591, -1.7146 0.6028 0.0591, -1.7146 0.6007 0.0743, -1.6358 0.6007 0.0743, -1.7146 0.5948 0.0886, -1.6358 0.5948 0.0886, -1.7146 0.5855 0.1008, -1.6358 0.5855 0.1008, -1.7146 0.5732 0.1102, -1.6358 0.5732 0.1102, -1.7146 0.559 0.1161, -1.6358 0.559 0.1161, -1.7146 0.5437 0.1181, -1.6358 0.5437 0.1181, -1.6358 0.3588 0.1181, -1.7146 0.3588 0.1181, -1.6358 0.2878 0.2028, -1.7146 0.2878 0.2028, -1.6358 0.2878 0.498, -1.7146 0.2878 0.498, -1.6358 -0.4996 0.498, -1.7146 -0.4996 0.498, -1.6358 -0.7358 0.4774, -1.7146 -0.7358 0.4774, -1.7146 -0.7459 0.4751, -1.6358 -0.7459 0.4751, -1.7146 -0.755 0.4704, -1.6358 -0.755 0.4704, -1.7146 -0.7626 0.4635, -1.6358 -0.7626 0.4635, -1.7146 -0.7681 0.4548, -1.6358 -0.7681 0.4548, -1.7146 -0.7712 0.445, -1.6358 -0.7712 0.445, -1.7146 -0.7716 0.4347, -1.6358 -0.7716 0.4347, -1.7146 -0.7694 0.4247, -1.6358 -0.7694 0.4247, -1.7146 -0.7646 0.4156, -1.6358 -0.7646 0.4156, -1.7146 -0.7577 0.408, -1.6358 -0.7577 0.408, -1.7146 -0.749 0.4025, -1.6358 -0.749 0.4025, -1.7146 -0.7392 0.3994, -1.6358 -0.7392 0.3994, -1.7146 -0.729 0.3989, -1.6358 -0.729 0.3989, -1.6358 -0.4962 0.4193, -1.7146 -0.4962 0.4193, -1.6358 -0.1846 0.4193, -1.7146 -0.1846 0.4193, -1.6358 -0.1846 0.2126, -1.7146 -0.1846 0.2126, -1.8327 -0.4838 0.2825, -1.8327 -0.4611 0.2126, -1.9114 -0.4838 0.2825, -1.9114 -0.4611 0.2126, -1.8327 -0.7594 0.1929, -1.9114 -0.7594 0.1929, -1.9114 -0.7665 0.1896, -1.8327 -0.7665 0.1896, -1.9114 -0.7725 0.1846, -1.8327 -0.7725 0.1846, -1.9114 -0.777 0.1783, -1.8327 -0.777 0.1783, -1.9114 -0.7799 0.1711, -1.8327 -0.7799 0.1711, -1.9114 -0.7809 0.1634, -1.8327 -0.7809 0.1634, -1.9114 -0.7799 0.1557, -1.8327 -0.7799 0.1557, -1.9114 -0.777 0.1484, -1.8327 -0.777 0.1484, -1.9114 -0.7725 0.1421, -1.8327 -0.7725 0.1421, -1.9114 -0.7665 0.1372, -1.8327 -0.7665 0.1372, -1.9114 -0.7594 0.1339, -1.8327 -0.7594 0.1339, -1.8327 0.1753 0.1339, -1.9114 0.1753 0.1339, -1.8327 0.1889 0.1323, -1.9114 0.1889 0.1323, -1.8327 0.2018 0.1276, -1.9114 0.2018 0.1276, -1.8327 0.2132 0.12, -1.9114 0.2132 0.12, -1.8327 0.2226 0.1101, -1.9114 0.2226 0.1101, -1.8327 0.2295 0.0982, -1.9114 0.2295 0.0982, -1.8327 0.2334 0.0851, -1.9114 0.2334 0.0851, -1.8327 0.2398 0.0488, -1.9114 0.2398 0.0488, -1.9114 0.2437 0.0357, -1.8327 0.2437 0.0357, -1.9114 0.2506 0.0238, -1.8327 0.2506 0.0238, -1.9114 0.26 0.0138, -1.8327 0.26 0.0138, -1.9114 0.2715 0.0063, -1.8327 0.2715 0.0063, -1.9114 0.2844 0.0016, -1.8327 0.2844 0.0016, -1.9114 0.298 0.0, -1.8327 0.298 0.0, -1.8327 0.5634 0.0, -1.9114 0.5634 0.0, -1.9114 0.5736 0.0013, -1.8327 0.5736 0.0013, -1.9114 0.5831 0.0053, -1.8327 0.5831 0.0053, -1.9114 0.5912 0.0115, -1.8327 0.5912 0.0115, -1.9114 0.5975 0.0197, -1.8327 0.5975 0.0197, -1.9114 0.6014 0.0292, -1.8327 0.6014 0.0292, -1.9114 0.6028 0.0394, -1.8327 0.6028 0.0394, -1.8327 0.6028 0.0591, -1.9114 0.6028 0.0591, -1.9114 0.6007 0.0743, -1.8327 0.6007 0.0743, -1.9114 0.5948 0.0886, -1.8327 0.5948 0.0886, -1.9114 0.5855 0.1008, -1.8327 0.5855 0.1008, -1.9114 0.5732 0.1102, -1.8327 0.5732 0.1102, -1.9114 0.559 0.1161, -1.8327 0.559 0.1161, -1.9114 0.5437 0.1181, -1.8327 0.5437 0.1181, -1.8327 0.3588 0.1181, -1.9114 0.3588 0.1181, -1.8327 0.2878 0.2028, -1.9114 0.2878 0.2028, -1.8327 0.2878 0.498, -1.9114 0.2878 0.498, -1.8327 -0.4996 0.498, -1.9114 -0.4996 0.498, -1.8327 -0.7358 0.4774, -1.9114 -0.7358 0.4774, -1.9114 -0.7459 0.4751, -1.8327 -0.7459 0.4751, -1.9114 -0.755 0.4704, -1.8327 -0.755 0.4704, -1.9114 -0.7626 0.4635, -1.8327 -0.7626 0.4635, -1.9114 -0.7681 0.4548, -1.8327 -0.7681 0.4548, -1.9114 -0.7712 0.445, -1.8327 -0.7712 0.445, -1.9114 -0.7716 0.4347, -1.8327 -0.7716 0.4347, -1.9114 -0.7694 0.4247, -1.8327 -0.7694 0.4247, -1.9114 -0.7646 0.4156, -1.8327 -0.7646 0.4156, -1.9114 -0.7577 0.408, -1.8327 -0.7577 0.408, -1.9114 -0.749 0.4025, -1.8327 -0.749 0.4025, -1.9114 -0.7392 0.3994, -1.8327 -0.7392 0.3994, -1.9114 -0.729 0.3989, -1.8327 -0.729 0.3989, -1.8327 -0.4962 0.4193, -1.9114 -0.4962 0.4193, -1.8327 -0.1846 0.4193, -1.9114 -0.1846 0.4193, -1.8327 -0.1846 0.2126, -1.9114 -0.1846 0.2126, -2.0295 -0.4838 0.2825, -2.0295 -0.4611 0.2126, -2.1083 -0.4838 0.2825, -2.1083 -0.4611 0.2126, -2.0295 -0.7594 0.1929, -2.1083 -0.7594 0.1929, -2.1083 -0.7665 0.1896, -2.0295 -0.7665 0.1896, -2.1083 -0.7725 0.1846, -2.0295 -0.7725 0.1846, -2.1083 -0.777 0.1783, -2.0295 -0.777 0.1783, -2.1083 -0.7799 0.1711, -2.0295 -0.7799 0.1711, -2.1083 -0.7809 0.1634, -2.0295 -0.7809 0.1634, -2.1083 -0.7799 0.1557, -2.0295 -0.7799 0.1557, -2.1083 -0.777 0.1484, -2.0295 -0.777 0.1484, -2.1083 -0.7725 0.1421, -2.0295 -0.7725 0.1421, -2.1083 -0.7665 0.1372, -2.0295 -0.7665 0.1372, -2.1083 -0.7594 0.1339, -2.0295 -0.7594 0.1339, -2.0295 0.1753 0.1339, -2.1083 0.1753 0.1339, -2.0295 0.1889 0.1323, -2.1083 0.1889 0.1323, -2.0295 0.2018 0.1276, -2.1083 0.2018 0.1276, -2.0295 0.2132 0.12, -2.1083 0.2132 0.12, -2.0295 0.2226 0.1101, -2.1083 0.2226 0.1101, -2.0295 0.2295 0.0982, -2.1083 0.2295 0.0982, -2.0295 0.2334 0.0851, -2.1083 0.2334 0.0851, -2.0295 0.2398 0.0488, -2.1083 0.2398 0.0488, -2.1083 0.2437 0.0357, -2.0295 0.2437 0.0357, -2.1083 0.2506 0.0238, -2.0295 0.2506 0.0238, -2.1083 0.26 0.0138, -2.0295 0.26 0.0138, -2.1083 0.2715 0.0063, -2.0295 0.2715 0.0063, -2.1083 0.2844 0.0016, -2.0295 0.2844 0.0016, -2.1083 0.298 0.0, -2.0295 0.298 0.0, -2.0295 0.5634 0.0, -2.1083 0.5634 0.0, -2.1083 0.5736 0.0013, -2.0295 0.5736 0.0013, -2.1083 0.5831 0.0053, -2.0295 0.5831 0.0053, -2.1083 0.5912 0.0115, -2.0295 0.5912 0.0115, -2.1083 0.5975 0.0197, -2.0295 0.5975 0.0197, -2.1083 0.6014 0.0292, -2.0295 0.6014 0.0292, -2.1083 0.6028 0.0394, -2.0295 0.6028 0.0394, -2.0295 0.6028 0.0591, -2.1083 0.6028 0.0591, -2.1083 0.6007 0.0743, -2.0295 0.6007 0.0743, -2.1083 0.5948 0.0886, -2.0295 0.5948 0.0886, -2.1083 0.5855 0.1008, -2.0295 0.5855 0.1008, -2.1083 0.5732 0.1102, -2.0295 0.5732 0.1102, -2.1083 0.559 0.1161, -2.0295 0.559 0.1161, -2.1083 0.5437 0.1181, -2.0295 0.5437 0.1181, -2.0295 0.3588 0.1181, -2.1083 0.3588 0.1181, -2.0295 0.2878 0.2028, -2.1083 0.2878 0.2028, -2.0295 0.2878 0.498, -2.1083 0.2878 0.498, -2.0295 -0.4996 0.498, -2.1083 -0.4996 0.498, -2.0295 -0.7358 0.4774, -2.1083 -0.7358 0.4774, -2.1083 -0.7459 0.4751, -2.0295 -0.7459 0.4751, -2.1083 -0.755 0.4704, -2.0295 -0.755 0.4704, -2.1083 -0.7626 0.4635, -2.0295 -0.7626 0.4635, -2.1083 -0.7681 0.4548, -2.0295 -0.7681 0.4548, -2.1083 -0.7712 0.445, -2.0295 -0.7712 0.445, -2.1083 -0.7716 0.4347, -2.0295 -0.7716 0.4347, -2.1083 -0.7694 0.4247, -2.0295 -0.7694 0.4247, -2.1083 -0.7646 0.4156, -2.0295 -0.7646 0.4156, -2.1083 -0.7577 0.408, -2.0295 -0.7577 0.408, -2.1083 -0.749 0.4025, -2.0295 -0.749 0.4025, -2.1083 -0.7392 0.3994, -2.0295 -0.7392 0.3994, -2.1083 -0.729 0.3989, -2.0295 -0.729 0.3989, -2.0295 -0.4962 0.4193, -2.1083 -0.4962 0.4193, -2.0295 -0.1846 0.4193, -2.1083 -0.1846 0.4193, -2.0295 -0.1846 0.2126, -2.1083 -0.1846 0.2126, -2.2264 -0.4838 0.2825, -2.2264 -0.4611 0.2126, -2.3051 -0.4838 0.2825, -2.3051 -0.4611 0.2126, -2.2264 -0.7594 0.1929, -2.3051 -0.7594 0.1929, -2.3051 -0.7665 0.1896, -2.2264 -0.7665 0.1896, -2.3051 -0.7725 0.1846, -2.2264 -0.7725 0.1846, -2.3051 -0.777 0.1783, -2.2264 -0.777 0.1783, -2.3051 -0.7799 0.1711, -2.2264 -0.7799 0.1711, -2.3051 -0.7809 0.1634, -2.2264 -0.7809 0.1634, -2.3051 -0.7799 0.1557, -2.2264 -0.7799 0.1557, -2.3051 -0.777 0.1484, -2.2264 -0.777 0.1484, -2.3051 -0.7725 0.1421, -2.2264 -0.7725 0.1421, -2.3051 -0.7665 0.1372, -2.2264 -0.7665 0.1372, -2.3051 -0.7594 0.1339, -2.2264 -0.7594 0.1339, -2.2264 0.1753 0.1339, -2.3051 0.1753 0.1339, -2.2264 0.1889 0.1323, -2.3051 0.1889 0.1323, -2.2264 0.2018 0.1276, -2.3051 0.2018 0.1276, -2.2264 0.2132 0.12, -2.3051 0.2132 0.12, -2.2264 0.2226 0.1101, -2.3051 0.2226 0.1101, -2.2264 0.2295 0.0982, -2.3051 0.2295 0.0982, -2.2264 0.2334 0.0851, -2.3051 0.2334 0.0851, -2.2264 0.2398 0.0488, -2.3051 0.2398 0.0488, -2.3051 0.2437 0.0357, -2.2264 0.2437 0.0357, -2.3051 0.2506 0.0238, -2.2264 0.2506 0.0238, -2.3051 0.26 0.0138, -2.2264 0.26 0.0138, -2.3051 0.2715 0.0063, -2.2264 0.2715 0.0063, -2.3051 0.2844 0.0016, -2.2264 0.2844 0.0016, -2.3051 0.298 0.0, -2.2264 0.298 0.0, -2.2264 0.5634 0.0, -2.3051 0.5634 0.0, -2.3051 0.5736 0.0013, -2.2264 0.5736 0.0013, -2.3051 0.5831 0.0053, -2.2264 0.5831 0.0053, -2.3051 0.5912 0.0115, -2.2264 0.5912 0.0115, -2.3051 0.5975 0.0197, -2.2264 0.5975 0.0197, -2.3051 0.6014 0.0292, -2.2264 0.6014 0.0292, -2.3051 0.6028 0.0394, -2.2264 0.6028 0.0394, -2.2264 0.6028 0.0591, -2.3051 0.6028 0.0591, -2.3051 0.6007 0.0743, -2.2264 0.6007 0.0743, -2.3051 0.5948 0.0886, -2.2264 0.5948 0.0886, -2.3051 0.5855 0.1008, -2.2264 0.5855 0.1008, -2.3051 0.5732 0.1102, -2.2264 0.5732 0.1102, -2.3051 0.559 0.1161, -2.2264 0.559 0.1161, -2.3051 0.5437 0.1181, -2.2264 0.5437 0.1181, -2.2264 0.3588 0.1181, -2.3051 0.3588 0.1181, -2.2264 0.2878 0.2028, -2.3051 0.2878 0.2028, -2.2264 0.2878 0.498, -2.3051 0.2878 0.498, -2.2264 -0.4996 0.498, -2.3051 -0.4996 0.498, -2.2264 -0.7358 0.4774, -2.3051 -0.7358 0.4774, -2.3051 -0.7459 0.4751, -2.2264 -0.7459 0.4751, -2.3051 -0.755 0.4704, -2.2264 -0.755 0.4704, -2.3051 -0.7626 0.4635, -2.2264 -0.7626 0.4635, -2.3051 -0.7681 0.4548, -2.2264 -0.7681 0.4548, -2.3051 -0.7712 0.445, -2.2264 -0.7712 0.445, -2.3051 -0.7716 0.4347, -2.2264 -0.7716 0.4347, -2.3051 -0.7694 0.4247, -2.2264 -0.7694 0.4247, -2.3051 -0.7646 0.4156, -2.2264 -0.7646 0.4156, -2.3051 -0.7577 0.408, -2.2264 -0.7577 0.408, -2.3051 -0.749 0.4025, -2.2264 -0.749 0.4025, -2.3051 -0.7392 0.3994, -2.2264 -0.7392 0.3994, -2.3051 -0.729 0.3989, -2.2264 -0.729 0.3989, -2.2264 -0.4962 0.4193, -2.3051 -0.4962 0.4193, -2.2264 -0.1846 0.4193, -2.3051 -0.1846 0.4193, -2.2264 -0.1846 0.2126, -2.3051 -0.1846 0.2126, -3.1713 -0.4504 0.0787, -3.1713 -0.3618 0.0787, -3.1713 -0.4504 0.0, -3.1713 -0.3618 0.0, -2.935 0.2681 0.3957, -2.8563 0.2681 0.3957, -2.935 0.2681 0.1181, -2.8563 0.2681 0.1181, -3.1713 -0.6768 0.0, -3.1713 -0.5882 0.0, -3.1534 -0.5858 0.0, -3.1116 -0.5537 0.0, -2.9744 -0.7161 0.0, -3.1225 -0.568 0.0, -3.1368 -0.579 0.0, -3.1116 -0.4848 0.0, -3.1225 -0.4706 0.0, -2.9744 -0.3224 0.0, -3.1368 -0.4596 0.0, -3.1319 -0.3224 0.0, -3.1319 -0.7161 0.0, -3.1047 -0.5371 0.0, -3.1024 -0.5193 0.0, -3.1047 -0.5015 0.0, -3.1534 -0.4527 0.0, -3.1516 -0.7109 0.0, -3.1597 -0.7046 0.0, -3.1421 -0.7148 0.0, -3.166 -0.6965 0.0, -3.1699 -0.687 0.0, -3.166 -0.3421 0.0, -3.1597 -0.334 0.0, -3.1516 -0.3277 0.0, -3.1699 -0.3516 0.0, -3.1421 -0.3238 0.0, -2.8563 -0.3224 0.1181, -2.8563 -0.7161 0.1181, -2.8586 -0.7161 0.0951, -2.8586 -0.3224 0.0951, -2.8653 -0.7161 0.0729, -2.8653 -0.3224 0.0729, -2.8762 -0.7161 0.0525, -2.8762 -0.3224 0.0525, -2.8909 -0.7161 0.0346, -2.8909 -0.3224 0.0346, -2.9088 -0.7161 0.0199, -2.9088 -0.3224 0.0199, -2.9292 -0.7161 0.009, -2.9292 -0.3224 0.009, -2.9514 -0.7161 0.0023, -2.9514 -0.3224 0.0023, -2.8563 -0.7161 0.3957, -2.935 -0.7161 0.3957, -2.935 -0.3224 0.1181, -2.935 -0.7161 0.1181, -2.9744 -0.3224 0.0787, -2.9744 -0.7161 0.0787, -2.9642 -0.3224 0.0801, -2.9642 -0.7161 0.0801, -2.9547 -0.3224 0.084, -2.9547 -0.7161 0.084, -2.9466 -0.3224 0.0903, -2.9466 -0.7161 0.0903, -2.9403 -0.3224 0.0984, -2.9403 -0.7161 0.0984, -2.9364 -0.3224 0.1079, -2.9364 -0.7161 0.1079, -3.1047 -0.5371 0.0787, -3.1116 -0.5537 0.0787, -3.1534 -0.4527 0.0787, -3.1534 -0.5858 0.0787, -3.1319 -0.7161 0.0787, -3.1368 -0.579 0.0787, -3.1225 -0.568 0.0787, -3.1516 -0.3277 0.0787, -3.1597 -0.334 0.0787, -3.166 -0.3421 0.0787, -3.1699 -0.3516 0.0787, -3.1319 -0.3224 0.0787, -3.1368 -0.4596 0.0787, -3.1225 -0.4706 0.0787, -3.1116 -0.4848 0.0787, -3.1047 -0.5015 0.0787, -3.1024 -0.5193 0.0787, -3.1713 -0.5882 0.0787, -3.1713 -0.6768 0.0787, -3.1421 -0.7148 0.0787, -3.1699 -0.687 0.0787, -3.166 -0.6965 0.0787, -3.1597 -0.7046 0.0787, -3.1516 -0.7109 0.0787, -3.1421 -0.3238 0.0787, 3.1673 -0.3618 0.0787, 3.1673 -0.4504 0.0787, 3.1673 -0.3618 0.0, 3.1673 -0.4504 0.0, 2.8524 0.2681 0.3957, 2.9311 0.2681 0.3957, 2.8524 0.2681 0.1181, 2.9311 0.2681 0.1181, 3.1186 -0.4706 0.0, 3.1077 -0.4848 0.0, 2.9705 -0.3224 0.0, 3.1495 -0.4527 0.0, 3.1476 -0.3277 0.0, 3.1558 -0.334 0.0, 3.162 -0.3421 0.0, 3.166 -0.3516 0.0, 3.128 -0.3224 0.0, 3.1329 -0.4596 0.0, 3.1077 -0.5537 0.0, 3.1186 -0.568 0.0, 2.9705 -0.7161 0.0, 3.1329 -0.579 0.0, 3.128 -0.7161 0.0, 3.1495 -0.5858 0.0, 3.1673 -0.5882 0.0, 3.1381 -0.3238 0.0, 3.1008 -0.5015 0.0, 3.0984 -0.5193 0.0, 3.1008 -0.5371 0.0, 3.1673 -0.6768 0.0, 3.166 -0.687 0.0, 3.162 -0.6965 0.0, 3.1558 -0.7046 0.0, 3.1476 -0.7109 0.0, 3.1381 -0.7148 0.0, 2.9474 -0.7161 0.0023, 2.9474 -0.3224 0.0023, 2.9253 -0.7161 0.009, 2.9253 -0.3224 0.009, 2.9049 -0.7161 0.0199, 2.9049 -0.3224 0.0199, 2.887 -0.7161 0.0346, 2.887 -0.3224 0.0346, 2.8723 -0.7161 0.0525, 2.8723 -0.3224 0.0525, 2.8614 -0.7161 0.0729, 2.8614 -0.3224 0.0729, 2.8546 -0.7161 0.0951, 2.8546 -0.3224 0.0951, 2.8524 -0.7161 0.1181, 2.8524 -0.3224 0.1181, 2.8524 -0.7161 0.3957, 2.9311 -0.7161 0.3957, 2.9311 -0.3224 0.1181, 2.9311 -0.7161 0.1181, 2.9324 -0.3224 0.1079, 2.9324 -0.7161 0.1079, 2.9364 -0.3224 0.0984, 2.9364 -0.7161 0.0984, 2.9426 -0.3224 0.0903, 2.9426 -0.7161 0.0903, 2.9508 -0.3224 0.084, 2.9508 -0.7161 0.084, 2.9603 -0.3224 0.0801, 2.9603 -0.7161 0.0801, 2.9705 -0.3224 0.0787, 2.9705 -0.7161 0.0787, 3.1186 -0.568 0.0787, 3.1077 -0.5537 0.0787, 3.1673 -0.6768 0.0787, 3.1673 -0.5882 0.0787, 3.1495 -0.5858 0.0787, 3.1476 -0.7109 0.0787, 3.1558 -0.7046 0.0787, 3.162 -0.6965 0.0787, 3.166 -0.687 0.0787, 3.128 -0.7161 0.0787, 3.1329 -0.579 0.0787, 3.1077 -0.4848 0.0787, 3.1186 -0.4706 0.0787, 3.1329 -0.4596 0.0787, 3.128 -0.3224 0.0787, 3.1495 -0.4527 0.0787, 3.1008 -0.5371 0.0787, 3.0984 -0.5193 0.0787, 3.1008 -0.5015 0.0787, 3.162 -0.3421 0.0787, 3.1558 -0.334 0.0787, 3.1476 -0.3277 0.0787, 3.1381 -0.7148 0.0787, 3.166 -0.3516 0.0787, 3.1381 -0.3238 0.0787
            ]
        }
        coordIndex [
            0,1,2,-1,2,1,3,-1,4,0,5,-1,5,0,2,-1,4,5,6,-1,4,6,7,-1,7,6,8,-1,7,8,9,-1,9,8,10,-1,9,10,11,-1,11,10,12,-1,11,12,13,-1,13,12,14,-1,13,14,15,-1,15,14,16,-1,15,16,17,-1,17,16,18,-1,17,18,19,-1,19,18,20,-1,19,20,21,-1,21,20,22,-1,21,22,23,-1,23,22,24,-1,23,24,25,-1,26,25,27,-1,27,25,24,-1,26,27,28,-1,28,27,29,-1,28,29,30,-1,30,29,31,-1,30,31,32,-1,32,31,33,-1,32,33,34,-1,34,33,35,-1,34,35,36,-1,36,35,37,-1,36,37,38,-1,38,37,39,-1,40,38,41,-1,41,38,39,-1,40,41,42,-1,40,42,43,-1,43,42,44,-1,43,44,45,-1,45,44,46,-1,45,46,47,-1,47,46,48,-1,47,48,49,-1,49,48,50,-1,49,50,51,-1,51,50,52,-1,51,52,53,-1,54,53,55,-1,55,53,52,-1,54,55,56,-1,54,56,57,-1,57,56,58,-1,57,58,59,-1,59,58,60,-1,59,60,61,-1,61,60,62,-1,61,62,63,-1,63,62,64,-1,63,64,65,-1,65,64,66,-1,65,66,67,-1,68,67,69,-1,69,67,66,-1,68,69,70,-1,68,70,71,-1,71,70,72,-1,71,72,73,-1,73,72,74,-1,73,74,75,-1,75,74,76,-1,75,76,77,-1,77,76,78,-1,77,78,79,-1,79,78,80,-1,79,80,81,-1,82,81,83,-1,83,81,80,-1,84,82,85,-1,85,82,83,-1,86,84,87,-1,87,84,85,-1,88,86,89,-1,89,86,87,-1,90,88,91,-1,91,88,89,-1,90,91,92,-1,90,92,93,-1,93,92,94,-1,93,94,95,-1,95,94,96,-1,95,96,97,-1,97,96,98,-1,97,98,99,-1,99,98,100,-1,99,100,101,-1,101,100,102,-1,101,102,103,-1,103,102,104,-1,103,104,105,-1,105,104,106,-1,105,106,107,-1,107,106,108,-1,107,108,109,-1,109,108,110,-1,109,110,111,-1,111,110,112,-1,111,112,113,-1,113,112,114,-1,113,114,115,-1,116,115,117,-1,117,115,114,-1,118,116,119,-1,119,116,117,-1,120,118,121,-1,121,118,119,-1,1,120,3,-1,3,120,121,-1,51,53,82,-1,25,1,0,-1,1,25,120,-1,120,25,26,-1,120,26,118,-1,90,99,101,-1,111,90,109,-1,109,90,107,-1,111,113,90,-1,90,113,115,-1,90,115,88,-1,93,95,90,-1,90,95,97,-1,90,97,99,-1,63,54,61,-1,61,54,57,-1,61,57,59,-1,115,116,88,-1,88,116,118,-1,88,118,86,-1,86,118,26,-1,86,26,84,-1,84,26,28,-1,84,28,30,-1,0,4,25,-1,25,4,7,-1,25,7,9,-1,9,11,25,-1,25,11,13,-1,25,13,15,-1,101,103,90,-1,90,103,105,-1,90,105,107,-1,63,65,54,-1,54,65,67,-1,54,67,53,-1,53,67,81,-1,53,81,82,-1,30,32,84,-1,84,32,34,-1,84,34,82,-1,82,34,36,-1,82,36,38,-1,15,17,25,-1,25,17,19,-1,25,19,23,-1,23,19,21,-1,75,77,73,-1,73,77,71,-1,67,68,81,-1,81,68,71,-1,81,71,79,-1,79,71,77,-1,38,40,82,-1,82,40,43,-1,82,43,45,-1,45,47,82,-1,82,47,49,-1,82,49,51,-1,5,2,3,-1,119,29,121,-1,121,29,27,-1,121,27,3,-1,3,27,24,-1,3,24,5,-1,22,20,18,-1,10,24,12,-1,12,24,14,-1,10,8,24,-1,24,8,6,-1,24,6,5,-1,70,69,80,-1,80,69,66,-1,80,66,83,-1,33,31,85,-1,85,31,29,-1,85,29,87,-1,87,29,119,-1,87,119,89,-1,89,119,117,-1,89,117,91,-1,91,117,114,-1,91,114,112,-1,22,18,24,-1,24,18,16,-1,24,16,14,-1,64,62,55,-1,55,62,60,-1,55,60,56,-1,56,60,58,-1,42,41,83,-1,41,39,83,-1,83,39,37,-1,83,37,85,-1,85,37,35,-1,85,35,33,-1,112,110,91,-1,91,110,108,-1,91,108,106,-1,106,98,96,-1,80,78,70,-1,70,78,76,-1,70,76,72,-1,72,76,74,-1,98,106,100,-1,100,106,104,-1,100,104,102,-1,96,94,106,-1,106,94,92,-1,106,92,91,-1,64,55,66,-1,66,55,52,-1,66,52,83,-1,83,52,50,-1,83,50,48,-1,48,46,83,-1,83,46,44,-1,83,44,42,-1,122,123,124,-1,124,123,125,-1,126,122,127,-1,127,122,124,-1,126,127,128,-1,126,128,129,-1,129,128,130,-1,129,130,131,-1,131,130,132,-1,131,132,133,-1,133,132,134,-1,133,134,135,-1,135,134,136,-1,135,136,137,-1,137,136,138,-1,137,138,139,-1,139,138,140,-1,139,140,141,-1,141,140,142,-1,141,142,143,-1,143,142,144,-1,143,144,145,-1,145,144,146,-1,145,146,147,-1,148,147,149,-1,149,147,146,-1,148,149,150,-1,150,149,151,-1,150,151,152,-1,152,151,153,-1,152,153,154,-1,154,153,155,-1,154,155,156,-1,156,155,157,-1,156,157,158,-1,158,157,159,-1,158,159,160,-1,160,159,161,-1,162,160,163,-1,163,160,161,-1,162,163,164,-1,162,164,165,-1,165,164,166,-1,165,166,167,-1,167,166,168,-1,167,168,169,-1,169,168,170,-1,169,170,171,-1,171,170,172,-1,171,172,173,-1,173,172,174,-1,173,174,175,-1,176,175,177,-1,177,175,174,-1,176,177,178,-1,176,178,179,-1,179,178,180,-1,179,180,181,-1,181,180,182,-1,181,182,183,-1,183,182,184,-1,183,184,185,-1,185,184,186,-1,185,186,187,-1,187,186,188,-1,187,188,189,-1,190,189,191,-1,191,189,188,-1,190,191,192,-1,190,192,193,-1,193,192,194,-1,193,194,195,-1,195,194,196,-1,195,196,197,-1,197,196,198,-1,197,198,199,-1,199,198,200,-1,199,200,201,-1,201,200,202,-1,201,202,203,-1,204,203,205,-1,205,203,202,-1,206,204,207,-1,207,204,205,-1,208,206,209,-1,209,206,207,-1,210,208,211,-1,211,208,209,-1,212,210,213,-1,213,210,211,-1,212,213,214,-1,212,214,215,-1,215,214,216,-1,215,216,217,-1,217,216,218,-1,217,218,219,-1,219,218,220,-1,219,220,221,-1,221,220,222,-1,221,222,223,-1,223,222,224,-1,223,224,225,-1,225,224,226,-1,225,226,227,-1,227,226,228,-1,227,228,229,-1,229,228,230,-1,229,230,231,-1,231,230,232,-1,231,232,233,-1,233,232,234,-1,233,234,235,-1,235,234,236,-1,235,236,237,-1,238,237,239,-1,239,237,236,-1,240,238,241,-1,241,238,239,-1,242,240,243,-1,243,240,241,-1,123,242,125,-1,125,242,243,-1,173,175,204,-1,147,123,122,-1,123,147,242,-1,242,147,148,-1,242,148,240,-1,212,221,223,-1,233,212,231,-1,231,212,229,-1,233,235,212,-1,212,235,237,-1,212,237,210,-1,215,217,212,-1,212,217,219,-1,212,219,221,-1,185,176,183,-1,183,176,179,-1,183,179,181,-1,237,238,210,-1,210,238,240,-1,210,240,208,-1,208,240,148,-1,208,148,206,-1,206,148,150,-1,206,150,152,-1,122,126,147,-1,147,126,129,-1,147,129,131,-1,131,133,147,-1,147,133,135,-1,147,135,137,-1,223,225,212,-1,212,225,227,-1,212,227,229,-1,185,187,176,-1,176,187,189,-1,176,189,175,-1,175,189,203,-1,175,203,204,-1,152,154,206,-1,206,154,156,-1,206,156,204,-1,204,156,158,-1,204,158,160,-1,137,139,147,-1,147,139,141,-1,147,141,145,-1,145,141,143,-1,197,199,195,-1,195,199,193,-1,189,190,203,-1,203,190,193,-1,203,193,201,-1,201,193,199,-1,160,162,204,-1,204,162,165,-1,204,165,167,-1,167,169,204,-1,204,169,171,-1,204,171,173,-1,127,124,125,-1,241,151,243,-1,243,151,149,-1,243,149,125,-1,125,149,146,-1,125,146,127,-1,144,142,140,-1,132,146,134,-1,134,146,136,-1,132,130,146,-1,146,130,128,-1,146,128,127,-1,192,191,202,-1,202,191,188,-1,202,188,205,-1,155,153,207,-1,207,153,151,-1,207,151,209,-1,209,151,241,-1,209,241,211,-1,211,241,239,-1,211,239,213,-1,213,239,236,-1,213,236,234,-1,144,140,146,-1,146,140,138,-1,146,138,136,-1,186,184,177,-1,177,184,182,-1,177,182,178,-1,178,182,180,-1,164,163,205,-1,163,161,205,-1,205,161,159,-1,205,159,207,-1,207,159,157,-1,207,157,155,-1,234,232,213,-1,213,232,230,-1,213,230,228,-1,228,220,218,-1,202,200,192,-1,192,200,198,-1,192,198,194,-1,194,198,196,-1,220,228,222,-1,222,228,226,-1,222,226,224,-1,218,216,228,-1,228,216,214,-1,228,214,213,-1,186,177,188,-1,188,177,174,-1,188,174,205,-1,205,174,172,-1,205,172,170,-1,170,168,205,-1,205,168,166,-1,205,166,164,-1,244,245,246,-1,246,245,247,-1,248,244,249,-1,249,244,246,-1,248,249,250,-1,248,250,251,-1,251,250,252,-1,251,252,253,-1,253,252,254,-1,253,254,255,-1,255,254,256,-1,255,256,257,-1,257,256,258,-1,257,258,259,-1,259,258,260,-1,259,260,261,-1,261,260,262,-1,261,262,263,-1,263,262,264,-1,263,264,265,-1,265,264,266,-1,265,266,267,-1,267,266,268,-1,267,268,269,-1,270,269,271,-1,271,269,268,-1,270,271,272,-1,272,271,273,-1,272,273,274,-1,274,273,275,-1,274,275,276,-1,276,275,277,-1,276,277,278,-1,278,277,279,-1,278,279,280,-1,280,279,281,-1,280,281,282,-1,282,281,283,-1,284,282,285,-1,285,282,283,-1,284,285,286,-1,284,286,287,-1,287,286,288,-1,287,288,289,-1,289,288,290,-1,289,290,291,-1,291,290,292,-1,291,292,293,-1,293,292,294,-1,293,294,295,-1,295,294,296,-1,295,296,297,-1,298,297,299,-1,299,297,296,-1,298,299,300,-1,298,300,301,-1,301,300,302,-1,301,302,303,-1,303,302,304,-1,303,304,305,-1,305,304,306,-1,305,306,307,-1,307,306,308,-1,307,308,309,-1,309,308,310,-1,309,310,311,-1,312,311,313,-1,313,311,310,-1,312,313,314,-1,312,314,315,-1,315,314,316,-1,315,316,317,-1,317,316,318,-1,317,318,319,-1,319,318,320,-1,319,320,321,-1,321,320,322,-1,321,322,323,-1,323,322,324,-1,323,324,325,-1,326,325,327,-1,327,325,324,-1,328,326,329,-1,329,326,327,-1,330,328,331,-1,331,328,329,-1,332,330,333,-1,333,330,331,-1,334,332,335,-1,335,332,333,-1,334,335,336,-1,334,336,337,-1,337,336,338,-1,337,338,339,-1,339,338,340,-1,339,340,341,-1,341,340,342,-1,341,342,343,-1,343,342,344,-1,343,344,345,-1,345,344,346,-1,345,346,347,-1,347,346,348,-1,347,348,349,-1,349,348,350,-1,349,350,351,-1,351,350,352,-1,351,352,353,-1,353,352,354,-1,353,354,355,-1,355,354,356,-1,355,356,357,-1,357,356,358,-1,357,358,359,-1,360,359,361,-1,361,359,358,-1,362,360,363,-1,363,360,361,-1,364,362,365,-1,365,362,363,-1,245,364,247,-1,247,364,365,-1,295,297,326,-1,269,245,244,-1,245,269,364,-1,364,269,270,-1,364,270,362,-1,334,343,345,-1,355,334,353,-1,353,334,351,-1,355,357,334,-1,334,357,359,-1,334,359,332,-1,337,339,334,-1,334,339,341,-1,334,341,343,-1,307,298,305,-1,305,298,301,-1,305,301,303,-1,359,360,332,-1,332,360,362,-1,332,362,330,-1,330,362,270,-1,330,270,328,-1,328,270,272,-1,328,272,274,-1,244,248,269,-1,269,248,251,-1,269,251,253,-1,253,255,269,-1,269,255,257,-1,269,257,259,-1,345,347,334,-1,334,347,349,-1,334,349,351,-1,307,309,298,-1,298,309,311,-1,298,311,297,-1,297,311,325,-1,297,325,326,-1,274,276,328,-1,328,276,278,-1,328,278,326,-1,326,278,280,-1,326,280,282,-1,259,261,269,-1,269,261,263,-1,269,263,267,-1,267,263,265,-1,319,321,317,-1,317,321,315,-1,311,312,325,-1,325,312,315,-1,325,315,323,-1,323,315,321,-1,282,284,326,-1,326,284,287,-1,326,287,289,-1,289,291,326,-1,326,291,293,-1,326,293,295,-1,249,246,247,-1,363,273,365,-1,365,273,271,-1,365,271,247,-1,247,271,268,-1,247,268,249,-1,266,264,262,-1,254,268,256,-1,256,268,258,-1,254,252,268,-1,268,252,250,-1,268,250,249,-1,314,313,324,-1,324,313,310,-1,324,310,327,-1,277,275,329,-1,329,275,273,-1,329,273,331,-1,331,273,363,-1,331,363,333,-1,333,363,361,-1,333,361,335,-1,335,361,358,-1,335,358,356,-1,266,262,268,-1,268,262,260,-1,268,260,258,-1,308,306,299,-1,299,306,304,-1,299,304,300,-1,300,304,302,-1,286,285,327,-1,285,283,327,-1,327,283,281,-1,327,281,329,-1,329,281,279,-1,329,279,277,-1,356,354,335,-1,335,354,352,-1,335,352,350,-1,350,342,340,-1,324,322,314,-1,314,322,320,-1,314,320,316,-1,316,320,318,-1,342,350,344,-1,344,350,348,-1,344,348,346,-1,340,338,350,-1,350,338,336,-1,350,336,335,-1,308,299,310,-1,310,299,296,-1,310,296,327,-1,327,296,294,-1,327,294,292,-1,292,290,327,-1,327,290,288,-1,327,288,286,-1,366,367,368,-1,368,367,369,-1,370,366,371,-1,371,366,368,-1,370,371,372,-1,370,372,373,-1,373,372,374,-1,373,374,375,-1,375,374,376,-1,375,376,377,-1,377,376,378,-1,377,378,379,-1,379,378,380,-1,379,380,381,-1,381,380,382,-1,381,382,383,-1,383,382,384,-1,383,384,385,-1,385,384,386,-1,385,386,387,-1,387,386,388,-1,387,388,389,-1,389,388,390,-1,389,390,391,-1,392,391,393,-1,393,391,390,-1,392,393,394,-1,394,393,395,-1,394,395,396,-1,396,395,397,-1,396,397,398,-1,398,397,399,-1,398,399,400,-1,400,399,401,-1,400,401,402,-1,402,401,403,-1,402,403,404,-1,404,403,405,-1,406,404,407,-1,407,404,405,-1,406,407,408,-1,406,408,409,-1,409,408,410,-1,409,410,411,-1,411,410,412,-1,411,412,413,-1,413,412,414,-1,413,414,415,-1,415,414,416,-1,415,416,417,-1,417,416,418,-1,417,418,419,-1,420,419,421,-1,421,419,418,-1,420,421,422,-1,420,422,423,-1,423,422,424,-1,423,424,425,-1,425,424,426,-1,425,426,427,-1,427,426,428,-1,427,428,429,-1,429,428,430,-1,429,430,431,-1,431,430,432,-1,431,432,433,-1,434,433,435,-1,435,433,432,-1,434,435,436,-1,434,436,437,-1,437,436,438,-1,437,438,439,-1,439,438,440,-1,439,440,441,-1,441,440,442,-1,441,442,443,-1,443,442,444,-1,443,444,445,-1,445,444,446,-1,445,446,447,-1,448,447,449,-1,449,447,446,-1,450,448,451,-1,451,448,449,-1,452,450,453,-1,453,450,451,-1,454,452,455,-1,455,452,453,-1,456,454,457,-1,457,454,455,-1,456,457,458,-1,456,458,459,-1,459,458,460,-1,459,460,461,-1,461,460,462,-1,461,462,463,-1,463,462,464,-1,463,464,465,-1,465,464,466,-1,465,466,467,-1,467,466,468,-1,467,468,469,-1,469,468,470,-1,469,470,471,-1,471,470,472,-1,471,472,473,-1,473,472,474,-1,473,474,475,-1,475,474,476,-1,475,476,477,-1,477,476,478,-1,477,478,479,-1,479,478,480,-1,479,480,481,-1,482,481,483,-1,483,481,480,-1,484,482,485,-1,485,482,483,-1,486,484,487,-1,487,484,485,-1,367,486,369,-1,369,486,487,-1,417,419,448,-1,391,367,366,-1,367,391,486,-1,486,391,392,-1,486,392,484,-1,456,465,467,-1,477,456,475,-1,475,456,473,-1,477,479,456,-1,456,479,481,-1,456,481,454,-1,459,461,456,-1,456,461,463,-1,456,463,465,-1,429,420,427,-1,427,420,423,-1,427,423,425,-1,481,482,454,-1,454,482,484,-1,454,484,452,-1,452,484,392,-1,452,392,450,-1,450,392,394,-1,450,394,396,-1,366,370,391,-1,391,370,373,-1,391,373,375,-1,375,377,391,-1,391,377,379,-1,391,379,381,-1,467,469,456,-1,456,469,471,-1,456,471,473,-1,429,431,420,-1,420,431,433,-1,420,433,419,-1,419,433,447,-1,419,447,448,-1,396,398,450,-1,450,398,400,-1,450,400,448,-1,448,400,402,-1,448,402,404,-1,381,383,391,-1,391,383,385,-1,391,385,389,-1,389,385,387,-1,441,443,439,-1,439,443,437,-1,433,434,447,-1,447,434,437,-1,447,437,445,-1,445,437,443,-1,404,406,448,-1,448,406,409,-1,448,409,411,-1,411,413,448,-1,448,413,415,-1,448,415,417,-1,371,368,369,-1,485,395,487,-1,487,395,393,-1,487,393,369,-1,369,393,390,-1,369,390,371,-1,388,386,384,-1,376,390,378,-1,378,390,380,-1,376,374,390,-1,390,374,372,-1,390,372,371,-1,436,435,446,-1,446,435,432,-1,446,432,449,-1,399,397,451,-1,451,397,395,-1,451,395,453,-1,453,395,485,-1,453,485,455,-1,455,485,483,-1,455,483,457,-1,457,483,480,-1,457,480,478,-1,388,384,390,-1,390,384,382,-1,390,382,380,-1,430,428,421,-1,421,428,426,-1,421,426,422,-1,422,426,424,-1,408,407,449,-1,407,405,449,-1,449,405,403,-1,449,403,451,-1,451,403,401,-1,451,401,399,-1,478,476,457,-1,457,476,474,-1,457,474,472,-1,472,464,462,-1,446,444,436,-1,436,444,442,-1,436,442,438,-1,438,442,440,-1,464,472,466,-1,466,472,470,-1,466,470,468,-1,462,460,472,-1,472,460,458,-1,472,458,457,-1,430,421,432,-1,432,421,418,-1,432,418,449,-1,449,418,416,-1,449,416,414,-1,414,412,449,-1,449,412,410,-1,449,410,408,-1,488,489,490,-1,490,489,491,-1,492,488,493,-1,493,488,490,-1,492,493,494,-1,492,494,495,-1,495,494,496,-1,495,496,497,-1,497,496,498,-1,497,498,499,-1,499,498,500,-1,499,500,501,-1,501,500,502,-1,501,502,503,-1,503,502,504,-1,503,504,505,-1,505,504,506,-1,505,506,507,-1,507,506,508,-1,507,508,509,-1,509,508,510,-1,509,510,511,-1,511,510,512,-1,511,512,513,-1,514,513,515,-1,515,513,512,-1,514,515,516,-1,516,515,517,-1,516,517,518,-1,518,517,519,-1,518,519,520,-1,520,519,521,-1,520,521,522,-1,522,521,523,-1,522,523,524,-1,524,523,525,-1,524,525,526,-1,526,525,527,-1,528,526,529,-1,529,526,527,-1,528,529,530,-1,528,530,531,-1,531,530,532,-1,531,532,533,-1,533,532,534,-1,533,534,535,-1,535,534,536,-1,535,536,537,-1,537,536,538,-1,537,538,539,-1,539,538,540,-1,539,540,541,-1,542,541,543,-1,543,541,540,-1,542,543,544,-1,542,544,545,-1,545,544,546,-1,545,546,547,-1,547,546,548,-1,547,548,549,-1,549,548,550,-1,549,550,551,-1,551,550,552,-1,551,552,553,-1,553,552,554,-1,553,554,555,-1,556,555,557,-1,557,555,554,-1,556,557,558,-1,556,558,559,-1,559,558,560,-1,559,560,561,-1,561,560,562,-1,561,562,563,-1,563,562,564,-1,563,564,565,-1,565,564,566,-1,565,566,567,-1,567,566,568,-1,567,568,569,-1,570,569,571,-1,571,569,568,-1,572,570,573,-1,573,570,571,-1,574,572,575,-1,575,572,573,-1,576,574,577,-1,577,574,575,-1,578,576,579,-1,579,576,577,-1,578,579,580,-1,578,580,581,-1,581,580,582,-1,581,582,583,-1,583,582,584,-1,583,584,585,-1,585,584,586,-1,585,586,587,-1,587,586,588,-1,587,588,589,-1,589,588,590,-1,589,590,591,-1,591,590,592,-1,591,592,593,-1,593,592,594,-1,593,594,595,-1,595,594,596,-1,595,596,597,-1,597,596,598,-1,597,598,599,-1,599,598,600,-1,599,600,601,-1,601,600,602,-1,601,602,603,-1,604,603,605,-1,605,603,602,-1,606,604,607,-1,607,604,605,-1,608,606,609,-1,609,606,607,-1,489,608,491,-1,491,608,609,-1,539,541,570,-1,513,489,488,-1,489,513,608,-1,608,513,514,-1,608,514,606,-1,578,587,589,-1,599,578,597,-1,597,578,595,-1,599,601,578,-1,578,601,603,-1,578,603,576,-1,581,583,578,-1,578,583,585,-1,578,585,587,-1,551,542,549,-1,549,542,545,-1,549,545,547,-1,603,604,576,-1,576,604,606,-1,576,606,574,-1,574,606,514,-1,574,514,572,-1,572,514,516,-1,572,516,518,-1,488,492,513,-1,513,492,495,-1,513,495,497,-1,497,499,513,-1,513,499,501,-1,513,501,503,-1,589,591,578,-1,578,591,593,-1,578,593,595,-1,551,553,542,-1,542,553,555,-1,542,555,541,-1,541,555,569,-1,541,569,570,-1,518,520,572,-1,572,520,522,-1,572,522,570,-1,570,522,524,-1,570,524,526,-1,503,505,513,-1,513,505,507,-1,513,507,511,-1,511,507,509,-1,563,565,561,-1,561,565,559,-1,555,556,569,-1,569,556,559,-1,569,559,567,-1,567,559,565,-1,526,528,570,-1,570,528,531,-1,570,531,533,-1,533,535,570,-1,570,535,537,-1,570,537,539,-1,493,490,491,-1,607,517,609,-1,609,517,515,-1,609,515,491,-1,491,515,512,-1,491,512,493,-1,510,508,506,-1,498,512,500,-1,500,512,502,-1,498,496,512,-1,512,496,494,-1,512,494,493,-1,558,557,568,-1,568,557,554,-1,568,554,571,-1,521,519,573,-1,573,519,517,-1,573,517,575,-1,575,517,607,-1,575,607,577,-1,577,607,605,-1,577,605,579,-1,579,605,602,-1,579,602,600,-1,510,506,512,-1,512,506,504,-1,512,504,502,-1,552,550,543,-1,543,550,548,-1,543,548,544,-1,544,548,546,-1,530,529,571,-1,529,527,571,-1,571,527,525,-1,571,525,573,-1,573,525,523,-1,573,523,521,-1,600,598,579,-1,579,598,596,-1,579,596,594,-1,594,586,584,-1,568,566,558,-1,558,566,564,-1,558,564,560,-1,560,564,562,-1,586,594,588,-1,588,594,592,-1,588,592,590,-1,584,582,594,-1,594,582,580,-1,594,580,579,-1,552,543,554,-1,554,543,540,-1,554,540,571,-1,571,540,538,-1,571,538,536,-1,536,534,571,-1,571,534,532,-1,571,532,530,-1,610,611,612,-1,612,611,613,-1,614,610,615,-1,615,610,612,-1,614,615,616,-1,614,616,617,-1,617,616,618,-1,617,618,619,-1,619,618,620,-1,619,620,621,-1,621,620,622,-1,621,622,623,-1,623,622,624,-1,623,624,625,-1,625,624,626,-1,625,626,627,-1,627,626,628,-1,627,628,629,-1,629,628,630,-1,629,630,631,-1,631,630,632,-1,631,632,633,-1,633,632,634,-1,633,634,635,-1,636,635,637,-1,637,635,634,-1,636,637,638,-1,638,637,639,-1,638,639,640,-1,640,639,641,-1,640,641,642,-1,642,641,643,-1,642,643,644,-1,644,643,645,-1,644,645,646,-1,646,645,647,-1,646,647,648,-1,648,647,649,-1,650,648,651,-1,651,648,649,-1,650,651,652,-1,650,652,653,-1,653,652,654,-1,653,654,655,-1,655,654,656,-1,655,656,657,-1,657,656,658,-1,657,658,659,-1,659,658,660,-1,659,660,661,-1,661,660,662,-1,661,662,663,-1,664,663,665,-1,665,663,662,-1,664,665,666,-1,664,666,667,-1,667,666,668,-1,667,668,669,-1,669,668,670,-1,669,670,671,-1,671,670,672,-1,671,672,673,-1,673,672,674,-1,673,674,675,-1,675,674,676,-1,675,676,677,-1,678,677,679,-1,679,677,676,-1,678,679,680,-1,678,680,681,-1,681,680,682,-1,681,682,683,-1,683,682,684,-1,683,684,685,-1,685,684,686,-1,685,686,687,-1,687,686,688,-1,687,688,689,-1,689,688,690,-1,689,690,691,-1,692,691,693,-1,693,691,690,-1,694,692,695,-1,695,692,693,-1,696,694,697,-1,697,694,695,-1,698,696,699,-1,699,696,697,-1,700,698,701,-1,701,698,699,-1,700,701,702,-1,700,702,703,-1,703,702,704,-1,703,704,705,-1,705,704,706,-1,705,706,707,-1,707,706,708,-1,707,708,709,-1,709,708,710,-1,709,710,711,-1,711,710,712,-1,711,712,713,-1,713,712,714,-1,713,714,715,-1,715,714,716,-1,715,716,717,-1,717,716,718,-1,717,718,719,-1,719,718,720,-1,719,720,721,-1,721,720,722,-1,721,722,723,-1,723,722,724,-1,723,724,725,-1,726,725,727,-1,727,725,724,-1,728,726,729,-1,729,726,727,-1,730,728,731,-1,731,728,729,-1,611,730,613,-1,613,730,731,-1,661,663,692,-1,635,611,610,-1,611,635,730,-1,730,635,636,-1,730,636,728,-1,700,709,711,-1,721,700,719,-1,719,700,717,-1,721,723,700,-1,700,723,725,-1,700,725,698,-1,703,705,700,-1,700,705,707,-1,700,707,709,-1,673,664,671,-1,671,664,667,-1,671,667,669,-1,725,726,698,-1,698,726,728,-1,698,728,696,-1,696,728,636,-1,696,636,694,-1,694,636,638,-1,694,638,640,-1,610,614,635,-1,635,614,617,-1,635,617,619,-1,619,621,635,-1,635,621,623,-1,635,623,625,-1,711,713,700,-1,700,713,715,-1,700,715,717,-1,673,675,664,-1,664,675,677,-1,664,677,663,-1,663,677,691,-1,663,691,692,-1,640,642,694,-1,694,642,644,-1,694,644,692,-1,692,644,646,-1,692,646,648,-1,625,627,635,-1,635,627,629,-1,635,629,633,-1,633,629,631,-1,685,687,683,-1,683,687,681,-1,677,678,691,-1,691,678,681,-1,691,681,689,-1,689,681,687,-1,648,650,692,-1,692,650,653,-1,692,653,655,-1,655,657,692,-1,692,657,659,-1,692,659,661,-1,615,612,613,-1,729,639,731,-1,731,639,637,-1,731,637,613,-1,613,637,634,-1,613,634,615,-1,632,630,628,-1,620,634,622,-1,622,634,624,-1,620,618,634,-1,634,618,616,-1,634,616,615,-1,680,679,690,-1,690,679,676,-1,690,676,693,-1,643,641,695,-1,695,641,639,-1,695,639,697,-1,697,639,729,-1,697,729,699,-1,699,729,727,-1,699,727,701,-1,701,727,724,-1,701,724,722,-1,632,628,634,-1,634,628,626,-1,634,626,624,-1,674,672,665,-1,665,672,670,-1,665,670,666,-1,666,670,668,-1,652,651,693,-1,651,649,693,-1,693,649,647,-1,693,647,695,-1,695,647,645,-1,695,645,643,-1,722,720,701,-1,701,720,718,-1,701,718,716,-1,716,708,706,-1,690,688,680,-1,680,688,686,-1,680,686,682,-1,682,686,684,-1,708,716,710,-1,710,716,714,-1,710,714,712,-1,706,704,716,-1,716,704,702,-1,716,702,701,-1,674,665,676,-1,676,665,662,-1,676,662,693,-1,693,662,660,-1,693,660,658,-1,658,656,693,-1,693,656,654,-1,693,654,652,-1,732,733,734,-1,734,733,735,-1,736,732,737,-1,737,732,734,-1,736,737,738,-1,736,738,739,-1,739,738,740,-1,739,740,741,-1,741,740,742,-1,741,742,743,-1,743,742,744,-1,743,744,745,-1,745,744,746,-1,745,746,747,-1,747,746,748,-1,747,748,749,-1,749,748,750,-1,749,750,751,-1,751,750,752,-1,751,752,753,-1,753,752,754,-1,753,754,755,-1,755,754,756,-1,755,756,757,-1,758,757,759,-1,759,757,756,-1,758,759,760,-1,760,759,761,-1,760,761,762,-1,762,761,763,-1,762,763,764,-1,764,763,765,-1,764,765,766,-1,766,765,767,-1,766,767,768,-1,768,767,769,-1,768,769,770,-1,770,769,771,-1,772,770,773,-1,773,770,771,-1,772,773,774,-1,772,774,775,-1,775,774,776,-1,775,776,777,-1,777,776,778,-1,777,778,779,-1,779,778,780,-1,779,780,781,-1,781,780,782,-1,781,782,783,-1,783,782,784,-1,783,784,785,-1,786,785,787,-1,787,785,784,-1,786,787,788,-1,786,788,789,-1,789,788,790,-1,789,790,791,-1,791,790,792,-1,791,792,793,-1,793,792,794,-1,793,794,795,-1,795,794,796,-1,795,796,797,-1,797,796,798,-1,797,798,799,-1,800,799,801,-1,801,799,798,-1,800,801,802,-1,800,802,803,-1,803,802,804,-1,803,804,805,-1,805,804,806,-1,805,806,807,-1,807,806,808,-1,807,808,809,-1,809,808,810,-1,809,810,811,-1,811,810,812,-1,811,812,813,-1,814,813,815,-1,815,813,812,-1,816,814,817,-1,817,814,815,-1,818,816,819,-1,819,816,817,-1,820,818,821,-1,821,818,819,-1,822,820,823,-1,823,820,821,-1,822,823,824,-1,822,824,825,-1,825,824,826,-1,825,826,827,-1,827,826,828,-1,827,828,829,-1,829,828,830,-1,829,830,831,-1,831,830,832,-1,831,832,833,-1,833,832,834,-1,833,834,835,-1,835,834,836,-1,835,836,837,-1,837,836,838,-1,837,838,839,-1,839,838,840,-1,839,840,841,-1,841,840,842,-1,841,842,843,-1,843,842,844,-1,843,844,845,-1,845,844,846,-1,845,846,847,-1,848,847,849,-1,849,847,846,-1,850,848,851,-1,851,848,849,-1,852,850,853,-1,853,850,851,-1,733,852,735,-1,735,852,853,-1,783,785,814,-1,757,733,732,-1,733,757,852,-1,852,757,758,-1,852,758,850,-1,822,831,833,-1,843,822,841,-1,841,822,839,-1,843,845,822,-1,822,845,847,-1,822,847,820,-1,825,827,822,-1,822,827,829,-1,822,829,831,-1,795,786,793,-1,793,786,789,-1,793,789,791,-1,847,848,820,-1,820,848,850,-1,820,850,818,-1,818,850,758,-1,818,758,816,-1,816,758,760,-1,816,760,762,-1,732,736,757,-1,757,736,739,-1,757,739,741,-1,741,743,757,-1,757,743,745,-1,757,745,747,-1,833,835,822,-1,822,835,837,-1,822,837,839,-1,795,797,786,-1,786,797,799,-1,786,799,785,-1,785,799,813,-1,785,813,814,-1,762,764,816,-1,816,764,766,-1,816,766,814,-1,814,766,768,-1,814,768,770,-1,747,749,757,-1,757,749,751,-1,757,751,755,-1,755,751,753,-1,807,809,805,-1,805,809,803,-1,799,800,813,-1,813,800,803,-1,813,803,811,-1,811,803,809,-1,770,772,814,-1,814,772,775,-1,814,775,777,-1,777,779,814,-1,814,779,781,-1,814,781,783,-1,737,734,735,-1,851,761,853,-1,853,761,759,-1,853,759,735,-1,735,759,756,-1,735,756,737,-1,754,752,750,-1,742,756,744,-1,744,756,746,-1,742,740,756,-1,756,740,738,-1,756,738,737,-1,802,801,812,-1,812,801,798,-1,812,798,815,-1,765,763,817,-1,817,763,761,-1,817,761,819,-1,819,761,851,-1,819,851,821,-1,821,851,849,-1,821,849,823,-1,823,849,846,-1,823,846,844,-1,754,750,756,-1,756,750,748,-1,756,748,746,-1,796,794,787,-1,787,794,792,-1,787,792,788,-1,788,792,790,-1,774,773,815,-1,773,771,815,-1,815,771,769,-1,815,769,817,-1,817,769,767,-1,817,767,765,-1,844,842,823,-1,823,842,840,-1,823,840,838,-1,838,830,828,-1,812,810,802,-1,802,810,808,-1,802,808,804,-1,804,808,806,-1,830,838,832,-1,832,838,836,-1,832,836,834,-1,828,826,838,-1,838,826,824,-1,838,824,823,-1,796,787,798,-1,798,787,784,-1,798,784,815,-1,815,784,782,-1,815,782,780,-1,780,778,815,-1,815,778,776,-1,815,776,774,-1,854,855,856,-1,856,855,857,-1,858,854,859,-1,859,854,856,-1,858,859,860,-1,858,860,861,-1,861,860,862,-1,861,862,863,-1,863,862,864,-1,863,864,865,-1,865,864,866,-1,865,866,867,-1,867,866,868,-1,867,868,869,-1,869,868,870,-1,869,870,871,-1,871,870,872,-1,871,872,873,-1,873,872,874,-1,873,874,875,-1,875,874,876,-1,875,876,877,-1,877,876,878,-1,877,878,879,-1,880,879,881,-1,881,879,878,-1,880,881,882,-1,882,881,883,-1,882,883,884,-1,884,883,885,-1,884,885,886,-1,886,885,887,-1,886,887,888,-1,888,887,889,-1,888,889,890,-1,890,889,891,-1,890,891,892,-1,892,891,893,-1,894,892,895,-1,895,892,893,-1,894,895,896,-1,894,896,897,-1,897,896,898,-1,897,898,899,-1,899,898,900,-1,899,900,901,-1,901,900,902,-1,901,902,903,-1,903,902,904,-1,903,904,905,-1,905,904,906,-1,905,906,907,-1,908,907,909,-1,909,907,906,-1,908,909,910,-1,908,910,911,-1,911,910,912,-1,911,912,913,-1,913,912,914,-1,913,914,915,-1,915,914,916,-1,915,916,917,-1,917,916,918,-1,917,918,919,-1,919,918,920,-1,919,920,921,-1,922,921,923,-1,923,921,920,-1,922,923,924,-1,922,924,925,-1,925,924,926,-1,925,926,927,-1,927,926,928,-1,927,928,929,-1,929,928,930,-1,929,930,931,-1,931,930,932,-1,931,932,933,-1,933,932,934,-1,933,934,935,-1,936,935,937,-1,937,935,934,-1,938,936,939,-1,939,936,937,-1,940,938,941,-1,941,938,939,-1,942,940,943,-1,943,940,941,-1,944,942,945,-1,945,942,943,-1,944,945,946,-1,944,946,947,-1,947,946,948,-1,947,948,949,-1,949,948,950,-1,949,950,951,-1,951,950,952,-1,951,952,953,-1,953,952,954,-1,953,954,955,-1,955,954,956,-1,955,956,957,-1,957,956,958,-1,957,958,959,-1,959,958,960,-1,959,960,961,-1,961,960,962,-1,961,962,963,-1,963,962,964,-1,963,964,965,-1,965,964,966,-1,965,966,967,-1,967,966,968,-1,967,968,969,-1,970,969,971,-1,971,969,968,-1,972,970,973,-1,973,970,971,-1,974,972,975,-1,975,972,973,-1,855,974,857,-1,857,974,975,-1,905,907,936,-1,879,855,854,-1,855,879,974,-1,974,879,880,-1,974,880,972,-1,944,953,955,-1,965,944,963,-1,963,944,961,-1,965,967,944,-1,944,967,969,-1,944,969,942,-1,947,949,944,-1,944,949,951,-1,944,951,953,-1,917,908,915,-1,915,908,911,-1,915,911,913,-1,969,970,942,-1,942,970,972,-1,942,972,940,-1,940,972,880,-1,940,880,938,-1,938,880,882,-1,938,882,884,-1,854,858,879,-1,879,858,861,-1,879,861,863,-1,863,865,879,-1,879,865,867,-1,879,867,869,-1,955,957,944,-1,944,957,959,-1,944,959,961,-1,917,919,908,-1,908,919,921,-1,908,921,907,-1,907,921,935,-1,907,935,936,-1,884,886,938,-1,938,886,888,-1,938,888,936,-1,936,888,890,-1,936,890,892,-1,869,871,879,-1,879,871,873,-1,879,873,877,-1,877,873,875,-1,929,931,927,-1,927,931,925,-1,921,922,935,-1,935,922,925,-1,935,925,933,-1,933,925,931,-1,892,894,936,-1,936,894,897,-1,936,897,899,-1,899,901,936,-1,936,901,903,-1,936,903,905,-1,859,856,857,-1,973,883,975,-1,975,883,881,-1,975,881,857,-1,857,881,878,-1,857,878,859,-1,876,874,872,-1,864,878,866,-1,866,878,868,-1,864,862,878,-1,878,862,860,-1,878,860,859,-1,924,923,934,-1,934,923,920,-1,934,920,937,-1,887,885,939,-1,939,885,883,-1,939,883,941,-1,941,883,973,-1,941,973,943,-1,943,973,971,-1,943,971,945,-1,945,971,968,-1,945,968,966,-1,876,872,878,-1,878,872,870,-1,878,870,868,-1,918,916,909,-1,909,916,914,-1,909,914,910,-1,910,914,912,-1,896,895,937,-1,895,893,937,-1,937,893,891,-1,937,891,939,-1,939,891,889,-1,939,889,887,-1,966,964,945,-1,945,964,962,-1,945,962,960,-1,960,952,950,-1,934,932,924,-1,924,932,930,-1,924,930,926,-1,926,930,928,-1,952,960,954,-1,954,960,958,-1,954,958,956,-1,950,948,960,-1,960,948,946,-1,960,946,945,-1,918,909,920,-1,920,909,906,-1,920,906,937,-1,937,906,904,-1,937,904,902,-1,902,900,937,-1,937,900,898,-1,937,898,896,-1,976,977,978,-1,978,977,979,-1,980,976,981,-1,981,976,978,-1,980,981,982,-1,980,982,983,-1,983,982,984,-1,983,984,985,-1,985,984,986,-1,985,986,987,-1,987,986,988,-1,987,988,989,-1,989,988,990,-1,989,990,991,-1,991,990,992,-1,991,992,993,-1,993,992,994,-1,993,994,995,-1,995,994,996,-1,995,996,997,-1,997,996,998,-1,997,998,999,-1,999,998,1000,-1,999,1000,1001,-1,1002,1001,1003,-1,1003,1001,1000,-1,1002,1003,1004,-1,1004,1003,1005,-1,1004,1005,1006,-1,1006,1005,1007,-1,1006,1007,1008,-1,1008,1007,1009,-1,1008,1009,1010,-1,1010,1009,1011,-1,1010,1011,1012,-1,1012,1011,1013,-1,1012,1013,1014,-1,1014,1013,1015,-1,1016,1014,1017,-1,1017,1014,1015,-1,1016,1017,1018,-1,1016,1018,1019,-1,1019,1018,1020,-1,1019,1020,1021,-1,1021,1020,1022,-1,1021,1022,1023,-1,1023,1022,1024,-1,1023,1024,1025,-1,1025,1024,1026,-1,1025,1026,1027,-1,1027,1026,1028,-1,1027,1028,1029,-1,1030,1029,1031,-1,1031,1029,1028,-1,1030,1031,1032,-1,1030,1032,1033,-1,1033,1032,1034,-1,1033,1034,1035,-1,1035,1034,1036,-1,1035,1036,1037,-1,1037,1036,1038,-1,1037,1038,1039,-1,1039,1038,1040,-1,1039,1040,1041,-1,1041,1040,1042,-1,1041,1042,1043,-1,1044,1043,1045,-1,1045,1043,1042,-1,1044,1045,1046,-1,1044,1046,1047,-1,1047,1046,1048,-1,1047,1048,1049,-1,1049,1048,1050,-1,1049,1050,1051,-1,1051,1050,1052,-1,1051,1052,1053,-1,1053,1052,1054,-1,1053,1054,1055,-1,1055,1054,1056,-1,1055,1056,1057,-1,1058,1057,1059,-1,1059,1057,1056,-1,1060,1058,1061,-1,1061,1058,1059,-1,1062,1060,1063,-1,1063,1060,1061,-1,1064,1062,1065,-1,1065,1062,1063,-1,1066,1064,1067,-1,1067,1064,1065,-1,1066,1067,1068,-1,1066,1068,1069,-1,1069,1068,1070,-1,1069,1070,1071,-1,1071,1070,1072,-1,1071,1072,1073,-1,1073,1072,1074,-1,1073,1074,1075,-1,1075,1074,1076,-1,1075,1076,1077,-1,1077,1076,1078,-1,1077,1078,1079,-1,1079,1078,1080,-1,1079,1080,1081,-1,1081,1080,1082,-1,1081,1082,1083,-1,1083,1082,1084,-1,1083,1084,1085,-1,1085,1084,1086,-1,1085,1086,1087,-1,1087,1086,1088,-1,1087,1088,1089,-1,1089,1088,1090,-1,1089,1090,1091,-1,1092,1091,1093,-1,1093,1091,1090,-1,1094,1092,1095,-1,1095,1092,1093,-1,1096,1094,1097,-1,1097,1094,1095,-1,977,1096,979,-1,979,1096,1097,-1,1027,1029,1058,-1,1001,977,976,-1,977,1001,1096,-1,1096,1001,1002,-1,1096,1002,1094,-1,1066,1075,1077,-1,1087,1066,1085,-1,1085,1066,1083,-1,1087,1089,1066,-1,1066,1089,1091,-1,1066,1091,1064,-1,1069,1071,1066,-1,1066,1071,1073,-1,1066,1073,1075,-1,1039,1030,1037,-1,1037,1030,1033,-1,1037,1033,1035,-1,1091,1092,1064,-1,1064,1092,1094,-1,1064,1094,1062,-1,1062,1094,1002,-1,1062,1002,1060,-1,1060,1002,1004,-1,1060,1004,1006,-1,976,980,1001,-1,1001,980,983,-1,1001,983,985,-1,985,987,1001,-1,1001,987,989,-1,1001,989,991,-1,1077,1079,1066,-1,1066,1079,1081,-1,1066,1081,1083,-1,1039,1041,1030,-1,1030,1041,1043,-1,1030,1043,1029,-1,1029,1043,1057,-1,1029,1057,1058,-1,1006,1008,1060,-1,1060,1008,1010,-1,1060,1010,1058,-1,1058,1010,1012,-1,1058,1012,1014,-1,991,993,1001,-1,1001,993,995,-1,1001,995,999,-1,999,995,997,-1,1051,1053,1049,-1,1049,1053,1047,-1,1043,1044,1057,-1,1057,1044,1047,-1,1057,1047,1055,-1,1055,1047,1053,-1,1014,1016,1058,-1,1058,1016,1019,-1,1058,1019,1021,-1,1021,1023,1058,-1,1058,1023,1025,-1,1058,1025,1027,-1,981,978,979,-1,1095,1005,1097,-1,1097,1005,1003,-1,1097,1003,979,-1,979,1003,1000,-1,979,1000,981,-1,998,996,994,-1,986,1000,988,-1,988,1000,990,-1,986,984,1000,-1,1000,984,982,-1,1000,982,981,-1,1046,1045,1056,-1,1056,1045,1042,-1,1056,1042,1059,-1,1009,1007,1061,-1,1061,1007,1005,-1,1061,1005,1063,-1,1063,1005,1095,-1,1063,1095,1065,-1,1065,1095,1093,-1,1065,1093,1067,-1,1067,1093,1090,-1,1067,1090,1088,-1,998,994,1000,-1,1000,994,992,-1,1000,992,990,-1,1040,1038,1031,-1,1031,1038,1036,-1,1031,1036,1032,-1,1032,1036,1034,-1,1018,1017,1059,-1,1017,1015,1059,-1,1059,1015,1013,-1,1059,1013,1061,-1,1061,1013,1011,-1,1061,1011,1009,-1,1088,1086,1067,-1,1067,1086,1084,-1,1067,1084,1082,-1,1082,1074,1072,-1,1056,1054,1046,-1,1046,1054,1052,-1,1046,1052,1048,-1,1048,1052,1050,-1,1074,1082,1076,-1,1076,1082,1080,-1,1076,1080,1078,-1,1072,1070,1082,-1,1082,1070,1068,-1,1082,1068,1067,-1,1040,1031,1042,-1,1042,1031,1028,-1,1042,1028,1059,-1,1059,1028,1026,-1,1059,1026,1024,-1,1024,1022,1059,-1,1059,1022,1020,-1,1059,1020,1018,-1,1098,1099,1100,-1,1100,1099,1101,-1,1102,1098,1103,-1,1103,1098,1100,-1,1102,1103,1104,-1,1102,1104,1105,-1,1105,1104,1106,-1,1105,1106,1107,-1,1107,1106,1108,-1,1107,1108,1109,-1,1109,1108,1110,-1,1109,1110,1111,-1,1111,1110,1112,-1,1111,1112,1113,-1,1113,1112,1114,-1,1113,1114,1115,-1,1115,1114,1116,-1,1115,1116,1117,-1,1117,1116,1118,-1,1117,1118,1119,-1,1119,1118,1120,-1,1119,1120,1121,-1,1121,1120,1122,-1,1121,1122,1123,-1,1124,1123,1125,-1,1125,1123,1122,-1,1124,1125,1126,-1,1126,1125,1127,-1,1126,1127,1128,-1,1128,1127,1129,-1,1128,1129,1130,-1,1130,1129,1131,-1,1130,1131,1132,-1,1132,1131,1133,-1,1132,1133,1134,-1,1134,1133,1135,-1,1134,1135,1136,-1,1136,1135,1137,-1,1138,1136,1139,-1,1139,1136,1137,-1,1138,1139,1140,-1,1138,1140,1141,-1,1141,1140,1142,-1,1141,1142,1143,-1,1143,1142,1144,-1,1143,1144,1145,-1,1145,1144,1146,-1,1145,1146,1147,-1,1147,1146,1148,-1,1147,1148,1149,-1,1149,1148,1150,-1,1149,1150,1151,-1,1152,1151,1153,-1,1153,1151,1150,-1,1152,1153,1154,-1,1152,1154,1155,-1,1155,1154,1156,-1,1155,1156,1157,-1,1157,1156,1158,-1,1157,1158,1159,-1,1159,1158,1160,-1,1159,1160,1161,-1,1161,1160,1162,-1,1161,1162,1163,-1,1163,1162,1164,-1,1163,1164,1165,-1,1166,1165,1167,-1,1167,1165,1164,-1,1166,1167,1168,-1,1166,1168,1169,-1,1169,1168,1170,-1,1169,1170,1171,-1,1171,1170,1172,-1,1171,1172,1173,-1,1173,1172,1174,-1,1173,1174,1175,-1,1175,1174,1176,-1,1175,1176,1177,-1,1177,1176,1178,-1,1177,1178,1179,-1,1180,1179,1181,-1,1181,1179,1178,-1,1182,1180,1183,-1,1183,1180,1181,-1,1184,1182,1185,-1,1185,1182,1183,-1,1186,1184,1187,-1,1187,1184,1185,-1,1188,1186,1189,-1,1189,1186,1187,-1,1188,1189,1190,-1,1188,1190,1191,-1,1191,1190,1192,-1,1191,1192,1193,-1,1193,1192,1194,-1,1193,1194,1195,-1,1195,1194,1196,-1,1195,1196,1197,-1,1197,1196,1198,-1,1197,1198,1199,-1,1199,1198,1200,-1,1199,1200,1201,-1,1201,1200,1202,-1,1201,1202,1203,-1,1203,1202,1204,-1,1203,1204,1205,-1,1205,1204,1206,-1,1205,1206,1207,-1,1207,1206,1208,-1,1207,1208,1209,-1,1209,1208,1210,-1,1209,1210,1211,-1,1211,1210,1212,-1,1211,1212,1213,-1,1214,1213,1215,-1,1215,1213,1212,-1,1216,1214,1217,-1,1217,1214,1215,-1,1218,1216,1219,-1,1219,1216,1217,-1,1099,1218,1101,-1,1101,1218,1219,-1,1149,1151,1180,-1,1123,1099,1098,-1,1099,1123,1218,-1,1218,1123,1124,-1,1218,1124,1216,-1,1188,1197,1199,-1,1209,1188,1207,-1,1207,1188,1205,-1,1209,1211,1188,-1,1188,1211,1213,-1,1188,1213,1186,-1,1191,1193,1188,-1,1188,1193,1195,-1,1188,1195,1197,-1,1161,1152,1159,-1,1159,1152,1155,-1,1159,1155,1157,-1,1213,1214,1186,-1,1186,1214,1216,-1,1186,1216,1184,-1,1184,1216,1124,-1,1184,1124,1182,-1,1182,1124,1126,-1,1182,1126,1128,-1,1098,1102,1123,-1,1123,1102,1105,-1,1123,1105,1107,-1,1107,1109,1123,-1,1123,1109,1111,-1,1123,1111,1113,-1,1199,1201,1188,-1,1188,1201,1203,-1,1188,1203,1205,-1,1161,1163,1152,-1,1152,1163,1165,-1,1152,1165,1151,-1,1151,1165,1179,-1,1151,1179,1180,-1,1128,1130,1182,-1,1182,1130,1132,-1,1182,1132,1180,-1,1180,1132,1134,-1,1180,1134,1136,-1,1113,1115,1123,-1,1123,1115,1117,-1,1123,1117,1121,-1,1121,1117,1119,-1,1173,1175,1171,-1,1171,1175,1169,-1,1165,1166,1179,-1,1179,1166,1169,-1,1179,1169,1177,-1,1177,1169,1175,-1,1136,1138,1180,-1,1180,1138,1141,-1,1180,1141,1143,-1,1143,1145,1180,-1,1180,1145,1147,-1,1180,1147,1149,-1,1103,1100,1101,-1,1217,1127,1219,-1,1219,1127,1125,-1,1219,1125,1101,-1,1101,1125,1122,-1,1101,1122,1103,-1,1120,1118,1116,-1,1108,1122,1110,-1,1110,1122,1112,-1,1108,1106,1122,-1,1122,1106,1104,-1,1122,1104,1103,-1,1168,1167,1178,-1,1178,1167,1164,-1,1178,1164,1181,-1,1131,1129,1183,-1,1183,1129,1127,-1,1183,1127,1185,-1,1185,1127,1217,-1,1185,1217,1187,-1,1187,1217,1215,-1,1187,1215,1189,-1,1189,1215,1212,-1,1189,1212,1210,-1,1120,1116,1122,-1,1122,1116,1114,-1,1122,1114,1112,-1,1162,1160,1153,-1,1153,1160,1158,-1,1153,1158,1154,-1,1154,1158,1156,-1,1140,1139,1181,-1,1139,1137,1181,-1,1181,1137,1135,-1,1181,1135,1183,-1,1183,1135,1133,-1,1183,1133,1131,-1,1210,1208,1189,-1,1189,1208,1206,-1,1189,1206,1204,-1,1204,1196,1194,-1,1178,1176,1168,-1,1168,1176,1174,-1,1168,1174,1170,-1,1170,1174,1172,-1,1196,1204,1198,-1,1198,1204,1202,-1,1198,1202,1200,-1,1194,1192,1204,-1,1204,1192,1190,-1,1204,1190,1189,-1,1162,1153,1164,-1,1164,1153,1150,-1,1164,1150,1181,-1,1181,1150,1148,-1,1181,1148,1146,-1,1146,1144,1181,-1,1181,1144,1142,-1,1181,1142,1140,-1,1220,1221,1222,-1,1222,1221,1223,-1,1224,1220,1225,-1,1225,1220,1222,-1,1224,1225,1226,-1,1224,1226,1227,-1,1227,1226,1228,-1,1227,1228,1229,-1,1229,1228,1230,-1,1229,1230,1231,-1,1231,1230,1232,-1,1231,1232,1233,-1,1233,1232,1234,-1,1233,1234,1235,-1,1235,1234,1236,-1,1235,1236,1237,-1,1237,1236,1238,-1,1237,1238,1239,-1,1239,1238,1240,-1,1239,1240,1241,-1,1241,1240,1242,-1,1241,1242,1243,-1,1243,1242,1244,-1,1243,1244,1245,-1,1246,1245,1247,-1,1247,1245,1244,-1,1246,1247,1248,-1,1248,1247,1249,-1,1248,1249,1250,-1,1250,1249,1251,-1,1250,1251,1252,-1,1252,1251,1253,-1,1252,1253,1254,-1,1254,1253,1255,-1,1254,1255,1256,-1,1256,1255,1257,-1,1256,1257,1258,-1,1258,1257,1259,-1,1260,1258,1261,-1,1261,1258,1259,-1,1260,1261,1262,-1,1260,1262,1263,-1,1263,1262,1264,-1,1263,1264,1265,-1,1265,1264,1266,-1,1265,1266,1267,-1,1267,1266,1268,-1,1267,1268,1269,-1,1269,1268,1270,-1,1269,1270,1271,-1,1271,1270,1272,-1,1271,1272,1273,-1,1274,1273,1275,-1,1275,1273,1272,-1,1274,1275,1276,-1,1274,1276,1277,-1,1277,1276,1278,-1,1277,1278,1279,-1,1279,1278,1280,-1,1279,1280,1281,-1,1281,1280,1282,-1,1281,1282,1283,-1,1283,1282,1284,-1,1283,1284,1285,-1,1285,1284,1286,-1,1285,1286,1287,-1,1288,1287,1289,-1,1289,1287,1286,-1,1288,1289,1290,-1,1288,1290,1291,-1,1291,1290,1292,-1,1291,1292,1293,-1,1293,1292,1294,-1,1293,1294,1295,-1,1295,1294,1296,-1,1295,1296,1297,-1,1297,1296,1298,-1,1297,1298,1299,-1,1299,1298,1300,-1,1299,1300,1301,-1,1302,1301,1303,-1,1303,1301,1300,-1,1304,1302,1305,-1,1305,1302,1303,-1,1306,1304,1307,-1,1307,1304,1305,-1,1308,1306,1309,-1,1309,1306,1307,-1,1310,1308,1311,-1,1311,1308,1309,-1,1310,1311,1312,-1,1310,1312,1313,-1,1313,1312,1314,-1,1313,1314,1315,-1,1315,1314,1316,-1,1315,1316,1317,-1,1317,1316,1318,-1,1317,1318,1319,-1,1319,1318,1320,-1,1319,1320,1321,-1,1321,1320,1322,-1,1321,1322,1323,-1,1323,1322,1324,-1,1323,1324,1325,-1,1325,1324,1326,-1,1325,1326,1327,-1,1327,1326,1328,-1,1327,1328,1329,-1,1329,1328,1330,-1,1329,1330,1331,-1,1331,1330,1332,-1,1331,1332,1333,-1,1333,1332,1334,-1,1333,1334,1335,-1,1336,1335,1337,-1,1337,1335,1334,-1,1338,1336,1339,-1,1339,1336,1337,-1,1340,1338,1341,-1,1341,1338,1339,-1,1221,1340,1223,-1,1223,1340,1341,-1,1271,1273,1302,-1,1245,1221,1220,-1,1221,1245,1340,-1,1340,1245,1246,-1,1340,1246,1338,-1,1310,1319,1321,-1,1331,1310,1329,-1,1329,1310,1327,-1,1331,1333,1310,-1,1310,1333,1335,-1,1310,1335,1308,-1,1313,1315,1310,-1,1310,1315,1317,-1,1310,1317,1319,-1,1283,1274,1281,-1,1281,1274,1277,-1,1281,1277,1279,-1,1335,1336,1308,-1,1308,1336,1338,-1,1308,1338,1306,-1,1306,1338,1246,-1,1306,1246,1304,-1,1304,1246,1248,-1,1304,1248,1250,-1,1220,1224,1245,-1,1245,1224,1227,-1,1245,1227,1229,-1,1229,1231,1245,-1,1245,1231,1233,-1,1245,1233,1235,-1,1321,1323,1310,-1,1310,1323,1325,-1,1310,1325,1327,-1,1283,1285,1274,-1,1274,1285,1287,-1,1274,1287,1273,-1,1273,1287,1301,-1,1273,1301,1302,-1,1250,1252,1304,-1,1304,1252,1254,-1,1304,1254,1302,-1,1302,1254,1256,-1,1302,1256,1258,-1,1235,1237,1245,-1,1245,1237,1239,-1,1245,1239,1243,-1,1243,1239,1241,-1,1295,1297,1293,-1,1293,1297,1291,-1,1287,1288,1301,-1,1301,1288,1291,-1,1301,1291,1299,-1,1299,1291,1297,-1,1258,1260,1302,-1,1302,1260,1263,-1,1302,1263,1265,-1,1265,1267,1302,-1,1302,1267,1269,-1,1302,1269,1271,-1,1225,1222,1223,-1,1339,1249,1341,-1,1341,1249,1247,-1,1341,1247,1223,-1,1223,1247,1244,-1,1223,1244,1225,-1,1242,1240,1238,-1,1230,1244,1232,-1,1232,1244,1234,-1,1230,1228,1244,-1,1244,1228,1226,-1,1244,1226,1225,-1,1290,1289,1300,-1,1300,1289,1286,-1,1300,1286,1303,-1,1253,1251,1305,-1,1305,1251,1249,-1,1305,1249,1307,-1,1307,1249,1339,-1,1307,1339,1309,-1,1309,1339,1337,-1,1309,1337,1311,-1,1311,1337,1334,-1,1311,1334,1332,-1,1242,1238,1244,-1,1244,1238,1236,-1,1244,1236,1234,-1,1284,1282,1275,-1,1275,1282,1280,-1,1275,1280,1276,-1,1276,1280,1278,-1,1262,1261,1303,-1,1261,1259,1303,-1,1303,1259,1257,-1,1303,1257,1305,-1,1305,1257,1255,-1,1305,1255,1253,-1,1332,1330,1311,-1,1311,1330,1328,-1,1311,1328,1326,-1,1326,1318,1316,-1,1300,1298,1290,-1,1290,1298,1296,-1,1290,1296,1292,-1,1292,1296,1294,-1,1318,1326,1320,-1,1320,1326,1324,-1,1320,1324,1322,-1,1316,1314,1326,-1,1326,1314,1312,-1,1326,1312,1311,-1,1284,1275,1286,-1,1286,1275,1272,-1,1286,1272,1303,-1,1303,1272,1270,-1,1303,1270,1268,-1,1268,1266,1303,-1,1303,1266,1264,-1,1303,1264,1262,-1,1342,1343,1344,-1,1344,1343,1345,-1,1346,1342,1347,-1,1347,1342,1344,-1,1346,1347,1348,-1,1346,1348,1349,-1,1349,1348,1350,-1,1349,1350,1351,-1,1351,1350,1352,-1,1351,1352,1353,-1,1353,1352,1354,-1,1353,1354,1355,-1,1355,1354,1356,-1,1355,1356,1357,-1,1357,1356,1358,-1,1357,1358,1359,-1,1359,1358,1360,-1,1359,1360,1361,-1,1361,1360,1362,-1,1361,1362,1363,-1,1363,1362,1364,-1,1363,1364,1365,-1,1365,1364,1366,-1,1365,1366,1367,-1,1368,1367,1369,-1,1369,1367,1366,-1,1368,1369,1370,-1,1370,1369,1371,-1,1370,1371,1372,-1,1372,1371,1373,-1,1372,1373,1374,-1,1374,1373,1375,-1,1374,1375,1376,-1,1376,1375,1377,-1,1376,1377,1378,-1,1378,1377,1379,-1,1378,1379,1380,-1,1380,1379,1381,-1,1382,1380,1383,-1,1383,1380,1381,-1,1382,1383,1384,-1,1382,1384,1385,-1,1385,1384,1386,-1,1385,1386,1387,-1,1387,1386,1388,-1,1387,1388,1389,-1,1389,1388,1390,-1,1389,1390,1391,-1,1391,1390,1392,-1,1391,1392,1393,-1,1393,1392,1394,-1,1393,1394,1395,-1,1396,1395,1397,-1,1397,1395,1394,-1,1396,1397,1398,-1,1396,1398,1399,-1,1399,1398,1400,-1,1399,1400,1401,-1,1401,1400,1402,-1,1401,1402,1403,-1,1403,1402,1404,-1,1403,1404,1405,-1,1405,1404,1406,-1,1405,1406,1407,-1,1407,1406,1408,-1,1407,1408,1409,-1,1410,1409,1411,-1,1411,1409,1408,-1,1410,1411,1412,-1,1410,1412,1413,-1,1413,1412,1414,-1,1413,1414,1415,-1,1415,1414,1416,-1,1415,1416,1417,-1,1417,1416,1418,-1,1417,1418,1419,-1,1419,1418,1420,-1,1419,1420,1421,-1,1421,1420,1422,-1,1421,1422,1423,-1,1424,1423,1425,-1,1425,1423,1422,-1,1426,1424,1427,-1,1427,1424,1425,-1,1428,1426,1429,-1,1429,1426,1427,-1,1430,1428,1431,-1,1431,1428,1429,-1,1432,1430,1433,-1,1433,1430,1431,-1,1432,1433,1434,-1,1432,1434,1435,-1,1435,1434,1436,-1,1435,1436,1437,-1,1437,1436,1438,-1,1437,1438,1439,-1,1439,1438,1440,-1,1439,1440,1441,-1,1441,1440,1442,-1,1441,1442,1443,-1,1443,1442,1444,-1,1443,1444,1445,-1,1445,1444,1446,-1,1445,1446,1447,-1,1447,1446,1448,-1,1447,1448,1449,-1,1449,1448,1450,-1,1449,1450,1451,-1,1451,1450,1452,-1,1451,1452,1453,-1,1453,1452,1454,-1,1453,1454,1455,-1,1455,1454,1456,-1,1455,1456,1457,-1,1458,1457,1459,-1,1459,1457,1456,-1,1460,1458,1461,-1,1461,1458,1459,-1,1462,1460,1463,-1,1463,1460,1461,-1,1343,1462,1345,-1,1345,1462,1463,-1,1393,1395,1424,-1,1367,1343,1342,-1,1343,1367,1462,-1,1462,1367,1368,-1,1462,1368,1460,-1,1432,1441,1443,-1,1453,1432,1451,-1,1451,1432,1449,-1,1453,1455,1432,-1,1432,1455,1457,-1,1432,1457,1430,-1,1435,1437,1432,-1,1432,1437,1439,-1,1432,1439,1441,-1,1405,1396,1403,-1,1403,1396,1399,-1,1403,1399,1401,-1,1457,1458,1430,-1,1430,1458,1460,-1,1430,1460,1428,-1,1428,1460,1368,-1,1428,1368,1426,-1,1426,1368,1370,-1,1426,1370,1372,-1,1342,1346,1367,-1,1367,1346,1349,-1,1367,1349,1351,-1,1351,1353,1367,-1,1367,1353,1355,-1,1367,1355,1357,-1,1443,1445,1432,-1,1432,1445,1447,-1,1432,1447,1449,-1,1405,1407,1396,-1,1396,1407,1409,-1,1396,1409,1395,-1,1395,1409,1423,-1,1395,1423,1424,-1,1372,1374,1426,-1,1426,1374,1376,-1,1426,1376,1424,-1,1424,1376,1378,-1,1424,1378,1380,-1,1357,1359,1367,-1,1367,1359,1361,-1,1367,1361,1365,-1,1365,1361,1363,-1,1417,1419,1415,-1,1415,1419,1413,-1,1409,1410,1423,-1,1423,1410,1413,-1,1423,1413,1421,-1,1421,1413,1419,-1,1380,1382,1424,-1,1424,1382,1385,-1,1424,1385,1387,-1,1387,1389,1424,-1,1424,1389,1391,-1,1424,1391,1393,-1,1347,1344,1345,-1,1461,1371,1463,-1,1463,1371,1369,-1,1463,1369,1345,-1,1345,1369,1366,-1,1345,1366,1347,-1,1364,1362,1360,-1,1352,1366,1354,-1,1354,1366,1356,-1,1352,1350,1366,-1,1366,1350,1348,-1,1366,1348,1347,-1,1412,1411,1422,-1,1422,1411,1408,-1,1422,1408,1425,-1,1375,1373,1427,-1,1427,1373,1371,-1,1427,1371,1429,-1,1429,1371,1461,-1,1429,1461,1431,-1,1431,1461,1459,-1,1431,1459,1433,-1,1433,1459,1456,-1,1433,1456,1454,-1,1364,1360,1366,-1,1366,1360,1358,-1,1366,1358,1356,-1,1406,1404,1397,-1,1397,1404,1402,-1,1397,1402,1398,-1,1398,1402,1400,-1,1384,1383,1425,-1,1383,1381,1425,-1,1425,1381,1379,-1,1425,1379,1427,-1,1427,1379,1377,-1,1427,1377,1375,-1,1454,1452,1433,-1,1433,1452,1450,-1,1433,1450,1448,-1,1448,1440,1438,-1,1422,1420,1412,-1,1412,1420,1418,-1,1412,1418,1414,-1,1414,1418,1416,-1,1440,1448,1442,-1,1442,1448,1446,-1,1442,1446,1444,-1,1438,1436,1448,-1,1448,1436,1434,-1,1448,1434,1433,-1,1406,1397,1408,-1,1408,1397,1394,-1,1408,1394,1425,-1,1425,1394,1392,-1,1425,1392,1390,-1,1390,1388,1425,-1,1425,1388,1386,-1,1425,1386,1384,-1,1464,1465,1466,-1,1466,1465,1467,-1,1468,1464,1469,-1,1469,1464,1466,-1,1468,1469,1470,-1,1468,1470,1471,-1,1471,1470,1472,-1,1471,1472,1473,-1,1473,1472,1474,-1,1473,1474,1475,-1,1475,1474,1476,-1,1475,1476,1477,-1,1477,1476,1478,-1,1477,1478,1479,-1,1479,1478,1480,-1,1479,1480,1481,-1,1481,1480,1482,-1,1481,1482,1483,-1,1483,1482,1484,-1,1483,1484,1485,-1,1485,1484,1486,-1,1485,1486,1487,-1,1487,1486,1488,-1,1487,1488,1489,-1,1490,1489,1491,-1,1491,1489,1488,-1,1490,1491,1492,-1,1492,1491,1493,-1,1492,1493,1494,-1,1494,1493,1495,-1,1494,1495,1496,-1,1496,1495,1497,-1,1496,1497,1498,-1,1498,1497,1499,-1,1498,1499,1500,-1,1500,1499,1501,-1,1500,1501,1502,-1,1502,1501,1503,-1,1504,1502,1505,-1,1505,1502,1503,-1,1504,1505,1506,-1,1504,1506,1507,-1,1507,1506,1508,-1,1507,1508,1509,-1,1509,1508,1510,-1,1509,1510,1511,-1,1511,1510,1512,-1,1511,1512,1513,-1,1513,1512,1514,-1,1513,1514,1515,-1,1515,1514,1516,-1,1515,1516,1517,-1,1518,1517,1519,-1,1519,1517,1516,-1,1518,1519,1520,-1,1518,1520,1521,-1,1521,1520,1522,-1,1521,1522,1523,-1,1523,1522,1524,-1,1523,1524,1525,-1,1525,1524,1526,-1,1525,1526,1527,-1,1527,1526,1528,-1,1527,1528,1529,-1,1529,1528,1530,-1,1529,1530,1531,-1,1532,1531,1533,-1,1533,1531,1530,-1,1532,1533,1534,-1,1532,1534,1535,-1,1535,1534,1536,-1,1535,1536,1537,-1,1537,1536,1538,-1,1537,1538,1539,-1,1539,1538,1540,-1,1539,1540,1541,-1,1541,1540,1542,-1,1541,1542,1543,-1,1543,1542,1544,-1,1543,1544,1545,-1,1546,1545,1547,-1,1547,1545,1544,-1,1548,1546,1549,-1,1549,1546,1547,-1,1550,1548,1551,-1,1551,1548,1549,-1,1552,1550,1553,-1,1553,1550,1551,-1,1554,1552,1555,-1,1555,1552,1553,-1,1554,1555,1556,-1,1554,1556,1557,-1,1557,1556,1558,-1,1557,1558,1559,-1,1559,1558,1560,-1,1559,1560,1561,-1,1561,1560,1562,-1,1561,1562,1563,-1,1563,1562,1564,-1,1563,1564,1565,-1,1565,1564,1566,-1,1565,1566,1567,-1,1567,1566,1568,-1,1567,1568,1569,-1,1569,1568,1570,-1,1569,1570,1571,-1,1571,1570,1572,-1,1571,1572,1573,-1,1573,1572,1574,-1,1573,1574,1575,-1,1575,1574,1576,-1,1575,1576,1577,-1,1577,1576,1578,-1,1577,1578,1579,-1,1580,1579,1581,-1,1581,1579,1578,-1,1582,1580,1583,-1,1583,1580,1581,-1,1584,1582,1585,-1,1585,1582,1583,-1,1465,1584,1467,-1,1467,1584,1585,-1,1515,1517,1546,-1,1489,1465,1464,-1,1465,1489,1584,-1,1584,1489,1490,-1,1584,1490,1582,-1,1554,1563,1565,-1,1575,1554,1573,-1,1573,1554,1571,-1,1575,1577,1554,-1,1554,1577,1579,-1,1554,1579,1552,-1,1557,1559,1554,-1,1554,1559,1561,-1,1554,1561,1563,-1,1527,1518,1525,-1,1525,1518,1521,-1,1525,1521,1523,-1,1579,1580,1552,-1,1552,1580,1582,-1,1552,1582,1550,-1,1550,1582,1490,-1,1550,1490,1548,-1,1548,1490,1492,-1,1548,1492,1494,-1,1464,1468,1489,-1,1489,1468,1471,-1,1489,1471,1473,-1,1473,1475,1489,-1,1489,1475,1477,-1,1489,1477,1479,-1,1565,1567,1554,-1,1554,1567,1569,-1,1554,1569,1571,-1,1527,1529,1518,-1,1518,1529,1531,-1,1518,1531,1517,-1,1517,1531,1545,-1,1517,1545,1546,-1,1494,1496,1548,-1,1548,1496,1498,-1,1548,1498,1546,-1,1546,1498,1500,-1,1546,1500,1502,-1,1479,1481,1489,-1,1489,1481,1483,-1,1489,1483,1487,-1,1487,1483,1485,-1,1539,1541,1537,-1,1537,1541,1535,-1,1531,1532,1545,-1,1545,1532,1535,-1,1545,1535,1543,-1,1543,1535,1541,-1,1502,1504,1546,-1,1546,1504,1507,-1,1546,1507,1509,-1,1509,1511,1546,-1,1546,1511,1513,-1,1546,1513,1515,-1,1469,1466,1467,-1,1583,1493,1585,-1,1585,1493,1491,-1,1585,1491,1467,-1,1467,1491,1488,-1,1467,1488,1469,-1,1486,1484,1482,-1,1474,1488,1476,-1,1476,1488,1478,-1,1474,1472,1488,-1,1488,1472,1470,-1,1488,1470,1469,-1,1534,1533,1544,-1,1544,1533,1530,-1,1544,1530,1547,-1,1497,1495,1549,-1,1549,1495,1493,-1,1549,1493,1551,-1,1551,1493,1583,-1,1551,1583,1553,-1,1553,1583,1581,-1,1553,1581,1555,-1,1555,1581,1578,-1,1555,1578,1576,-1,1486,1482,1488,-1,1488,1482,1480,-1,1488,1480,1478,-1,1528,1526,1519,-1,1519,1526,1524,-1,1519,1524,1520,-1,1520,1524,1522,-1,1506,1505,1547,-1,1505,1503,1547,-1,1547,1503,1501,-1,1547,1501,1549,-1,1549,1501,1499,-1,1549,1499,1497,-1,1576,1574,1555,-1,1555,1574,1572,-1,1555,1572,1570,-1,1570,1562,1560,-1,1544,1542,1534,-1,1534,1542,1540,-1,1534,1540,1536,-1,1536,1540,1538,-1,1562,1570,1564,-1,1564,1570,1568,-1,1564,1568,1566,-1,1560,1558,1570,-1,1570,1558,1556,-1,1570,1556,1555,-1,1528,1519,1530,-1,1530,1519,1516,-1,1530,1516,1547,-1,1547,1516,1514,-1,1547,1514,1512,-1,1512,1510,1547,-1,1547,1510,1508,-1,1547,1508,1506,-1,1586,1587,1588,-1,1588,1587,1589,-1,1590,1586,1591,-1,1591,1586,1588,-1,1590,1591,1592,-1,1590,1592,1593,-1,1593,1592,1594,-1,1593,1594,1595,-1,1595,1594,1596,-1,1595,1596,1597,-1,1597,1596,1598,-1,1597,1598,1599,-1,1599,1598,1600,-1,1599,1600,1601,-1,1601,1600,1602,-1,1601,1602,1603,-1,1603,1602,1604,-1,1603,1604,1605,-1,1605,1604,1606,-1,1605,1606,1607,-1,1607,1606,1608,-1,1607,1608,1609,-1,1609,1608,1610,-1,1609,1610,1611,-1,1612,1611,1613,-1,1613,1611,1610,-1,1612,1613,1614,-1,1614,1613,1615,-1,1614,1615,1616,-1,1616,1615,1617,-1,1616,1617,1618,-1,1618,1617,1619,-1,1618,1619,1620,-1,1620,1619,1621,-1,1620,1621,1622,-1,1622,1621,1623,-1,1622,1623,1624,-1,1624,1623,1625,-1,1626,1624,1627,-1,1627,1624,1625,-1,1626,1627,1628,-1,1626,1628,1629,-1,1629,1628,1630,-1,1629,1630,1631,-1,1631,1630,1632,-1,1631,1632,1633,-1,1633,1632,1634,-1,1633,1634,1635,-1,1635,1634,1636,-1,1635,1636,1637,-1,1637,1636,1638,-1,1637,1638,1639,-1,1640,1639,1641,-1,1641,1639,1638,-1,1640,1641,1642,-1,1640,1642,1643,-1,1643,1642,1644,-1,1643,1644,1645,-1,1645,1644,1646,-1,1645,1646,1647,-1,1647,1646,1648,-1,1647,1648,1649,-1,1649,1648,1650,-1,1649,1650,1651,-1,1651,1650,1652,-1,1651,1652,1653,-1,1654,1653,1655,-1,1655,1653,1652,-1,1654,1655,1656,-1,1654,1656,1657,-1,1657,1656,1658,-1,1657,1658,1659,-1,1659,1658,1660,-1,1659,1660,1661,-1,1661,1660,1662,-1,1661,1662,1663,-1,1663,1662,1664,-1,1663,1664,1665,-1,1665,1664,1666,-1,1665,1666,1667,-1,1668,1667,1669,-1,1669,1667,1666,-1,1670,1668,1671,-1,1671,1668,1669,-1,1672,1670,1673,-1,1673,1670,1671,-1,1674,1672,1675,-1,1675,1672,1673,-1,1676,1674,1677,-1,1677,1674,1675,-1,1676,1677,1678,-1,1676,1678,1679,-1,1679,1678,1680,-1,1679,1680,1681,-1,1681,1680,1682,-1,1681,1682,1683,-1,1683,1682,1684,-1,1683,1684,1685,-1,1685,1684,1686,-1,1685,1686,1687,-1,1687,1686,1688,-1,1687,1688,1689,-1,1689,1688,1690,-1,1689,1690,1691,-1,1691,1690,1692,-1,1691,1692,1693,-1,1693,1692,1694,-1,1693,1694,1695,-1,1695,1694,1696,-1,1695,1696,1697,-1,1697,1696,1698,-1,1697,1698,1699,-1,1699,1698,1700,-1,1699,1700,1701,-1,1702,1701,1703,-1,1703,1701,1700,-1,1704,1702,1705,-1,1705,1702,1703,-1,1706,1704,1707,-1,1707,1704,1705,-1,1587,1706,1589,-1,1589,1706,1707,-1,1637,1639,1668,-1,1611,1587,1586,-1,1587,1611,1706,-1,1706,1611,1612,-1,1706,1612,1704,-1,1676,1685,1687,-1,1697,1676,1695,-1,1695,1676,1693,-1,1697,1699,1676,-1,1676,1699,1701,-1,1676,1701,1674,-1,1679,1681,1676,-1,1676,1681,1683,-1,1676,1683,1685,-1,1649,1640,1647,-1,1647,1640,1643,-1,1647,1643,1645,-1,1701,1702,1674,-1,1674,1702,1704,-1,1674,1704,1672,-1,1672,1704,1612,-1,1672,1612,1670,-1,1670,1612,1614,-1,1670,1614,1616,-1,1586,1590,1611,-1,1611,1590,1593,-1,1611,1593,1595,-1,1595,1597,1611,-1,1611,1597,1599,-1,1611,1599,1601,-1,1687,1689,1676,-1,1676,1689,1691,-1,1676,1691,1693,-1,1649,1651,1640,-1,1640,1651,1653,-1,1640,1653,1639,-1,1639,1653,1667,-1,1639,1667,1668,-1,1616,1618,1670,-1,1670,1618,1620,-1,1670,1620,1668,-1,1668,1620,1622,-1,1668,1622,1624,-1,1601,1603,1611,-1,1611,1603,1605,-1,1611,1605,1609,-1,1609,1605,1607,-1,1661,1663,1659,-1,1659,1663,1657,-1,1653,1654,1667,-1,1667,1654,1657,-1,1667,1657,1665,-1,1665,1657,1663,-1,1624,1626,1668,-1,1668,1626,1629,-1,1668,1629,1631,-1,1631,1633,1668,-1,1668,1633,1635,-1,1668,1635,1637,-1,1591,1588,1589,-1,1705,1615,1707,-1,1707,1615,1613,-1,1707,1613,1589,-1,1589,1613,1610,-1,1589,1610,1591,-1,1608,1606,1604,-1,1596,1610,1598,-1,1598,1610,1600,-1,1596,1594,1610,-1,1610,1594,1592,-1,1610,1592,1591,-1,1656,1655,1666,-1,1666,1655,1652,-1,1666,1652,1669,-1,1619,1617,1671,-1,1671,1617,1615,-1,1671,1615,1673,-1,1673,1615,1705,-1,1673,1705,1675,-1,1675,1705,1703,-1,1675,1703,1677,-1,1677,1703,1700,-1,1677,1700,1698,-1,1608,1604,1610,-1,1610,1604,1602,-1,1610,1602,1600,-1,1650,1648,1641,-1,1641,1648,1646,-1,1641,1646,1642,-1,1642,1646,1644,-1,1628,1627,1669,-1,1627,1625,1669,-1,1669,1625,1623,-1,1669,1623,1671,-1,1671,1623,1621,-1,1671,1621,1619,-1,1698,1696,1677,-1,1677,1696,1694,-1,1677,1694,1692,-1,1692,1684,1682,-1,1666,1664,1656,-1,1656,1664,1662,-1,1656,1662,1658,-1,1658,1662,1660,-1,1684,1692,1686,-1,1686,1692,1690,-1,1686,1690,1688,-1,1682,1680,1692,-1,1692,1680,1678,-1,1692,1678,1677,-1,1650,1641,1652,-1,1652,1641,1638,-1,1652,1638,1669,-1,1669,1638,1636,-1,1669,1636,1634,-1,1634,1632,1669,-1,1669,1632,1630,-1,1669,1630,1628,-1,1708,1709,1710,-1,1710,1709,1711,-1,1712,1708,1713,-1,1713,1708,1710,-1,1712,1713,1714,-1,1712,1714,1715,-1,1715,1714,1716,-1,1715,1716,1717,-1,1717,1716,1718,-1,1717,1718,1719,-1,1719,1718,1720,-1,1719,1720,1721,-1,1721,1720,1722,-1,1721,1722,1723,-1,1723,1722,1724,-1,1723,1724,1725,-1,1725,1724,1726,-1,1725,1726,1727,-1,1727,1726,1728,-1,1727,1728,1729,-1,1729,1728,1730,-1,1729,1730,1731,-1,1731,1730,1732,-1,1731,1732,1733,-1,1734,1733,1735,-1,1735,1733,1732,-1,1734,1735,1736,-1,1736,1735,1737,-1,1736,1737,1738,-1,1738,1737,1739,-1,1738,1739,1740,-1,1740,1739,1741,-1,1740,1741,1742,-1,1742,1741,1743,-1,1742,1743,1744,-1,1744,1743,1745,-1,1744,1745,1746,-1,1746,1745,1747,-1,1748,1746,1749,-1,1749,1746,1747,-1,1748,1749,1750,-1,1748,1750,1751,-1,1751,1750,1752,-1,1751,1752,1753,-1,1753,1752,1754,-1,1753,1754,1755,-1,1755,1754,1756,-1,1755,1756,1757,-1,1757,1756,1758,-1,1757,1758,1759,-1,1759,1758,1760,-1,1759,1760,1761,-1,1762,1761,1763,-1,1763,1761,1760,-1,1762,1763,1764,-1,1762,1764,1765,-1,1765,1764,1766,-1,1765,1766,1767,-1,1767,1766,1768,-1,1767,1768,1769,-1,1769,1768,1770,-1,1769,1770,1771,-1,1771,1770,1772,-1,1771,1772,1773,-1,1773,1772,1774,-1,1773,1774,1775,-1,1776,1775,1777,-1,1777,1775,1774,-1,1776,1777,1778,-1,1776,1778,1779,-1,1779,1778,1780,-1,1779,1780,1781,-1,1781,1780,1782,-1,1781,1782,1783,-1,1783,1782,1784,-1,1783,1784,1785,-1,1785,1784,1786,-1,1785,1786,1787,-1,1787,1786,1788,-1,1787,1788,1789,-1,1790,1789,1791,-1,1791,1789,1788,-1,1792,1790,1793,-1,1793,1790,1791,-1,1794,1792,1795,-1,1795,1792,1793,-1,1796,1794,1797,-1,1797,1794,1795,-1,1798,1796,1799,-1,1799,1796,1797,-1,1798,1799,1800,-1,1798,1800,1801,-1,1801,1800,1802,-1,1801,1802,1803,-1,1803,1802,1804,-1,1803,1804,1805,-1,1805,1804,1806,-1,1805,1806,1807,-1,1807,1806,1808,-1,1807,1808,1809,-1,1809,1808,1810,-1,1809,1810,1811,-1,1811,1810,1812,-1,1811,1812,1813,-1,1813,1812,1814,-1,1813,1814,1815,-1,1815,1814,1816,-1,1815,1816,1817,-1,1817,1816,1818,-1,1817,1818,1819,-1,1819,1818,1820,-1,1819,1820,1821,-1,1821,1820,1822,-1,1821,1822,1823,-1,1824,1823,1825,-1,1825,1823,1822,-1,1826,1824,1827,-1,1827,1824,1825,-1,1828,1826,1829,-1,1829,1826,1827,-1,1709,1828,1711,-1,1711,1828,1829,-1,1759,1761,1790,-1,1733,1709,1708,-1,1709,1733,1828,-1,1828,1733,1734,-1,1828,1734,1826,-1,1798,1807,1809,-1,1819,1798,1817,-1,1817,1798,1815,-1,1819,1821,1798,-1,1798,1821,1823,-1,1798,1823,1796,-1,1801,1803,1798,-1,1798,1803,1805,-1,1798,1805,1807,-1,1771,1762,1769,-1,1769,1762,1765,-1,1769,1765,1767,-1,1823,1824,1796,-1,1796,1824,1826,-1,1796,1826,1794,-1,1794,1826,1734,-1,1794,1734,1792,-1,1792,1734,1736,-1,1792,1736,1738,-1,1708,1712,1733,-1,1733,1712,1715,-1,1733,1715,1717,-1,1717,1719,1733,-1,1733,1719,1721,-1,1733,1721,1723,-1,1809,1811,1798,-1,1798,1811,1813,-1,1798,1813,1815,-1,1771,1773,1762,-1,1762,1773,1775,-1,1762,1775,1761,-1,1761,1775,1789,-1,1761,1789,1790,-1,1738,1740,1792,-1,1792,1740,1742,-1,1792,1742,1790,-1,1790,1742,1744,-1,1790,1744,1746,-1,1723,1725,1733,-1,1733,1725,1727,-1,1733,1727,1731,-1,1731,1727,1729,-1,1783,1785,1781,-1,1781,1785,1779,-1,1775,1776,1789,-1,1789,1776,1779,-1,1789,1779,1787,-1,1787,1779,1785,-1,1746,1748,1790,-1,1790,1748,1751,-1,1790,1751,1753,-1,1753,1755,1790,-1,1790,1755,1757,-1,1790,1757,1759,-1,1713,1710,1711,-1,1827,1737,1829,-1,1829,1737,1735,-1,1829,1735,1711,-1,1711,1735,1732,-1,1711,1732,1713,-1,1730,1728,1726,-1,1718,1732,1720,-1,1720,1732,1722,-1,1718,1716,1732,-1,1732,1716,1714,-1,1732,1714,1713,-1,1778,1777,1788,-1,1788,1777,1774,-1,1788,1774,1791,-1,1741,1739,1793,-1,1793,1739,1737,-1,1793,1737,1795,-1,1795,1737,1827,-1,1795,1827,1797,-1,1797,1827,1825,-1,1797,1825,1799,-1,1799,1825,1822,-1,1799,1822,1820,-1,1730,1726,1732,-1,1732,1726,1724,-1,1732,1724,1722,-1,1772,1770,1763,-1,1763,1770,1768,-1,1763,1768,1764,-1,1764,1768,1766,-1,1750,1749,1791,-1,1749,1747,1791,-1,1791,1747,1745,-1,1791,1745,1793,-1,1793,1745,1743,-1,1793,1743,1741,-1,1820,1818,1799,-1,1799,1818,1816,-1,1799,1816,1814,-1,1814,1806,1804,-1,1788,1786,1778,-1,1778,1786,1784,-1,1778,1784,1780,-1,1780,1784,1782,-1,1806,1814,1808,-1,1808,1814,1812,-1,1808,1812,1810,-1,1804,1802,1814,-1,1814,1802,1800,-1,1814,1800,1799,-1,1772,1763,1774,-1,1774,1763,1760,-1,1774,1760,1791,-1,1791,1760,1758,-1,1791,1758,1756,-1,1756,1754,1791,-1,1791,1754,1752,-1,1791,1752,1750,-1,1830,1831,1832,-1,1832,1831,1833,-1,1834,1830,1835,-1,1835,1830,1832,-1,1834,1835,1836,-1,1834,1836,1837,-1,1837,1836,1838,-1,1837,1838,1839,-1,1839,1838,1840,-1,1839,1840,1841,-1,1841,1840,1842,-1,1841,1842,1843,-1,1843,1842,1844,-1,1843,1844,1845,-1,1845,1844,1846,-1,1845,1846,1847,-1,1847,1846,1848,-1,1847,1848,1849,-1,1849,1848,1850,-1,1849,1850,1851,-1,1851,1850,1852,-1,1851,1852,1853,-1,1853,1852,1854,-1,1853,1854,1855,-1,1856,1855,1857,-1,1857,1855,1854,-1,1856,1857,1858,-1,1858,1857,1859,-1,1858,1859,1860,-1,1860,1859,1861,-1,1860,1861,1862,-1,1862,1861,1863,-1,1862,1863,1864,-1,1864,1863,1865,-1,1864,1865,1866,-1,1866,1865,1867,-1,1866,1867,1868,-1,1868,1867,1869,-1,1870,1868,1871,-1,1871,1868,1869,-1,1870,1871,1872,-1,1870,1872,1873,-1,1873,1872,1874,-1,1873,1874,1875,-1,1875,1874,1876,-1,1875,1876,1877,-1,1877,1876,1878,-1,1877,1878,1879,-1,1879,1878,1880,-1,1879,1880,1881,-1,1881,1880,1882,-1,1881,1882,1883,-1,1884,1883,1885,-1,1885,1883,1882,-1,1884,1885,1886,-1,1884,1886,1887,-1,1887,1886,1888,-1,1887,1888,1889,-1,1889,1888,1890,-1,1889,1890,1891,-1,1891,1890,1892,-1,1891,1892,1893,-1,1893,1892,1894,-1,1893,1894,1895,-1,1895,1894,1896,-1,1895,1896,1897,-1,1898,1897,1899,-1,1899,1897,1896,-1,1898,1899,1900,-1,1898,1900,1901,-1,1901,1900,1902,-1,1901,1902,1903,-1,1903,1902,1904,-1,1903,1904,1905,-1,1905,1904,1906,-1,1905,1906,1907,-1,1907,1906,1908,-1,1907,1908,1909,-1,1909,1908,1910,-1,1909,1910,1911,-1,1912,1911,1913,-1,1913,1911,1910,-1,1914,1912,1915,-1,1915,1912,1913,-1,1916,1914,1917,-1,1917,1914,1915,-1,1918,1916,1919,-1,1919,1916,1917,-1,1920,1918,1921,-1,1921,1918,1919,-1,1920,1921,1922,-1,1920,1922,1923,-1,1923,1922,1924,-1,1923,1924,1925,-1,1925,1924,1926,-1,1925,1926,1927,-1,1927,1926,1928,-1,1927,1928,1929,-1,1929,1928,1930,-1,1929,1930,1931,-1,1931,1930,1932,-1,1931,1932,1933,-1,1933,1932,1934,-1,1933,1934,1935,-1,1935,1934,1936,-1,1935,1936,1937,-1,1937,1936,1938,-1,1937,1938,1939,-1,1939,1938,1940,-1,1939,1940,1941,-1,1941,1940,1942,-1,1941,1942,1943,-1,1943,1942,1944,-1,1943,1944,1945,-1,1946,1945,1947,-1,1947,1945,1944,-1,1948,1946,1949,-1,1949,1946,1947,-1,1950,1948,1951,-1,1951,1948,1949,-1,1831,1950,1833,-1,1833,1950,1951,-1,1881,1883,1912,-1,1855,1831,1830,-1,1831,1855,1950,-1,1950,1855,1856,-1,1950,1856,1948,-1,1920,1929,1931,-1,1941,1920,1939,-1,1939,1920,1937,-1,1941,1943,1920,-1,1920,1943,1945,-1,1920,1945,1918,-1,1923,1925,1920,-1,1920,1925,1927,-1,1920,1927,1929,-1,1893,1884,1891,-1,1891,1884,1887,-1,1891,1887,1889,-1,1945,1946,1918,-1,1918,1946,1948,-1,1918,1948,1916,-1,1916,1948,1856,-1,1916,1856,1914,-1,1914,1856,1858,-1,1914,1858,1860,-1,1830,1834,1855,-1,1855,1834,1837,-1,1855,1837,1839,-1,1839,1841,1855,-1,1855,1841,1843,-1,1855,1843,1845,-1,1931,1933,1920,-1,1920,1933,1935,-1,1920,1935,1937,-1,1893,1895,1884,-1,1884,1895,1897,-1,1884,1897,1883,-1,1883,1897,1911,-1,1883,1911,1912,-1,1860,1862,1914,-1,1914,1862,1864,-1,1914,1864,1912,-1,1912,1864,1866,-1,1912,1866,1868,-1,1845,1847,1855,-1,1855,1847,1849,-1,1855,1849,1853,-1,1853,1849,1851,-1,1905,1907,1903,-1,1903,1907,1901,-1,1897,1898,1911,-1,1911,1898,1901,-1,1911,1901,1909,-1,1909,1901,1907,-1,1868,1870,1912,-1,1912,1870,1873,-1,1912,1873,1875,-1,1875,1877,1912,-1,1912,1877,1879,-1,1912,1879,1881,-1,1835,1832,1833,-1,1949,1859,1951,-1,1951,1859,1857,-1,1951,1857,1833,-1,1833,1857,1854,-1,1833,1854,1835,-1,1852,1850,1848,-1,1840,1854,1842,-1,1842,1854,1844,-1,1840,1838,1854,-1,1854,1838,1836,-1,1854,1836,1835,-1,1900,1899,1910,-1,1910,1899,1896,-1,1910,1896,1913,-1,1863,1861,1915,-1,1915,1861,1859,-1,1915,1859,1917,-1,1917,1859,1949,-1,1917,1949,1919,-1,1919,1949,1947,-1,1919,1947,1921,-1,1921,1947,1944,-1,1921,1944,1942,-1,1852,1848,1854,-1,1854,1848,1846,-1,1854,1846,1844,-1,1894,1892,1885,-1,1885,1892,1890,-1,1885,1890,1886,-1,1886,1890,1888,-1,1872,1871,1913,-1,1871,1869,1913,-1,1913,1869,1867,-1,1913,1867,1915,-1,1915,1867,1865,-1,1915,1865,1863,-1,1942,1940,1921,-1,1921,1940,1938,-1,1921,1938,1936,-1,1936,1928,1926,-1,1910,1908,1900,-1,1900,1908,1906,-1,1900,1906,1902,-1,1902,1906,1904,-1,1928,1936,1930,-1,1930,1936,1934,-1,1930,1934,1932,-1,1926,1924,1936,-1,1936,1924,1922,-1,1936,1922,1921,-1,1894,1885,1896,-1,1896,1885,1882,-1,1896,1882,1913,-1,1913,1882,1880,-1,1913,1880,1878,-1,1878,1876,1913,-1,1913,1876,1874,-1,1913,1874,1872,-1,1952,1953,1954,-1,1954,1953,1955,-1,1956,1952,1957,-1,1957,1952,1954,-1,1956,1957,1958,-1,1956,1958,1959,-1,1959,1958,1960,-1,1959,1960,1961,-1,1961,1960,1962,-1,1961,1962,1963,-1,1963,1962,1964,-1,1963,1964,1965,-1,1965,1964,1966,-1,1965,1966,1967,-1,1967,1966,1968,-1,1967,1968,1969,-1,1969,1968,1970,-1,1969,1970,1971,-1,1971,1970,1972,-1,1971,1972,1973,-1,1973,1972,1974,-1,1973,1974,1975,-1,1975,1974,1976,-1,1975,1976,1977,-1,1978,1977,1979,-1,1979,1977,1976,-1,1978,1979,1980,-1,1980,1979,1981,-1,1980,1981,1982,-1,1982,1981,1983,-1,1982,1983,1984,-1,1984,1983,1985,-1,1984,1985,1986,-1,1986,1985,1987,-1,1986,1987,1988,-1,1988,1987,1989,-1,1988,1989,1990,-1,1990,1989,1991,-1,1992,1990,1993,-1,1993,1990,1991,-1,1992,1993,1994,-1,1992,1994,1995,-1,1995,1994,1996,-1,1995,1996,1997,-1,1997,1996,1998,-1,1997,1998,1999,-1,1999,1998,2000,-1,1999,2000,2001,-1,2001,2000,2002,-1,2001,2002,2003,-1,2003,2002,2004,-1,2003,2004,2005,-1,2006,2005,2007,-1,2007,2005,2004,-1,2006,2007,2008,-1,2006,2008,2009,-1,2009,2008,2010,-1,2009,2010,2011,-1,2011,2010,2012,-1,2011,2012,2013,-1,2013,2012,2014,-1,2013,2014,2015,-1,2015,2014,2016,-1,2015,2016,2017,-1,2017,2016,2018,-1,2017,2018,2019,-1,2020,2019,2021,-1,2021,2019,2018,-1,2020,2021,2022,-1,2020,2022,2023,-1,2023,2022,2024,-1,2023,2024,2025,-1,2025,2024,2026,-1,2025,2026,2027,-1,2027,2026,2028,-1,2027,2028,2029,-1,2029,2028,2030,-1,2029,2030,2031,-1,2031,2030,2032,-1,2031,2032,2033,-1,2034,2033,2035,-1,2035,2033,2032,-1,2036,2034,2037,-1,2037,2034,2035,-1,2038,2036,2039,-1,2039,2036,2037,-1,2040,2038,2041,-1,2041,2038,2039,-1,2042,2040,2043,-1,2043,2040,2041,-1,2042,2043,2044,-1,2042,2044,2045,-1,2045,2044,2046,-1,2045,2046,2047,-1,2047,2046,2048,-1,2047,2048,2049,-1,2049,2048,2050,-1,2049,2050,2051,-1,2051,2050,2052,-1,2051,2052,2053,-1,2053,2052,2054,-1,2053,2054,2055,-1,2055,2054,2056,-1,2055,2056,2057,-1,2057,2056,2058,-1,2057,2058,2059,-1,2059,2058,2060,-1,2059,2060,2061,-1,2061,2060,2062,-1,2061,2062,2063,-1,2063,2062,2064,-1,2063,2064,2065,-1,2065,2064,2066,-1,2065,2066,2067,-1,2068,2067,2069,-1,2069,2067,2066,-1,2070,2068,2071,-1,2071,2068,2069,-1,2072,2070,2073,-1,2073,2070,2071,-1,1953,2072,1955,-1,1955,2072,2073,-1,2003,2005,2034,-1,1977,1953,1952,-1,1953,1977,2072,-1,2072,1977,1978,-1,2072,1978,2070,-1,2042,2051,2053,-1,2063,2042,2061,-1,2061,2042,2059,-1,2063,2065,2042,-1,2042,2065,2067,-1,2042,2067,2040,-1,2045,2047,2042,-1,2042,2047,2049,-1,2042,2049,2051,-1,2015,2006,2013,-1,2013,2006,2009,-1,2013,2009,2011,-1,2067,2068,2040,-1,2040,2068,2070,-1,2040,2070,2038,-1,2038,2070,1978,-1,2038,1978,2036,-1,2036,1978,1980,-1,2036,1980,1982,-1,1952,1956,1977,-1,1977,1956,1959,-1,1977,1959,1961,-1,1961,1963,1977,-1,1977,1963,1965,-1,1977,1965,1967,-1,2053,2055,2042,-1,2042,2055,2057,-1,2042,2057,2059,-1,2015,2017,2006,-1,2006,2017,2019,-1,2006,2019,2005,-1,2005,2019,2033,-1,2005,2033,2034,-1,1982,1984,2036,-1,2036,1984,1986,-1,2036,1986,2034,-1,2034,1986,1988,-1,2034,1988,1990,-1,1967,1969,1977,-1,1977,1969,1971,-1,1977,1971,1975,-1,1975,1971,1973,-1,2027,2029,2025,-1,2025,2029,2023,-1,2019,2020,2033,-1,2033,2020,2023,-1,2033,2023,2031,-1,2031,2023,2029,-1,1990,1992,2034,-1,2034,1992,1995,-1,2034,1995,1997,-1,1997,1999,2034,-1,2034,1999,2001,-1,2034,2001,2003,-1,1957,1954,1955,-1,2071,1981,2073,-1,2073,1981,1979,-1,2073,1979,1955,-1,1955,1979,1976,-1,1955,1976,1957,-1,1974,1972,1970,-1,1962,1976,1964,-1,1964,1976,1966,-1,1962,1960,1976,-1,1976,1960,1958,-1,1976,1958,1957,-1,2022,2021,2032,-1,2032,2021,2018,-1,2032,2018,2035,-1,1985,1983,2037,-1,2037,1983,1981,-1,2037,1981,2039,-1,2039,1981,2071,-1,2039,2071,2041,-1,2041,2071,2069,-1,2041,2069,2043,-1,2043,2069,2066,-1,2043,2066,2064,-1,1974,1970,1976,-1,1976,1970,1968,-1,1976,1968,1966,-1,2016,2014,2007,-1,2007,2014,2012,-1,2007,2012,2008,-1,2008,2012,2010,-1,1994,1993,2035,-1,1993,1991,2035,-1,2035,1991,1989,-1,2035,1989,2037,-1,2037,1989,1987,-1,2037,1987,1985,-1,2064,2062,2043,-1,2043,2062,2060,-1,2043,2060,2058,-1,2058,2050,2048,-1,2032,2030,2022,-1,2022,2030,2028,-1,2022,2028,2024,-1,2024,2028,2026,-1,2050,2058,2052,-1,2052,2058,2056,-1,2052,2056,2054,-1,2048,2046,2058,-1,2058,2046,2044,-1,2058,2044,2043,-1,2016,2007,2018,-1,2018,2007,2004,-1,2018,2004,2035,-1,2035,2004,2002,-1,2035,2002,2000,-1,2000,1998,2035,-1,2035,1998,1996,-1,2035,1996,1994,-1,2074,2075,2076,-1,2076,2075,2077,-1,2078,2074,2079,-1,2079,2074,2076,-1,2078,2079,2080,-1,2078,2080,2081,-1,2081,2080,2082,-1,2081,2082,2083,-1,2083,2082,2084,-1,2083,2084,2085,-1,2085,2084,2086,-1,2085,2086,2087,-1,2087,2086,2088,-1,2087,2088,2089,-1,2089,2088,2090,-1,2089,2090,2091,-1,2091,2090,2092,-1,2091,2092,2093,-1,2093,2092,2094,-1,2093,2094,2095,-1,2095,2094,2096,-1,2095,2096,2097,-1,2097,2096,2098,-1,2097,2098,2099,-1,2100,2099,2101,-1,2101,2099,2098,-1,2100,2101,2102,-1,2102,2101,2103,-1,2102,2103,2104,-1,2104,2103,2105,-1,2104,2105,2106,-1,2106,2105,2107,-1,2106,2107,2108,-1,2108,2107,2109,-1,2108,2109,2110,-1,2110,2109,2111,-1,2110,2111,2112,-1,2112,2111,2113,-1,2114,2112,2115,-1,2115,2112,2113,-1,2114,2115,2116,-1,2114,2116,2117,-1,2117,2116,2118,-1,2117,2118,2119,-1,2119,2118,2120,-1,2119,2120,2121,-1,2121,2120,2122,-1,2121,2122,2123,-1,2123,2122,2124,-1,2123,2124,2125,-1,2125,2124,2126,-1,2125,2126,2127,-1,2128,2127,2129,-1,2129,2127,2126,-1,2128,2129,2130,-1,2128,2130,2131,-1,2131,2130,2132,-1,2131,2132,2133,-1,2133,2132,2134,-1,2133,2134,2135,-1,2135,2134,2136,-1,2135,2136,2137,-1,2137,2136,2138,-1,2137,2138,2139,-1,2139,2138,2140,-1,2139,2140,2141,-1,2142,2141,2143,-1,2143,2141,2140,-1,2142,2143,2144,-1,2142,2144,2145,-1,2145,2144,2146,-1,2145,2146,2147,-1,2147,2146,2148,-1,2147,2148,2149,-1,2149,2148,2150,-1,2149,2150,2151,-1,2151,2150,2152,-1,2151,2152,2153,-1,2153,2152,2154,-1,2153,2154,2155,-1,2156,2155,2157,-1,2157,2155,2154,-1,2158,2156,2159,-1,2159,2156,2157,-1,2160,2158,2161,-1,2161,2158,2159,-1,2162,2160,2163,-1,2163,2160,2161,-1,2164,2162,2165,-1,2165,2162,2163,-1,2164,2165,2166,-1,2164,2166,2167,-1,2167,2166,2168,-1,2167,2168,2169,-1,2169,2168,2170,-1,2169,2170,2171,-1,2171,2170,2172,-1,2171,2172,2173,-1,2173,2172,2174,-1,2173,2174,2175,-1,2175,2174,2176,-1,2175,2176,2177,-1,2177,2176,2178,-1,2177,2178,2179,-1,2179,2178,2180,-1,2179,2180,2181,-1,2181,2180,2182,-1,2181,2182,2183,-1,2183,2182,2184,-1,2183,2184,2185,-1,2185,2184,2186,-1,2185,2186,2187,-1,2187,2186,2188,-1,2187,2188,2189,-1,2190,2189,2191,-1,2191,2189,2188,-1,2192,2190,2193,-1,2193,2190,2191,-1,2194,2192,2195,-1,2195,2192,2193,-1,2075,2194,2077,-1,2077,2194,2195,-1,2125,2127,2156,-1,2099,2075,2074,-1,2075,2099,2194,-1,2194,2099,2100,-1,2194,2100,2192,-1,2164,2173,2175,-1,2185,2164,2183,-1,2183,2164,2181,-1,2185,2187,2164,-1,2164,2187,2189,-1,2164,2189,2162,-1,2167,2169,2164,-1,2164,2169,2171,-1,2164,2171,2173,-1,2137,2128,2135,-1,2135,2128,2131,-1,2135,2131,2133,-1,2189,2190,2162,-1,2162,2190,2192,-1,2162,2192,2160,-1,2160,2192,2100,-1,2160,2100,2158,-1,2158,2100,2102,-1,2158,2102,2104,-1,2074,2078,2099,-1,2099,2078,2081,-1,2099,2081,2083,-1,2083,2085,2099,-1,2099,2085,2087,-1,2099,2087,2089,-1,2175,2177,2164,-1,2164,2177,2179,-1,2164,2179,2181,-1,2137,2139,2128,-1,2128,2139,2141,-1,2128,2141,2127,-1,2127,2141,2155,-1,2127,2155,2156,-1,2104,2106,2158,-1,2158,2106,2108,-1,2158,2108,2156,-1,2156,2108,2110,-1,2156,2110,2112,-1,2089,2091,2099,-1,2099,2091,2093,-1,2099,2093,2097,-1,2097,2093,2095,-1,2149,2151,2147,-1,2147,2151,2145,-1,2141,2142,2155,-1,2155,2142,2145,-1,2155,2145,2153,-1,2153,2145,2151,-1,2112,2114,2156,-1,2156,2114,2117,-1,2156,2117,2119,-1,2119,2121,2156,-1,2156,2121,2123,-1,2156,2123,2125,-1,2079,2076,2077,-1,2193,2103,2195,-1,2195,2103,2101,-1,2195,2101,2077,-1,2077,2101,2098,-1,2077,2098,2079,-1,2096,2094,2092,-1,2084,2098,2086,-1,2086,2098,2088,-1,2084,2082,2098,-1,2098,2082,2080,-1,2098,2080,2079,-1,2144,2143,2154,-1,2154,2143,2140,-1,2154,2140,2157,-1,2107,2105,2159,-1,2159,2105,2103,-1,2159,2103,2161,-1,2161,2103,2193,-1,2161,2193,2163,-1,2163,2193,2191,-1,2163,2191,2165,-1,2165,2191,2188,-1,2165,2188,2186,-1,2096,2092,2098,-1,2098,2092,2090,-1,2098,2090,2088,-1,2138,2136,2129,-1,2129,2136,2134,-1,2129,2134,2130,-1,2130,2134,2132,-1,2116,2115,2157,-1,2115,2113,2157,-1,2157,2113,2111,-1,2157,2111,2159,-1,2159,2111,2109,-1,2159,2109,2107,-1,2186,2184,2165,-1,2165,2184,2182,-1,2165,2182,2180,-1,2180,2172,2170,-1,2154,2152,2144,-1,2144,2152,2150,-1,2144,2150,2146,-1,2146,2150,2148,-1,2172,2180,2174,-1,2174,2180,2178,-1,2174,2178,2176,-1,2170,2168,2180,-1,2180,2168,2166,-1,2180,2166,2165,-1,2138,2129,2140,-1,2140,2129,2126,-1,2140,2126,2157,-1,2157,2126,2124,-1,2157,2124,2122,-1,2122,2120,2157,-1,2157,2120,2118,-1,2157,2118,2116,-1,2196,2197,2198,-1,2198,2197,2199,-1,2200,2196,2201,-1,2201,2196,2198,-1,2200,2201,2202,-1,2200,2202,2203,-1,2203,2202,2204,-1,2203,2204,2205,-1,2205,2204,2206,-1,2205,2206,2207,-1,2207,2206,2208,-1,2207,2208,2209,-1,2209,2208,2210,-1,2209,2210,2211,-1,2211,2210,2212,-1,2211,2212,2213,-1,2213,2212,2214,-1,2213,2214,2215,-1,2215,2214,2216,-1,2215,2216,2217,-1,2217,2216,2218,-1,2217,2218,2219,-1,2219,2218,2220,-1,2219,2220,2221,-1,2222,2221,2223,-1,2223,2221,2220,-1,2222,2223,2224,-1,2224,2223,2225,-1,2224,2225,2226,-1,2226,2225,2227,-1,2226,2227,2228,-1,2228,2227,2229,-1,2228,2229,2230,-1,2230,2229,2231,-1,2230,2231,2232,-1,2232,2231,2233,-1,2232,2233,2234,-1,2234,2233,2235,-1,2236,2234,2237,-1,2237,2234,2235,-1,2236,2237,2238,-1,2236,2238,2239,-1,2239,2238,2240,-1,2239,2240,2241,-1,2241,2240,2242,-1,2241,2242,2243,-1,2243,2242,2244,-1,2243,2244,2245,-1,2245,2244,2246,-1,2245,2246,2247,-1,2247,2246,2248,-1,2247,2248,2249,-1,2250,2249,2251,-1,2251,2249,2248,-1,2250,2251,2252,-1,2250,2252,2253,-1,2253,2252,2254,-1,2253,2254,2255,-1,2255,2254,2256,-1,2255,2256,2257,-1,2257,2256,2258,-1,2257,2258,2259,-1,2259,2258,2260,-1,2259,2260,2261,-1,2261,2260,2262,-1,2261,2262,2263,-1,2264,2263,2265,-1,2265,2263,2262,-1,2264,2265,2266,-1,2264,2266,2267,-1,2267,2266,2268,-1,2267,2268,2269,-1,2269,2268,2270,-1,2269,2270,2271,-1,2271,2270,2272,-1,2271,2272,2273,-1,2273,2272,2274,-1,2273,2274,2275,-1,2275,2274,2276,-1,2275,2276,2277,-1,2278,2277,2279,-1,2279,2277,2276,-1,2280,2278,2281,-1,2281,2278,2279,-1,2282,2280,2283,-1,2283,2280,2281,-1,2284,2282,2285,-1,2285,2282,2283,-1,2286,2284,2287,-1,2287,2284,2285,-1,2286,2287,2288,-1,2286,2288,2289,-1,2289,2288,2290,-1,2289,2290,2291,-1,2291,2290,2292,-1,2291,2292,2293,-1,2293,2292,2294,-1,2293,2294,2295,-1,2295,2294,2296,-1,2295,2296,2297,-1,2297,2296,2298,-1,2297,2298,2299,-1,2299,2298,2300,-1,2299,2300,2301,-1,2301,2300,2302,-1,2301,2302,2303,-1,2303,2302,2304,-1,2303,2304,2305,-1,2305,2304,2306,-1,2305,2306,2307,-1,2307,2306,2308,-1,2307,2308,2309,-1,2309,2308,2310,-1,2309,2310,2311,-1,2312,2311,2313,-1,2313,2311,2310,-1,2314,2312,2315,-1,2315,2312,2313,-1,2316,2314,2317,-1,2317,2314,2315,-1,2197,2316,2199,-1,2199,2316,2317,-1,2247,2249,2278,-1,2221,2197,2196,-1,2197,2221,2316,-1,2316,2221,2222,-1,2316,2222,2314,-1,2286,2295,2297,-1,2307,2286,2305,-1,2305,2286,2303,-1,2307,2309,2286,-1,2286,2309,2311,-1,2286,2311,2284,-1,2289,2291,2286,-1,2286,2291,2293,-1,2286,2293,2295,-1,2259,2250,2257,-1,2257,2250,2253,-1,2257,2253,2255,-1,2311,2312,2284,-1,2284,2312,2314,-1,2284,2314,2282,-1,2282,2314,2222,-1,2282,2222,2280,-1,2280,2222,2224,-1,2280,2224,2226,-1,2196,2200,2221,-1,2221,2200,2203,-1,2221,2203,2205,-1,2205,2207,2221,-1,2221,2207,2209,-1,2221,2209,2211,-1,2297,2299,2286,-1,2286,2299,2301,-1,2286,2301,2303,-1,2259,2261,2250,-1,2250,2261,2263,-1,2250,2263,2249,-1,2249,2263,2277,-1,2249,2277,2278,-1,2226,2228,2280,-1,2280,2228,2230,-1,2280,2230,2278,-1,2278,2230,2232,-1,2278,2232,2234,-1,2211,2213,2221,-1,2221,2213,2215,-1,2221,2215,2219,-1,2219,2215,2217,-1,2271,2273,2269,-1,2269,2273,2267,-1,2263,2264,2277,-1,2277,2264,2267,-1,2277,2267,2275,-1,2275,2267,2273,-1,2234,2236,2278,-1,2278,2236,2239,-1,2278,2239,2241,-1,2241,2243,2278,-1,2278,2243,2245,-1,2278,2245,2247,-1,2201,2198,2199,-1,2315,2225,2317,-1,2317,2225,2223,-1,2317,2223,2199,-1,2199,2223,2220,-1,2199,2220,2201,-1,2218,2216,2214,-1,2206,2220,2208,-1,2208,2220,2210,-1,2206,2204,2220,-1,2220,2204,2202,-1,2220,2202,2201,-1,2266,2265,2276,-1,2276,2265,2262,-1,2276,2262,2279,-1,2229,2227,2281,-1,2281,2227,2225,-1,2281,2225,2283,-1,2283,2225,2315,-1,2283,2315,2285,-1,2285,2315,2313,-1,2285,2313,2287,-1,2287,2313,2310,-1,2287,2310,2308,-1,2218,2214,2220,-1,2220,2214,2212,-1,2220,2212,2210,-1,2260,2258,2251,-1,2251,2258,2256,-1,2251,2256,2252,-1,2252,2256,2254,-1,2238,2237,2279,-1,2237,2235,2279,-1,2279,2235,2233,-1,2279,2233,2281,-1,2281,2233,2231,-1,2281,2231,2229,-1,2308,2306,2287,-1,2287,2306,2304,-1,2287,2304,2302,-1,2302,2294,2292,-1,2276,2274,2266,-1,2266,2274,2272,-1,2266,2272,2268,-1,2268,2272,2270,-1,2294,2302,2296,-1,2296,2302,2300,-1,2296,2300,2298,-1,2292,2290,2302,-1,2302,2290,2288,-1,2302,2288,2287,-1,2260,2251,2262,-1,2262,2251,2248,-1,2262,2248,2279,-1,2279,2248,2246,-1,2279,2246,2244,-1,2244,2242,2279,-1,2279,2242,2240,-1,2279,2240,2238,-1,2318,2319,2320,-1,2320,2319,2321,-1,2322,2318,2323,-1,2323,2318,2320,-1,2322,2323,2324,-1,2322,2324,2325,-1,2325,2324,2326,-1,2325,2326,2327,-1,2327,2326,2328,-1,2327,2328,2329,-1,2329,2328,2330,-1,2329,2330,2331,-1,2331,2330,2332,-1,2331,2332,2333,-1,2333,2332,2334,-1,2333,2334,2335,-1,2335,2334,2336,-1,2335,2336,2337,-1,2337,2336,2338,-1,2337,2338,2339,-1,2339,2338,2340,-1,2339,2340,2341,-1,2341,2340,2342,-1,2341,2342,2343,-1,2344,2343,2345,-1,2345,2343,2342,-1,2344,2345,2346,-1,2346,2345,2347,-1,2346,2347,2348,-1,2348,2347,2349,-1,2348,2349,2350,-1,2350,2349,2351,-1,2350,2351,2352,-1,2352,2351,2353,-1,2352,2353,2354,-1,2354,2353,2355,-1,2354,2355,2356,-1,2356,2355,2357,-1,2358,2356,2359,-1,2359,2356,2357,-1,2358,2359,2360,-1,2358,2360,2361,-1,2361,2360,2362,-1,2361,2362,2363,-1,2363,2362,2364,-1,2363,2364,2365,-1,2365,2364,2366,-1,2365,2366,2367,-1,2367,2366,2368,-1,2367,2368,2369,-1,2369,2368,2370,-1,2369,2370,2371,-1,2372,2371,2373,-1,2373,2371,2370,-1,2372,2373,2374,-1,2372,2374,2375,-1,2375,2374,2376,-1,2375,2376,2377,-1,2377,2376,2378,-1,2377,2378,2379,-1,2379,2378,2380,-1,2379,2380,2381,-1,2381,2380,2382,-1,2381,2382,2383,-1,2383,2382,2384,-1,2383,2384,2385,-1,2386,2385,2387,-1,2387,2385,2384,-1,2386,2387,2388,-1,2386,2388,2389,-1,2389,2388,2390,-1,2389,2390,2391,-1,2391,2390,2392,-1,2391,2392,2393,-1,2393,2392,2394,-1,2393,2394,2395,-1,2395,2394,2396,-1,2395,2396,2397,-1,2397,2396,2398,-1,2397,2398,2399,-1,2400,2399,2401,-1,2401,2399,2398,-1,2402,2400,2403,-1,2403,2400,2401,-1,2404,2402,2405,-1,2405,2402,2403,-1,2406,2404,2407,-1,2407,2404,2405,-1,2408,2406,2409,-1,2409,2406,2407,-1,2408,2409,2410,-1,2408,2410,2411,-1,2411,2410,2412,-1,2411,2412,2413,-1,2413,2412,2414,-1,2413,2414,2415,-1,2415,2414,2416,-1,2415,2416,2417,-1,2417,2416,2418,-1,2417,2418,2419,-1,2419,2418,2420,-1,2419,2420,2421,-1,2421,2420,2422,-1,2421,2422,2423,-1,2423,2422,2424,-1,2423,2424,2425,-1,2425,2424,2426,-1,2425,2426,2427,-1,2427,2426,2428,-1,2427,2428,2429,-1,2429,2428,2430,-1,2429,2430,2431,-1,2431,2430,2432,-1,2431,2432,2433,-1,2434,2433,2435,-1,2435,2433,2432,-1,2436,2434,2437,-1,2437,2434,2435,-1,2438,2436,2439,-1,2439,2436,2437,-1,2319,2438,2321,-1,2321,2438,2439,-1,2369,2371,2400,-1,2343,2319,2318,-1,2319,2343,2438,-1,2438,2343,2344,-1,2438,2344,2436,-1,2408,2417,2419,-1,2429,2408,2427,-1,2427,2408,2425,-1,2429,2431,2408,-1,2408,2431,2433,-1,2408,2433,2406,-1,2411,2413,2408,-1,2408,2413,2415,-1,2408,2415,2417,-1,2381,2372,2379,-1,2379,2372,2375,-1,2379,2375,2377,-1,2433,2434,2406,-1,2406,2434,2436,-1,2406,2436,2404,-1,2404,2436,2344,-1,2404,2344,2402,-1,2402,2344,2346,-1,2402,2346,2348,-1,2318,2322,2343,-1,2343,2322,2325,-1,2343,2325,2327,-1,2327,2329,2343,-1,2343,2329,2331,-1,2343,2331,2333,-1,2419,2421,2408,-1,2408,2421,2423,-1,2408,2423,2425,-1,2381,2383,2372,-1,2372,2383,2385,-1,2372,2385,2371,-1,2371,2385,2399,-1,2371,2399,2400,-1,2348,2350,2402,-1,2402,2350,2352,-1,2402,2352,2400,-1,2400,2352,2354,-1,2400,2354,2356,-1,2333,2335,2343,-1,2343,2335,2337,-1,2343,2337,2341,-1,2341,2337,2339,-1,2393,2395,2391,-1,2391,2395,2389,-1,2385,2386,2399,-1,2399,2386,2389,-1,2399,2389,2397,-1,2397,2389,2395,-1,2356,2358,2400,-1,2400,2358,2361,-1,2400,2361,2363,-1,2363,2365,2400,-1,2400,2365,2367,-1,2400,2367,2369,-1,2323,2320,2321,-1,2437,2347,2439,-1,2439,2347,2345,-1,2439,2345,2321,-1,2321,2345,2342,-1,2321,2342,2323,-1,2340,2338,2336,-1,2328,2342,2330,-1,2330,2342,2332,-1,2328,2326,2342,-1,2342,2326,2324,-1,2342,2324,2323,-1,2388,2387,2398,-1,2398,2387,2384,-1,2398,2384,2401,-1,2351,2349,2403,-1,2403,2349,2347,-1,2403,2347,2405,-1,2405,2347,2437,-1,2405,2437,2407,-1,2407,2437,2435,-1,2407,2435,2409,-1,2409,2435,2432,-1,2409,2432,2430,-1,2340,2336,2342,-1,2342,2336,2334,-1,2342,2334,2332,-1,2382,2380,2373,-1,2373,2380,2378,-1,2373,2378,2374,-1,2374,2378,2376,-1,2360,2359,2401,-1,2359,2357,2401,-1,2401,2357,2355,-1,2401,2355,2403,-1,2403,2355,2353,-1,2403,2353,2351,-1,2430,2428,2409,-1,2409,2428,2426,-1,2409,2426,2424,-1,2424,2416,2414,-1,2398,2396,2388,-1,2388,2396,2394,-1,2388,2394,2390,-1,2390,2394,2392,-1,2416,2424,2418,-1,2418,2424,2422,-1,2418,2422,2420,-1,2414,2412,2424,-1,2424,2412,2410,-1,2424,2410,2409,-1,2382,2373,2384,-1,2384,2373,2370,-1,2384,2370,2401,-1,2401,2370,2368,-1,2401,2368,2366,-1,2366,2364,2401,-1,2401,2364,2362,-1,2401,2362,2360,-1,2440,2441,2442,-1,2442,2441,2443,-1,2444,2440,2445,-1,2445,2440,2442,-1,2444,2445,2446,-1,2444,2446,2447,-1,2447,2446,2448,-1,2447,2448,2449,-1,2449,2448,2450,-1,2449,2450,2451,-1,2451,2450,2452,-1,2451,2452,2453,-1,2453,2452,2454,-1,2453,2454,2455,-1,2455,2454,2456,-1,2455,2456,2457,-1,2457,2456,2458,-1,2457,2458,2459,-1,2459,2458,2460,-1,2459,2460,2461,-1,2461,2460,2462,-1,2461,2462,2463,-1,2463,2462,2464,-1,2463,2464,2465,-1,2466,2465,2467,-1,2467,2465,2464,-1,2466,2467,2468,-1,2468,2467,2469,-1,2468,2469,2470,-1,2470,2469,2471,-1,2470,2471,2472,-1,2472,2471,2473,-1,2472,2473,2474,-1,2474,2473,2475,-1,2474,2475,2476,-1,2476,2475,2477,-1,2476,2477,2478,-1,2478,2477,2479,-1,2480,2478,2481,-1,2481,2478,2479,-1,2480,2481,2482,-1,2480,2482,2483,-1,2483,2482,2484,-1,2483,2484,2485,-1,2485,2484,2486,-1,2485,2486,2487,-1,2487,2486,2488,-1,2487,2488,2489,-1,2489,2488,2490,-1,2489,2490,2491,-1,2491,2490,2492,-1,2491,2492,2493,-1,2494,2493,2495,-1,2495,2493,2492,-1,2494,2495,2496,-1,2494,2496,2497,-1,2497,2496,2498,-1,2497,2498,2499,-1,2499,2498,2500,-1,2499,2500,2501,-1,2501,2500,2502,-1,2501,2502,2503,-1,2503,2502,2504,-1,2503,2504,2505,-1,2505,2504,2506,-1,2505,2506,2507,-1,2508,2507,2509,-1,2509,2507,2506,-1,2508,2509,2510,-1,2508,2510,2511,-1,2511,2510,2512,-1,2511,2512,2513,-1,2513,2512,2514,-1,2513,2514,2515,-1,2515,2514,2516,-1,2515,2516,2517,-1,2517,2516,2518,-1,2517,2518,2519,-1,2519,2518,2520,-1,2519,2520,2521,-1,2522,2521,2523,-1,2523,2521,2520,-1,2524,2522,2525,-1,2525,2522,2523,-1,2526,2524,2527,-1,2527,2524,2525,-1,2528,2526,2529,-1,2529,2526,2527,-1,2530,2528,2531,-1,2531,2528,2529,-1,2530,2531,2532,-1,2530,2532,2533,-1,2533,2532,2534,-1,2533,2534,2535,-1,2535,2534,2536,-1,2535,2536,2537,-1,2537,2536,2538,-1,2537,2538,2539,-1,2539,2538,2540,-1,2539,2540,2541,-1,2541,2540,2542,-1,2541,2542,2543,-1,2543,2542,2544,-1,2543,2544,2545,-1,2545,2544,2546,-1,2545,2546,2547,-1,2547,2546,2548,-1,2547,2548,2549,-1,2549,2548,2550,-1,2549,2550,2551,-1,2551,2550,2552,-1,2551,2552,2553,-1,2553,2552,2554,-1,2553,2554,2555,-1,2556,2555,2557,-1,2557,2555,2554,-1,2558,2556,2559,-1,2559,2556,2557,-1,2560,2558,2561,-1,2561,2558,2559,-1,2441,2560,2443,-1,2443,2560,2561,-1,2491,2493,2522,-1,2465,2441,2440,-1,2441,2465,2560,-1,2560,2465,2466,-1,2560,2466,2558,-1,2530,2539,2541,-1,2551,2530,2549,-1,2549,2530,2547,-1,2551,2553,2530,-1,2530,2553,2555,-1,2530,2555,2528,-1,2533,2535,2530,-1,2530,2535,2537,-1,2530,2537,2539,-1,2503,2494,2501,-1,2501,2494,2497,-1,2501,2497,2499,-1,2555,2556,2528,-1,2528,2556,2558,-1,2528,2558,2526,-1,2526,2558,2466,-1,2526,2466,2524,-1,2524,2466,2468,-1,2524,2468,2470,-1,2440,2444,2465,-1,2465,2444,2447,-1,2465,2447,2449,-1,2449,2451,2465,-1,2465,2451,2453,-1,2465,2453,2455,-1,2541,2543,2530,-1,2530,2543,2545,-1,2530,2545,2547,-1,2503,2505,2494,-1,2494,2505,2507,-1,2494,2507,2493,-1,2493,2507,2521,-1,2493,2521,2522,-1,2470,2472,2524,-1,2524,2472,2474,-1,2524,2474,2522,-1,2522,2474,2476,-1,2522,2476,2478,-1,2455,2457,2465,-1,2465,2457,2459,-1,2465,2459,2463,-1,2463,2459,2461,-1,2515,2517,2513,-1,2513,2517,2511,-1,2507,2508,2521,-1,2521,2508,2511,-1,2521,2511,2519,-1,2519,2511,2517,-1,2478,2480,2522,-1,2522,2480,2483,-1,2522,2483,2485,-1,2485,2487,2522,-1,2522,2487,2489,-1,2522,2489,2491,-1,2445,2442,2443,-1,2559,2469,2561,-1,2561,2469,2467,-1,2561,2467,2443,-1,2443,2467,2464,-1,2443,2464,2445,-1,2462,2460,2458,-1,2450,2464,2452,-1,2452,2464,2454,-1,2450,2448,2464,-1,2464,2448,2446,-1,2464,2446,2445,-1,2510,2509,2520,-1,2520,2509,2506,-1,2520,2506,2523,-1,2473,2471,2525,-1,2525,2471,2469,-1,2525,2469,2527,-1,2527,2469,2559,-1,2527,2559,2529,-1,2529,2559,2557,-1,2529,2557,2531,-1,2531,2557,2554,-1,2531,2554,2552,-1,2462,2458,2464,-1,2464,2458,2456,-1,2464,2456,2454,-1,2504,2502,2495,-1,2495,2502,2500,-1,2495,2500,2496,-1,2496,2500,2498,-1,2482,2481,2523,-1,2481,2479,2523,-1,2523,2479,2477,-1,2523,2477,2525,-1,2525,2477,2475,-1,2525,2475,2473,-1,2552,2550,2531,-1,2531,2550,2548,-1,2531,2548,2546,-1,2546,2538,2536,-1,2520,2518,2510,-1,2510,2518,2516,-1,2510,2516,2512,-1,2512,2516,2514,-1,2538,2546,2540,-1,2540,2546,2544,-1,2540,2544,2542,-1,2536,2534,2546,-1,2546,2534,2532,-1,2546,2532,2531,-1,2504,2495,2506,-1,2506,2495,2492,-1,2506,2492,2523,-1,2523,2492,2490,-1,2523,2490,2488,-1,2488,2486,2523,-1,2523,2486,2484,-1,2523,2484,2482,-1,2562,2563,2564,-1,2564,2563,2565,-1,2566,2562,2567,-1,2567,2562,2564,-1,2566,2567,2568,-1,2566,2568,2569,-1,2569,2568,2570,-1,2569,2570,2571,-1,2571,2570,2572,-1,2571,2572,2573,-1,2573,2572,2574,-1,2573,2574,2575,-1,2575,2574,2576,-1,2575,2576,2577,-1,2577,2576,2578,-1,2577,2578,2579,-1,2579,2578,2580,-1,2579,2580,2581,-1,2581,2580,2582,-1,2581,2582,2583,-1,2583,2582,2584,-1,2583,2584,2585,-1,2585,2584,2586,-1,2585,2586,2587,-1,2588,2587,2589,-1,2589,2587,2586,-1,2588,2589,2590,-1,2590,2589,2591,-1,2590,2591,2592,-1,2592,2591,2593,-1,2592,2593,2594,-1,2594,2593,2595,-1,2594,2595,2596,-1,2596,2595,2597,-1,2596,2597,2598,-1,2598,2597,2599,-1,2598,2599,2600,-1,2600,2599,2601,-1,2602,2600,2603,-1,2603,2600,2601,-1,2602,2603,2604,-1,2602,2604,2605,-1,2605,2604,2606,-1,2605,2606,2607,-1,2607,2606,2608,-1,2607,2608,2609,-1,2609,2608,2610,-1,2609,2610,2611,-1,2611,2610,2612,-1,2611,2612,2613,-1,2613,2612,2614,-1,2613,2614,2615,-1,2616,2615,2617,-1,2617,2615,2614,-1,2616,2617,2618,-1,2616,2618,2619,-1,2619,2618,2620,-1,2619,2620,2621,-1,2621,2620,2622,-1,2621,2622,2623,-1,2623,2622,2624,-1,2623,2624,2625,-1,2625,2624,2626,-1,2625,2626,2627,-1,2627,2626,2628,-1,2627,2628,2629,-1,2630,2629,2631,-1,2631,2629,2628,-1,2630,2631,2632,-1,2630,2632,2633,-1,2633,2632,2634,-1,2633,2634,2635,-1,2635,2634,2636,-1,2635,2636,2637,-1,2637,2636,2638,-1,2637,2638,2639,-1,2639,2638,2640,-1,2639,2640,2641,-1,2641,2640,2642,-1,2641,2642,2643,-1,2644,2643,2645,-1,2645,2643,2642,-1,2646,2644,2647,-1,2647,2644,2645,-1,2648,2646,2649,-1,2649,2646,2647,-1,2650,2648,2651,-1,2651,2648,2649,-1,2652,2650,2653,-1,2653,2650,2651,-1,2652,2653,2654,-1,2652,2654,2655,-1,2655,2654,2656,-1,2655,2656,2657,-1,2657,2656,2658,-1,2657,2658,2659,-1,2659,2658,2660,-1,2659,2660,2661,-1,2661,2660,2662,-1,2661,2662,2663,-1,2663,2662,2664,-1,2663,2664,2665,-1,2665,2664,2666,-1,2665,2666,2667,-1,2667,2666,2668,-1,2667,2668,2669,-1,2669,2668,2670,-1,2669,2670,2671,-1,2671,2670,2672,-1,2671,2672,2673,-1,2673,2672,2674,-1,2673,2674,2675,-1,2675,2674,2676,-1,2675,2676,2677,-1,2678,2677,2679,-1,2679,2677,2676,-1,2680,2678,2681,-1,2681,2678,2679,-1,2682,2680,2683,-1,2683,2680,2681,-1,2563,2682,2565,-1,2565,2682,2683,-1,2613,2615,2644,-1,2587,2563,2562,-1,2563,2587,2682,-1,2682,2587,2588,-1,2682,2588,2680,-1,2652,2661,2663,-1,2673,2652,2671,-1,2671,2652,2669,-1,2673,2675,2652,-1,2652,2675,2677,-1,2652,2677,2650,-1,2655,2657,2652,-1,2652,2657,2659,-1,2652,2659,2661,-1,2625,2616,2623,-1,2623,2616,2619,-1,2623,2619,2621,-1,2677,2678,2650,-1,2650,2678,2680,-1,2650,2680,2648,-1,2648,2680,2588,-1,2648,2588,2646,-1,2646,2588,2590,-1,2646,2590,2592,-1,2562,2566,2587,-1,2587,2566,2569,-1,2587,2569,2571,-1,2571,2573,2587,-1,2587,2573,2575,-1,2587,2575,2577,-1,2663,2665,2652,-1,2652,2665,2667,-1,2652,2667,2669,-1,2625,2627,2616,-1,2616,2627,2629,-1,2616,2629,2615,-1,2615,2629,2643,-1,2615,2643,2644,-1,2592,2594,2646,-1,2646,2594,2596,-1,2646,2596,2644,-1,2644,2596,2598,-1,2644,2598,2600,-1,2577,2579,2587,-1,2587,2579,2581,-1,2587,2581,2585,-1,2585,2581,2583,-1,2637,2639,2635,-1,2635,2639,2633,-1,2629,2630,2643,-1,2643,2630,2633,-1,2643,2633,2641,-1,2641,2633,2639,-1,2600,2602,2644,-1,2644,2602,2605,-1,2644,2605,2607,-1,2607,2609,2644,-1,2644,2609,2611,-1,2644,2611,2613,-1,2567,2564,2565,-1,2681,2591,2683,-1,2683,2591,2589,-1,2683,2589,2565,-1,2565,2589,2586,-1,2565,2586,2567,-1,2584,2582,2580,-1,2572,2586,2574,-1,2574,2586,2576,-1,2572,2570,2586,-1,2586,2570,2568,-1,2586,2568,2567,-1,2632,2631,2642,-1,2642,2631,2628,-1,2642,2628,2645,-1,2595,2593,2647,-1,2647,2593,2591,-1,2647,2591,2649,-1,2649,2591,2681,-1,2649,2681,2651,-1,2651,2681,2679,-1,2651,2679,2653,-1,2653,2679,2676,-1,2653,2676,2674,-1,2584,2580,2586,-1,2586,2580,2578,-1,2586,2578,2576,-1,2626,2624,2617,-1,2617,2624,2622,-1,2617,2622,2618,-1,2618,2622,2620,-1,2604,2603,2645,-1,2603,2601,2645,-1,2645,2601,2599,-1,2645,2599,2647,-1,2647,2599,2597,-1,2647,2597,2595,-1,2674,2672,2653,-1,2653,2672,2670,-1,2653,2670,2668,-1,2668,2660,2658,-1,2642,2640,2632,-1,2632,2640,2638,-1,2632,2638,2634,-1,2634,2638,2636,-1,2660,2668,2662,-1,2662,2668,2666,-1,2662,2666,2664,-1,2658,2656,2668,-1,2668,2656,2654,-1,2668,2654,2653,-1,2626,2617,2628,-1,2628,2617,2614,-1,2628,2614,2645,-1,2645,2614,2612,-1,2645,2612,2610,-1,2610,2608,2645,-1,2645,2608,2606,-1,2645,2606,2604,-1,2684,2685,2686,-1,2686,2685,2687,-1,2688,2684,2689,-1,2689,2684,2686,-1,2688,2689,2690,-1,2688,2690,2691,-1,2691,2690,2692,-1,2691,2692,2693,-1,2693,2692,2694,-1,2693,2694,2695,-1,2695,2694,2696,-1,2695,2696,2697,-1,2697,2696,2698,-1,2697,2698,2699,-1,2699,2698,2700,-1,2699,2700,2701,-1,2701,2700,2702,-1,2701,2702,2703,-1,2703,2702,2704,-1,2703,2704,2705,-1,2705,2704,2706,-1,2705,2706,2707,-1,2707,2706,2708,-1,2707,2708,2709,-1,2710,2709,2711,-1,2711,2709,2708,-1,2710,2711,2712,-1,2712,2711,2713,-1,2712,2713,2714,-1,2714,2713,2715,-1,2714,2715,2716,-1,2716,2715,2717,-1,2716,2717,2718,-1,2718,2717,2719,-1,2718,2719,2720,-1,2720,2719,2721,-1,2720,2721,2722,-1,2722,2721,2723,-1,2724,2722,2725,-1,2725,2722,2723,-1,2724,2725,2726,-1,2724,2726,2727,-1,2727,2726,2728,-1,2727,2728,2729,-1,2729,2728,2730,-1,2729,2730,2731,-1,2731,2730,2732,-1,2731,2732,2733,-1,2733,2732,2734,-1,2733,2734,2735,-1,2735,2734,2736,-1,2735,2736,2737,-1,2738,2737,2739,-1,2739,2737,2736,-1,2738,2739,2740,-1,2738,2740,2741,-1,2741,2740,2742,-1,2741,2742,2743,-1,2743,2742,2744,-1,2743,2744,2745,-1,2745,2744,2746,-1,2745,2746,2747,-1,2747,2746,2748,-1,2747,2748,2749,-1,2749,2748,2750,-1,2749,2750,2751,-1,2752,2751,2753,-1,2753,2751,2750,-1,2752,2753,2754,-1,2752,2754,2755,-1,2755,2754,2756,-1,2755,2756,2757,-1,2757,2756,2758,-1,2757,2758,2759,-1,2759,2758,2760,-1,2759,2760,2761,-1,2761,2760,2762,-1,2761,2762,2763,-1,2763,2762,2764,-1,2763,2764,2765,-1,2766,2765,2767,-1,2767,2765,2764,-1,2768,2766,2769,-1,2769,2766,2767,-1,2770,2768,2771,-1,2771,2768,2769,-1,2772,2770,2773,-1,2773,2770,2771,-1,2774,2772,2775,-1,2775,2772,2773,-1,2774,2775,2776,-1,2774,2776,2777,-1,2777,2776,2778,-1,2777,2778,2779,-1,2779,2778,2780,-1,2779,2780,2781,-1,2781,2780,2782,-1,2781,2782,2783,-1,2783,2782,2784,-1,2783,2784,2785,-1,2785,2784,2786,-1,2785,2786,2787,-1,2787,2786,2788,-1,2787,2788,2789,-1,2789,2788,2790,-1,2789,2790,2791,-1,2791,2790,2792,-1,2791,2792,2793,-1,2793,2792,2794,-1,2793,2794,2795,-1,2795,2794,2796,-1,2795,2796,2797,-1,2797,2796,2798,-1,2797,2798,2799,-1,2800,2799,2801,-1,2801,2799,2798,-1,2802,2800,2803,-1,2803,2800,2801,-1,2804,2802,2805,-1,2805,2802,2803,-1,2685,2804,2687,-1,2687,2804,2805,-1,2735,2737,2766,-1,2709,2685,2684,-1,2685,2709,2804,-1,2804,2709,2710,-1,2804,2710,2802,-1,2774,2783,2785,-1,2795,2774,2793,-1,2793,2774,2791,-1,2795,2797,2774,-1,2774,2797,2799,-1,2774,2799,2772,-1,2777,2779,2774,-1,2774,2779,2781,-1,2774,2781,2783,-1,2747,2738,2745,-1,2745,2738,2741,-1,2745,2741,2743,-1,2799,2800,2772,-1,2772,2800,2802,-1,2772,2802,2770,-1,2770,2802,2710,-1,2770,2710,2768,-1,2768,2710,2712,-1,2768,2712,2714,-1,2684,2688,2709,-1,2709,2688,2691,-1,2709,2691,2693,-1,2693,2695,2709,-1,2709,2695,2697,-1,2709,2697,2699,-1,2785,2787,2774,-1,2774,2787,2789,-1,2774,2789,2791,-1,2747,2749,2738,-1,2738,2749,2751,-1,2738,2751,2737,-1,2737,2751,2765,-1,2737,2765,2766,-1,2714,2716,2768,-1,2768,2716,2718,-1,2768,2718,2766,-1,2766,2718,2720,-1,2766,2720,2722,-1,2699,2701,2709,-1,2709,2701,2703,-1,2709,2703,2707,-1,2707,2703,2705,-1,2759,2761,2757,-1,2757,2761,2755,-1,2751,2752,2765,-1,2765,2752,2755,-1,2765,2755,2763,-1,2763,2755,2761,-1,2722,2724,2766,-1,2766,2724,2727,-1,2766,2727,2729,-1,2729,2731,2766,-1,2766,2731,2733,-1,2766,2733,2735,-1,2689,2686,2687,-1,2803,2713,2805,-1,2805,2713,2711,-1,2805,2711,2687,-1,2687,2711,2708,-1,2687,2708,2689,-1,2706,2704,2702,-1,2694,2708,2696,-1,2696,2708,2698,-1,2694,2692,2708,-1,2708,2692,2690,-1,2708,2690,2689,-1,2754,2753,2764,-1,2764,2753,2750,-1,2764,2750,2767,-1,2717,2715,2769,-1,2769,2715,2713,-1,2769,2713,2771,-1,2771,2713,2803,-1,2771,2803,2773,-1,2773,2803,2801,-1,2773,2801,2775,-1,2775,2801,2798,-1,2775,2798,2796,-1,2706,2702,2708,-1,2708,2702,2700,-1,2708,2700,2698,-1,2748,2746,2739,-1,2739,2746,2744,-1,2739,2744,2740,-1,2740,2744,2742,-1,2726,2725,2767,-1,2725,2723,2767,-1,2767,2723,2721,-1,2767,2721,2769,-1,2769,2721,2719,-1,2769,2719,2717,-1,2796,2794,2775,-1,2775,2794,2792,-1,2775,2792,2790,-1,2790,2782,2780,-1,2764,2762,2754,-1,2754,2762,2760,-1,2754,2760,2756,-1,2756,2760,2758,-1,2782,2790,2784,-1,2784,2790,2788,-1,2784,2788,2786,-1,2780,2778,2790,-1,2790,2778,2776,-1,2790,2776,2775,-1,2748,2739,2750,-1,2750,2739,2736,-1,2750,2736,2767,-1,2767,2736,2734,-1,2767,2734,2732,-1,2732,2730,2767,-1,2767,2730,2728,-1,2767,2728,2726,-1,2806,2807,2808,-1,2808,2807,2809,-1,2810,2806,2811,-1,2811,2806,2808,-1,2810,2811,2812,-1,2810,2812,2813,-1,2813,2812,2814,-1,2813,2814,2815,-1,2815,2814,2816,-1,2815,2816,2817,-1,2817,2816,2818,-1,2817,2818,2819,-1,2819,2818,2820,-1,2819,2820,2821,-1,2821,2820,2822,-1,2821,2822,2823,-1,2823,2822,2824,-1,2823,2824,2825,-1,2825,2824,2826,-1,2825,2826,2827,-1,2827,2826,2828,-1,2827,2828,2829,-1,2829,2828,2830,-1,2829,2830,2831,-1,2832,2831,2833,-1,2833,2831,2830,-1,2832,2833,2834,-1,2834,2833,2835,-1,2834,2835,2836,-1,2836,2835,2837,-1,2836,2837,2838,-1,2838,2837,2839,-1,2838,2839,2840,-1,2840,2839,2841,-1,2840,2841,2842,-1,2842,2841,2843,-1,2842,2843,2844,-1,2844,2843,2845,-1,2846,2844,2847,-1,2847,2844,2845,-1,2846,2847,2848,-1,2846,2848,2849,-1,2849,2848,2850,-1,2849,2850,2851,-1,2851,2850,2852,-1,2851,2852,2853,-1,2853,2852,2854,-1,2853,2854,2855,-1,2855,2854,2856,-1,2855,2856,2857,-1,2857,2856,2858,-1,2857,2858,2859,-1,2860,2859,2861,-1,2861,2859,2858,-1,2860,2861,2862,-1,2860,2862,2863,-1,2863,2862,2864,-1,2863,2864,2865,-1,2865,2864,2866,-1,2865,2866,2867,-1,2867,2866,2868,-1,2867,2868,2869,-1,2869,2868,2870,-1,2869,2870,2871,-1,2871,2870,2872,-1,2871,2872,2873,-1,2874,2873,2875,-1,2875,2873,2872,-1,2874,2875,2876,-1,2874,2876,2877,-1,2877,2876,2878,-1,2877,2878,2879,-1,2879,2878,2880,-1,2879,2880,2881,-1,2881,2880,2882,-1,2881,2882,2883,-1,2883,2882,2884,-1,2883,2884,2885,-1,2885,2884,2886,-1,2885,2886,2887,-1,2888,2887,2889,-1,2889,2887,2886,-1,2890,2888,2891,-1,2891,2888,2889,-1,2892,2890,2893,-1,2893,2890,2891,-1,2894,2892,2895,-1,2895,2892,2893,-1,2896,2894,2897,-1,2897,2894,2895,-1,2896,2897,2898,-1,2896,2898,2899,-1,2899,2898,2900,-1,2899,2900,2901,-1,2901,2900,2902,-1,2901,2902,2903,-1,2903,2902,2904,-1,2903,2904,2905,-1,2905,2904,2906,-1,2905,2906,2907,-1,2907,2906,2908,-1,2907,2908,2909,-1,2909,2908,2910,-1,2909,2910,2911,-1,2911,2910,2912,-1,2911,2912,2913,-1,2913,2912,2914,-1,2913,2914,2915,-1,2915,2914,2916,-1,2915,2916,2917,-1,2917,2916,2918,-1,2917,2918,2919,-1,2919,2918,2920,-1,2919,2920,2921,-1,2922,2921,2923,-1,2923,2921,2920,-1,2924,2922,2925,-1,2925,2922,2923,-1,2926,2924,2927,-1,2927,2924,2925,-1,2807,2926,2809,-1,2809,2926,2927,-1,2857,2859,2888,-1,2831,2807,2806,-1,2807,2831,2926,-1,2926,2831,2832,-1,2926,2832,2924,-1,2896,2905,2907,-1,2917,2896,2915,-1,2915,2896,2913,-1,2917,2919,2896,-1,2896,2919,2921,-1,2896,2921,2894,-1,2899,2901,2896,-1,2896,2901,2903,-1,2896,2903,2905,-1,2869,2860,2867,-1,2867,2860,2863,-1,2867,2863,2865,-1,2921,2922,2894,-1,2894,2922,2924,-1,2894,2924,2892,-1,2892,2924,2832,-1,2892,2832,2890,-1,2890,2832,2834,-1,2890,2834,2836,-1,2806,2810,2831,-1,2831,2810,2813,-1,2831,2813,2815,-1,2815,2817,2831,-1,2831,2817,2819,-1,2831,2819,2821,-1,2907,2909,2896,-1,2896,2909,2911,-1,2896,2911,2913,-1,2869,2871,2860,-1,2860,2871,2873,-1,2860,2873,2859,-1,2859,2873,2887,-1,2859,2887,2888,-1,2836,2838,2890,-1,2890,2838,2840,-1,2890,2840,2888,-1,2888,2840,2842,-1,2888,2842,2844,-1,2821,2823,2831,-1,2831,2823,2825,-1,2831,2825,2829,-1,2829,2825,2827,-1,2881,2883,2879,-1,2879,2883,2877,-1,2873,2874,2887,-1,2887,2874,2877,-1,2887,2877,2885,-1,2885,2877,2883,-1,2844,2846,2888,-1,2888,2846,2849,-1,2888,2849,2851,-1,2851,2853,2888,-1,2888,2853,2855,-1,2888,2855,2857,-1,2811,2808,2809,-1,2925,2835,2927,-1,2927,2835,2833,-1,2927,2833,2809,-1,2809,2833,2830,-1,2809,2830,2811,-1,2828,2826,2824,-1,2816,2830,2818,-1,2818,2830,2820,-1,2816,2814,2830,-1,2830,2814,2812,-1,2830,2812,2811,-1,2876,2875,2886,-1,2886,2875,2872,-1,2886,2872,2889,-1,2839,2837,2891,-1,2891,2837,2835,-1,2891,2835,2893,-1,2893,2835,2925,-1,2893,2925,2895,-1,2895,2925,2923,-1,2895,2923,2897,-1,2897,2923,2920,-1,2897,2920,2918,-1,2828,2824,2830,-1,2830,2824,2822,-1,2830,2822,2820,-1,2870,2868,2861,-1,2861,2868,2866,-1,2861,2866,2862,-1,2862,2866,2864,-1,2848,2847,2889,-1,2847,2845,2889,-1,2889,2845,2843,-1,2889,2843,2891,-1,2891,2843,2841,-1,2891,2841,2839,-1,2918,2916,2897,-1,2897,2916,2914,-1,2897,2914,2912,-1,2912,2904,2902,-1,2886,2884,2876,-1,2876,2884,2882,-1,2876,2882,2878,-1,2878,2882,2880,-1,2904,2912,2906,-1,2906,2912,2910,-1,2906,2910,2908,-1,2902,2900,2912,-1,2912,2900,2898,-1,2912,2898,2897,-1,2870,2861,2872,-1,2872,2861,2858,-1,2872,2858,2889,-1,2889,2858,2856,-1,2889,2856,2854,-1,2854,2852,2889,-1,2889,2852,2850,-1,2889,2850,2848,-1,2928,2929,2930,-1,2930,2929,2931,-1,2932,2933,2934,-1,2934,2933,2935,-1,2936,2937,2938,-1,2939,2940,2941,-1,2941,2940,2942,-1,2943,2944,2945,-1,2945,2944,2946,-1,2945,2946,2947,-1,2942,2940,2938,-1,2938,2940,2948,-1,2938,2948,2936,-1,2939,2949,2940,-1,2940,2949,2950,-1,2940,2950,2945,-1,2945,2950,2951,-1,2945,2951,2943,-1,2946,2952,2947,-1,2947,2952,2930,-1,2947,2930,2931,-1,2953,2954,2955,-1,2955,2954,2956,-1,2955,2956,2948,-1,2948,2956,2957,-1,2948,2957,2936,-1,2958,2959,2960,-1,2931,2961,2947,-1,2947,2961,2958,-1,2947,2958,2962,-1,2962,2958,2960,-1,2963,2964,2965,-1,2963,2965,2966,-1,2966,2965,2967,-1,2966,2967,2968,-1,2968,2967,2969,-1,2968,2969,2970,-1,2970,2969,2971,-1,2970,2971,2972,-1,2972,2971,2973,-1,2972,2973,2974,-1,2974,2973,2975,-1,2974,2975,2976,-1,2976,2975,2977,-1,2976,2977,2978,-1,2978,2977,2940,-1,2978,2940,2945,-1,2935,2933,2963,-1,2963,2933,2979,-1,2963,2979,2964,-1,2933,2932,2979,-1,2979,2932,2980,-1,2932,2934,2980,-1,2980,2934,2981,-1,2980,2981,2982,-1,2983,2984,2985,-1,2985,2984,2986,-1,2985,2986,2987,-1,2987,2986,2988,-1,2987,2988,2989,-1,2989,2988,2990,-1,2989,2990,2991,-1,2991,2990,2992,-1,2991,2992,2993,-1,2993,2992,2994,-1,2993,2994,2981,-1,2981,2994,2982,-1,2995,2996,2984,-1,2929,2928,2997,-1,2998,2999,3000,-1,3000,2999,2984,-1,3000,2984,3001,-1,3001,2984,2996,-1,3002,3003,3004,-1,3005,2929,3006,-1,3006,2929,2997,-1,3006,2997,2983,-1,2983,2997,3007,-1,2983,3007,3008,-1,3008,3009,2983,-1,2983,3009,3010,-1,2983,3010,2984,-1,2984,3010,3011,-1,2984,3011,2995,-1,2998,3012,2999,-1,2999,3012,3013,-1,2999,3013,3014,-1,3014,3013,3015,-1,3015,3016,3014,-1,3014,3016,3017,-1,3014,3017,3018,-1,3005,3006,3004,-1,3004,3006,3019,-1,3004,3019,3002,-1,2937,2936,3012,-1,3012,2936,3013,-1,2979,2980,2964,-1,2964,2980,2982,-1,2964,2982,2965,-1,2965,2982,2994,-1,2965,2994,2967,-1,2967,2994,2992,-1,2986,2975,2988,-1,2988,2975,2973,-1,2988,2973,2990,-1,2990,2973,2971,-1,2990,2971,2992,-1,2992,2971,2969,-1,2992,2969,2967,-1,2999,2948,2984,-1,2984,2948,2940,-1,2984,2940,2986,-1,2986,2940,2977,-1,2986,2977,2975,-1,2993,2981,2963,-1,2963,2966,2993,-1,2993,2966,2968,-1,2993,2968,2991,-1,2991,2968,2970,-1,2991,2970,2989,-1,2989,2970,2972,-1,2989,2972,2987,-1,2947,3006,2945,-1,2945,3006,2983,-1,2945,2983,2978,-1,2978,2983,2985,-1,2978,2985,2976,-1,2976,2985,2987,-1,2976,2987,2974,-1,2974,2987,2972,-1,2935,2963,2934,-1,2934,2963,2981,-1,2928,2930,2997,-1,2997,2930,2952,-1,2997,2952,3007,-1,3007,2952,2946,-1,3007,2946,3008,-1,3008,2946,2944,-1,3008,2944,3009,-1,3009,2944,2943,-1,3009,2943,3010,-1,3010,2943,2951,-1,3010,2951,3011,-1,3011,2951,2950,-1,3011,2950,2995,-1,2995,2950,2949,-1,2995,2949,2996,-1,2996,2949,2939,-1,2996,2939,3001,-1,3001,2939,2941,-1,3001,2941,3000,-1,3000,2941,2942,-1,3000,2942,2998,-1,2998,2942,2938,-1,2998,2938,3012,-1,3012,2938,2937,-1,3006,2947,2962,-1,3006,2962,3019,-1,3019,2962,2960,-1,3019,2960,3002,-1,3002,2960,2959,-1,3002,2959,3003,-1,3003,2959,2958,-1,3003,2958,3004,-1,3004,2958,2961,-1,3004,2961,3005,-1,3005,2961,2931,-1,3005,2931,2929,-1,2948,2999,3014,-1,2948,3014,2955,-1,2955,3014,3018,-1,2955,3018,2953,-1,2953,3018,3017,-1,2953,3017,2954,-1,2954,3017,3016,-1,2954,3016,2956,-1,2956,3016,3015,-1,2956,3015,2957,-1,2957,3015,3013,-1,2957,3013,2936,-1,3020,3021,3022,-1,3022,3021,3023,-1,3024,3025,3026,-1,3026,3025,3027,-1,3028,3029,3030,-1,3022,3023,3031,-1,3032,3033,3034,-1,3035,3022,3036,-1,3036,3022,3031,-1,3036,3031,3030,-1,3030,3031,3037,-1,3030,3037,3028,-1,3038,3039,3040,-1,3040,3039,3041,-1,3040,3041,3042,-1,3042,3041,3043,-1,3042,3043,3044,-1,3035,3036,3034,-1,3034,3036,3045,-1,3034,3045,3032,-1,3029,3046,3030,-1,3030,3046,3047,-1,3030,3047,3040,-1,3040,3047,3048,-1,3040,3048,3038,-1,3044,3049,3042,-1,3042,3049,3050,-1,3042,3050,3051,-1,3052,3053,3051,-1,3051,3053,3054,-1,3051,3054,3042,-1,3030,3040,3055,-1,3030,3055,3056,-1,3056,3055,3057,-1,3056,3057,3058,-1,3058,3057,3059,-1,3058,3059,3060,-1,3060,3059,3061,-1,3060,3061,3062,-1,3062,3061,3063,-1,3062,3063,3064,-1,3064,3063,3065,-1,3064,3065,3066,-1,3066,3065,3067,-1,3066,3067,3068,-1,3068,3067,3069,-1,3068,3069,3070,-1,3024,3026,3071,-1,3071,3026,3070,-1,3071,3070,3069,-1,3025,3024,3072,-1,3072,3024,3071,-1,3027,3025,3073,-1,3073,3025,3072,-1,3073,3072,3074,-1,3073,3074,3075,-1,3075,3074,3076,-1,3075,3076,3077,-1,3077,3076,3078,-1,3077,3078,3079,-1,3079,3078,3080,-1,3079,3080,3081,-1,3081,3080,3082,-1,3081,3082,3083,-1,3083,3082,3084,-1,3083,3084,3085,-1,3085,3084,3086,-1,3087,3088,3086,-1,3089,3090,3091,-1,3092,3093,3094,-1,3095,3089,3096,-1,3096,3089,3091,-1,3096,3091,3086,-1,3086,3091,3097,-1,3086,3097,3087,-1,3098,3099,3085,-1,3085,3099,3100,-1,3085,3100,3101,-1,3100,3102,3101,-1,3101,3102,3021,-1,3101,3021,3020,-1,3088,3103,3086,-1,3086,3103,3104,-1,3086,3104,3085,-1,3085,3104,3105,-1,3085,3105,3098,-1,3106,3107,3108,-1,3095,3096,3094,-1,3094,3096,3109,-1,3094,3109,3092,-1,3020,3110,3101,-1,3101,3110,3106,-1,3101,3106,3111,-1,3111,3106,3108,-1,3049,3044,3089,-1,3089,3044,3090,-1,3076,3065,3078,-1,3078,3065,3063,-1,3078,3063,3080,-1,3080,3063,3061,-1,3080,3061,3082,-1,3072,3071,3074,-1,3074,3071,3069,-1,3074,3069,3076,-1,3076,3069,3067,-1,3076,3067,3065,-1,3042,3096,3040,-1,3040,3096,3086,-1,3040,3086,3055,-1,3055,3086,3084,-1,3055,3084,3057,-1,3057,3084,3082,-1,3057,3082,3059,-1,3059,3082,3061,-1,3070,3073,3068,-1,3068,3073,3075,-1,3068,3075,3066,-1,3066,3075,3077,-1,3083,3058,3081,-1,3081,3058,3060,-1,3081,3060,3079,-1,3079,3060,3062,-1,3079,3062,3077,-1,3077,3062,3064,-1,3077,3064,3066,-1,3101,3036,3085,-1,3085,3036,3030,-1,3085,3030,3083,-1,3083,3030,3056,-1,3083,3056,3058,-1,3070,3026,3073,-1,3073,3026,3027,-1,3090,3044,3091,-1,3091,3044,3043,-1,3091,3043,3097,-1,3097,3043,3041,-1,3097,3041,3087,-1,3087,3041,3039,-1,3087,3039,3088,-1,3088,3039,3038,-1,3088,3038,3103,-1,3103,3038,3048,-1,3103,3048,3104,-1,3104,3048,3047,-1,3104,3047,3105,-1,3105,3047,3046,-1,3105,3046,3098,-1,3098,3046,3029,-1,3098,3029,3099,-1,3099,3029,3028,-1,3099,3028,3100,-1,3100,3028,3037,-1,3100,3037,3102,-1,3102,3037,3031,-1,3102,3031,3021,-1,3021,3031,3023,-1,3020,3022,3035,-1,3020,3035,3110,-1,3110,3035,3034,-1,3110,3034,3106,-1,3106,3034,3033,-1,3106,3033,3107,-1,3107,3033,3032,-1,3107,3032,3108,-1,3108,3032,3045,-1,3108,3045,3111,-1,3111,3045,3036,-1,3111,3036,3101,-1,3049,3089,3095,-1,3049,3095,3050,-1,3050,3095,3094,-1,3050,3094,3051,-1,3051,3094,3093,-1,3051,3093,3052,-1,3052,3093,3092,-1,3052,3092,3053,-1,3053,3092,3109,-1,3053,3109,3054,-1,3054,3109,3096,-1,3054,3096,3042,-1,
        ]
    }
}
Shape{
    appearance Appearance {
        material  Material 	{
            diffuseColor 0.25098039215686274 0.25098039215686274 0.25098039215686274
            specularColor 0.12549019607843137 0.12549019607843137 0.12549019607843137
            ambientIntensity 0.251
            transparency 0.0
            shininess 0.5
        }
    }
    geometry IndexedFaceSet {
        ccw TRUE
        solid FALSE
        coord DEF co Coordinate {
            point [
                2.6673 -1.4839 0.3701, 2.6673 -0.9469 0.3701, 2.6673 -1.4839 0.6063, 2.6673 -0.9454 0.3744, 2.6673 -0.6571 0.3744, 2.6673 -0.6571 0.5567, 2.6673 -0.6965 0.5567, 2.6673 -0.7555 0.6063
            ]
        }
        coordIndex [
            0,1,2,-1,2,1,3,-1,4,5,6,-1,4,6,3,-1,3,6,7,-1,3,7,2,-1,
        ]
    }
}
Shape{
    appearance Appearance {
        material  Material 	{
            diffuseColor 0.11372549019607843 0.11372549019607843 0.11372549019607843
            specularColor 0.058823529411764705 0.058823529411764705 0.058823529411764705
            ambientIntensity 0.1137
            transparency 0.0
            shininess 0.5
        }
    }
    geometry IndexedFaceSet {
        ccw TRUE
        solid FALSE
        coord DEF co Coordinate {
            point [
                -2.3366 -1.4839 0.3701, -2.6713 -1.4839 0.3701, -2.6713 -0.9469 0.3701, 2.6673 -0.9469 0.3701, 2.6673 -1.4839 0.3701, 2.3327 -1.4839 0.3701, 2.3327 -1.602 0.3701, -2.3366 -1.602 0.3701, 2.4114 -1.6807 0.4488, -2.4154 -1.6807 0.4488
            ]
        }
        coordIndex [
            0,1,2,-1,3,4,5,-1,6,7,5,-1,5,7,0,-1,5,0,3,-1,3,0,2,-1,8,9,6,-1,6,9,7,-1,
        ]
    }
}
Shape{
    appearance Appearance {
        material  Material 	{
            diffuseColor 0.25098039215686274 0.25098039215686274 0.25098039215686274
            specularColor 0.12549019607843137 0.12549019607843137 0.12549019607843137
            ambientIntensity 0.251
            transparency 0.0
            shininess 0.5
        }
    }
    geometry IndexedFaceSet {
        ccw TRUE
        solid FALSE
        coord DEF co Coordinate {
            point [
                -2.6713 -0.9454 0.3744, -2.6713 -0.9469 0.3701, -2.6713 -1.4839 0.3701, -2.6713 -1.4839 0.6063, -2.6713 -0.7555 0.6063, -2.6713 -0.6571 0.3744, -2.6713 -0.6965 0.5567, -2.6713 -0.6571 0.5567
            ]
        }
        coordIndex [
            0,1,2,-1,2,3,0,-1,0,3,4,-1,0,4,5,-1,5,4,6,-1,5,6,7,-1,
        ]
    }
}
Shape{
    appearance Appearance {
        material  Material 	{
            diffuseColor 0.11372549019607843 0.11372549019607843 0.11372549019607843
            specularColor 0.058823529411764705 0.058823529411764705 0.058823529411764705
            ambientIntensity 0.1137
            transparency 0.0
            shininess 0.5
        }
    }
    geometry IndexedFaceSet {
        ccw TRUE
        solid FALSE
        coord DEF co Coordinate {
            point [
                -2.4823 -0.6965 0.5567, -2.6713 -0.6965 0.5567, -2.4823 -0.7555 0.6063, -2.6713 -0.7555 0.6063, -2.4823 -0.6571 0.5567, -2.6713 -0.6571 0.5567, 2.4783 -0.7555 0.6063, 2.6673 -0.7555 0.6063, 2.4783 -0.6965 0.5567, 2.6673 -0.6965 0.5567, 2.9035 -1.6807 0.6063, 2.9035 -1.4839 0.6063, 2.6673 -1.4839 0.6063, -2.6713 -1.4839 0.6063, -2.9075 -1.4839 0.6063, -2.9075 -1.6807 0.6063, 2.4783 -1.0508 0.6063, -2.4823 -1.0508 0.6063, 2.4114 -1.6807 0.1339, 2.9035 -1.6807 0.1339, 2.4114 -1.6807 0.4488, -2.4154 -1.6807 0.4488, -2.4154 -1.6807 0.1339, -2.9075 -1.6807 0.1339, -2.6713 -0.9469 0.3701, -2.6713 -0.9454 0.3744, 2.6673 -0.9469 0.3701, 2.6673 -0.9454 0.3744, 2.6673 -0.6571 0.3744, -2.6713 -0.6571 0.3744, 2.4783 -0.6571 0.4094, 2.4783 -0.6571 0.5567, 2.6673 -0.6571 0.5567, -2.4823 -0.6571 0.4094
            ]
        }
        coordIndex [
            0,1,2,-1,2,1,3,-1,4,5,0,-1,0,5,1,-1,6,7,8,-1,8,7,9,-1,10,11,12,-1,13,14,15,-1,7,6,12,-1,12,6,16,-1,12,16,17,-1,2,3,17,-1,17,3,13,-1,17,13,12,-1,12,13,15,-1,12,15,10,-1,18,19,20,-1,20,19,10,-1,20,10,21,-1,21,10,15,-1,21,15,22,-1,22,15,23,-1,24,25,26,-1,26,25,27,-1,27,25,28,-1,28,25,29,-1,30,31,32,-1,29,5,4,-1,4,33,29,-1,29,33,30,-1,29,30,28,-1,28,30,32,-1,8,9,31,-1,31,9,32,-1,
        ]
    }
}
Shape{
    appearance Appearance {
        material  Material 	{
            diffuseColor 0.25098039215686274 0.25098039215686274 0.25098039215686274
            specularColor 0.12549019607843137 0.12549019607843137 0.12549019607843137
            ambientIntensity 0.251
            transparency 0.0
            shininess 0.5
        }
    }
    geometry IndexedFaceSet {
        ccw TRUE
        solid FALSE
        coord DEF co Coordinate {
            point [
                -2.9075 -1.4839 0.1339, -2.9075 -1.6807 0.1339, -2.9075 -1.4839 0.6063, -2.9075 -1.6807 0.6063, 2.9035 -1.4839 0.1339, 2.9035 -1.4839 0.6063, 2.9035 -1.6807 0.1339, 2.9035 -1.6807 0.6063
            ]
        }
        coordIndex [
            0,1,2,-1,2,1,3,-1,4,5,6,-1,6,5,7,-1,
        ]
    }
}
Shape{
    appearance Appearance {
        material  Material 	{
            diffuseColor 0.11372549019607843 0.11372549019607843 0.11372549019607843
            specularColor 0.058823529411764705 0.058823529411764705 0.058823529411764705
            ambientIntensity 0.1137
            transparency 0.0
            shininess 0.5
        }
    }
    geometry IndexedFaceSet {
        ccw TRUE
        solid FALSE
        coord DEF co Coordinate {
            point [
                -2.4823 -0.6571 0.4094, -2.4823 -0.6571 0.5567, -2.4823 -0.6965 0.5567, -2.4823 -0.7555 0.6063, -2.4823 -1.0508 0.6063, -2.4823 -1.0508 0.4094, 2.4783 -1.0508 0.6063, 2.4783 -0.7555 0.6063, 2.4783 -1.0508 0.4094, 2.4783 -0.6965 0.5567, 2.4783 -0.6571 0.4094, 2.4783 -0.6571 0.5567, -2.3366 -1.602 0.1339, -2.3366 -1.4839 0.1339, -2.3366 -1.602 0.3701, -2.3366 -1.4839 0.3701, -2.4154 -1.6807 0.1339, -2.9075 -1.6807 0.1339, -2.9075 -1.4839 0.1339, -2.6713 -1.4839 0.3701, -2.6713 -1.4839 0.6063, -2.9075 -1.4839 0.6063, -2.4154 -1.6807 0.4488, 2.3327 -1.602 0.3701, 2.3327 -1.4839 0.3701, 2.3327 -1.602 0.1339, 2.3327 -1.4839 0.1339, 2.9035 -1.6807 0.1339, 2.4114 -1.6807 0.1339, 2.9035 -1.4839 0.1339, 2.6673 -1.4839 0.6063, 2.9035 -1.4839 0.6063, 2.6673 -1.4839 0.3701, 2.4114 -1.6807 0.4488
            ]
        }
        coordIndex [
            0,1,2,-1,3,4,2,-1,2,4,5,-1,2,5,0,-1,6,7,8,-1,8,7,9,-1,8,9,10,-1,10,9,11,-1,8,5,6,-1,6,5,4,-1,8,10,5,-1,5,10,0,-1,12,13,14,-1,14,13,15,-1,16,17,12,-1,12,17,18,-1,12,18,13,-1,15,13,19,-1,19,13,18,-1,19,18,20,-1,20,18,21,-1,14,22,12,-1,12,22,16,-1,23,24,25,-1,25,24,26,-1,27,28,29,-1,29,28,25,-1,29,25,26,-1,30,31,32,-1,32,31,29,-1,32,29,24,-1,24,29,26,-1,33,23,28,-1,28,23,25,-1,
        ]
    }
}
Shape{
    appearance Appearance {
        material  Material 	{
            diffuseColor 0.996078431372549 0.8705882352941177 0.7607843137254902
            specularColor 0.4980392156862745 0.43529411764705883 0.3803921568627451
            ambientIntensity 0.8956
            transparency 0.0
            shininess 0.5
        }
    }
    geometry IndexedFaceSet {
        ccw TRUE
        solid FALSE
        coord DEF co Coordinate {
            point [
                -2.9744 0.2878 0.1024, -3.1516 0.2878 0.1024, -3.1516 0.2878 0.498, -2.4823 0.2878 0.0157, -2.8563 0.2878 0.0157, -2.4823 0.2878 0.1339, -2.8563 0.2878 0.3976, -2.3091 0.2878 0.1339, -2.3091 0.2878 0.498, -2.935 0.2878 0.3976, -2.935 0.2878 0.1417, -2.9642 0.2878 0.1037, -2.9364 0.2878 0.1315, -2.9403 0.2878 0.122, -2.9466 0.2878 0.1139, -2.9547 0.2878 0.1076, -2.1122 0.2878 0.498, -2.1122 0.2878 0.1339, -2.2224 0.2878 0.498, -2.2224 0.2878 0.1339, -1.9154 0.2878 0.498, -1.9154 0.2878 0.1339, -2.0256 0.2878 0.498, -2.0256 0.2878 0.1339, -1.7185 0.2878 0.498, -1.7185 0.2878 0.1339, -1.8287 0.2878 0.498, -1.8287 0.2878 0.1339, -1.5217 0.2878 0.498, -1.5217 0.2878 0.1339, -1.6319 0.2878 0.498, -1.6319 0.2878 0.1339, -1.3248 0.2878 0.498, -1.3248 0.2878 0.1339, -1.435 0.2878 0.498, -1.435 0.2878 0.1339, -1.128 0.2878 0.498, -1.128 0.2878 0.1339, -1.2382 0.2878 0.498, -1.2382 0.2878 0.1339, -0.9311 0.2878 0.498, -0.9311 0.2878 0.1339, -1.0413 0.2878 0.498, -1.0413 0.2878 0.1339, -0.7343 0.2878 0.498, -0.7343 0.2878 0.1339, -0.8445 0.2878 0.498, -0.8445 0.2878 0.1339, -0.5374 0.2878 0.498, -0.5374 0.2878 0.1339, -0.6476 0.2878 0.498, -0.6476 0.2878 0.1339, -0.3406 0.2878 0.498, -0.3406 0.2878 0.1339, -0.4508 0.2878 0.498, -0.4508 0.2878 0.1339, -0.1437 0.2878 0.498, -0.1437 0.2878 0.1339, -0.2539 0.2878 0.498, -0.2539 0.2878 0.1339, 0.0531 0.2878 0.498, 0.0531 0.2878 0.1339, -0.0571 0.2878 0.498, -0.0571 0.2878 0.1339, 0.25 0.2878 0.498, 0.25 0.2878 0.1339, 0.1398 0.2878 0.498, 0.1398 0.2878 0.1339, 0.4469 0.2878 0.498, 0.4469 0.2878 0.1339, 0.3366 0.2878 0.498, 0.3366 0.2878 0.1339, 0.6437 0.2878 0.498, 0.6437 0.2878 0.1339, 0.5335 0.2878 0.498, 0.5335 0.2878 0.1339, 0.8406 0.2878 0.498, 0.8406 0.2878 0.1339, 0.7303 0.2878 0.498, 0.7303 0.2878 0.1339, 1.0374 0.2878 0.498, 1.0374 0.2878 0.1339, 0.9272 0.2878 0.498, 0.9272 0.2878 0.1339, 1.2343 0.2878 0.498, 1.2343 0.2878 0.1339, 1.124 0.2878 0.498, 1.124 0.2878 0.1339, 1.4311 0.2878 0.498, 1.4311 0.2878 0.1339, 1.3209 0.2878 0.498, 1.3209 0.2878 0.1339, 1.628 0.2878 0.498, 1.628 0.2878 0.1339, 1.5177 0.2878 0.498, 1.5177 0.2878 0.1339, 1.8248 0.2878 0.498, 1.8248 0.2878 0.1339, 1.7146 0.2878 0.498, 1.7146 0.2878 0.1339, 2.0217 0.2878 0.498, 2.0217 0.2878 0.1339, 1.9114 0.2878 0.498, 1.9114 0.2878 0.1339, 2.2185 0.2878 0.498, 2.2185 0.2878 0.1339, 2.1083 0.2878 0.498, 2.1083 0.2878 0.1339, 3.1673 -0.3707 0.4347, 3.1673 -0.3538 0.4347, 3.1673 -0.3538 0.4499, 3.1673 -0.4279 0.381, 3.1673 -0.4291 0.3809, 3.1673 -0.4162 0.3809, 3.1673 -0.3119 0.466, 3.1673 -0.3174 0.4806, 3.1673 -0.3369 0.4806, 3.1673 -0.6372 0.5254, 3.1673 -0.629 0.5199, 3.1673 -0.5404 0.5199, 3.1673 -0.6203 0.514, 3.1673 -0.6078 0.4996, 3.1673 -0.5653 0.4499, 3.1673 -0.5404 0.4499, 3.1673 -0.5687 0.4584, 3.1673 -0.5764 0.4692, 3.1673 -0.5867 0.4778, 3.1673 -0.5998 0.484, 3.1673 -0.598 0.4834, 3.1673 -0.7082 0.5247, 3.1673 -0.6907 0.5314, 3.1673 -1.1343 0.5602, 3.1673 -0.6719 0.5337, 3.1673 -0.5404 0.5602, 3.1673 -0.6563 0.5321, 3.1673 -0.716 0.5199, 3.1673 -1.1343 0.5199, 3.1673 -0.7175 0.5189, 3.1673 -0.7957 0.473, 3.1673 -0.7865 0.4848, 3.1673 -0.7579 0.5012, 3.1673 -0.7429 0.503, 3.1673 -0.7264 0.5113, 3.1673 -0.7385 0.5028, 3.1673 -0.7342 0.5022, 3.1673 -0.784 0.4872, 3.1673 -0.7719 0.4957, 3.1673 -0.7766 0.3901, 3.1673 -0.7884 0.4002, 3.1673 -1.1343 0.3809, 3.1673 -0.7629 0.3834, 3.1673 -0.7971 0.4125, 3.1673 -0.8025 0.4266, 3.1673 -1.1343 0.4499, 3.1673 -0.8044 0.4415, 3.1673 -0.8043 0.4451, 3.1673 -0.8034 0.4499, 3.1673 -0.8017 0.4594, 3.1673 -0.7581 0.3819, 3.1673 -0.7576 0.3809, 3.1673 -0.7546 0.3744, 3.1673 -0.7491 0.3673, 3.1673 -1.4642 0.0157, 3.1673 -1.1343 0.0157, 3.1673 -1.1343 0.3598, 3.1673 -0.8933 0.0157, 3.1673 -0.8933 0.1024, 3.1673 -0.7332 0.3578, 3.1673 -0.7377 0.3598, 3.1673 -0.7418 0.3616, 3.1673 -0.5404 0.1024, 3.1673 -0.722 0.3561, 3.1673 -0.7242 0.3562, 3.1673 -0.5404 0.3598, 3.1673 -0.5404 0.3809, 3.1673 -0.6865 0.3809, 3.1673 -0.6865 0.3806, 3.1673 -0.6911 0.3722, 3.1673 -0.6975 0.3652, 3.1673 -0.7051 0.3601, 3.1673 -0.7061 0.3598, 3.1673 -0.7137 0.3571, 3.1673 -0.638 0.4033, 3.1673 -0.6354 0.4043, 3.1673 -0.6309 0.426, 3.1673 -0.6936 0.4195, 3.1673 -0.6427 0.4461, 3.1673 -0.6997 0.4252, 3.1673 -0.7076 0.4296, 3.1673 -0.6403 0.4016, 3.1673 -0.5763 0.3983, 3.1673 -0.5866 0.3895, 3.1673 -0.586 0.4376, 3.1673 -0.5879 0.4448, 3.1673 -0.5907 0.4499, 3.1673 -0.7796 0.4499, 3.1673 -0.5687 0.4088, 3.1673 -0.6325 0.4047, 3.1673 -0.6321 0.4047, 3.1673 -0.6309 0.4044, 3.1673 -0.564 0.4468, 3.1673 -0.5622 0.4343, 3.1673 -0.564 0.4208, 3.1673 -0.7799 0.436, 3.1673 -0.753 0.4162, 3.1673 -0.7805 0.4423, 3.1673 -0.7466 0.4232, 3.1673 -0.7387 0.4285, 3.1673 -0.6442 0.3929, 3.1673 -0.6441 0.3944, 3.1673 -0.6841 0.3979, 3.1673 -0.6434 0.3973, 3.1673 -0.6419 0.3999, 3.1673 -0.7771 0.4267, 3.1673 -0.7721 0.4186, 3.1673 -0.7573 0.4084, 3.1673 -0.7651 0.4118, 3.1673 -0.7577 0.4074, 3.1673 -0.6354 0.3815, 3.1673 -0.6379 0.3825, 3.1673 -0.6403 0.3843, 3.1673 -0.6412 0.3852, 3.1673 -0.6429 0.3875, 3.1673 -0.6439 0.3901, 3.1673 -0.6843 0.39, 3.1673 -0.6841 0.3941, 3.1673 -0.7303 0.4315, 3.1673 -0.722 0.4324, 3.1673 -0.7167 0.4321, 3.1673 -0.5935 0.4138, 3.1673 -0.5893 0.4198, 3.1673 -0.5867 0.4265, 3.1673 -0.5858 0.4339, 3.1673 -0.5982 0.3839, 3.1673 -0.6108 0.3812, 3.1673 -0.6332 0.3812, 3.1673 -0.6302 0.4043, 3.1673 -0.6131 0.4043, 3.1673 -0.6062 0.4057, 3.1673 -0.5995 0.4088, 3.1673 -0.5939 0.4134, 3.1673 -0.6267 0.4865, 3.1673 -0.6353 0.4967, 3.1673 -0.7224 0.4745, 3.1673 -0.6361 0.4974, 3.1673 -0.6467 0.5048, 3.1673 -0.7166 0.4866, 3.1673 -0.726 0.4764, 3.1673 -0.7345 0.4793, 3.1673 -0.5914 0.4513, 3.1673 -0.5956 0.4559, 3.1673 -0.6154 0.4635, 3.1673 -0.6015 0.4601, 3.1673 -0.6081 0.4626, 3.1673 -0.6184 0.4635, 3.1673 -0.6208 0.4743, 3.1673 -0.7425 0.4802, 3.1673 -0.7466 0.48, 3.1673 -0.7795 0.4506, 3.1673 -0.7765 0.4592, 3.1673 -0.7081 0.4968, 3.1673 -0.6586 0.5094, 3.1673 -0.698 0.5041, 3.1673 -0.6715 0.511, 3.1673 -0.6856 0.5092, 3.1673 -0.756 0.4778, 3.1673 -0.7644 0.4732, 3.1673 -0.7714 0.4668, 3.1673 -0.3043 0.466, 3.1673 -0.3369 0.4499, 3.1673 -0.3246 0.5194, 3.1673 0.1697 0.498, 3.1673 0.2681 0.4499, 3.1673 0.2681 0.498, 3.1673 0.1697 0.5199, 3.1673 -0.3369 0.5199, 3.1673 -0.332 0.5194, 3.1673 -0.3369 0.5064, 3.1673 -0.3447 0.466, 3.1673 -0.3523 0.466, 3.1673 -0.3396 0.4806, 3.1673 -0.41 0.5133, 3.1673 -0.4038 0.5199, 3.1673 -0.41 0.5194, 3.1673 -0.4162 0.5199, 3.1673 -0.4162 0.5194, 3.1673 -0.4307 0.4901, 3.1673 -0.4307 0.4721, 3.1673 -0.4162 0.4901, 3.1673 -0.4162 0.4721, 3.1673 -0.4116 0.4901, 3.1673 -0.4088 0.4721, 3.1673 -0.4116 0.4962, 3.1673 -0.4307 0.5133, 3.1673 -0.4307 0.4962, 3.1673 -0.4162 0.5133, 3.1673 -0.4162 0.4962, 3.1673 -0.4375 0.466, 3.1673 -0.4406 0.4499, 3.1673 -0.4162 0.466, 3.1673 -0.4162 0.4499, 3.1673 -0.4088 0.466, 3.1673 -0.4038 0.4499, 3.1673 -0.4375 0.5194, 3.1673 -0.4406 0.5199, 3.1673 -0.4554 0.5199, 3.1673 -0.4535 0.5197, 3.1673 -0.4482 0.5181, 3.1673 -0.4482 0.5109, 3.1673 -0.4482 0.4749, 3.1673 -0.4482 0.4683, 3.1673 -0.4598 0.4714, 3.1673 -0.4537 0.4724, 3.1673 -0.481 0.4916, 3.1673 -0.481 0.4921, 3.1673 -0.476 0.5074, 3.1673 -0.4785 0.5036, 3.1673 -0.4802 0.4989, 3.1673 -0.4545 0.5134, 3.1673 -0.4608 0.5141, 3.1673 -0.4632 0.514, 3.1673 -0.4678 0.513, 3.1673 -0.4801 0.4851, 3.1673 -0.4784 0.4807, 3.1673 -0.4757 0.4769, 3.1673 -0.4709 0.4732, 3.1673 -0.467 0.4718, 3.1673 -0.462 0.4713, 3.1673 -0.4723 0.4666, 3.1673 -0.4773 0.469, 3.1673 -0.4858 0.4499, 3.1673 -0.4813 0.4724, 3.1673 -0.482 0.4731, 3.1673 -0.4491 0.5114, 3.1673 -0.4719 0.511, 3.1673 -0.4754 0.5082, 3.1673 -0.4744 0.4756, 3.1673 -0.454 0.4661, 3.1673 -0.463 0.4651, 3.1673 -0.4666 0.4653, 3.1673 -0.4604 0.5203, 3.1673 -0.4406 0.5602, 3.1673 -0.4609 0.5203, 3.1673 -0.4858 0.5602, 3.1673 -0.4645 0.5199, 3.1673 -0.4743 0.5172, 3.1673 -0.4687 0.5194, 3.1673 -0.4858 0.5199, 3.1673 -0.4842 0.5077, 3.1673 -0.4805 0.5125, 3.1673 -0.4792 0.5137, 3.1673 -0.4851 0.4777, 3.1673 -0.4858 0.4796, 3.1673 -0.489 0.4499, 3.1673 -0.489 0.5199, 3.1673 -0.4868 0.5018, 3.1673 -0.4858 0.504, 3.1673 -0.4872 0.4834, 3.1673 -0.4882 0.4917, 3.1673 -0.4881 0.4949, 3.1673 -0.3538 0.5199, 3.1673 -0.3743 0.5199, 3.1673 -0.3743 0.5182, 3.1673 -0.3555 0.4896, 3.1673 -0.3569 0.4834, 3.1673 -0.3686 0.516, 3.1673 -0.3633 0.5124, 3.1673 -0.3611 0.5102, 3.1673 -0.3596 0.478, 3.1673 -0.3633 0.4735, 3.1673 -0.3641 0.4728, 3.1673 -0.3579 0.5054, 3.1673 -0.356 0.5002, 3.1673 -0.3553 0.4934, 3.1673 -0.3693 0.4693, 3.1673 -0.3743 0.4675, 3.1673 -0.3743 0.4499, 3.1673 -0.3755 0.467, 3.1673 -0.3841 0.466, 3.1673 -0.3987 0.466, 3.1673 -0.3987 0.5194, 3.1673 -0.3835 0.5194, 3.1673 -0.375 0.5184, 3.1673 -0.482 0.3977, 3.1673 -0.4807 0.3996, 3.1673 -0.4797 0.4103, 3.1673 -0.4652 0.3818, 3.1673 -0.4677 0.3809, 3.1673 -0.4595 0.3814, 3.1673 -0.4628 0.3834, 3.1673 -0.4779 0.3819, 3.1673 -0.4858 0.3809, 3.1673 -0.4753 0.3809, 3.1673 -0.4752 0.3809, 3.1673 -0.4823 0.3863, 3.1673 -0.4831 0.3885, 3.1673 -0.4834 0.3916, 3.1673 -0.4597 0.4191, 3.1673 -0.4426 0.4137, 3.1673 -0.4414 0.4156, 3.1673 -0.4786 0.4014, 3.1673 -0.4757 0.4028, 3.1673 -0.4754 0.4131, 3.1673 -0.4708 0.404, 3.1673 -0.4649 0.4147, 3.1673 -0.4672 0.4149, 3.1673 -0.4712 0.4145, 3.1673 -0.4801 0.3835, 3.1673 -0.4809 0.3842, 3.1673 -0.4595 0.3873, 3.1673 -0.4596 0.3873, 3.1673 -0.4607 0.3857, 3.1673 -0.4834 0.3925, 3.1673 -0.4829 0.3954, 3.1673 -0.4575 0.4178, 3.1673 -0.4557 0.4161, 3.1673 -0.4434 0.4116, 3.1673 -0.4543 0.414, 3.1673 -0.4533 0.4109, 3.1673 -0.4625 0.42, 3.1673 -0.4666 0.4204, 3.1673 -0.4729 0.4197, 3.1673 -0.4797 0.4168, 3.1673 -0.4779 0.4178, 3.1673 -0.4407 0.402, 3.1673 -0.4437 0.3896, 3.1673 -0.4406 0.402, 3.1673 -0.4411 0.388, 3.1673 -0.4406 0.3878, 3.1673 -0.4418 0.4032, 3.1673 -0.4427 0.4046, 3.1673 -0.4528 0.4059, 3.1673 -0.4434 0.4066, 3.1673 -0.4437 0.4092, 3.1673 -0.4595 0.4056, 3.1673 -0.4597 0.4086, 3.1673 -0.4604 0.4109, 3.1673 -0.4612 0.4123, 3.1673 -0.4622 0.4134, 3.1673 -0.4634 0.4142, 3.1673 -0.4713 0.3805, 3.1673 -0.4858 0.3598, 3.1673 -0.4679 0.3808, 3.1673 -0.4406 0.3598, 3.1673 -0.4437 0.3827, 3.1673 -0.4528 0.3814, 3.1673 -0.4406 0.3816, 3.1673 -0.4406 0.3809, 3.1673 -0.4389 0.381, 3.1673 -0.4378 0.3809, 3.1673 -0.4334 0.3805, 3.1673 -0.4162 0.3598, 3.1673 -0.4198 0.4187, 3.1673 -0.4198 0.4122, 3.1673 -0.4394 0.4173, 3.1673 -0.4374 0.4185, 3.1673 -0.4183 0.389, 3.1673 -0.4191 0.3869, 3.1673 -0.4204 0.3852, 3.1673 -0.4406 0.4162, 3.1673 -0.4337 0.4198, 3.1673 -0.4288 0.4204, 3.1673 -0.4252 0.4201, 3.1673 -0.4202 0.398, 3.1673 -0.419 0.3962, 3.1673 -0.4183 0.3942, 3.1673 -0.418 0.3917, 3.1673 -0.4223 0.3835, 3.1673 -0.4243 0.3823, 3.1673 -0.4295 0.4149, 3.1673 -0.4315 0.4148, 3.1673 -0.4368 0.4098, 3.1673 -0.4333 0.4143, 3.1673 -0.4348 0.4135, 3.1673 -0.4367 0.4089, 3.1673 -0.4365 0.4079, 3.1673 -0.436 0.407, 3.1673 -0.4353 0.4063, 3.1673 -0.433 0.4048, 3.1673 -0.4251 0.4144, 3.1673 -0.4288 0.403, 3.1673 -0.4213 0.413, 3.1673 -0.4262 0.4019, 3.1673 -0.4218 0.3995, 3.1673 -0.4358 0.4126, 3.1673 -0.4363 0.4118, 3.1673 -0.4367 0.4109, 3.1673 -0.4369 0.3864, 3.1673 -0.4336 0.3981, 3.1673 -0.4375 0.3999, 3.1673 -0.4327 0.3859, 3.1673 -0.4324 0.3859, 3.1673 -0.4292 0.3963, 3.1673 -0.429 0.3863, 3.1673 -0.4248 0.3911, 3.1673 -0.4249 0.3919, 3.1673 -0.4273 0.3869, 3.1673 -0.4267 0.3873, 3.1673 -0.4259 0.388, 3.1673 -0.4253 0.3889, 3.1673 -0.425 0.3898, 3.1673 -0.4252 0.393, 3.1673 -0.4257 0.3938, 3.1673 -0.4266 0.3947, 3.1673 -0.3848 0.4195, 3.1673 -0.3779 0.4195, 3.1673 -0.3743 0.3809, 3.1673 -0.3971 0.3908, 3.1673 -0.3962 0.3877, 3.1673 -0.3961 0.3877, 3.1673 -0.4038 0.4102, 3.1673 -0.3952 0.3908, 3.1673 -0.3958 0.389, 3.1673 -0.4038 0.3923, 3.1673 -0.4145 0.4195, 3.1673 -0.407 0.4195, 3.1673 -0.3998 0.3809, 3.1673 -0.3995 0.3814, 3.1673 -0.4038 0.3721, 3.1673 -0.4038 0.3721, 3.1673 -0.4038 0.3809, 3.1673 -0.4025 0.3745, 3.1673 -0.4131 0.3699, 3.1673 -0.4131 0.364, 3.1673 -0.4118 0.3695, 3.1673 -0.4093 0.3691, 3.1673 -0.4077 0.3693, 3.1673 -0.4038 0.3646, 3.1673 -0.4061 0.3637, 3.1673 -0.4038 0.3598, 3.1673 -0.4088 0.3634, 3.1673 -0.4103 0.3635, 3.1673 -0.4063 0.3699, 3.1673 -0.405 0.3707, 3.1673 -0.3952 0.3756, 3.1673 -0.3982 0.3697, 3.1673 -0.3743 0.3598, 3.1673 -0.3931 0.3809, 3.1673 -0.4007 0.3668, 3.1673 -0.4011 0.3664, 3.1673 -0.4035 0.3647, 3.1673 -0.3432 0.4347, 3.1673 -0.3432 0.4286, 3.1673 -0.342 0.3875, 3.1673 -0.3369 0.3809, 3.1673 -0.342 0.3814, 3.1673 -0.3538 0.3809, 3.1673 -0.3638 0.4054, 3.1673 -0.3638 0.3875, 3.1673 -0.3538 0.4054, 3.1673 -0.3538 0.3875, 3.1673 -0.3447 0.4054, 3.1673 -0.3447 0.4115, 3.1673 -0.3538 0.4115, 3.1673 -0.3538 0.4286, 3.1673 -0.3638 0.4115, 3.1673 -0.3638 0.4286, 3.1673 -0.3538 0.3814, 3.1673 -0.3707 0.3814, 3.1673 0.2681 0.1024, 3.1673 0.2681 0.3598, 3.1673 -0.3369 0.1024, 3.1673 -0.3369 0.3598, 3.1673 -0.3538 0.1024, 3.1673 -0.3538 0.3598, 3.1673 -0.3743 0.1024, 3.1673 -0.4038 0.1024, 3.1673 -0.4162 0.1024, 3.1673 -0.4406 0.1024, 3.1673 -0.4858 0.1024, 3.1673 -0.489 0.1024, 3.1673 -0.489 0.3598, 3.1673 -0.2855 0.3814, 3.1673 -0.2886 0.4049, 3.1673 -0.29 0.3988, 3.1673 -0.2652 0.4347, 3.1673 -0.2578 0.4347, 3.1673 -0.2927 0.3933, 3.1673 -0.2965 0.3888, 3.1673 -0.2973 0.3881, 3.1673 -0.3167 0.4347, 3.1673 -0.3082 0.4338, 3.1673 -0.2884 0.4087, 3.1673 -0.2892 0.4155, 3.1673 -0.2965 0.4277, 3.1673 -0.2943 0.4255, 3.1673 -0.2911 0.4207, 3.1673 -0.3025 0.3846, 3.1673 -0.3087 0.3823, 3.1673 -0.3172 0.3814, 3.1673 -0.3018 0.4313, 3.1673 -0.2505 0.396, 3.1673 -0.2727 0.396, 3.1673 -0.2451 0.3814, 3.1673 -0.2779 0.3814, 3.1673 0.2681 0.3809, 3.1673 -0.2375 0.3814, 3.1673 -0.3319 0.3814, 3.1673 -0.3319 0.4347, 3.1673 0.1697 0.5602, 3.1673 -0.3369 0.5602, 3.1673 -0.3538 0.5602, 3.1673 -0.3743 0.5602, 3.1673 -0.4038 0.5602, 3.1673 -0.4162 0.5602, 3.1673 -0.489 0.3809, 3.1673 -0.4898 0.3875, 3.1673 -0.4898 0.3814, 3.1673 -0.5185 0.3814, 3.1673 -0.491 0.4286, 3.1673 -0.5185 0.4347, 3.1673 -0.491 0.4347, 3.1673 -0.5116 0.4054, 3.1673 -0.5116 0.3875, 3.1673 -0.4925 0.4054, 3.1673 -0.4925 0.4115, 3.1673 -0.5116 0.4115, 3.1673 -0.5116 0.4286, 3.1673 -0.5116 0.5194, 3.1673 -0.5116 0.4721, 3.1673 -0.4904 0.4721, 3.1673 -0.5185 0.466, 3.1673 -0.5185 0.5194, 3.1673 -0.4904 0.466, 3.1673 -0.489 0.5602, 3.1673 -1.4642 0.3598, 3.1673 -1.4642 0.3809, 3.1673 -1.4642 0.4499, 3.1673 -1.4642 0.5199, 3.1673 -1.4642 0.5602, 3.1673 0.1697 0.5866, 3.1673 -0.3369 0.5866, 3.1673 -0.3538 0.5866, 3.1673 -0.3743 0.5866, 3.1673 -0.4038 0.5866, 3.1673 -0.4162 0.5866, 3.1673 -0.4406 0.5866, 3.1673 -0.4858 0.5866, 3.1673 -0.489 0.5866, 3.1673 -0.5404 0.5866, 3.1673 -1.1343 0.5866, 3.1673 -1.4642 0.5866, 2.9311 0.2878 0.1417, 2.9311 0.2878 0.3976, 2.9705 0.2878 0.1024, 2.9324 0.2878 0.1315, 2.8524 0.2878 0.0157, 2.4783 0.2878 0.0157, 2.8524 0.2878 0.3976, 2.4783 0.2878 0.1339, 2.3051 0.2878 0.1339, 2.9508 0.2878 0.1076, 2.9426 0.2878 0.1139, 2.9364 0.2878 0.122, 2.3051 0.2878 0.498, 3.1476 0.2878 0.498, 3.1476 0.2878 0.1024, 2.9603 0.2878 0.1037, -2.8563 -0.8933 0.0157, 3.1476 -1.4839 0.0157, -3.1516 -1.4839 0.0157, -2.4823 0.2484 0.0157, 3.1527 -1.4832 0.0157, -3.1713 -0.8933 0.0157, -3.1713 -1.4642 0.0157, -3.1567 -1.4832 0.0157, 2.4783 0.2484 0.0157, 2.8524 -0.8933 0.0157, -3.1614 -1.4812 0.0157, -3.1655 -1.4781 0.0157, -3.1706 -1.4693 0.0157, -3.1686 -1.474 0.0157, 3.1667 -1.4693 0.0157, 3.1647 -1.474 0.0157, 3.1616 -1.4781 0.0157, 3.1575 -1.4812 0.0157, -3.1713 -0.8933 0.1024, -3.1713 -1.4642 0.5866, -3.1713 0.2681 0.498, -3.1713 0.2681 0.1024, -3.1713 0.1697 0.498, -3.1713 0.1697 0.5866, -2.3091 -0.5784 0.5079, -2.4823 -0.5784 0.5079, -2.3091 -0.1846 0.5079, -2.4823 -0.1846 0.5079, -2.4823 -0.5784 0.5866, -2.2224 -0.5784 0.5079, -2.1122 -0.5784 0.5079, -2.2224 -0.5784 0.5591, -2.1122 -0.5784 0.5591, -0.0571 -0.5784 0.5591, -0.0571 -0.5784 0.5079, 0.0531 -0.5784 0.5079, -2.3091 -0.5784 0.5591, 2.4783 -0.5784 0.5866, -2.0256 -0.5784 0.5591, -2.0256 -0.5784 0.5079, -1.9154 -0.5784 0.5079, -1.9154 -0.5784 0.5591, -1.8287 -0.5784 0.5591, -1.8287 -0.5784 0.5079, -1.7185 -0.5784 0.5079, -1.7185 -0.5784 0.5591, -1.6319 -0.5784 0.5591, -1.6319 -0.5784 0.5079, -1.5217 -0.5784 0.5079, -1.5217 -0.5784 0.5591, -1.435 -0.5784 0.5591, 0.7303 -0.5784 0.5591, 0.7303 -0.5784 0.5079, 0.8406 -0.5784 0.5079, -1.435 -0.5784 0.5079, -1.3248 -0.5784 0.5079, -1.3248 -0.5784 0.5591, -1.2382 -0.5784 0.5591, 0.8406 -0.5784 0.5591, 0.9272 -0.5784 0.5591, -1.2382 -0.5784 0.5079, -1.128 -0.5784 0.5079, -1.128 -0.5784 0.5591, -1.0413 -0.5784 0.5591, 1.124 -0.5784 0.5591, 1.124 -0.5784 0.5079, 1.2343 -0.5784 0.5079, 0.0531 -0.5784 0.5591, 0.1398 -0.5784 0.5591, -1.0413 -0.5784 0.5079, -0.9311 -0.5784 0.5079, -0.9311 -0.5784 0.5591, -0.8445 -0.5784 0.5591, 0.1398 -0.5784 0.5079, 0.25 -0.5784 0.5079, 0.25 -0.5784 0.5591, 0.3366 -0.5784 0.5591, -0.8445 -0.5784 0.5079, -0.7343 -0.5784 0.5079, -0.7343 -0.5784 0.5591, -0.6476 -0.5784 0.5591, 1.2343 -0.5784 0.5591, 1.3209 -0.5784 0.5591, 1.5177 -0.5784 0.5591, 1.5177 -0.5784 0.5079, 1.628 -0.5784 0.5079, 0.3366 -0.5784 0.5079, 0.4469 -0.5784 0.5079, 0.4469 -0.5784 0.5591, 0.5335 -0.5784 0.5591, 1.0374 -0.5784 0.5591, 1.0374 -0.5784 0.5079, 0.9272 -0.5784 0.5079, -0.6476 -0.5784 0.5079, -0.5374 -0.5784 0.5079, -0.5374 -0.5784 0.5591, -0.4508 -0.5784 0.5591, 0.5335 -0.5784 0.5079, 0.6437 -0.5784 0.5079, 0.6437 -0.5784 0.5591, 1.628 -0.5784 0.5591, 1.7146 -0.5784 0.5591, -0.4508 -0.5784 0.5079, -0.3406 -0.5784 0.5079, -0.3406 -0.5784 0.5591, -0.2539 -0.5784 0.5591, -0.1437 -0.5784 0.5591, -0.1437 -0.5784 0.5079, -0.2539 -0.5784 0.5079, 1.3209 -0.5784 0.5079, 1.4311 -0.5784 0.5079, 1.4311 -0.5784 0.5591, 1.9114 -0.5784 0.5591, 1.9114 -0.5784 0.5079, 2.0217 -0.5784 0.5079, 2.0217 -0.5784 0.5591, 2.1083 -0.5784 0.5591, 1.8248 -0.5784 0.5591, 1.8248 -0.5784 0.5079, 1.7146 -0.5784 0.5079, 2.3051 -0.5784 0.5079, 2.4783 -0.5784 0.5079, 2.3051 -0.5784 0.5591, 2.2185 -0.5784 0.5591, 2.2185 -0.5784 0.5079, 2.1083 -0.5784 0.5079, -3.1516 -1.4642 0.6063, -2.6988 -1.4642 0.6063, -3.1516 0.1697 0.6063, -2.6988 -0.6374 0.6063, -2.502 -0.6374 0.6063, -2.502 -0.5587 0.6063, 3.1476 0.1697 0.6063, 2.498 -0.5587 0.6063, 2.6949 -1.4642 0.6063, 3.1476 -1.4642 0.6063, 2.6949 -0.6374 0.6063, 2.498 -0.6374 0.6063, -2.3091 0.2484 0.1339, -2.4823 0.2484 0.1339, -2.2224 0.2484 0.1339, -2.1122 0.2484 0.1339, -2.0256 0.2484 0.1339, -1.9154 0.2484 0.1339, -1.8287 0.2484 0.1339, -1.7185 0.2484 0.1339, -1.6319 0.2484 0.1339, -1.5217 0.2484 0.1339, -1.435 0.2484 0.1339, -1.3248 0.2484 0.1339, -1.2382 0.2484 0.1339, -1.128 0.2484 0.1339, -1.0413 0.2484 0.1339, -0.9311 0.2484 0.1339, -0.8445 0.2484 0.1339, -0.7343 0.2484 0.1339, -0.6476 0.2484 0.1339, -0.5374 0.2484 0.1339, -0.4508 0.2484 0.1339, -0.3406 0.2484 0.1339, -0.2539 0.2484 0.1339, -0.1437 0.2484 0.1339, -0.0571 0.2484 0.1339, 0.0531 0.2484 0.1339, 0.1398 0.2484 0.1339, 0.25 0.2484 0.1339, 0.3366 0.2484 0.1339, 0.4469 0.2484 0.1339, 0.5335 0.2484 0.1339, 0.6437 0.2484 0.1339, 0.7303 0.2484 0.1339, 0.8406 0.2484 0.1339, 0.9272 0.2484 0.1339, 1.0374 0.2484 0.1339, 1.124 0.2484 0.1339, 1.2343 0.2484 0.1339, 1.3209 0.2484 0.1339, 1.4311 0.2484 0.1339, 1.5177 0.2484 0.1339, 1.628 0.2484 0.1339, 1.7146 0.2484 0.1339, 1.8248 0.2484 0.1339, 1.9114 0.2484 0.1339, 2.0217 0.2484 0.1339, 2.1083 0.2484 0.1339, 2.2185 0.2484 0.1339, 2.3051 0.2484 0.1339, 2.4783 0.2484 0.1339, 3.1476 -1.4839 0.5866, 2.6752 -1.4839 0.5866, 2.6752 -1.4839 0.1811, 2.4783 -1.4839 0.1811, 2.2028 -1.4839 0.1929, 2.124 -1.4839 0.1929, 2.2028 -1.4839 0.1339, 2.124 -1.4839 0.1339, 1.2185 -1.4839 0.1339, 1.2185 -1.4839 0.1929, 1.1398 -1.4839 0.1929, 1.1398 -1.4839 0.1339, 1.0217 -1.4839 0.1339, 2.4783 -1.4839 0.1929, 2.3209 -1.4839 0.1929, 2.3209 -1.4839 0.1339, 2.0059 -1.4839 0.1339, 2.0059 -1.4839 0.1929, 1.9272 -1.4839 0.1929, 1.9272 -1.4839 0.1339, 1.8091 -1.4839 0.1339, 0.4311 -1.4839 0.1339, 0.4311 -1.4839 0.1929, 0.3524 -1.4839 0.1929, 1.8091 -1.4839 0.1929, 1.7303 -1.4839 0.1929, 1.7303 -1.4839 0.1339, 1.6122 -1.4839 0.1339, 0.3524 -1.4839 0.1339, 0.2343 -1.4839 0.1339, 1.6122 -1.4839 0.1929, 1.5335 -1.4839 0.1929, 1.5335 -1.4839 0.1339, 1.4154 -1.4839 0.1339, 1.0217 -1.4839 0.1929, 0.9429 -1.4839 0.1929, 0.9429 -1.4839 0.1339, 0.8248 -1.4839 0.1339, 1.4154 -1.4839 0.1929, 1.3366 -1.4839 0.1929, 1.3366 -1.4839 0.1339, -0.1594 -1.4839 0.1339, -0.1594 -1.4839 0.1929, -0.2382 -1.4839 0.1929, 0.8248 -1.4839 0.1929, 0.7461 -1.4839 0.1929, 0.7461 -1.4839 0.1339, 0.628 -1.4839 0.1339, 0.628 -1.4839 0.1929, 0.5492 -1.4839 0.1929, 0.5492 -1.4839 0.1339, -0.2382 -1.4839 0.1339, -0.3563 -1.4839 0.1339, -0.5531 -1.4839 0.1339, -0.5531 -1.4839 0.1929, -0.6319 -1.4839 0.1929, 0.2343 -1.4839 0.1929, 0.1555 -1.4839 0.1929, 0.1555 -1.4839 0.1339, 0.0374 -1.4839 0.1339, 0.0374 -1.4839 0.1929, -0.0413 -1.4839 0.1929, -0.0413 -1.4839 0.1339, -0.6319 -1.4839 0.1339, -0.75 -1.4839 0.1339, -0.435 -1.4839 0.1339, -0.435 -1.4839 0.1929, -0.3563 -1.4839 0.1929, -1.3406 -1.4839 0.1339, -1.3406 -1.4839 0.1929, -1.4193 -1.4839 0.1929, -0.75 -1.4839 0.1929, -0.8287 -1.4839 0.1929, -0.8287 -1.4839 0.1339, -0.9469 -1.4839 0.1339, -0.9469 -1.4839 0.1929, -1.0256 -1.4839 0.1929, -1.0256 -1.4839 0.1339, -1.1437 -1.4839 0.1339, -1.4193 -1.4839 0.1339, -1.5374 -1.4839 0.1339, -1.7343 -1.4839 0.1339, -1.7343 -1.4839 0.1929, -1.813 -1.4839 0.1929, -1.2224 -1.4839 0.1339, -1.2224 -1.4839 0.1929, -1.1437 -1.4839 0.1929, -1.813 -1.4839 0.1339, -1.9311 -1.4839 0.1339, -1.6161 -1.4839 0.1339, -1.6161 -1.4839 0.1929, -1.5374 -1.4839 0.1929, -2.128 -1.4839 0.1339, -2.128 -1.4839 0.1929, -2.2067 -1.4839 0.1929, -2.2067 -1.4839 0.1339, -2.3248 -1.4839 0.1339, -2.0098 -1.4839 0.1339, -2.0098 -1.4839 0.1929, -1.9311 -1.4839 0.1929, -2.6791 -1.4839 0.5866, -3.1516 -1.4839 0.5866, -2.6791 -1.4839 0.1811, -2.4823 -1.4839 0.1811, -2.4823 -1.4839 0.1929, -2.3248 -1.4839 0.1929, -2.4823 -0.6571 0.1929, -2.3248 -0.1846 0.1929, -2.4823 -0.1846 0.1929, -2.3248 -0.1846 0.1339, -2.3091 -0.1846 0.1339, -2.4823 -0.6571 0.5866, -2.8563 -0.8933 0.3976, -2.935 -0.8933 0.3976, -2.935 -0.8933 0.1417, -2.9364 -0.8933 0.1315, -2.9403 -0.8933 0.122, -2.9642 -0.8933 0.1037, -2.9547 -0.8933 0.1076, -2.9466 -0.8933 0.1139, -2.9744 -0.8933 0.1024, -3.1708 0.2725 0.1024, -3.1693 0.2766 0.1024, -3.167 0.2804 0.1024, -3.1638 0.2835 0.1024, -3.1601 0.2858 0.1024, -3.156 0.2873 0.1024, -0.3406 -0.1846 0.5079, -0.4508 -0.1846 0.5079, -0.3406 -0.1846 0.1339, -0.3563 -0.1846 0.1339, -0.2382 -0.1846 0.1339, -0.2539 -0.1846 0.1339, -0.2382 -0.1846 0.1929, -0.1594 -0.1846 0.1339, -0.1437 -0.1846 0.1339, -0.1594 -0.1846 0.1929, -0.1437 -0.1846 0.5079, -0.2539 -0.1846 0.5079, -0.2539 0.1697 0.5591, -0.2539 0.1697 0.498, -0.4508 -0.1846 0.1339, -0.435 -0.1846 0.1339, -0.435 -0.1846 0.1929, -0.3563 -0.1846 0.1929, -0.3406 0.1697 0.498, -0.3406 0.1697 0.5591, -0.8445 -0.1846 0.1339, -0.8287 -0.1846 0.1339, -0.8287 -0.1846 0.1929, -0.75 -0.1846 0.1339, -0.7343 -0.1846 0.1339, -0.75 -0.1846 0.1929, -0.7343 -0.1846 0.5079, -0.8445 -0.1846 0.5079, -1.0413 -0.1846 0.1339, -1.0256 -0.1846 0.1339, -1.0256 -0.1846 0.1929, -0.9469 -0.1846 0.1339, -0.9311 -0.1846 0.1339, -0.9469 -0.1846 0.1929, -0.9311 -0.1846 0.5079, -1.0413 -0.1846 0.5079, -1.2382 -0.1846 0.1339, -1.2224 -0.1846 0.1339, -1.2224 -0.1846 0.1929, -1.1437 -0.1846 0.1339, -1.128 -0.1846 0.1339, -1.1437 -0.1846 0.1929, -1.128 -0.1846 0.5079, -1.2382 -0.1846 0.5079, -1.435 -0.1846 0.1339, -1.4193 -0.1846 0.1339, -1.4193 -0.1846 0.1929, -1.3406 -0.1846 0.1339, -1.3248 -0.1846 0.1339, -1.3406 -0.1846 0.1929, -1.3248 -0.1846 0.5079, -1.435 -0.1846 0.5079, -1.6319 -0.1846 0.1339, -1.6161 -0.1846 0.1339, -1.6161 -0.1846 0.1929, -1.5374 -0.1846 0.1339, -1.5217 -0.1846 0.1339, -1.5374 -0.1846 0.1929, -1.5217 -0.1846 0.5079, -1.6319 -0.1846 0.5079, -1.8287 -0.1846 0.1339, -1.813 -0.1846 0.1339, -1.813 -0.1846 0.1929, -1.7343 -0.1846 0.1339, -1.7185 -0.1846 0.1339, -1.7343 -0.1846 0.1929, -1.7185 -0.1846 0.5079, -1.8287 -0.1846 0.5079, -2.0256 -0.1846 0.1339, -2.0098 -0.1846 0.1339, -2.0098 -0.1846 0.1929, -1.9311 -0.1846 0.1339, -1.9154 -0.1846 0.1339, -1.9311 -0.1846 0.1929, -1.9154 -0.1846 0.5079, -2.0256 -0.1846 0.5079, -2.2224 -0.1846 0.1339, -2.2067 -0.1846 0.1339, -2.2067 -0.1846 0.1929, -2.128 -0.1846 0.1339, -2.1122 -0.1846 0.1339, -2.128 -0.1846 0.1929, -2.1122 -0.1846 0.5079, -2.2224 -0.1846 0.5079, -0.6476 -0.1846 0.1339, -0.6319 -0.1846 0.1339, -0.6319 -0.1846 0.1929, -0.5531 -0.1846 0.1339, -0.5374 -0.1846 0.1339, -0.5531 -0.1846 0.1929, -0.5374 -0.1846 0.5079, -0.6476 -0.1846 0.5079, -0.4508 0.1697 0.5591, -0.5374 0.1697 0.5591, -0.5374 0.1697 0.498, -0.6476 0.1697 0.5591, -0.6476 0.1697 0.498, -0.7343 0.1697 0.5591, -0.7343 0.1697 0.498, -0.8445 0.1697 0.5591, -0.8445 0.1697 0.498, -0.9311 0.1697 0.5591, -0.9311 0.1697 0.498, -1.0413 0.1697 0.5591, -1.0413 0.1697 0.498, -1.128 0.1697 0.5591, -1.128 0.1697 0.498, -1.2382 0.1697 0.5591, -1.2382 0.1697 0.498, -1.3248 0.1697 0.5591, -1.3248 0.1697 0.498, -1.435 0.1697 0.5591, -1.435 0.1697 0.498, -1.5217 0.1697 0.5591, -1.5217 0.1697 0.498, -1.6319 0.1697 0.5591, -1.6319 0.1697 0.498, -1.7185 0.1697 0.5591, -1.7185 0.1697 0.498, -1.8287 0.1697 0.5591, -1.8287 0.1697 0.498, -1.9154 0.1697 0.5591, -1.9154 0.1697 0.498, -2.0256 0.1697 0.5591, -2.0256 0.1697 0.498, -2.1122 0.1697 0.5591, -2.1122 0.1697 0.498, -2.2224 0.1697 0.5591, -2.2224 0.1697 0.498, -2.3091 0.1697 0.5591, -2.3091 0.1697 0.498, -0.4508 0.1697 0.498, -0.0413 -0.1846 0.1339, -0.0571 -0.1846 0.1339, -0.0413 -0.1846 0.1929, 0.0374 -0.1846 0.1339, 0.0531 -0.1846 0.1339, 0.0374 -0.1846 0.1929, 0.0531 -0.1846 0.5079, -0.0571 -0.1846 0.5079, -0.0571 0.1697 0.5591, -0.0571 0.1697 0.498, -0.1437 0.1697 0.498, -0.1437 0.1697 0.5591, 0.1555 -0.1846 0.1339, 0.1398 -0.1846 0.1339, 0.1555 -0.1846 0.1929, 0.2343 -0.1846 0.1339, 0.25 -0.1846 0.1339, 0.2343 -0.1846 0.1929, 0.25 -0.1846 0.5079, 0.1398 -0.1846 0.5079, 0.1398 0.1697 0.5591, 0.1398 0.1697 0.498, 0.0531 0.1697 0.498, 0.0531 0.1697 0.5591, 0.3524 -0.1846 0.1339, 0.3366 -0.1846 0.1339, 0.3524 -0.1846 0.1929, 0.4311 -0.1846 0.1339, 0.4469 -0.1846 0.1339, 0.4311 -0.1846 0.1929, 0.4469 -0.1846 0.5079, 0.3366 -0.1846 0.5079, 0.3366 0.1697 0.5591, 0.3366 0.1697 0.498, 0.25 0.1697 0.498, 0.25 0.1697 0.5591, 2.3051 -0.1846 0.1339, 2.3209 -0.1846 0.1339, 2.3209 -0.1846 0.1929, 2.4783 -0.1846 0.1929, 2.4783 -0.1846 0.5079, 2.3051 -0.1846 0.5079, 2.4783 -0.6571 0.1929, 2.4783 -0.6571 0.5866, 2.8524 -0.8933 0.3976, 2.9311 -0.8933 0.3976, 2.9311 -0.8933 0.1417, 2.9324 -0.8933 0.1315, 2.9364 -0.8933 0.122, 2.9426 -0.8933 0.1139, 2.9508 -0.8933 0.1076, 2.9705 -0.8933 0.1024, 2.9603 -0.8933 0.1037, 3.1647 0.2779 0.1024, 3.1667 0.2732 0.1024, 3.1616 0.282 0.1024, 3.1575 0.2852 0.1024, 3.1527 0.2871 0.1024, 0.5492 -0.1846 0.1339, 0.5335 -0.1846 0.1339, 0.5492 -0.1846 0.1929, 0.628 -0.1846 0.1339, 0.6437 -0.1846 0.1339, 0.628 -0.1846 0.1929, 0.6437 -0.1846 0.5079, 0.5335 -0.1846 0.5079, 0.5335 0.1697 0.5591, 0.5335 0.1697 0.498, 0.4469 0.1697 0.498, 0.4469 0.1697 0.5591, 0.7461 -0.1846 0.1339, 0.7303 -0.1846 0.1339, 0.7461 -0.1846 0.1929, 0.8248 -0.1846 0.1339, 0.8406 -0.1846 0.1339, 0.8248 -0.1846 0.1929, 0.8406 -0.1846 0.5079, 0.7303 -0.1846 0.5079, 0.7303 0.1697 0.5591, 0.7303 0.1697 0.498, 0.6437 0.1697 0.498, 0.6437 0.1697 0.5591, 0.9429 -0.1846 0.1339, 0.9272 -0.1846 0.1339, 0.9429 -0.1846 0.1929, 1.0217 -0.1846 0.1339, 1.0374 -0.1846 0.1339, 1.0217 -0.1846 0.1929, 1.0374 -0.1846 0.5079, 0.9272 -0.1846 0.5079, 0.9272 0.1697 0.5591, 0.9272 0.1697 0.498, 0.8406 0.1697 0.498, 0.8406 0.1697 0.5591, 1.1398 -0.1846 0.1339, 1.124 -0.1846 0.1339, 1.1398 -0.1846 0.1929, 1.2185 -0.1846 0.1339, 1.2343 -0.1846 0.1339, 1.2185 -0.1846 0.1929, 1.2343 -0.1846 0.5079, 1.124 -0.1846 0.5079, 1.124 0.1697 0.5591, 1.124 0.1697 0.498, 1.0374 0.1697 0.498, 1.0374 0.1697 0.5591, 1.3366 -0.1846 0.1339, 1.3209 -0.1846 0.1339, 1.3366 -0.1846 0.1929, 1.4154 -0.1846 0.1339, 1.4311 -0.1846 0.1339, 1.4154 -0.1846 0.1929, 1.4311 -0.1846 0.5079, 1.3209 -0.1846 0.5079, 1.3209 0.1697 0.5591, 1.3209 0.1697 0.498, 1.2343 0.1697 0.498, 1.2343 0.1697 0.5591, 1.5335 -0.1846 0.1339, 1.5177 -0.1846 0.1339, 1.5335 -0.1846 0.1929, 1.6122 -0.1846 0.1339, 1.628 -0.1846 0.1339, 1.6122 -0.1846 0.1929, 1.628 -0.1846 0.5079, 1.5177 -0.1846 0.5079, 1.5177 0.1697 0.5591, 1.5177 0.1697 0.498, 1.4311 0.1697 0.498, 1.4311 0.1697 0.5591, 1.7303 -0.1846 0.1339, 1.7146 -0.1846 0.1339, 1.7303 -0.1846 0.1929, 1.8091 -0.1846 0.1339, 1.8248 -0.1846 0.1339, 1.8091 -0.1846 0.1929, 1.8248 -0.1846 0.5079, 1.7146 -0.1846 0.5079, 1.7146 0.1697 0.5591, 1.7146 0.1697 0.498, 1.628 0.1697 0.498, 1.628 0.1697 0.5591, 1.9272 -0.1846 0.1339, 1.9114 -0.1846 0.1339, 1.9272 -0.1846 0.1929, 2.0059 -0.1846 0.1339, 2.0217 -0.1846 0.1339, 2.0059 -0.1846 0.1929, 2.0217 -0.1846 0.5079, 1.9114 -0.1846 0.5079, 1.9114 0.1697 0.5591, 1.9114 0.1697 0.498, 1.8248 0.1697 0.498, 1.8248 0.1697 0.5591, 2.124 -0.1846 0.1339, 2.1083 -0.1846 0.1339, 2.124 -0.1846 0.1929, 2.2028 -0.1846 0.1339, 2.2185 -0.1846 0.1339, 2.2028 -0.1846 0.1929, 2.2185 -0.1846 0.5079, 2.1083 -0.1846 0.5079, 2.1083 0.1697 0.5591, 2.1083 0.1697 0.498, 2.0217 0.1697 0.498, 2.0217 0.1697 0.5591, 2.3051 0.1697 0.5591, 2.3051 0.1697 0.498, 2.2185 0.1697 0.498, 2.2185 0.1697 0.5591, 2.4783 -0.6571 0.1811, 2.6752 -0.6571 0.1811, 2.6752 -0.6571 0.5866, -2.4823 -0.6571 0.1811, -2.6791 -0.6571 0.5866, -2.6791 -0.6571 0.1811, 2.4785 -0.6569 0.5892, 2.4785 -0.5782 0.5892, 2.479 -0.6564 0.5917, 2.479 -0.5777 0.5917, 2.4798 -0.6556 0.5941, 2.4798 -0.5769 0.5941, 2.481 -0.6545 0.5965, 2.481 -0.5757 0.5965, 2.4824 -0.653 0.5986, 2.4824 -0.5743 0.5986, 2.4841 -0.6513 0.6005, 2.4841 -0.5726 0.6005, 2.4882 -0.6472 0.6037, 2.4882 -0.5685 0.6037, 2.4929 -0.6425 0.6056, 2.4929 -0.5638 0.6056, -2.4825 -0.5782 0.5892, -2.483 -0.5777 0.5917, -2.4838 -0.5769 0.5941, -2.4849 -0.5757 0.5965, -2.488 -0.5726 0.6005, -2.4864 -0.5743 0.5986, -2.4921 -0.5685 0.6037, -2.4969 -0.5638 0.6056, 2.685 -0.6472 0.6037, 2.6898 -0.6425 0.6056, 2.6778 -0.6545 0.5965, 2.6793 -0.653 0.5986, 2.681 -0.6513 0.6005, 2.6754 -0.6569 0.5892, 2.6759 -0.6564 0.5917, 2.6767 -0.6556 0.5941, -2.488 -0.6513 0.6005, -2.4825 -0.6569 0.5892, -2.483 -0.6564 0.5917, -2.4838 -0.6556 0.5941, -2.4849 -0.6545 0.5965, -2.4864 -0.653 0.5986, -2.4921 -0.6472 0.6037, -2.4969 -0.6425 0.6056, 2.685 -1.474 0.6037, 2.6898 -1.4693 0.6056, 2.6754 -1.4837 0.5892, 2.6759 -1.4832 0.5917, 2.6767 -1.4824 0.5941, 2.6778 -1.4812 0.5965, 2.6793 -1.4798 0.5986, 2.681 -1.4781 0.6005, -2.6793 -0.657 0.5888, -2.685 -0.6512 0.6004, -2.6834 -0.6528 0.5989, -2.6819 -0.6544 0.5964, -2.6811 -0.6551 0.5952, -2.6798 -0.6564 0.5917, -2.6797 -0.6566 0.591, -2.6865 -0.6497 0.602, -2.689 -0.6472 0.6036, -2.6903 -0.6459 0.6043, -2.6937 -0.6425 0.6056, -2.6944 -0.6418 0.6058, 3.1476 -1.4832 0.5917, 3.1476 -1.4812 0.5965, 3.1476 -1.4781 0.6005, 3.1476 -1.474 0.6037, 3.1476 -1.4693 0.6056, -2.6903 -1.4727 0.6043, -2.6865 -1.4765 0.602, -2.6793 -1.4837 0.5888, -2.6797 -1.4833 0.591, -2.6798 -1.4832 0.5917, -2.6811 -1.4819 0.5952, -2.6819 -1.4811 0.5964, -2.6834 -1.4796 0.5989, -2.685 -1.478 0.6004, -2.689 -1.474 0.6036, -2.6944 -1.4686 0.6058, -2.6937 -1.4692 0.6056, 3.1667 -1.4642 0.5917, 3.1667 0.1697 0.5917, 3.1647 0.1697 0.5965, 3.1647 -1.4642 0.5965, 3.1616 0.1697 0.6005, 3.1616 -1.4642 0.6005, 3.1575 0.1697 0.6037, 3.1575 -1.4642 0.6037, 3.1527 0.1697 0.6056, 3.1527 -1.4642 0.6056, -3.1516 -1.4693 0.6056, -2.6937 -1.4693 0.6056, -3.1516 -1.474 0.6037, -2.689 -1.474 0.6037, -3.1516 -1.4781 0.6005, -2.6849 -1.4781 0.6005, -2.6832 -1.4798 0.5986, -3.1516 -1.4812 0.5965, -2.6818 -1.4812 0.5965, -2.6806 -1.4824 0.5941, -3.1516 -1.4832 0.5917, -2.6793 -1.4837 0.5892, -3.1706 -1.4642 0.5917, -3.1706 0.1697 0.5917, -3.1686 -1.4642 0.5965, -3.1686 0.1697 0.5965, -3.1655 -1.4642 0.6005, -3.1655 0.1697 0.6005, -3.1614 -1.4642 0.6037, -3.1614 0.1697 0.6037, -3.1567 -1.4642 0.6056, -3.1567 0.1697 0.6056, -3.1706 -1.4693 0.5866, -3.1686 -1.474 0.5866, -3.1655 -1.4781 0.5866, -3.1614 -1.4812 0.5866, -3.1567 -1.4832 0.5866, -3.1565 -1.4825 0.5917, -3.1565 -1.4727 0.6037, -3.1541 -1.4686 0.6056, -3.1552 -1.4678 0.6056, -3.1565 -1.4655 0.6056, -3.1529 -1.4691 0.6056, -3.1541 -1.4737 0.6037, -3.1552 -1.4776 0.6005, -3.1585 -1.4711 0.6037, -3.156 -1.4667 0.6056, -3.1601 -1.4691 0.6037, -3.1611 -1.4667 0.6037, -3.1585 -1.4762 0.6005, -3.1614 -1.474 0.6005, -3.1636 -1.4711 0.6005, -3.165 -1.4678 0.6005, -3.156 -1.4806 0.5965, -3.1601 -1.4789 0.5965, -3.1636 -1.4762 0.5965, -3.1663 -1.4727 0.5965, -3.168 -1.4686 0.5965, -3.1611 -1.4806 0.5917, -3.165 -1.4776 0.5917, -3.168 -1.4737 0.5917, -3.1699 -1.4691 0.5917, 3.1667 -1.4693 0.5866, 3.1647 -1.474 0.5866, 3.1616 -1.4781 0.5866, 3.1575 -1.4812 0.5866, 3.1527 -1.4832 0.5866, 3.166 -1.4691 0.5917, 3.1562 -1.4691 0.6037, 3.1521 -1.4667 0.6056, 3.1512 -1.4678 0.6056, 3.149 -1.4691 0.6056, 3.1526 -1.4655 0.6056, 3.1571 -1.4667 0.6037, 3.1611 -1.4678 0.6005, 3.1546 -1.4711 0.6037, 3.1502 -1.4686 0.6056, 3.1526 -1.4727 0.6037, 3.1502 -1.4737 0.6037, 3.1597 -1.4711 0.6005, 3.1575 -1.474 0.6005, 3.1546 -1.4762 0.6005, 3.1512 -1.4776 0.6005, 3.1641 -1.4686 0.5965, 3.1624 -1.4727 0.5965, 3.1597 -1.4762 0.5965, 3.1562 -1.4789 0.5965, 3.1521 -1.4806 0.5965, 3.1641 -1.4737 0.5917, 3.1611 -1.4776 0.5917, 3.1571 -1.4806 0.5917, 3.1526 -1.4825 0.5917, 3.1667 0.2732 0.498, 3.1647 0.2779 0.498, 3.1616 0.282 0.498, 3.1575 0.2852 0.498, 3.1527 0.2871 0.498, -3.1706 0.2732 0.498, -3.1706 0.2732 0.1024, -3.1686 0.2779 0.498, -3.1686 0.2779 0.1024, -3.1655 0.282 0.498, -3.1655 0.282 0.1024, -3.1614 0.2852 0.498, -3.1614 0.2852 0.1024, -3.1567 0.2871 0.498, -3.1567 0.2871 0.1024
            ]
        }
        coordIndex [
            0,1,2,-1,3,4,5,-1,5,4,6,-1,7,5,8,-1,8,5,6,-1,8,6,2,-1,2,6,9,-1,2,9,0,-1,0,9,10,-1,0,10,11,-1,10,12,13,-1,13,14,10,-1,10,14,15,-1,10,15,11,-1,16,17,18,-1,18,17,19,-1,20,21,22,-1,22,21,23,-1,24,25,26,-1,26,25,27,-1,28,29,30,-1,30,29,31,-1,32,33,34,-1,34,33,35,-1,36,37,38,-1,38,37,39,-1,40,41,42,-1,42,41,43,-1,44,45,46,-1,46,45,47,-1,48,49,50,-1,50,49,51,-1,52,53,54,-1,54,53,55,-1,56,57,58,-1,58,57,59,-1,60,61,62,-1,62,61,63,-1,64,65,66,-1,66,65,67,-1,68,69,70,-1,70,69,71,-1,72,73,74,-1,74,73,75,-1,76,77,78,-1,78,77,79,-1,80,81,82,-1,82,81,83,-1,84,85,86,-1,86,85,87,-1,88,89,90,-1,90,89,91,-1,92,93,94,-1,94,93,95,-1,96,97,98,-1,98,97,99,-1,100,101,102,-1,102,101,103,-1,104,105,106,-1,106,105,107,-1,108,109,110,-1,111,112,113,-1,114,115,116,-1,117,118,119,-1,119,118,120,-1,119,120,121,-1,122,123,124,-1,124,123,119,-1,124,119,125,-1,125,119,126,-1,121,127,119,-1,119,127,128,-1,119,128,126,-1,129,130,131,-1,131,130,132,-1,131,132,133,-1,133,132,134,-1,129,131,135,-1,135,131,136,-1,135,136,137,-1,136,138,139,-1,136,140,137,-1,137,140,141,-1,137,141,142,-1,142,141,143,-1,142,143,144,-1,139,145,136,-1,136,145,146,-1,136,146,140,-1,147,148,149,-1,147,149,150,-1,148,151,149,-1,149,151,152,-1,149,152,153,-1,153,152,154,-1,154,155,153,-1,153,155,156,-1,153,156,136,-1,136,156,157,-1,136,157,138,-1,158,150,159,-1,159,150,149,-1,159,149,160,-1,160,149,161,-1,162,163,164,-1,164,163,165,-1,164,165,166,-1,166,167,164,-1,164,167,168,-1,164,168,149,-1,149,168,169,-1,149,169,161,-1,170,171,166,-1,166,171,172,-1,166,172,167,-1,173,174,175,-1,175,176,173,-1,173,176,177,-1,173,177,178,-1,178,179,173,-1,173,179,180,-1,173,180,170,-1,170,180,181,-1,170,181,171,-1,182,183,184,-1,185,186,187,-1,187,186,188,-1,182,184,189,-1,190,191,174,-1,192,193,186,-1,186,193,194,-1,186,194,195,-1,190,174,196,-1,183,197,184,-1,184,197,198,-1,184,198,199,-1,122,200,123,-1,123,200,201,-1,123,201,174,-1,174,201,202,-1,174,202,196,-1,203,204,205,-1,205,204,206,-1,205,206,195,-1,195,206,207,-1,208,209,210,-1,210,209,211,-1,210,211,184,-1,184,211,212,-1,184,212,189,-1,203,213,204,-1,204,213,214,-1,204,214,215,-1,215,214,216,-1,215,216,217,-1,218,219,175,-1,175,219,220,-1,175,220,221,-1,221,222,175,-1,175,222,223,-1,175,223,224,-1,224,223,208,-1,224,208,225,-1,225,208,210,-1,207,226,195,-1,195,226,227,-1,195,227,186,-1,186,227,228,-1,186,228,188,-1,229,230,184,-1,184,230,231,-1,184,231,186,-1,186,231,232,-1,186,232,192,-1,191,233,174,-1,174,233,234,-1,174,234,175,-1,175,234,235,-1,175,235,218,-1,199,236,184,-1,184,236,237,-1,184,237,238,-1,238,239,184,-1,184,239,240,-1,184,240,229,-1,241,242,243,-1,242,244,243,-1,243,244,245,-1,243,245,246,-1,194,243,195,-1,195,243,247,-1,195,247,248,-1,249,250,251,-1,251,250,252,-1,251,252,253,-1,249,251,194,-1,194,251,254,-1,194,254,243,-1,243,254,255,-1,243,255,241,-1,248,256,195,-1,195,256,257,-1,195,257,258,-1,258,257,259,-1,246,245,260,-1,260,245,261,-1,260,261,262,-1,262,261,263,-1,262,263,264,-1,265,266,257,-1,257,266,267,-1,257,267,259,-1,268,114,269,-1,270,268,271,-1,271,268,272,-1,271,272,273,-1,271,274,270,-1,270,274,275,-1,270,275,276,-1,276,275,277,-1,278,279,110,-1,114,116,269,-1,269,116,280,-1,269,280,278,-1,281,282,283,-1,283,282,284,-1,283,284,285,-1,286,287,288,-1,288,287,289,-1,288,289,290,-1,290,289,291,-1,290,291,292,-1,293,294,295,-1,295,294,296,-1,295,296,281,-1,297,298,299,-1,299,298,300,-1,299,300,301,-1,301,300,302,-1,301,302,291,-1,285,284,303,-1,303,284,304,-1,303,304,297,-1,305,306,304,-1,304,306,307,-1,304,307,308,-1,309,310,298,-1,311,312,313,-1,313,312,309,-1,313,309,314,-1,315,316,309,-1,309,316,317,-1,309,317,314,-1,318,319,309,-1,309,319,320,-1,309,320,321,-1,322,323,324,-1,325,326,313,-1,313,326,327,-1,313,327,311,-1,328,329,330,-1,330,329,331,-1,330,331,332,-1,297,304,298,-1,298,304,308,-1,298,308,309,-1,309,308,333,-1,309,333,318,-1,321,334,309,-1,309,334,335,-1,309,335,315,-1,322,324,313,-1,313,324,336,-1,313,336,325,-1,310,337,298,-1,298,337,338,-1,298,338,330,-1,330,338,339,-1,330,339,328,-1,340,341,342,-1,342,341,343,-1,342,343,344,-1,345,346,347,-1,348,349,347,-1,347,349,350,-1,347,350,345,-1,332,351,330,-1,330,351,352,-1,330,352,353,-1,354,355,347,-1,347,355,356,-1,347,356,348,-1,352,357,353,-1,353,357,358,-1,353,358,354,-1,354,358,359,-1,354,359,355,-1,360,361,362,-1,363,364,110,-1,362,365,360,-1,360,365,366,-1,360,366,367,-1,364,368,110,-1,110,368,369,-1,110,369,370,-1,367,371,360,-1,360,371,372,-1,360,372,373,-1,277,275,279,-1,279,275,360,-1,279,360,110,-1,110,360,373,-1,110,373,363,-1,374,375,376,-1,376,375,377,-1,378,379,302,-1,302,379,282,-1,302,282,291,-1,291,282,281,-1,291,281,292,-1,292,281,296,-1,379,380,282,-1,282,380,381,-1,282,381,361,-1,361,381,382,-1,361,382,362,-1,383,384,385,-1,386,387,388,-1,386,388,389,-1,390,391,392,-1,392,391,393,-1,394,395,391,-1,391,395,396,-1,397,398,399,-1,384,400,385,-1,385,400,401,-1,385,401,402,-1,402,401,403,-1,404,405,403,-1,403,405,406,-1,403,406,402,-1,390,407,391,-1,391,407,408,-1,391,408,394,-1,409,410,388,-1,388,410,411,-1,388,411,389,-1,330,412,413,-1,397,414,398,-1,398,414,415,-1,398,415,416,-1,416,415,417,-1,416,417,418,-1,419,330,420,-1,420,330,421,-1,383,385,413,-1,413,385,422,-1,413,422,330,-1,330,422,423,-1,330,423,421,-1,424,425,426,-1,426,425,427,-1,426,427,428,-1,429,430,431,-1,431,430,432,-1,431,432,418,-1,418,432,433,-1,418,433,416,-1,434,435,403,-1,403,435,436,-1,403,436,437,-1,437,438,403,-1,403,438,439,-1,403,439,404,-1,440,441,442,-1,442,441,443,-1,442,443,387,-1,424,429,425,-1,425,429,431,-1,425,431,444,-1,444,431,445,-1,444,445,446,-1,446,445,447,-1,446,447,448,-1,448,447,449,-1,450,449,443,-1,443,449,447,-1,443,447,387,-1,387,447,445,-1,387,445,388,-1,450,443,112,-1,112,443,451,-1,112,451,113,-1,452,453,113,-1,454,455,298,-1,456,457,113,-1,113,457,458,-1,419,397,330,-1,330,397,399,-1,330,399,298,-1,298,399,459,-1,298,459,454,-1,455,460,298,-1,298,460,461,-1,298,461,300,-1,300,461,462,-1,300,462,452,-1,463,464,453,-1,453,464,465,-1,453,465,113,-1,113,465,466,-1,113,466,456,-1,458,467,113,-1,113,467,468,-1,113,468,111,-1,469,470,471,-1,471,470,472,-1,471,472,473,-1,471,474,469,-1,469,474,475,-1,469,475,476,-1,476,477,469,-1,469,477,478,-1,469,478,479,-1,479,478,480,-1,479,480,481,-1,481,480,482,-1,481,482,453,-1,453,482,483,-1,453,483,463,-1,484,485,473,-1,473,485,486,-1,473,486,471,-1,487,488,428,-1,428,488,489,-1,428,489,426,-1,487,490,488,-1,488,490,491,-1,488,491,492,-1,492,491,493,-1,492,494,495,-1,493,496,492,-1,492,496,497,-1,492,497,498,-1,498,499,492,-1,492,499,500,-1,492,500,494,-1,495,501,492,-1,492,501,502,-1,492,502,503,-1,504,505,376,-1,376,505,506,-1,507,508,509,-1,377,378,376,-1,376,378,302,-1,376,302,504,-1,504,302,510,-1,504,510,511,-1,511,510,507,-1,511,507,512,-1,512,507,509,-1,513,514,113,-1,452,113,300,-1,300,113,514,-1,300,514,302,-1,302,514,515,-1,302,515,510,-1,516,517,513,-1,518,519,520,-1,520,519,521,-1,520,521,516,-1,516,513,520,-1,520,513,113,-1,520,113,522,-1,522,113,451,-1,522,451,523,-1,522,524,520,-1,520,524,525,-1,520,525,526,-1,527,528,529,-1,529,528,530,-1,529,530,451,-1,451,530,531,-1,451,531,523,-1,526,532,520,-1,520,532,533,-1,520,533,518,-1,534,535,536,-1,534,536,537,-1,535,538,536,-1,536,538,539,-1,536,539,529,-1,529,539,540,-1,529,540,527,-1,278,110,269,-1,269,110,109,-1,269,109,541,-1,541,542,269,-1,269,542,543,-1,269,543,544,-1,544,543,545,-1,544,545,546,-1,547,548,549,-1,549,548,550,-1,549,550,551,-1,551,550,543,-1,551,543,552,-1,552,543,542,-1,552,542,553,-1,553,542,554,-1,553,554,555,-1,555,554,556,-1,545,557,546,-1,546,557,558,-1,546,558,506,-1,506,558,108,-1,506,108,376,-1,376,108,110,-1,376,110,374,-1,374,110,370,-1,559,560,561,-1,561,560,562,-1,561,562,563,-1,563,562,564,-1,563,564,565,-1,565,564,536,-1,565,536,566,-1,566,536,529,-1,566,529,567,-1,567,529,451,-1,567,451,568,-1,568,451,443,-1,568,443,569,-1,569,443,441,-1,569,441,570,-1,570,441,571,-1,570,571,170,-1,572,573,574,-1,269,575,576,-1,574,577,572,-1,572,577,578,-1,572,578,579,-1,580,581,269,-1,573,572,582,-1,582,572,575,-1,582,575,583,-1,584,585,575,-1,575,585,586,-1,575,586,583,-1,579,587,572,-1,572,587,588,-1,572,588,589,-1,269,581,575,-1,575,581,590,-1,575,590,584,-1,591,592,593,-1,593,592,594,-1,593,594,595,-1,268,269,272,-1,272,269,576,-1,272,576,595,-1,595,576,596,-1,595,596,593,-1,594,572,595,-1,595,572,589,-1,595,589,544,-1,544,589,597,-1,544,597,269,-1,269,597,598,-1,269,598,580,-1,560,595,562,-1,562,595,544,-1,562,544,564,-1,564,544,546,-1,564,546,536,-1,536,546,506,-1,536,506,537,-1,537,506,505,-1,274,599,275,-1,275,599,600,-1,275,600,360,-1,360,600,601,-1,360,601,361,-1,361,601,602,-1,361,602,282,-1,282,602,603,-1,282,603,284,-1,284,603,604,-1,284,604,304,-1,304,604,341,-1,304,341,305,-1,305,341,340,-1,440,393,441,-1,441,393,391,-1,441,391,571,-1,571,391,605,-1,606,607,605,-1,605,607,608,-1,396,412,391,-1,391,412,330,-1,391,330,605,-1,605,330,353,-1,605,353,606,-1,606,353,609,-1,170,571,173,-1,173,571,605,-1,173,605,174,-1,174,605,608,-1,174,608,123,-1,123,608,610,-1,123,610,353,-1,353,610,611,-1,353,611,609,-1,612,613,614,-1,614,613,606,-1,614,606,615,-1,615,606,609,-1,615,609,616,-1,616,609,617,-1,618,619,620,-1,621,622,119,-1,119,622,618,-1,119,618,354,-1,354,618,620,-1,354,620,353,-1,353,620,623,-1,353,623,123,-1,123,623,621,-1,123,621,119,-1,346,344,347,-1,347,344,343,-1,347,343,354,-1,354,343,624,-1,354,624,119,-1,119,624,133,-1,119,133,117,-1,117,133,134,-1,162,164,625,-1,625,164,149,-1,625,149,626,-1,626,149,153,-1,626,153,627,-1,627,153,136,-1,627,136,628,-1,628,136,131,-1,628,131,629,-1,599,630,600,-1,600,630,631,-1,600,631,601,-1,601,631,632,-1,601,632,602,-1,602,632,633,-1,602,633,603,-1,603,633,634,-1,603,634,604,-1,604,634,635,-1,604,635,341,-1,341,635,636,-1,341,636,343,-1,343,636,637,-1,343,637,624,-1,624,637,638,-1,624,638,133,-1,133,638,639,-1,133,639,131,-1,131,639,640,-1,131,640,629,-1,629,640,641,-1,642,643,644,-1,642,644,645,-1,646,647,648,-1,648,647,649,-1,648,649,650,-1,651,652,653,-1,650,654,648,-1,648,654,655,-1,648,655,643,-1,643,655,656,-1,643,656,644,-1,645,644,653,-1,653,644,657,-1,653,657,651,-1,658,659,660,-1,4,3,658,-1,658,3,661,-1,662,659,162,-1,663,658,664,-1,664,658,660,-1,664,660,665,-1,647,646,666,-1,666,646,667,-1,665,668,664,-1,664,668,669,-1,664,669,670,-1,670,669,671,-1,661,666,658,-1,658,666,667,-1,658,667,659,-1,659,667,165,-1,659,165,162,-1,672,673,674,-1,672,674,162,-1,162,674,675,-1,162,675,662,-1,663,664,676,-1,676,664,677,-1,678,679,680,-1,680,679,676,-1,680,676,681,-1,681,676,677,-1,682,683,684,-1,684,683,685,-1,686,683,682,-1,687,688,689,-1,689,688,690,-1,691,692,693,-1,682,694,686,-1,686,694,689,-1,686,689,695,-1,695,689,690,-1,695,690,696,-1,697,698,696,-1,696,698,699,-1,696,699,695,-1,695,699,700,-1,701,702,700,-1,700,702,703,-1,700,703,695,-1,695,703,704,-1,705,706,704,-1,704,706,707,-1,704,707,695,-1,695,707,708,-1,709,710,711,-1,712,713,708,-1,708,713,714,-1,708,714,695,-1,695,714,715,-1,716,717,695,-1,718,719,715,-1,715,719,720,-1,715,720,695,-1,695,720,721,-1,722,723,724,-1,695,725,726,-1,727,728,721,-1,721,728,729,-1,721,729,695,-1,695,729,730,-1,731,732,726,-1,726,732,733,-1,726,733,695,-1,695,733,734,-1,735,736,730,-1,730,736,737,-1,730,737,695,-1,695,737,738,-1,739,740,695,-1,741,742,743,-1,744,745,734,-1,734,745,746,-1,734,746,695,-1,695,746,747,-1,724,739,722,-1,722,739,695,-1,722,695,748,-1,748,695,717,-1,748,717,749,-1,749,717,750,-1,751,752,738,-1,738,752,753,-1,738,753,695,-1,695,753,754,-1,755,756,747,-1,747,756,757,-1,747,757,695,-1,695,757,709,-1,695,709,716,-1,716,709,711,-1,758,759,695,-1,760,761,754,-1,754,761,762,-1,754,762,695,-1,695,762,763,-1,693,725,691,-1,691,725,695,-1,691,695,764,-1,764,695,763,-1,764,763,765,-1,765,763,766,-1,767,768,740,-1,740,768,769,-1,740,769,695,-1,695,769,741,-1,695,741,758,-1,758,741,743,-1,770,771,772,-1,773,774,695,-1,772,773,770,-1,770,773,695,-1,770,695,775,-1,775,695,759,-1,775,759,776,-1,776,759,777,-1,778,779,780,-1,780,779,695,-1,780,695,781,-1,781,695,774,-1,781,774,782,-1,782,774,783,-1,784,785,786,-1,786,785,787,-1,787,788,786,-1,786,788,789,-1,786,789,790,-1,790,789,791,-1,792,793,794,-1,794,793,790,-1,794,790,795,-1,795,790,791,-1,796,797,7,-1,7,797,5,-1,797,796,661,-1,661,796,798,-1,798,799,661,-1,661,799,800,-1,661,800,801,-1,801,802,661,-1,661,802,803,-1,661,803,804,-1,804,805,661,-1,661,805,806,-1,661,806,807,-1,807,808,661,-1,661,808,809,-1,661,809,810,-1,810,811,661,-1,661,811,812,-1,661,812,666,-1,812,813,666,-1,666,813,814,-1,666,814,815,-1,815,816,666,-1,666,816,817,-1,666,817,818,-1,818,819,666,-1,666,819,820,-1,666,820,821,-1,821,822,666,-1,666,822,823,-1,666,823,824,-1,824,825,666,-1,666,825,826,-1,666,826,827,-1,827,828,666,-1,666,828,829,-1,666,829,830,-1,830,831,666,-1,666,831,832,-1,666,832,833,-1,833,834,666,-1,666,834,835,-1,666,835,836,-1,836,837,666,-1,666,837,838,-1,666,838,839,-1,839,840,666,-1,666,840,841,-1,666,841,842,-1,842,843,666,-1,666,843,844,-1,666,844,845,-1,846,847,659,-1,659,847,848,-1,659,848,849,-1,850,851,852,-1,852,851,853,-1,854,855,856,-1,857,858,660,-1,859,860,849,-1,849,860,861,-1,849,861,659,-1,659,861,852,-1,659,852,660,-1,660,852,853,-1,660,853,862,-1,863,864,862,-1,862,864,865,-1,862,865,660,-1,660,865,866,-1,867,868,869,-1,870,871,866,-1,866,871,872,-1,866,872,660,-1,660,872,873,-1,874,875,660,-1,876,877,873,-1,873,877,878,-1,873,878,660,-1,660,878,879,-1,880,881,858,-1,858,881,882,-1,858,882,660,-1,660,882,883,-1,884,885,879,-1,879,885,886,-1,879,886,660,-1,660,886,854,-1,660,854,857,-1,857,854,856,-1,887,888,889,-1,890,891,883,-1,883,891,892,-1,883,892,660,-1,660,892,893,-1,894,895,893,-1,893,895,896,-1,893,896,660,-1,660,896,867,-1,660,867,874,-1,874,867,869,-1,897,898,660,-1,899,900,901,-1,902,903,875,-1,875,903,904,-1,875,904,660,-1,660,904,905,-1,906,907,905,-1,905,907,908,-1,905,908,660,-1,660,908,887,-1,660,887,897,-1,897,887,889,-1,909,910,660,-1,901,909,899,-1,899,909,660,-1,899,660,911,-1,911,660,898,-1,911,898,912,-1,912,898,913,-1,914,915,916,-1,917,918,910,-1,910,918,919,-1,910,919,660,-1,660,919,920,-1,921,922,920,-1,920,922,923,-1,920,923,660,-1,660,923,924,-1,925,926,660,-1,927,928,929,-1,916,925,914,-1,914,925,660,-1,914,660,930,-1,930,660,924,-1,930,924,931,-1,931,924,932,-1,933,934,660,-1,929,933,927,-1,927,933,660,-1,927,660,935,-1,935,660,926,-1,935,926,936,-1,936,926,937,-1,938,939,940,-1,941,942,660,-1,940,941,938,-1,938,941,660,-1,938,660,943,-1,943,660,934,-1,943,934,944,-1,944,934,945,-1,946,947,948,-1,948,947,660,-1,948,660,949,-1,949,660,942,-1,949,942,950,-1,950,942,951,-1,950,951,952,-1,952,951,953,-1,952,953,954,-1,955,956,953,-1,953,956,684,-1,953,684,954,-1,954,684,685,-1,797,661,5,-1,5,661,3,-1,686,957,683,-1,683,957,952,-1,683,952,685,-1,685,952,954,-1,958,6,658,-1,658,6,4,-1,959,958,960,-1,960,958,658,-1,960,658,961,-1,961,658,962,-1,963,964,658,-1,658,964,965,-1,658,965,962,-1,663,676,658,-1,658,676,966,-1,658,966,963,-1,0,966,1,-1,1,966,676,-1,1,676,679,-1,679,967,1,-1,1,967,968,-1,1,968,969,-1,969,970,1,-1,1,970,971,-1,1,971,972,-1,966,0,11,-1,966,11,963,-1,963,11,15,-1,963,15,964,-1,964,15,14,-1,964,14,965,-1,965,14,13,-1,965,13,962,-1,962,13,12,-1,962,12,961,-1,961,12,10,-1,961,10,960,-1,959,960,9,-1,9,960,10,-1,958,959,6,-1,6,959,9,-1,761,760,973,-1,973,760,974,-1,975,976,898,-1,897,977,978,-1,818,817,978,-1,978,817,975,-1,978,975,897,-1,897,975,898,-1,819,818,57,-1,57,818,59,-1,978,977,979,-1,980,981,982,-1,982,981,983,-1,982,983,979,-1,979,983,984,-1,979,984,978,-1,766,763,984,-1,984,763,985,-1,984,985,978,-1,978,985,986,-1,978,986,818,-1,818,986,58,-1,818,58,59,-1,984,983,766,-1,766,983,765,-1,55,53,816,-1,816,53,817,-1,987,988,989,-1,976,975,990,-1,990,975,973,-1,990,973,989,-1,989,973,974,-1,989,974,987,-1,817,53,52,-1,762,761,973,-1,817,52,975,-1,975,52,991,-1,975,991,973,-1,973,991,992,-1,973,992,762,-1,912,913,989,-1,989,913,990,-1,913,898,990,-1,990,898,976,-1,897,889,977,-1,977,889,979,-1,889,888,979,-1,979,888,982,-1,985,763,992,-1,992,763,762,-1,993,994,995,-1,996,997,998,-1,998,997,999,-1,998,999,995,-1,995,999,1000,-1,995,1000,993,-1,1001,1002,1003,-1,1004,1005,1006,-1,1006,1005,1007,-1,1006,1007,1003,-1,1003,1007,1008,-1,1003,1008,1001,-1,1009,1010,1011,-1,1012,1013,1014,-1,1014,1013,1015,-1,1014,1015,1011,-1,1011,1015,1016,-1,1011,1016,1009,-1,1017,1018,1019,-1,1020,1021,1022,-1,1022,1021,1023,-1,1022,1023,1019,-1,1019,1023,1024,-1,1019,1024,1017,-1,1025,1026,1027,-1,1028,1029,1030,-1,1030,1029,1031,-1,1030,1031,1027,-1,1027,1031,1032,-1,1027,1032,1025,-1,1033,1034,1035,-1,1036,1037,1038,-1,1038,1037,1039,-1,1038,1039,1035,-1,1035,1039,1040,-1,1035,1040,1033,-1,1041,1042,1043,-1,1044,1045,1046,-1,1046,1045,1047,-1,1046,1047,1043,-1,1043,1047,1048,-1,1043,1048,1041,-1,1049,1050,1051,-1,1052,1053,1054,-1,1054,1053,1055,-1,1054,1055,1051,-1,1051,1055,1056,-1,1051,1056,1049,-1,1057,1058,1059,-1,1060,1061,1062,-1,1062,1061,1063,-1,1062,1063,1059,-1,1059,1063,1064,-1,1059,1064,1057,-1,951,942,953,-1,953,942,955,-1,941,940,1050,-1,1050,940,1051,-1,940,939,1051,-1,1051,939,1054,-1,939,938,1054,-1,1054,938,1052,-1,943,944,1042,-1,1042,944,1043,-1,944,945,1043,-1,1043,945,1046,-1,945,934,1046,-1,1046,934,1044,-1,933,929,1034,-1,1034,929,1035,-1,929,928,1035,-1,1035,928,1038,-1,928,927,1038,-1,1038,927,1036,-1,935,936,1026,-1,1026,936,1027,-1,936,937,1027,-1,1027,937,1030,-1,937,926,1030,-1,1030,926,1028,-1,925,916,1018,-1,1018,916,1019,-1,916,915,1019,-1,1019,915,1022,-1,915,914,1022,-1,1022,914,1020,-1,930,931,1010,-1,1010,931,1011,-1,931,932,1011,-1,1011,932,1014,-1,932,924,1014,-1,1014,924,1012,-1,923,922,1002,-1,1002,922,1003,-1,922,921,1003,-1,1003,921,1006,-1,921,920,1006,-1,1006,920,1004,-1,919,918,994,-1,994,918,995,-1,918,917,995,-1,995,917,998,-1,917,910,998,-1,998,910,996,-1,909,901,1058,-1,1058,901,1059,-1,901,900,1059,-1,1059,900,1062,-1,900,899,1062,-1,1062,899,1060,-1,1065,754,1066,-1,1066,754,753,-1,815,49,48,-1,753,752,1063,-1,815,48,1061,-1,1061,48,1067,-1,1061,1067,1063,-1,1063,1067,1066,-1,1063,1066,753,-1,752,751,1063,-1,1063,751,1064,-1,751,738,1064,-1,1064,738,1068,-1,1064,1068,1057,-1,1057,1068,1069,-1,1057,1069,814,-1,814,1069,50,-1,814,50,51,-1,1068,738,1070,-1,1070,738,737,-1,813,45,44,-1,737,736,999,-1,813,44,997,-1,997,44,1071,-1,997,1071,999,-1,999,1071,1070,-1,999,1070,737,-1,1000,999,735,-1,735,999,736,-1,735,730,1000,-1,1000,730,1072,-1,1000,1072,993,-1,993,1072,1073,-1,993,1073,812,-1,812,1073,46,-1,812,46,47,-1,1072,730,1074,-1,1074,730,729,-1,811,41,40,-1,729,728,1007,-1,811,40,1005,-1,1005,40,1075,-1,1005,1075,1007,-1,1007,1075,1074,-1,1007,1074,729,-1,1008,1007,727,-1,727,1007,728,-1,727,721,1008,-1,1008,721,1076,-1,1008,1076,1001,-1,1001,1076,1077,-1,1001,1077,810,-1,810,1077,42,-1,810,42,43,-1,1076,721,1078,-1,1078,721,720,-1,809,37,36,-1,720,719,1015,-1,809,36,1013,-1,1013,36,1079,-1,1013,1079,1015,-1,1015,1079,1078,-1,1015,1078,720,-1,1016,1015,718,-1,718,1015,719,-1,718,715,1016,-1,1016,715,1080,-1,1016,1080,1009,-1,1009,1080,1081,-1,1009,1081,808,-1,808,1081,38,-1,808,38,39,-1,1080,715,1082,-1,1082,715,714,-1,807,33,32,-1,714,713,1023,-1,807,32,1021,-1,1021,32,1083,-1,1021,1083,1023,-1,1023,1083,1082,-1,1023,1082,714,-1,1024,1023,712,-1,712,1023,713,-1,712,708,1024,-1,1024,708,1084,-1,1024,1084,1017,-1,1017,1084,1085,-1,1017,1085,806,-1,806,1085,34,-1,806,34,35,-1,1084,708,1086,-1,1086,708,707,-1,805,29,28,-1,707,706,1031,-1,805,28,1029,-1,1029,28,1087,-1,1029,1087,1031,-1,1031,1087,1086,-1,1031,1086,707,-1,1032,1031,705,-1,705,1031,706,-1,705,704,1032,-1,1032,704,1088,-1,1032,1088,1025,-1,1025,1088,1089,-1,1025,1089,804,-1,804,1089,30,-1,804,30,31,-1,1088,704,1090,-1,1090,704,703,-1,803,25,24,-1,703,702,1039,-1,803,24,1037,-1,1037,24,1091,-1,1037,1091,1039,-1,1039,1091,1090,-1,1039,1090,703,-1,1040,1039,701,-1,701,1039,702,-1,701,700,1040,-1,1040,700,1092,-1,1040,1092,1033,-1,1033,1092,1093,-1,1033,1093,802,-1,802,1093,26,-1,802,26,27,-1,1092,700,1094,-1,1094,700,699,-1,801,21,20,-1,699,698,1047,-1,801,20,1045,-1,1045,20,1095,-1,1045,1095,1047,-1,1047,1095,1094,-1,1047,1094,699,-1,1048,1047,697,-1,697,1047,698,-1,697,696,1048,-1,1048,696,1096,-1,1048,1096,1041,-1,1041,1096,1097,-1,1041,1097,800,-1,800,1097,22,-1,800,22,23,-1,1096,696,1098,-1,1098,696,690,-1,799,17,16,-1,690,688,1055,-1,799,16,1053,-1,1053,16,1099,-1,1053,1099,1055,-1,1055,1099,1098,-1,1055,1098,690,-1,1056,1055,687,-1,687,1055,688,-1,687,689,1056,-1,1056,689,1100,-1,1056,1100,1049,-1,1049,1100,1101,-1,1049,1101,798,-1,798,1101,18,-1,798,18,19,-1,1100,689,1102,-1,1102,689,694,-1,796,7,8,-1,694,682,684,-1,796,8,956,-1,956,8,1103,-1,956,1103,684,-1,684,1103,1102,-1,684,1102,694,-1,51,49,814,-1,814,49,815,-1,997,996,910,-1,909,1058,1057,-1,814,813,1057,-1,1057,813,997,-1,1057,997,909,-1,909,997,910,-1,813,812,45,-1,45,812,47,-1,1005,1004,920,-1,919,994,993,-1,812,811,993,-1,993,811,1005,-1,993,1005,919,-1,919,1005,920,-1,811,810,41,-1,41,810,43,-1,1013,1012,924,-1,923,1002,1001,-1,810,809,1001,-1,1001,809,1013,-1,1001,1013,923,-1,923,1013,924,-1,809,808,37,-1,37,808,39,-1,1021,1020,914,-1,930,1010,1009,-1,808,807,1009,-1,1009,807,1021,-1,1009,1021,930,-1,930,1021,914,-1,807,806,33,-1,33,806,35,-1,1029,1028,926,-1,925,1018,1017,-1,806,805,1017,-1,1017,805,1029,-1,1017,1029,925,-1,925,1029,926,-1,805,804,29,-1,29,804,31,-1,1037,1036,927,-1,935,1026,1025,-1,804,803,1025,-1,1025,803,1037,-1,1025,1037,935,-1,935,1037,927,-1,803,802,25,-1,25,802,27,-1,1045,1044,934,-1,933,1034,1033,-1,802,801,1033,-1,1033,801,1045,-1,1033,1045,933,-1,933,1045,934,-1,801,800,21,-1,21,800,23,-1,1053,1052,938,-1,943,1042,1041,-1,800,799,1041,-1,1041,799,1053,-1,1041,1053,943,-1,943,1053,938,-1,799,798,17,-1,17,798,19,-1,956,955,942,-1,941,1050,1049,-1,798,796,1049,-1,1049,796,956,-1,1049,956,941,-1,941,956,942,-1,1061,1060,899,-1,911,988,987,-1,816,815,987,-1,987,815,1061,-1,987,1061,911,-1,911,1061,899,-1,911,912,988,-1,988,912,989,-1,760,754,974,-1,974,754,1065,-1,974,1065,987,-1,987,1065,1104,-1,987,1104,816,-1,816,1104,54,-1,816,54,55,-1,981,980,887,-1,908,1105,1106,-1,820,819,1106,-1,1106,819,981,-1,1106,981,908,-1,908,981,887,-1,821,820,61,-1,61,820,63,-1,1106,1105,1107,-1,1108,1109,1110,-1,1110,1109,1111,-1,1110,1111,1107,-1,1107,1111,1112,-1,1107,1112,1106,-1,692,691,1112,-1,1112,691,1113,-1,1112,1113,1106,-1,1106,1113,1114,-1,1106,1114,820,-1,820,1114,62,-1,820,62,63,-1,1112,1111,692,-1,692,1111,693,-1,819,57,56,-1,764,765,983,-1,819,56,981,-1,981,56,1115,-1,981,1115,983,-1,983,1115,1116,-1,983,1116,764,-1,888,887,982,-1,982,887,980,-1,908,907,1105,-1,1105,907,1107,-1,907,906,1107,-1,1107,906,1110,-1,1113,691,1116,-1,1116,691,764,-1,1109,1108,905,-1,904,1117,1118,-1,822,821,1118,-1,1118,821,1109,-1,1118,1109,904,-1,904,1109,905,-1,823,822,65,-1,65,822,67,-1,1118,1117,1119,-1,1120,1121,1122,-1,1122,1121,1123,-1,1122,1123,1119,-1,1119,1123,1124,-1,1119,1124,1118,-1,731,726,1124,-1,1124,726,1125,-1,1124,1125,1118,-1,1118,1125,1126,-1,1118,1126,822,-1,822,1126,66,-1,822,66,67,-1,1124,1123,731,-1,731,1123,732,-1,821,61,60,-1,725,693,1111,-1,821,60,1109,-1,1109,60,1127,-1,1109,1127,1111,-1,1111,1127,1128,-1,1111,1128,725,-1,906,905,1110,-1,1110,905,1108,-1,904,903,1117,-1,1117,903,1119,-1,903,902,1119,-1,1119,902,1122,-1,1125,726,1128,-1,1128,726,725,-1,1121,1120,875,-1,874,1129,1130,-1,824,823,1130,-1,1130,823,1121,-1,1130,1121,874,-1,874,1121,875,-1,825,824,69,-1,69,824,71,-1,1130,1129,1131,-1,1132,1133,1134,-1,1134,1133,1135,-1,1134,1135,1131,-1,1131,1135,1136,-1,1131,1136,1130,-1,744,734,1136,-1,1136,734,1137,-1,1136,1137,1130,-1,1130,1137,1138,-1,1130,1138,824,-1,824,1138,70,-1,824,70,71,-1,1136,1135,744,-1,744,1135,745,-1,823,65,64,-1,733,732,1123,-1,823,64,1121,-1,1121,64,1139,-1,1121,1139,1123,-1,1123,1139,1140,-1,1123,1140,733,-1,902,875,1122,-1,1122,875,1120,-1,874,869,1129,-1,1129,869,1131,-1,869,868,1131,-1,1131,868,1134,-1,1137,734,1140,-1,1140,734,733,-1,1141,1142,1143,-1,1144,1145,1143,-1,1143,1145,1146,-1,1143,1146,1141,-1,860,859,1143,-1,1143,859,1147,-1,1143,1147,1144,-1,650,649,844,-1,844,649,845,-1,1146,1145,778,-1,778,1145,779,-1,845,649,666,-1,666,649,647,-1,1148,695,779,-1,1145,1144,779,-1,779,1144,1147,-1,779,1147,1148,-1,648,1149,646,-1,646,1149,667,-1,1149,1150,667,-1,667,1150,1151,-1,667,1151,1152,-1,1152,1153,667,-1,667,1153,1154,-1,667,1154,1155,-1,166,165,1156,-1,1156,165,667,-1,1156,667,1157,-1,1157,667,1155,-1,1158,1159,1160,-1,1160,1159,559,-1,1160,559,1161,-1,1156,644,166,-1,166,644,656,-1,166,656,559,-1,559,656,1162,-1,559,1162,1161,-1,1151,642,645,-1,1151,645,1152,-1,1152,645,653,-1,1152,653,1153,-1,1153,653,652,-1,1153,652,1154,-1,1154,652,651,-1,1154,651,1155,-1,1155,651,657,-1,1155,657,1157,-1,1157,657,644,-1,1157,644,1156,-1,1151,1150,642,-1,642,1150,643,-1,1150,1149,643,-1,643,1149,648,-1,1133,1132,867,-1,896,1163,1164,-1,826,825,1164,-1,1164,825,1133,-1,1164,1133,896,-1,896,1133,867,-1,827,826,73,-1,73,826,75,-1,1164,1163,1165,-1,1166,1167,1168,-1,1168,1167,1169,-1,1168,1169,1165,-1,1165,1169,1170,-1,1165,1170,1164,-1,755,747,1170,-1,1170,747,1171,-1,1170,1171,1164,-1,1164,1171,1172,-1,1164,1172,826,-1,826,1172,74,-1,826,74,75,-1,1170,1169,755,-1,755,1169,756,-1,825,69,68,-1,746,745,1135,-1,825,68,1133,-1,1133,68,1173,-1,1133,1173,1135,-1,1135,1173,1174,-1,1135,1174,746,-1,868,867,1134,-1,1134,867,1132,-1,896,895,1163,-1,1163,895,1165,-1,895,894,1165,-1,1165,894,1168,-1,1171,747,1174,-1,1174,747,746,-1,1167,1166,893,-1,892,1175,1176,-1,828,827,1176,-1,1176,827,1167,-1,1176,1167,892,-1,892,1167,893,-1,829,828,77,-1,77,828,79,-1,1176,1175,1177,-1,1178,1179,1180,-1,1180,1179,1181,-1,1180,1181,1177,-1,1177,1181,1182,-1,1177,1182,1176,-1,710,709,1182,-1,1182,709,1183,-1,1182,1183,1176,-1,1176,1183,1184,-1,1176,1184,828,-1,828,1184,78,-1,828,78,79,-1,1182,1181,710,-1,710,1181,711,-1,827,73,72,-1,757,756,1169,-1,827,72,1167,-1,1167,72,1185,-1,1167,1185,1169,-1,1169,1185,1186,-1,1169,1186,757,-1,894,893,1168,-1,1168,893,1166,-1,892,891,1175,-1,1175,891,1177,-1,891,890,1177,-1,1177,890,1180,-1,1183,709,1186,-1,1186,709,757,-1,1179,1178,883,-1,882,1187,1188,-1,830,829,1188,-1,1188,829,1179,-1,1188,1179,882,-1,882,1179,883,-1,831,830,81,-1,81,830,83,-1,1188,1187,1189,-1,1190,1191,1192,-1,1192,1191,1193,-1,1192,1193,1189,-1,1189,1193,1194,-1,1189,1194,1188,-1,750,717,1194,-1,1194,717,1195,-1,1194,1195,1188,-1,1188,1195,1196,-1,1188,1196,830,-1,830,1196,82,-1,830,82,83,-1,1194,1193,750,-1,750,1193,749,-1,829,77,76,-1,716,711,1181,-1,829,76,1179,-1,1179,76,1197,-1,1179,1197,1181,-1,1181,1197,1198,-1,1181,1198,716,-1,890,883,1180,-1,1180,883,1178,-1,882,881,1187,-1,1187,881,1189,-1,881,880,1189,-1,1189,880,1192,-1,1195,717,1198,-1,1198,717,716,-1,1191,1190,858,-1,857,1199,1200,-1,832,831,1200,-1,1200,831,1191,-1,1200,1191,857,-1,857,1191,858,-1,833,832,85,-1,85,832,87,-1,1200,1199,1201,-1,1202,1203,1204,-1,1204,1203,1205,-1,1204,1205,1201,-1,1201,1205,1206,-1,1201,1206,1200,-1,723,722,1206,-1,1206,722,1207,-1,1206,1207,1200,-1,1200,1207,1208,-1,1200,1208,832,-1,832,1208,86,-1,832,86,87,-1,1206,1205,723,-1,723,1205,724,-1,831,81,80,-1,748,749,1193,-1,831,80,1191,-1,1191,80,1209,-1,1191,1209,1193,-1,1193,1209,1210,-1,1193,1210,748,-1,880,858,1192,-1,1192,858,1190,-1,857,856,1199,-1,1199,856,1201,-1,856,855,1201,-1,1201,855,1204,-1,1207,722,1210,-1,1210,722,748,-1,1203,1202,854,-1,886,1211,1212,-1,834,833,1212,-1,1212,833,1203,-1,1212,1203,886,-1,886,1203,854,-1,835,834,89,-1,89,834,91,-1,1212,1211,1213,-1,1214,1215,1216,-1,1216,1215,1217,-1,1216,1217,1213,-1,1213,1217,1218,-1,1213,1218,1212,-1,767,740,1218,-1,1218,740,1219,-1,1218,1219,1212,-1,1212,1219,1220,-1,1212,1220,834,-1,834,1220,90,-1,834,90,91,-1,1218,1217,767,-1,767,1217,768,-1,833,85,84,-1,739,724,1205,-1,833,84,1203,-1,1203,84,1221,-1,1203,1221,1205,-1,1205,1221,1222,-1,1205,1222,739,-1,855,854,1204,-1,1204,854,1202,-1,886,885,1211,-1,1211,885,1213,-1,885,884,1213,-1,1213,884,1216,-1,1219,740,1222,-1,1222,740,739,-1,1215,1214,879,-1,878,1223,1224,-1,836,835,1224,-1,1224,835,1215,-1,1224,1215,878,-1,878,1215,879,-1,837,836,93,-1,93,836,95,-1,1224,1223,1225,-1,1226,1227,1228,-1,1228,1227,1229,-1,1228,1229,1225,-1,1225,1229,1230,-1,1225,1230,1224,-1,742,741,1230,-1,1230,741,1231,-1,1230,1231,1224,-1,1224,1231,1232,-1,1224,1232,836,-1,836,1232,94,-1,836,94,95,-1,1230,1229,742,-1,742,1229,743,-1,835,89,88,-1,769,768,1217,-1,835,88,1215,-1,1215,88,1233,-1,1215,1233,1217,-1,1217,1233,1234,-1,1217,1234,769,-1,884,879,1216,-1,1216,879,1214,-1,878,877,1223,-1,1223,877,1225,-1,877,876,1225,-1,1225,876,1228,-1,1231,741,1234,-1,1234,741,769,-1,1227,1226,873,-1,872,1235,1236,-1,838,837,1236,-1,1236,837,1227,-1,1236,1227,872,-1,872,1227,873,-1,839,838,97,-1,97,838,99,-1,1236,1235,1237,-1,1238,1239,1240,-1,1240,1239,1241,-1,1240,1241,1237,-1,1237,1241,1242,-1,1237,1242,1236,-1,777,759,1242,-1,1242,759,1243,-1,1242,1243,1236,-1,1236,1243,1244,-1,1236,1244,838,-1,838,1244,98,-1,838,98,99,-1,1242,1241,777,-1,777,1241,776,-1,837,93,92,-1,758,743,1229,-1,837,92,1227,-1,1227,92,1245,-1,1227,1245,1229,-1,1229,1245,1246,-1,1229,1246,758,-1,876,873,1228,-1,1228,873,1226,-1,872,871,1235,-1,1235,871,1237,-1,871,870,1237,-1,1237,870,1240,-1,1243,759,1246,-1,1246,759,758,-1,1239,1238,866,-1,865,1247,1248,-1,840,839,1248,-1,1248,839,1239,-1,1248,1239,865,-1,865,1239,866,-1,841,840,101,-1,101,840,103,-1,1248,1247,1249,-1,1250,1251,1252,-1,1252,1251,1253,-1,1252,1253,1249,-1,1249,1253,1254,-1,1249,1254,1248,-1,771,770,1254,-1,1254,770,1255,-1,1254,1255,1248,-1,1248,1255,1256,-1,1248,1256,840,-1,840,1256,102,-1,840,102,103,-1,1254,1253,771,-1,771,1253,772,-1,839,97,96,-1,775,776,1241,-1,839,96,1239,-1,1239,96,1257,-1,1239,1257,1241,-1,1241,1257,1258,-1,1241,1258,775,-1,870,866,1240,-1,1240,866,1238,-1,865,864,1247,-1,1247,864,1249,-1,864,863,1249,-1,1249,863,1252,-1,1255,770,1258,-1,1258,770,775,-1,1251,1250,862,-1,853,1259,1260,-1,842,841,1260,-1,1260,841,1251,-1,1260,1251,853,-1,853,1251,862,-1,843,842,105,-1,105,842,107,-1,1260,1259,1261,-1,1262,1263,1264,-1,1264,1263,1265,-1,1264,1265,1261,-1,1261,1265,1266,-1,1261,1266,1260,-1,783,774,1266,-1,1266,774,1267,-1,1266,1267,1260,-1,1260,1267,1268,-1,1260,1268,842,-1,842,1268,106,-1,842,106,107,-1,1266,1265,783,-1,783,1265,782,-1,841,101,100,-1,773,772,1253,-1,841,100,1251,-1,1251,100,1269,-1,1251,1269,1253,-1,1253,1269,1270,-1,1253,1270,773,-1,863,862,1252,-1,1252,862,1250,-1,853,851,1259,-1,1259,851,1261,-1,851,850,1261,-1,1261,850,1264,-1,1267,774,1270,-1,1270,774,773,-1,1263,1262,852,-1,861,1142,1141,-1,844,843,1141,-1,1141,843,1263,-1,1141,1263,861,-1,861,1263,852,-1,778,780,1146,-1,1146,780,1271,-1,1146,1271,1141,-1,1141,1271,1272,-1,1141,1272,844,-1,844,1272,654,-1,844,654,650,-1,843,105,104,-1,781,782,1265,-1,843,104,1263,-1,1263,104,1273,-1,1263,1273,1265,-1,1265,1273,1274,-1,1265,1274,781,-1,850,852,1264,-1,1264,852,1262,-1,861,860,1142,-1,1142,860,1143,-1,1271,780,1274,-1,1274,780,781,-1,1275,1147,849,-1,849,1147,859,-1,1275,1276,1147,-1,1147,1276,1277,-1,1147,1277,1148,-1,1277,1276,847,-1,847,1276,848,-1,1276,1275,848,-1,848,1275,849,-1,949,950,1278,-1,1278,950,952,-1,946,948,1279,-1,1279,948,1280,-1,957,1279,952,-1,952,1279,1280,-1,952,1280,1278,-1,1280,948,1278,-1,1278,948,949,-1,695,1148,1281,-1,695,1281,1282,-1,1282,1281,1283,-1,1282,1283,1284,-1,1284,1283,1285,-1,1284,1285,1286,-1,1286,1285,1287,-1,1286,1287,1288,-1,1288,1287,1289,-1,1288,1289,1290,-1,1290,1289,1291,-1,1290,1291,1292,-1,1292,1291,1293,-1,1292,1293,1294,-1,1294,1293,1295,-1,1294,1295,1296,-1,1296,1295,795,-1,1296,795,791,-1,1297,686,695,-1,1297,695,1298,-1,695,1282,1298,-1,1298,1282,1284,-1,1298,1284,1299,-1,1299,1284,1300,-1,1300,1284,1286,-1,1300,1286,1288,-1,1290,1301,1288,-1,1288,1301,1302,-1,1288,1302,1300,-1,1290,1292,1301,-1,1301,1292,1294,-1,1301,1294,1303,-1,1303,1294,1296,-1,1303,1296,1304,-1,1304,1296,791,-1,1304,791,789,-1,1291,1305,1293,-1,1293,1305,1306,-1,1293,1306,1295,-1,1295,1306,794,-1,1295,794,795,-1,1307,1308,1291,-1,1291,1308,1309,-1,1291,1309,1305,-1,1148,1277,1281,-1,1281,1277,1310,-1,1281,1310,1283,-1,1283,1310,1311,-1,1283,1311,1285,-1,1285,1311,1312,-1,1285,1312,1287,-1,1287,1312,1307,-1,1287,1307,1289,-1,1289,1307,1291,-1,1300,1302,1313,-1,957,686,1314,-1,1314,686,1297,-1,1314,1297,1315,-1,1315,1297,1298,-1,1315,1298,1316,-1,1316,1298,1299,-1,1316,1299,1317,-1,1317,1299,1300,-1,1317,1300,1318,-1,1318,1300,1313,-1,1302,1301,1313,-1,1313,1301,1303,-1,1313,1303,1319,-1,1319,1303,1304,-1,1319,1304,1320,-1,1320,1304,789,-1,1320,789,788,-1,1309,1321,1305,-1,1305,1321,1322,-1,1305,1322,1306,-1,1306,1322,792,-1,1306,792,794,-1,1277,847,1310,-1,1310,847,1323,-1,1310,1323,1311,-1,1311,1323,1324,-1,1311,1324,1312,-1,1312,1324,1325,-1,1312,1325,1307,-1,1307,1325,1326,-1,1307,1326,1308,-1,1308,1326,1327,-1,1308,1327,1309,-1,1309,1327,1328,-1,1309,1328,1321,-1,1315,1329,1314,-1,1314,1329,1279,-1,1314,1279,957,-1,1313,1330,1331,-1,1313,1331,1318,-1,1318,1331,1332,-1,1318,1332,1317,-1,1317,1332,1333,-1,1317,1333,1316,-1,1316,1333,1334,-1,1316,1334,1315,-1,1315,1334,1335,-1,1315,1335,1329,-1,1330,1313,1336,-1,1336,1313,1319,-1,1336,1319,1337,-1,1337,1319,1338,-1,1338,1319,1320,-1,1338,1320,1339,-1,1339,1320,1340,-1,1340,1320,788,-1,1340,788,787,-1,847,846,1323,-1,1323,846,1341,-1,1342,1325,1341,-1,1341,1325,1324,-1,1341,1324,1323,-1,1328,1327,1342,-1,1342,1327,1326,-1,1342,1326,1325,-1,1342,1343,1328,-1,1328,1343,1344,-1,1328,1344,1321,-1,1321,1344,1345,-1,1321,1345,1322,-1,1322,1345,793,-1,1322,793,792,-1,1337,1338,1346,-1,1330,1336,1347,-1,1330,1347,1331,-1,946,1279,1348,-1,1348,1279,1329,-1,1348,1329,1349,-1,1349,1329,1335,-1,1349,1335,1350,-1,1350,1335,1334,-1,1350,1334,1351,-1,1351,1334,1333,-1,1351,1333,1352,-1,1352,1333,1332,-1,1352,1332,1353,-1,1353,1332,1331,-1,1353,1331,1354,-1,1354,1331,1347,-1,1337,1346,1336,-1,1336,1346,1355,-1,1336,1355,1347,-1,1339,1356,1338,-1,1338,1356,1357,-1,1338,1357,1346,-1,1339,1340,1356,-1,1356,1340,787,-1,1356,787,785,-1,641,640,1358,-1,1358,640,639,-1,639,638,1359,-1,1359,638,637,-1,1359,637,636,-1,636,635,1359,-1,1359,635,634,-1,1359,634,633,-1,633,632,1359,-1,1359,632,631,-1,1359,631,630,-1,639,1359,1358,-1,1358,1359,1360,-1,1358,1360,1361,-1,1361,1360,1362,-1,1361,1362,1363,-1,1363,1362,1364,-1,1363,1364,1365,-1,1365,1364,1366,-1,1365,1366,1367,-1,1367,1366,790,-1,1367,790,793,-1,785,784,1368,-1,785,1368,1369,-1,1369,1368,1370,-1,1369,1370,1371,-1,1371,1370,1372,-1,1371,1372,1373,-1,1373,1372,1374,-1,1374,1372,1375,-1,1374,1375,1376,-1,1376,1375,1377,-1,1377,1375,1378,-1,1377,1378,1350,-1,1350,1378,1379,-1,1379,1378,947,-1,1379,947,946,-1,681,677,1380,-1,681,1380,1381,-1,1381,1380,1382,-1,1381,1382,1383,-1,1383,1382,1384,-1,1383,1384,1385,-1,1385,1384,1386,-1,1385,1386,1387,-1,1387,1386,1388,-1,1387,1388,1389,-1,1389,1388,784,-1,1389,784,786,-1,677,664,670,-1,677,670,1390,-1,1390,670,671,-1,1390,671,1391,-1,1391,671,669,-1,1391,669,1392,-1,1392,669,668,-1,1392,668,1393,-1,1393,668,665,-1,1393,665,1394,-1,1394,665,660,-1,1394,660,947,-1,947,1378,1395,-1,1396,1397,1398,-1,784,1388,1399,-1,1398,1397,784,-1,1400,784,1397,-1,1400,1397,1401,-1,1401,1397,1396,-1,1401,1396,1402,-1,1368,784,1400,-1,1403,1404,1405,-1,1405,1404,1399,-1,1405,1399,1406,-1,1406,1399,1388,-1,1406,1388,1386,-1,1368,1400,1370,-1,1370,1400,1401,-1,1370,1401,1372,-1,1372,1401,1402,-1,1372,1402,1375,-1,1407,1403,1408,-1,1408,1403,1405,-1,1408,1405,1409,-1,1409,1405,1406,-1,1409,1406,1410,-1,1410,1406,1386,-1,1410,1386,1384,-1,1411,1407,1412,-1,1412,1407,1408,-1,1412,1408,1413,-1,1413,1408,1409,-1,1413,1409,1414,-1,1414,1409,1410,-1,1414,1410,1415,-1,1415,1410,1384,-1,1415,1384,1382,-1,1378,1411,1395,-1,1395,1411,1412,-1,1395,1412,1416,-1,1416,1412,1413,-1,1416,1413,1417,-1,1417,1413,1414,-1,1417,1414,1418,-1,1418,1414,1415,-1,1418,1415,1419,-1,1419,1415,1382,-1,1419,1382,1380,-1,947,1395,1394,-1,1394,1395,1416,-1,1394,1416,1393,-1,1393,1416,1417,-1,1393,1417,1392,-1,1392,1417,1418,-1,1392,1418,1391,-1,1391,1418,1419,-1,1391,1419,1390,-1,1390,1419,1380,-1,1390,1380,677,-1,1404,784,1399,-1,1378,1375,1411,-1,1411,1375,1402,-1,1411,1402,1407,-1,1407,1402,1396,-1,1407,1396,1403,-1,1403,1396,1398,-1,1403,1398,1404,-1,1404,1398,784,-1,162,641,1420,-1,162,1420,672,-1,672,1420,1421,-1,672,1421,673,-1,673,1421,1422,-1,673,1422,674,-1,674,1422,1423,-1,674,1423,675,-1,675,1423,1424,-1,675,1424,662,-1,662,1424,846,-1,662,846,659,-1,641,1358,1425,-1,1426,1427,1428,-1,793,1345,1429,-1,1428,1427,793,-1,1430,793,1427,-1,1430,1427,1431,-1,1431,1427,1426,-1,1431,1426,1432,-1,1367,793,1430,-1,1433,1434,1435,-1,1435,1434,1429,-1,1435,1429,1436,-1,1436,1429,1345,-1,1436,1345,1344,-1,1367,1430,1365,-1,1365,1430,1431,-1,1365,1431,1363,-1,1363,1431,1432,-1,1363,1432,1361,-1,1437,1433,1438,-1,1438,1433,1435,-1,1438,1435,1439,-1,1439,1435,1436,-1,1439,1436,1440,-1,1440,1436,1344,-1,1440,1344,1343,-1,1441,1437,1442,-1,1442,1437,1438,-1,1442,1438,1443,-1,1443,1438,1439,-1,1443,1439,1444,-1,1444,1439,1440,-1,1444,1440,1445,-1,1445,1440,1343,-1,1445,1343,1342,-1,1358,1441,1425,-1,1425,1441,1442,-1,1425,1442,1446,-1,1446,1442,1443,-1,1446,1443,1447,-1,1447,1443,1444,-1,1447,1444,1448,-1,1448,1444,1445,-1,1448,1445,1449,-1,1449,1445,1342,-1,1449,1342,1341,-1,641,1425,1420,-1,1420,1425,1446,-1,1420,1446,1421,-1,1421,1446,1447,-1,1421,1447,1422,-1,1422,1447,1448,-1,1422,1448,1423,-1,1423,1448,1449,-1,1423,1449,1424,-1,1424,1449,1341,-1,1424,1341,846,-1,1434,793,1429,-1,1358,1361,1441,-1,1441,1361,1432,-1,1441,1432,1437,-1,1437,1432,1426,-1,1437,1426,1433,-1,1433,1426,1428,-1,1433,1428,1434,-1,1434,1428,793,-1,560,559,1159,-1,273,272,1450,-1,1450,272,595,-1,1450,595,560,-1,560,1159,1450,-1,1450,1159,1158,-1,1450,1158,1451,-1,1451,1158,1160,-1,1451,1160,1452,-1,1452,1160,1161,-1,1452,1161,1453,-1,1453,1161,1162,-1,1453,1162,1454,-1,1454,1162,656,-1,1454,656,655,-1,679,678,1455,-1,679,1455,1456,-1,1456,1455,1457,-1,1456,1457,1458,-1,1458,1457,1459,-1,1458,1459,1460,-1,1460,1459,1461,-1,1460,1461,1462,-1,1462,1461,1463,-1,1462,1463,1464,-1,1464,1463,2,-1,1464,2,1,-1,
        ]
    }
}
Shape{
    appearance Appearance {
        material  Material 	{
            diffuseColor 0.0 0.0 0.0
            specularColor 0.0 0.0 0.0
            ambientIntensity 0.0
            transparency 0.0
            shininess 0.5
        }
    }
    geometry IndexedFaceSet {
        ccw TRUE
        solid FALSE
        coord DEF co Coordinate {
            point [
                3.1713 -0.4904 0.4721, 3.1713 -0.4904 0.466, 3.1673 -0.4904 0.4721, 3.1673 -0.4904 0.466, 3.1713 -0.5116 0.4721, 3.1673 -0.5116 0.4721, 3.1713 -0.5116 0.5194, 3.1673 -0.5116 0.5194, 3.1713 -0.5185 0.5194, 3.1673 -0.5185 0.5194, 3.1713 -0.5185 0.466, 3.1673 -0.5185 0.466, 3.1713 -0.463 0.4651, 3.1673 -0.463 0.4651, 3.1673 -0.454 0.4661, 3.1713 -0.454 0.4661, 3.1673 -0.4482 0.4683, 3.1713 -0.4482 0.4683, 3.1713 -0.4482 0.4749, 3.1673 -0.4482 0.4749, 3.1673 -0.4537 0.4724, 3.1713 -0.4537 0.4724, 3.1673 -0.4598 0.4714, 3.1713 -0.4598 0.4714, 3.1673 -0.462 0.4713, 3.1713 -0.462 0.4713, 3.1673 -0.467 0.4718, 3.1713 -0.467 0.4718, 3.1673 -0.4709 0.4732, 3.1713 -0.4709 0.4732, 3.1673 -0.4744 0.4756, 3.1713 -0.4744 0.4756, 3.1673 -0.4757 0.4769, 3.1713 -0.4757 0.4769, 3.1673 -0.4784 0.4807, 3.1713 -0.4784 0.4807, 3.1673 -0.4801 0.4851, 3.1713 -0.4801 0.4851, 3.1673 -0.481 0.4916, 3.1713 -0.481 0.4916, 3.1673 -0.481 0.4921, 3.1713 -0.481 0.4921, 3.1673 -0.4802 0.4989, 3.1713 -0.4802 0.4989, 3.1673 -0.4785 0.5036, 3.1713 -0.4785 0.5036, 3.1673 -0.476 0.5074, 3.1713 -0.476 0.5074, 3.1673 -0.4754 0.5082, 3.1713 -0.4754 0.5082, 3.1673 -0.4719 0.511, 3.1713 -0.4719 0.511, 3.1673 -0.4678 0.513, 3.1713 -0.4678 0.513, 3.1673 -0.4632 0.514, 3.1713 -0.4632 0.514, 3.1673 -0.4608 0.5141, 3.1713 -0.4608 0.5141, 3.1673 -0.4545 0.5134, 3.1713 -0.4545 0.5134, 3.1673 -0.4491 0.5114, 3.1713 -0.4491 0.5114, 3.1673 -0.4482 0.5109, 3.1713 -0.4482 0.5109, 3.1713 -0.4482 0.5181, 3.1673 -0.4482 0.5181, 3.1673 -0.4609 0.5203, 3.1713 -0.4609 0.5203, 3.1713 -0.4604 0.5203, 3.1673 -0.4535 0.5197, 3.1713 -0.4535 0.5197, 3.1673 -0.4554 0.5199, 3.1673 -0.4604 0.5203, 3.1673 -0.4645 0.5199, 3.1713 -0.4687 0.5194, 3.1673 -0.4687 0.5194, 3.1673 -0.4743 0.5172, 3.1713 -0.4743 0.5172, 3.1673 -0.4792 0.5137, 3.1713 -0.4792 0.5137, 3.1673 -0.4805 0.5125, 3.1713 -0.4805 0.5125, 3.1673 -0.4842 0.5077, 3.1673 -0.4858 0.504, 3.1713 -0.4868 0.5018, 3.1713 -0.4842 0.5077, 3.1673 -0.4868 0.5018, 3.1673 -0.4881 0.4949, 3.1713 -0.4881 0.4949, 3.1673 -0.4882 0.4917, 3.1713 -0.4882 0.4917, 3.1673 -0.4872 0.4834, 3.1713 -0.4872 0.4834, 3.1673 -0.4858 0.4796, 3.1713 -0.4851 0.4777, 3.1673 -0.4851 0.4777, 3.1673 -0.482 0.4731, 3.1713 -0.482 0.4731, 3.1673 -0.4813 0.4724, 3.1713 -0.4813 0.4724, 3.1673 -0.4773 0.469, 3.1713 -0.4773 0.469, 3.1673 -0.4723 0.4666, 3.1713 -0.4723 0.4666, 3.1673 -0.4666 0.4653, 3.1713 -0.4666 0.4653, 3.1713 -0.4088 0.4721, 3.1713 -0.4088 0.466, 3.1673 -0.4088 0.4721, 3.1673 -0.4088 0.466, 3.1673 -0.4307 0.4721, 3.1713 -0.4307 0.4721, 3.1673 -0.4162 0.4721, 3.1713 -0.4307 0.4901, 3.1673 -0.4307 0.4901, 3.1713 -0.4116 0.4901, 3.1673 -0.4162 0.4901, 3.1673 -0.4116 0.4901, 3.1713 -0.4116 0.4962, 3.1673 -0.4116 0.4962, 3.1673 -0.4307 0.4962, 3.1713 -0.4307 0.4962, 3.1673 -0.4162 0.4962, 3.1713 -0.4307 0.5133, 3.1673 -0.4307 0.5133, 3.1713 -0.41 0.5133, 3.1673 -0.4162 0.5133, 3.1673 -0.41 0.5133, 3.1713 -0.41 0.5194, 3.1673 -0.41 0.5194, 3.1673 -0.4375 0.5194, 3.1713 -0.4375 0.5194, 3.1673 -0.4162 0.5194, 3.1713 -0.4375 0.466, 3.1673 -0.4375 0.466, 3.1673 -0.4162 0.466, 3.1713 -0.3627 0.4902, 3.1713 -0.3555 0.4896, 3.1713 -0.3625 0.4932, 3.1713 -0.3553 0.4934, 3.1713 -0.3632 0.4993, 3.1713 -0.356 0.5002, 3.1713 -0.3646 0.5034, 3.1713 -0.3579 0.5054, 3.1713 -0.3666 0.5065, 3.1713 -0.3611 0.5102, 3.1713 -0.3684 0.5083, 3.1713 -0.3633 0.5124, 3.1713 -0.3725 0.511, 3.1713 -0.3686 0.516, 3.1713 -0.3772 0.5126, 3.1713 -0.375 0.5184, 3.1713 -0.3838 0.5133, 3.1713 -0.3835 0.5194, 3.1713 -0.3919 0.5133, 3.1713 -0.3987 0.5194, 3.1713 -0.3919 0.4721, 3.1713 -0.3987 0.466, 3.1713 -0.3841 0.4721, 3.1713 -0.3841 0.466, 3.1713 -0.3773 0.4729, 3.1713 -0.3755 0.467, 3.1713 -0.3728 0.4745, 3.1713 -0.3693 0.4693, 3.1713 -0.3692 0.4768, 3.1713 -0.3641 0.4728, 3.1713 -0.3682 0.4777, 3.1713 -0.3633 0.4735, 3.1713 -0.3655 0.4812, 3.1713 -0.3596 0.478, 3.1713 -0.3637 0.4852, 3.1713 -0.3569 0.4834, 3.1673 -0.3841 0.466, 3.1673 -0.3987 0.466, 3.1673 -0.3755 0.467, 3.1673 -0.3743 0.4675, 3.1673 -0.3693 0.4693, 3.1673 -0.3641 0.4728, 3.1673 -0.3633 0.4735, 3.1673 -0.3596 0.478, 3.1673 -0.3569 0.4834, 3.1673 -0.3555 0.4896, 3.1673 -0.3553 0.4934, 3.1673 -0.356 0.5002, 3.1673 -0.3579 0.5054, 3.1673 -0.3611 0.5102, 3.1673 -0.3633 0.5124, 3.1673 -0.3835 0.5194, 3.1673 -0.3686 0.516, 3.1673 -0.3743 0.5182, 3.1673 -0.375 0.5184, 3.1673 -0.3987 0.5194, 3.1673 -0.3838 0.5133, 3.1673 -0.3919 0.5133, 3.1673 -0.3919 0.4721, 3.1673 -0.3841 0.4721, 3.1673 -0.3682 0.4777, 3.1673 -0.3692 0.4768, 3.1673 -0.3728 0.4745, 3.1673 -0.3773 0.4729, 3.1673 -0.3625 0.4932, 3.1673 -0.3627 0.4902, 3.1673 -0.3637 0.4852, 3.1673 -0.3655 0.4812, 3.1673 -0.3684 0.5083, 3.1673 -0.3666 0.5065, 3.1673 -0.3646 0.5034, 3.1673 -0.3632 0.4993, 3.1673 -0.3772 0.5126, 3.1673 -0.3725 0.511
            ]
        }
        coordIndex [
            0,1,2,-1,2,1,3,-1,4,0,5,-1,5,0,2,-1,6,4,7,-1,7,4,5,-1,8,6,9,-1,9,6,7,-1,10,8,11,-1,11,8,9,-1,1,10,3,-1,3,10,11,-1,6,8,4,-1,4,8,10,-1,4,10,0,-1,0,10,1,-1,12,13,14,-1,12,14,15,-1,15,14,16,-1,15,16,17,-1,18,17,19,-1,19,17,16,-1,18,19,20,-1,18,20,21,-1,21,20,22,-1,21,22,23,-1,23,22,24,-1,23,24,25,-1,25,24,26,-1,25,26,27,-1,27,26,28,-1,27,28,29,-1,29,28,30,-1,29,30,31,-1,31,30,32,-1,31,32,33,-1,33,32,34,-1,33,34,35,-1,35,34,36,-1,35,36,37,-1,37,36,38,-1,37,38,39,-1,39,38,40,-1,39,40,41,-1,41,40,42,-1,41,42,43,-1,43,42,44,-1,43,44,45,-1,45,44,46,-1,45,46,47,-1,47,46,48,-1,47,48,49,-1,49,48,50,-1,49,50,51,-1,51,50,52,-1,51,52,53,-1,53,52,54,-1,53,54,55,-1,55,54,56,-1,55,56,57,-1,57,56,58,-1,57,58,59,-1,59,58,60,-1,59,60,61,-1,61,60,62,-1,61,62,63,-1,64,63,65,-1,65,63,62,-1,66,67,68,-1,64,65,69,-1,64,69,70,-1,70,69,71,-1,70,71,68,-1,68,71,72,-1,68,72,66,-1,67,66,73,-1,67,73,74,-1,73,75,74,-1,74,75,76,-1,74,76,77,-1,77,76,78,-1,77,78,79,-1,79,78,80,-1,79,80,81,-1,81,80,82,-1,83,84,82,-1,82,84,85,-1,82,85,81,-1,83,86,84,-1,84,86,87,-1,84,87,88,-1,88,87,89,-1,88,89,90,-1,90,89,91,-1,90,91,92,-1,92,91,93,-1,92,93,94,-1,93,95,94,-1,94,95,96,-1,94,96,97,-1,97,96,98,-1,97,98,99,-1,99,98,100,-1,99,100,101,-1,101,100,102,-1,101,102,103,-1,103,102,104,-1,103,104,105,-1,105,104,13,-1,105,13,12,-1,61,63,64,-1,35,37,92,-1,43,45,85,-1,92,37,90,-1,85,45,81,-1,61,64,59,-1,59,64,70,-1,59,70,57,-1,57,70,68,-1,57,68,55,-1,55,68,67,-1,55,67,53,-1,53,67,74,-1,53,74,51,-1,17,18,15,-1,15,18,21,-1,15,21,12,-1,74,77,51,-1,51,77,79,-1,51,79,49,-1,49,79,81,-1,49,81,47,-1,47,81,45,-1,92,94,35,-1,35,94,97,-1,35,97,33,-1,33,97,99,-1,33,99,31,-1,31,99,101,-1,31,101,29,-1,29,101,103,-1,29,103,27,-1,27,103,105,-1,27,105,25,-1,25,105,12,-1,25,12,23,-1,23,12,21,-1,37,39,90,-1,90,39,41,-1,90,41,88,-1,88,41,43,-1,88,43,84,-1,84,43,85,-1,106,107,108,-1,108,107,109,-1,110,111,112,-1,112,111,106,-1,112,106,108,-1,113,111,114,-1,114,111,110,-1,113,114,115,-1,115,114,116,-1,115,116,117,-1,118,115,119,-1,119,115,117,-1,120,121,122,-1,122,121,118,-1,122,118,119,-1,123,121,124,-1,124,121,120,-1,123,124,125,-1,125,124,126,-1,125,126,127,-1,128,125,129,-1,129,125,127,-1,130,131,132,-1,132,131,128,-1,132,128,129,-1,133,131,134,-1,134,131,130,-1,133,134,107,-1,107,134,135,-1,107,135,109,-1,133,107,106,-1,106,111,133,-1,133,111,113,-1,133,113,131,-1,125,128,123,-1,123,128,131,-1,123,131,121,-1,121,131,113,-1,121,113,118,-1,118,113,115,-1,136,137,138,-1,138,137,139,-1,138,139,140,-1,140,139,141,-1,140,141,142,-1,142,141,143,-1,142,143,144,-1,144,143,145,-1,144,145,146,-1,146,145,147,-1,146,147,148,-1,148,147,149,-1,148,149,150,-1,150,149,151,-1,150,151,152,-1,152,151,153,-1,152,153,154,-1,154,153,155,-1,154,155,156,-1,156,155,157,-1,156,157,158,-1,158,157,159,-1,158,159,160,-1,160,159,161,-1,160,161,162,-1,162,161,163,-1,162,163,164,-1,164,163,165,-1,164,165,166,-1,166,165,167,-1,166,167,168,-1,168,167,169,-1,168,169,170,-1,170,169,171,-1,170,171,136,-1,136,171,137,-1,159,157,172,-1,172,157,173,-1,159,172,174,-1,159,174,161,-1,161,174,175,-1,161,175,163,-1,175,176,163,-1,163,176,177,-1,163,177,165,-1,165,177,178,-1,165,178,167,-1,167,178,179,-1,167,179,169,-1,169,179,180,-1,169,180,171,-1,171,180,181,-1,171,181,137,-1,137,181,182,-1,137,182,139,-1,139,182,183,-1,139,183,141,-1,141,183,184,-1,141,184,143,-1,143,184,185,-1,143,185,145,-1,145,185,186,-1,145,186,147,-1,187,153,151,-1,147,186,188,-1,147,188,149,-1,149,188,189,-1,149,189,151,-1,151,189,190,-1,151,190,187,-1,155,153,191,-1,191,153,187,-1,157,155,173,-1,173,155,191,-1,152,154,192,-1,192,154,193,-1,154,156,193,-1,193,156,194,-1,156,158,194,-1,194,158,195,-1,166,196,197,-1,166,197,164,-1,164,197,198,-1,164,198,162,-1,162,198,199,-1,162,199,160,-1,160,199,195,-1,160,195,158,-1,138,200,201,-1,138,201,136,-1,136,201,202,-1,136,202,170,-1,170,202,203,-1,170,203,168,-1,168,203,196,-1,168,196,166,-1,146,204,205,-1,146,205,144,-1,144,205,206,-1,144,206,142,-1,142,206,207,-1,142,207,140,-1,140,207,200,-1,140,200,138,-1,152,192,208,-1,152,208,150,-1,150,208,209,-1,150,209,148,-1,148,209,204,-1,148,204,146,-1,
        ]
    }
}
Shape{
    appearance Appearance {
        material  Material 	{
            diffuseColor 0.996078431372549 0.8705882352941177 0.7607843137254902
            specularColor 0.4980392156862745 0.43529411764705883 0.3803921568627451
            ambientIntensity 0.8956
            transparency 0.0
            shininess 0.5
        }
    }
    geometry IndexedFaceSet {
        ccw TRUE
        solid FALSE
        coord DEF co Coordinate {
            point [
                3.1673 -0.3919 0.5133, 3.1673 -0.3919 0.4721, 3.1673 -0.3838 0.5133, 3.1673 -0.3841 0.4721, 3.1673 -0.3773 0.4729, 3.1673 -0.3728 0.4745, 3.1673 -0.3692 0.4768, 3.1673 -0.3682 0.4777, 3.1673 -0.3655 0.4812, 3.1673 -0.3637 0.4852, 3.1673 -0.3627 0.4902, 3.1673 -0.3625 0.4932, 3.1673 -0.3632 0.4993, 3.1673 -0.3646 0.5034, 3.1673 -0.3666 0.5065, 3.1673 -0.3684 0.5083, 3.1673 -0.3772 0.5126, 3.1673 -0.3725 0.511
            ]
        }
        coordIndex [
            0,1,2,-1,2,1,3,-1,2,3,4,-1,4,5,2,-1,2,5,6,-1,2,6,7,-1,7,8,2,-1,2,8,9,-1,2,9,10,-1,10,11,2,-1,2,11,12,-1,2,12,13,-1,13,14,2,-1,2,14,15,-1,2,15,16,-1,16,15,17,-1,
        ]
    }
}
Shape{
    appearance Appearance {
        material  Material 	{
            diffuseColor 0.0 0.0 0.0
            specularColor 0.0 0.0 0.0
            ambientIntensity 0.0
            transparency 0.0
            shininess 0.5
        }
    }
    geometry IndexedFaceSet {
        ccw TRUE
        solid FALSE
        coord DEF co Coordinate {
            point [
                3.1713 -0.3374 0.4867, 3.1713 -0.3396 0.4806, 3.1713 -0.3195 0.4867, 3.1713 -0.3174 0.4806, 3.1713 -0.3294 0.5089, 3.1713 -0.332 0.5194, 3.1713 -0.3523 0.466, 3.1713 -0.3447 0.466, 3.1713 -0.329 0.5105, 3.1713 -0.3285 0.5126, 3.1713 -0.3246 0.5194, 3.1713 -0.3284 0.5126, 3.1713 -0.328 0.5103, 3.1713 -0.3275 0.5089, 3.1713 -0.3043 0.466, 3.1713 -0.3119 0.466, 3.1673 -0.3246 0.5194, 3.1673 -0.3043 0.466, 3.1673 -0.332 0.5194, 3.1673 -0.3523 0.466, 3.1673 -0.3369 0.5064, 3.1673 -0.3447 0.466, 3.1673 -0.3396 0.4806, 3.1673 -0.3174 0.4806, 3.1673 -0.3369 0.4806, 3.1673 -0.3119 0.466, 3.1673 -0.3374 0.4867, 3.1673 -0.3195 0.4867, 3.1673 -0.3275 0.5089, 3.1673 -0.3284 0.5126, 3.1673 -0.328 0.5103, 3.1673 -0.3285 0.5126, 3.1673 -0.3294 0.5089, 3.1673 -0.329 0.5105
            ]
        }
        coordIndex [
            0,1,2,-1,2,1,3,-1,4,5,0,-1,0,5,6,-1,0,6,1,-1,1,6,7,-1,4,8,5,-1,5,8,9,-1,5,9,10,-1,10,9,11,-1,10,11,12,-1,12,13,10,-1,10,13,2,-1,10,2,14,-1,14,2,3,-1,14,3,15,-1,10,14,16,-1,16,14,17,-1,5,10,18,-1,18,10,16,-1,19,6,20,-1,20,6,5,-1,20,5,18,-1,7,6,21,-1,21,6,19,-1,1,7,22,-1,22,7,21,-1,23,3,24,-1,24,3,1,-1,24,1,22,-1,15,3,25,-1,25,3,23,-1,14,15,17,-1,17,15,25,-1,0,2,26,-1,26,2,27,-1,2,13,27,-1,27,13,28,-1,11,29,30,-1,11,30,12,-1,12,30,28,-1,12,28,13,-1,11,9,29,-1,29,9,31,-1,4,32,33,-1,4,33,8,-1,8,33,31,-1,8,31,9,-1,4,0,32,-1,32,0,26,-1,
        ]
    }
}
Shape{
    appearance Appearance {
        material  Material 	{
            diffuseColor 0.996078431372549 0.8705882352941177 0.7607843137254902
            specularColor 0.4980392156862745 0.43529411764705883 0.3803921568627451
            ambientIntensity 0.8956
            transparency 0.0
            shininess 0.5
        }
    }
    geometry IndexedFaceSet {
        ccw TRUE
        solid FALSE
        coord DEF co Coordinate {
            point [
                3.1673 -0.3284 0.5126, 3.1673 -0.3285 0.5126, 3.1673 -0.328 0.5103, 3.1673 -0.329 0.5105, 3.1673 -0.3275 0.5089, 3.1673 -0.3294 0.5089, 3.1673 -0.3195 0.4867, 3.1673 -0.3374 0.4867
            ]
        }
        coordIndex [
            0,1,2,-1,2,1,3,-1,2,3,4,-1,4,3,5,-1,4,5,6,-1,6,5,7,-1,
        ]
    }
}
Shape{
    appearance Appearance {
        material  Material 	{
            diffuseColor 0.0 0.0 0.0
            specularColor 0.0 0.0 0.0
            ambientIntensity 0.0
            transparency 0.0
            shininess 0.5
        }
    }
    geometry IndexedFaceSet {
        ccw TRUE
        solid FALSE
        coord DEF co Coordinate {
            point [
                3.1713 -0.4898 0.3875, 3.1713 -0.4898 0.3814, 3.1673 -0.4898 0.3875, 3.1673 -0.4898 0.3814, 3.1713 -0.5116 0.3875, 3.1673 -0.5116 0.3875, 3.1713 -0.5116 0.4054, 3.1673 -0.5116 0.4054, 3.1713 -0.4925 0.4054, 3.1673 -0.4925 0.4054, 3.1713 -0.4925 0.4115, 3.1673 -0.4925 0.4115, 3.1713 -0.5116 0.4115, 3.1673 -0.5116 0.4115, 3.1713 -0.5116 0.4286, 3.1673 -0.5116 0.4286, 3.1713 -0.491 0.4286, 3.1673 -0.491 0.4286, 3.1713 -0.491 0.4347, 3.1673 -0.491 0.4347, 3.1713 -0.5185 0.4347, 3.1673 -0.5185 0.4347, 3.1713 -0.5185 0.3814, 3.1673 -0.5185 0.3814, 3.1713 -0.4596 0.3873, 3.1713 -0.4595 0.3873, 3.1713 -0.4599 0.3934, 3.1713 -0.4757 0.4028, 3.1713 -0.4786 0.4014, 3.1713 -0.4749 0.3969, 3.1713 -0.4595 0.3964, 3.1713 -0.4528 0.4059, 3.1713 -0.4595 0.3968, 3.1713 -0.4595 0.4005, 3.1713 -0.4595 0.3814, 3.1713 -0.4528 0.3814, 3.1713 -0.4609 0.391, 3.1713 -0.4623 0.3891, 3.1713 -0.4607 0.3857, 3.1713 -0.4632 0.3882, 3.1713 -0.4628 0.3834, 3.1713 -0.4651 0.387, 3.1713 -0.4652 0.3818, 3.1713 -0.4671 0.3862, 3.1713 -0.4679 0.3808, 3.1713 -0.4696 0.3859, 3.1713 -0.4713 0.3805, 3.1713 -0.4719 0.3862, 3.1713 -0.4753 0.3809, 3.1713 -0.4734 0.3868, 3.1713 -0.4779 0.3819, 3.1713 -0.4747 0.3877, 3.1713 -0.4801 0.3835, 3.1713 -0.4753 0.3882, 3.1713 -0.4757 0.396, 3.1713 -0.4807 0.3996, 3.1713 -0.4762 0.3947, 3.1713 -0.482 0.3977, 3.1713 -0.4766 0.3932, 3.1713 -0.474 0.3976, 3.1713 -0.4724 0.3984, 3.1713 -0.4708 0.404, 3.1713 -0.4684 0.3993, 3.1713 -0.4595 0.4056, 3.1713 -0.4797 0.4168, 3.1713 -0.4797 0.4103, 3.1713 -0.4779 0.4178, 3.1713 -0.4754 0.4131, 3.1713 -0.4729 0.4197, 3.1713 -0.4712 0.4145, 3.1713 -0.4666 0.4204, 3.1713 -0.4672 0.4149, 3.1713 -0.4625 0.42, 3.1713 -0.4649 0.4147, 3.1713 -0.4597 0.4191, 3.1713 -0.4634 0.4142, 3.1713 -0.4575 0.4178, 3.1713 -0.4622 0.4134, 3.1713 -0.4557 0.4161, 3.1713 -0.4612 0.4123, 3.1713 -0.4543 0.414, 3.1713 -0.4604 0.4109, 3.1713 -0.4533 0.4109, 3.1713 -0.4597 0.4086, 3.1713 -0.4829 0.3954, 3.1713 -0.4834 0.3925, 3.1713 -0.4766 0.3921, 3.1713 -0.4834 0.3916, 3.1713 -0.4765 0.3906, 3.1713 -0.4831 0.3885, 3.1713 -0.476 0.3894, 3.1713 -0.4823 0.3863, 3.1713 -0.4809 0.3842, 3.1673 -0.4666 0.4204, 3.1673 -0.4729 0.4197, 3.1673 -0.4779 0.4178, 3.1673 -0.4797 0.4168, 3.1673 -0.4797 0.4103, 3.1673 -0.4754 0.4131, 3.1673 -0.4712 0.4145, 3.1673 -0.4672 0.4149, 3.1673 -0.4649 0.4147, 3.1673 -0.4634 0.4142, 3.1673 -0.4622 0.4134, 3.1673 -0.4612 0.4123, 3.1673 -0.4604 0.4109, 3.1673 -0.4597 0.4086, 3.1673 -0.4595 0.4056, 3.1673 -0.4708 0.404, 3.1673 -0.4757 0.4028, 3.1673 -0.4786 0.4014, 3.1673 -0.4807 0.3996, 3.1673 -0.482 0.3977, 3.1673 -0.4829 0.3954, 3.1673 -0.4834 0.3925, 3.1673 -0.4834 0.3916, 3.1673 -0.4831 0.3885, 3.1673 -0.4823 0.3863, 3.1673 -0.4809 0.3842, 3.1673 -0.4801 0.3835, 3.1673 -0.4713 0.3805, 3.1673 -0.4752 0.3809, 3.1673 -0.4753 0.3809, 3.1673 -0.4779 0.3819, 3.1673 -0.4679 0.3808, 3.1673 -0.4677 0.3809, 3.1673 -0.4652 0.3818, 3.1673 -0.4628 0.3834, 3.1673 -0.4607 0.3857, 3.1673 -0.4596 0.3873, 3.1673 -0.4595 0.3873, 3.1673 -0.4595 0.3814, 3.1673 -0.4528 0.3814, 3.1673 -0.4528 0.4059, 3.1673 -0.4533 0.4109, 3.1673 -0.4543 0.414, 3.1673 -0.4557 0.4161, 3.1673 -0.4575 0.4178, 3.1673 -0.4597 0.4191, 3.1673 -0.4625 0.42, 3.1673 -0.4749 0.3969, 3.1673 -0.474 0.3976, 3.1673 -0.4724 0.3984, 3.1673 -0.4684 0.3993, 3.1673 -0.4766 0.3921, 3.1673 -0.4766 0.3932, 3.1673 -0.4762 0.3947, 3.1673 -0.4757 0.396, 3.1673 -0.4747 0.3877, 3.1673 -0.4753 0.3882, 3.1673 -0.476 0.3894, 3.1673 -0.4765 0.3906, 3.1673 -0.4696 0.3859, 3.1673 -0.4719 0.3862, 3.1673 -0.4734 0.3868, 3.1673 -0.4623 0.3891, 3.1673 -0.4632 0.3882, 3.1673 -0.4651 0.387, 3.1673 -0.4671 0.3862, 3.1673 -0.4595 0.3968, 3.1673 -0.4595 0.3964, 3.1673 -0.4599 0.3934, 3.1673 -0.4609 0.391, 3.1673 -0.4595 0.4005
            ]
        }
        coordIndex [
            0,1,2,-1,2,1,3,-1,4,0,5,-1,5,0,2,-1,6,4,7,-1,7,4,5,-1,8,6,9,-1,9,6,7,-1,10,8,11,-1,11,8,9,-1,12,10,13,-1,13,10,11,-1,14,12,15,-1,15,12,13,-1,16,14,17,-1,17,14,15,-1,18,16,19,-1,19,16,17,-1,20,18,21,-1,21,18,19,-1,22,20,23,-1,23,20,21,-1,1,22,3,-1,3,22,23,-1,22,1,0,-1,0,4,22,-1,22,4,6,-1,22,6,20,-1,16,18,14,-1,14,18,20,-1,14,20,12,-1,12,20,6,-1,12,6,10,-1,10,6,8,-1,24,25,26,-1,27,28,29,-1,30,31,32,-1,32,31,33,-1,34,35,25,-1,25,35,31,-1,25,31,26,-1,26,31,30,-1,26,36,24,-1,24,36,37,-1,24,37,38,-1,38,37,39,-1,38,39,40,-1,40,39,41,-1,40,41,42,-1,42,41,43,-1,42,43,44,-1,44,43,45,-1,44,45,46,-1,46,45,47,-1,46,47,48,-1,48,47,49,-1,48,49,50,-1,50,49,51,-1,50,51,52,-1,52,51,53,-1,29,28,54,-1,54,28,55,-1,54,55,56,-1,56,55,57,-1,56,57,58,-1,29,59,27,-1,27,59,60,-1,27,60,61,-1,61,60,62,-1,61,62,63,-1,64,65,66,-1,66,65,67,-1,66,67,68,-1,68,67,69,-1,68,69,70,-1,70,69,71,-1,70,71,72,-1,72,71,73,-1,72,73,74,-1,74,73,75,-1,74,75,76,-1,76,75,77,-1,76,77,78,-1,78,77,79,-1,78,79,80,-1,80,79,81,-1,80,81,82,-1,82,81,83,-1,82,83,31,-1,31,83,63,-1,31,63,33,-1,33,63,62,-1,57,84,58,-1,58,84,85,-1,58,85,86,-1,86,85,87,-1,86,87,88,-1,88,87,89,-1,88,89,90,-1,90,89,91,-1,90,91,53,-1,53,91,92,-1,53,92,52,-1,70,93,94,-1,70,94,68,-1,68,94,95,-1,68,95,66,-1,66,95,96,-1,66,96,64,-1,65,64,97,-1,97,64,96,-1,65,97,98,-1,65,98,67,-1,67,98,99,-1,67,99,69,-1,69,99,100,-1,69,100,71,-1,71,100,101,-1,71,101,73,-1,73,101,102,-1,73,102,75,-1,75,102,103,-1,75,103,77,-1,77,103,104,-1,77,104,79,-1,79,104,105,-1,79,105,81,-1,81,105,106,-1,81,106,83,-1,83,106,107,-1,83,107,63,-1,61,63,108,-1,108,63,107,-1,61,108,109,-1,61,109,27,-1,27,109,110,-1,27,110,28,-1,28,110,111,-1,28,111,55,-1,55,111,112,-1,55,112,57,-1,57,112,113,-1,57,113,84,-1,84,113,114,-1,84,114,85,-1,85,114,115,-1,85,115,87,-1,87,115,116,-1,87,116,89,-1,89,116,117,-1,89,117,91,-1,91,117,118,-1,91,118,92,-1,92,118,119,-1,92,119,52,-1,120,46,121,-1,121,46,48,-1,121,48,122,-1,122,48,50,-1,122,50,123,-1,123,50,52,-1,123,52,119,-1,46,120,124,-1,46,124,44,-1,44,124,125,-1,44,125,42,-1,125,126,42,-1,42,126,127,-1,42,127,40,-1,40,127,128,-1,40,128,38,-1,38,128,129,-1,38,129,24,-1,25,24,130,-1,130,24,129,-1,34,25,131,-1,131,25,130,-1,35,34,132,-1,132,34,131,-1,31,35,133,-1,133,35,132,-1,31,133,134,-1,31,134,82,-1,82,134,135,-1,82,135,80,-1,80,135,136,-1,80,136,78,-1,78,136,137,-1,78,137,76,-1,76,137,138,-1,76,138,74,-1,74,138,139,-1,74,139,72,-1,72,139,93,-1,72,93,70,-1,29,140,141,-1,29,141,59,-1,59,141,142,-1,59,142,60,-1,60,142,143,-1,60,143,62,-1,86,144,145,-1,86,145,58,-1,58,145,146,-1,58,146,56,-1,56,146,147,-1,56,147,54,-1,54,147,140,-1,54,140,29,-1,51,148,149,-1,51,149,53,-1,53,149,150,-1,53,150,90,-1,90,150,151,-1,90,151,88,-1,88,151,144,-1,88,144,86,-1,45,152,153,-1,45,153,47,-1,47,153,154,-1,47,154,49,-1,49,154,148,-1,49,148,51,-1,37,155,156,-1,37,156,39,-1,39,156,157,-1,39,157,41,-1,41,157,158,-1,41,158,43,-1,43,158,152,-1,43,152,45,-1,32,159,160,-1,32,160,30,-1,30,160,161,-1,30,161,26,-1,26,161,162,-1,26,162,36,-1,36,162,155,-1,36,155,37,-1,32,33,159,-1,159,33,163,-1,33,62,163,-1,163,62,143,-1,
        ]
    }
}
Shape{
    appearance Appearance {
        material  Material 	{
            diffuseColor 0.996078431372549 0.8705882352941177 0.7607843137254902
            specularColor 0.4980392156862745 0.43529411764705883 0.3803921568627451
            ambientIntensity 0.8956
            transparency 0.0
            shininess 0.5
        }
    }
    geometry IndexedFaceSet {
        ccw TRUE
        solid FALSE
        coord DEF co Coordinate {
            point [
                3.1673 -0.4595 0.4005, 3.1673 -0.4684 0.3993, 3.1673 -0.4595 0.3968, 3.1673 -0.4724 0.3984, 3.1673 -0.474 0.3976, 3.1673 -0.4749 0.3969, 3.1673 -0.4595 0.3964, 3.1673 -0.4599 0.3934, 3.1673 -0.4757 0.396, 3.1673 -0.4609 0.391, 3.1673 -0.4753 0.3882, 3.1673 -0.4747 0.3877, 3.1673 -0.4632 0.3882, 3.1673 -0.476 0.3894, 3.1673 -0.4651 0.387, 3.1673 -0.4671 0.3862, 3.1673 -0.4696 0.3859, 3.1673 -0.4762 0.3947, 3.1673 -0.4766 0.3932, 3.1673 -0.4623 0.3891, 3.1673 -0.4766 0.3921, 3.1673 -0.4765 0.3906, 3.1673 -0.4734 0.3868, 3.1673 -0.4719 0.3862
            ]
        }
        coordIndex [
            0,1,2,-1,2,1,3,-1,3,4,2,-1,2,4,5,-1,2,5,6,-1,6,5,7,-1,7,5,8,-1,7,8,9,-1,10,11,12,-1,10,12,13,-1,14,12,15,-1,15,12,16,-1,8,17,9,-1,9,17,18,-1,9,18,19,-1,19,18,20,-1,19,20,12,-1,12,20,21,-1,12,21,13,-1,11,22,12,-1,12,22,23,-1,12,23,16,-1,
        ]
    }
}
Shape{
    appearance Appearance {
        material  Material 	{
            diffuseColor 0.0 0.0 0.0
            specularColor 0.0 0.0 0.0
            ambientIntensity 0.0
            transparency 0.0
            shininess 0.5
        }
    }
    geometry IndexedFaceSet {
        ccw TRUE
        solid FALSE
        coord DEF co Coordinate {
            point [
                3.1673 -0.4437 0.3896, 3.1713 -0.4437 0.3896, 3.1713 -0.4411 0.388, 3.1713 -0.4327 0.3859, 3.1673 -0.4327 0.3859, 3.1673 -0.4369 0.3864, 3.1713 -0.4369 0.3864, 3.1673 -0.4406 0.3878, 3.1673 -0.4411 0.388, 3.1713 -0.4437 0.3827, 3.1673 -0.4437 0.3827, 3.1673 -0.4406 0.3816, 3.1713 -0.4389 0.381, 3.1673 -0.4334 0.3805, 3.1713 -0.4334 0.3805, 3.1673 -0.4378 0.3809, 3.1673 -0.4389 0.381, 3.1673 -0.4291 0.3809, 3.1713 -0.4279 0.381, 3.1673 -0.4279 0.381, 3.1673 -0.4243 0.3823, 3.1713 -0.4243 0.3823, 3.1673 -0.4223 0.3835, 3.1713 -0.4223 0.3835, 3.1673 -0.4204 0.3852, 3.1713 -0.4204 0.3852, 3.1673 -0.4191 0.3869, 3.1713 -0.4191 0.3869, 3.1673 -0.4183 0.389, 3.1713 -0.4183 0.389, 3.1673 -0.418 0.3917, 3.1713 -0.418 0.3917, 3.1673 -0.4183 0.3942, 3.1713 -0.4183 0.3942, 3.1673 -0.419 0.3962, 3.1713 -0.419 0.3962, 3.1673 -0.4202 0.398, 3.1713 -0.4202 0.398, 3.1673 -0.4218 0.3995, 3.1713 -0.4218 0.3995, 3.1673 -0.4262 0.4019, 3.1713 -0.4262 0.4019, 3.1673 -0.4288 0.403, 3.1713 -0.4288 0.403, 3.1673 -0.433 0.4048, 3.1713 -0.433 0.4048, 3.1673 -0.4353 0.4063, 3.1713 -0.4353 0.4063, 3.1673 -0.436 0.407, 3.1713 -0.436 0.407, 3.1673 -0.4365 0.4079, 3.1713 -0.4365 0.4079, 3.1673 -0.4367 0.4089, 3.1713 -0.4367 0.4089, 3.1673 -0.4368 0.4098, 3.1713 -0.4368 0.4098, 3.1673 -0.4367 0.4109, 3.1713 -0.4367 0.4109, 3.1673 -0.4363 0.4118, 3.1713 -0.4363 0.4118, 3.1673 -0.4358 0.4126, 3.1713 -0.4358 0.4126, 3.1673 -0.4348 0.4135, 3.1713 -0.4348 0.4135, 3.1673 -0.4333 0.4143, 3.1713 -0.4333 0.4143, 3.1673 -0.4315 0.4148, 3.1713 -0.4315 0.4148, 3.1673 -0.4295 0.4149, 3.1713 -0.4295 0.4149, 3.1673 -0.4251 0.4144, 3.1713 -0.4251 0.4144, 3.1673 -0.4213 0.413, 3.1713 -0.4213 0.413, 3.1673 -0.4198 0.4122, 3.1713 -0.4198 0.4122, 3.1713 -0.4198 0.4187, 3.1673 -0.4198 0.4187, 3.1673 -0.4252 0.4201, 3.1713 -0.4252 0.4201, 3.1673 -0.4288 0.4204, 3.1713 -0.4288 0.4204, 3.1673 -0.4337 0.4198, 3.1713 -0.4337 0.4198, 3.1673 -0.4374 0.4185, 3.1713 -0.4374 0.4185, 3.1673 -0.4394 0.4173, 3.1713 -0.4394 0.4173, 3.1673 -0.4406 0.4162, 3.1713 -0.4414 0.4156, 3.1673 -0.4414 0.4156, 3.1673 -0.4426 0.4137, 3.1713 -0.4426 0.4137, 3.1673 -0.4434 0.4116, 3.1713 -0.4434 0.4116, 3.1673 -0.4437 0.4092, 3.1713 -0.4437 0.4092, 3.1673 -0.4434 0.4066, 3.1713 -0.4434 0.4066, 3.1673 -0.4427 0.4046, 3.1713 -0.4427 0.4046, 3.1673 -0.4418 0.4032, 3.1713 -0.4418 0.4032, 3.1673 -0.4336 0.3981, 3.1713 -0.4336 0.3981, 3.1713 -0.4375 0.3999, 3.1673 -0.4407 0.402, 3.1713 -0.4407 0.402, 3.1673 -0.4406 0.402, 3.1673 -0.4375 0.3999, 3.1673 -0.4292 0.3963, 3.1713 -0.4292 0.3963, 3.1673 -0.4266 0.3947, 3.1713 -0.4266 0.3947, 3.1673 -0.4257 0.3938, 3.1713 -0.4257 0.3938, 3.1673 -0.4252 0.393, 3.1713 -0.4252 0.393, 3.1673 -0.4249 0.3919, 3.1713 -0.4249 0.3919, 3.1673 -0.4248 0.3911, 3.1713 -0.4248 0.3911, 3.1673 -0.425 0.3898, 3.1713 -0.425 0.3898, 3.1673 -0.4253 0.3889, 3.1713 -0.4253 0.3889, 3.1673 -0.4259 0.388, 3.1713 -0.4259 0.388, 3.1673 -0.4267 0.3873, 3.1713 -0.4267 0.3873, 3.1673 -0.4273 0.3869, 3.1713 -0.4273 0.3869, 3.1673 -0.429 0.3863, 3.1713 -0.429 0.3863, 3.1673 -0.4324 0.3859, 3.1713 -0.4324 0.3859, 3.1713 -0.3848 0.4195, 3.1713 -0.3779 0.4195, 3.1673 -0.3848 0.4195, 3.1673 -0.3779 0.4195, 3.1713 -0.3952 0.3908, 3.1673 -0.3952 0.3908, 3.1673 -0.3958 0.389, 3.1713 -0.3958 0.389, 3.1673 -0.3961 0.3877, 3.1713 -0.3961 0.3877, 3.1713 -0.3962 0.3877, 3.1673 -0.3962 0.3877, 3.1713 -0.3971 0.3908, 3.1673 -0.3971 0.3908, 3.1713 -0.407 0.4195, 3.1673 -0.4038 0.4102, 3.1673 -0.407 0.4195, 3.1713 -0.4145 0.4195, 3.1673 -0.4145 0.4195, 3.1713 -0.3995 0.3814, 3.1673 -0.4038 0.3923, 3.1673 -0.3995 0.3814, 3.1673 -0.4025 0.3745, 3.1713 -0.4025 0.3745, 3.1673 -0.3998 0.3809, 3.1673 -0.4038 0.3721, 3.1673 -0.4038 0.3721, 3.1713 -0.405 0.3707, 3.1713 -0.4038 0.3721, 3.1673 -0.405 0.3707, 3.1673 -0.4063 0.3699, 3.1713 -0.4063 0.3699, 3.1673 -0.4077 0.3693, 3.1713 -0.4077 0.3693, 3.1673 -0.4093 0.3691, 3.1713 -0.4093 0.3691, 3.1673 -0.4118 0.3695, 3.1713 -0.4118 0.3695, 3.1673 -0.4131 0.3699, 3.1713 -0.4131 0.3699, 3.1713 -0.4131 0.364, 3.1673 -0.4131 0.364, 3.1673 -0.4103 0.3635, 3.1713 -0.4103 0.3635, 3.1673 -0.4088 0.3634, 3.1713 -0.4088 0.3634, 3.1673 -0.4061 0.3637, 3.1713 -0.4061 0.3637, 3.1673 -0.4038 0.3646, 3.1713 -0.4035 0.3647, 3.1673 -0.4035 0.3647, 3.1673 -0.4011 0.3664, 3.1713 -0.4011 0.3664, 3.1673 -0.4007 0.3668, 3.1713 -0.4007 0.3668, 3.1673 -0.3982 0.3697, 3.1713 -0.3982 0.3697, 3.1673 -0.3952 0.3756, 3.1713 -0.3952 0.3756, 3.1673 -0.3931 0.3809, 3.1713 -0.342 0.3875, 3.1713 -0.342 0.3814, 3.1673 -0.342 0.3875, 3.1673 -0.342 0.3814, 3.1713 -0.3638 0.3875, 3.1673 -0.3538 0.3875, 3.1673 -0.3638 0.3875, 3.1713 -0.3638 0.4054, 3.1673 -0.3638 0.4054, 3.1713 -0.3447 0.4054, 3.1673 -0.3538 0.4054, 3.1673 -0.3447 0.4054, 3.1713 -0.3447 0.4115, 3.1673 -0.3447 0.4115, 3.1673 -0.3638 0.4115, 3.1713 -0.3638 0.4115, 3.1673 -0.3538 0.4115, 3.1713 -0.3638 0.4286, 3.1673 -0.3638 0.4286, 3.1673 -0.3432 0.4286, 3.1713 -0.3432 0.4286, 3.1673 -0.3538 0.4286, 3.1713 -0.3432 0.4347, 3.1673 -0.3432 0.4347, 3.1673 -0.3707 0.4347, 3.1713 -0.3707 0.4347, 3.1673 -0.3538 0.4347, 3.1713 -0.3707 0.3814, 3.1673 -0.3707 0.3814, 3.1673 -0.3538 0.3814, 3.1713 -0.2958 0.4055, 3.1713 -0.2886 0.4049, 3.1713 -0.2957 0.4085, 3.1713 -0.2884 0.4087, 3.1713 -0.2963 0.4146, 3.1713 -0.2892 0.4155, 3.1713 -0.2978 0.4187, 3.1713 -0.2911 0.4207, 3.1713 -0.2998 0.4218, 3.1713 -0.2943 0.4255, 3.1713 -0.3015 0.4236, 3.1713 -0.2965 0.4277, 3.1713 -0.3056 0.4263, 3.1713 -0.3018 0.4313, 3.1713 -0.3103 0.4279, 3.1713 -0.3082 0.4338, 3.1713 -0.3169 0.4286, 3.1713 -0.3167 0.4347, 3.1713 -0.325 0.4286, 3.1713 -0.3319 0.4347, 3.1713 -0.325 0.3875, 3.1713 -0.3319 0.3814, 3.1713 -0.3173 0.3875, 3.1713 -0.3172 0.3814, 3.1713 -0.3105 0.3882, 3.1713 -0.3087 0.3823, 3.1713 -0.3059 0.3898, 3.1713 -0.3025 0.3846, 3.1713 -0.3024 0.3921, 3.1713 -0.2973 0.3881, 3.1713 -0.3014 0.393, 3.1713 -0.2965 0.3888, 3.1713 -0.2986 0.3965, 3.1713 -0.2927 0.3933, 3.1713 -0.2968 0.4005, 3.1713 -0.29 0.3988, 3.1673 -0.3172 0.3814, 3.1673 -0.3319 0.3814, 3.1673 -0.3087 0.3823, 3.1673 -0.3025 0.3846, 3.1673 -0.2973 0.3881, 3.1673 -0.2965 0.3888, 3.1673 -0.2927 0.3933, 3.1673 -0.29 0.3988, 3.1673 -0.2886 0.4049, 3.1673 -0.2884 0.4087, 3.1673 -0.2892 0.4155, 3.1673 -0.2911 0.4207, 3.1673 -0.2943 0.4255, 3.1673 -0.2965 0.4277, 3.1673 -0.3018 0.4313, 3.1673 -0.3082 0.4338, 3.1673 -0.3167 0.4347, 3.1673 -0.3319 0.4347, 3.1673 -0.3169 0.4286, 3.1673 -0.325 0.4286, 3.1673 -0.325 0.3875, 3.1673 -0.3173 0.3875, 3.1673 -0.3014 0.393, 3.1673 -0.3024 0.3921, 3.1673 -0.3059 0.3898, 3.1673 -0.3105 0.3882, 3.1673 -0.2957 0.4085, 3.1673 -0.2958 0.4055, 3.1673 -0.2968 0.4005, 3.1673 -0.2986 0.3965, 3.1673 -0.3015 0.4236, 3.1673 -0.2998 0.4218, 3.1673 -0.2978 0.4187, 3.1673 -0.2963 0.4146, 3.1673 -0.3103 0.4279, 3.1673 -0.3056 0.4263
            ]
        }
        coordIndex [
            0,1,2,-1,3,4,5,-1,3,5,6,-1,6,5,7,-1,6,7,2,-1,2,7,8,-1,2,8,0,-1,9,1,10,-1,10,1,0,-1,10,11,9,-1,9,11,12,-1,13,14,15,-1,15,14,12,-1,15,12,16,-1,16,12,11,-1,13,17,14,-1,14,17,18,-1,17,19,18,-1,18,19,20,-1,18,20,21,-1,21,20,22,-1,21,22,23,-1,23,22,24,-1,23,24,25,-1,25,24,26,-1,25,26,27,-1,27,26,28,-1,27,28,29,-1,29,28,30,-1,29,30,31,-1,31,30,32,-1,31,32,33,-1,33,32,34,-1,33,34,35,-1,35,34,36,-1,35,36,37,-1,37,36,38,-1,37,38,39,-1,39,38,40,-1,39,40,41,-1,41,40,42,-1,41,42,43,-1,43,42,44,-1,43,44,45,-1,45,44,46,-1,45,46,47,-1,47,46,48,-1,47,48,49,-1,49,48,50,-1,49,50,51,-1,51,50,52,-1,51,52,53,-1,53,52,54,-1,53,54,55,-1,55,54,56,-1,55,56,57,-1,57,56,58,-1,57,58,59,-1,59,58,60,-1,59,60,61,-1,61,60,62,-1,61,62,63,-1,63,62,64,-1,63,64,65,-1,65,64,66,-1,65,66,67,-1,67,66,68,-1,67,68,69,-1,69,68,70,-1,69,70,71,-1,71,70,72,-1,71,72,73,-1,73,72,74,-1,73,74,75,-1,76,75,77,-1,77,75,74,-1,76,77,78,-1,76,78,79,-1,79,78,80,-1,79,80,81,-1,81,80,82,-1,81,82,83,-1,83,82,84,-1,83,84,85,-1,85,84,86,-1,85,86,87,-1,86,88,87,-1,87,88,89,-1,88,90,89,-1,89,90,91,-1,89,91,92,-1,92,91,93,-1,92,93,94,-1,94,93,95,-1,94,95,96,-1,96,95,97,-1,96,97,98,-1,98,97,99,-1,98,99,100,-1,100,99,101,-1,100,101,102,-1,103,104,105,-1,102,101,106,-1,102,106,107,-1,107,106,108,-1,107,108,105,-1,105,108,109,-1,105,109,103,-1,104,103,110,-1,104,110,111,-1,111,110,112,-1,111,112,113,-1,113,112,114,-1,113,114,115,-1,115,114,116,-1,115,116,117,-1,117,116,118,-1,117,118,119,-1,119,118,120,-1,119,120,121,-1,121,120,122,-1,121,122,123,-1,123,122,124,-1,123,124,125,-1,125,124,126,-1,125,126,127,-1,127,126,128,-1,127,128,129,-1,129,128,130,-1,129,130,131,-1,131,130,132,-1,131,132,133,-1,133,132,134,-1,133,134,135,-1,135,134,4,-1,135,4,3,-1,61,63,85,-1,85,63,83,-1,111,43,104,-1,104,43,45,-1,21,23,127,-1,127,23,25,-1,127,25,125,-1,125,25,27,-1,125,27,123,-1,123,27,29,-1,123,29,121,-1,121,29,31,-1,121,31,119,-1,119,31,33,-1,119,33,117,-1,117,33,35,-1,117,35,115,-1,115,35,37,-1,115,37,113,-1,113,37,39,-1,113,39,111,-1,111,39,41,-1,111,41,43,-1,14,3,12,-1,12,3,6,-1,12,6,9,-1,9,6,2,-1,9,2,1,-1,63,65,83,-1,83,65,67,-1,83,67,81,-1,81,67,69,-1,81,69,79,-1,79,69,71,-1,79,71,76,-1,76,71,73,-1,76,73,75,-1,127,129,21,-1,21,129,131,-1,21,131,18,-1,18,131,133,-1,18,133,14,-1,14,133,135,-1,14,135,3,-1,85,87,61,-1,61,87,89,-1,61,89,59,-1,59,89,92,-1,59,92,57,-1,57,92,94,-1,57,94,55,-1,55,94,96,-1,55,96,53,-1,53,96,98,-1,53,98,51,-1,51,98,100,-1,51,100,49,-1,49,100,102,-1,49,102,47,-1,47,102,107,-1,47,107,45,-1,45,107,105,-1,45,105,104,-1,136,137,138,-1,138,137,139,-1,140,136,141,-1,141,136,138,-1,140,141,142,-1,140,142,143,-1,143,142,144,-1,143,144,145,-1,146,145,147,-1,147,145,144,-1,148,146,149,-1,149,146,147,-1,148,149,150,-1,150,149,151,-1,150,151,152,-1,153,150,154,-1,154,150,152,-1,153,154,155,-1,155,154,156,-1,155,156,157,-1,158,159,160,-1,160,159,155,-1,160,155,157,-1,159,158,161,-1,162,163,161,-1,161,163,164,-1,161,164,159,-1,162,165,163,-1,163,165,166,-1,163,166,167,-1,167,166,168,-1,167,168,169,-1,169,168,170,-1,169,170,171,-1,171,170,172,-1,171,172,173,-1,173,172,174,-1,173,174,175,-1,176,175,177,-1,177,175,174,-1,176,177,178,-1,176,178,179,-1,179,178,180,-1,179,180,181,-1,181,180,182,-1,181,182,183,-1,183,182,184,-1,183,184,185,-1,184,186,185,-1,185,186,187,-1,185,187,188,-1,188,187,189,-1,188,189,190,-1,190,189,191,-1,190,191,192,-1,192,191,193,-1,192,193,194,-1,139,137,195,-1,195,137,194,-1,195,194,193,-1,143,145,194,-1,137,136,194,-1,194,136,140,-1,194,140,143,-1,150,153,148,-1,148,153,155,-1,148,155,146,-1,192,164,190,-1,190,164,163,-1,175,176,173,-1,173,176,179,-1,173,179,171,-1,171,179,181,-1,171,181,169,-1,169,181,183,-1,169,183,167,-1,167,183,185,-1,167,185,163,-1,163,185,188,-1,163,188,190,-1,145,146,194,-1,194,146,155,-1,194,155,192,-1,192,155,159,-1,192,159,164,-1,196,197,198,-1,198,197,199,-1,196,198,200,-1,200,198,201,-1,200,201,202,-1,203,200,204,-1,204,200,202,-1,203,204,205,-1,205,204,206,-1,205,206,207,-1,208,205,209,-1,209,205,207,-1,210,211,212,-1,212,211,208,-1,212,208,209,-1,213,211,214,-1,214,211,210,-1,215,216,217,-1,217,216,213,-1,217,213,214,-1,218,216,219,-1,219,216,215,-1,220,221,222,-1,222,221,218,-1,222,218,219,-1,223,221,224,-1,224,221,220,-1,223,224,197,-1,197,224,225,-1,197,225,199,-1,223,197,196,-1,196,200,223,-1,223,200,203,-1,223,203,221,-1,216,218,213,-1,213,218,221,-1,213,221,211,-1,211,221,203,-1,211,203,208,-1,208,203,205,-1,226,227,228,-1,228,227,229,-1,228,229,230,-1,230,229,231,-1,230,231,232,-1,232,231,233,-1,232,233,234,-1,234,233,235,-1,234,235,236,-1,236,235,237,-1,236,237,238,-1,238,237,239,-1,238,239,240,-1,240,239,241,-1,240,241,242,-1,242,241,243,-1,242,243,244,-1,244,243,245,-1,244,245,246,-1,246,245,247,-1,246,247,248,-1,248,247,249,-1,248,249,250,-1,250,249,251,-1,250,251,252,-1,252,251,253,-1,252,253,254,-1,254,253,255,-1,254,255,256,-1,256,255,257,-1,256,257,258,-1,258,257,259,-1,258,259,260,-1,260,259,261,-1,260,261,226,-1,226,261,227,-1,249,247,262,-1,262,247,263,-1,249,262,264,-1,249,264,251,-1,251,264,265,-1,251,265,253,-1,253,265,266,-1,253,266,255,-1,255,266,267,-1,255,267,257,-1,257,267,268,-1,257,268,259,-1,259,268,269,-1,259,269,261,-1,261,269,270,-1,261,270,227,-1,227,270,271,-1,227,271,229,-1,229,271,272,-1,229,272,231,-1,231,272,273,-1,231,273,233,-1,233,273,274,-1,233,274,235,-1,235,274,275,-1,235,275,237,-1,237,275,276,-1,237,276,239,-1,239,276,277,-1,239,277,241,-1,241,277,278,-1,241,278,243,-1,245,243,279,-1,279,243,278,-1,247,245,263,-1,263,245,279,-1,242,244,280,-1,280,244,281,-1,244,246,281,-1,281,246,282,-1,246,248,282,-1,282,248,283,-1,256,284,285,-1,256,285,254,-1,254,285,286,-1,254,286,252,-1,252,286,287,-1,252,287,250,-1,250,287,283,-1,250,283,248,-1,228,288,289,-1,228,289,226,-1,226,289,290,-1,226,290,260,-1,260,290,291,-1,260,291,258,-1,258,291,284,-1,258,284,256,-1,236,292,293,-1,236,293,234,-1,234,293,294,-1,234,294,232,-1,232,294,295,-1,232,295,230,-1,230,295,288,-1,230,288,228,-1,242,280,296,-1,242,296,240,-1,240,296,297,-1,240,297,238,-1,238,297,292,-1,238,292,236,-1,
        ]
    }
}
Shape{
    appearance Appearance {
        material  Material 	{
            diffuseColor 0.996078431372549 0.8705882352941177 0.7607843137254902
            specularColor 0.4980392156862745 0.43529411764705883 0.3803921568627451
            ambientIntensity 0.8956
            transparency 0.0
            shininess 0.5
        }
    }
    geometry IndexedFaceSet {
        ccw TRUE
        solid FALSE
        coord DEF co Coordinate {
            point [
                3.1673 -0.325 0.4286, 3.1673 -0.325 0.3875, 3.1673 -0.3169 0.4286, 3.1673 -0.3173 0.3875, 3.1673 -0.3105 0.3882, 3.1673 -0.3059 0.3898, 3.1673 -0.3024 0.3921, 3.1673 -0.3014 0.393, 3.1673 -0.2986 0.3965, 3.1673 -0.2968 0.4005, 3.1673 -0.2958 0.4055, 3.1673 -0.2957 0.4085, 3.1673 -0.2963 0.4146, 3.1673 -0.2978 0.4187, 3.1673 -0.2998 0.4218, 3.1673 -0.3015 0.4236, 3.1673 -0.3103 0.4279, 3.1673 -0.3056 0.4263
            ]
        }
        coordIndex [
            0,1,2,-1,2,1,3,-1,2,3,4,-1,4,5,2,-1,2,5,6,-1,2,6,7,-1,7,8,2,-1,2,8,9,-1,2,9,10,-1,10,11,2,-1,2,11,12,-1,2,12,13,-1,13,14,2,-1,2,14,15,-1,2,15,16,-1,16,15,17,-1,
        ]
    }
}
Shape{
    appearance Appearance {
        material  Material 	{
            diffuseColor 0.0 0.0 0.0
            specularColor 0.0 0.0 0.0
            ambientIntensity 0.0
            transparency 0.0
            shininess 0.5
        }
    }
    geometry IndexedFaceSet {
        ccw TRUE
        solid FALSE
        coord DEF co Coordinate {
            point [
                3.1713 -0.2706 0.402, 3.1713 -0.2727 0.396, 3.1713 -0.2526 0.402, 3.1713 -0.2505 0.396, 3.1713 -0.2626 0.4242, 3.1713 -0.2652 0.4347, 3.1713 -0.2855 0.3814, 3.1713 -0.2779 0.3814, 3.1713 -0.2621 0.4258, 3.1713 -0.2617 0.4279, 3.1713 -0.2578 0.4347, 3.1713 -0.2615 0.4279, 3.1713 -0.2611 0.4257, 3.1713 -0.2607 0.4242, 3.1713 -0.2375 0.3814, 3.1713 -0.2451 0.3814, 3.1673 -0.2578 0.4347, 3.1673 -0.2375 0.3814, 3.1673 -0.2652 0.4347, 3.1673 -0.2855 0.3814, 3.1673 -0.2779 0.3814, 3.1673 -0.2727 0.396, 3.1673 -0.2505 0.396, 3.1673 -0.2451 0.3814, 3.1673 -0.2706 0.402, 3.1673 -0.2526 0.402, 3.1673 -0.2607 0.4242, 3.1673 -0.2615 0.4279, 3.1673 -0.2611 0.4257, 3.1673 -0.2617 0.4279, 3.1673 -0.2626 0.4242, 3.1673 -0.2621 0.4258
            ]
        }
        coordIndex [
            0,1,2,-1,2,1,3,-1,4,5,0,-1,0,5,6,-1,0,6,1,-1,1,6,7,-1,4,8,5,-1,5,8,9,-1,5,9,10,-1,10,9,11,-1,10,11,12,-1,12,13,10,-1,10,13,2,-1,10,2,14,-1,14,2,3,-1,14,3,15,-1,10,14,16,-1,16,14,17,-1,5,10,18,-1,18,10,16,-1,6,5,19,-1,19,5,18,-1,7,6,20,-1,20,6,19,-1,1,7,21,-1,21,7,20,-1,3,1,22,-1,22,1,21,-1,15,3,23,-1,23,3,22,-1,14,15,17,-1,17,15,23,-1,0,2,24,-1,24,2,25,-1,2,13,25,-1,25,13,26,-1,11,27,28,-1,11,28,12,-1,12,28,26,-1,12,26,13,-1,11,9,27,-1,27,9,29,-1,4,30,31,-1,4,31,8,-1,8,31,29,-1,8,29,9,-1,4,0,30,-1,30,0,24,-1,
        ]
    }
}
Shape{
    appearance Appearance {
        material  Material 	{
            diffuseColor 0.996078431372549 0.8705882352941177 0.7607843137254902
            specularColor 0.4980392156862745 0.43529411764705883 0.3803921568627451
            ambientIntensity 0.8956
            transparency 0.0
            shininess 0.5
        }
    }
    geometry IndexedFaceSet {
        ccw TRUE
        solid FALSE
        coord DEF co Coordinate {
            point [
                3.1673 -0.2615 0.4279, 3.1673 -0.2617 0.4279, 3.1673 -0.2611 0.4257, 3.1673 -0.2621 0.4258, 3.1673 -0.2607 0.4242, 3.1673 -0.2626 0.4242, 3.1673 -0.2526 0.402, 3.1673 -0.2706 0.402
            ]
        }
        coordIndex [
            0,1,2,-1,2,1,3,-1,2,3,4,-1,4,3,5,-1,4,5,6,-1,6,5,7,-1,
        ]
    }
}
Shape{
    appearance Appearance {
        material  Material 	{
            diffuseColor 0.0 0.0 0.0
            specularColor 0.0 0.0 0.0
            ambientIntensity 0.0
            transparency 0.0
            shininess 0.5
        }
    }
    geometry IndexedFaceSet {
        ccw TRUE
        solid FALSE
        coord DEF co Coordinate {
            point [
                3.1713 -0.7644 0.4732, 3.1713 -0.756 0.4778, 3.1713 -0.7579 0.5012, 3.1713 -0.6911 0.3722, 3.1713 -0.6865 0.3806, 3.1713 -0.6843 0.39, 3.1713 -0.7342 0.5022, 3.1713 -0.7224 0.4745, 3.1713 -0.7166 0.4866, 3.1713 -0.7418 0.3616, 3.1713 -0.7577 0.4074, 3.1713 -0.7491 0.3673, 3.1713 -0.7546 0.3744, 3.1713 -0.7429 0.503, 3.1713 -0.6309 0.426, 3.1713 -0.6427 0.4461, 3.1713 -0.6841 0.3979, 3.1713 -0.6936 0.4195, 3.1713 -0.6841 0.3941, 3.1713 -0.7051 0.3601, 3.1713 -0.6975 0.3652, 3.1713 -0.7299 0.3809, 3.1713 -0.7265 0.3795, 3.1713 -0.7332 0.3578, 3.1713 -0.723 0.3789, 3.1713 -0.7242 0.3562, 3.1713 -0.7224 0.3789, 3.1713 -0.722 0.3561, 3.1713 -0.7186 0.3794, 3.1713 -0.7137 0.3571, 3.1713 -0.7153 0.3807, 3.1713 -0.7124 0.3828, 3.1713 -0.7104 0.3851, 3.1713 -0.6184 0.4635, 3.1713 -0.6154 0.4635, 3.1713 -0.5998 0.484, 3.1713 -0.6081 0.4626, 3.1713 -0.598 0.4834, 3.1713 -0.6015 0.4601, 3.1713 -0.5867 0.4778, 3.1713 -0.5764 0.4692, 3.1713 -0.7264 0.5113, 3.1713 -0.7081 0.4968, 3.1713 -0.7175 0.5189, 3.1713 -0.698 0.5041, 3.1713 -0.7082 0.5247, 3.1713 -0.7651 0.4118, 3.1713 -0.7629 0.3834, 3.1713 -0.7581 0.3819, 3.1713 -0.7466 0.48, 3.1713 -0.7425 0.4802, 3.1713 -0.7385 0.5028, 3.1713 -0.7345 0.4793, 3.1713 -0.726 0.4764, 3.1713 -0.7086 0.399, 3.1713 -0.7077 0.3955, 3.1713 -0.7077 0.392, 3.1713 -0.7086 0.3884, 3.1713 -0.5763 0.3983, 3.1713 -0.5939 0.4134, 3.1713 -0.5866 0.3895, 3.1713 -0.5995 0.4088, 3.1713 -0.5982 0.3839, 3.1713 -0.6062 0.4057, 3.1713 -0.6108 0.3812, 3.1713 -0.6131 0.4043, 3.1713 -0.6332 0.3812, 3.1713 -0.6302 0.4043, 3.1713 -0.6354 0.3815, 3.1713 -0.7719 0.4957, 3.1713 -0.784 0.4872, 3.1713 -0.7714 0.4668, 3.1713 -0.7865 0.4848, 3.1713 -0.7765 0.4592, 3.1713 -0.7957 0.473, 3.1713 -0.7795 0.4506, 3.1713 -0.7365 0.3891, 3.1713 -0.735 0.3859, 3.1713 -0.7328 0.3832, 3.1713 -0.7372 0.3926, 3.1713 -0.737 0.3963, 3.1713 -0.7573 0.4084, 3.1713 -0.7359 0.3999, 3.1713 -0.753 0.4162, 3.1713 -0.7339 0.403, 3.1713 -0.7466 0.4232, 3.1713 -0.7324 0.4046, 3.1713 -0.7387 0.4285, 3.1713 -0.7294 0.4067, 3.1713 -0.7303 0.4315, 3.1713 -0.7261 0.408, 3.1713 -0.722 0.4324, 3.1713 -0.7224 0.4085, 3.1713 -0.7167 0.4321, 3.1713 -0.7192 0.4082, 3.1713 -0.7076 0.4296, 3.1713 -0.7157 0.4069, 3.1713 -0.6997 0.4252, 3.1713 -0.7127 0.4048, 3.1713 -0.7102 0.4021, 3.1713 -0.5956 0.4559, 3.1713 -0.5914 0.4513, 3.1713 -0.5687 0.4584, 3.1713 -0.5879 0.4448, 3.1713 -0.564 0.4468, 3.1713 -0.586 0.4376, 3.1713 -0.5622 0.4343, 3.1713 -0.5858 0.4339, 3.1713 -0.564 0.4208, 3.1713 -0.5867 0.4265, 3.1713 -0.5687 0.4088, 3.1713 -0.5893 0.4198, 3.1713 -0.5935 0.4138, 3.1713 -0.6203 0.514, 3.1713 -0.6353 0.4967, 3.1713 -0.6078 0.4996, 3.1713 -0.6267 0.4865, 3.1713 -0.6208 0.4743, 3.1713 -0.6907 0.5314, 3.1713 -0.6856 0.5092, 3.1713 -0.6719 0.5337, 3.1713 -0.6715 0.511, 3.1713 -0.6563 0.5321, 3.1713 -0.6586 0.5094, 3.1713 -0.6372 0.5254, 3.1713 -0.6467 0.5048, 3.1713 -0.6361 0.4974, 3.1713 -0.6321 0.4047, 3.1713 -0.6412 0.3852, 3.1713 -0.6403 0.3843, 3.1713 -0.8017 0.4594, 3.1713 -0.8043 0.4451, 3.1713 -0.7805 0.4423, 3.1713 -0.8044 0.4415, 3.1713 -0.7799 0.436, 3.1713 -0.8025 0.4266, 3.1713 -0.7771 0.4267, 3.1713 -0.7971 0.4125, 3.1713 -0.7721 0.4186, 3.1713 -0.7884 0.4002, 3.1713 -0.7766 0.3901, 3.1713 -0.6309 0.4044, 3.1713 -0.6379 0.3825, 3.1713 -0.6442 0.3929, 3.1713 -0.6439 0.3901, 3.1713 -0.6429 0.3875, 3.1713 -0.6354 0.4043, 3.1713 -0.638 0.4033, 3.1713 -0.6441 0.3944, 3.1713 -0.6403 0.4016, 3.1713 -0.6419 0.3999, 3.1713 -0.6434 0.3973, 3.1713 -0.6325 0.4047, 3.1673 -0.5622 0.4343, 3.1673 -0.564 0.4468, 3.1673 -0.5653 0.4499, 3.1673 -0.5687 0.4584, 3.1673 -0.5764 0.4692, 3.1673 -0.5867 0.4778, 3.1673 -0.598 0.4834, 3.1673 -0.5998 0.484, 3.1673 -0.6078 0.4996, 3.1673 -0.6203 0.514, 3.1673 -0.629 0.5199, 3.1673 -0.6372 0.5254, 3.1673 -0.6563 0.5321, 3.1673 -0.6719 0.5337, 3.1673 -0.7175 0.5189, 3.1673 -0.716 0.5199, 3.1673 -0.7082 0.5247, 3.1673 -0.6907 0.5314, 3.1673 -0.7264 0.5113, 3.1673 -0.7342 0.5022, 3.1673 -0.7385 0.5028, 3.1673 -0.7429 0.503, 3.1673 -0.7579 0.5012, 3.1673 -0.7719 0.4957, 3.1673 -0.784 0.4872, 3.1673 -0.7865 0.4848, 3.1673 -0.8017 0.4594, 3.1673 -0.7957 0.473, 3.1673 -0.8034 0.4499, 3.1673 -0.8043 0.4451, 3.1673 -0.8044 0.4415, 3.1673 -0.8025 0.4266, 3.1673 -0.7971 0.4125, 3.1673 -0.7884 0.4002, 3.1673 -0.7766 0.3901, 3.1673 -0.7629 0.3834, 3.1673 -0.7581 0.3819, 3.1673 -0.7576 0.3809, 3.1673 -0.7546 0.3744, 3.1673 -0.7491 0.3673, 3.1673 -0.7418 0.3616, 3.1673 -0.7377 0.3598, 3.1673 -0.7332 0.3578, 3.1673 -0.7242 0.3562, 3.1673 -0.722 0.3561, 3.1673 -0.6841 0.3941, 3.1673 -0.7137 0.3571, 3.1673 -0.7061 0.3598, 3.1673 -0.7051 0.3601, 3.1673 -0.6975 0.3652, 3.1673 -0.6911 0.3722, 3.1673 -0.6865 0.3806, 3.1673 -0.6865 0.3809, 3.1673 -0.6843 0.39, 3.1673 -0.6841 0.3979, 3.1673 -0.6309 0.426, 3.1673 -0.6427 0.4461, 3.1673 -0.6936 0.4195, 3.1673 -0.6997 0.4252, 3.1673 -0.7076 0.4296, 3.1673 -0.7167 0.4321, 3.1673 -0.722 0.4324, 3.1673 -0.7303 0.4315, 3.1673 -0.7387 0.4285, 3.1673 -0.7466 0.4232, 3.1673 -0.753 0.4162, 3.1673 -0.7573 0.4084, 3.1673 -0.7577 0.4074, 3.1673 -0.7651 0.4118, 3.1673 -0.7721 0.4186, 3.1673 -0.7771 0.4267, 3.1673 -0.7799 0.436, 3.1673 -0.7805 0.4423, 3.1673 -0.7796 0.4499, 3.1673 -0.7795 0.4506, 3.1673 -0.7765 0.4592, 3.1673 -0.7714 0.4668, 3.1673 -0.7644 0.4732, 3.1673 -0.756 0.4778, 3.1673 -0.7466 0.48, 3.1673 -0.7425 0.4802, 3.1673 -0.7345 0.4793, 3.1673 -0.726 0.4764, 3.1673 -0.7224 0.4745, 3.1673 -0.7166 0.4866, 3.1673 -0.7081 0.4968, 3.1673 -0.698 0.5041, 3.1673 -0.6856 0.5092, 3.1673 -0.6715 0.511, 3.1673 -0.6586 0.5094, 3.1673 -0.6467 0.5048, 3.1673 -0.6361 0.4974, 3.1673 -0.6353 0.4967, 3.1673 -0.6267 0.4865, 3.1673 -0.6208 0.4743, 3.1673 -0.6184 0.4635, 3.1673 -0.6154 0.4635, 3.1673 -0.6081 0.4626, 3.1673 -0.6015 0.4601, 3.1673 -0.5956 0.4559, 3.1673 -0.5914 0.4513, 3.1673 -0.5907 0.4499, 3.1673 -0.5879 0.4448, 3.1673 -0.586 0.4376, 3.1673 -0.5858 0.4339, 3.1673 -0.5867 0.4265, 3.1673 -0.5893 0.4198, 3.1673 -0.5935 0.4138, 3.1673 -0.5939 0.4134, 3.1673 -0.5995 0.4088, 3.1673 -0.6062 0.4057, 3.1673 -0.6131 0.4043, 3.1673 -0.6302 0.4043, 3.1673 -0.6309 0.4044, 3.1673 -0.6321 0.4047, 3.1673 -0.6325 0.4047, 3.1673 -0.6354 0.4043, 3.1673 -0.638 0.4033, 3.1673 -0.6403 0.4016, 3.1673 -0.6419 0.3999, 3.1673 -0.6434 0.3973, 3.1673 -0.6441 0.3944, 3.1673 -0.6442 0.3929, 3.1673 -0.6439 0.3901, 3.1673 -0.6429 0.3875, 3.1673 -0.6412 0.3852, 3.1673 -0.6403 0.3843, 3.1673 -0.6379 0.3825, 3.1673 -0.6354 0.3815, 3.1673 -0.6332 0.3812, 3.1673 -0.6108 0.3812, 3.1673 -0.5982 0.3839, 3.1673 -0.5866 0.3895, 3.1673 -0.5763 0.3983, 3.1673 -0.5687 0.4088, 3.1673 -0.564 0.4208, 3.1673 -0.7224 0.4085, 3.1673 -0.7192 0.4082, 3.1673 -0.7157 0.4069, 3.1673 -0.7127 0.4048, 3.1673 -0.7102 0.4021, 3.1673 -0.7086 0.399, 3.1673 -0.7077 0.3955, 3.1673 -0.7077 0.392, 3.1673 -0.7086 0.3884, 3.1673 -0.7104 0.3851, 3.1673 -0.7124 0.3828, 3.1673 -0.7153 0.3807, 3.1673 -0.7186 0.3794, 3.1673 -0.7224 0.3789, 3.1673 -0.723 0.3789, 3.1673 -0.7265 0.3795, 3.1673 -0.7299 0.3809, 3.1673 -0.7328 0.3832, 3.1673 -0.735 0.3859, 3.1673 -0.7365 0.3891, 3.1673 -0.7372 0.3926, 3.1673 -0.737 0.3963, 3.1673 -0.7359 0.3999, 3.1673 -0.7339 0.403, 3.1673 -0.7324 0.4046, 3.1673 -0.7294 0.4067, 3.1673 -0.7261 0.408
            ]
        }
        coordIndex [
            0,1,2,-1,3,4,5,-1,6,7,8,-1,9,10,11,-1,11,10,12,-1,2,1,13,-1,14,15,16,-1,16,15,17,-1,16,17,18,-1,18,17,19,-1,18,19,5,-1,5,19,20,-1,5,20,3,-1,21,9,22,-1,22,9,23,-1,22,23,24,-1,24,23,25,-1,24,25,26,-1,26,25,27,-1,26,27,28,-1,28,27,29,-1,28,29,30,-1,30,29,19,-1,30,19,31,-1,31,19,32,-1,33,34,35,-1,35,34,36,-1,35,36,37,-1,37,36,38,-1,37,38,39,-1,39,38,40,-1,6,8,41,-1,41,8,42,-1,41,42,43,-1,43,42,44,-1,43,44,45,-1,46,47,10,-1,10,47,48,-1,10,48,12,-1,1,49,13,-1,13,49,50,-1,13,50,51,-1,51,50,52,-1,51,52,6,-1,6,52,53,-1,6,53,7,-1,54,55,17,-1,17,55,56,-1,17,56,19,-1,19,56,57,-1,19,57,32,-1,58,59,60,-1,60,59,61,-1,60,61,62,-1,62,61,63,-1,62,63,64,-1,64,63,65,-1,64,65,66,-1,66,65,67,-1,66,67,68,-1,2,69,0,-1,0,69,70,-1,0,70,71,-1,71,70,72,-1,71,72,73,-1,73,72,74,-1,73,74,75,-1,76,10,77,-1,77,10,9,-1,77,9,78,-1,78,9,21,-1,76,79,10,-1,10,79,80,-1,10,80,81,-1,81,80,82,-1,81,82,83,-1,83,82,84,-1,83,84,85,-1,85,84,86,-1,85,86,87,-1,87,86,88,-1,87,88,89,-1,89,88,90,-1,89,90,91,-1,91,90,92,-1,91,92,93,-1,93,92,94,-1,93,94,95,-1,95,94,96,-1,95,96,97,-1,97,96,98,-1,97,98,17,-1,17,98,99,-1,17,99,54,-1,38,100,40,-1,40,100,101,-1,40,101,102,-1,102,101,103,-1,102,103,104,-1,104,103,105,-1,104,105,106,-1,106,105,107,-1,106,107,108,-1,108,107,109,-1,108,109,110,-1,110,109,111,-1,110,111,58,-1,58,111,112,-1,58,112,59,-1,113,114,115,-1,115,114,116,-1,115,116,35,-1,35,116,117,-1,35,117,33,-1,45,44,118,-1,118,44,119,-1,118,119,120,-1,120,119,121,-1,120,121,122,-1,122,121,123,-1,122,123,124,-1,124,123,125,-1,124,125,113,-1,113,125,126,-1,113,126,114,-1,127,128,129,-1,74,130,75,-1,75,130,131,-1,75,131,132,-1,132,131,133,-1,132,133,134,-1,134,133,135,-1,134,135,136,-1,136,135,137,-1,136,137,138,-1,138,137,139,-1,138,139,46,-1,46,139,140,-1,46,140,47,-1,67,141,68,-1,68,141,127,-1,68,127,142,-1,142,127,129,-1,143,144,127,-1,127,144,145,-1,127,145,128,-1,146,147,148,-1,147,149,148,-1,148,149,150,-1,148,150,151,-1,143,127,148,-1,148,127,152,-1,148,152,146,-1,106,153,154,-1,106,154,104,-1,104,154,155,-1,104,155,102,-1,155,156,102,-1,102,156,157,-1,102,157,40,-1,40,157,158,-1,40,158,39,-1,39,158,159,-1,39,159,37,-1,37,159,160,-1,37,160,35,-1,35,160,161,-1,35,161,115,-1,115,161,162,-1,115,162,113,-1,113,162,124,-1,124,162,163,-1,163,164,124,-1,124,164,165,-1,124,165,122,-1,122,165,166,-1,122,166,120,-1,167,43,168,-1,168,43,45,-1,168,45,169,-1,169,45,118,-1,169,118,170,-1,170,118,120,-1,170,120,166,-1,43,167,171,-1,43,171,41,-1,41,171,172,-1,41,172,6,-1,6,172,173,-1,6,173,51,-1,51,173,174,-1,51,174,13,-1,13,174,175,-1,13,175,2,-1,2,175,176,-1,2,176,69,-1,69,176,177,-1,69,177,70,-1,70,177,178,-1,70,178,72,-1,179,74,180,-1,180,74,72,-1,180,72,178,-1,181,131,179,-1,179,131,130,-1,179,130,74,-1,181,182,131,-1,131,182,183,-1,131,183,133,-1,133,183,184,-1,133,184,135,-1,135,184,185,-1,135,185,137,-1,137,185,186,-1,137,186,139,-1,139,186,187,-1,139,187,140,-1,140,187,188,-1,140,188,47,-1,47,188,189,-1,47,189,48,-1,48,189,190,-1,48,190,12,-1,190,191,12,-1,12,191,192,-1,12,192,11,-1,11,192,193,-1,11,193,9,-1,9,193,194,-1,9,194,23,-1,194,195,23,-1,23,195,196,-1,23,196,25,-1,25,196,197,-1,25,197,27,-1,198,18,5,-1,27,197,199,-1,27,199,29,-1,29,199,200,-1,29,200,19,-1,200,201,19,-1,19,201,202,-1,19,202,20,-1,20,202,203,-1,20,203,3,-1,3,203,204,-1,3,204,4,-1,4,204,205,-1,4,205,5,-1,5,205,206,-1,5,206,198,-1,16,18,207,-1,207,18,198,-1,14,16,208,-1,208,16,207,-1,15,14,209,-1,209,14,208,-1,17,15,210,-1,210,15,209,-1,17,210,211,-1,17,211,97,-1,97,211,212,-1,97,212,95,-1,95,212,213,-1,95,213,93,-1,93,213,214,-1,93,214,91,-1,91,214,215,-1,91,215,89,-1,89,215,216,-1,89,216,87,-1,87,216,217,-1,87,217,85,-1,85,217,218,-1,85,218,83,-1,83,218,219,-1,83,219,81,-1,81,219,220,-1,81,220,10,-1,10,220,221,-1,10,221,46,-1,46,221,222,-1,46,222,138,-1,138,222,223,-1,138,223,136,-1,136,223,224,-1,136,224,134,-1,134,224,225,-1,134,225,132,-1,225,226,132,-1,132,226,75,-1,226,227,75,-1,75,227,228,-1,75,228,73,-1,73,228,229,-1,73,229,71,-1,71,229,230,-1,71,230,0,-1,0,230,231,-1,0,231,1,-1,1,231,232,-1,1,232,49,-1,49,232,233,-1,49,233,50,-1,50,233,234,-1,50,234,52,-1,52,234,235,-1,52,235,53,-1,53,235,236,-1,53,236,7,-1,7,236,237,-1,7,237,8,-1,8,237,238,-1,8,238,42,-1,42,238,239,-1,42,239,44,-1,44,239,240,-1,44,240,119,-1,119,240,241,-1,119,241,121,-1,121,241,242,-1,121,242,123,-1,123,242,243,-1,123,243,125,-1,125,243,244,-1,125,244,126,-1,126,244,245,-1,126,245,114,-1,114,245,246,-1,114,246,116,-1,116,246,247,-1,116,247,117,-1,117,247,248,-1,117,248,33,-1,34,33,249,-1,249,33,248,-1,34,249,250,-1,34,250,36,-1,36,250,251,-1,36,251,38,-1,38,251,252,-1,38,252,100,-1,100,252,253,-1,100,253,101,-1,101,253,254,-1,101,254,103,-1,254,255,103,-1,103,255,256,-1,103,256,105,-1,105,256,257,-1,105,257,107,-1,107,257,258,-1,107,258,109,-1,109,258,259,-1,109,259,111,-1,111,259,260,-1,111,260,112,-1,112,260,261,-1,112,261,59,-1,59,261,262,-1,59,262,61,-1,61,262,263,-1,61,263,63,-1,63,263,264,-1,63,264,65,-1,67,65,265,-1,265,65,264,-1,67,265,266,-1,67,266,141,-1,141,266,267,-1,141,267,127,-1,127,267,268,-1,127,268,152,-1,152,268,269,-1,152,269,146,-1,146,269,270,-1,146,270,147,-1,147,270,271,-1,147,271,149,-1,149,271,272,-1,149,272,150,-1,150,272,273,-1,150,273,151,-1,151,273,274,-1,151,274,148,-1,148,274,275,-1,148,275,143,-1,143,275,276,-1,143,276,144,-1,144,276,277,-1,144,277,145,-1,145,277,278,-1,145,278,128,-1,128,278,279,-1,128,279,129,-1,129,279,280,-1,129,280,142,-1,142,280,281,-1,142,281,68,-1,68,281,282,-1,68,282,66,-1,64,66,283,-1,283,66,282,-1,64,283,284,-1,64,284,62,-1,62,284,285,-1,62,285,60,-1,60,285,286,-1,60,286,58,-1,58,286,287,-1,58,287,110,-1,110,287,288,-1,110,288,108,-1,108,288,153,-1,108,153,106,-1,92,289,290,-1,92,290,94,-1,94,290,291,-1,94,291,96,-1,96,291,292,-1,96,292,98,-1,98,292,293,-1,98,293,99,-1,99,293,294,-1,99,294,54,-1,54,294,295,-1,54,295,55,-1,55,295,296,-1,55,296,56,-1,56,296,297,-1,56,297,57,-1,57,297,298,-1,57,298,32,-1,32,298,299,-1,32,299,31,-1,31,299,300,-1,31,300,30,-1,30,300,301,-1,30,301,28,-1,28,301,302,-1,28,302,26,-1,26,302,303,-1,26,303,24,-1,24,303,304,-1,24,304,22,-1,22,304,305,-1,22,305,21,-1,21,305,306,-1,21,306,78,-1,78,306,307,-1,78,307,77,-1,77,307,308,-1,77,308,76,-1,76,308,309,-1,76,309,79,-1,79,309,310,-1,79,310,80,-1,80,310,311,-1,80,311,82,-1,82,311,312,-1,82,312,84,-1,84,312,313,-1,84,313,86,-1,86,313,314,-1,86,314,88,-1,88,314,315,-1,88,315,90,-1,90,315,289,-1,90,289,92,-1,
        ]
    }
}
Shape{
    appearance Appearance {
        material  Material 	{
            diffuseColor 0.996078431372549 0.8705882352941177 0.7607843137254902
            specularColor 0.4980392156862745 0.43529411764705883 0.3803921568627451
            ambientIntensity 0.8956
            transparency 0.0
            shininess 0.5
        }
    }
    geometry IndexedFaceSet {
        ccw TRUE
        solid FALSE
        coord DEF co Coordinate {
            point [
                3.1673 -0.723 0.3789, 3.1673 -0.7324 0.4046, 3.1673 -0.7339 0.403, 3.1673 -0.7186 0.3794, 3.1673 -0.7153 0.3807, 3.1673 -0.7192 0.4082, 3.1673 -0.7224 0.4085, 3.1673 -0.7261 0.408, 3.1673 -0.7294 0.4067, 3.1673 -0.7365 0.3891, 3.1673 -0.735 0.3859, 3.1673 -0.7328 0.3832, 3.1673 -0.7224 0.3789, 3.1673 -0.7359 0.3999, 3.1673 -0.737 0.3963, 3.1673 -0.7372 0.3926, 3.1673 -0.7299 0.3809, 3.1673 -0.7265 0.3795, 3.1673 -0.7124 0.3828, 3.1673 -0.7104 0.3851, 3.1673 -0.7086 0.3884, 3.1673 -0.7077 0.392, 3.1673 -0.7077 0.3955, 3.1673 -0.7086 0.399, 3.1673 -0.7102 0.4021, 3.1673 -0.7127 0.4048, 3.1673 -0.7157 0.4069, 0.0531 0.1697 0.5591, -3.1516 0.1697 0.6063, 3.1476 0.1697 0.6063, 3.1667 0.1697 0.5917, 3.1673 0.1697 0.5866, 3.1673 0.1697 0.498, 2.3051 0.1697 0.498, 3.1673 0.1697 0.5199, 2.3051 0.1697 0.5591, 3.1673 0.1697 0.5602, 1.628 0.1697 0.5591, 1.628 0.1697 0.498, 1.5177 0.1697 0.498, 3.1527 0.1697 0.6056, 3.1575 0.1697 0.6037, 3.1616 0.1697 0.6005, 1.2343 0.1697 0.5591, 1.2343 0.1697 0.498, 1.124 0.1697 0.498, 3.1647 0.1697 0.5965, -0.7343 0.1697 0.5591, -0.7343 0.1697 0.498, -0.8445 0.1697 0.498, 0.4469 0.1697 0.5591, 0.4469 0.1697 0.498, 0.3366 0.1697 0.498, -0.8445 0.1697 0.5591, -0.9311 0.1697 0.5591, 2.2185 0.1697 0.5591, 0.25 0.1697 0.498, 0.1398 0.1697 0.498, 0.25 0.1697 0.5591, 0.1398 0.1697 0.5591, 0.0531 0.1697 0.498, -0.0571 0.1697 0.498, -0.0571 0.1697 0.5591, -0.1437 0.1697 0.5591, -1.3248 0.1697 0.5591, -1.3248 0.1697 0.498, -1.435 0.1697 0.498, 2.2185 0.1697 0.498, 2.1083 0.1697 0.498, 2.1083 0.1697 0.5591, 2.0217 0.1697 0.5591, -0.1437 0.1697 0.498, -0.2539 0.1697 0.498, -0.2539 0.1697 0.5591, -0.3406 0.1697 0.5591, 2.0217 0.1697 0.498, 1.9114 0.1697 0.498, 1.9114 0.1697 0.5591, 1.8248 0.1697 0.5591, 1.5177 0.1697 0.5591, 1.4311 0.1697 0.5591, -0.3406 0.1697 0.498, -0.4508 0.1697 0.498, -0.4508 0.1697 0.5591, -0.5374 0.1697 0.5591, -1.435 0.1697 0.5591, -1.5217 0.1697 0.5591, 1.7146 0.1697 0.5591, 1.7146 0.1697 0.498, 1.8248 0.1697 0.498, -1.7185 0.1697 0.5591, -1.7185 0.1697 0.498, -1.8287 0.1697 0.498, 1.124 0.1697 0.5591, 1.0374 0.1697 0.5591, 0.3366 0.1697 0.5591, -0.5374 0.1697 0.498, -0.6476 0.1697 0.498, -0.6476 0.1697 0.5591, -0.9311 0.1697 0.498, -1.0413 0.1697 0.498, -1.0413 0.1697 0.5591, -1.128 0.1697 0.5591, 1.3209 0.1697 0.5591, 1.3209 0.1697 0.498, 1.4311 0.1697 0.498, 1.0374 0.1697 0.498, 0.9272 0.1697 0.498, 0.9272 0.1697 0.5591, 0.8406 0.1697 0.5591, -1.128 0.1697 0.498, -1.2382 0.1697 0.498, -1.2382 0.1697 0.5591, -1.8287 0.1697 0.5591, -1.9154 0.1697 0.5591, 0.8406 0.1697 0.498, 0.7303 0.1697 0.498, 0.7303 0.1697 0.5591, 0.6437 0.1697 0.5591, -1.5217 0.1697 0.498, -1.6319 0.1697 0.498, -1.6319 0.1697 0.5591, -2.1122 0.1697 0.5591, -2.1122 0.1697 0.498, -2.2224 0.1697 0.498, 0.6437 0.1697 0.498, 0.5335 0.1697 0.498, 0.5335 0.1697 0.5591, -2.2224 0.1697 0.5591, -2.3091 0.1697 0.5591, -2.0256 0.1697 0.5591, -2.0256 0.1697 0.498, -1.9154 0.1697 0.498, -3.1614 0.1697 0.6037, -3.1567 0.1697 0.6056, -3.1655 0.1697 0.6005, -3.1686 0.1697 0.5965, -2.3091 0.1697 0.498, -3.1713 0.1697 0.498, -3.1713 0.1697 0.5866, -3.1706 0.1697 0.5917, -0.6476 0.2878 0.498, -0.5374 0.2878 0.498, -0.8445 0.2878 0.498, -0.7343 0.2878 0.498, -1.0413 0.2878 0.498, -0.9311 0.2878 0.498, -1.2382 0.2878 0.498, -1.128 0.2878 0.498, -1.435 0.2878 0.498, -1.3248 0.2878 0.498, -1.6319 0.2878 0.498, -1.5217 0.2878 0.498, -1.8287 0.2878 0.498, -1.7185 0.2878 0.498, -2.0256 0.2878 0.498, -1.9154 0.2878 0.498, -2.2224 0.2878 0.498, -2.1122 0.2878 0.498, -0.4508 0.2878 0.498, -0.3406 0.2878 0.498, -0.1437 0.2878 0.498, -0.2539 0.2878 0.498, 0.0531 0.2878 0.498, -0.0571 0.2878 0.498, 0.25 0.2878 0.498, 0.1398 0.2878 0.498, 0.4469 0.2878 0.498, 0.3366 0.2878 0.498, 0.6437 0.2878 0.498, 0.5335 0.2878 0.498, 0.8406 0.2878 0.498, 0.7303 0.2878 0.498, 1.0374 0.2878 0.498, 0.9272 0.2878 0.498, 1.2343 0.2878 0.498, 1.124 0.2878 0.498, 1.4311 0.2878 0.498, 1.3209 0.2878 0.498, 1.628 0.2878 0.498, 1.5177 0.2878 0.498, 1.8248 0.2878 0.498, 1.7146 0.2878 0.498, 2.0217 0.2878 0.498, 1.9114 0.2878 0.498, 2.2185 0.2878 0.498, 2.1083 0.2878 0.498, 3.1527 0.2871 0.498, 3.1476 0.2878 0.498, 3.1673 0.2681 0.498, 2.3051 0.2878 0.498, 3.1667 0.2732 0.498, 3.1647 0.2779 0.498, 3.1616 0.282 0.498, 3.1575 0.2852 0.498, -3.1686 0.2779 0.498, -3.1706 0.2732 0.498, -3.1655 0.282 0.498, -3.1713 0.2681 0.498, -3.1614 0.2852 0.498, -2.3091 0.2878 0.498, -3.1516 0.2878 0.498, -3.1567 0.2871 0.498
            ]
        }
        coordIndex [
            0,1,2,-1,3,4,5,-1,6,7,0,-1,0,7,8,-1,0,8,1,-1,9,10,2,-1,2,10,11,-1,6,0,5,-1,5,0,12,-1,5,12,3,-1,13,14,2,-1,2,14,15,-1,2,15,9,-1,11,16,2,-1,2,16,17,-1,2,17,0,-1,4,18,5,-1,5,18,19,-1,5,19,20,-1,20,21,5,-1,5,21,22,-1,5,22,23,-1,23,24,5,-1,5,24,25,-1,5,25,26,-1,27,28,29,-1,30,31,29,-1,32,33,34,-1,34,33,35,-1,34,35,36,-1,37,38,39,-1,40,41,42,-1,43,44,45,-1,40,42,29,-1,29,42,46,-1,29,46,30,-1,47,48,49,-1,50,51,52,-1,53,54,28,-1,55,29,35,-1,35,29,31,-1,35,31,36,-1,56,57,58,-1,58,57,59,-1,60,61,27,-1,27,61,62,-1,27,62,28,-1,28,62,63,-1,64,65,66,-1,67,68,55,-1,55,68,69,-1,55,69,29,-1,29,69,70,-1,71,72,63,-1,63,72,73,-1,63,73,28,-1,28,73,74,-1,75,76,70,-1,70,76,77,-1,70,77,29,-1,29,77,78,-1,79,80,29,-1,81,82,74,-1,74,82,83,-1,74,83,28,-1,28,83,84,-1,85,86,28,-1,39,79,37,-1,37,79,29,-1,37,29,87,-1,87,29,78,-1,87,78,88,-1,88,78,89,-1,90,91,92,-1,93,94,29,-1,95,58,29,-1,29,58,59,-1,29,59,27,-1,96,97,84,-1,84,97,98,-1,84,98,28,-1,28,98,47,-1,28,47,53,-1,53,47,49,-1,99,100,54,-1,54,100,101,-1,54,101,28,-1,28,101,102,-1,45,93,43,-1,43,93,29,-1,43,29,103,-1,103,29,80,-1,103,80,104,-1,104,80,105,-1,106,107,94,-1,94,107,108,-1,94,108,29,-1,29,108,109,-1,110,111,102,-1,102,111,112,-1,102,112,28,-1,28,112,64,-1,28,64,85,-1,85,64,66,-1,113,114,28,-1,115,116,109,-1,109,116,117,-1,109,117,29,-1,29,117,118,-1,119,120,86,-1,86,120,121,-1,86,121,28,-1,28,121,90,-1,28,90,113,-1,113,90,92,-1,122,123,124,-1,125,126,118,-1,118,126,127,-1,118,127,29,-1,29,127,50,-1,29,50,95,-1,95,50,52,-1,128,129,28,-1,124,128,122,-1,122,128,28,-1,122,28,130,-1,130,28,114,-1,130,114,131,-1,131,114,132,-1,133,134,135,-1,135,134,28,-1,135,28,136,-1,137,138,129,-1,129,138,139,-1,129,139,28,-1,28,139,140,-1,28,140,136,-1,97,96,141,-1,141,96,142,-1,49,48,143,-1,143,48,144,-1,100,99,145,-1,145,99,146,-1,111,110,147,-1,147,110,148,-1,66,65,149,-1,149,65,150,-1,120,119,151,-1,151,119,152,-1,92,91,153,-1,153,91,154,-1,131,132,155,-1,155,132,156,-1,124,123,157,-1,157,123,158,-1,82,81,159,-1,159,81,160,-1,161,162,71,-1,71,162,72,-1,163,164,60,-1,60,164,61,-1,165,166,56,-1,56,166,57,-1,167,168,51,-1,51,168,52,-1,169,170,125,-1,125,170,126,-1,171,172,115,-1,115,172,116,-1,173,174,106,-1,106,174,107,-1,175,176,44,-1,44,176,45,-1,177,178,105,-1,105,178,104,-1,179,180,38,-1,38,180,39,-1,181,182,89,-1,89,182,88,-1,183,184,75,-1,75,184,76,-1,185,186,67,-1,67,186,68,-1,187,188,189,-1,190,33,188,-1,188,33,32,-1,188,32,189,-1,191,192,193,-1,191,193,189,-1,189,193,194,-1,189,194,187,-1,195,196,197,-1,197,196,198,-1,197,198,199,-1,137,200,138,-1,138,200,201,-1,138,201,198,-1,198,201,202,-1,198,202,199,-1,
        ]
    }
}