#VRML V2.0 utf8
# 3D model generated by easyeda2kicad.py (https://github.com/uPesy/easyeda2kicad.py)

Shape{
    appearance Appearance {
        material  Material 	{
            diffuseColor 0.5882352941176471 0.5725490196078431 0.5254901960784314
            specularColor 0.043137254901960784 0.0392156862745098 0.0392156862745098
            ambientIntensity 0.8167
            transparency 0.0
            shininess 0.5
        }
    }
    geometry IndexedFaceSet {
        ccw TRUE
        solid FALSE
        coord DEF co Coordinate {
            point [
                0.1569 -0.4927 0.4528, 0.1721 -0.4927 0.4528, 0.1721 -0.479 0.4528, 0.1057 -0.541 0.4528, 0.1042 -0.5412 0.4528, 0.116 -0.5412 0.4528, 1.3504 -0.0751 0.4528, 1.3504 0.1611 0.4528, 0.1873 0.1611 0.4528, 0.1226 -0.4591 0.4528, 0.1226 -0.4645 0.4528, 0.1272 -0.479 0.4528, 0.116 -0.479 0.4528, 0.1215 -0.422 0.4528, 0.1272 -0.4161 0.4528, 0.1215 -0.4165 0.4528, 0.116 -0.4161 0.4528, 0.116 -0.4165 0.4528, 0.103 -0.4429 0.4528, 0.103 -0.4591 0.4528, 0.116 -0.4429 0.4528, 0.116 -0.4591 0.4528, 0.1202 -0.4429 0.4528, 0.1202 -0.4374 0.4528, 0.103 -0.422 0.4528, 0.103 -0.4374 0.4528, 0.116 -0.422 0.4528, 0.116 -0.4374 0.4528, 0.0968 -0.4165 0.4528, 0.094 -0.4161 0.4528, 0.0968 -0.4645 0.4528, 0.1803 -0.4645 0.4528, 0.1735 -0.4645 0.4528, 0.1873 -0.4514 0.4528, 0.1849 -0.4514 0.4528, 0.1873 -0.479 0.4528, 0.1873 -0.4282 0.4528, 0.1918 -0.4165 0.4528, 0.1873 -0.4161 0.4528, 0.1984 -0.4165 0.4528, 0.0872 -0.4177 0.4528, 0.0826 -0.4163 0.4528, 0.0806 -0.4161 0.4528, 0.116 -0.4645 0.4528, 0.094 -0.479 0.4528, 0.0872 -0.4241 0.4528, 0.0861 -0.4236 0.4528, 0.0872 -0.4566 0.4528, 0.0812 -0.4219 0.4528, 0.0774 -0.4597 0.4528, 0.0828 -0.4586 0.4528, 0.0577 -0.4415 0.4528, 0.0577 -0.4411 0.4528, 0.0872 -0.4626 0.4528, 0.0863 -0.463 0.4528, 0.0656 -0.4641 0.4528, 0.061 -0.4619 0.4528, 0.0533 -0.479 0.4528, 0.0574 -0.4588 0.4528, 0.0569 -0.4583 0.4528, 0.0758 -0.4213 0.4528, 0.0742 -0.4213 0.4528, 0.07 -0.4221 0.4528, 0.0619 -0.4275 0.4528, 0.0597 -0.431 0.4528, 0.0583 -0.4354 0.4528, 0.0585 -0.4474 0.4528, 0.06 -0.4513 0.4528, 0.0624 -0.4548 0.4528, 0.0666 -0.458 0.4528, 0.07 -0.4593 0.4528, 0.0748 -0.4598 0.4528, 0.0662 -0.4238 0.4528, 0.0627 -0.4266 0.4528, 0.0634 -0.4557 0.4528, 0.0812 -0.4647 0.4528, 0.0739 -0.4654 0.4528, 0.0707 -0.4652 0.4528, 0.0764 -0.4157 0.4528, 0.094 -0.1213 0.4528, 0.0758 -0.4157 0.4528, 0.0533 -0.1213 0.4528, 0.0724 -0.4161 0.4528, 0.0639 -0.4185 0.4528, 0.0689 -0.4165 0.4528, 0.0533 -0.4161 0.4528, 0.0549 -0.4268 0.4528, 0.0581 -0.4228 0.4528, 0.0592 -0.4217 0.4528, 0.054 -0.4542 0.4528, 0.0533 -0.4523 0.4528, 0.0505 -0.479 0.4528, 0.0505 -0.4161 0.4528, 0.0525 -0.4321 0.4528, 0.0533 -0.4303 0.4528, 0.0521 -0.4492 0.4528, 0.0512 -0.4414 0.4528, 0.0513 -0.4382 0.4528, 0.1721 -0.4161 0.4528, 0.1537 -0.4161 0.4528, 0.1537 -0.4176 0.4528, 0.1706 -0.4435 0.4528, 0.1693 -0.449 0.4528, 0.1669 -0.4539 0.4528, 0.1636 -0.4578 0.4528, 0.1592 -0.4198 0.4528, 0.1636 -0.4229 0.4528, 0.1658 -0.4251 0.4528, 0.1686 -0.4295 0.4528, 0.1702 -0.4342 0.4528, 0.1708 -0.4399 0.4528, 0.1585 -0.4615 0.4528, 0.1537 -0.4633 0.4528, 0.1537 -0.479 0.4528, 0.153 -0.4636 0.4528, 0.1449 -0.4645 0.4528, 0.1317 -0.4645 0.4528, 0.1317 -0.4165 0.4528, 0.1454 -0.4165 0.4528, 0.1535 -0.4175 0.4528, 0.0565 -0.5265 0.4528, 0.0578 -0.5246 0.4528, 0.0588 -0.5147 0.4528, 0.0719 -0.5403 0.4528, 0.0696 -0.5412 0.4528, 0.077 -0.5408 0.4528, 0.0915 -0.5136 0.4528, 0.0922 -0.5116 0.4528, 0.0825 -0.5137 0.4528, 0.0721 -0.5108 0.4528, 0.0701 -0.5106 0.4528, 0.0669 -0.5204 0.4528, 0.074 -0.5389 0.4528, 0.0533 -0.5412 0.4528, 0.0565 -0.5363 0.4528, 0.0558 -0.5343 0.4528, 0.0595 -0.523 0.4528, 0.062 -0.5216 0.4528, 0.0629 -0.5121 0.4528, 0.0667 -0.5109 0.4528, 0.0605 -0.5403 0.4528, 0.0628 -0.5412 0.4528, 0.0629 -0.5412 0.4528, 0.0584 -0.5389 0.4528, 0.0578 -0.5382 0.4528, 0.0555 -0.5316 0.4528, 0.0558 -0.5287 0.4528, 0.0652 -0.5062 0.4528, 0.0707 -0.5057 0.4528, 0.077 -0.5355 0.4528, 0.0769 -0.5355 0.4528, 0.0759 -0.5369 0.4528, 0.0588 -0.5089 0.4528, 0.0607 -0.5078 0.4528, 0.0933 -0.51 0.4528, 0.0746 -0.5061 0.4528, 0.0771 -0.5069 0.4528, 0.079 -0.5081 0.4528, 0.0802 -0.5092 0.4528, 0.0815 -0.5111 0.4528, 0.077 -0.519 0.4528, 0.0768 -0.5163 0.4528, 0.0762 -0.5141 0.4528, 0.0755 -0.5129 0.4528, 0.093 -0.5211 0.4528, 0.0922 -0.5199 0.4528, 0.0831 -0.5187 0.4528, 0.0915 -0.518 0.4528, 0.0912 -0.5157 0.4528, 0.0939 -0.5222 0.4528, 0.0912 -0.5333 0.4528, 0.094 -0.5222 0.4528, 0.0936 -0.5348 0.4528, 0.094 -0.535 0.4528, 0.0746 -0.5119 0.4528, 0.0735 -0.5113 0.4528, 0.0664 -0.5416 0.4528, 0.0533 -0.5602 0.4528, 0.0695 -0.5412 0.4528, 0.094 -0.5602 0.4528, 1.7717 -0.3232 0.4528, 1.7717 -0.1213 0.4528, 1.5748 -0.3232 0.4528, 0.1873 -0.1213 0.4528, 1.5748 -0.4161 0.4528, 0.2405 -0.5408 0.4528, 0.2336 -0.5408 0.4528, 0.1873 -0.5412 0.4528, 0.1919 -0.4927 0.4528, 0.1919 -0.5408 0.4528, 0.2051 -0.5408 0.4528, 0.2131 -0.5398 0.4528, 1.5682 -0.5412 0.4528, 1.5748 -0.5279 0.4528, 0.2769 -0.5408 0.4528, 0.2586 -0.4927 0.4528, 0.27 -0.5408 0.4528, 0.2651 -0.5276 0.4528, 0.2451 -0.5276 0.4528, 1.5748 -0.479 0.4528, 0.2519 -0.4927 0.4528, 0.227 -0.5302 0.4528, 0.2237 -0.534 0.4528, 0.2186 -0.5377 0.4528, 0.2056 -0.4927 0.4528, 0.2137 -0.4937 0.4528, 0.2194 -0.496 0.4528, 0.2237 -0.4991 0.4528, 0.2259 -0.5013 0.4528, 0.2288 -0.5057 0.4528, 0.2304 -0.5105 0.4528, 0.231 -0.5161 0.4528, 0.2308 -0.5197 0.4528, 0.2295 -0.5253 0.4528, 0.1873 -0.6185 0.4528, 1.5551 -0.6185 0.4528, 0.1873 -0.5602 0.4528, 1.5551 -0.5673 0.4528, 1.5587 -0.5602 0.4528, -1.5551 -0.6185 0.4528, -1.0025 -0.6185 0.4528, -1.5551 -0.5673 0.4528, -1.0025 -0.5602 0.4528, -1.5587 -0.5602 0.4528, -1.0025 -0.5412 0.4528, -1.0025 -0.479 0.4528, -1.5748 -0.5279 0.4528, -1.5682 -0.5412 0.4528, -1.7717 -0.1213 0.4528, -1.7717 -0.3232 0.4528, -1.0025 -0.1213 0.4528, -1.5748 -0.3232 0.4528, -1.0025 -0.4161 0.4528, -1.5748 -0.4161 0.4528, -1.5748 -0.479 0.4528, -1.5157 0.1611 0.4528, -1.7717 0.1611 0.4528, -1.5157 -0.0751 0.4528, -1.3504 -0.0751 0.4528, -1.3504 0.1611 0.4528, 1.7717 0.1611 0.4528, 1.5157 0.1611 0.4528, 0.1442 -0.5064 0.4528, 0.1505 -0.5064 0.4528, 0.1537 -0.5412 0.4528, 0.1332 -0.5322 0.4528, 0.134 -0.5351 0.4528, 0.1341 -0.5351 0.4528, 0.1272 -0.5148 0.4528, 0.1348 -0.5323 0.4528, 0.1344 -0.5339 0.4528, 0.1175 -0.5064 0.4528, 0.1272 -0.531 0.4528, 0.1242 -0.5064 0.4528, 0.1272 -0.5412 0.4528, 0.1308 -0.5412 0.4528, 0.131 -0.5407 0.4528, 0.1272 -0.5491 0.4528, 0.1272 -0.5491 0.4528, 0.1283 -0.5469 0.4528, 0.116 -0.5602 0.4528, 0.1188 -0.5564 0.4528, 0.1188 -0.5511 0.4528, 0.1222 -0.5518 0.4528, 0.1236 -0.5516 0.4528, 0.1272 -0.5559 0.4528, 0.1251 -0.5566 0.4528, 0.1272 -0.5602 0.4528, 0.1226 -0.5569 0.4528, 0.1213 -0.5569 0.4528, 0.1249 -0.5511 0.4528, 0.126 -0.5503 0.4528, 0.1349 -0.5459 0.4528, 0.1322 -0.5513 0.4528, 0.1537 -0.5602 0.4528, 0.1368 -0.5412 0.4528, 0.13 -0.5539 0.4528, 0.1295 -0.5543 0.4528, 0.1274 -0.5557 0.4528, 0.0966 -0.5075 0.4528, 0.0998 -0.5062 0.4528, 0.1124 -0.5258 0.4528, 0.1135 -0.5274 0.4528, 0.1127 -0.513 0.4528, 0.0951 -0.5084 0.4528, 0.094 -0.5094 0.4528, 0.1141 -0.5292 0.4528, 0.1144 -0.5314 0.4528, 0.1141 -0.5338 0.4528, 0.1134 -0.5358 0.4528, 0.1122 -0.5373 0.4528, 0.1046 -0.5057 0.4528, 0.1127 -0.5072 0.4528, 0.1083 -0.5059 0.4528, 0.1105 -0.5388 0.4528, 0.1089 -0.5398 0.4528, 0.104 -0.5106 0.4528, 0.1022 -0.5107 0.4528, 0.0974 -0.5152 0.4528, 0.1006 -0.5111 0.4528, 0.0993 -0.5118 0.4528, 0.0975 -0.516 0.4528, 0.0977 -0.5169 0.4528, 0.0982 -0.5177 0.4528, 0.0988 -0.5184 0.4528, 0.1009 -0.5197 0.4528, 0.108 -0.511 0.4528, 0.1046 -0.5213 0.4528, 0.1114 -0.5122 0.4528, 0.1069 -0.5223 0.4528, 0.1109 -0.5245 0.4528, 0.0984 -0.5126 0.4528, 0.0979 -0.5134 0.4528, 0.0976 -0.5142 0.4528, 0.0973 -0.5362 0.4528, 0.1004 -0.5257 0.4528, 0.0968 -0.524 0.4528, 0.1011 -0.5367 0.4528, 0.1014 -0.5367 0.4528, 0.1043 -0.5273 0.4528, 0.1045 -0.5363 0.4528, 0.1082 -0.532 0.4528, 0.1081 -0.5313 0.4528, 0.106 -0.5357 0.4528, 0.1066 -0.5354 0.4528, 0.1073 -0.5348 0.4528, 0.1078 -0.534 0.4528, 0.1081 -0.5332 0.4528, 0.1079 -0.5303 0.4528, 0.1074 -0.5295 0.4528, 0.1067 -0.5288 0.4528, 0.0912 -0.5396 0.4528, 0.0831 -0.5408 0.4528, 0.094 -0.5405 0.4528, 0.094 -0.5412 0.4528, 0.0954 -0.541 0.4528, 0.0966 -0.5412 0.4528, 0.1005 -0.5416 0.4528, 0.12 -0.5515 0.4528, -0.083 -0.4111 0.4528, -0.0756 -0.4161 0.4528, 0.0042 -0.4161 0.4528, -0.0677 -0.4214 0.4528, -0.0564 -0.4345 0.4528, -0.0182 -0.479 0.4528, 0.0042 -0.479 0.4528, -0.0212 -0.4715 0.4528, -0.0282 -0.4618 0.4528, -0.0375 -0.454 0.4528, -0.0493 -0.4484 0.4528, -0.0476 -0.4489 0.4528, -0.1001 -0.4051 0.4528, 0.0042 -0.1213 0.4528, -0.1142 -0.4036 0.4528, -0.1311 -0.4057 0.4528, -0.1468 -0.4118 0.4528, -0.1538 -0.4161 0.4528, -0.1552 -0.4169 0.4528, -0.2325 -0.479 0.4528, -0.231 -0.4705 0.4528, -0.2256 -0.4582 0.4528, -0.2173 -0.4477 0.4528, -0.1915 -0.4329 0.4528, -0.1781 -0.4313 0.4528, -0.1632 -0.4238 0.4528, -0.1741 -0.4315 0.4528, -0.1702 -0.432 0.4528, -0.215 -0.4455 0.4528, -0.2042 -0.4379 0.4528, -0.1961 -0.5389 0.4528, -0.2084 -0.5329 0.4528, -0.2191 -0.5239 0.4528, -0.2268 -0.5127 0.4528, -0.2317 -0.5 0.4528, -0.2334 -0.4866 0.4528, -0.2333 -0.4834 0.4528, -0.1917 -0.5402 0.4528, -0.1913 -0.5412 0.4528, -0.1883 -0.5476 0.4528, -0.1832 -0.5539 0.4528, 0.0042 -0.5602 0.4528, -0.1451 -0.5602 0.4528, 0.0042 -0.6185 0.4528, -0.151 -0.5625 0.4528, -0.1593 -0.5635 0.4528, -0.1606 -0.5635 0.4528, -0.1686 -0.5622 0.4528, -0.1734 -0.5602 0.4528, -0.1765 -0.5589 0.4528, 0.0042 -0.5412 0.4528, -0.1273 -0.5412 0.4528, -0.1273 -0.5414 0.4528, -0.1314 -0.549 0.4528, -0.1366 -0.5548 0.4528, -0.1434 -0.5595 0.4528, -0.0836 -0.521 0.4528, -0.0813 -0.5201 0.4528, -0.0773 -0.5006 0.4528, -0.0281 -0.5256 0.4528, -0.0374 -0.5334 0.4528, -0.1337 -0.5064 0.4528, -0.0879 -0.4825 0.4528, -0.1396 -0.501 0.4528, -0.1469 -0.4971 0.4528, -0.0857 -0.5225 0.4528, -0.0213 -0.5161 0.4528, -0.0368 -0.4904 0.4528, -0.0384 -0.4838 0.4528, -0.041 -0.479 0.4528, -0.211 -0.479 0.4528, -0.017 -0.4819 0.4528, -0.0155 -0.4931 0.4528, -0.017 -0.5053 0.4528, -0.0787 -0.5198 0.4528, -0.0783 -0.5198 0.4528, -0.0773 -0.52 0.4528, -0.209 -0.4996 0.4528, -0.205 -0.5065 0.4528, -0.1876 -0.51 0.4528, -0.1988 -0.5128 0.4528, -0.1914 -0.5174 0.4528, -0.175 -0.4987 0.4528, -0.182 -0.5036 0.4528, -0.2119 -0.4859 0.4528, -0.2115 -0.4913 0.4528, -0.1675 -0.4958 0.4528, -0.1593 -0.4948 0.4528, -0.1551 -0.4951 0.4528, -0.0892 -0.5303 0.4528, -0.0892 -0.529 0.4528, -0.1251 -0.5259 0.4528, -0.0885 -0.5264 0.4528, -0.0872 -0.5241 0.4528, -0.0436 -0.5115 0.4528, -0.0398 -0.5062 0.4528, -0.0375 -0.5001 0.4528, -0.0366 -0.4934 0.4528, -0.0813 -0.5406 0.4528, -0.0835 -0.5397 0.4528, -0.0857 -0.5382 0.4528, -0.0865 -0.5373 0.4528, -0.088 -0.5352 0.4528, -0.0889 -0.5329 0.4528, -0.1253 -0.5329 0.4528, -0.1251 -0.5293 0.4528, -0.0478 -0.5385 0.4528, -0.0592 -0.5409 0.4528, -0.0793 -0.5409 0.4528, -0.0766 -0.5201 0.4528, -0.0612 -0.5201 0.4528, -0.0551 -0.5189 0.4528, -0.049 -0.5161 0.4528, -0.044 -0.512 0.4528, -0.0734 -0.4462 0.4528, -0.0811 -0.437 0.4528, -0.1596 -0.4569 0.4528, -0.0819 -0.4363 0.4528, -0.0915 -0.4296 0.4528, -0.1544 -0.4461 0.4528, -0.162 -0.4556 0.4528, -0.1696 -0.4528 0.4528, -0.0416 -0.478 0.4528, -0.0455 -0.4736 0.4528, -0.0633 -0.4668 0.4528, -0.0508 -0.4699 0.4528, -0.0568 -0.4676 0.4528, -0.066 -0.4668 0.4528, -0.0681 -0.4572 0.4528, -0.1898 -0.454 0.4528, -0.1974 -0.458 0.4528, -0.1813 -0.452 0.4528, -0.2032 -0.4632 0.4528, -0.2079 -0.47 0.4528, -0.1467 -0.4369 0.4528, -0.1022 -0.4255 0.4528, -0.1376 -0.4303 0.4528, -0.1138 -0.4241 0.4528, -0.1264 -0.4257 0.4528, -0.1777 -0.4518 0.4528, -0.2109 -0.4776 0.4528, 0.1817 -0.4927 0.4528, 0.1817 -0.4982 0.4528, 0.1828 -0.5353 0.4528, 0.1828 -0.5408 0.4528, 0.1721 -0.5412 0.4528, 0.1631 -0.5191 0.4528, 0.1631 -0.5353 0.4528, 0.1721 -0.5191 0.4528, 0.1721 -0.5353 0.4528, 0.1803 -0.5191 0.4528, 0.1803 -0.5136 0.4528, 0.1721 -0.5136 0.4528, 0.1721 -0.4982 0.4528, 0.1631 -0.5136 0.4528, 0.1631 -0.4982 0.4528, 0.1721 -0.5408 0.4528, 0.1569 -0.5408 0.4528, 0.1721 -0.5602 0.4528, 0.2049 -0.4514 0.4528, 0.2098 -0.4645 0.4528, 0.2167 -0.4645 0.4528, 0.1721 -0.1213 0.4528, 0.1537 -0.1213 0.4528, 0.1272 -0.1213 0.4528, 0.116 -0.1213 0.4528, 0.1721 -0.6185 0.4528, 0.1537 -0.6185 0.4528, 0.1272 -0.6185 0.4528, 0.116 -0.6185 0.4528, 0.094 -0.6185 0.4528, 0.0533 -0.6185 0.4528, 0.0505 -0.6185 0.4528, 0.0505 -0.5602 0.4528, 0.0505 -0.5412 0.4528, 0.0497 -0.5353 0.4528, 0.0497 -0.5408 0.4528, 0.0239 -0.5408 0.4528, 0.0486 -0.4982 0.4528, 0.0239 -0.4927 0.4528, 0.0486 -0.4927 0.4528, 0.0301 -0.5191 0.4528, 0.0301 -0.5353 0.4528, 0.0473 -0.5191 0.4528, 0.0473 -0.5136 0.4528, 0.0301 -0.5136 0.4528, 0.0301 -0.4982 0.4528, 0.0301 -0.4165 0.4528, 0.0301 -0.4591 0.4528, 0.0492 -0.4591 0.4528, 0.0239 -0.4645 0.4528, 0.0239 -0.4165 0.4528, 0.0492 -0.4645 0.4528, 0.0505 -0.1213 0.4528, 1.5157 -0.0751 0.4528, 0.1721 0.1611 0.4528, 0.1537 0.1611 0.4528, 0.1272 0.1611 0.4528, 0.116 0.1611 0.4528, 0.094 0.1611 0.4528, 0.0533 0.1611 0.4528, 0.0505 0.1611 0.4528, 0.0042 0.1611 0.4528, -1.0025 0.1611 0.4528, -1.1575 -0.3232 0.1102, -1.1575 -0.3232 0.0945, -1.1535 -0.3232 0.0945, -1.2087 -0.3232 0.1969, -1.2087 -0.3232 0.0945, -1.2047 -0.3232 0.1102, -1.2047 -0.3232 0.0945, -1.1535 -0.3232 0.1969, -1.1575 -0.3232 0.1969, -1.1575 -0.3232 0.1548, -1.2047 -0.3232 0.1969, -1.2047 -0.3232 0.1548, 1.4173 -0.6185 0.1969, 1.4567 -0.6185 0.1969, 1.4567 -0.5791 0.1969, 1.3268 -0.5791 0.1969, 1.3268 -0.6263 0.1969, 1.4173 -0.6263 0.1969, 1.2087 -0.5318 0.1969, 1.1535 -0.5318 0.1969, 1.0906 -0.5791 0.1969, 1.1535 -0.3232 0.1969, 1.0906 -0.1224 0.1969, 1.2756 0.169 0.1969, 1.2717 0.169 0.1969, 1.2087 0.169 0.1969, 1.1535 0.169 0.1969, 1.2047 -0.3232 0.1969, 1.2087 -0.3232 0.1969, 1.2717 -0.1224 0.1969, 1.2717 -0.5791 0.1969, 1.1575 -0.3232 0.1969, 1.1575 -0.2934 0.1969, 1.2047 -0.2934 0.1969, 1.3268 -0.1224 0.1969, 1.4567 0.169 0.1969, 1.3268 0.169 0.1969, 1.3228 0.169 0.1969, 1.0906 -0.6263 0.1969, 1.2717 -0.6263 0.1969, 0.8543 -0.1224 0.1969, 1.063 0.169 0.1969, 1.0394 0.169 0.1969, 0.9724 -0.5318 0.1969, 0.9173 -0.5318 0.1969, 0.8543 -0.5791 0.1969, 0.9173 -0.3232 0.1969, 1.0354 0.169 0.1969, 0.9724 0.169 0.1969, 0.9173 0.169 0.1969, 0.9685 -0.3232 0.1969, 0.9724 -0.3232 0.1969, 0.9685 -0.2934 0.1969, 0.9213 -0.2934 0.1969, 0.9213 -0.3232 0.1969, 1.0906 0.169 0.1969, 1.0866 0.169 0.1969, 1.063 -0.1224 0.1969, 1.0354 -0.1224 0.1969, 1.0354 -0.5791 0.1969, 0.8543 -0.6263 0.1969, 1.0354 -0.6263 0.1969, 0.6181 -0.1224 0.1969, 0.8268 0.169 0.1969, 0.8031 0.169 0.1969, 0.7362 -0.5318 0.1969, 0.6811 -0.5318 0.1969, 0.6181 -0.5791 0.1969, 0.6811 -0.3232 0.1969, 0.7992 0.169 0.1969, 0.7362 0.169 0.1969, 0.6811 0.169 0.1969, 0.7323 -0.3232 0.1969, 0.7362 -0.3232 0.1969, 0.7323 -0.2934 0.1969, 0.685 -0.2934 0.1969, 0.685 -0.3232 0.1969, 0.8543 0.169 0.1969, 0.8504 0.169 0.1969, 0.8268 -0.1224 0.1969, 0.7992 -0.1224 0.1969, 0.7992 -0.5791 0.1969, 0.6181 -0.6263 0.1969, 0.7992 -0.6263 0.1969, 0.3819 -0.1224 0.1969, 0.5906 0.169 0.1969, 0.5669 0.169 0.1969, 0.5 -0.5318 0.1969, 0.4449 -0.5318 0.1969, 0.3819 -0.5791 0.1969, 0.4449 -0.3232 0.1969, 0.563 0.169 0.1969, 0.5 0.169 0.1969, 0.4449 0.169 0.1969, 0.4961 -0.3232 0.1969, 0.5 -0.3232 0.1969, 0.4961 -0.2934 0.1969, 0.4488 -0.2934 0.1969, 0.4488 -0.3232 0.1969, 0.6181 0.169 0.1969, 0.6142 0.169 0.1969, 0.5906 -0.1224 0.1969, 0.563 -0.1224 0.1969, 0.563 -0.5791 0.1969, 0.3819 -0.6263 0.1969, 0.563 -0.6263 0.1969, 0.1457 -0.1224 0.1969, 0.3543 0.169 0.1969, 0.3307 0.169 0.1969, 0.2638 -0.5318 0.1969, 0.2087 -0.5318 0.1969, 0.1457 -0.5791 0.1969, 0.2087 -0.3232 0.1969, 0.3268 0.169 0.1969, 0.2638 0.169 0.1969, 0.2087 0.169 0.1969, 0.2598 -0.3232 0.1969, 0.2638 -0.3232 0.1969, 0.2598 -0.2934 0.1969, 0.2126 -0.2934 0.1969, 0.2126 -0.3232 0.1969, 0.3819 0.169 0.1969, 0.378 0.169 0.1969, 0.3543 -0.1224 0.1969, 0.3268 -0.1224 0.1969, 0.3268 -0.5791 0.1969, 0.1457 -0.6263 0.1969, 0.3268 -0.6263 0.1969, -0.0906 -0.1224 0.1969, 0.1181 0.169 0.1969, 0.0945 0.169 0.1969, 0.0276 -0.5318 0.1969, -0.0276 -0.5318 0.1969, -0.0906 -0.5791 0.1969, -0.0276 -0.3232 0.1969, 0.0906 0.169 0.1969, 0.0276 0.169 0.1969, -0.0276 0.169 0.1969, 0.0236 -0.3232 0.1969, 0.0276 -0.3232 0.1969, 0.0236 -0.2934 0.1969, -0.0236 -0.2934 0.1969, -0.0236 -0.3232 0.1969, 0.1457 0.169 0.1969, 0.1417 0.169 0.1969, 0.1181 -0.1224 0.1969, 0.0906 -0.1224 0.1969, 0.0906 -0.5791 0.1969, -0.0906 -0.6263 0.1969, 0.0906 -0.6263 0.1969, -0.563 -0.1224 0.1969, -0.3307 0.169 0.1969, -0.378 0.169 0.1969, -0.4449 -0.5318 0.1969, -0.5 -0.5318 0.1969, -0.563 -0.5791 0.1969, -0.5 -0.3232 0.1969, -0.4961 -0.3232 0.1969, -0.3819 0.169 0.1969, -0.4449 0.169 0.1969, -0.5 0.169 0.1969, -0.3819 -0.5791 0.1969, -0.3819 -0.1224 0.1969, -0.4449 -0.3232 0.1969, -0.4961 -0.2934 0.1969, -0.4488 -0.2934 0.1969, -0.4488 -0.3232 0.1969, -0.3268 -0.1224 0.1969, -0.1181 0.169 0.1969, -0.1417 0.169 0.1969, -0.2087 -0.5318 0.1969, -0.2638 -0.5318 0.1969, -0.3268 -0.5791 0.1969, -0.2638 -0.3232 0.1969, -0.1457 0.169 0.1969, -0.2087 0.169 0.1969, -0.2638 0.169 0.1969, -0.3268 0.169 0.1969, -0.2126 -0.3232 0.1969, -0.2087 -0.3232 0.1969, -0.2126 -0.2934 0.1969, -0.2598 -0.2934 0.1969, -0.2598 -0.3232 0.1969, -0.0906 0.169 0.1969, -0.0945 0.169 0.1969, -0.1181 -0.1224 0.1969, -0.1457 -0.1224 0.1969, -0.1457 -0.5791 0.1969, -0.3268 -0.6263 0.1969, -0.1457 -0.6263 0.1969, -0.563 -0.6263 0.1969, -0.3819 -0.6263 0.1969, -0.7992 -0.1224 0.1969, -0.5906 0.169 0.1969, -0.6142 0.169 0.1969, -0.6811 -0.5318 0.1969, -0.7362 -0.5318 0.1969, -0.7992 -0.5791 0.1969, -0.7362 -0.3232 0.1969, -0.6181 0.169 0.1969, -0.6811 0.169 0.1969, -0.7362 0.169 0.1969, -0.685 -0.3232 0.1969, -0.6811 -0.3232 0.1969, -0.685 -0.2934 0.1969, -0.7323 -0.2934 0.1969, -0.7323 -0.3232 0.1969, -0.563 0.169 0.1969, -0.5669 0.169 0.1969, -0.5906 -0.1224 0.1969, -0.6181 -0.1224 0.1969, -0.6181 -0.5791 0.1969, -0.7992 -0.6263 0.1969, -0.6181 -0.6263 0.1969, -1.0354 -0.1224 0.1969, -0.8268 0.169 0.1969, -0.8504 0.169 0.1969, -0.9173 -0.5318 0.1969, -0.9724 -0.5318 0.1969, -1.0354 -0.5791 0.1969, -0.9724 -0.3232 0.1969, -0.8543 0.169 0.1969, -0.9173 0.169 0.1969, -0.9724 0.169 0.1969, -0.9213 -0.3232 0.1969, -0.9173 -0.3232 0.1969, -0.9213 -0.2934 0.1969, -0.9685 -0.2934 0.1969, -0.9685 -0.3232 0.1969, -0.7992 0.169 0.1969, -0.8031 0.169 0.1969, -0.8268 -0.1224 0.1969, -0.8543 -0.1224 0.1969, -0.8543 -0.5791 0.1969, -1.0354 -0.6263 0.1969, -0.8543 -0.6263 0.1969, -1.2717 -0.1224 0.1969, -1.063 0.169 0.1969, -1.0866 0.169 0.1969, -1.1535 -0.5318 0.1969, -1.2087 -0.5318 0.1969, -1.2717 -0.5791 0.1969, -1.0906 0.169 0.1969, -1.1535 0.169 0.1969, -1.2087 0.169 0.1969, -1.1575 -0.2934 0.1969, -1.2047 -0.2934 0.1969, -1.2717 0.169 0.1969, -1.2756 0.169 0.1969, -1.3268 -0.1224 0.1969, -1.3228 0.169 0.1969, -1.0354 0.169 0.1969, -1.0394 0.169 0.1969, -1.063 -0.1224 0.1969, -1.0906 -0.1224 0.1969, -1.0906 -0.5791 0.1969, -1.2717 -0.6263 0.1969, -1.0906 -0.6263 0.1969, -1.3327 -0.6263 0.1969, -1.3268 -0.6263 0.1969, -1.3327 -0.5791 0.1969, -1.3268 -0.5791 0.1969, -1.4173 -0.6263 0.1969, -1.4173 -0.6185 0.1969, -1.4567 -0.6185 0.1969, -1.4567 -0.5791 0.1969, -1.3268 0.169 0.1969, -1.3327 0.169 0.1969, -1.4567 0.169 0.1969, -1.1575 -0.3232 0.3307, -1.1535 -0.3232 0.315, -1.1535 -0.3232 0.4055, -1.2087 -0.3232 0.315, -1.2047 -0.3232 0.3307, -1.2087 -0.3232 0.4055, -1.2047 -0.3232 0.3937, -1.1575 -0.3232 0.3937
            ]
        }
        coordIndex [
            0,1,2,-1,3,4,5,-1,6,7,8,-1,9,10,11,-1,11,10,12,-1,13,14,15,-1,15,14,16,-1,15,16,17,-1,18,19,20,-1,20,19,21,-1,20,21,22,-1,22,21,9,-1,22,9,23,-1,24,25,26,-1,26,25,27,-1,26,27,13,-1,17,16,28,-1,28,16,29,-1,28,29,30,-1,31,32,2,-1,33,34,35,-1,35,34,31,-1,36,37,38,-1,38,37,39,-1,40,29,41,-1,41,29,42,-1,43,30,44,-1,44,30,29,-1,44,29,45,-1,45,29,40,-1,45,46,47,-1,47,46,48,-1,49,50,51,-1,51,50,47,-1,51,47,52,-1,45,47,44,-1,44,47,53,-1,44,53,54,-1,55,56,57,-1,57,56,58,-1,57,58,59,-1,48,60,47,-1,47,60,61,-1,47,61,62,-1,63,64,47,-1,47,64,65,-1,47,65,52,-1,66,67,68,-1,69,70,51,-1,51,70,71,-1,51,71,49,-1,62,72,47,-1,47,72,73,-1,47,73,63,-1,66,68,51,-1,51,68,74,-1,51,74,69,-1,54,75,44,-1,44,75,76,-1,44,76,57,-1,57,76,77,-1,57,77,55,-1,78,79,80,-1,80,79,81,-1,80,81,82,-1,83,84,85,-1,86,87,85,-1,85,87,88,-1,85,88,83,-1,59,89,57,-1,57,89,90,-1,57,90,91,-1,92,93,85,-1,85,93,94,-1,85,94,86,-1,90,95,91,-1,91,95,96,-1,91,96,92,-1,92,96,97,-1,92,97,93,-1,98,99,100,-1,101,102,2,-1,2,102,103,-1,2,103,104,-1,100,105,98,-1,98,105,106,-1,98,106,107,-1,107,108,98,-1,98,108,109,-1,98,109,110,-1,36,38,32,-1,32,38,98,-1,32,98,2,-1,2,98,110,-1,2,110,101,-1,111,112,113,-1,113,112,114,-1,115,116,11,-1,11,116,14,-1,11,14,9,-1,9,14,13,-1,9,13,23,-1,23,13,27,-1,116,117,14,-1,14,117,118,-1,14,118,99,-1,99,118,119,-1,99,119,100,-1,120,121,122,-1,123,124,125,-1,126,127,128,-1,129,130,131,-1,123,125,132,-1,133,134,135,-1,121,136,122,-1,122,136,137,-1,122,137,138,-1,138,137,131,-1,138,131,139,-1,139,131,130,-1,140,133,141,-1,141,133,142,-1,140,143,133,-1,133,143,144,-1,133,144,134,-1,145,146,57,-1,57,147,148,-1,149,150,125,-1,125,150,151,-1,125,151,132,-1,120,122,146,-1,146,122,152,-1,146,152,57,-1,57,152,153,-1,57,153,147,-1,154,155,127,-1,127,155,156,-1,127,156,157,-1,157,158,127,-1,127,158,159,-1,127,159,128,-1,160,161,131,-1,131,161,162,-1,131,162,163,-1,164,165,166,-1,166,165,167,-1,166,167,128,-1,128,167,168,-1,128,168,126,-1,169,170,171,-1,171,170,172,-1,171,172,173,-1,163,174,131,-1,131,174,175,-1,131,175,129,-1,176,177,178,-1,178,177,179,-1,178,179,124,-1,180,181,182,-1,182,181,183,-1,182,183,184,-1,185,186,187,-1,188,35,189,-1,189,35,187,-1,189,187,190,-1,190,187,186,-1,190,186,191,-1,192,193,194,-1,194,193,195,-1,192,194,187,-1,187,194,196,-1,187,196,185,-1,185,196,197,-1,185,197,198,-1,193,199,195,-1,195,199,35,-1,195,35,200,-1,201,202,186,-1,186,202,203,-1,186,203,191,-1,188,204,35,-1,35,204,205,-1,35,205,200,-1,200,205,206,-1,200,206,207,-1,207,208,200,-1,200,208,209,-1,200,209,210,-1,210,211,200,-1,200,211,212,-1,200,212,186,-1,186,212,213,-1,186,213,201,-1,214,215,216,-1,216,215,217,-1,216,217,218,-1,219,220,221,-1,221,220,222,-1,221,222,223,-1,223,222,224,-1,225,226,224,-1,224,226,227,-1,224,227,223,-1,228,229,230,-1,230,229,231,-1,230,231,232,-1,232,231,233,-1,232,233,234,-1,235,236,237,-1,237,236,228,-1,237,228,238,-1,238,228,230,-1,238,230,239,-1,181,240,241,-1,242,243,113,-1,113,243,244,-1,245,246,247,-1,114,115,113,-1,113,115,11,-1,113,11,242,-1,242,11,248,-1,242,248,249,-1,249,248,245,-1,249,245,250,-1,250,245,247,-1,251,12,5,-1,251,5,252,-1,12,251,11,-1,11,251,253,-1,11,253,248,-1,5,254,252,-1,252,254,255,-1,252,255,256,-1,257,258,254,-1,254,258,259,-1,254,259,255,-1,260,261,262,-1,254,263,264,-1,265,266,267,-1,267,266,268,-1,267,268,260,-1,260,268,269,-1,260,269,261,-1,264,270,254,-1,254,270,271,-1,254,271,257,-1,272,273,274,-1,272,274,275,-1,273,276,274,-1,274,276,277,-1,274,277,267,-1,267,277,278,-1,267,278,265,-1,279,280,44,-1,281,282,283,-1,279,44,284,-1,148,155,57,-1,57,155,154,-1,57,154,44,-1,44,154,285,-1,44,285,284,-1,286,287,5,-1,287,288,5,-1,5,288,289,-1,5,289,290,-1,280,291,44,-1,44,291,12,-1,44,12,43,-1,43,12,10,-1,282,286,283,-1,283,286,5,-1,283,5,292,-1,292,5,12,-1,292,12,293,-1,293,12,291,-1,290,294,5,-1,5,294,295,-1,5,295,3,-1,296,297,298,-1,298,297,299,-1,298,299,300,-1,298,301,296,-1,296,301,302,-1,296,302,303,-1,303,304,296,-1,296,304,305,-1,296,305,306,-1,306,305,307,-1,306,307,308,-1,308,307,309,-1,308,309,283,-1,283,309,310,-1,283,310,281,-1,311,312,300,-1,300,312,313,-1,300,313,298,-1,314,315,173,-1,173,315,316,-1,173,316,171,-1,314,317,315,-1,315,317,318,-1,315,318,319,-1,319,318,320,-1,319,321,322,-1,320,323,319,-1,319,323,324,-1,319,324,325,-1,325,326,319,-1,319,326,327,-1,319,327,321,-1,322,328,319,-1,319,328,329,-1,319,329,330,-1,169,164,170,-1,170,164,166,-1,170,166,331,-1,331,166,332,-1,331,332,333,-1,333,332,334,-1,333,334,335,-1,335,334,336,-1,337,336,179,-1,179,336,334,-1,179,334,124,-1,124,334,332,-1,124,332,125,-1,337,179,4,-1,4,179,260,-1,4,260,5,-1,5,260,262,-1,5,262,254,-1,254,262,338,-1,254,338,263,-1,339,340,341,-1,341,340,342,-1,341,342,343,-1,344,345,346,-1,346,345,341,-1,346,341,347,-1,347,341,348,-1,343,349,341,-1,341,349,350,-1,341,350,348,-1,351,352,353,-1,353,352,354,-1,354,352,355,-1,355,352,230,-1,355,230,356,-1,356,230,232,-1,356,232,357,-1,358,232,225,-1,225,232,234,-1,225,234,226,-1,358,359,232,-1,232,359,360,-1,232,360,361,-1,232,362,357,-1,357,362,363,-1,357,363,364,-1,364,363,365,-1,364,365,366,-1,361,367,232,-1,232,367,368,-1,232,368,362,-1,369,370,224,-1,224,370,371,-1,224,371,372,-1,372,373,224,-1,224,373,374,-1,224,374,225,-1,225,374,375,-1,225,375,358,-1,376,369,377,-1,377,369,224,-1,377,224,378,-1,378,224,379,-1,380,381,382,-1,382,381,383,-1,383,384,382,-1,382,384,385,-1,382,385,220,-1,220,385,386,-1,220,386,222,-1,222,386,387,-1,222,387,224,-1,224,387,388,-1,224,388,379,-1,389,390,380,-1,380,390,391,-1,380,391,392,-1,392,393,380,-1,380,393,394,-1,380,394,381,-1,395,396,397,-1,398,399,389,-1,400,401,402,-1,402,401,403,-1,395,397,404,-1,398,389,405,-1,406,407,401,-1,401,407,408,-1,401,408,409,-1,344,410,345,-1,345,410,411,-1,345,411,389,-1,389,411,412,-1,389,412,405,-1,396,413,397,-1,397,413,414,-1,397,414,415,-1,416,417,418,-1,418,417,419,-1,418,419,420,-1,421,409,422,-1,422,409,423,-1,422,423,418,-1,418,423,424,-1,418,424,416,-1,421,425,409,-1,409,425,426,-1,409,426,401,-1,401,426,427,-1,401,427,403,-1,428,429,430,-1,430,429,431,-1,430,431,397,-1,397,431,432,-1,397,432,404,-1,433,434,397,-1,397,434,435,-1,397,435,401,-1,401,435,436,-1,401,436,406,-1,437,438,390,-1,390,438,439,-1,390,439,440,-1,440,441,390,-1,390,441,442,-1,390,442,443,-1,443,442,428,-1,443,428,444,-1,444,428,430,-1,399,445,389,-1,389,445,446,-1,389,446,390,-1,390,446,447,-1,390,447,437,-1,415,448,397,-1,397,448,449,-1,397,449,450,-1,450,451,397,-1,397,451,452,-1,397,452,433,-1,453,454,455,-1,454,456,455,-1,455,456,457,-1,455,457,458,-1,408,455,409,-1,409,455,459,-1,409,459,460,-1,461,462,463,-1,463,462,464,-1,463,464,465,-1,461,463,408,-1,408,463,466,-1,408,466,455,-1,455,466,467,-1,455,467,453,-1,468,469,470,-1,470,469,471,-1,470,471,472,-1,458,457,473,-1,473,457,474,-1,473,474,475,-1,475,474,476,-1,475,476,477,-1,460,478,409,-1,409,478,470,-1,409,470,479,-1,479,470,472,-1,31,2,35,-1,35,2,1,-1,35,1,480,-1,480,481,35,-1,35,481,482,-1,35,482,187,-1,187,482,483,-1,187,483,484,-1,485,486,487,-1,487,486,488,-1,487,488,489,-1,489,488,482,-1,489,482,490,-1,490,482,481,-1,490,481,491,-1,491,481,492,-1,491,492,493,-1,493,492,494,-1,483,495,484,-1,484,495,496,-1,484,496,244,-1,244,496,0,-1,244,0,113,-1,113,0,2,-1,113,2,111,-1,111,2,104,-1,218,192,216,-1,216,192,187,-1,216,187,497,-1,497,187,484,-1,497,484,274,-1,274,484,244,-1,274,244,275,-1,275,244,243,-1,498,33,499,-1,499,33,35,-1,499,35,500,-1,500,35,199,-1,500,199,39,-1,39,199,184,-1,39,184,38,-1,38,184,183,-1,38,183,98,-1,98,183,501,-1,98,501,99,-1,99,501,502,-1,99,502,14,-1,14,502,503,-1,14,503,16,-1,16,503,504,-1,16,504,29,-1,29,504,79,-1,29,79,42,-1,42,79,78,-1,214,216,505,-1,505,216,497,-1,505,497,506,-1,506,497,274,-1,506,274,507,-1,507,274,267,-1,507,267,508,-1,508,267,260,-1,508,260,509,-1,509,260,179,-1,509,179,510,-1,510,179,177,-1,510,177,511,-1,511,177,512,-1,511,512,382,-1,176,142,177,-1,177,142,133,-1,177,133,512,-1,512,133,513,-1,514,515,513,-1,513,515,516,-1,135,145,133,-1,133,145,57,-1,133,57,513,-1,513,57,91,-1,513,91,514,-1,514,91,517,-1,382,512,380,-1,380,512,513,-1,380,513,389,-1,389,513,516,-1,389,516,345,-1,345,516,518,-1,345,518,91,-1,91,518,519,-1,91,519,517,-1,520,521,522,-1,522,521,514,-1,522,514,523,-1,523,514,517,-1,523,517,524,-1,524,517,525,-1,526,527,528,-1,529,530,341,-1,341,530,526,-1,341,526,92,-1,92,526,528,-1,92,528,91,-1,91,528,531,-1,91,531,345,-1,345,531,529,-1,345,529,341,-1,84,82,85,-1,85,82,81,-1,85,81,92,-1,92,81,532,-1,92,532,341,-1,341,532,352,-1,341,352,339,-1,339,352,351,-1,241,533,181,-1,181,533,6,-1,181,6,183,-1,183,6,8,-1,183,8,501,-1,501,8,534,-1,501,534,502,-1,502,534,535,-1,502,535,503,-1,503,535,536,-1,503,536,504,-1,504,536,537,-1,504,537,79,-1,79,537,538,-1,79,538,81,-1,81,538,539,-1,81,539,532,-1,532,539,540,-1,532,540,352,-1,352,540,541,-1,352,541,230,-1,230,541,542,-1,230,542,239,-1,543,544,545,-1,546,547,548,-1,548,547,549,-1,550,551,552,-1,553,546,554,-1,554,546,548,-1,554,548,552,-1,552,548,543,-1,552,543,550,-1,550,543,545,-1,555,556,557,-1,558,559,560,-1,561,562,563,-1,563,562,564,-1,563,564,565,-1,566,567,565,-1,565,567,568,-1,565,568,569,-1,570,571,572,-1,572,571,573,-1,564,574,565,-1,565,574,575,-1,565,575,572,-1,572,575,576,-1,572,576,570,-1,560,555,558,-1,558,555,557,-1,558,557,577,-1,577,557,578,-1,577,578,572,-1,572,578,579,-1,572,579,565,-1,565,579,580,-1,565,580,566,-1,581,582,563,-1,563,582,573,-1,563,573,561,-1,561,573,571,-1,583,584,585,-1,586,587,588,-1,588,587,589,-1,588,589,583,-1,585,590,583,-1,583,590,591,-1,583,591,592,-1,593,594,595,-1,595,594,584,-1,595,584,596,-1,596,584,583,-1,596,583,597,-1,597,583,589,-1,569,598,565,-1,565,598,599,-1,565,599,600,-1,600,599,584,-1,600,584,601,-1,601,584,594,-1,601,594,602,-1,603,604,588,-1,588,604,602,-1,588,602,586,-1,586,602,594,-1,605,606,607,-1,608,609,610,-1,610,609,611,-1,610,611,605,-1,607,612,605,-1,605,612,613,-1,605,613,614,-1,615,616,617,-1,617,616,606,-1,617,606,618,-1,618,606,605,-1,618,605,619,-1,619,605,611,-1,592,620,583,-1,583,620,621,-1,583,621,622,-1,622,621,606,-1,622,606,623,-1,623,606,616,-1,623,616,624,-1,625,626,610,-1,610,626,624,-1,610,624,608,-1,608,624,616,-1,627,628,629,-1,630,631,632,-1,632,631,633,-1,632,633,627,-1,629,634,627,-1,627,634,635,-1,627,635,636,-1,637,638,639,-1,639,638,628,-1,639,628,640,-1,640,628,627,-1,640,627,641,-1,641,627,633,-1,614,642,605,-1,605,642,643,-1,605,643,644,-1,644,643,628,-1,644,628,645,-1,645,628,638,-1,645,638,646,-1,647,648,632,-1,632,648,646,-1,632,646,630,-1,630,646,638,-1,649,650,651,-1,652,653,654,-1,654,653,655,-1,654,655,649,-1,651,656,649,-1,649,656,657,-1,649,657,658,-1,659,660,661,-1,661,660,650,-1,661,650,662,-1,662,650,649,-1,662,649,663,-1,663,649,655,-1,636,664,627,-1,627,664,665,-1,627,665,666,-1,666,665,650,-1,666,650,667,-1,667,650,660,-1,667,660,668,-1,669,670,654,-1,654,670,668,-1,654,668,652,-1,652,668,660,-1,671,672,673,-1,674,675,676,-1,676,675,677,-1,676,677,671,-1,673,678,671,-1,671,678,679,-1,671,679,680,-1,681,682,683,-1,683,682,672,-1,683,672,684,-1,684,672,671,-1,684,671,685,-1,685,671,677,-1,658,686,649,-1,649,686,687,-1,649,687,688,-1,688,687,672,-1,688,672,689,-1,689,672,682,-1,689,682,690,-1,691,692,676,-1,676,692,690,-1,676,690,674,-1,674,690,682,-1,693,694,695,-1,696,697,698,-1,698,697,699,-1,698,699,693,-1,693,699,700,-1,695,701,693,-1,693,701,702,-1,693,702,703,-1,704,705,706,-1,700,707,693,-1,693,707,708,-1,693,708,705,-1,705,708,709,-1,705,709,706,-1,710,711,712,-1,713,714,715,-1,715,714,716,-1,715,716,710,-1,712,717,710,-1,710,717,718,-1,710,718,705,-1,705,718,719,-1,705,719,693,-1,693,719,720,-1,693,720,694,-1,721,722,723,-1,723,722,711,-1,723,711,724,-1,724,711,710,-1,724,710,725,-1,725,710,716,-1,680,726,671,-1,671,726,727,-1,671,727,728,-1,728,727,711,-1,728,711,729,-1,729,711,722,-1,729,722,730,-1,731,732,715,-1,715,732,730,-1,715,730,713,-1,713,730,722,-1,733,734,698,-1,698,734,704,-1,698,704,696,-1,696,704,706,-1,735,736,737,-1,738,739,740,-1,740,739,741,-1,740,741,735,-1,737,742,735,-1,735,742,743,-1,735,743,744,-1,745,746,747,-1,747,746,736,-1,747,736,748,-1,748,736,735,-1,748,735,749,-1,749,735,741,-1,703,750,693,-1,693,750,751,-1,693,751,752,-1,752,751,736,-1,752,736,753,-1,753,736,746,-1,753,746,754,-1,755,756,740,-1,740,756,754,-1,740,754,738,-1,738,754,746,-1,757,758,759,-1,760,761,762,-1,762,761,763,-1,762,763,757,-1,759,764,757,-1,757,764,765,-1,757,765,766,-1,767,768,769,-1,769,768,758,-1,769,758,770,-1,770,758,757,-1,770,757,771,-1,771,757,763,-1,744,772,735,-1,735,772,773,-1,735,773,774,-1,774,773,758,-1,774,758,775,-1,775,758,768,-1,775,768,776,-1,777,778,762,-1,762,778,776,-1,762,776,760,-1,760,776,768,-1,779,780,781,-1,782,783,784,-1,784,783,546,-1,784,546,779,-1,781,785,779,-1,779,785,786,-1,779,786,787,-1,551,550,788,-1,788,550,780,-1,788,780,789,-1,789,780,779,-1,789,779,553,-1,553,779,546,-1,787,790,779,-1,779,790,791,-1,779,791,792,-1,792,791,793,-1,766,794,757,-1,757,794,795,-1,757,795,796,-1,796,795,780,-1,796,780,797,-1,797,780,550,-1,797,550,798,-1,799,800,784,-1,784,800,798,-1,784,798,782,-1,782,798,550,-1,801,802,803,-1,803,802,804,-1,803,804,792,-1,805,801,806,-1,806,801,803,-1,806,803,807,-1,807,803,808,-1,793,809,792,-1,792,809,810,-1,792,810,803,-1,803,810,811,-1,803,811,808,-1,812,813,814,-1,813,812,815,-1,815,812,816,-1,815,816,817,-1,817,816,818,-1,817,818,814,-1,814,818,819,-1,814,819,812,-1,
        ]
    }
}
Shape{
    appearance Appearance {
        material  Material 	{
            diffuseColor 0.20784313725490197 0.20784313725490197 0.20784313725490197
            specularColor 0.01568627450980392 0.01568627450980392 0.01568627450980392
            ambientIntensity 0.298
            transparency 0.0
            shininess 0.5
        }
    }
    geometry IndexedFaceSet {
        ccw TRUE
        solid FALSE
        coord DEF co Coordinate {
            point [
                -1.2126 0.4217 0.1693, -1.2047 0.4217 0.1693, -1.2047 0.4052 0.1693, -1.1575 0.4052 0.1693, -1.1575 0.4217 0.1693, -1.1496 0.4217 0.1693, -0.9764 0.4217 0.1693, -0.9685 0.4217 0.1693, -0.9685 0.4052 0.1693, -0.9213 0.4052 0.1693, -0.9213 0.4217 0.1693, -0.9134 0.4217 0.1693, -0.7402 0.4217 0.1693, -0.7323 0.4217 0.1693, -0.7323 0.4052 0.1693, -0.685 0.4052 0.1693, -0.685 0.4217 0.1693, -0.6772 0.4217 0.1693, -0.5039 0.4217 0.1693, -0.4961 0.4217 0.1693, -0.4961 0.4052 0.1693, -0.4488 0.4052 0.1693, -0.4488 0.4217 0.1693, -0.4409 0.4217 0.1693, -0.2677 0.4217 0.1693, -0.2598 0.4217 0.1693, -0.2598 0.4052 0.1693, -0.2126 0.4052 0.1693, -0.2126 0.4217 0.1693, -0.2047 0.4217 0.1693, -0.0315 0.4217 0.1693, -0.0236 0.4217 0.1693, -0.0236 0.4052 0.1693, 0.0236 0.4052 0.1693, 0.0236 0.4217 0.1693, 0.0315 0.4217 0.1693, 0.2047 0.4217 0.1693, 0.2126 0.4217 0.1693, 0.2126 0.4052 0.1693, 0.2598 0.4052 0.1693, 0.2598 0.4217 0.1693, 0.2677 0.4217 0.1693, 0.4409 0.4217 0.1693, 0.4488 0.4217 0.1693, 0.4488 0.4052 0.1693, 0.5669 0.4052 0.1693, 0.4961 0.4052 0.1693, 0.5039 0.4217 0.1693, 0.4961 0.4217 0.1693, 0.6772 0.4217 0.1693, 0.685 0.4217 0.1693, 0.685 0.4052 0.1693, 0.8031 0.4052 0.1693, 0.7323 0.4052 0.1693, 0.7402 0.4217 0.1693, 0.7323 0.4217 0.1693, 0.9134 0.4217 0.1693, 0.9213 0.4217 0.1693, 0.9213 0.4052 0.1693, 1.0394 0.4052 0.1693, 0.9685 0.4052 0.1693, 0.9764 0.4217 0.1693, 0.9685 0.4217 0.1693, 1.3228 0.4052 0.1693, 1.3228 0.4217 0.1693, 1.3307 0.4217 0.1693, 1.1496 0.4217 0.1693, 1.1575 0.4217 0.1693, 1.1575 0.4052 0.1693, 1.2126 0.4217 0.1693, 1.2677 0.5784 0.1693, 1.2677 0.4217 0.1693, 1.2756 0.4217 0.1693, 1.2756 0.4052 0.1693, 1.2047 0.4052 0.1693, 1.2047 0.4217 0.1693, 1.0866 0.4052 0.1693, 1.0866 0.4217 0.1693, 1.0945 0.4217 0.1693, 1.1496 0.5784 0.1693, 1.0945 0.5784 0.1693, 1.0315 0.5784 0.1693, 0.7008 0.7595 0.1693, 1.563 0.7595 0.1693, 1.563 0.4465 0.1693, 1.4567 0.4465 0.1693, 1.1339 0.7595 0.1693, 1.2126 0.5784 0.1693, 1.3307 0.5784 0.1693, 1.4567 0.4052 0.1693, 0.8504 0.4052 0.1693, 0.8504 0.4217 0.1693, 0.8583 0.4217 0.1693, 0.9134 0.5784 0.1693, 0.8583 0.5784 0.1693, 0.7953 0.5784 0.1693, 0.9764 0.5784 0.1693, 1.0315 0.4217 0.1693, 1.0394 0.4217 0.1693, 0.6142 0.4052 0.1693, 0.6142 0.4217 0.1693, 0.622 0.4217 0.1693, 0.6772 0.5784 0.1693, 0.622 0.5784 0.1693, 0.4409 0.5784 0.1693, -1.563 0.7595 0.1693, 0.5039 0.5784 0.1693, 0.5591 0.5784 0.1693, 0.5591 0.4217 0.1693, 0.5669 0.4217 0.1693, 0.378 0.4052 0.1693, 0.378 0.4217 0.1693, 0.3858 0.4217 0.1693, 0.8031 0.4217 0.1693, 0.7953 0.4217 0.1693, 0.7402 0.5784 0.1693, 0.3228 0.5784 0.1693, 0.3228 0.4217 0.1693, 0.3307 0.4052 0.1693, 0.3307 0.4217 0.1693, 0.2677 0.5784 0.1693, 0.2047 0.5784 0.1693, 0.3858 0.5784 0.1693, 0.1417 0.4052 0.1693, 0.1417 0.4217 0.1693, 0.1496 0.4217 0.1693, 0.0866 0.5784 0.1693, 0.0866 0.4217 0.1693, 0.0945 0.4052 0.1693, 0.0945 0.4217 0.1693, 0.0315 0.5784 0.1693, -0.0315 0.5784 0.1693, 0.1496 0.5784 0.1693, -0.0945 0.4052 0.1693, -0.0945 0.4217 0.1693, -0.0866 0.4217 0.1693, -0.1496 0.5784 0.1693, -0.1496 0.4217 0.1693, -0.1417 0.4052 0.1693, -0.1417 0.4217 0.1693, -0.2047 0.5784 0.1693, -0.2677 0.5784 0.1693, -0.0866 0.5784 0.1693, -0.3307 0.4052 0.1693, -0.3307 0.4217 0.1693, -0.3228 0.4217 0.1693, -0.3858 0.5784 0.1693, -0.3858 0.4217 0.1693, -0.378 0.4052 0.1693, -0.378 0.4217 0.1693, -0.4409 0.5784 0.1693, -0.5039 0.5784 0.1693, -0.3228 0.5784 0.1693, -0.5669 0.4052 0.1693, -0.5669 0.4217 0.1693, -0.5591 0.4217 0.1693, -0.622 0.5784 0.1693, -0.622 0.4217 0.1693, -0.6142 0.4052 0.1693, -0.6142 0.4217 0.1693, -0.6772 0.5784 0.1693, -0.7402 0.5784 0.1693, -0.5591 0.5784 0.1693, -0.8031 0.4052 0.1693, -0.8031 0.4217 0.1693, -0.7953 0.4217 0.1693, -0.8583 0.5784 0.1693, -0.8583 0.4217 0.1693, -0.8504 0.4052 0.1693, -0.8504 0.4217 0.1693, -0.9134 0.5784 0.1693, -0.9764 0.5784 0.1693, -0.7953 0.5784 0.1693, -1.0394 0.4052 0.1693, -1.0394 0.4217 0.1693, -1.0315 0.4217 0.1693, -1.0945 0.5784 0.1693, -1.0945 0.4217 0.1693, -1.0866 0.4052 0.1693, -1.0866 0.4217 0.1693, -1.1496 0.5784 0.1693, -1.2126 0.5784 0.1693, -1.0315 0.5784 0.1693, -1.2756 0.4052 0.1693, -1.2756 0.4217 0.1693, -1.2677 0.4217 0.1693, -1.4567 0.4465 0.1693, -1.563 0.4465 0.1693, -1.3228 0.4217 0.1693, -1.3228 0.4052 0.1693, -1.3307 0.4217 0.1693, -1.4567 0.4052 0.1693, -1.3307 0.5784 0.1693, -1.2677 0.5784 0.1693, 1.2126 0.3768 0.3228, 1.2047 0.3768 0.3228, 1.2047 0.3735 0.304, -1.4567 0.3579 0.2157, 1.4567 0.3579 0.2157, 1.2756 0.3725 0.2982, 1.3228 0.3725 0.2982, 1.2756 0.3768 0.3228, 1.2677 0.3768 0.3228, 1.2677 0.378 0.3297, 1.2126 0.378 0.3297, 1.0394 0.3725 0.2982, 1.0394 0.3768 0.3228, 1.0315 0.3768 0.3228, 1.3228 0.3768 0.3228, 1.3307 0.3768 0.3228, 1.3307 0.378 0.3297, 1.4567 0.3699 0.2836, 1.563 0.378 0.3297, 1.563 0.3699 0.2836, 0.9764 0.3768 0.3228, 0.9685 0.3768 0.3228, 0.9685 0.3735 0.304, 1.0866 0.3768 0.3228, 1.0866 0.3725 0.2982, 1.0945 0.3768 0.3228, 1.1496 0.3768 0.3228, 1.0945 0.378 0.3297, 1.1496 0.378 0.3297, 1.1575 0.3735 0.304, 1.1575 0.3768 0.3228, 0.7402 0.3768 0.3228, 0.7323 0.3768 0.3228, 0.7323 0.3735 0.304, 0.9213 0.3768 0.3228, 0.9134 0.3768 0.3228, 0.8504 0.3725 0.2982, 1.0315 0.378 0.3297, 0.9764 0.378 0.3297, 0.9213 0.3735 0.304, 0.8504 0.3768 0.3228, 0.8583 0.3768 0.3228, 0.8583 0.378 0.3297, 0.9134 0.378 0.3297, 0.8031 0.3725 0.2982, 0.8031 0.3768 0.3228, 0.7953 0.3768 0.3228, 0.7953 0.378 0.3297, 0.7402 0.378 0.3297, 0.5669 0.3725 0.2982, 0.5669 0.3768 0.3228, 0.5591 0.3768 0.3228, 0.5039 0.3768 0.3228, 0.4961 0.3768 0.3228, 0.4961 0.3735 0.304, 0.6142 0.3768 0.3228, 0.6142 0.3725 0.2982, 0.622 0.3768 0.3228, 0.6772 0.3768 0.3228, 0.622 0.378 0.3297, 0.6772 0.378 0.3297, 0.685 0.3735 0.304, 0.685 0.3768 0.3228, 0.2677 0.3768 0.3228, 0.2598 0.3768 0.3228, 0.2598 0.3735 0.304, 0.4488 0.3768 0.3228, 0.4409 0.3768 0.3228, 0.378 0.3725 0.2982, 0.5591 0.378 0.3297, 0.5039 0.378 0.3297, 0.4488 0.3735 0.304, 0.3307 0.3725 0.2982, 0.378 0.3768 0.3228, 0.3858 0.3768 0.3228, 0.3858 0.378 0.3297, 0.4409 0.378 0.3297, 0.3307 0.3768 0.3228, 0.3228 0.3768 0.3228, 0.3228 0.378 0.3297, 0.2677 0.378 0.3297, 0.0315 0.3768 0.3228, 0.0236 0.3768 0.3228, 0.0236 0.3735 0.304, 0.2126 0.3735 0.304, 0.1417 0.3725 0.2982, 0.2126 0.3768 0.3228, 0.2047 0.3768 0.3228, 0.0945 0.3725 0.2982, 0.1417 0.3768 0.3228, 0.1496 0.3768 0.3228, 0.1496 0.378 0.3297, 0.2047 0.378 0.3297, 0.0945 0.3768 0.3228, 0.0866 0.3768 0.3228, 0.0866 0.378 0.3297, 0.0315 0.378 0.3297, -0.0236 0.3735 0.304, -0.0945 0.3725 0.2982, -0.0236 0.3768 0.3228, -0.0315 0.3768 0.3228, -0.0945 0.3768 0.3228, -0.0866 0.3768 0.3228, -0.0866 0.378 0.3297, -0.0315 0.378 0.3297, -0.2126 0.3735 0.304, -0.1417 0.3725 0.2982, -0.1496 0.3768 0.3228, -0.1417 0.3768 0.3228, -0.3307 0.3725 0.2982, -0.378 0.3725 0.2982, -0.2126 0.3768 0.3228, -0.2047 0.3768 0.3228, -0.2047 0.378 0.3297, -0.1496 0.378 0.3297, -0.2598 0.3735 0.304, -0.2598 0.3768 0.3228, -0.2677 0.3768 0.3228, -0.3307 0.3768 0.3228, -0.3228 0.3768 0.3228, -0.3228 0.378 0.3297, -0.2677 0.378 0.3297, -0.4488 0.3768 0.3228, -0.4488 0.3735 0.304, -0.4409 0.3768 0.3228, -0.3858 0.3768 0.3228, -0.4409 0.378 0.3297, -0.3858 0.378 0.3297, -0.5669 0.3725 0.2982, -0.6142 0.3725 0.2982, -0.378 0.3768 0.3228, -0.4961 0.3735 0.304, -0.4961 0.3768 0.3228, -0.5039 0.3768 0.3228, -0.5669 0.3768 0.3228, -0.5591 0.3768 0.3228, -0.5591 0.378 0.3297, -0.5039 0.378 0.3297, -0.685 0.3768 0.3228, -0.685 0.3735 0.304, -0.6772 0.3768 0.3228, -0.622 0.3768 0.3228, -0.6772 0.378 0.3297, -0.622 0.378 0.3297, -0.8031 0.3725 0.2982, -0.8504 0.3725 0.2982, -0.6142 0.3768 0.3228, -0.7323 0.3735 0.304, -0.7323 0.3768 0.3228, -0.7402 0.3768 0.3228, -0.8031 0.3768 0.3228, -0.7953 0.3768 0.3228, -0.7953 0.378 0.3297, -0.7402 0.378 0.3297, -0.9213 0.3768 0.3228, -0.9213 0.3735 0.304, -0.9134 0.3768 0.3228, -0.8583 0.3768 0.3228, -0.9134 0.378 0.3297, -0.8583 0.378 0.3297, -1.0394 0.3725 0.2982, -1.0866 0.3725 0.2982, -0.8504 0.3768 0.3228, -0.9685 0.3735 0.304, -0.9685 0.3768 0.3228, -0.9764 0.3768 0.3228, -1.0394 0.3768 0.3228, -1.0315 0.3768 0.3228, -1.0315 0.378 0.3297, -0.9764 0.378 0.3297, -1.1575 0.3768 0.3228, -1.1575 0.3735 0.304, -1.1496 0.3768 0.3228, -1.0945 0.3768 0.3228, -1.1496 0.378 0.3297, -1.0945 0.378 0.3297, -1.2756 0.3725 0.2982, -1.3228 0.3725 0.2982, -1.0866 0.3768 0.3228, -1.2047 0.3735 0.304, -1.2047 0.3768 0.3228, -1.2126 0.3768 0.3228, -1.2756 0.3768 0.3228, -1.2677 0.3768 0.3228, -1.2677 0.378 0.3297, -1.2126 0.378 0.3297, -1.563 0.378 0.3297, -1.563 0.3699 0.2836, -1.3307 0.378 0.3297, -1.4567 0.3699 0.2836, -1.3307 0.3768 0.3228, -1.3228 0.3768 0.3228
            ]
        }
        coordIndex [
            0,1,2,-1,3,4,5,-1,6,7,8,-1,9,10,11,-1,12,13,14,-1,15,16,17,-1,18,19,20,-1,21,22,23,-1,24,25,26,-1,27,28,29,-1,30,31,32,-1,33,34,35,-1,36,37,38,-1,39,40,41,-1,42,43,44,-1,45,46,47,-1,47,46,48,-1,49,50,51,-1,52,53,54,-1,54,53,55,-1,56,57,58,-1,59,60,61,-1,61,60,62,-1,63,64,65,-1,66,67,68,-1,69,70,71,-1,72,73,71,-1,71,73,74,-1,71,74,69,-1,69,74,75,-1,76,77,78,-1,68,76,66,-1,66,76,78,-1,66,78,79,-1,79,78,80,-1,80,81,82,-1,83,84,85,-1,82,86,80,-1,80,86,83,-1,80,83,79,-1,79,83,87,-1,69,87,70,-1,70,87,83,-1,70,83,88,-1,88,83,85,-1,88,85,65,-1,65,85,89,-1,65,89,63,-1,90,91,92,-1,58,90,56,-1,56,90,92,-1,56,92,93,-1,94,95,82,-1,92,94,93,-1,93,94,82,-1,93,82,96,-1,96,82,81,-1,96,81,61,-1,61,81,97,-1,61,97,59,-1,59,97,98,-1,99,100,101,-1,51,99,49,-1,49,99,101,-1,49,101,102,-1,102,101,103,-1,104,105,106,-1,106,105,107,-1,106,107,47,-1,47,107,108,-1,47,108,45,-1,45,108,109,-1,110,111,112,-1,113,52,114,-1,114,52,54,-1,114,54,95,-1,95,54,115,-1,95,115,82,-1,82,115,102,-1,82,102,105,-1,105,102,103,-1,105,103,107,-1,116,117,41,-1,39,41,118,-1,118,41,117,-1,118,117,119,-1,120,121,105,-1,41,120,116,-1,116,120,105,-1,116,105,122,-1,122,105,104,-1,122,104,112,-1,112,104,42,-1,112,42,110,-1,110,42,44,-1,123,124,125,-1,126,127,35,-1,33,35,128,-1,128,35,127,-1,128,127,129,-1,130,131,105,-1,35,130,126,-1,126,130,105,-1,126,105,132,-1,132,105,121,-1,132,121,125,-1,125,121,36,-1,125,36,123,-1,123,36,38,-1,133,134,135,-1,136,137,29,-1,27,29,138,-1,138,29,137,-1,138,137,139,-1,140,141,105,-1,29,140,136,-1,136,140,105,-1,136,105,142,-1,142,105,131,-1,142,131,135,-1,135,131,30,-1,135,30,133,-1,133,30,32,-1,143,144,145,-1,146,147,23,-1,21,23,148,-1,148,23,147,-1,148,147,149,-1,150,151,105,-1,23,150,146,-1,146,150,105,-1,146,105,152,-1,152,105,141,-1,152,141,145,-1,145,141,24,-1,145,24,143,-1,143,24,26,-1,153,154,155,-1,156,157,17,-1,15,17,158,-1,158,17,157,-1,158,157,159,-1,160,161,105,-1,17,160,156,-1,156,160,105,-1,156,105,162,-1,162,105,151,-1,162,151,155,-1,155,151,18,-1,155,18,153,-1,153,18,20,-1,163,164,165,-1,166,167,11,-1,9,11,168,-1,168,11,167,-1,168,167,169,-1,170,171,105,-1,11,170,166,-1,166,170,105,-1,166,105,172,-1,172,105,161,-1,172,161,165,-1,165,161,12,-1,165,12,163,-1,163,12,14,-1,173,174,175,-1,176,177,5,-1,3,5,178,-1,178,5,177,-1,178,177,179,-1,180,181,105,-1,5,180,176,-1,176,180,105,-1,176,105,182,-1,182,105,171,-1,182,171,175,-1,175,171,6,-1,175,6,173,-1,173,6,8,-1,183,184,185,-1,186,187,105,-1,188,189,190,-1,190,189,191,-1,190,191,192,-1,191,186,192,-1,192,186,105,-1,192,105,193,-1,193,105,181,-1,193,181,185,-1,185,181,0,-1,185,0,183,-1,183,0,2,-1,194,195,196,-1,197,198,199,-1,199,198,200,-1,199,201,202,-1,202,203,204,-1,205,206,207,-1,208,200,209,-1,209,200,198,-1,209,198,210,-1,210,198,211,-1,210,211,212,-1,212,211,213,-1,214,215,216,-1,217,218,219,-1,219,218,220,-1,219,220,221,-1,221,220,222,-1,196,223,218,-1,218,223,224,-1,218,224,220,-1,225,226,227,-1,228,229,230,-1,231,232,207,-1,207,232,214,-1,207,214,205,-1,205,214,216,-1,205,216,233,-1,234,230,235,-1,235,230,229,-1,235,229,236,-1,236,229,237,-1,238,239,240,-1,240,241,242,-1,243,244,245,-1,230,238,197,-1,246,247,248,-1,249,250,251,-1,251,250,252,-1,251,252,253,-1,253,252,254,-1,204,194,202,-1,202,194,196,-1,202,196,199,-1,199,196,218,-1,199,218,197,-1,197,218,205,-1,197,205,230,-1,230,205,233,-1,230,233,228,-1,227,255,250,-1,250,255,256,-1,250,256,252,-1,257,258,259,-1,260,261,262,-1,263,264,245,-1,245,264,246,-1,245,246,243,-1,243,246,248,-1,243,248,265,-1,262,266,197,-1,267,262,268,-1,268,262,261,-1,268,261,269,-1,269,261,270,-1,266,271,272,-1,272,273,274,-1,275,276,277,-1,259,278,279,-1,279,278,280,-1,279,280,281,-1,282,197,279,-1,279,197,266,-1,279,266,259,-1,259,266,272,-1,259,272,257,-1,257,272,274,-1,283,279,284,-1,284,279,281,-1,284,281,285,-1,285,281,286,-1,242,225,240,-1,240,225,227,-1,240,227,238,-1,238,227,250,-1,238,250,197,-1,197,250,243,-1,197,243,262,-1,262,243,265,-1,262,265,260,-1,282,287,288,-1,288,289,290,-1,277,291,292,-1,292,291,293,-1,292,293,294,-1,295,292,296,-1,296,292,294,-1,296,294,297,-1,297,294,298,-1,299,300,301,-1,301,300,302,-1,303,304,197,-1,305,299,306,-1,306,299,301,-1,306,301,307,-1,307,301,308,-1,309,310,303,-1,303,310,311,-1,290,275,288,-1,288,275,277,-1,288,277,282,-1,282,277,292,-1,282,292,197,-1,197,292,300,-1,197,300,303,-1,303,300,299,-1,303,299,309,-1,312,303,313,-1,313,303,311,-1,313,311,314,-1,314,311,315,-1,316,317,318,-1,318,317,319,-1,318,319,320,-1,320,319,321,-1,322,323,197,-1,324,319,304,-1,304,319,317,-1,304,317,197,-1,197,317,325,-1,197,325,322,-1,322,325,326,-1,322,326,327,-1,328,322,329,-1,329,322,327,-1,329,327,330,-1,330,327,331,-1,332,333,334,-1,334,333,335,-1,334,335,336,-1,336,335,337,-1,338,339,197,-1,340,335,323,-1,323,335,333,-1,323,333,197,-1,197,333,341,-1,197,341,338,-1,338,341,342,-1,338,342,343,-1,344,338,345,-1,345,338,343,-1,345,343,346,-1,346,343,347,-1,348,349,350,-1,350,349,351,-1,350,351,352,-1,352,351,353,-1,354,355,197,-1,356,351,339,-1,339,351,349,-1,339,349,197,-1,197,349,357,-1,197,357,354,-1,354,357,358,-1,354,358,359,-1,360,354,361,-1,361,354,359,-1,361,359,362,-1,362,359,363,-1,364,365,366,-1,366,365,367,-1,366,367,368,-1,368,367,369,-1,370,371,197,-1,372,367,355,-1,355,367,365,-1,355,365,197,-1,197,365,373,-1,197,373,370,-1,370,373,374,-1,370,374,375,-1,376,370,377,-1,377,370,375,-1,377,375,378,-1,378,375,379,-1,380,381,382,-1,382,381,383,-1,382,383,384,-1,384,383,197,-1,384,197,385,-1,385,197,371,-1,
        ]
    }
}
Shape{
    appearance Appearance {
        material  Material 	{
            diffuseColor 0.5882352941176471 0.5725490196078431 0.5254901960784314
            specularColor 0.043137254901960784 0.0392156862745098 0.0392156862745098
            ambientIntensity 0.8167
            transparency 0.0
            shininess 0.5
        }
    }
    geometry IndexedFaceSet {
        ccw TRUE
        solid FALSE
        coord DEF co Coordinate {
            point [
                -1.1575 0.4052 0.1693, -1.0866 0.4052 0.1693, -1.0866 0.3911 0.1711, -1.1575 0.3911 0.1711, -1.0866 0.378 0.1764, -1.1575 0.378 0.1764, -1.0866 0.3667 0.1849, -1.1575 0.3667 0.1849, -1.1575 0.3614 0.1909, -1.0866 0.3579 0.196, -1.2047 0.3614 0.1909, -1.2756 0.3579 0.196, -1.2047 0.3667 0.1849, -1.2756 0.3667 0.1849, -1.2756 0.378 0.1764, -1.2047 0.378 0.1764, -1.2756 0.3911 0.1711, -1.2047 0.3911 0.1711, -1.2756 0.4052 0.1693, -1.2047 0.4052 0.1693, -1.2047 0.4255 0.1909, -1.2047 0.4217 0.1693, -1.2126 0.4217 0.1693, -1.1575 0.4436 0.2934, -1.1575 0.4488 0.3228, -1.1496 0.4488 0.3228, -1.2126 0.4488 0.3228, -1.2047 0.4488 0.3228, -1.2047 0.4436 0.2934, -1.1496 0.4217 0.1693, -1.1575 0.4217 0.1693, -1.1575 0.4255 0.1909
            ]
        }
        coordIndex [
            0,1,2,-1,0,2,3,-1,3,2,4,-1,3,4,5,-1,5,4,6,-1,5,6,7,-1,7,6,8,-1,8,6,9,-1,8,9,10,-1,10,9,11,-1,10,11,12,-1,11,13,12,-1,12,13,14,-1,12,14,15,-1,15,14,16,-1,15,16,17,-1,17,16,18,-1,17,18,19,-1,20,21,22,-1,23,24,25,-1,26,27,28,-1,29,30,31,-1,22,26,20,-1,20,26,28,-1,20,28,31,-1,31,28,23,-1,31,23,29,-1,29,23,25,-1,
        ]
    }
}
Shape{
    appearance Appearance {
        material  Material 	{
            diffuseColor 0.20784313725490197 0.20784313725490197 0.20784313725490197
            specularColor 0.01568627450980392 0.01568627450980392 0.01568627450980392
            ambientIntensity 0.298
            transparency 0.0
            shininess 0.5
        }
    }
    geometry IndexedFaceSet {
        ccw TRUE
        solid FALSE
        coord DEF co Coordinate {
            point [
                -1.2126 0.4488 0.3228, -1.2126 0.3768 0.3228, -1.2047 0.4488 0.3228, -1.2047 0.3768 0.3228
            ]
        }
        coordIndex [
            0,1,2,-1,2,1,3,-1,
        ]
    }
}
Shape{
    appearance Appearance {
        material  Material 	{
            diffuseColor 0.5882352941176471 0.5725490196078431 0.5254901960784314
            specularColor 0.043137254901960784 0.0392156862745098 0.0392156862745098
            ambientIntensity 0.8167
            transparency 0.0
            shininess 0.5
        }
    }
    geometry IndexedFaceSet {
        ccw TRUE
        solid FALSE
        coord DEF co Coordinate {
            point [
                -1.2087 0.5548 0.0315, -1.2087 0.5548 0.063, -1.2047 0.5548 0.0315, -1.2047 0.5548 0.063, -1.2087 0.169 0.4055, -1.2047 0.169 0.3907, -1.2047 0.169 0.3307, -1.1575 0.169 0.3907, -1.1535 0.169 0.4055, -1.1575 0.169 0.3307, -1.1535 0.169 0.2953, -1.2087 0.169 0.2953, -1.1535 0.169 0.063, -1.1575 0.169 0.063, -1.1575 0.169 0.1181, -1.2047 0.169 0.063, -1.2087 0.169 0.063, -1.2047 0.169 0.1181, -1.2087 0.169 0.1969, -1.1535 0.169 0.1969, -1.2087 0.3422 0.063, -1.2047 0.3422 0.063, -1.2087 0.2359 0.063, -1.2047 0.2359 0.063, -1.2047 0.543 0.027, -1.1575 0.5548 0.0315, -1.1535 0.5548 0.0315, -1.1575 0.543 0.027, -1.1535 0.5036 0.0118, -1.2087 0.5036 0.0118, -1.2087 -0.5318 0.122, -1.2047 -0.585 0.122, -1.2047 -0.6047 0.122, -1.1575 -0.585 0.122, -1.1535 -0.5318 0.122, -1.1575 -0.6047 0.122, -1.1535 -0.6578 0.122, -1.2087 -0.6578 0.122, -1.2087 -0.3625 0.0945, -1.2717 -0.3625 0.0945, -1.2087 -0.3232 0.0945, -1.2717 -0.2838 0.0945, -1.2047 -0.3232 0.0945, -1.2047 -0.2838 0.0945, -1.1535 -0.3625 0.063, -1.1575 -0.3625 0.063, -1.1575 -0.6145 0.063, -1.2047 -0.3625 0.063, -1.2087 -0.3625 0.063, -1.2047 -0.6145 0.063, -1.2087 -0.6578 0.063, -1.1535 -0.6578 0.063, -1.0906 -0.2838 0.0945, -1.1575 -0.2838 0.0945, -1.0906 -0.2838 0.0591, -1.1575 -0.2838 0.063, -1.0906 -0.2838 0.0118, -1.2717 -0.2838 0.0118, -1.2047 -0.2838 0.063, -1.2717 -0.2838 0.0591, -0.9213 -0.3232 0.1102, -0.9213 -0.3232 0.0945, -0.9173 -0.3232 0.0945, -0.9724 -0.3232 0.1969, -0.9724 -0.3232 0.0945, -0.9685 -0.3232 0.1102, -0.9685 -0.3232 0.0945, -0.9173 -0.3232 0.1969, -0.9213 -0.3232 0.1969, -0.9213 -0.3232 0.1548, -0.9685 -0.3232 0.1969, -0.9685 -0.3232 0.1548, -0.9213 -0.3232 0.3307, -0.9173 -0.3232 0.315, -0.9173 -0.3232 0.4055, -0.9724 -0.3232 0.315, -0.9685 -0.3232 0.3307, -0.9724 -0.3232 0.4055, -0.9685 -0.3232 0.3937, -0.9213 -0.3232 0.3937, -0.9213 0.4052 0.1693, -0.8504 0.4052 0.1693, -0.8504 0.3911 0.1711, -0.9213 0.3911 0.1711, -0.8504 0.378 0.1764, -0.9213 0.378 0.1764, -0.8504 0.3667 0.1849, -0.9213 0.3667 0.1849, -0.9213 0.3614 0.1909, -0.8504 0.3579 0.196, -0.9685 0.3614 0.1909, -1.0394 0.3579 0.196, -0.9685 0.3667 0.1849, -1.0394 0.3667 0.1849, -1.0394 0.378 0.1764, -0.9685 0.378 0.1764, -1.0394 0.3911 0.1711, -0.9685 0.3911 0.1711, -1.0394 0.4052 0.1693, -0.9685 0.4052 0.1693, -0.9685 0.4255 0.1909, -0.9685 0.4217 0.1693, -0.9764 0.4217 0.1693, -0.9213 0.4436 0.2934, -0.9213 0.4488 0.3228, -0.9134 0.4488 0.3228, -0.9764 0.4488 0.3228, -0.9685 0.4488 0.3228, -0.9685 0.4436 0.2934, -0.9134 0.4217 0.1693, -0.9213 0.4217 0.1693, -0.9213 0.4255 0.1909
            ]
        }
        coordIndex [
            0,1,2,-1,2,1,3,-1,4,5,6,-1,5,4,7,-1,7,4,8,-1,7,8,9,-1,9,8,10,-1,9,10,6,-1,6,10,11,-1,6,11,4,-1,12,13,14,-1,15,16,17,-1,17,16,18,-1,17,18,14,-1,14,18,19,-1,14,19,12,-1,1,20,3,-1,3,20,21,-1,22,16,23,-1,23,16,15,-1,0,2,24,-1,25,26,27,-1,27,26,28,-1,27,28,24,-1,24,28,29,-1,24,29,0,-1,30,31,32,-1,31,30,33,-1,33,30,34,-1,33,34,35,-1,35,34,36,-1,35,36,32,-1,32,36,37,-1,32,37,30,-1,38,39,40,-1,40,39,41,-1,40,41,42,-1,42,41,43,-1,44,45,46,-1,47,48,49,-1,49,48,50,-1,49,50,46,-1,46,50,51,-1,46,51,44,-1,52,53,54,-1,54,53,55,-1,54,55,56,-1,56,55,57,-1,57,55,58,-1,57,58,59,-1,59,58,43,-1,59,43,41,-1,60,61,62,-1,63,64,65,-1,65,64,66,-1,67,68,69,-1,70,63,71,-1,71,63,65,-1,71,65,69,-1,69,65,60,-1,69,60,67,-1,67,60,62,-1,72,73,74,-1,73,72,75,-1,75,72,76,-1,75,76,77,-1,77,76,78,-1,77,78,74,-1,74,78,79,-1,74,79,72,-1,80,81,82,-1,80,82,83,-1,83,82,84,-1,83,84,85,-1,85,84,86,-1,85,86,87,-1,87,86,88,-1,88,86,89,-1,88,89,90,-1,90,89,91,-1,90,91,92,-1,91,93,92,-1,92,93,94,-1,92,94,95,-1,95,94,96,-1,95,96,97,-1,97,96,98,-1,97,98,99,-1,100,101,102,-1,103,104,105,-1,106,107,108,-1,109,110,111,-1,102,106,100,-1,100,106,108,-1,100,108,111,-1,111,108,103,-1,111,103,109,-1,109,103,105,-1,
        ]
    }
}
Shape{
    appearance Appearance {
        material  Material 	{
            diffuseColor 0.20784313725490197 0.20784313725490197 0.20784313725490197
            specularColor 0.01568627450980392 0.01568627450980392 0.01568627450980392
            ambientIntensity 0.298
            transparency 0.0
            shininess 0.5
        }
    }
    geometry IndexedFaceSet {
        ccw TRUE
        solid FALSE
        coord DEF co Coordinate {
            point [
                -0.9764 0.4488 0.3228, -0.9764 0.3768 0.3228, -0.9685 0.4488 0.3228, -0.9685 0.3768 0.3228
            ]
        }
        coordIndex [
            0,1,2,-1,2,1,3,-1,
        ]
    }
}
Shape{
    appearance Appearance {
        material  Material 	{
            diffuseColor 0.5882352941176471 0.5725490196078431 0.5254901960784314
            specularColor 0.043137254901960784 0.0392156862745098 0.0392156862745098
            ambientIntensity 0.8167
            transparency 0.0
            shininess 0.5
        }
    }
    geometry IndexedFaceSet {
        ccw TRUE
        solid FALSE
        coord DEF co Coordinate {
            point [
                -0.9724 0.5548 0.0315, -0.9724 0.5548 0.063, -0.9685 0.5548 0.0315, -0.9685 0.5548 0.063, -0.9724 0.169 0.4055, -0.9685 0.169 0.3907, -0.9685 0.169 0.3307, -0.9213 0.169 0.3907, -0.9173 0.169 0.4055, -0.9213 0.169 0.3307, -0.9173 0.169 0.2953, -0.9724 0.169 0.2953, -0.9173 0.169 0.063, -0.9213 0.169 0.063, -0.9213 0.169 0.1181, -0.9685 0.169 0.063, -0.9724 0.169 0.063, -0.9685 0.169 0.1181, -0.9724 0.169 0.1969, -0.9173 0.169 0.1969, -0.9724 0.3422 0.063, -0.9685 0.3422 0.063, -0.9724 0.2359 0.063, -0.9685 0.2359 0.063, -0.9685 0.543 0.027, -0.9213 0.5548 0.0315, -0.9173 0.5548 0.0315, -0.9213 0.543 0.027, -0.9173 0.5036 0.0118, -0.9724 0.5036 0.0118, -0.9724 -0.5318 0.122, -0.9685 -0.585 0.122, -0.9685 -0.6047 0.122, -0.9213 -0.585 0.122, -0.9173 -0.5318 0.122, -0.9213 -0.6047 0.122, -0.9173 -0.6578 0.122, -0.9724 -0.6578 0.122, -0.9724 -0.3625 0.0945, -1.0354 -0.3625 0.0945, -0.9724 -0.3232 0.0945, -1.0354 -0.2838 0.0945, -0.9685 -0.3232 0.0945, -0.9685 -0.2838 0.0945, -0.9173 -0.3625 0.063, -0.9213 -0.3625 0.063, -0.9213 -0.6145 0.063, -0.9685 -0.3625 0.063, -0.9724 -0.3625 0.063, -0.9685 -0.6145 0.063, -0.9724 -0.6578 0.063, -0.9173 -0.6578 0.063, -0.8543 -0.2838 0.0945, -0.9213 -0.2838 0.0945, -0.8543 -0.2838 0.0591, -0.9213 -0.2838 0.063, -0.8543 -0.2838 0.0118, -1.0354 -0.2838 0.0118, -0.9685 -0.2838 0.063, -1.0354 -0.2838 0.0591, -0.685 -0.3232 0.1102, -0.685 -0.3232 0.0945, -0.6811 -0.3232 0.0945, -0.7362 -0.3232 0.1969, -0.7362 -0.3232 0.0945, -0.7323 -0.3232 0.1102, -0.7323 -0.3232 0.0945, -0.6811 -0.3232 0.1969, -0.685 -0.3232 0.1969, -0.685 -0.3232 0.1548, -0.7323 -0.3232 0.1969, -0.7323 -0.3232 0.1548, -0.685 -0.3232 0.3307, -0.6811 -0.3232 0.315, -0.6811 -0.3232 0.4055, -0.7362 -0.3232 0.315, -0.7323 -0.3232 0.3307, -0.7362 -0.3232 0.4055, -0.7323 -0.3232 0.3937, -0.685 -0.3232 0.3937, -0.685 0.4052 0.1693, -0.6142 0.4052 0.1693, -0.6142 0.3911 0.1711, -0.685 0.3911 0.1711, -0.6142 0.378 0.1764, -0.685 0.378 0.1764, -0.6142 0.3667 0.1849, -0.685 0.3667 0.1849, -0.685 0.3614 0.1909, -0.6142 0.3579 0.196, -0.7323 0.3614 0.1909, -0.8031 0.3579 0.196, -0.7323 0.3667 0.1849, -0.8031 0.3667 0.1849, -0.8031 0.378 0.1764, -0.7323 0.378 0.1764, -0.8031 0.3911 0.1711, -0.7323 0.3911 0.1711, -0.8031 0.4052 0.1693, -0.7323 0.4052 0.1693, -0.7323 0.4255 0.1909, -0.7323 0.4217 0.1693, -0.7402 0.4217 0.1693, -0.685 0.4436 0.2934, -0.685 0.4488 0.3228, -0.6772 0.4488 0.3228, -0.7402 0.4488 0.3228, -0.7323 0.4488 0.3228, -0.7323 0.4436 0.2934, -0.6772 0.4217 0.1693, -0.685 0.4217 0.1693, -0.685 0.4255 0.1909
            ]
        }
        coordIndex [
            0,1,2,-1,2,1,3,-1,4,5,6,-1,5,4,7,-1,7,4,8,-1,7,8,9,-1,9,8,10,-1,9,10,6,-1,6,10,11,-1,6,11,4,-1,12,13,14,-1,15,16,17,-1,17,16,18,-1,17,18,14,-1,14,18,19,-1,14,19,12,-1,1,20,3,-1,3,20,21,-1,22,16,23,-1,23,16,15,-1,0,2,24,-1,25,26,27,-1,27,26,28,-1,27,28,24,-1,24,28,29,-1,24,29,0,-1,30,31,32,-1,31,30,33,-1,33,30,34,-1,33,34,35,-1,35,34,36,-1,35,36,32,-1,32,36,37,-1,32,37,30,-1,38,39,40,-1,40,39,41,-1,40,41,42,-1,42,41,43,-1,44,45,46,-1,47,48,49,-1,49,48,50,-1,49,50,46,-1,46,50,51,-1,46,51,44,-1,52,53,54,-1,54,53,55,-1,54,55,56,-1,56,55,57,-1,57,55,58,-1,57,58,59,-1,59,58,43,-1,59,43,41,-1,60,61,62,-1,63,64,65,-1,65,64,66,-1,67,68,69,-1,70,63,71,-1,71,63,65,-1,71,65,69,-1,69,65,60,-1,69,60,67,-1,67,60,62,-1,72,73,74,-1,73,72,75,-1,75,72,76,-1,75,76,77,-1,77,76,78,-1,77,78,74,-1,74,78,79,-1,74,79,72,-1,80,81,82,-1,80,82,83,-1,83,82,84,-1,83,84,85,-1,85,84,86,-1,85,86,87,-1,87,86,88,-1,88,86,89,-1,88,89,90,-1,90,89,91,-1,90,91,92,-1,91,93,92,-1,92,93,94,-1,92,94,95,-1,95,94,96,-1,95,96,97,-1,97,96,98,-1,97,98,99,-1,100,101,102,-1,103,104,105,-1,106,107,108,-1,109,110,111,-1,102,106,100,-1,100,106,108,-1,100,108,111,-1,111,108,103,-1,111,103,109,-1,109,103,105,-1,
        ]
    }
}
Shape{
    appearance Appearance {
        material  Material 	{
            diffuseColor 0.20784313725490197 0.20784313725490197 0.20784313725490197
            specularColor 0.01568627450980392 0.01568627450980392 0.01568627450980392
            ambientIntensity 0.298
            transparency 0.0
            shininess 0.5
        }
    }
    geometry IndexedFaceSet {
        ccw TRUE
        solid FALSE
        coord DEF co Coordinate {
            point [
                -0.7402 0.4488 0.3228, -0.7402 0.3768 0.3228, -0.7323 0.4488 0.3228, -0.7323 0.3768 0.3228
            ]
        }
        coordIndex [
            0,1,2,-1,2,1,3,-1,
        ]
    }
}
Shape{
    appearance Appearance {
        material  Material 	{
            diffuseColor 0.5882352941176471 0.5725490196078431 0.5254901960784314
            specularColor 0.043137254901960784 0.0392156862745098 0.0392156862745098
            ambientIntensity 0.8167
            transparency 0.0
            shininess 0.5
        }
    }
    geometry IndexedFaceSet {
        ccw TRUE
        solid FALSE
        coord DEF co Coordinate {
            point [
                -0.7362 0.5548 0.0315, -0.7362 0.5548 0.063, -0.7323 0.5548 0.0315, -0.7323 0.5548 0.063, -0.7362 0.169 0.4055, -0.7323 0.169 0.3907, -0.7323 0.169 0.3307, -0.685 0.169 0.3907, -0.6811 0.169 0.4055, -0.685 0.169 0.3307, -0.6811 0.169 0.2953, -0.7362 0.169 0.2953, -0.6811 0.169 0.063, -0.685 0.169 0.063, -0.685 0.169 0.1181, -0.7323 0.169 0.063, -0.7362 0.169 0.063, -0.7323 0.169 0.1181, -0.7362 0.169 0.1969, -0.6811 0.169 0.1969, -0.7362 0.3422 0.063, -0.7323 0.3422 0.063, -0.7362 0.2359 0.063, -0.7323 0.2359 0.063, -0.7323 0.543 0.027, -0.685 0.5548 0.0315, -0.6811 0.5548 0.0315, -0.685 0.543 0.027, -0.6811 0.5036 0.0118, -0.7362 0.5036 0.0118, -0.685 -0.6047 0.122, -0.6811 -0.6578 0.122, -0.7323 -0.6047 0.122, -0.7362 -0.6578 0.122, -0.7323 -0.585 0.122, -0.7362 -0.5318 0.122, -0.685 -0.585 0.122, -0.6811 -0.5318 0.122, -0.7362 -0.3625 0.0945, -0.7992 -0.3625 0.0945, -0.7362 -0.3232 0.0945, -0.7992 -0.2838 0.0945, -0.7323 -0.3232 0.0945, -0.7323 -0.2838 0.0945, -0.6811 -0.3625 0.063, -0.685 -0.3625 0.063, -0.685 -0.6145 0.063, -0.7323 -0.3625 0.063, -0.7362 -0.3625 0.063, -0.7323 -0.6145 0.063, -0.7362 -0.6578 0.063, -0.6811 -0.6578 0.063, -0.6181 -0.2838 0.0945, -0.685 -0.2838 0.0945, -0.6181 -0.2838 0.0591, -0.685 -0.2838 0.063, -0.6181 -0.2838 0.0118, -0.7992 -0.2838 0.0118, -0.7323 -0.2838 0.063, -0.7992 -0.2838 0.0591, -0.4488 -0.3232 0.1102, -0.4488 -0.3232 0.0945, -0.4449 -0.3232 0.0945, -0.5 -0.3232 0.1969, -0.5 -0.3232 0.0945, -0.4961 -0.3232 0.1102, -0.4961 -0.3232 0.0945, -0.4449 -0.3232 0.1969, -0.4488 -0.3232 0.1969, -0.4488 -0.3232 0.1548, -0.4961 -0.3232 0.1969, -0.4961 -0.3232 0.1548, -0.4488 -0.3232 0.3307, -0.4449 -0.3232 0.315, -0.4449 -0.3232 0.4055, -0.5 -0.3232 0.315, -0.4961 -0.3232 0.3307, -0.5 -0.3232 0.4055, -0.4961 -0.3232 0.3937, -0.4488 -0.3232 0.3937, -0.4488 0.4052 0.1693, -0.378 0.4052 0.1693, -0.378 0.3911 0.1711, -0.4488 0.3911 0.1711, -0.378 0.378 0.1764, -0.4488 0.378 0.1764, -0.378 0.3667 0.1849, -0.4488 0.3667 0.1849, -0.4488 0.3614 0.1909, -0.378 0.3579 0.196, -0.4961 0.3614 0.1909, -0.5669 0.3579 0.196, -0.4961 0.3667 0.1849, -0.5669 0.3667 0.1849, -0.5669 0.378 0.1764, -0.4961 0.378 0.1764, -0.5669 0.3911 0.1711, -0.4961 0.3911 0.1711, -0.5669 0.4052 0.1693, -0.4961 0.4052 0.1693, -0.4961 0.4255 0.1909, -0.4961 0.4217 0.1693, -0.5039 0.4217 0.1693, -0.4488 0.4436 0.2934, -0.4488 0.4488 0.3228, -0.4409 0.4488 0.3228, -0.5039 0.4488 0.3228, -0.4961 0.4488 0.3228, -0.4961 0.4436 0.2934, -0.4409 0.4217 0.1693, -0.4488 0.4217 0.1693, -0.4488 0.4255 0.1909
            ]
        }
        coordIndex [
            0,1,2,-1,2,1,3,-1,4,5,6,-1,5,4,7,-1,7,4,8,-1,7,8,9,-1,9,8,10,-1,9,10,6,-1,6,10,11,-1,6,11,4,-1,12,13,14,-1,15,16,17,-1,17,16,18,-1,17,18,14,-1,14,18,19,-1,14,19,12,-1,1,20,3,-1,3,20,21,-1,22,16,23,-1,23,16,15,-1,0,2,24,-1,25,26,27,-1,27,26,28,-1,27,28,24,-1,24,28,29,-1,24,29,0,-1,30,31,32,-1,32,31,33,-1,32,33,34,-1,34,33,35,-1,34,35,36,-1,36,35,37,-1,36,37,30,-1,30,37,31,-1,38,39,40,-1,40,39,41,-1,40,41,42,-1,42,41,43,-1,44,45,46,-1,47,48,49,-1,49,48,50,-1,49,50,46,-1,46,50,51,-1,46,51,44,-1,52,53,54,-1,54,53,55,-1,54,55,56,-1,56,55,57,-1,57,55,58,-1,57,58,59,-1,59,58,43,-1,59,43,41,-1,60,61,62,-1,63,64,65,-1,65,64,66,-1,67,68,69,-1,70,63,71,-1,71,63,65,-1,71,65,69,-1,69,65,60,-1,69,60,67,-1,67,60,62,-1,72,73,74,-1,73,72,75,-1,75,72,76,-1,75,76,77,-1,77,76,78,-1,77,78,74,-1,74,78,79,-1,74,79,72,-1,80,81,82,-1,80,82,83,-1,83,82,84,-1,83,84,85,-1,85,84,86,-1,85,86,87,-1,87,86,88,-1,88,86,89,-1,88,89,90,-1,90,89,91,-1,90,91,92,-1,91,93,92,-1,92,93,94,-1,92,94,95,-1,95,94,96,-1,95,96,97,-1,97,96,98,-1,97,98,99,-1,100,101,102,-1,103,104,105,-1,106,107,108,-1,109,110,111,-1,102,106,100,-1,100,106,108,-1,100,108,111,-1,111,108,103,-1,111,103,109,-1,109,103,105,-1,
        ]
    }
}
Shape{
    appearance Appearance {
        material  Material 	{
            diffuseColor 0.20784313725490197 0.20784313725490197 0.20784313725490197
            specularColor 0.01568627450980392 0.01568627450980392 0.01568627450980392
            ambientIntensity 0.298
            transparency 0.0
            shininess 0.5
        }
    }
    geometry IndexedFaceSet {
        ccw TRUE
        solid FALSE
        coord DEF co Coordinate {
            point [
                -0.5039 0.4488 0.3228, -0.5039 0.3768 0.3228, -0.4961 0.4488 0.3228, -0.4961 0.3768 0.3228
            ]
        }
        coordIndex [
            0,1,2,-1,2,1,3,-1,
        ]
    }
}
Shape{
    appearance Appearance {
        material  Material 	{
            diffuseColor 0.5882352941176471 0.5725490196078431 0.5254901960784314
            specularColor 0.043137254901960784 0.0392156862745098 0.0392156862745098
            ambientIntensity 0.8167
            transparency 0.0
            shininess 0.5
        }
    }
    geometry IndexedFaceSet {
        ccw TRUE
        solid FALSE
        coord DEF co Coordinate {
            point [
                -0.5 0.5548 0.0315, -0.5 0.5548 0.063, -0.4961 0.5548 0.0315, -0.4961 0.5548 0.063, -0.5 0.169 0.4055, -0.4961 0.169 0.3907, -0.4961 0.169 0.3307, -0.4488 0.169 0.3907, -0.4449 0.169 0.4055, -0.4488 0.169 0.3307, -0.4449 0.169 0.2953, -0.5 0.169 0.2953, -0.4449 0.169 0.063, -0.4488 0.169 0.063, -0.4488 0.169 0.1181, -0.4961 0.169 0.063, -0.5 0.169 0.063, -0.4961 0.169 0.1181, -0.5 0.169 0.1969, -0.4449 0.169 0.1969, -0.5 0.3422 0.063, -0.4961 0.3422 0.063, -0.5 0.2359 0.063, -0.4961 0.2359 0.063, -0.4961 0.543 0.027, -0.4488 0.5548 0.0315, -0.4449 0.5548 0.0315, -0.4488 0.543 0.027, -0.4449 0.5036 0.0118, -0.5 0.5036 0.0118, -0.4488 -0.585 0.122, -0.4449 -0.5318 0.122, -0.4449 -0.6578 0.122, -0.5 -0.5318 0.122, -0.4961 -0.585 0.122, -0.5 -0.6578 0.122, -0.4961 -0.6047 0.122, -0.4488 -0.6047 0.122, -0.5 -0.3625 0.0945, -0.563 -0.3625 0.0945, -0.5 -0.3232 0.0945, -0.563 -0.2838 0.0945, -0.4961 -0.3232 0.0945, -0.4961 -0.2838 0.0945, -0.4449 -0.3625 0.063, -0.4488 -0.3625 0.063, -0.4488 -0.6145 0.063, -0.4961 -0.3625 0.063, -0.5 -0.3625 0.063, -0.4961 -0.6145 0.063, -0.5 -0.6578 0.063, -0.4449 -0.6578 0.063, -0.3819 -0.2838 0.0945, -0.4488 -0.2838 0.0945, -0.3819 -0.2838 0.0591, -0.4488 -0.2838 0.063, -0.3819 -0.2838 0.0118, -0.563 -0.2838 0.0118, -0.4961 -0.2838 0.063, -0.563 -0.2838 0.0591, -0.2598 -0.3232 0.1548, -0.2598 -0.3232 0.1969, -0.2638 -0.3232 0.1969, -0.2126 -0.3232 0.1102, -0.2126 -0.3232 0.0945, -0.2087 -0.3232 0.0945, -0.2638 -0.3232 0.0945, -0.2598 -0.3232 0.0945, -0.2598 -0.3232 0.1102, -0.2087 -0.3232 0.1969, -0.2126 -0.3232 0.1969, -0.2126 -0.3232 0.1548, -0.2126 -0.3232 0.3307, -0.2087 -0.3232 0.315, -0.2087 -0.3232 0.4055, -0.2638 -0.3232 0.315, -0.2598 -0.3232 0.3307, -0.2638 -0.3232 0.4055, -0.2598 -0.3232 0.3937, -0.2126 -0.3232 0.3937, -0.2126 0.4052 0.1693, -0.1417 0.4052 0.1693, -0.1417 0.3911 0.1711, -0.2126 0.3911 0.1711, -0.1417 0.378 0.1764, -0.2126 0.378 0.1764, -0.1417 0.3667 0.1849, -0.2126 0.3667 0.1849, -0.2126 0.3614 0.1909, -0.1417 0.3579 0.196, -0.2598 0.3614 0.1909, -0.3307 0.3579 0.196, -0.2598 0.3667 0.1849, -0.3307 0.3667 0.1849, -0.3307 0.378 0.1764, -0.2598 0.378 0.1764, -0.3307 0.3911 0.1711, -0.2598 0.3911 0.1711, -0.3307 0.4052 0.1693, -0.2598 0.4052 0.1693, -0.2598 0.4255 0.1909, -0.2598 0.4217 0.1693, -0.2677 0.4217 0.1693, -0.2126 0.4436 0.2934, -0.2126 0.4488 0.3228, -0.2047 0.4488 0.3228, -0.2677 0.4488 0.3228, -0.2598 0.4488 0.3228, -0.2598 0.4436 0.2934, -0.2047 0.4217 0.1693, -0.2126 0.4217 0.1693, -0.2126 0.4255 0.1909
            ]
        }
        coordIndex [
            0,1,2,-1,2,1,3,-1,4,5,6,-1,5,4,7,-1,7,4,8,-1,7,8,9,-1,9,8,10,-1,9,10,6,-1,6,10,11,-1,6,11,4,-1,12,13,14,-1,15,16,17,-1,17,16,18,-1,17,18,14,-1,14,18,19,-1,14,19,12,-1,1,20,3,-1,3,20,21,-1,22,16,23,-1,23,16,15,-1,0,2,24,-1,25,26,27,-1,27,26,28,-1,27,28,24,-1,24,28,29,-1,24,29,0,-1,30,31,32,-1,31,30,33,-1,33,30,34,-1,33,34,35,-1,35,34,36,-1,35,36,32,-1,32,36,37,-1,32,37,30,-1,38,39,40,-1,40,39,41,-1,40,41,42,-1,42,41,43,-1,44,45,46,-1,47,48,49,-1,49,48,50,-1,49,50,46,-1,46,50,51,-1,46,51,44,-1,52,53,54,-1,54,53,55,-1,54,55,56,-1,56,55,57,-1,57,55,58,-1,57,58,59,-1,59,58,43,-1,59,43,41,-1,60,61,62,-1,63,64,65,-1,66,67,68,-1,69,70,71,-1,62,66,60,-1,60,66,68,-1,60,68,71,-1,71,68,63,-1,71,63,69,-1,69,63,65,-1,72,73,74,-1,73,72,75,-1,75,72,76,-1,75,76,77,-1,77,76,78,-1,77,78,74,-1,74,78,79,-1,74,79,72,-1,80,81,82,-1,80,82,83,-1,83,82,84,-1,83,84,85,-1,85,84,86,-1,85,86,87,-1,87,86,88,-1,88,86,89,-1,88,89,90,-1,90,89,91,-1,90,91,92,-1,91,93,92,-1,92,93,94,-1,92,94,95,-1,95,94,96,-1,95,96,97,-1,97,96,98,-1,97,98,99,-1,100,101,102,-1,103,104,105,-1,106,107,108,-1,109,110,111,-1,102,106,100,-1,100,106,108,-1,100,108,111,-1,111,108,103,-1,111,103,109,-1,109,103,105,-1,
        ]
    }
}
Shape{
    appearance Appearance {
        material  Material 	{
            diffuseColor 0.20784313725490197 0.20784313725490197 0.20784313725490197
            specularColor 0.01568627450980392 0.01568627450980392 0.01568627450980392
            ambientIntensity 0.298
            transparency 0.0
            shininess 0.5
        }
    }
    geometry IndexedFaceSet {
        ccw TRUE
        solid FALSE
        coord DEF co Coordinate {
            point [
                -0.2677 0.4488 0.3228, -0.2677 0.3768 0.3228, -0.2598 0.4488 0.3228, -0.2598 0.3768 0.3228
            ]
        }
        coordIndex [
            0,1,2,-1,2,1,3,-1,
        ]
    }
}
Shape{
    appearance Appearance {
        material  Material 	{
            diffuseColor 0.5882352941176471 0.5725490196078431 0.5254901960784314
            specularColor 0.043137254901960784 0.0392156862745098 0.0392156862745098
            ambientIntensity 0.8167
            transparency 0.0
            shininess 0.5
        }
    }
    geometry IndexedFaceSet {
        ccw TRUE
        solid FALSE
        coord DEF co Coordinate {
            point [
                -0.2638 0.5548 0.0315, -0.2638 0.5548 0.063, -0.2598 0.5548 0.0315, -0.2598 0.5548 0.063, -0.2638 0.169 0.4055, -0.2598 0.169 0.3907, -0.2598 0.169 0.3307, -0.2126 0.169 0.3907, -0.2087 0.169 0.4055, -0.2126 0.169 0.3307, -0.2087 0.169 0.2953, -0.2638 0.169 0.2953, -0.2087 0.169 0.063, -0.2126 0.169 0.063, -0.2126 0.169 0.1181, -0.2598 0.169 0.063, -0.2638 0.169 0.063, -0.2598 0.169 0.1181, -0.2638 0.169 0.1969, -0.2087 0.169 0.1969, -0.2638 0.3422 0.063, -0.2598 0.3422 0.063, -0.2638 0.2359 0.063, -0.2598 0.2359 0.063, -0.2598 0.543 0.027, -0.2126 0.5548 0.0315, -0.2087 0.5548 0.0315, -0.2126 0.543 0.027, -0.2087 0.5036 0.0118, -0.2638 0.5036 0.0118, -0.2126 -0.585 0.122, -0.2087 -0.5318 0.122, -0.2087 -0.6578 0.122, -0.2638 -0.5318 0.122, -0.2598 -0.585 0.122, -0.2638 -0.6578 0.122, -0.2598 -0.6047 0.122, -0.2126 -0.6047 0.122, -0.2638 -0.3625 0.0945, -0.3268 -0.3625 0.0945, -0.2638 -0.3232 0.0945, -0.3268 -0.2838 0.0945, -0.2598 -0.3232 0.0945, -0.2598 -0.2838 0.0945, -0.2087 -0.3625 0.063, -0.2126 -0.3625 0.063, -0.2126 -0.6145 0.063, -0.2598 -0.3625 0.063, -0.2638 -0.3625 0.063, -0.2598 -0.6145 0.063, -0.2638 -0.6578 0.063, -0.2087 -0.6578 0.063, -0.1457 -0.2838 0.0945, -0.2126 -0.2838 0.0945, -0.1457 -0.2838 0.0591, -0.2126 -0.2838 0.063, -0.1457 -0.2838 0.0118, -0.3268 -0.2838 0.0118, -0.2598 -0.2838 0.063, -0.3268 -0.2838 0.0591, -0.0236 -0.3232 0.1548, -0.0236 -0.3232 0.1969, -0.0276 -0.3232 0.1969, 0.0236 -0.3232 0.1102, 0.0236 -0.3232 0.0945, 0.0276 -0.3232 0.0945, -0.0276 -0.3232 0.0945, -0.0236 -0.3232 0.0945, -0.0236 -0.3232 0.1102, 0.0276 -0.3232 0.1969, 0.0236 -0.3232 0.1969, 0.0236 -0.3232 0.1548, 0.0236 -0.3232 0.3307, 0.0276 -0.3232 0.315, 0.0276 -0.3232 0.4055, -0.0276 -0.3232 0.315, -0.0236 -0.3232 0.3307, -0.0276 -0.3232 0.4055, -0.0236 -0.3232 0.3937, 0.0236 -0.3232 0.3937, 0.0236 0.4052 0.1693, 0.0945 0.4052 0.1693, 0.0945 0.3911 0.1711, 0.0236 0.3911 0.1711, 0.0945 0.378 0.1764, 0.0236 0.378 0.1764, 0.0945 0.3667 0.1849, 0.0236 0.3667 0.1849, 0.0236 0.3614 0.1909, 0.0945 0.3579 0.196, -0.0236 0.3614 0.1909, -0.0945 0.3579 0.196, -0.0236 0.3667 0.1849, -0.0945 0.3667 0.1849, -0.0945 0.378 0.1764, -0.0236 0.378 0.1764, -0.0945 0.3911 0.1711, -0.0236 0.3911 0.1711, -0.0945 0.4052 0.1693, -0.0236 0.4052 0.1693, -0.0236 0.4255 0.1909, -0.0236 0.4217 0.1693, -0.0315 0.4217 0.1693, 0.0236 0.4436 0.2934, 0.0236 0.4488 0.3228, 0.0315 0.4488 0.3228, -0.0315 0.4488 0.3228, -0.0236 0.4488 0.3228, -0.0236 0.4436 0.2934, 0.0315 0.4217 0.1693, 0.0236 0.4217 0.1693, 0.0236 0.4255 0.1909
            ]
        }
        coordIndex [
            0,1,2,-1,2,1,3,-1,4,5,6,-1,5,4,7,-1,7,4,8,-1,7,8,9,-1,9,8,10,-1,9,10,6,-1,6,10,11,-1,6,11,4,-1,12,13,14,-1,15,16,17,-1,17,16,18,-1,17,18,14,-1,14,18,19,-1,14,19,12,-1,1,20,3,-1,3,20,21,-1,22,16,23,-1,23,16,15,-1,0,2,24,-1,25,26,27,-1,27,26,28,-1,27,28,24,-1,24,28,29,-1,24,29,0,-1,30,31,32,-1,31,30,33,-1,33,30,34,-1,33,34,35,-1,35,34,36,-1,35,36,32,-1,32,36,37,-1,32,37,30,-1,38,39,40,-1,40,39,41,-1,40,41,42,-1,42,41,43,-1,44,45,46,-1,47,48,49,-1,49,48,50,-1,49,50,46,-1,46,50,51,-1,46,51,44,-1,52,53,54,-1,54,53,55,-1,54,55,56,-1,56,55,57,-1,57,55,58,-1,57,58,59,-1,59,58,43,-1,59,43,41,-1,60,61,62,-1,63,64,65,-1,66,67,68,-1,69,70,71,-1,62,66,60,-1,60,66,68,-1,60,68,71,-1,71,68,63,-1,71,63,69,-1,69,63,65,-1,72,73,74,-1,73,72,75,-1,75,72,76,-1,75,76,77,-1,77,76,78,-1,77,78,74,-1,74,78,79,-1,74,79,72,-1,80,81,82,-1,80,82,83,-1,83,82,84,-1,83,84,85,-1,85,84,86,-1,85,86,87,-1,87,86,88,-1,88,86,89,-1,88,89,90,-1,90,89,91,-1,90,91,92,-1,91,93,92,-1,92,93,94,-1,92,94,95,-1,95,94,96,-1,95,96,97,-1,97,96,98,-1,97,98,99,-1,100,101,102,-1,103,104,105,-1,106,107,108,-1,109,110,111,-1,102,106,100,-1,100,106,108,-1,100,108,111,-1,111,108,103,-1,111,103,109,-1,109,103,105,-1,
        ]
    }
}
Shape{
    appearance Appearance {
        material  Material 	{
            diffuseColor 0.20784313725490197 0.20784313725490197 0.20784313725490197
            specularColor 0.01568627450980392 0.01568627450980392 0.01568627450980392
            ambientIntensity 0.298
            transparency 0.0
            shininess 0.5
        }
    }
    geometry IndexedFaceSet {
        ccw TRUE
        solid FALSE
        coord DEF co Coordinate {
            point [
                -0.0315 0.4488 0.3228, -0.0315 0.3768 0.3228, -0.0236 0.4488 0.3228, -0.0236 0.3768 0.3228
            ]
        }
        coordIndex [
            0,1,2,-1,2,1,3,-1,
        ]
    }
}
Shape{
    appearance Appearance {
        material  Material 	{
            diffuseColor 0.5882352941176471 0.5725490196078431 0.5254901960784314
            specularColor 0.043137254901960784 0.0392156862745098 0.0392156862745098
            ambientIntensity 0.8167
            transparency 0.0
            shininess 0.5
        }
    }
    geometry IndexedFaceSet {
        ccw TRUE
        solid FALSE
        coord DEF co Coordinate {
            point [
                -0.0276 0.5548 0.0315, -0.0276 0.5548 0.063, -0.0236 0.5548 0.0315, -0.0236 0.5548 0.063, -0.0276 0.169 0.4055, -0.0236 0.169 0.3907, -0.0236 0.169 0.3307, 0.0236 0.169 0.3907, 0.0276 0.169 0.4055, 0.0236 0.169 0.3307, 0.0276 0.169 0.2953, -0.0276 0.169 0.2953, 0.0276 0.169 0.063, 0.0236 0.169 0.063, 0.0236 0.169 0.1181, -0.0236 0.169 0.063, -0.0276 0.169 0.063, -0.0236 0.169 0.1181, -0.0276 0.169 0.1969, 0.0276 0.169 0.1969, -0.0276 0.3422 0.063, -0.0236 0.3422 0.063, -0.0276 0.2359 0.063, -0.0236 0.2359 0.063, -0.0236 0.543 0.027, 0.0236 0.5548 0.0315, 0.0276 0.5548 0.0315, 0.0236 0.543 0.027, 0.0276 0.5036 0.0118, -0.0276 0.5036 0.0118, 0.0236 -0.585 0.122, 0.0276 -0.5318 0.122, 0.0276 -0.6578 0.122, -0.0276 -0.5318 0.122, -0.0236 -0.585 0.122, -0.0276 -0.6578 0.122, -0.0236 -0.6047 0.122, 0.0236 -0.6047 0.122, -0.0276 -0.3625 0.0945, -0.0906 -0.3625 0.0945, -0.0276 -0.3232 0.0945, -0.0906 -0.2838 0.0945, -0.0236 -0.3232 0.0945, -0.0236 -0.2838 0.0945, 0.0276 -0.3625 0.063, 0.0236 -0.3625 0.063, 0.0236 -0.6145 0.063, -0.0236 -0.3625 0.063, -0.0276 -0.3625 0.063, -0.0236 -0.6145 0.063, -0.0276 -0.6578 0.063, 0.0276 -0.6578 0.063, 0.0906 -0.2838 0.0945, 0.0236 -0.2838 0.0945, 0.0906 -0.2838 0.0591, 0.0236 -0.2838 0.063, 0.0906 -0.2838 0.0118, -0.0906 -0.2838 0.0118, -0.0236 -0.2838 0.063, -0.0906 -0.2838 0.0591, 0.2598 -0.3232 0.1102, 0.2598 -0.3232 0.0945, 0.2638 -0.3232 0.0945, 0.2087 -0.3232 0.1969, 0.2087 -0.3232 0.0945, 0.2126 -0.3232 0.1102, 0.2126 -0.3232 0.0945, 0.2638 -0.3232 0.1969, 0.2598 -0.3232 0.1969, 0.2598 -0.3232 0.1548, 0.2126 -0.3232 0.1969, 0.2126 -0.3232 0.1548, 0.2598 -0.3232 0.3307, 0.2638 -0.3232 0.315, 0.2638 -0.3232 0.4055, 0.2087 -0.3232 0.315, 0.2126 -0.3232 0.3307, 0.2087 -0.3232 0.4055, 0.2126 -0.3232 0.3937, 0.2598 -0.3232 0.3937, 0.2598 0.4052 0.1693, 0.3307 0.4052 0.1693, 0.3307 0.3911 0.1711, 0.2598 0.3911 0.1711, 0.3307 0.378 0.1764, 0.2598 0.378 0.1764, 0.3307 0.3667 0.1849, 0.2598 0.3667 0.1849, 0.2598 0.3614 0.1909, 0.3307 0.3579 0.196, 0.2126 0.3614 0.1909, 0.1417 0.3579 0.196, 0.2126 0.3667 0.1849, 0.1417 0.3667 0.1849, 0.1417 0.378 0.1764, 0.2126 0.378 0.1764, 0.1417 0.3911 0.1711, 0.2126 0.3911 0.1711, 0.1417 0.4052 0.1693, 0.2126 0.4052 0.1693, 0.2126 0.4255 0.1909, 0.2126 0.4217 0.1693, 0.2047 0.4217 0.1693, 0.2598 0.4436 0.2934, 0.2598 0.4488 0.3228, 0.2677 0.4488 0.3228, 0.2047 0.4488 0.3228, 0.2126 0.4488 0.3228, 0.2126 0.4436 0.2934, 0.2677 0.4217 0.1693, 0.2598 0.4217 0.1693, 0.2598 0.4255 0.1909
            ]
        }
        coordIndex [
            0,1,2,-1,2,1,3,-1,4,5,6,-1,5,4,7,-1,7,4,8,-1,7,8,9,-1,9,8,10,-1,9,10,6,-1,6,10,11,-1,6,11,4,-1,12,13,14,-1,15,16,17,-1,17,16,18,-1,17,18,14,-1,14,18,19,-1,14,19,12,-1,1,20,3,-1,3,20,21,-1,22,16,23,-1,23,16,15,-1,0,2,24,-1,25,26,27,-1,27,26,28,-1,27,28,24,-1,24,28,29,-1,24,29,0,-1,30,31,32,-1,31,30,33,-1,33,30,34,-1,33,34,35,-1,35,34,36,-1,35,36,32,-1,32,36,37,-1,32,37,30,-1,38,39,40,-1,40,39,41,-1,40,41,42,-1,42,41,43,-1,44,45,46,-1,47,48,49,-1,49,48,50,-1,49,50,46,-1,46,50,51,-1,46,51,44,-1,52,53,54,-1,54,53,55,-1,54,55,56,-1,56,55,57,-1,57,55,58,-1,57,58,59,-1,59,58,43,-1,59,43,41,-1,60,61,62,-1,63,64,65,-1,65,64,66,-1,67,68,69,-1,70,63,71,-1,71,63,65,-1,71,65,69,-1,69,65,60,-1,69,60,67,-1,67,60,62,-1,72,73,74,-1,73,72,75,-1,75,72,76,-1,75,76,77,-1,77,76,78,-1,77,78,74,-1,74,78,79,-1,74,79,72,-1,80,81,82,-1,80,82,83,-1,83,82,84,-1,83,84,85,-1,85,84,86,-1,85,86,87,-1,87,86,88,-1,88,86,89,-1,88,89,90,-1,90,89,91,-1,90,91,92,-1,91,93,92,-1,92,93,94,-1,92,94,95,-1,95,94,96,-1,95,96,97,-1,97,96,98,-1,97,98,99,-1,100,101,102,-1,103,104,105,-1,106,107,108,-1,109,110,111,-1,102,106,100,-1,100,106,108,-1,100,108,111,-1,111,108,103,-1,111,103,109,-1,109,103,105,-1,
        ]
    }
}
Shape{
    appearance Appearance {
        material  Material 	{
            diffuseColor 0.20784313725490197 0.20784313725490197 0.20784313725490197
            specularColor 0.01568627450980392 0.01568627450980392 0.01568627450980392
            ambientIntensity 0.298
            transparency 0.0
            shininess 0.5
        }
    }
    geometry IndexedFaceSet {
        ccw TRUE
        solid FALSE
        coord DEF co Coordinate {
            point [
                0.2047 0.4488 0.3228, 0.2047 0.3768 0.3228, 0.2126 0.4488 0.3228, 0.2126 0.3768 0.3228
            ]
        }
        coordIndex [
            0,1,2,-1,2,1,3,-1,
        ]
    }
}
Shape{
    appearance Appearance {
        material  Material 	{
            diffuseColor 0.5882352941176471 0.5725490196078431 0.5254901960784314
            specularColor 0.043137254901960784 0.0392156862745098 0.0392156862745098
            ambientIntensity 0.8167
            transparency 0.0
            shininess 0.5
        }
    }
    geometry IndexedFaceSet {
        ccw TRUE
        solid FALSE
        coord DEF co Coordinate {
            point [
                0.2087 0.5548 0.0315, 0.2087 0.5548 0.063, 0.2126 0.5548 0.0315, 0.2126 0.5548 0.063, 0.2087 0.169 0.4055, 0.2126 0.169 0.3907, 0.2126 0.169 0.3307, 0.2598 0.169 0.3907, 0.2638 0.169 0.4055, 0.2598 0.169 0.3307, 0.2638 0.169 0.2953, 0.2087 0.169 0.2953, 0.2638 0.169 0.063, 0.2598 0.169 0.063, 0.2598 0.169 0.1181, 0.2126 0.169 0.063, 0.2087 0.169 0.063, 0.2126 0.169 0.1181, 0.2087 0.169 0.1969, 0.2638 0.169 0.1969, 0.2087 0.3422 0.063, 0.2126 0.3422 0.063, 0.2087 0.2359 0.063, 0.2126 0.2359 0.063, 0.2126 0.543 0.027, 0.2598 0.5548 0.0315, 0.2638 0.5548 0.0315, 0.2598 0.543 0.027, 0.2638 0.5036 0.0118, 0.2087 0.5036 0.0118, 0.2598 -0.585 0.122, 0.2638 -0.5318 0.122, 0.2638 -0.6578 0.122, 0.2087 -0.5318 0.122, 0.2126 -0.585 0.122, 0.2087 -0.6578 0.122, 0.2126 -0.6047 0.122, 0.2598 -0.6047 0.122, 0.2087 -0.3625 0.0945, 0.1457 -0.3625 0.0945, 0.2087 -0.3232 0.0945, 0.1457 -0.2838 0.0945, 0.2126 -0.3232 0.0945, 0.2126 -0.2838 0.0945, 0.2638 -0.3625 0.063, 0.2598 -0.3625 0.063, 0.2598 -0.6145 0.063, 0.2126 -0.3625 0.063, 0.2087 -0.3625 0.063, 0.2126 -0.6145 0.063, 0.2087 -0.6578 0.063, 0.2638 -0.6578 0.063, 0.3268 -0.2838 0.0945, 0.2598 -0.2838 0.0945, 0.3268 -0.2838 0.0591, 0.2598 -0.2838 0.063, 0.3268 -0.2838 0.0118, 0.1457 -0.2838 0.0118, 0.2126 -0.2838 0.063, 0.1457 -0.2838 0.0591, 0.4488 -0.3232 0.1548, 0.4488 -0.3232 0.1969, 0.4449 -0.3232 0.1969, 0.4961 -0.3232 0.1102, 0.4961 -0.3232 0.0945, 0.5 -0.3232 0.0945, 0.4449 -0.3232 0.0945, 0.4488 -0.3232 0.0945, 0.4488 -0.3232 0.1102, 0.5 -0.3232 0.1969, 0.4961 -0.3232 0.1969, 0.4961 -0.3232 0.1548, 0.4961 -0.3232 0.3307, 0.5 -0.3232 0.315, 0.5 -0.3232 0.4055, 0.4449 -0.3232 0.315, 0.4488 -0.3232 0.3307, 0.4449 -0.3232 0.4055, 0.4488 -0.3232 0.3937, 0.4961 -0.3232 0.3937, 0.4961 0.4052 0.1693, 0.5669 0.4052 0.1693, 0.5669 0.3911 0.1711, 0.4961 0.3911 0.1711, 0.5669 0.378 0.1764, 0.4961 0.378 0.1764, 0.5669 0.3667 0.1849, 0.4961 0.3667 0.1849, 0.4961 0.3614 0.1909, 0.5669 0.3579 0.196, 0.4488 0.3614 0.1909, 0.378 0.3579 0.196, 0.4488 0.3667 0.1849, 0.378 0.3667 0.1849, 0.378 0.378 0.1764, 0.4488 0.378 0.1764, 0.378 0.3911 0.1711, 0.4488 0.3911 0.1711, 0.378 0.4052 0.1693, 0.4488 0.4052 0.1693, 0.4488 0.4255 0.1909, 0.4488 0.4217 0.1693, 0.4409 0.4217 0.1693, 0.4961 0.4436 0.2934, 0.4961 0.4488 0.3228, 0.5039 0.4488 0.3228, 0.4409 0.4488 0.3228, 0.4488 0.4488 0.3228, 0.4488 0.4436 0.2934, 0.5039 0.4217 0.1693, 0.4961 0.4217 0.1693, 0.4961 0.4255 0.1909
            ]
        }
        coordIndex [
            0,1,2,-1,2,1,3,-1,4,5,6,-1,5,4,7,-1,7,4,8,-1,7,8,9,-1,9,8,10,-1,9,10,6,-1,6,10,11,-1,6,11,4,-1,12,13,14,-1,15,16,17,-1,17,16,18,-1,17,18,14,-1,14,18,19,-1,14,19,12,-1,1,20,3,-1,3,20,21,-1,22,16,23,-1,23,16,15,-1,0,2,24,-1,25,26,27,-1,27,26,28,-1,27,28,24,-1,24,28,29,-1,24,29,0,-1,30,31,32,-1,31,30,33,-1,33,30,34,-1,33,34,35,-1,35,34,36,-1,35,36,32,-1,32,36,37,-1,32,37,30,-1,38,39,40,-1,40,39,41,-1,40,41,42,-1,42,41,43,-1,44,45,46,-1,47,48,49,-1,49,48,50,-1,49,50,46,-1,46,50,51,-1,46,51,44,-1,52,53,54,-1,54,53,55,-1,54,55,56,-1,56,55,57,-1,57,55,58,-1,57,58,59,-1,59,58,43,-1,59,43,41,-1,60,61,62,-1,63,64,65,-1,66,67,68,-1,69,70,71,-1,62,66,60,-1,60,66,68,-1,60,68,71,-1,71,68,63,-1,71,63,69,-1,69,63,65,-1,72,73,74,-1,73,72,75,-1,75,72,76,-1,75,76,77,-1,77,76,78,-1,77,78,74,-1,74,78,79,-1,74,79,72,-1,80,81,82,-1,80,82,83,-1,83,82,84,-1,83,84,85,-1,85,84,86,-1,85,86,87,-1,87,86,88,-1,88,86,89,-1,88,89,90,-1,90,89,91,-1,90,91,92,-1,91,93,92,-1,92,93,94,-1,92,94,95,-1,95,94,96,-1,95,96,97,-1,97,96,98,-1,97,98,99,-1,100,101,102,-1,103,104,105,-1,106,107,108,-1,109,110,111,-1,102,106,100,-1,100,106,108,-1,100,108,111,-1,111,108,103,-1,111,103,109,-1,109,103,105,-1,
        ]
    }
}
Shape{
    appearance Appearance {
        material  Material 	{
            diffuseColor 0.20784313725490197 0.20784313725490197 0.20784313725490197
            specularColor 0.01568627450980392 0.01568627450980392 0.01568627450980392
            ambientIntensity 0.298
            transparency 0.0
            shininess 0.5
        }
    }
    geometry IndexedFaceSet {
        ccw TRUE
        solid FALSE
        coord DEF co Coordinate {
            point [
                0.4409 0.4488 0.3228, 0.4409 0.3768 0.3228, 0.4488 0.4488 0.3228, 0.4488 0.3768 0.3228
            ]
        }
        coordIndex [
            0,1,2,-1,2,1,3,-1,
        ]
    }
}
Shape{
    appearance Appearance {
        material  Material 	{
            diffuseColor 0.5882352941176471 0.5725490196078431 0.5254901960784314
            specularColor 0.043137254901960784 0.0392156862745098 0.0392156862745098
            ambientIntensity 0.8167
            transparency 0.0
            shininess 0.5
        }
    }
    geometry IndexedFaceSet {
        ccw TRUE
        solid FALSE
        coord DEF co Coordinate {
            point [
                0.4449 0.5548 0.0315, 0.4449 0.5548 0.063, 0.4488 0.5548 0.0315, 0.4488 0.5548 0.063, 0.4449 0.169 0.4055, 0.4488 0.169 0.3907, 0.4488 0.169 0.3307, 0.4961 0.169 0.3907, 0.5 0.169 0.4055, 0.4961 0.169 0.3307, 0.5 0.169 0.2953, 0.4449 0.169 0.2953, 0.5 0.169 0.063, 0.4961 0.169 0.063, 0.4961 0.169 0.1181, 0.4488 0.169 0.063, 0.4449 0.169 0.063, 0.4488 0.169 0.1181, 0.4449 0.169 0.1969, 0.5 0.169 0.1969, 0.4449 0.3422 0.063, 0.4488 0.3422 0.063, 0.4449 0.2359 0.063, 0.4488 0.2359 0.063, 0.4488 0.543 0.027, 0.4961 0.5548 0.0315, 0.5 0.5548 0.0315, 0.4961 0.543 0.027, 0.5 0.5036 0.0118, 0.4449 0.5036 0.0118, 0.4961 -0.585 0.122, 0.5 -0.5318 0.122, 0.5 -0.6578 0.122, 0.4449 -0.5318 0.122, 0.4488 -0.585 0.122, 0.4449 -0.6578 0.122, 0.4488 -0.6047 0.122, 0.4961 -0.6047 0.122, 0.4449 -0.3625 0.0945, 0.3819 -0.3625 0.0945, 0.4449 -0.3232 0.0945, 0.3819 -0.2838 0.0945, 0.4488 -0.3232 0.0945, 0.4488 -0.2838 0.0945, 0.5 -0.3625 0.063, 0.4961 -0.3625 0.063, 0.4961 -0.6145 0.063, 0.4488 -0.3625 0.063, 0.4449 -0.3625 0.063, 0.4488 -0.6145 0.063, 0.4449 -0.6578 0.063, 0.5 -0.6578 0.063, 0.563 -0.2838 0.0945, 0.4961 -0.2838 0.0945, 0.563 -0.2838 0.0591, 0.4961 -0.2838 0.063, 0.563 -0.2838 0.0118, 0.3819 -0.2838 0.0118, 0.4488 -0.2838 0.063, 0.3819 -0.2838 0.0591, 0.685 -0.3232 0.1548, 0.685 -0.3232 0.1969, 0.6811 -0.3232 0.1969, 0.7362 -0.3232 0.0945, 0.7362 -0.3232 0.1969, 0.7323 -0.3232 0.1548, 0.7323 -0.3232 0.1969, 0.6811 -0.3232 0.0945, 0.685 -0.3232 0.0945, 0.685 -0.3232 0.1102, 0.7323 -0.3232 0.0945, 0.7323 -0.3232 0.1102, 0.7323 -0.3232 0.3307, 0.7362 -0.3232 0.315, 0.7362 -0.3232 0.4055, 0.6811 -0.3232 0.315, 0.685 -0.3232 0.3307, 0.6811 -0.3232 0.4055, 0.685 -0.3232 0.3937, 0.7323 -0.3232 0.3937, 0.7323 0.4052 0.1693, 0.8031 0.4052 0.1693, 0.8031 0.3911 0.1711, 0.7323 0.3911 0.1711, 0.8031 0.378 0.1764, 0.7323 0.378 0.1764, 0.8031 0.3667 0.1849, 0.7323 0.3667 0.1849, 0.7323 0.3614 0.1909, 0.8031 0.3579 0.196, 0.685 0.3614 0.1909, 0.6142 0.3579 0.196, 0.685 0.3667 0.1849, 0.6142 0.3667 0.1849, 0.6142 0.378 0.1764, 0.685 0.378 0.1764, 0.6142 0.3911 0.1711, 0.685 0.3911 0.1711, 0.6142 0.4052 0.1693, 0.685 0.4052 0.1693, 0.685 0.4255 0.1909, 0.685 0.4217 0.1693, 0.6772 0.4217 0.1693, 0.7323 0.4436 0.2934, 0.7323 0.4488 0.3228, 0.7402 0.4488 0.3228, 0.6772 0.4488 0.3228, 0.685 0.4488 0.3228, 0.685 0.4436 0.2934, 0.7402 0.4217 0.1693, 0.7323 0.4217 0.1693, 0.7323 0.4255 0.1909
            ]
        }
        coordIndex [
            0,1,2,-1,2,1,3,-1,4,5,6,-1,5,4,7,-1,7,4,8,-1,7,8,9,-1,9,8,10,-1,9,10,6,-1,6,10,11,-1,6,11,4,-1,12,13,14,-1,15,16,17,-1,17,16,18,-1,17,18,14,-1,14,18,19,-1,14,19,12,-1,1,20,3,-1,3,20,21,-1,22,16,23,-1,23,16,15,-1,0,2,24,-1,25,26,27,-1,27,26,28,-1,27,28,24,-1,24,28,29,-1,24,29,0,-1,30,31,32,-1,31,30,33,-1,33,30,34,-1,33,34,35,-1,35,34,36,-1,35,36,32,-1,32,36,37,-1,32,37,30,-1,38,39,40,-1,40,39,41,-1,40,41,42,-1,42,41,43,-1,44,45,46,-1,47,48,49,-1,49,48,50,-1,49,50,46,-1,46,50,51,-1,46,51,44,-1,52,53,54,-1,54,53,55,-1,54,55,56,-1,56,55,57,-1,57,55,58,-1,57,58,59,-1,59,58,43,-1,59,43,41,-1,60,61,62,-1,63,64,65,-1,65,64,66,-1,67,68,69,-1,70,63,71,-1,71,63,65,-1,71,65,69,-1,69,65,60,-1,69,60,67,-1,67,60,62,-1,72,73,74,-1,73,72,75,-1,75,72,76,-1,75,76,77,-1,77,76,78,-1,77,78,74,-1,74,78,79,-1,74,79,72,-1,80,81,82,-1,80,82,83,-1,83,82,84,-1,83,84,85,-1,85,84,86,-1,85,86,87,-1,87,86,88,-1,88,86,89,-1,88,89,90,-1,90,89,91,-1,90,91,92,-1,91,93,92,-1,92,93,94,-1,92,94,95,-1,95,94,96,-1,95,96,97,-1,97,96,98,-1,97,98,99,-1,100,101,102,-1,103,104,105,-1,106,107,108,-1,109,110,111,-1,102,106,100,-1,100,106,108,-1,100,108,111,-1,111,108,103,-1,111,103,109,-1,109,103,105,-1,
        ]
    }
}
Shape{
    appearance Appearance {
        material  Material 	{
            diffuseColor 0.20784313725490197 0.20784313725490197 0.20784313725490197
            specularColor 0.01568627450980392 0.01568627450980392 0.01568627450980392
            ambientIntensity 0.298
            transparency 0.0
            shininess 0.5
        }
    }
    geometry IndexedFaceSet {
        ccw TRUE
        solid FALSE
        coord DEF co Coordinate {
            point [
                0.6772 0.4488 0.3228, 0.6772 0.3768 0.3228, 0.685 0.4488 0.3228, 0.685 0.3768 0.3228
            ]
        }
        coordIndex [
            0,1,2,-1,2,1,3,-1,
        ]
    }
}
Shape{
    appearance Appearance {
        material  Material 	{
            diffuseColor 0.5882352941176471 0.5725490196078431 0.5254901960784314
            specularColor 0.043137254901960784 0.0392156862745098 0.0392156862745098
            ambientIntensity 0.8167
            transparency 0.0
            shininess 0.5
        }
    }
    geometry IndexedFaceSet {
        ccw TRUE
        solid FALSE
        coord DEF co Coordinate {
            point [
                0.6811 0.5548 0.0315, 0.6811 0.5548 0.063, 0.685 0.5548 0.0315, 0.685 0.5548 0.063, 0.6811 0.169 0.4055, 0.685 0.169 0.3907, 0.685 0.169 0.3307, 0.7323 0.169 0.3907, 0.7362 0.169 0.4055, 0.7323 0.169 0.3307, 0.7362 0.169 0.2953, 0.6811 0.169 0.2953, 0.7362 0.169 0.063, 0.7323 0.169 0.063, 0.7323 0.169 0.1181, 0.685 0.169 0.063, 0.6811 0.169 0.063, 0.685 0.169 0.1181, 0.6811 0.169 0.1969, 0.7362 0.169 0.1969, 0.6811 0.3422 0.063, 0.685 0.3422 0.063, 0.6811 0.2359 0.063, 0.685 0.2359 0.063, 0.685 0.543 0.027, 0.7323 0.5548 0.0315, 0.7362 0.5548 0.0315, 0.7323 0.543 0.027, 0.7362 0.5036 0.0118, 0.6811 0.5036 0.0118, 0.7323 -0.585 0.122, 0.7362 -0.5318 0.122, 0.7362 -0.6578 0.122, 0.6811 -0.5318 0.122, 0.685 -0.585 0.122, 0.6811 -0.6578 0.122, 0.685 -0.6047 0.122, 0.7323 -0.6047 0.122, 0.6811 -0.3625 0.0945, 0.6181 -0.3625 0.0945, 0.6811 -0.3232 0.0945, 0.6181 -0.2838 0.0945, 0.685 -0.3232 0.0945, 0.685 -0.2838 0.0945, 0.7362 -0.3625 0.063, 0.7323 -0.3625 0.063, 0.7323 -0.6145 0.063, 0.685 -0.3625 0.063, 0.6811 -0.3625 0.063, 0.685 -0.6145 0.063, 0.6811 -0.6578 0.063, 0.7362 -0.6578 0.063, 0.7992 -0.2838 0.0945, 0.7323 -0.2838 0.0945, 0.7992 -0.2838 0.0591, 0.7323 -0.2838 0.063, 0.7992 -0.2838 0.0118, 0.6181 -0.2838 0.0118, 0.685 -0.2838 0.063, 0.6181 -0.2838 0.0591, 0.9685 -0.3232 0.1102, 0.9685 -0.3232 0.0945, 0.9724 -0.3232 0.0945, 0.9173 -0.3232 0.1969, 0.9173 -0.3232 0.0945, 0.9213 -0.3232 0.1102, 0.9213 -0.3232 0.0945, 0.9724 -0.3232 0.1969, 0.9685 -0.3232 0.1969, 0.9685 -0.3232 0.1548, 0.9213 -0.3232 0.1969, 0.9213 -0.3232 0.1548, 0.9685 -0.3232 0.3307, 0.9724 -0.3232 0.315, 0.9724 -0.3232 0.4055, 0.9173 -0.3232 0.315, 0.9213 -0.3232 0.3307, 0.9173 -0.3232 0.4055, 0.9213 -0.3232 0.3937, 0.9685 -0.3232 0.3937, 0.9685 0.4052 0.1693, 1.0394 0.4052 0.1693, 1.0394 0.3911 0.1711, 0.9685 0.3911 0.1711, 1.0394 0.378 0.1764, 0.9685 0.378 0.1764, 1.0394 0.3667 0.1849, 0.9685 0.3667 0.1849, 0.9685 0.3614 0.1909, 1.0394 0.3579 0.196, 0.9213 0.3614 0.1909, 0.8504 0.3579 0.196, 0.9213 0.3667 0.1849, 0.8504 0.3667 0.1849, 0.8504 0.378 0.1764, 0.9213 0.378 0.1764, 0.8504 0.3911 0.1711, 0.9213 0.3911 0.1711, 0.8504 0.4052 0.1693, 0.9213 0.4052 0.1693, 0.9213 0.4255 0.1909, 0.9213 0.4217 0.1693, 0.9134 0.4217 0.1693, 0.9685 0.4436 0.2934, 0.9685 0.4488 0.3228, 0.9764 0.4488 0.3228, 0.9134 0.4488 0.3228, 0.9213 0.4488 0.3228, 0.9213 0.4436 0.2934, 0.9764 0.4217 0.1693, 0.9685 0.4217 0.1693, 0.9685 0.4255 0.1909
            ]
        }
        coordIndex [
            0,1,2,-1,2,1,3,-1,4,5,6,-1,5,4,7,-1,7,4,8,-1,7,8,9,-1,9,8,10,-1,9,10,6,-1,6,10,11,-1,6,11,4,-1,12,13,14,-1,15,16,17,-1,17,16,18,-1,17,18,14,-1,14,18,19,-1,14,19,12,-1,1,20,3,-1,3,20,21,-1,22,16,23,-1,23,16,15,-1,0,2,24,-1,25,26,27,-1,27,26,28,-1,27,28,24,-1,24,28,29,-1,24,29,0,-1,30,31,32,-1,31,30,33,-1,33,30,34,-1,33,34,35,-1,35,34,36,-1,35,36,32,-1,32,36,37,-1,32,37,30,-1,38,39,40,-1,40,39,41,-1,40,41,42,-1,42,41,43,-1,44,45,46,-1,47,48,49,-1,49,48,50,-1,49,50,46,-1,46,50,51,-1,46,51,44,-1,52,53,54,-1,54,53,55,-1,54,55,56,-1,56,55,57,-1,57,55,58,-1,57,58,59,-1,59,58,43,-1,59,43,41,-1,60,61,62,-1,63,64,65,-1,65,64,66,-1,67,68,69,-1,70,63,71,-1,71,63,65,-1,71,65,69,-1,69,65,60,-1,69,60,67,-1,67,60,62,-1,72,73,74,-1,73,72,75,-1,75,72,76,-1,75,76,77,-1,77,76,78,-1,77,78,74,-1,74,78,79,-1,74,79,72,-1,80,81,82,-1,80,82,83,-1,83,82,84,-1,83,84,85,-1,85,84,86,-1,85,86,87,-1,87,86,88,-1,88,86,89,-1,88,89,90,-1,90,89,91,-1,90,91,92,-1,91,93,92,-1,92,93,94,-1,92,94,95,-1,95,94,96,-1,95,96,97,-1,97,96,98,-1,97,98,99,-1,100,101,102,-1,103,104,105,-1,106,107,108,-1,109,110,111,-1,102,106,100,-1,100,106,108,-1,100,108,111,-1,111,108,103,-1,111,103,109,-1,109,103,105,-1,
        ]
    }
}
Shape{
    appearance Appearance {
        material  Material 	{
            diffuseColor 0.20784313725490197 0.20784313725490197 0.20784313725490197
            specularColor 0.01568627450980392 0.01568627450980392 0.01568627450980392
            ambientIntensity 0.298
            transparency 0.0
            shininess 0.5
        }
    }
    geometry IndexedFaceSet {
        ccw TRUE
        solid FALSE
        coord DEF co Coordinate {
            point [
                0.9134 0.4488 0.3228, 0.9134 0.3768 0.3228, 0.9213 0.4488 0.3228, 0.9213 0.3768 0.3228
            ]
        }
        coordIndex [
            0,1,2,-1,2,1,3,-1,
        ]
    }
}
Shape{
    appearance Appearance {
        material  Material 	{
            diffuseColor 0.5882352941176471 0.5725490196078431 0.5254901960784314
            specularColor 0.043137254901960784 0.0392156862745098 0.0392156862745098
            ambientIntensity 0.8167
            transparency 0.0
            shininess 0.5
        }
    }
    geometry IndexedFaceSet {
        ccw TRUE
        solid FALSE
        coord DEF co Coordinate {
            point [
                0.9173 0.5548 0.0315, 0.9173 0.5548 0.063, 0.9213 0.5548 0.0315, 0.9213 0.5548 0.063, 0.9173 0.169 0.4055, 0.9213 0.169 0.3907, 0.9213 0.169 0.3307, 0.9685 0.169 0.3907, 0.9724 0.169 0.4055, 0.9685 0.169 0.3307, 0.9724 0.169 0.2953, 0.9173 0.169 0.2953, 0.9724 0.169 0.063, 0.9685 0.169 0.063, 0.9685 0.169 0.1181, 0.9213 0.169 0.063, 0.9173 0.169 0.063, 0.9213 0.169 0.1181, 0.9173 0.169 0.1969, 0.9724 0.169 0.1969, 0.9173 0.3422 0.063, 0.9213 0.3422 0.063, 0.9173 0.2359 0.063, 0.9213 0.2359 0.063, 0.9213 0.543 0.027, 0.9685 0.5548 0.0315, 0.9724 0.5548 0.0315, 0.9685 0.543 0.027, 0.9724 0.5036 0.0118, 0.9173 0.5036 0.0118, 0.9685 -0.585 0.122, 0.9724 -0.5318 0.122, 0.9724 -0.6578 0.122, 0.9173 -0.5318 0.122, 0.9213 -0.585 0.122, 0.9173 -0.6578 0.122, 0.9213 -0.6047 0.122, 0.9685 -0.6047 0.122, 0.9173 -0.3625 0.0945, 0.8543 -0.3625 0.0945, 0.9173 -0.3232 0.0945, 0.8543 -0.2838 0.0945, 0.9213 -0.3232 0.0945, 0.9213 -0.2838 0.0945, 0.9724 -0.3625 0.063, 0.9685 -0.3625 0.063, 0.9685 -0.6145 0.063, 0.9213 -0.3625 0.063, 0.9173 -0.3625 0.063, 0.9213 -0.6145 0.063, 0.9173 -0.6578 0.063, 0.9724 -0.6578 0.063, 1.0354 -0.2838 0.0945, 0.9685 -0.2838 0.0945, 1.0354 -0.2838 0.0591, 0.9685 -0.2838 0.063, 1.0354 -0.2838 0.0118, 0.8543 -0.2838 0.0118, 0.9213 -0.2838 0.063, 0.8543 -0.2838 0.0591, 1.2047 -0.3232 0.1102, 1.2047 -0.3232 0.0945, 1.2087 -0.3232 0.0945, 1.1535 -0.3232 0.1969, 1.1535 -0.3232 0.0945, 1.1575 -0.3232 0.1102, 1.1575 -0.3232 0.0945, 1.2087 -0.3232 0.1969, 1.2047 -0.3232 0.1969, 1.2047 -0.3232 0.1548, 1.1575 -0.3232 0.1969, 1.1575 -0.3232 0.1548, 1.2047 -0.3232 0.3307, 1.2087 -0.3232 0.315, 1.2087 -0.3232 0.4055, 1.1535 -0.3232 0.315, 1.1575 -0.3232 0.3307, 1.1535 -0.3232 0.4055, 1.1575 -0.3232 0.3937, 1.2047 -0.3232 0.3937, 1.2047 0.4052 0.1693, 1.2756 0.4052 0.1693, 1.2756 0.3911 0.1711, 1.2047 0.3911 0.1711, 1.2756 0.378 0.1764, 1.2047 0.378 0.1764, 1.2756 0.3667 0.1849, 1.2047 0.3667 0.1849, 1.2047 0.3614 0.1909, 1.2756 0.3579 0.196, 1.1575 0.3614 0.1909, 1.0866 0.3579 0.196, 1.1575 0.3667 0.1849, 1.0866 0.3667 0.1849, 1.0866 0.378 0.1764, 1.1575 0.378 0.1764, 1.0866 0.3911 0.1711, 1.1575 0.3911 0.1711, 1.0866 0.4052 0.1693, 1.1575 0.4052 0.1693, 1.1575 0.4255 0.1909, 1.1575 0.4217 0.1693, 1.1496 0.4217 0.1693, 1.2047 0.4436 0.2934, 1.2047 0.4488 0.3228, 1.2126 0.4488 0.3228, 1.1496 0.4488 0.3228, 1.1575 0.4488 0.3228, 1.1575 0.4436 0.2934, 1.2126 0.4217 0.1693, 1.2047 0.4217 0.1693, 1.2047 0.4255 0.1909
            ]
        }
        coordIndex [
            0,1,2,-1,2,1,3,-1,4,5,6,-1,5,4,7,-1,7,4,8,-1,7,8,9,-1,9,8,10,-1,9,10,6,-1,6,10,11,-1,6,11,4,-1,12,13,14,-1,15,16,17,-1,17,16,18,-1,17,18,14,-1,14,18,19,-1,14,19,12,-1,1,20,3,-1,3,20,21,-1,22,16,23,-1,23,16,15,-1,0,2,24,-1,25,26,27,-1,27,26,28,-1,27,28,24,-1,24,28,29,-1,24,29,0,-1,30,31,32,-1,31,30,33,-1,33,30,34,-1,33,34,35,-1,35,34,36,-1,35,36,32,-1,32,36,37,-1,32,37,30,-1,38,39,40,-1,40,39,41,-1,40,41,42,-1,42,41,43,-1,44,45,46,-1,47,48,49,-1,49,48,50,-1,49,50,46,-1,46,50,51,-1,46,51,44,-1,52,53,54,-1,54,53,55,-1,54,55,56,-1,56,55,57,-1,57,55,58,-1,57,58,59,-1,59,58,43,-1,59,43,41,-1,60,61,62,-1,63,64,65,-1,65,64,66,-1,67,68,69,-1,70,63,71,-1,71,63,65,-1,71,65,69,-1,69,65,60,-1,69,60,67,-1,67,60,62,-1,72,73,74,-1,73,72,75,-1,75,72,76,-1,75,76,77,-1,77,76,78,-1,77,78,74,-1,74,78,79,-1,74,79,72,-1,80,81,82,-1,80,82,83,-1,83,82,84,-1,83,84,85,-1,85,84,86,-1,85,86,87,-1,87,86,88,-1,88,86,89,-1,88,89,90,-1,90,89,91,-1,90,91,92,-1,91,93,92,-1,92,93,94,-1,92,94,95,-1,95,94,96,-1,95,96,97,-1,97,96,98,-1,97,98,99,-1,100,101,102,-1,103,104,105,-1,106,107,108,-1,109,110,111,-1,102,106,100,-1,100,106,108,-1,100,108,111,-1,111,108,103,-1,111,103,109,-1,109,103,105,-1,
        ]
    }
}
Shape{
    appearance Appearance {
        material  Material 	{
            diffuseColor 0.20784313725490197 0.20784313725490197 0.20784313725490197
            specularColor 0.01568627450980392 0.01568627450980392 0.01568627450980392
            ambientIntensity 0.298
            transparency 0.0
            shininess 0.5
        }
    }
    geometry IndexedFaceSet {
        ccw TRUE
        solid FALSE
        coord DEF co Coordinate {
            point [
                1.1496 0.4488 0.3228, 1.1496 0.3768 0.3228, 1.1575 0.4488 0.3228, 1.1575 0.3768 0.3228
            ]
        }
        coordIndex [
            0,1,2,-1,2,1,3,-1,
        ]
    }
}
Shape{
    appearance Appearance {
        material  Material 	{
            diffuseColor 0.5882352941176471 0.5725490196078431 0.5254901960784314
            specularColor 0.043137254901960784 0.0392156862745098 0.0392156862745098
            ambientIntensity 0.8167
            transparency 0.0
            shininess 0.5
        }
    }
    geometry IndexedFaceSet {
        ccw TRUE
        solid FALSE
        coord DEF co Coordinate {
            point [
                1.1535 0.5548 0.0315, 1.1535 0.5548 0.063, 1.1575 0.5548 0.0315, 1.1575 0.5548 0.063, 1.1535 0.169 0.4055, 1.1575 0.169 0.3907, 1.1575 0.169 0.3307, 1.2047 0.169 0.3907, 1.2087 0.169 0.4055, 1.2047 0.169 0.3307, 1.2087 0.169 0.2953, 1.1535 0.169 0.2953, 1.2087 0.169 0.063, 1.2047 0.169 0.063, 1.2047 0.169 0.1181, 1.1575 0.169 0.063, 1.1535 0.169 0.063, 1.1575 0.169 0.1181, 1.1535 0.169 0.1969, 1.2087 0.169 0.1969, 1.1535 0.3422 0.063, 1.1575 0.3422 0.063, 1.1535 0.2359 0.063, 1.1575 0.2359 0.063, 1.1575 0.543 0.027, 1.2047 0.5548 0.0315, 1.2087 0.5548 0.0315, 1.2047 0.543 0.027, 1.2087 0.5036 0.0118, 1.1535 0.5036 0.0118, 1.2047 -0.585 0.122, 1.2087 -0.5318 0.122, 1.2087 -0.6578 0.122, 1.1535 -0.5318 0.122, 1.1575 -0.585 0.122, 1.1535 -0.6578 0.122, 1.1575 -0.6047 0.122, 1.2047 -0.6047 0.122, 1.1535 -0.3625 0.0945, 1.0906 -0.3625 0.0945, 1.1535 -0.3232 0.0945, 1.0906 -0.2838 0.0945, 1.1575 -0.3232 0.0945, 1.1575 -0.2838 0.0945, 1.2087 -0.3625 0.063, 1.2047 -0.3625 0.063, 1.2047 -0.6145 0.063, 1.1575 -0.3625 0.063, 1.1535 -0.3625 0.063, 1.1575 -0.6145 0.063, 1.1535 -0.6578 0.063, 1.2087 -0.6578 0.063, 1.2717 -0.2838 0.0945, 1.2047 -0.2838 0.0945, 1.2717 -0.2838 0.0591, 1.2047 -0.2838 0.063, 1.2717 -0.2838 0.0118, 1.0906 -0.2838 0.0118, 1.1575 -0.2838 0.063, 1.0906 -0.2838 0.0591, -1.3268 -0.1224 0.315, -1.3228 -0.1224 0.3189, -1.3228 -0.1224 0.3858, -1.2756 -0.1224 0.3189, -1.2717 -0.1224 0.315, -1.2756 -0.1224 0.3858, -1.2717 -0.1224 0.4055, -1.3268 -0.1224 0.4055, -1.3268 -0.5318 0.0591, -1.3268 -0.5318 0.0394, -1.3228 -0.5318 0.0591, -1.3228 -0.5318 0.0394, -1.3268 -0.1224 0.0591, -1.3228 -0.1224 0.0591, -1.3228 -0.1224 0.1252, -1.2756 -0.1224 0.0591, -1.2717 -0.1224 0.0591, -1.2756 -0.1224 0.1252, -1.2717 -0.1224 0.1969, -1.3268 -0.1224 0.1969, -1.2717 -0.5318 0.0394, -1.2756 -0.5318 0.0394, -1.2756 -0.5122 0.0394, -1.3228 -0.5122 0.0394, -1.3268 -0.4807 0.0394, -1.2717 -0.4807 0.0394
            ]
        }
        coordIndex [
            0,1,2,-1,2,1,3,-1,4,5,6,-1,5,4,7,-1,7,4,8,-1,7,8,9,-1,9,8,10,-1,9,10,6,-1,6,10,11,-1,6,11,4,-1,12,13,14,-1,15,16,17,-1,17,16,18,-1,17,18,14,-1,14,18,19,-1,14,19,12,-1,1,20,3,-1,3,20,21,-1,22,16,23,-1,23,16,15,-1,0,2,24,-1,25,26,27,-1,27,26,28,-1,27,28,24,-1,24,28,29,-1,24,29,0,-1,30,31,32,-1,31,30,33,-1,33,30,34,-1,33,34,35,-1,35,34,36,-1,35,36,32,-1,32,36,37,-1,32,37,30,-1,38,39,40,-1,40,39,41,-1,40,41,42,-1,42,41,43,-1,44,45,46,-1,47,48,49,-1,49,48,50,-1,49,50,46,-1,46,50,51,-1,46,51,44,-1,52,53,54,-1,54,53,55,-1,54,55,56,-1,56,55,57,-1,57,55,58,-1,57,58,59,-1,59,58,43,-1,59,43,41,-1,60,61,62,-1,61,60,63,-1,63,60,64,-1,63,64,65,-1,65,64,66,-1,65,66,62,-1,62,66,67,-1,62,67,60,-1,68,69,70,-1,70,69,71,-1,72,73,74,-1,75,76,77,-1,77,76,78,-1,77,78,74,-1,74,78,79,-1,74,79,72,-1,80,81,82,-1,71,69,83,-1,83,69,84,-1,83,84,82,-1,82,84,85,-1,82,85,80,-1,72,68,73,-1,73,68,70,-1,
        ]
    }
}
Shape{
    appearance Appearance {
        material  Material 	{
            diffuseColor 0.20784313725490197 0.20784313725490197 0.20784313725490197
            specularColor 0.01568627450980392 0.01568627450980392 0.01568627450980392
            ambientIntensity 0.298
            transparency 0.0
            shininess 0.5
        }
    }
    geometry IndexedFaceSet {
        ccw TRUE
        solid FALSE
        coord DEF co Coordinate {
            point [
                -1.4567 0.3579 0.196, -1.3228 0.3579 0.196, -1.4567 0.3579 0.2157, -1.3228 0.3579 0.2033, -1.2756 0.3579 0.2033, -1.2756 0.3579 0.196, -1.0866 0.3579 0.196, -1.0866 0.3579 0.2033, -1.0394 0.3579 0.2033, -1.0394 0.3579 0.196, -0.8504 0.3579 0.196, -0.8504 0.3579 0.2033, -0.8031 0.3579 0.2033, -0.0945 0.3579 0.196, 0.0945 0.3579 0.196, -0.0945 0.3579 0.2033, 0.0945 0.3579 0.2033, -0.8031 0.3579 0.196, -0.6142 0.3579 0.196, -0.6142 0.3579 0.2033, -0.5669 0.3579 0.2033, -0.5669 0.3579 0.196, -0.378 0.3579 0.196, -0.378 0.3579 0.2033, -0.3307 0.3579 0.2033, 0.378 0.3579 0.2033, 0.378 0.3579 0.196, 0.5669 0.3579 0.196, 1.0866 0.3579 0.2033, 1.0866 0.3579 0.196, 1.2756 0.3579 0.196, 1.3228 0.3579 0.196, 1.4567 0.3579 0.196, 1.3228 0.3579 0.2033, 1.4567 0.3579 0.2157, 1.2756 0.3579 0.2033, -0.3307 0.3579 0.196, -0.1417 0.3579 0.196, -0.1417 0.3579 0.2033, 0.1417 0.3579 0.2033, 0.5669 0.3579 0.2033, 0.6142 0.3579 0.2033, 0.8504 0.3579 0.2033, 0.8031 0.3579 0.2033, 0.8031 0.3579 0.196, 0.6142 0.3579 0.196, 0.1417 0.3579 0.196, 0.3307 0.3579 0.196, 0.3307 0.3579 0.2033, 0.8504 0.3579 0.196, 1.0394 0.3579 0.196, 1.0394 0.3579 0.2033
            ]
        }
        coordIndex [
            0,1,2,-1,2,1,3,-1,2,3,4,-1,5,6,4,-1,4,6,7,-1,4,7,2,-1,2,7,8,-1,9,10,8,-1,8,10,11,-1,8,11,2,-1,2,11,12,-1,13,14,15,-1,15,14,16,-1,17,18,12,-1,12,18,19,-1,12,19,2,-1,2,19,20,-1,21,22,20,-1,20,22,23,-1,20,23,2,-1,2,23,24,-1,25,26,27,-1,28,29,30,-1,31,32,33,-1,33,32,34,-1,33,34,35,-1,36,37,24,-1,24,37,38,-1,24,38,2,-1,2,38,15,-1,2,15,34,-1,34,15,16,-1,34,16,39,-1,40,41,34,-1,42,34,43,-1,43,34,41,-1,43,41,44,-1,44,41,45,-1,46,47,39,-1,39,47,48,-1,39,48,34,-1,34,48,25,-1,34,25,40,-1,40,25,27,-1,49,50,42,-1,42,50,51,-1,42,51,34,-1,34,51,28,-1,34,28,35,-1,35,28,30,-1,
        ]
    }
}
Shape{
    appearance Appearance {
        material  Material 	{
            diffuseColor 0.5882352941176471 0.5725490196078431 0.5254901960784314
            specularColor 0.043137254901960784 0.0392156862745098 0.0392156862745098
            ambientIntensity 0.8167
            transparency 0.0
            shininess 0.5
        }
    }
    geometry IndexedFaceSet {
        ccw TRUE
        solid FALSE
        coord DEF co Coordinate {
            point [
                -1.4567 0.4052 0.1693, -1.3228 0.4052 0.1693, -1.3228 0.3911 0.1711, -1.4567 0.3911 0.1711, -1.3228 0.378 0.1764, -1.4567 0.378 0.1764, -1.3228 0.3667 0.1849, -1.4567 0.3667 0.1849, -1.3228 0.3579 0.196, -1.4567 0.3579 0.196, -1.2756 0.4432 0.2913, -1.2756 0.4488 0.3228, -1.2677 0.4488 0.3228, -1.3307 0.4217 0.1693, -1.3307 0.4488 0.3228, -1.3228 0.4432 0.2913, -1.3228 0.4488 0.3228, -1.2677 0.4217 0.1693, -1.2756 0.4217 0.1693, -1.2756 0.4231 0.1772, -1.3228 0.4217 0.1693, -1.3228 0.4231 0.1772
            ]
        }
        coordIndex [
            0,1,2,-1,0,2,3,-1,3,2,4,-1,3,4,5,-1,5,4,6,-1,5,6,7,-1,7,6,8,-1,7,8,9,-1,10,11,12,-1,13,14,15,-1,15,14,16,-1,17,18,19,-1,20,13,21,-1,21,13,15,-1,21,15,19,-1,19,15,10,-1,19,10,17,-1,17,10,12,-1,
        ]
    }
}
Shape{
    appearance Appearance {
        material  Material 	{
            diffuseColor 0.20784313725490197 0.20784313725490197 0.20784313725490197
            specularColor 0.01568627450980392 0.01568627450980392 0.01568627450980392
            ambientIntensity 0.298
            transparency 0.0
            shininess 0.5
        }
    }
    geometry IndexedFaceSet {
        ccw TRUE
        solid FALSE
        coord DEF co Coordinate {
            point [
                -1.3307 0.4488 0.3228, -1.3307 0.3768 0.3228, -1.3228 0.4488 0.3228, -1.3228 0.3768 0.3228
            ]
        }
        coordIndex [
            0,1,2,-1,2,1,3,-1,
        ]
    }
}
Shape{
    appearance Appearance {
        material  Material 	{
            diffuseColor 0.5882352941176471 0.5725490196078431 0.5254901960784314
            specularColor 0.043137254901960784 0.0392156862745098 0.0392156862745098
            ambientIntensity 0.8167
            transparency 0.0
            shininess 0.5
        }
    }
    geometry IndexedFaceSet {
        ccw TRUE
        solid FALSE
        coord DEF co Coordinate {
            point [
                -1.2717 0.169 0.2953, -1.2756 0.169 0.2953, -1.2756 0.169 0.3858, -1.3228 0.169 0.2953, -1.3268 0.169 0.2953, -1.3228 0.169 0.3858, -1.3268 0.169 0.4055, -1.2717 0.169 0.4055, -1.3268 0.169 0.0591, -1.3268 0.169 0.1969, -1.3228 0.169 0.0591, -1.3228 0.169 0.1969, -1.3228 0.5784 0.0591, -1.2756 0.169 0.0591, -1.2717 0.169 0.0591, -1.2756 0.5784 0.0591, -1.2717 0.6217 0.0591, -1.3268 0.6217 0.0591, -1.0906 -0.1224 0.315, -1.0866 -0.1224 0.3189, -1.0866 -0.1224 0.3858, -1.0394 -0.1224 0.3189, -1.0354 -0.1224 0.315, -1.0394 -0.1224 0.3858, -1.0354 -0.1224 0.4055, -1.0906 -0.1224 0.4055, -1.0394 -0.1224 0.1252, -1.0394 -0.1224 0.0591, -1.0354 -0.1224 0.0591, -1.0906 -0.1224 0.0591, -1.0866 -0.1224 0.0591, -1.0866 -0.1224 0.1252, -1.0354 -0.1224 0.1969, -1.063 -0.1224 0.1969, -1.0906 -0.1224 0.1969, -1.0906 -0.5318 0.0591, -1.0906 -0.5318 0.0394, -1.0866 -0.5318 0.0591, -1.0866 -0.5318 0.0394, -1.0354 -0.5318 0.0394, -1.0394 -0.5318 0.0394, -1.0394 -0.5122 0.0394, -1.0866 -0.5122 0.0394, -1.0906 -0.4807 0.0394, -1.0354 -0.4807 0.0394, -1.0906 -0.2838 0.0591, -1.0906 -0.3625 0.0591, -1.0394 0.4432 0.2913, -1.0394 0.4488 0.3228, -1.0315 0.4488 0.3228, -1.0945 0.4217 0.1693, -1.0945 0.4488 0.3228, -1.0866 0.4432 0.2913, -1.0866 0.4488 0.3228, -1.0315 0.4217 0.1693, -1.0394 0.4217 0.1693, -1.0394 0.4231 0.1772, -1.0866 0.4217 0.1693, -1.0866 0.4231 0.1772
            ]
        }
        coordIndex [
            0,1,2,-1,3,4,5,-1,5,4,6,-1,5,6,2,-1,2,6,7,-1,2,7,0,-1,8,9,10,-1,10,9,11,-1,8,10,12,-1,13,14,15,-1,15,14,16,-1,15,16,12,-1,12,16,17,-1,12,17,8,-1,18,19,20,-1,19,18,21,-1,21,18,22,-1,21,22,23,-1,23,22,24,-1,23,24,20,-1,20,24,25,-1,20,25,18,-1,26,27,28,-1,29,30,31,-1,28,32,26,-1,26,32,33,-1,26,33,31,-1,31,33,34,-1,31,34,29,-1,35,36,37,-1,37,36,38,-1,39,40,41,-1,38,36,42,-1,42,36,43,-1,42,43,41,-1,41,43,44,-1,41,44,39,-1,29,45,30,-1,30,45,46,-1,30,46,37,-1,37,46,35,-1,47,48,49,-1,50,51,52,-1,52,51,53,-1,54,55,56,-1,57,50,58,-1,58,50,52,-1,58,52,56,-1,56,52,47,-1,56,47,54,-1,54,47,49,-1,
        ]
    }
}
Shape{
    appearance Appearance {
        material  Material 	{
            diffuseColor 0.20784313725490197 0.20784313725490197 0.20784313725490197
            specularColor 0.01568627450980392 0.01568627450980392 0.01568627450980392
            ambientIntensity 0.298
            transparency 0.0
            shininess 0.5
        }
    }
    geometry IndexedFaceSet {
        ccw TRUE
        solid FALSE
        coord DEF co Coordinate {
            point [
                -1.0945 0.4488 0.3228, -1.0945 0.3768 0.3228, -1.0866 0.4488 0.3228, -1.0866 0.3768 0.3228
            ]
        }
        coordIndex [
            0,1,2,-1,2,1,3,-1,
        ]
    }
}
Shape{
    appearance Appearance {
        material  Material 	{
            diffuseColor 0.5882352941176471 0.5725490196078431 0.5254901960784314
            specularColor 0.043137254901960784 0.0392156862745098 0.0392156862745098
            ambientIntensity 0.8167
            transparency 0.0
            shininess 0.5
        }
    }
    geometry IndexedFaceSet {
        ccw TRUE
        solid FALSE
        coord DEF co Coordinate {
            point [
                -1.0354 0.169 0.2953, -1.0394 0.169 0.2953, -1.0394 0.169 0.3858, -1.0866 0.169 0.2953, -1.0906 0.169 0.2953, -1.0866 0.169 0.3858, -1.0906 0.169 0.4055, -1.0354 0.169 0.4055, -1.0906 0.169 0.0591, -1.0906 0.169 0.1969, -1.0866 0.169 0.0591, -1.0866 0.169 0.1969, -1.0866 0.5784 0.0591, -1.0394 0.169 0.0591, -1.0354 0.169 0.0591, -1.0394 0.5784 0.0591, -1.0354 0.6217 0.0591, -1.0906 0.6217 0.0591, -0.8543 -0.1224 0.315, -0.8504 -0.1224 0.3189, -0.8504 -0.1224 0.3858, -0.8031 -0.1224 0.3189, -0.7992 -0.1224 0.315, -0.8031 -0.1224 0.3858, -0.7992 -0.1224 0.4055, -0.8543 -0.1224 0.4055, -0.8031 -0.1224 0.1252, -0.8031 -0.1224 0.0591, -0.7992 -0.1224 0.0591, -0.8543 -0.1224 0.0591, -0.8504 -0.1224 0.0591, -0.8504 -0.1224 0.1252, -0.7992 -0.1224 0.1969, -0.8268 -0.1224 0.1969, -0.8543 -0.1224 0.1969, -0.8543 -0.5318 0.0591, -0.8543 -0.5318 0.0394, -0.8504 -0.5318 0.0591, -0.8504 -0.5318 0.0394, -0.7992 -0.5318 0.0394, -0.8031 -0.5318 0.0394, -0.8031 -0.5122 0.0394, -0.8504 -0.5122 0.0394, -0.8543 -0.4807 0.0394, -0.7992 -0.4807 0.0394, -0.8543 -0.2838 0.0591, -0.8543 -0.3625 0.0591, -0.8031 0.4432 0.2913, -0.8031 0.4488 0.3228, -0.7953 0.4488 0.3228, -0.8583 0.4217 0.1693, -0.8583 0.4488 0.3228, -0.8504 0.4432 0.2913, -0.8504 0.4488 0.3228, -0.7953 0.4217 0.1693, -0.8031 0.4217 0.1693, -0.8031 0.4231 0.1772, -0.8504 0.4217 0.1693, -0.8504 0.4231 0.1772
            ]
        }
        coordIndex [
            0,1,2,-1,3,4,5,-1,5,4,6,-1,5,6,2,-1,2,6,7,-1,2,7,0,-1,8,9,10,-1,10,9,11,-1,8,10,12,-1,13,14,15,-1,15,14,16,-1,15,16,12,-1,12,16,17,-1,12,17,8,-1,18,19,20,-1,19,18,21,-1,21,18,22,-1,21,22,23,-1,23,22,24,-1,23,24,20,-1,20,24,25,-1,20,25,18,-1,26,27,28,-1,29,30,31,-1,28,32,26,-1,26,32,33,-1,26,33,31,-1,31,33,34,-1,31,34,29,-1,35,36,37,-1,37,36,38,-1,39,40,41,-1,38,36,42,-1,42,36,43,-1,42,43,41,-1,41,43,44,-1,41,44,39,-1,29,45,30,-1,30,45,46,-1,30,46,37,-1,37,46,35,-1,47,48,49,-1,50,51,52,-1,52,51,53,-1,54,55,56,-1,57,50,58,-1,58,50,52,-1,58,52,56,-1,56,52,47,-1,56,47,54,-1,54,47,49,-1,
        ]
    }
}
Shape{
    appearance Appearance {
        material  Material 	{
            diffuseColor 0.20784313725490197 0.20784313725490197 0.20784313725490197
            specularColor 0.01568627450980392 0.01568627450980392 0.01568627450980392
            ambientIntensity 0.298
            transparency 0.0
            shininess 0.5
        }
    }
    geometry IndexedFaceSet {
        ccw TRUE
        solid FALSE
        coord DEF co Coordinate {
            point [
                -0.8583 0.4488 0.3228, -0.8583 0.3768 0.3228, -0.8504 0.4488 0.3228, -0.8504 0.3768 0.3228
            ]
        }
        coordIndex [
            0,1,2,-1,2,1,3,-1,
        ]
    }
}
Shape{
    appearance Appearance {
        material  Material 	{
            diffuseColor 0.5882352941176471 0.5725490196078431 0.5254901960784314
            specularColor 0.043137254901960784 0.0392156862745098 0.0392156862745098
            ambientIntensity 0.8167
            transparency 0.0
            shininess 0.5
        }
    }
    geometry IndexedFaceSet {
        ccw TRUE
        solid FALSE
        coord DEF co Coordinate {
            point [
                -0.7992 0.169 0.2953, -0.8031 0.169 0.2953, -0.8031 0.169 0.3858, -0.8504 0.169 0.2953, -0.8543 0.169 0.2953, -0.8504 0.169 0.3858, -0.8543 0.169 0.4055, -0.7992 0.169 0.4055, -0.8543 0.169 0.0591, -0.8543 0.169 0.1969, -0.8504 0.169 0.0591, -0.8504 0.169 0.1969, -0.8504 0.5784 0.0591, -0.8031 0.169 0.0591, -0.7992 0.169 0.0591, -0.8031 0.5784 0.0591, -0.7992 0.6217 0.0591, -0.8543 0.6217 0.0591, -0.6181 -0.1224 0.315, -0.6142 -0.1224 0.3189, -0.6142 -0.1224 0.3858, -0.5669 -0.1224 0.3189, -0.563 -0.1224 0.315, -0.5669 -0.1224 0.3858, -0.563 -0.1224 0.4055, -0.6181 -0.1224 0.4055, -0.5669 -0.1224 0.1252, -0.5669 -0.1224 0.0591, -0.563 -0.1224 0.0591, -0.6181 -0.1224 0.0591, -0.6142 -0.1224 0.0591, -0.6142 -0.1224 0.1252, -0.563 -0.1224 0.1969, -0.5906 -0.1224 0.1969, -0.6181 -0.1224 0.1969, -0.6181 -0.5318 0.0591, -0.6181 -0.5318 0.0394, -0.6142 -0.5318 0.0591, -0.6142 -0.5318 0.0394, -0.563 -0.5318 0.0394, -0.5669 -0.5318 0.0394, -0.5669 -0.5122 0.0394, -0.6142 -0.5122 0.0394, -0.6181 -0.4807 0.0394, -0.563 -0.4807 0.0394, -0.6181 -0.2838 0.0591, -0.6181 -0.3625 0.0591, -0.5669 0.4432 0.2913, -0.5669 0.4488 0.3228, -0.5591 0.4488 0.3228, -0.622 0.4217 0.1693, -0.622 0.4488 0.3228, -0.6142 0.4432 0.2913, -0.6142 0.4488 0.3228, -0.5591 0.4217 0.1693, -0.5669 0.4217 0.1693, -0.5669 0.4231 0.1772, -0.6142 0.4217 0.1693, -0.6142 0.4231 0.1772
            ]
        }
        coordIndex [
            0,1,2,-1,3,4,5,-1,5,4,6,-1,5,6,2,-1,2,6,7,-1,2,7,0,-1,8,9,10,-1,10,9,11,-1,8,10,12,-1,13,14,15,-1,15,14,16,-1,15,16,12,-1,12,16,17,-1,12,17,8,-1,18,19,20,-1,19,18,21,-1,21,18,22,-1,21,22,23,-1,23,22,24,-1,23,24,20,-1,20,24,25,-1,20,25,18,-1,26,27,28,-1,29,30,31,-1,28,32,26,-1,26,32,33,-1,26,33,31,-1,31,33,34,-1,31,34,29,-1,35,36,37,-1,37,36,38,-1,39,40,41,-1,38,36,42,-1,42,36,43,-1,42,43,41,-1,41,43,44,-1,41,44,39,-1,29,45,30,-1,30,45,46,-1,30,46,37,-1,37,46,35,-1,47,48,49,-1,50,51,52,-1,52,51,53,-1,54,55,56,-1,57,50,58,-1,58,50,52,-1,58,52,56,-1,56,52,47,-1,56,47,54,-1,54,47,49,-1,
        ]
    }
}
Shape{
    appearance Appearance {
        material  Material 	{
            diffuseColor 0.20784313725490197 0.20784313725490197 0.20784313725490197
            specularColor 0.01568627450980392 0.01568627450980392 0.01568627450980392
            ambientIntensity 0.298
            transparency 0.0
            shininess 0.5
        }
    }
    geometry IndexedFaceSet {
        ccw TRUE
        solid FALSE
        coord DEF co Coordinate {
            point [
                -0.622 0.4488 0.3228, -0.622 0.3768 0.3228, -0.6142 0.4488 0.3228, -0.6142 0.3768 0.3228
            ]
        }
        coordIndex [
            0,1,2,-1,2,1,3,-1,
        ]
    }
}
Shape{
    appearance Appearance {
        material  Material 	{
            diffuseColor 0.5882352941176471 0.5725490196078431 0.5254901960784314
            specularColor 0.043137254901960784 0.0392156862745098 0.0392156862745098
            ambientIntensity 0.8167
            transparency 0.0
            shininess 0.5
        }
    }
    geometry IndexedFaceSet {
        ccw TRUE
        solid FALSE
        coord DEF co Coordinate {
            point [
                -0.563 0.169 0.2953, -0.5669 0.169 0.2953, -0.5669 0.169 0.3858, -0.6142 0.169 0.2953, -0.6181 0.169 0.2953, -0.6142 0.169 0.3858, -0.6181 0.169 0.4055, -0.563 0.169 0.4055, -0.6181 0.169 0.0591, -0.6181 0.169 0.1969, -0.6142 0.169 0.0591, -0.6142 0.169 0.1969, -0.6142 0.5784 0.0591, -0.5669 0.169 0.0591, -0.563 0.169 0.0591, -0.5669 0.5784 0.0591, -0.563 0.6217 0.0591, -0.6181 0.6217 0.0591, -0.3819 -0.1224 0.315, -0.378 -0.1224 0.3189, -0.378 -0.1224 0.3858, -0.3307 -0.1224 0.3189, -0.3268 -0.1224 0.315, -0.3307 -0.1224 0.3858, -0.3268 -0.1224 0.4055, -0.3819 -0.1224 0.4055, -0.3819 -0.1224 0.0591, -0.378 -0.1224 0.0591, -0.378 -0.1224 0.1252, -0.3307 -0.1224 0.0591, -0.3268 -0.1224 0.0591, -0.3307 -0.1224 0.1252, -0.3268 -0.1224 0.1969, -0.3819 -0.1224 0.1969, -0.3819 -0.5318 0.0591, -0.3819 -0.5318 0.0394, -0.378 -0.5318 0.0591, -0.378 -0.5318 0.0394, -0.3268 -0.5318 0.0394, -0.3307 -0.5318 0.0394, -0.3307 -0.5122 0.0394, -0.378 -0.5122 0.0394, -0.3819 -0.4807 0.0394, -0.3268 -0.4807 0.0394, -0.3819 -0.2838 0.0591, -0.3819 -0.3625 0.0591, -0.3307 0.4432 0.2913, -0.3307 0.4488 0.3228, -0.3228 0.4488 0.3228, -0.3858 0.4217 0.1693, -0.3858 0.4488 0.3228, -0.378 0.4432 0.2913, -0.378 0.4488 0.3228, -0.3228 0.4217 0.1693, -0.3307 0.4217 0.1693, -0.3307 0.4231 0.1772, -0.378 0.4217 0.1693, -0.378 0.4231 0.1772
            ]
        }
        coordIndex [
            0,1,2,-1,3,4,5,-1,5,4,6,-1,5,6,2,-1,2,6,7,-1,2,7,0,-1,8,9,10,-1,10,9,11,-1,8,10,12,-1,13,14,15,-1,15,14,16,-1,15,16,12,-1,12,16,17,-1,12,17,8,-1,18,19,20,-1,19,18,21,-1,21,18,22,-1,21,22,23,-1,23,22,24,-1,23,24,20,-1,20,24,25,-1,20,25,18,-1,26,27,28,-1,29,30,31,-1,31,30,32,-1,31,32,28,-1,28,32,33,-1,28,33,26,-1,34,35,36,-1,36,35,37,-1,38,39,40,-1,37,35,41,-1,41,35,42,-1,41,42,40,-1,40,42,43,-1,40,43,38,-1,26,44,27,-1,27,44,45,-1,27,45,36,-1,36,45,34,-1,46,47,48,-1,49,50,51,-1,51,50,52,-1,53,54,55,-1,56,49,57,-1,57,49,51,-1,57,51,55,-1,55,51,46,-1,55,46,53,-1,53,46,48,-1,
        ]
    }
}
Shape{
    appearance Appearance {
        material  Material 	{
            diffuseColor 0.20784313725490197 0.20784313725490197 0.20784313725490197
            specularColor 0.01568627450980392 0.01568627450980392 0.01568627450980392
            ambientIntensity 0.298
            transparency 0.0
            shininess 0.5
        }
    }
    geometry IndexedFaceSet {
        ccw TRUE
        solid FALSE
        coord DEF co Coordinate {
            point [
                -0.3858 0.4488 0.3228, -0.3858 0.3768 0.3228, -0.378 0.4488 0.3228, -0.378 0.3768 0.3228
            ]
        }
        coordIndex [
            0,1,2,-1,2,1,3,-1,
        ]
    }
}
Shape{
    appearance Appearance {
        material  Material 	{
            diffuseColor 0.5882352941176471 0.5725490196078431 0.5254901960784314
            specularColor 0.043137254901960784 0.0392156862745098 0.0392156862745098
            ambientIntensity 0.8167
            transparency 0.0
            shininess 0.5
        }
    }
    geometry IndexedFaceSet {
        ccw TRUE
        solid FALSE
        coord DEF co Coordinate {
            point [
                -0.3268 0.169 0.2953, -0.3307 0.169 0.2953, -0.3307 0.169 0.3858, -0.378 0.169 0.2953, -0.3819 0.169 0.2953, -0.378 0.169 0.3858, -0.3819 0.169 0.4055, -0.3268 0.169 0.4055, -0.3819 0.169 0.0591, -0.3819 0.169 0.1969, -0.378 0.169 0.0591, -0.378 0.169 0.1969, -0.378 0.5784 0.0591, -0.3307 0.169 0.0591, -0.3268 0.169 0.0591, -0.3307 0.5784 0.0591, -0.3268 0.6217 0.0591, -0.3819 0.6217 0.0591, -0.1457 -0.1224 0.315, -0.1417 -0.1224 0.3189, -0.1417 -0.1224 0.3858, -0.0945 -0.1224 0.3189, -0.0906 -0.1224 0.315, -0.0945 -0.1224 0.3858, -0.0906 -0.1224 0.4055, -0.1457 -0.1224 0.4055, -0.0945 -0.1224 0.1252, -0.0945 -0.1224 0.0591, -0.0906 -0.1224 0.0591, -0.1457 -0.1224 0.0591, -0.1417 -0.1224 0.0591, -0.1417 -0.1224 0.1252, -0.0906 -0.1224 0.1969, -0.1181 -0.1224 0.1969, -0.1457 -0.1224 0.1969, -0.1457 -0.5318 0.0591, -0.1457 -0.5318 0.0394, -0.1417 -0.5318 0.0591, -0.1417 -0.5318 0.0394, -0.0906 -0.5318 0.0394, -0.0945 -0.5318 0.0394, -0.0945 -0.5122 0.0394, -0.1417 -0.5122 0.0394, -0.1457 -0.4807 0.0394, -0.0906 -0.4807 0.0394, -0.1457 -0.2838 0.0591, -0.1457 -0.3625 0.0591, -0.0945 0.4432 0.2913, -0.0945 0.4488 0.3228, -0.0866 0.4488 0.3228, -0.1496 0.4217 0.1693, -0.1496 0.4488 0.3228, -0.1417 0.4432 0.2913, -0.1417 0.4488 0.3228, -0.0866 0.4217 0.1693, -0.0945 0.4217 0.1693, -0.0945 0.4231 0.1772, -0.1417 0.4217 0.1693, -0.1417 0.4231 0.1772
            ]
        }
        coordIndex [
            0,1,2,-1,3,4,5,-1,5,4,6,-1,5,6,2,-1,2,6,7,-1,2,7,0,-1,8,9,10,-1,10,9,11,-1,8,10,12,-1,13,14,15,-1,15,14,16,-1,15,16,12,-1,12,16,17,-1,12,17,8,-1,18,19,20,-1,19,18,21,-1,21,18,22,-1,21,22,23,-1,23,22,24,-1,23,24,20,-1,20,24,25,-1,20,25,18,-1,26,27,28,-1,29,30,31,-1,28,32,26,-1,26,32,33,-1,26,33,31,-1,31,33,34,-1,31,34,29,-1,35,36,37,-1,37,36,38,-1,39,40,41,-1,38,36,42,-1,42,36,43,-1,42,43,41,-1,41,43,44,-1,41,44,39,-1,29,45,30,-1,30,45,46,-1,30,46,37,-1,37,46,35,-1,47,48,49,-1,50,51,52,-1,52,51,53,-1,54,55,56,-1,57,50,58,-1,58,50,52,-1,58,52,56,-1,56,52,47,-1,56,47,54,-1,54,47,49,-1,
        ]
    }
}
Shape{
    appearance Appearance {
        material  Material 	{
            diffuseColor 0.20784313725490197 0.20784313725490197 0.20784313725490197
            specularColor 0.01568627450980392 0.01568627450980392 0.01568627450980392
            ambientIntensity 0.298
            transparency 0.0
            shininess 0.5
        }
    }
    geometry IndexedFaceSet {
        ccw TRUE
        solid FALSE
        coord DEF co Coordinate {
            point [
                -0.1496 0.4488 0.3228, -0.1496 0.3768 0.3228, -0.1417 0.4488 0.3228, -0.1417 0.3768 0.3228
            ]
        }
        coordIndex [
            0,1,2,-1,2,1,3,-1,
        ]
    }
}
Shape{
    appearance Appearance {
        material  Material 	{
            diffuseColor 0.5882352941176471 0.5725490196078431 0.5254901960784314
            specularColor 0.043137254901960784 0.0392156862745098 0.0392156862745098
            ambientIntensity 0.8167
            transparency 0.0
            shininess 0.5
        }
    }
    geometry IndexedFaceSet {
        ccw TRUE
        solid FALSE
        coord DEF co Coordinate {
            point [
                -0.0906 0.169 0.2953, -0.0945 0.169 0.2953, -0.0945 0.169 0.3858, -0.1417 0.169 0.2953, -0.1457 0.169 0.2953, -0.1417 0.169 0.3858, -0.1457 0.169 0.4055, -0.0906 0.169 0.4055, -0.1457 0.169 0.0591, -0.1457 0.169 0.1969, -0.1417 0.169 0.0591, -0.1417 0.169 0.1969, -0.1417 0.5784 0.0591, -0.0945 0.169 0.0591, -0.0906 0.169 0.0591, -0.0945 0.5784 0.0591, -0.0906 0.6217 0.0591, -0.1457 0.6217 0.0591, 0.0906 -0.1224 0.315, 0.0945 -0.1224 0.3189, 0.0945 -0.1224 0.3858, 0.1417 -0.1224 0.3189, 0.1457 -0.1224 0.315, 0.1417 -0.1224 0.3858, 0.1457 -0.1224 0.4055, 0.0906 -0.1224 0.4055, 0.1417 -0.1224 0.1252, 0.1417 -0.1224 0.0591, 0.1457 -0.1224 0.0591, 0.0906 -0.1224 0.0591, 0.0945 -0.1224 0.0591, 0.0945 -0.1224 0.1252, 0.1457 -0.1224 0.1969, 0.1181 -0.1224 0.1969, 0.0906 -0.1224 0.1969, 0.0906 -0.5318 0.0591, 0.0906 -0.5318 0.0394, 0.0945 -0.5318 0.0591, 0.0945 -0.5318 0.0394, 0.1457 -0.5318 0.0394, 0.1417 -0.5318 0.0394, 0.1417 -0.5122 0.0394, 0.0945 -0.5122 0.0394, 0.0906 -0.4807 0.0394, 0.1457 -0.4807 0.0394, 0.0906 -0.2838 0.0591, 0.0906 -0.3625 0.0591, 0.1417 0.4432 0.2913, 0.1417 0.4488 0.3228, 0.1496 0.4488 0.3228, 0.0866 0.4217 0.1693, 0.0866 0.4488 0.3228, 0.0945 0.4432 0.2913, 0.0945 0.4488 0.3228, 0.1496 0.4217 0.1693, 0.1417 0.4217 0.1693, 0.1417 0.4231 0.1772, 0.0945 0.4217 0.1693, 0.0945 0.4231 0.1772
            ]
        }
        coordIndex [
            0,1,2,-1,3,4,5,-1,5,4,6,-1,5,6,2,-1,2,6,7,-1,2,7,0,-1,8,9,10,-1,10,9,11,-1,8,10,12,-1,13,14,15,-1,15,14,16,-1,15,16,12,-1,12,16,17,-1,12,17,8,-1,18,19,20,-1,19,18,21,-1,21,18,22,-1,21,22,23,-1,23,22,24,-1,23,24,20,-1,20,24,25,-1,20,25,18,-1,26,27,28,-1,29,30,31,-1,28,32,26,-1,26,32,33,-1,26,33,31,-1,31,33,34,-1,31,34,29,-1,35,36,37,-1,37,36,38,-1,39,40,41,-1,38,36,42,-1,42,36,43,-1,42,43,41,-1,41,43,44,-1,41,44,39,-1,29,45,30,-1,30,45,46,-1,30,46,37,-1,37,46,35,-1,47,48,49,-1,50,51,52,-1,52,51,53,-1,54,55,56,-1,57,50,58,-1,58,50,52,-1,58,52,56,-1,56,52,47,-1,56,47,54,-1,54,47,49,-1,
        ]
    }
}
Shape{
    appearance Appearance {
        material  Material 	{
            diffuseColor 0.20784313725490197 0.20784313725490197 0.20784313725490197
            specularColor 0.01568627450980392 0.01568627450980392 0.01568627450980392
            ambientIntensity 0.298
            transparency 0.0
            shininess 0.5
        }
    }
    geometry IndexedFaceSet {
        ccw TRUE
        solid FALSE
        coord DEF co Coordinate {
            point [
                0.0866 0.4488 0.3228, 0.0866 0.3768 0.3228, 0.0945 0.4488 0.3228, 0.0945 0.3768 0.3228
            ]
        }
        coordIndex [
            0,1,2,-1,2,1,3,-1,
        ]
    }
}
Shape{
    appearance Appearance {
        material  Material 	{
            diffuseColor 0.5882352941176471 0.5725490196078431 0.5254901960784314
            specularColor 0.043137254901960784 0.0392156862745098 0.0392156862745098
            ambientIntensity 0.8167
            transparency 0.0
            shininess 0.5
        }
    }
    geometry IndexedFaceSet {
        ccw TRUE
        solid FALSE
        coord DEF co Coordinate {
            point [
                0.1457 0.169 0.2953, 0.1417 0.169 0.2953, 0.1417 0.169 0.3858, 0.0945 0.169 0.2953, 0.0906 0.169 0.2953, 0.0945 0.169 0.3858, 0.0906 0.169 0.4055, 0.1457 0.169 0.4055, 0.0906 0.169 0.0591, 0.0906 0.169 0.1969, 0.0945 0.169 0.0591, 0.0945 0.169 0.1969, 0.0945 0.5784 0.0591, 0.1417 0.169 0.0591, 0.1457 0.169 0.0591, 0.1417 0.5784 0.0591, 0.1457 0.6217 0.0591, 0.0906 0.6217 0.0591, 0.3268 -0.1224 0.315, 0.3307 -0.1224 0.3189, 0.3307 -0.1224 0.3858, 0.378 -0.1224 0.3189, 0.3819 -0.1224 0.315, 0.378 -0.1224 0.3858, 0.3819 -0.1224 0.4055, 0.3268 -0.1224 0.4055, 0.378 -0.1224 0.1252, 0.378 -0.1224 0.0591, 0.3819 -0.1224 0.0591, 0.3268 -0.1224 0.0591, 0.3307 -0.1224 0.0591, 0.3307 -0.1224 0.1252, 0.3819 -0.1224 0.1969, 0.3543 -0.1224 0.1969, 0.3268 -0.1224 0.1969, 0.3268 -0.5318 0.0591, 0.3268 -0.5318 0.0394, 0.3307 -0.5318 0.0591, 0.3307 -0.5318 0.0394, 0.3819 -0.5318 0.0394, 0.378 -0.5318 0.0394, 0.378 -0.5122 0.0394, 0.3307 -0.5122 0.0394, 0.3268 -0.4807 0.0394, 0.3819 -0.4807 0.0394, 0.3268 -0.2838 0.0591, 0.3268 -0.3625 0.0591, 0.378 0.4432 0.2913, 0.378 0.4488 0.3228, 0.3858 0.4488 0.3228, 0.3228 0.4217 0.1693, 0.3228 0.4488 0.3228, 0.3307 0.4432 0.2913, 0.3307 0.4488 0.3228, 0.3858 0.4217 0.1693, 0.378 0.4217 0.1693, 0.378 0.4231 0.1772, 0.3307 0.4217 0.1693, 0.3307 0.4231 0.1772
            ]
        }
        coordIndex [
            0,1,2,-1,3,4,5,-1,5,4,6,-1,5,6,2,-1,2,6,7,-1,2,7,0,-1,8,9,10,-1,10,9,11,-1,8,10,12,-1,13,14,15,-1,15,14,16,-1,15,16,12,-1,12,16,17,-1,12,17,8,-1,18,19,20,-1,19,18,21,-1,21,18,22,-1,21,22,23,-1,23,22,24,-1,23,24,20,-1,20,24,25,-1,20,25,18,-1,26,27,28,-1,29,30,31,-1,28,32,26,-1,26,32,33,-1,26,33,31,-1,31,33,34,-1,31,34,29,-1,35,36,37,-1,37,36,38,-1,39,40,41,-1,38,36,42,-1,42,36,43,-1,42,43,41,-1,41,43,44,-1,41,44,39,-1,29,45,30,-1,30,45,46,-1,30,46,37,-1,37,46,35,-1,47,48,49,-1,50,51,52,-1,52,51,53,-1,54,55,56,-1,57,50,58,-1,58,50,52,-1,58,52,56,-1,56,52,47,-1,56,47,54,-1,54,47,49,-1,
        ]
    }
}
Shape{
    appearance Appearance {
        material  Material 	{
            diffuseColor 0.20784313725490197 0.20784313725490197 0.20784313725490197
            specularColor 0.01568627450980392 0.01568627450980392 0.01568627450980392
            ambientIntensity 0.298
            transparency 0.0
            shininess 0.5
        }
    }
    geometry IndexedFaceSet {
        ccw TRUE
        solid FALSE
        coord DEF co Coordinate {
            point [
                0.3228 0.4488 0.3228, 0.3228 0.3768 0.3228, 0.3307 0.4488 0.3228, 0.3307 0.3768 0.3228
            ]
        }
        coordIndex [
            0,1,2,-1,2,1,3,-1,
        ]
    }
}
Shape{
    appearance Appearance {
        material  Material 	{
            diffuseColor 0.5882352941176471 0.5725490196078431 0.5254901960784314
            specularColor 0.043137254901960784 0.0392156862745098 0.0392156862745098
            ambientIntensity 0.8167
            transparency 0.0
            shininess 0.5
        }
    }
    geometry IndexedFaceSet {
        ccw TRUE
        solid FALSE
        coord DEF co Coordinate {
            point [
                0.3819 0.169 0.2953, 0.378 0.169 0.2953, 0.378 0.169 0.3858, 0.3307 0.169 0.2953, 0.3268 0.169 0.2953, 0.3307 0.169 0.3858, 0.3268 0.169 0.4055, 0.3819 0.169 0.4055, 0.3268 0.169 0.0591, 0.3268 0.169 0.1969, 0.3307 0.169 0.0591, 0.3307 0.169 0.1969, 0.3307 0.5784 0.0591, 0.378 0.169 0.0591, 0.3819 0.169 0.0591, 0.378 0.5784 0.0591, 0.3819 0.6217 0.0591, 0.3268 0.6217 0.0591, 0.563 -0.1224 0.315, 0.5669 -0.1224 0.3189, 0.5669 -0.1224 0.3858, 0.6142 -0.1224 0.3189, 0.6181 -0.1224 0.315, 0.6142 -0.1224 0.3858, 0.6181 -0.1224 0.4055, 0.563 -0.1224 0.4055, 0.6142 -0.1224 0.1252, 0.6142 -0.1224 0.0591, 0.6181 -0.1224 0.0591, 0.563 -0.1224 0.0591, 0.5669 -0.1224 0.0591, 0.5669 -0.1224 0.1252, 0.6181 -0.1224 0.1969, 0.5906 -0.1224 0.1969, 0.563 -0.1224 0.1969, 0.563 -0.5318 0.0591, 0.563 -0.5318 0.0394, 0.5669 -0.5318 0.0591, 0.5669 -0.5318 0.0394, 0.6181 -0.5318 0.0394, 0.6142 -0.5318 0.0394, 0.6142 -0.5122 0.0394, 0.5669 -0.5122 0.0394, 0.563 -0.4807 0.0394, 0.6181 -0.4807 0.0394, 0.563 -0.2838 0.0591, 0.563 -0.3625 0.0591, 0.6142 0.4432 0.2913, 0.6142 0.4488 0.3228, 0.622 0.4488 0.3228, 0.5591 0.4217 0.1693, 0.5591 0.4488 0.3228, 0.5669 0.4432 0.2913, 0.5669 0.4488 0.3228, 0.622 0.4217 0.1693, 0.6142 0.4217 0.1693, 0.6142 0.4231 0.1772, 0.5669 0.4217 0.1693, 0.5669 0.4231 0.1772
            ]
        }
        coordIndex [
            0,1,2,-1,3,4,5,-1,5,4,6,-1,5,6,2,-1,2,6,7,-1,2,7,0,-1,8,9,10,-1,10,9,11,-1,8,10,12,-1,13,14,15,-1,15,14,16,-1,15,16,12,-1,12,16,17,-1,12,17,8,-1,18,19,20,-1,19,18,21,-1,21,18,22,-1,21,22,23,-1,23,22,24,-1,23,24,20,-1,20,24,25,-1,20,25,18,-1,26,27,28,-1,29,30,31,-1,28,32,26,-1,26,32,33,-1,26,33,31,-1,31,33,34,-1,31,34,29,-1,35,36,37,-1,37,36,38,-1,39,40,41,-1,38,36,42,-1,42,36,43,-1,42,43,41,-1,41,43,44,-1,41,44,39,-1,29,45,30,-1,30,45,46,-1,30,46,37,-1,37,46,35,-1,47,48,49,-1,50,51,52,-1,52,51,53,-1,54,55,56,-1,57,50,58,-1,58,50,52,-1,58,52,56,-1,56,52,47,-1,56,47,54,-1,54,47,49,-1,
        ]
    }
}
Shape{
    appearance Appearance {
        material  Material 	{
            diffuseColor 0.20784313725490197 0.20784313725490197 0.20784313725490197
            specularColor 0.01568627450980392 0.01568627450980392 0.01568627450980392
            ambientIntensity 0.298
            transparency 0.0
            shininess 0.5
        }
    }
    geometry IndexedFaceSet {
        ccw TRUE
        solid FALSE
        coord DEF co Coordinate {
            point [
                0.5591 0.4488 0.3228, 0.5591 0.3768 0.3228, 0.5669 0.4488 0.3228, 0.5669 0.3768 0.3228
            ]
        }
        coordIndex [
            0,1,2,-1,2,1,3,-1,
        ]
    }
}
Shape{
    appearance Appearance {
        material  Material 	{
            diffuseColor 0.5882352941176471 0.5725490196078431 0.5254901960784314
            specularColor 0.043137254901960784 0.0392156862745098 0.0392156862745098
            ambientIntensity 0.8167
            transparency 0.0
            shininess 0.5
        }
    }
    geometry IndexedFaceSet {
        ccw TRUE
        solid FALSE
        coord DEF co Coordinate {
            point [
                0.6181 0.169 0.2953, 0.6142 0.169 0.2953, 0.6142 0.169 0.3858, 0.5669 0.169 0.2953, 0.563 0.169 0.2953, 0.5669 0.169 0.3858, 0.563 0.169 0.4055, 0.6181 0.169 0.4055, 0.563 0.169 0.0591, 0.563 0.169 0.1969, 0.5669 0.169 0.0591, 0.5669 0.169 0.1969, 0.5669 0.5784 0.0591, 0.6142 0.169 0.0591, 0.6181 0.169 0.0591, 0.6142 0.5784 0.0591, 0.6181 0.6217 0.0591, 0.563 0.6217 0.0591, 0.7992 -0.1224 0.315, 0.8031 -0.1224 0.3189, 0.8031 -0.1224 0.3858, 0.8504 -0.1224 0.3189, 0.8543 -0.1224 0.315, 0.8504 -0.1224 0.3858, 0.8543 -0.1224 0.4055, 0.7992 -0.1224 0.4055, 0.8504 -0.1224 0.1252, 0.8504 -0.1224 0.0591, 0.8543 -0.1224 0.0591, 0.7992 -0.1224 0.0591, 0.8031 -0.1224 0.0591, 0.8031 -0.1224 0.1252, 0.8543 -0.1224 0.1969, 0.8268 -0.1224 0.1969, 0.7992 -0.1224 0.1969, 0.7992 -0.5318 0.0591, 0.7992 -0.5318 0.0394, 0.8031 -0.5318 0.0591, 0.8031 -0.5318 0.0394, 0.8543 -0.5318 0.0394, 0.8504 -0.5318 0.0394, 0.8504 -0.5122 0.0394, 0.8031 -0.5122 0.0394, 0.7992 -0.4807 0.0394, 0.8543 -0.4807 0.0394, 0.7992 -0.2838 0.0591, 0.7992 -0.3625 0.0591, 0.8504 0.4432 0.2913, 0.8504 0.4488 0.3228, 0.8583 0.4488 0.3228, 0.7953 0.4217 0.1693, 0.7953 0.4488 0.3228, 0.8031 0.4432 0.2913, 0.8031 0.4488 0.3228, 0.8583 0.4217 0.1693, 0.8504 0.4217 0.1693, 0.8504 0.4231 0.1772, 0.8031 0.4217 0.1693, 0.8031 0.4231 0.1772
            ]
        }
        coordIndex [
            0,1,2,-1,3,4,5,-1,5,4,6,-1,5,6,2,-1,2,6,7,-1,2,7,0,-1,8,9,10,-1,10,9,11,-1,8,10,12,-1,13,14,15,-1,15,14,16,-1,15,16,12,-1,12,16,17,-1,12,17,8,-1,18,19,20,-1,19,18,21,-1,21,18,22,-1,21,22,23,-1,23,22,24,-1,23,24,20,-1,20,24,25,-1,20,25,18,-1,26,27,28,-1,29,30,31,-1,28,32,26,-1,26,32,33,-1,26,33,31,-1,31,33,34,-1,31,34,29,-1,35,36,37,-1,37,36,38,-1,39,40,41,-1,38,36,42,-1,42,36,43,-1,42,43,41,-1,41,43,44,-1,41,44,39,-1,29,45,30,-1,30,45,46,-1,30,46,37,-1,37,46,35,-1,47,48,49,-1,50,51,52,-1,52,51,53,-1,54,55,56,-1,57,50,58,-1,58,50,52,-1,58,52,56,-1,56,52,47,-1,56,47,54,-1,54,47,49,-1,
        ]
    }
}
Shape{
    appearance Appearance {
        material  Material 	{
            diffuseColor 0.20784313725490197 0.20784313725490197 0.20784313725490197
            specularColor 0.01568627450980392 0.01568627450980392 0.01568627450980392
            ambientIntensity 0.298
            transparency 0.0
            shininess 0.5
        }
    }
    geometry IndexedFaceSet {
        ccw TRUE
        solid FALSE
        coord DEF co Coordinate {
            point [
                0.7953 0.4488 0.3228, 0.7953 0.3768 0.3228, 0.8031 0.4488 0.3228, 0.8031 0.3768 0.3228
            ]
        }
        coordIndex [
            0,1,2,-1,2,1,3,-1,
        ]
    }
}
Shape{
    appearance Appearance {
        material  Material 	{
            diffuseColor 0.5882352941176471 0.5725490196078431 0.5254901960784314
            specularColor 0.043137254901960784 0.0392156862745098 0.0392156862745098
            ambientIntensity 0.8167
            transparency 0.0
            shininess 0.5
        }
    }
    geometry IndexedFaceSet {
        ccw TRUE
        solid FALSE
        coord DEF co Coordinate {
            point [
                0.8543 0.169 0.2953, 0.8504 0.169 0.2953, 0.8504 0.169 0.3858, 0.8031 0.169 0.2953, 0.7992 0.169 0.2953, 0.8031 0.169 0.3858, 0.7992 0.169 0.4055, 0.8543 0.169 0.4055, 0.7992 0.169 0.0591, 0.7992 0.169 0.1969, 0.8031 0.169 0.0591, 0.8031 0.169 0.1969, 0.8031 0.5784 0.0591, 0.8504 0.169 0.0591, 0.8543 0.169 0.0591, 0.8504 0.5784 0.0591, 0.8543 0.6217 0.0591, 0.7992 0.6217 0.0591, 1.0354 -0.1224 0.315, 1.0394 -0.1224 0.3189, 1.0394 -0.1224 0.3858, 1.0866 -0.1224 0.3189, 1.0906 -0.1224 0.315, 1.0866 -0.1224 0.3858, 1.0906 -0.1224 0.4055, 1.0354 -0.1224 0.4055, 1.0866 -0.1224 0.1252, 1.0866 -0.1224 0.0591, 1.0906 -0.1224 0.0591, 1.0354 -0.1224 0.0591, 1.0394 -0.1224 0.0591, 1.0394 -0.1224 0.1252, 1.0906 -0.1224 0.1969, 1.063 -0.1224 0.1969, 1.0354 -0.1224 0.1969, 1.0354 -0.5318 0.0591, 1.0354 -0.5318 0.0394, 1.0394 -0.5318 0.0591, 1.0394 -0.5318 0.0394, 1.0906 -0.5318 0.0394, 1.0866 -0.5318 0.0394, 1.0866 -0.5122 0.0394, 1.0394 -0.5122 0.0394, 1.0354 -0.4807 0.0394, 1.0906 -0.4807 0.0394, 1.0354 -0.2838 0.0591, 1.0354 -0.3625 0.0591, 1.0945 0.4488 0.3228, 1.0945 0.4217 0.1693, 1.0866 0.4231 0.1772, 1.0866 0.4217 0.1693, 1.0315 0.4217 0.1693, 1.0315 0.4488 0.3228, 1.0394 0.4432 0.2913, 1.0394 0.4488 0.3228, 1.0394 0.4217 0.1693, 1.0394 0.4231 0.1772, 1.0866 0.4432 0.2913, 1.0866 0.4488 0.3228
            ]
        }
        coordIndex [
            0,1,2,-1,3,4,5,-1,5,4,6,-1,5,6,2,-1,2,6,7,-1,2,7,0,-1,8,9,10,-1,10,9,11,-1,8,10,12,-1,13,14,15,-1,15,14,16,-1,15,16,12,-1,12,16,17,-1,12,17,8,-1,18,19,20,-1,19,18,21,-1,21,18,22,-1,21,22,23,-1,23,22,24,-1,23,24,20,-1,20,24,25,-1,20,25,18,-1,26,27,28,-1,29,30,31,-1,28,32,26,-1,26,32,33,-1,26,33,31,-1,31,33,34,-1,31,34,29,-1,35,36,37,-1,37,36,38,-1,39,40,41,-1,38,36,42,-1,42,36,43,-1,42,43,41,-1,41,43,44,-1,41,44,39,-1,29,45,30,-1,30,45,46,-1,30,46,37,-1,37,46,35,-1,47,48,49,-1,49,48,50,-1,51,52,53,-1,53,52,54,-1,55,51,56,-1,56,51,53,-1,56,53,49,-1,49,53,57,-1,49,57,47,-1,47,57,58,-1,
        ]
    }
}
Shape{
    appearance Appearance {
        material  Material 	{
            diffuseColor 0.20784313725490197 0.20784313725490197 0.20784313725490197
            specularColor 0.01568627450980392 0.01568627450980392 0.01568627450980392
            ambientIntensity 0.298
            transparency 0.0
            shininess 0.5
        }
    }
    geometry IndexedFaceSet {
        ccw TRUE
        solid FALSE
        coord DEF co Coordinate {
            point [
                1.0315 0.4488 0.3228, 1.0315 0.3768 0.3228, 1.0394 0.4488 0.3228, 1.0394 0.3768 0.3228
            ]
        }
        coordIndex [
            0,1,2,-1,2,1,3,-1,
        ]
    }
}
Shape{
    appearance Appearance {
        material  Material 	{
            diffuseColor 0.5882352941176471 0.5725490196078431 0.5254901960784314
            specularColor 0.043137254901960784 0.0392156862745098 0.0392156862745098
            ambientIntensity 0.8167
            transparency 0.0
            shininess 0.5
        }
    }
    geometry IndexedFaceSet {
        ccw TRUE
        solid FALSE
        coord DEF co Coordinate {
            point [
                1.0906 0.169 0.2953, 1.0866 0.169 0.2953, 1.0866 0.169 0.3858, 1.0394 0.169 0.2953, 1.0354 0.169 0.2953, 1.0394 0.169 0.3858, 1.0354 0.169 0.4055, 1.0906 0.169 0.4055, 1.0354 0.169 0.0591, 1.0354 0.169 0.1969, 1.0394 0.169 0.0591, 1.0394 0.169 0.1969, 1.0394 0.5784 0.0591, 1.0866 0.169 0.0591, 1.0906 0.169 0.0591, 1.0866 0.5784 0.0591, 1.0906 0.6217 0.0591, 1.0354 0.6217 0.0591, 1.2717 -0.1224 0.315, 1.2756 -0.1224 0.3189, 1.2756 -0.1224 0.3858, 1.3228 -0.1224 0.3189, 1.3268 -0.1224 0.315, 1.3228 -0.1224 0.3858, 1.3268 -0.1224 0.4055, 1.2717 -0.1224 0.4055, 1.2717 -0.5318 0.0591, 1.2717 -0.5318 0.0394, 1.2756 -0.5318 0.0591, 1.2756 -0.5318 0.0394, 1.2717 -0.1224 0.0591, 1.2756 -0.1224 0.0591, 1.2756 -0.1224 0.1252, 1.3228 -0.1224 0.0591, 1.3268 -0.1224 0.0591, 1.3228 -0.1224 0.1252, 1.3268 -0.1224 0.1969, 1.2717 -0.1224 0.1969, 1.3268 -0.5318 0.0394, 1.3228 -0.5318 0.0394, 1.3228 -0.5122 0.0394, 1.2756 -0.5122 0.0394, 1.2717 -0.4807 0.0394, 1.3268 -0.4807 0.0394, 1.2717 -0.2838 0.0591, 1.2717 -0.3625 0.0591
            ]
        }
        coordIndex [
            0,1,2,-1,3,4,5,-1,5,4,6,-1,5,6,2,-1,2,6,7,-1,2,7,0,-1,8,9,10,-1,10,9,11,-1,8,10,12,-1,13,14,15,-1,15,14,16,-1,15,16,12,-1,12,16,17,-1,12,17,8,-1,18,19,20,-1,19,18,21,-1,21,18,22,-1,21,22,23,-1,23,22,24,-1,23,24,20,-1,20,24,25,-1,20,25,18,-1,26,27,28,-1,28,27,29,-1,30,31,32,-1,33,34,35,-1,35,34,36,-1,35,36,32,-1,32,36,37,-1,32,37,30,-1,38,39,40,-1,29,27,41,-1,41,27,42,-1,41,42,40,-1,40,42,43,-1,40,43,38,-1,30,44,31,-1,31,44,45,-1,31,45,28,-1,28,45,26,-1,
        ]
    }
}
Shape{
    appearance Appearance {
        material  Material 	{
            diffuseColor 0.20784313725490197 0.20784313725490197 0.20784313725490197
            specularColor 0.01568627450980392 0.01568627450980392 0.01568627450980392
            ambientIntensity 0.298
            transparency 0.0
            shininess 0.5
        }
    }
    geometry IndexedFaceSet {
        ccw TRUE
        solid FALSE
        coord DEF co Coordinate {
            point [
                1.2677 0.4488 0.3228, 1.2677 0.3768 0.3228, 1.2756 0.4488 0.3228, 1.2756 0.3768 0.3228
            ]
        }
        coordIndex [
            0,1,2,-1,2,1,3,-1,
        ]
    }
}
Shape{
    appearance Appearance {
        material  Material 	{
            diffuseColor 0.5882352941176471 0.5725490196078431 0.5254901960784314
            specularColor 0.043137254901960784 0.0392156862745098 0.0392156862745098
            ambientIntensity 0.8167
            transparency 0.0
            shininess 0.5
        }
    }
    geometry IndexedFaceSet {
        ccw TRUE
        solid FALSE
        coord DEF co Coordinate {
            point [
                1.3228 0.4432 0.2913, 1.3228 0.4488 0.3228, 1.3307 0.4488 0.3228, 1.2756 0.4231 0.1772, 1.2756 0.4217 0.1693, 1.2677 0.4217 0.1693, 1.3307 0.4217 0.1693, 1.3228 0.4217 0.1693, 1.3228 0.4231 0.1772, 1.2677 0.4488 0.3228, 1.2756 0.4488 0.3228, 1.2756 0.4432 0.2913, 1.3268 0.169 0.2953, 1.3228 0.169 0.2953, 1.3228 0.169 0.3858, 1.2756 0.169 0.2953, 1.2717 0.169 0.2953, 1.2756 0.169 0.3858, 1.2717 0.169 0.4055, 1.3268 0.169 0.4055, 1.2717 0.169 0.0591, 1.2717 0.169 0.1969, 1.2756 0.169 0.0591, 1.2756 0.169 0.1969, 1.2756 0.5784 0.0591, 1.3228 0.169 0.0591, 1.3268 0.169 0.0591, 1.3228 0.5784 0.0591, 1.3268 0.6217 0.0591, 1.2717 0.6217 0.0591
            ]
        }
        coordIndex [
            0,1,2,-1,3,4,5,-1,6,7,8,-1,9,10,11,-1,2,6,0,-1,0,6,8,-1,0,8,11,-1,11,8,3,-1,11,3,9,-1,9,3,5,-1,12,13,14,-1,15,16,17,-1,17,16,18,-1,17,18,14,-1,14,18,19,-1,14,19,12,-1,20,21,22,-1,22,21,23,-1,20,22,24,-1,25,26,27,-1,27,26,28,-1,27,28,24,-1,24,28,29,-1,24,29,20,-1,
        ]
    }
}
Shape{
    appearance Appearance {
        material  Material 	{
            diffuseColor 0.20784313725490197 0.20784313725490197 0.20784313725490197
            specularColor 0.01568627450980392 0.01568627450980392 0.01568627450980392
            ambientIntensity 0.298
            transparency 0.0
            shininess 0.5
        }
    }
    geometry IndexedFaceSet {
        ccw TRUE
        solid FALSE
        coord DEF co Coordinate {
            point [
                -1.563 0.4168 0.3622, -1.3307 0.4168 0.3622, -1.563 0.6808 0.3622, -1.3307 0.5784 0.3622, -1.2677 0.5784 0.3622, -1.2677 0.4168 0.3622, -1.2126 0.4168 0.3622, -1.2126 0.5784 0.3622, -1.1496 0.5784 0.3622, -1.0315 0.4168 0.3622, -0.9764 0.4168 0.3622, -1.0315 0.5784 0.3622, -0.9764 0.5784 0.3622, -0.7953 0.5784 0.3622, -0.7953 0.4168 0.3622, -0.7402 0.4168 0.3622, -1.1496 0.4168 0.3622, -1.0945 0.4168 0.3622, -1.0945 0.5784 0.3622, 1.563 0.6808 0.3622, -0.9134 0.5784 0.3622, -0.5591 0.5784 0.3622, -0.5591 0.4168 0.3622, -0.5039 0.4168 0.3622, -0.7402 0.5784 0.3622, -0.6772 0.5784 0.3622, -0.8583 0.5784 0.3622, -0.8583 0.4168 0.3622, -0.9134 0.4168 0.3622, -0.5039 0.5784 0.3622, -0.4409 0.5784 0.3622, -0.3228 0.5784 0.3622, -0.3228 0.4168 0.3622, -0.2677 0.4168 0.3622, -0.622 0.5784 0.3622, -0.622 0.4168 0.3622, -0.6772 0.4168 0.3622, -0.2677 0.5784 0.3622, -0.2047 0.5784 0.3622, -0.0866 0.5784 0.3622, -0.0866 0.4168 0.3622, -0.0315 0.4168 0.3622, -0.3858 0.5784 0.3622, -0.3858 0.4168 0.3622, -0.4409 0.4168 0.3622, -0.0315 0.5784 0.3622, 0.0315 0.5784 0.3622, -0.2047 0.4168 0.3622, -0.1496 0.4168 0.3622, -0.1496 0.5784 0.3622, 0.1496 0.5784 0.3622, 0.1496 0.4168 0.3622, 0.2047 0.4168 0.3622, 0.2047 0.5784 0.3622, 0.2677 0.5784 0.3622, 0.0866 0.5784 0.3622, 0.0866 0.4168 0.3622, 0.0315 0.4168 0.3622, 0.3858 0.5784 0.3622, 0.3858 0.4168 0.3622, 0.4409 0.4168 0.3622, 0.4409 0.5784 0.3622, 0.5039 0.5784 0.3622, 0.3228 0.5784 0.3622, 0.3228 0.4168 0.3622, 0.2677 0.4168 0.3622, 0.622 0.5784 0.3622, 0.622 0.4168 0.3622, 0.6772 0.4168 0.3622, 0.6772 0.5784 0.3622, 0.7402 0.5784 0.3622, 0.5591 0.5784 0.3622, 0.5591 0.4168 0.3622, 0.5039 0.4168 0.3622, 0.8583 0.5784 0.3622, 0.8583 0.4168 0.3622, 0.9134 0.4168 0.3622, 0.9134 0.5784 0.3622, 0.9764 0.5784 0.3622, 0.7953 0.5784 0.3622, 0.7953 0.4168 0.3622, 0.7402 0.4168 0.3622, 1.0945 0.5784 0.3622, 1.0945 0.4168 0.3622, 1.1496 0.4168 0.3622, 1.1496 0.5784 0.3622, 1.2126 0.5784 0.3622, 1.0315 0.5784 0.3622, 1.0315 0.4168 0.3622, 0.9764 0.4168 0.3622, 1.3307 0.4168 0.3622, 1.563 0.4168 0.3622, 1.3307 0.5784 0.3622, 1.2677 0.5784 0.3622, 1.2677 0.4168 0.3622, 1.2126 0.4168 0.3622, -1.563 0.7477 0.4291, 1.563 0.7477 0.4291, -1.563 0.7477 0.4528, 1.563 0.7477 0.4528, 0.7205 0.7752 0.4528, 0.7205 0.7989 0.4528, -1.563 0.7989 0.4528, 1.563 0.7989 0.4528, 1.1142 0.7989 0.4528, 1.1142 0.7752 0.4528, -1.3465 0.7989 0.2087, -1.563 0.7989 0.2087, -1.3465 0.7989 0.315, 0.7205 0.7989 0.315, 0.7894 0.7752 0.3307, 0.8189 0.7752 0.311, 0.7894 0.7556 0.3307, 0.8189 0.7556 0.311, 1.0157 0.7752 0.311, 1.0157 0.7556 0.311, 1.0453 0.7752 0.3307, 1.0453 0.7556 0.3307, 0.7205 0.7752 0.3307, 0.7205 0.7556 0.3307, 1.1142 0.7752 0.3307, 1.1142 0.7556 0.3307
            ]
        }
        coordIndex [
            0,1,2,-1,2,1,3,-1,2,3,4,-1,5,6,4,-1,4,6,7,-1,4,7,2,-1,2,7,8,-1,9,10,11,-1,11,10,12,-1,13,14,15,-1,16,17,8,-1,8,17,18,-1,8,18,2,-1,2,18,11,-1,2,11,19,-1,19,11,12,-1,19,12,20,-1,21,22,23,-1,24,25,19,-1,15,24,13,-1,13,24,19,-1,13,19,26,-1,26,19,20,-1,26,20,27,-1,27,20,28,-1,29,30,19,-1,31,32,33,-1,23,29,21,-1,21,29,19,-1,21,19,34,-1,34,19,25,-1,34,25,35,-1,35,25,36,-1,37,38,19,-1,39,40,41,-1,33,37,31,-1,31,37,19,-1,31,19,42,-1,42,19,30,-1,42,30,43,-1,43,30,44,-1,45,46,19,-1,47,48,38,-1,38,48,49,-1,38,49,19,-1,19,49,39,-1,19,39,45,-1,45,39,41,-1,50,51,52,-1,53,54,19,-1,52,53,50,-1,50,53,19,-1,50,19,55,-1,55,19,46,-1,55,46,56,-1,56,46,57,-1,58,59,60,-1,61,62,19,-1,60,61,58,-1,58,61,19,-1,58,19,63,-1,63,19,54,-1,63,54,64,-1,64,54,65,-1,66,67,68,-1,69,70,19,-1,68,69,66,-1,66,69,19,-1,66,19,71,-1,71,19,62,-1,71,62,72,-1,72,62,73,-1,74,75,76,-1,77,78,19,-1,76,77,74,-1,74,77,19,-1,74,19,79,-1,79,19,70,-1,79,70,80,-1,80,70,81,-1,82,83,84,-1,85,86,19,-1,84,85,82,-1,82,85,19,-1,82,19,87,-1,87,19,78,-1,87,78,88,-1,88,78,89,-1,90,91,92,-1,92,91,19,-1,92,19,93,-1,93,19,86,-1,93,86,94,-1,94,86,95,-1,2,19,96,-1,96,19,97,-1,96,97,98,-1,98,97,99,-1,100,101,102,-1,99,103,104,-1,104,105,99,-1,99,105,100,-1,99,100,98,-1,98,100,102,-1,106,107,108,-1,108,107,102,-1,108,102,109,-1,109,102,101,-1,110,111,112,-1,112,111,113,-1,111,114,113,-1,113,114,115,-1,114,116,115,-1,115,116,117,-1,118,110,119,-1,119,110,112,-1,105,120,116,-1,105,116,100,-1,114,111,116,-1,116,111,110,-1,116,110,100,-1,100,110,118,-1,116,120,117,-1,117,120,121,-1,
        ]
    }
}
Shape{
    appearance Appearance {
        material  Material 	{
            diffuseColor 0.5882352941176471 0.5725490196078431 0.5254901960784314
            specularColor 0.043137254901960784 0.0392156862745098 0.0392156862745098
            ambientIntensity 0.8167
            transparency 0.0
            shininess 0.5
        }
    }
    geometry IndexedFaceSet {
        ccw TRUE
        solid FALSE
        coord DEF co Coordinate {
            point [
                -1.5709 -0.3232 0.3661, -1.5709 0.2366 0.3661, -1.5709 -0.3232 0.1299, -1.5709 0.2634 0.2244, -1.5709 0.3225 0.1654, -1.5709 0.3697 0.1654, -1.5709 0.3707 0.1647, -1.5709 0.3873 0.1579, -1.5709 0.4052 0.1555, -1.5709 0.7004 0.1299, -1.5709 0.4407 0.1654, -1.5709 0.7004 0.1654, -1.5709 0.4396 0.1647, -1.5709 0.423 0.1579
            ]
        }
        coordIndex [
            0,1,2,-1,2,1,3,-1,2,3,4,-1,5,6,4,-1,4,6,7,-1,4,7,2,-1,2,7,8,-1,2,8,9,-1,10,11,12,-1,12,11,9,-1,12,9,13,-1,13,9,8,-1,
        ]
    }
}
Shape{
    appearance Appearance {
        material  Material 	{
            diffuseColor 0.20784313725490197 0.20784313725490197 0.20784313725490197
            specularColor 0.01568627450980392 0.01568627450980392 0.01568627450980392
            ambientIntensity 0.298
            transparency 0.0
            shininess 0.5
        }
    }
    geometry IndexedFaceSet {
        ccw TRUE
        solid FALSE
        coord DEF co Coordinate {
            point [
                0.7205 0.7989 0.315, 0.7205 0.7792 0.315, -1.3465 0.7989 0.315, -1.3465 0.7792 0.315, 1.0453 0.7556 0.3307, 1.1142 0.7556 0.3307, 1.0157 0.7556 0.311, 1.1142 0.7556 0.2323, 0.8189 0.7556 0.311, 0.7205 0.7556 0.2323, 0.7894 0.7556 0.3307, 0.7205 0.7556 0.3307, 0.7205 0.7595 0.2323, 0.7205 0.7792 0.2323, 0.7205 0.7752 0.3307, 0.7205 0.7752 0.4528, 0.7205 0.7989 0.4528
            ]
        }
        coordIndex [
            0,1,2,-1,2,1,3,-1,4,5,6,-1,6,5,7,-1,6,7,8,-1,8,7,9,-1,8,9,10,-1,10,9,11,-1,12,13,1,-1,9,12,11,-1,11,12,1,-1,11,1,14,-1,14,1,0,-1,14,0,15,-1,15,0,16,-1,
        ]
    }
}
Shape{
    appearance Appearance {
        material  Material 	{
            diffuseColor 0.5882352941176471 0.5725490196078431 0.5254901960784314
            specularColor 0.043137254901960784 0.0392156862745098 0.0392156862745098
            ambientIntensity 0.8167
            transparency 0.0
            shininess 0.5
        }
    }
    geometry IndexedFaceSet {
        ccw TRUE
        solid FALSE
        coord DEF co Coordinate {
            point [
                -1.5748 0.1099 0.1299, -1.6339 0.1099 0.1299, -1.5748 0.2083 0.1496, -1.6339 0.2083 0.1496, -1.5748 0.3067 0.1496, -1.6339 0.3067 0.1496, -1.6339 0.3264 0.1693, -1.5748 0.3264 0.1693, -1.5748 0.3258 0.1642, -1.6339 0.3258 0.1642, -1.5748 0.3238 0.1594, -1.6339 0.3238 0.1594, -1.5748 0.3207 0.1554, -1.6339 0.3207 0.1554, -1.5748 0.3166 0.1522, -1.6339 0.3166 0.1522, -1.5748 0.3118 0.1503, -1.6339 0.3118 0.1503, -1.5748 0.3264 0.2362, -1.6339 0.3264 0.2362
            ]
        }
        coordIndex [
            0,1,2,-1,2,1,3,-1,4,2,5,-1,5,2,3,-1,6,7,8,-1,6,8,9,-1,9,8,10,-1,9,10,11,-1,11,10,12,-1,11,12,13,-1,13,12,14,-1,13,14,15,-1,15,14,16,-1,15,16,17,-1,17,16,4,-1,17,4,5,-1,18,7,19,-1,19,7,6,-1,
        ]
    }
}
Shape{
    appearance Appearance {
        material  Material 	{
            diffuseColor 0.6666666666666666 0.6666666666666666 0.6666666666666666
            specularColor 0.4666666666666667 0.4666666666666667 0.4666666666666667
            ambientIntensity 0.6667
            transparency 0.0
            shininess 0.5
        }
    }
    geometry IndexedFaceSet {
        ccw TRUE
        solid FALSE
        coord DEF co Coordinate {
            point [
                -1.5748 0.6217 0.3307, -1.5748 0.5036 0.2835, -1.6339 0.6217 0.3307, -1.6339 0.5036 0.2835, -1.5748 0.6217 0.3465, -1.6339 0.6217 0.3465
            ]
        }
        coordIndex [
            0,1,2,-1,2,1,3,-1,4,0,5,-1,5,0,2,-1,
        ]
    }
}
Shape{
    appearance Appearance {
        material  Material 	{
            diffuseColor 0.5882352941176471 0.5725490196078431 0.5254901960784314
            specularColor 0.043137254901960784 0.0392156862745098 0.0392156862745098
            ambientIntensity 0.8167
            transparency 0.0
            shininess 0.5
        }
    }
    geometry IndexedFaceSet {
        ccw TRUE
        solid FALSE
        coord DEF co Coordinate {
            point [
                -1.5748 -0.3232 0.3661, -1.5748 0.2366 0.3661, -1.5709 -0.3232 0.3661, -1.5709 0.2366 0.3661, -1.5748 -0.3232 0.1299, -1.5709 -0.3232 0.1299
            ]
        }
        coordIndex [
            0,1,2,-1,2,1,3,-1,4,0,5,-1,5,0,2,-1,
        ]
    }
}
Shape{
    appearance Appearance {
        material  Material 	{
            diffuseColor 0.20784313725490197 0.20784313725490197 0.20784313725490197
            specularColor 0.01568627450980392 0.01568627450980392 0.01568627450980392
            ambientIntensity 0.298
            transparency 0.0
            shininess 0.5
        }
    }
    geometry IndexedFaceSet {
        ccw TRUE
        solid FALSE
        coord DEF co Coordinate {
            point [
                1.1142 0.7792 0.315, 1.1142 0.7989 0.315, 1.3465 0.7792 0.315, 1.3465 0.7989 0.315, 1.1142 0.7752 0.4528, 1.1142 0.7989 0.4528, 1.1142 0.7752 0.3307, 1.1142 0.7556 0.3307, 1.1142 0.7792 0.2323, 1.1142 0.7595 0.2323, 1.1142 0.7556 0.2323
            ]
        }
        coordIndex [
            0,1,2,-1,2,1,3,-1,4,5,6,-1,6,5,1,-1,6,1,7,-1,7,1,0,-1,0,8,7,-1,7,8,9,-1,7,9,10,-1,
        ]
    }
}
Shape{
    appearance Appearance {
        material  Material 	{
            diffuseColor 0.5882352941176471 0.5725490196078431 0.5254901960784314
            specularColor 0.043137254901960784 0.0392156862745098 0.0392156862745098
            ambientIntensity 0.8167
            transparency 0.0
            shininess 0.5
        }
    }
    geometry IndexedFaceSet {
        ccw TRUE
        solid FALSE
        coord DEF co Coordinate {
            point [
                1.5709 -0.3232 0.3661, 1.5709 0.2366 0.3661, 1.6339 -0.3232 0.3661, 1.6378 0.2366 0.3661, 1.6378 -0.3232 0.3661
            ]
        }
        coordIndex [
            0,1,2,-1,2,1,3,-1,2,3,4,-1,
        ]
    }
}
Shape{
    appearance Appearance {
        material  Material 	{
            diffuseColor 0.6666666666666666 0.6666666666666666 0.6666666666666666
            specularColor 0.4666666666666667 0.4666666666666667 0.4666666666666667
            ambientIntensity 0.6667
            transparency 0.0
            shininess 0.5
        }
    }
    geometry IndexedFaceSet {
        ccw TRUE
        solid FALSE
        coord DEF co Coordinate {
            point [
                1.5748 0.5036 0.2795, 1.5748 0.4465 0.2795, 1.5748 0.4396 0.2841, 1.5748 0.602 0.3622, 1.5748 0.4052 0.2933, 1.5748 -0.3232 0.3622, 1.5748 0.3873 0.291, 1.5748 0.3707 0.2841, 1.5748 0.3619 0.278, 1.5748 0.3522 0.2744, 1.5748 0.3436 0.2687, 1.5748 0.6071 0.3615, 1.5748 0.423 0.291, 1.5748 0.3264 0.1299, 1.5748 -0.3232 0.1299, 1.5748 0.3264 0.2323, 1.5748 0.3276 0.2426, 1.5748 0.3363 0.2612, 1.5748 0.3309 0.2524, 1.5748 0.6119 0.3596, 1.5748 0.6159 0.3564, 1.5748 0.6191 0.3524, 1.5748 0.6217 0.3268, 1.5748 0.6217 0.3425, 1.5748 0.621 0.3476
            ]
        }
        coordIndex [
            0,1,2,-1,3,4,5,-1,5,4,6,-1,5,6,7,-1,7,8,5,-1,5,8,9,-1,5,9,10,-1,11,2,3,-1,3,2,12,-1,3,12,4,-1,13,14,15,-1,15,14,5,-1,15,5,16,-1,10,17,5,-1,5,17,18,-1,5,18,16,-1,11,19,2,-1,2,19,20,-1,2,20,21,-1,22,0,23,-1,23,0,2,-1,23,2,24,-1,24,2,21,-1,
        ]
    }
}
Shape{
    appearance Appearance {
        material  Material 	{
            diffuseColor 0.5882352941176471 0.5725490196078431 0.5254901960784314
            specularColor 0.043137254901960784 0.0392156862745098 0.0392156862745098
            ambientIntensity 0.8167
            transparency 0.0
            shininess 0.5
        }
    }
    geometry IndexedFaceSet {
        ccw TRUE
        solid FALSE
        coord DEF co Coordinate {
            point [
                -1.252 -0.6185 0.3445, -1.252 -0.6185 0.4055, -1.2717 -0.5988 0.3346, -1.2717 -0.5988 0.4055, 1.2717 -0.5988 0.4055, 1.252 -0.6185 0.4055, 1.2717 -0.5988 0.3346, 1.252 -0.6185 0.3445, 1.2087 -0.6185 0.4055, 1.1535 -0.6185 0.4055, 1.2087 -0.3232 0.4055, 1.1535 -0.3232 0.4055, 1.1102 -0.6185 0.3445, 1.1102 -0.6185 0.4055, 1.0906 -0.5988 0.3346, 1.0906 -0.5988 0.4055, 1.0354 -0.5988 0.4055, 1.0157 -0.6185 0.4055, 1.0354 -0.5988 0.3346, 1.0157 -0.6185 0.3445, 0.9724 -0.6185 0.4055, 0.9173 -0.6185 0.4055, 0.9724 -0.3232 0.4055, 0.9173 -0.3232 0.4055, 0.874 -0.6185 0.3445, 0.874 -0.6185 0.4055, 0.8543 -0.5988 0.3346, 0.8543 -0.5988 0.4055, 0.7992 -0.5988 0.4055, 0.7795 -0.6185 0.4055, 0.7992 -0.5988 0.3346, 0.7795 -0.6185 0.3445, 0.7362 -0.6185 0.4055, 0.6811 -0.6185 0.4055, 0.7362 -0.3232 0.4055, 0.6811 -0.3232 0.4055, 0.6378 -0.6185 0.3445, 0.6378 -0.6185 0.4055, 0.6181 -0.5988 0.3346, 0.6181 -0.5988 0.4055, 0.563 -0.5988 0.4055, 0.5433 -0.6185 0.4055, 0.563 -0.5988 0.3346, 0.5433 -0.6185 0.3445, 0.5 -0.6185 0.4055, 0.4449 -0.6185 0.4055, 0.5 -0.3232 0.4055, 0.4449 -0.3232 0.4055, 0.4016 -0.6185 0.3445, 0.4016 -0.6185 0.4055, 0.3819 -0.5988 0.3346, 0.3819 -0.5988 0.4055, 0.3268 -0.5988 0.4055, 0.3071 -0.6185 0.4055, 0.3268 -0.5988 0.3346, 0.3071 -0.6185 0.3445, 0.2638 -0.6185 0.4055, 0.2087 -0.6185 0.4055, 0.2638 -0.3232 0.4055, 0.2087 -0.3232 0.4055, 0.1654 -0.6185 0.3445, 0.1654 -0.6185 0.4055, 0.1457 -0.5988 0.3346, 0.1457 -0.5988 0.4055, 0.0906 -0.5988 0.4055, 0.0709 -0.6185 0.4055, 0.0906 -0.5988 0.3346, 0.0709 -0.6185 0.3445, 0.0276 -0.6185 0.4055, -0.0276 -0.6185 0.4055, 0.0276 -0.3232 0.4055, -0.0276 -0.3232 0.4055, -0.0709 -0.6185 0.3445, -0.0709 -0.6185 0.4055, -0.0906 -0.5988 0.3346, -0.0906 -0.5988 0.4055, -0.1457 -0.5988 0.4055, -0.1654 -0.6185 0.4055, -0.1457 -0.5988 0.3346, -0.1654 -0.6185 0.3445, -0.2087 -0.6185 0.4055, -0.2638 -0.6185 0.4055, -0.2087 -0.3232 0.4055, -0.2638 -0.3232 0.4055, -0.3071 -0.6185 0.3445, -0.3071 -0.6185 0.4055, -0.3268 -0.5988 0.3346, -0.3268 -0.5988 0.4055, -0.3819 -0.5988 0.4055, -0.4016 -0.6185 0.4055, -0.3819 -0.5988 0.3346, -0.4016 -0.6185 0.3445, -0.4449 -0.6185 0.4055, -0.5 -0.6185 0.4055, -0.4449 -0.3232 0.4055, -0.5 -0.3232 0.4055, -0.5433 -0.6185 0.3445, -0.5433 -0.6185 0.4055, -0.563 -0.5988 0.3346, -0.563 -0.5988 0.4055, -0.6181 -0.5988 0.4055, -0.6378 -0.6185 0.4055, -0.6181 -0.5988 0.3346, -0.6378 -0.6185 0.3445, -0.6811 -0.6185 0.4055, -0.7362 -0.6185 0.4055, -0.6811 -0.3232 0.4055, -0.7362 -0.3232 0.4055, -0.7795 -0.6185 0.3445, -0.7795 -0.6185 0.4055, -0.7992 -0.5988 0.3346, -0.7992 -0.5988 0.4055, -0.8543 -0.5988 0.4055, -0.874 -0.6185 0.4055, -0.8543 -0.5988 0.3346, -0.874 -0.6185 0.3445, -0.9173 -0.6185 0.4055, -0.9724 -0.6185 0.4055, -0.9173 -0.3232 0.4055, -0.9724 -0.3232 0.4055, -1.0157 -0.6185 0.3445, -1.0157 -0.6185 0.4055, -1.0354 -0.5988 0.3346, -1.0354 -0.5988 0.4055, -1.0906 -0.5988 0.4055, -1.1102 -0.6185 0.4055, -1.0906 -0.5988 0.3346, -1.1102 -0.6185 0.3445, -1.1535 -0.6185 0.4055, -1.2087 -0.6185 0.4055, -1.1535 -0.3232 0.4055, -1.2087 -0.3232 0.4055, -1.3268 -0.5988 0.4055, -1.3465 -0.6185 0.4055, -1.3268 -0.5988 0.3346, -1.3465 -0.6185 0.3445, -1.5748 0.1099 0.1299, -1.6378 0.3382 0.1299, -1.6339 0.1099 0.1299, -1.6378 -0.3232 0.1299, -1.6339 -0.3232 0.1299, -1.5709 0.7004 0.1299, -1.6378 0.7004 0.1299, -1.6378 0.4997 0.1299, -1.5748 -0.3232 0.1299, -1.5709 -0.3232 0.1299, -1.6339 0.2366 0.3661, -1.6339 -0.3232 0.3661, -1.6378 0.2366 0.3661, -1.6378 -0.3232 0.3661
            ]
        }
        coordIndex [
            0,1,2,-1,2,1,3,-1,4,5,6,-1,6,5,7,-1,8,9,10,-1,10,9,11,-1,12,13,14,-1,14,13,15,-1,16,17,18,-1,18,17,19,-1,20,21,22,-1,22,21,23,-1,24,25,26,-1,26,25,27,-1,28,29,30,-1,30,29,31,-1,32,33,34,-1,34,33,35,-1,36,37,38,-1,38,37,39,-1,40,41,42,-1,42,41,43,-1,44,45,46,-1,46,45,47,-1,48,49,50,-1,50,49,51,-1,52,53,54,-1,54,53,55,-1,56,57,58,-1,58,57,59,-1,60,61,62,-1,62,61,63,-1,64,65,66,-1,66,65,67,-1,68,69,70,-1,70,69,71,-1,72,73,74,-1,74,73,75,-1,76,77,78,-1,78,77,79,-1,80,81,82,-1,82,81,83,-1,84,85,86,-1,86,85,87,-1,88,89,90,-1,90,89,91,-1,92,93,94,-1,94,93,95,-1,96,97,98,-1,98,97,99,-1,100,101,102,-1,102,101,103,-1,104,105,106,-1,106,105,107,-1,108,109,110,-1,110,109,111,-1,112,113,114,-1,114,113,115,-1,116,117,118,-1,118,117,119,-1,120,121,122,-1,122,121,123,-1,124,125,126,-1,126,125,127,-1,128,129,130,-1,130,129,131,-1,132,133,134,-1,134,133,135,-1,136,137,138,-1,138,137,139,-1,138,139,140,-1,141,142,143,-1,144,145,136,-1,136,145,141,-1,136,141,137,-1,137,141,143,-1,146,147,148,-1,148,147,149,-1,
        ]
    }
}
Shape{
    appearance Appearance {
        material  Material 	{
            diffuseColor 0.6666666666666666 0.6666666666666666 0.6666666666666666
            specularColor 0.4666666666666667 0.4666666666666667 0.4666666666666667
            ambientIntensity 0.6667
            transparency 0.0
            shininess 0.5
        }
    }
    geometry IndexedFaceSet {
        ccw TRUE
        solid FALSE
        coord DEF co Coordinate {
            point [
                -1.6382 -0.3822 0.0763, -1.6382 -0.6185 0.0763, -1.6424 -0.3822 0.0748, -1.6424 -0.6185 0.0748, -1.6461 -0.3822 0.0725, -1.6461 -0.6185 0.0725, -1.6493 -0.3822 0.0693, -1.6493 -0.6185 0.0693, -1.6516 -0.3822 0.0656, -1.6516 -0.6185 0.0656, -1.653 -0.3822 0.0615, -1.653 -0.6185 0.0615, -1.6535 -0.3822 0.0571, -1.6535 -0.6185 0.0571, -1.6535 -0.6185 0.0079, -1.6535 -0.3822 0.0079, -1.7126 -0.6185 0.0079, -1.7126 -0.3822 0.0079, -1.7126 -0.6185 0.0571, -1.7126 -0.3822 0.0571, -1.7106 -0.6185 0.0746, -1.7106 -0.3822 0.0746, -1.7048 -0.6185 0.0912, -1.7048 -0.3822 0.0912, -1.6954 -0.6185 0.1062, -1.6954 -0.3822 0.1062, -1.683 -0.6185 0.1186, -1.683 -0.3822 0.1186, -1.668 -0.6185 0.128, -1.668 -0.3822 0.128, -1.6514 -0.6185 0.1338, -1.6514 -0.3822 0.1338, -1.6492 -0.6185 0.1344, -1.6492 -0.3822 0.1344, -1.645 -0.3822 0.1358, -1.645 -0.6185 0.1358, -1.6413 -0.3822 0.1382, -1.6413 -0.6185 0.1382, -1.6382 -0.3822 0.1413, -1.6382 -0.6185 0.1413, -1.6358 -0.3822 0.145, -1.6358 -0.6185 0.145, -1.6344 -0.3822 0.1492, -1.6344 -0.6185 0.1492, -1.6339 -0.3822 0.1535, -1.6339 -0.6185 0.1535, -1.636 -0.6185 0.0768, -1.636 -0.3822 0.0768, -1.6339 -0.3822 0.1693, -1.6339 -0.3232 0.3661, -1.6339 -0.6185 0.2343, -1.6339 -0.6263 0.2539, -1.6339 -0.3765 0.1832, -1.6339 -0.3796 0.1791, -1.6339 -0.3816 0.1744, -1.6339 -0.6263 0.313, -1.6339 -0.6185 0.3327, -1.6339 -0.3232 0.4055, -1.6339 -0.6185 0.4055, -1.6339 -0.6178 0.4106, -1.6339 -0.6158 0.4154, -1.6339 -0.6127 0.4194, -1.6339 -0.3378 0.4245, -1.6339 -0.333 0.4226, -1.6339 -0.3429 0.4252, -1.6339 -0.3289 0.4194, -1.6339 -0.3258 0.4154, -1.6339 0.5036 0.2835, -1.6339 0.4407 0.2835, -1.6339 0.4396 0.2841, -1.6339 -0.3724 0.1863, -1.6339 -0.3238 0.4106, -1.6339 -0.5988 0.4252, -1.6339 -0.6039 0.4245, -1.6339 0.602 0.3661, -1.6339 0.4052 0.2933, -1.6339 0.2366 0.3661, -1.6339 0.3873 0.291, -1.6339 0.3707 0.2841, -1.6339 -0.3238 0.1744, -1.6339 -0.3258 0.1791, -1.6339 -0.3289 0.1832, -1.6339 -0.333 0.1863, -1.6339 -0.3378 0.1883, -1.6339 -0.3429 0.189, -1.6339 -0.6086 0.4226, -1.6339 0.6071 0.3655, -1.6339 0.423 0.291, -1.6339 -0.3625 0.189, -1.6339 -0.3676 0.1883, -1.6339 0.3476 0.2756, -1.6339 0.358 0.2808, -1.6339 0.3694 0.2833, -1.6339 0.6119 0.3635, -1.6339 0.6159 0.3604, -1.6339 0.6191 0.3563, -1.6339 0.1099 0.1299, -1.6339 0.3279 0.2478, -1.6339 0.2083 0.1496, -1.6339 0.3264 0.2362, -1.6339 0.3067 0.1496, -1.6339 0.6217 0.3307, -1.6339 0.6217 0.3465, -1.6339 0.621 0.3516, -1.6339 0.3388 0.2681, -1.6339 0.3321 0.2586, -1.6339 -0.3232 0.1693, -1.6339 -0.3232 0.1299, -1.6339 0.3264 0.1693, -1.6339 0.3258 0.1642, -1.6339 0.3238 0.1594, -1.6339 0.3207 0.1554, -1.6339 0.3166 0.1522, -1.6339 0.3118 0.1503, -1.5748 0.602 0.3661, -1.5748 0.6071 0.3655, -1.5748 0.6119 0.3635, -1.5748 0.6159 0.3604, -1.5748 0.6191 0.3563, -1.5748 0.621 0.3516, -1.5748 0.6217 0.3465
            ]
        }
        coordIndex [
            0,1,2,-1,2,1,3,-1,2,3,4,-1,4,3,5,-1,4,5,6,-1,6,5,7,-1,6,7,8,-1,8,7,9,-1,8,9,10,-1,10,9,11,-1,10,11,12,-1,12,11,13,-1,14,15,13,-1,13,15,12,-1,16,17,14,-1,14,17,15,-1,18,19,16,-1,16,19,17,-1,19,18,20,-1,19,20,21,-1,21,20,22,-1,21,22,23,-1,23,22,24,-1,23,24,25,-1,25,24,26,-1,25,26,27,-1,27,26,28,-1,27,28,29,-1,29,28,30,-1,29,30,31,-1,32,33,30,-1,30,33,31,-1,33,32,34,-1,34,32,35,-1,34,35,36,-1,36,35,37,-1,36,37,38,-1,38,37,39,-1,38,39,40,-1,40,39,41,-1,40,41,42,-1,42,41,43,-1,42,43,44,-1,44,43,45,-1,1,0,46,-1,46,0,47,-1,48,44,45,-1,49,50,51,-1,52,53,45,-1,45,53,54,-1,45,54,48,-1,51,55,49,-1,49,55,56,-1,49,56,57,-1,57,56,58,-1,59,60,61,-1,62,63,64,-1,64,63,65,-1,64,65,66,-1,67,68,69,-1,50,49,45,-1,45,49,70,-1,45,70,52,-1,66,71,64,-1,64,71,57,-1,64,57,72,-1,72,57,58,-1,72,58,73,-1,74,75,76,-1,76,75,77,-1,76,77,78,-1,79,80,76,-1,76,80,81,-1,76,81,49,-1,81,82,49,-1,49,82,83,-1,49,83,84,-1,59,61,58,-1,58,61,85,-1,58,85,73,-1,86,69,74,-1,74,69,87,-1,74,87,75,-1,84,88,49,-1,49,88,89,-1,49,89,70,-1,90,76,91,-1,91,76,78,-1,91,78,92,-1,86,93,69,-1,69,93,94,-1,69,94,95,-1,96,97,98,-1,98,97,99,-1,98,99,100,-1,101,67,102,-1,102,67,69,-1,102,69,103,-1,103,69,95,-1,90,104,76,-1,76,104,105,-1,76,105,79,-1,79,105,97,-1,79,97,106,-1,106,97,96,-1,106,96,107,-1,99,108,100,-1,100,108,109,-1,100,109,110,-1,110,111,100,-1,100,111,112,-1,100,112,113,-1,74,114,115,-1,74,115,86,-1,86,115,116,-1,86,116,93,-1,93,116,117,-1,93,117,94,-1,94,117,118,-1,94,118,95,-1,95,118,119,-1,95,119,103,-1,103,119,120,-1,103,120,102,-1,
        ]
    }
}
Shape{
    appearance Appearance {
        material  Material 	{
            diffuseColor 0.20784313725490197 0.20784313725490197 0.20784313725490197
            specularColor 0.01568627450980392 0.01568627450980392 0.01568627450980392
            ambientIntensity 0.298
            transparency 0.0
            shininess 0.5
        }
    }
    geometry IndexedFaceSet {
        ccw TRUE
        solid FALSE
        coord DEF co Coordinate {
            point [
                -1.3465 0.7989 0.2087, -1.3465 0.7989 0.315, -1.3465 0.7792 0.189, -1.3465 0.7792 0.315, 0.7205 0.7792 0.315, 0.7205 0.7792 0.2323, 0.7008 0.7792 0.2323, 0.7008 0.7792 0.189, 1.1142 0.7595 0.2323, 1.1142 0.7792 0.2323, 1.1339 0.7595 0.2323, 1.1339 0.7792 0.2323, 0.7008 0.7595 0.1693, 0.7008 0.7595 0.2323
            ]
        }
        coordIndex [
            0,1,2,-1,2,1,3,-1,4,5,6,-1,7,2,6,-1,6,2,3,-1,6,3,4,-1,8,9,10,-1,10,9,11,-1,12,7,13,-1,13,7,6,-1,
        ]
    }
}
Shape{
    appearance Appearance {
        material  Material 	{
            diffuseColor 0.5882352941176471 0.5725490196078431 0.5254901960784314
            specularColor 0.043137254901960784 0.0392156862745098 0.0392156862745098
            ambientIntensity 0.8167
            transparency 0.0
            shininess 0.5
        }
    }
    geometry IndexedFaceSet {
        ccw TRUE
        solid FALSE
        coord DEF co Coordinate {
            point [
                0.7205 0.7792 0.2323, 0.7205 0.7595 0.2323, 0.7008 0.7792 0.2323, 0.7008 0.7595 0.2323
            ]
        }
        coordIndex [
            0,1,2,-1,2,1,3,-1,
        ]
    }
}
Shape{
    appearance Appearance {
        material  Material 	{
            diffuseColor 0.20784313725490197 0.20784313725490197 0.20784313725490197
            specularColor 0.01568627450980392 0.01568627450980392 0.01568627450980392
            ambientIntensity 0.298
            transparency 0.0
            shininess 0.5
        }
    }
    geometry IndexedFaceSet {
        ccw TRUE
        solid FALSE
        coord DEF co Coordinate {
            point [
                1.1142 0.7595 0.2323, 0.7205 0.7595 0.2323, 1.1142 0.7556 0.2323, 0.7205 0.7556 0.2323, 1.1142 0.7792 0.2323, 1.1142 0.7792 0.315, 1.1339 0.7792 0.2323, 1.3465 0.7792 0.315, 1.1339 0.7792 0.189, 1.3465 0.7792 0.189, 1.3465 0.7989 0.2087, 1.3465 0.7989 0.315, 1.1339 0.7595 0.1693, 1.1339 0.7595 0.2323
            ]
        }
        coordIndex [
            0,1,2,-1,2,1,3,-1,4,5,6,-1,6,5,7,-1,6,7,8,-1,8,7,9,-1,10,9,11,-1,11,9,7,-1,8,12,6,-1,6,12,13,-1,
        ]
    }
}
Shape{
    appearance Appearance {
        material  Material 	{
            diffuseColor 0.5882352941176471 0.5725490196078431 0.5254901960784314
            specularColor 0.043137254901960784 0.0392156862745098 0.0392156862745098
            ambientIntensity 0.8167
            transparency 0.0
            shininess 0.5
        }
    }
    geometry IndexedFaceSet {
        ccw TRUE
        solid FALSE
        coord DEF co Coordinate {
            point [
                -1.6339 0.3694 0.2833, -1.5748 0.3694 0.2833, -1.6339 0.358 0.2808, -1.5748 0.358 0.2808, -1.6339 0.3476 0.2756, -1.5748 0.3476 0.2756, -1.6339 0.3388 0.2681, -1.5748 0.3388 0.2681, -1.6339 0.3321 0.2586, -1.5748 0.3321 0.2586, -1.6339 0.3279 0.2478, -1.5748 0.3279 0.2478, -1.6339 0.3264 0.2362, -1.5748 0.3264 0.2362
            ]
        }
        coordIndex [
            0,1,2,-1,2,1,3,-1,2,3,4,-1,4,3,5,-1,4,5,6,-1,6,5,7,-1,6,7,8,-1,8,7,9,-1,8,9,10,-1,10,9,11,-1,10,11,12,-1,12,11,13,-1,
        ]
    }
}
Shape{
    appearance Appearance {
        material  Material 	{
            diffuseColor 0.6666666666666666 0.6666666666666666 0.6666666666666666
            specularColor 0.4666666666666667 0.4666666666666667 0.4666666666666667
            ambientIntensity 0.6667
            transparency 0.0
            shininess 0.5
        }
    }
    geometry IndexedFaceSet {
        ccw TRUE
        solid FALSE
        coord DEF co Coordinate {
            point [
                -1.5748 0.4407 0.2835, -1.6339 0.4407 0.2835, -1.5748 0.5036 0.2835, -1.6339 0.5036 0.2835, -1.5748 0.3694 0.2833, -1.5748 0.3707 0.2841, -1.5748 0.2366 0.3661, -1.5748 0.3873 0.291, -1.5748 0.4052 0.2933, -1.5748 0.602 0.3661, -1.5748 0.423 0.291, -1.5748 0.4396 0.2841, -1.5748 -0.3232 0.3661, -1.5748 -0.3232 0.1299, -1.5748 0.1099 0.1299, -1.5748 0.3388 0.2681, -1.5748 0.3476 0.2756, -1.5748 0.358 0.2808, -1.5748 0.6217 0.3307, -1.5748 0.6217 0.3465, -1.5748 0.3279 0.2478, -1.5748 0.2083 0.1496, -1.5748 0.3264 0.2362, -1.5748 0.3067 0.1496, -1.5748 0.3321 0.2586, -1.5748 0.6191 0.3563, -1.5748 0.6159 0.3604, -1.5748 0.6119 0.3635, -1.5748 0.6071 0.3655, -1.5748 0.621 0.3516, -1.5748 0.3118 0.1503, -1.5748 0.3258 0.1642, -1.5748 0.3264 0.1693, -1.5748 0.3166 0.1522, -1.5748 0.3207 0.1554, -1.5748 0.3238 0.1594
            ]
        }
        coordIndex [
            0,1,2,-1,2,1,3,-1,4,5,6,-1,5,7,6,-1,6,7,8,-1,6,8,9,-1,9,8,10,-1,9,10,11,-1,12,13,14,-1,15,16,6,-1,6,16,17,-1,6,17,4,-1,2,18,19,-1,20,21,22,-1,22,21,23,-1,15,6,24,-1,24,6,12,-1,24,12,20,-1,20,12,14,-1,20,14,21,-1,2,19,0,-1,25,26,11,-1,26,27,11,-1,11,27,28,-1,11,28,9,-1,0,19,11,-1,11,19,29,-1,11,29,25,-1,30,31,23,-1,23,31,32,-1,23,32,22,-1,30,33,31,-1,31,33,34,-1,31,34,35,-1,
        ]
    }
}
Shape{
    appearance Appearance {
        material  Material 	{
            diffuseColor 0.5882352941176471 0.5725490196078431 0.5254901960784314
            specularColor 0.043137254901960784 0.0392156862745098 0.0392156862745098
            ambientIntensity 0.8167
            transparency 0.0
            shininess 0.5
        }
    }
    geometry IndexedFaceSet {
        ccw TRUE
        solid FALSE
        coord DEF co Coordinate {
            point [
                -1.3268 -0.1224 0.315, -1.3268 -0.1224 0.4055, -1.3268 -0.5594 0.315, -1.3268 -0.5988 0.4055, -1.3268 -0.5988 0.3346, -1.2717 -0.1224 0.4055, -1.2717 -0.5988 0.4055, -1.3465 -0.6185 0.4055, -1.252 -0.6185 0.4055, -1.2087 -0.3232 0.315, -1.2087 -0.3232 0.4055, -1.2087 -0.5594 0.315, -1.2087 -0.6185 0.4055, -1.2087 -0.6185 0.3445, -1.1535 -0.3232 0.4055, -1.1535 -0.3232 0.315, -1.1535 -0.6185 0.4055, -1.1535 -0.5594 0.315, -1.1535 -0.6185 0.3445, -1.1102 -0.6185 0.3445, -1.0906 -0.5988 0.3346, -1.0906 -0.5594 0.315, -1.2717 -0.5988 0.3346, -1.2717 -0.5594 0.315, -1.2717 -0.1224 0.315, -1.252 -0.6185 0.3445, -1.0906 -0.1224 0.315, -1.0906 -0.1224 0.4055, -1.0906 -0.5988 0.4055, -1.0354 -0.1224 0.4055, -1.0354 -0.5988 0.4055, -1.1102 -0.6185 0.4055, -1.0157 -0.6185 0.4055, -0.9724 -0.3232 0.315, -0.9724 -0.3232 0.4055, -0.9724 -0.5594 0.315, -0.9724 -0.6185 0.4055, -0.9724 -0.6185 0.3445, -0.9173 -0.3232 0.4055, -0.9173 -0.3232 0.315, -0.9173 -0.6185 0.4055, -0.9173 -0.5594 0.315, -0.9173 -0.6185 0.3445, -0.874 -0.6185 0.3445, -0.8543 -0.5988 0.3346, -0.8543 -0.5594 0.315, -1.0354 -0.5988 0.3346, -1.0354 -0.5594 0.315, -1.0354 -0.1224 0.315, -1.0157 -0.6185 0.3445, -0.8543 -0.1224 0.315, -0.8543 -0.1224 0.4055, -0.8543 -0.5988 0.4055, -0.7795 -0.6185 0.4055, -0.874 -0.6185 0.4055, -0.7992 -0.1224 0.4055, -0.7992 -0.5988 0.4055, -0.7362 -0.3232 0.315, -0.7362 -0.3232 0.4055, -0.7362 -0.5594 0.315, -0.7362 -0.6185 0.4055, -0.7362 -0.6185 0.3445, -0.6811 -0.3232 0.4055, -0.6811 -0.3232 0.315, -0.6811 -0.6185 0.4055, -0.6811 -0.5594 0.315, -0.6811 -0.6185 0.3445, -0.6378 -0.6185 0.3445, -0.6181 -0.5988 0.3346, -0.6181 -0.5594 0.315, -0.7992 -0.5988 0.3346, -0.7992 -0.5594 0.315, -0.7992 -0.1224 0.315, -0.7795 -0.6185 0.3445, -0.6181 -0.1224 0.315, -0.6181 -0.1224 0.4055, -0.6181 -0.5988 0.4055, -0.563 -0.1224 0.4055, -0.563 -0.5988 0.4055, -0.6378 -0.6185 0.4055, -0.5433 -0.6185 0.4055, -0.5 -0.3232 0.315, -0.5 -0.3232 0.4055, -0.5 -0.5594 0.315, -0.5 -0.6185 0.4055, -0.5 -0.6185 0.3445, -0.4449 -0.3232 0.4055, -0.4449 -0.3232 0.315, -0.4449 -0.6185 0.4055, -0.4449 -0.5594 0.315, -0.4449 -0.6185 0.3445, -0.4016 -0.6185 0.3445, -0.3819 -0.5988 0.3346, -0.3819 -0.5594 0.315, -0.563 -0.5988 0.3346, -0.563 -0.5594 0.315, -0.563 -0.1224 0.315, -0.5433 -0.6185 0.3445, -0.3819 -0.1224 0.315, -0.3819 -0.1224 0.4055, -0.3819 -0.5988 0.4055, -0.3071 -0.6185 0.4055, -0.4016 -0.6185 0.4055, -0.3268 -0.1224 0.4055, -0.3268 -0.5988 0.4055, -0.2638 -0.3232 0.315, -0.2638 -0.3232 0.4055, -0.2638 -0.5594 0.315, -0.2638 -0.6185 0.4055, -0.2638 -0.6185 0.3445, -0.2087 -0.3232 0.4055, -0.2087 -0.3232 0.315, -0.2087 -0.6185 0.4055, -0.2087 -0.5594 0.315, -0.2087 -0.6185 0.3445, -0.1654 -0.6185 0.3445, -0.1457 -0.5988 0.3346, -0.1457 -0.5594 0.315, -0.3268 -0.5988 0.3346, -0.3268 -0.5594 0.315, -0.3268 -0.1224 0.315, -0.3071 -0.6185 0.3445, -0.1457 -0.1224 0.315, -0.1457 -0.1224 0.4055, -0.1457 -0.5988 0.4055, -0.0906 -0.1224 0.4055, -0.0906 -0.5988 0.4055, -0.1654 -0.6185 0.4055, -0.0709 -0.6185 0.4055, -0.0276 -0.3232 0.315, -0.0276 -0.3232 0.4055, -0.0276 -0.5594 0.315, -0.0276 -0.6185 0.4055, -0.0276 -0.6185 0.3445, 0.0276 -0.3232 0.4055, 0.0276 -0.3232 0.315, 0.0276 -0.6185 0.4055, 0.0276 -0.5594 0.315, 0.0276 -0.6185 0.3445, 0.0709 -0.6185 0.3445, 0.0906 -0.5988 0.3346, 0.0906 -0.5594 0.315, -0.0906 -0.5988 0.3346, -0.0906 -0.5594 0.315, -0.0906 -0.1224 0.315, -0.0709 -0.6185 0.3445, 0.0906 -0.1224 0.315, 0.0906 -0.1224 0.4055, 0.0906 -0.5988 0.4055, 0.1457 -0.1224 0.4055, 0.1457 -0.5988 0.4055, 0.0709 -0.6185 0.4055, 0.1654 -0.6185 0.4055, 0.2087 -0.3232 0.315, 0.2087 -0.3232 0.4055, 0.2087 -0.5594 0.315, 0.2087 -0.6185 0.4055, 0.2087 -0.6185 0.3445, 0.2638 -0.3232 0.4055, 0.2638 -0.3232 0.315, 0.2638 -0.6185 0.4055, 0.2638 -0.5594 0.315, 0.2638 -0.6185 0.3445, 0.3071 -0.6185 0.3445, 0.3268 -0.5988 0.3346, 0.3268 -0.5594 0.315, 0.1457 -0.5988 0.3346, 0.1457 -0.5594 0.315, 0.1457 -0.1224 0.315, 0.1654 -0.6185 0.3445, 0.3268 -0.1224 0.315, 0.3268 -0.1224 0.4055, 0.3268 -0.5988 0.4055, 0.3819 -0.1224 0.4055, 0.3819 -0.5988 0.4055, 0.3071 -0.6185 0.4055, 0.4016 -0.6185 0.4055, 0.4449 -0.3232 0.315, 0.4449 -0.3232 0.4055, 0.4449 -0.5594 0.315, 0.4449 -0.6185 0.4055, 0.4449 -0.6185 0.3445, 0.5 -0.3232 0.4055, 0.5 -0.3232 0.315, 0.5 -0.6185 0.4055, 0.5 -0.5594 0.315, 0.5 -0.6185 0.3445, 0.5433 -0.6185 0.3445, 0.563 -0.5988 0.3346, 0.563 -0.5594 0.315, 0.3819 -0.5988 0.3346, 0.3819 -0.5594 0.315, 0.3819 -0.1224 0.315, 0.4016 -0.6185 0.3445, 0.563 -0.1224 0.315, 0.563 -0.1224 0.4055, 0.563 -0.5988 0.4055, 0.6181 -0.1224 0.4055, 0.6181 -0.5988 0.4055, 0.5433 -0.6185 0.4055, 0.6378 -0.6185 0.4055, 0.6811 -0.3232 0.315, 0.6811 -0.3232 0.4055, 0.6811 -0.5594 0.315, 0.6811 -0.6185 0.4055, 0.6811 -0.6185 0.3445, 0.7362 -0.3232 0.4055, 0.7362 -0.3232 0.315, 0.7362 -0.6185 0.4055, 0.7362 -0.5594 0.315, 0.7362 -0.6185 0.3445, 0.7795 -0.6185 0.3445, 0.7992 -0.5988 0.3346, 0.7992 -0.5594 0.315, 0.6181 -0.5988 0.3346, 0.6181 -0.5594 0.315, 0.6181 -0.1224 0.315, 0.6378 -0.6185 0.3445, 0.7992 -0.1224 0.315, 0.7992 -0.1224 0.4055, 0.7992 -0.5988 0.4055, 0.8543 -0.1224 0.4055, 0.8543 -0.5988 0.4055, 0.7795 -0.6185 0.4055, 0.874 -0.6185 0.4055, 0.9173 -0.3232 0.315, 0.9173 -0.3232 0.4055, 0.9173 -0.5594 0.315, 0.9173 -0.6185 0.4055, 0.9173 -0.6185 0.3445, 0.9724 -0.3232 0.4055, 0.9724 -0.3232 0.315, 0.9724 -0.6185 0.4055, 0.9724 -0.5594 0.315, 0.9724 -0.6185 0.3445, 1.0157 -0.6185 0.3445, 1.0354 -0.5988 0.3346, 1.0354 -0.5594 0.315, 0.8543 -0.5988 0.3346, 0.8543 -0.5594 0.315, 0.8543 -0.1224 0.315, 0.874 -0.6185 0.3445, 1.0354 -0.1224 0.315, 1.0354 -0.1224 0.4055, 1.0354 -0.5988 0.4055, 1.0906 -0.1224 0.4055, 1.0906 -0.5988 0.4055, 1.0157 -0.6185 0.4055, 1.1102 -0.6185 0.4055, 1.1535 -0.3232 0.315, 1.1535 -0.3232 0.4055, 1.1535 -0.5594 0.315, 1.1535 -0.6185 0.4055, 1.1535 -0.6185 0.3445, 1.2087 -0.3232 0.4055, 1.2087 -0.3232 0.315, 1.2087 -0.6185 0.4055, 1.2087 -0.5594 0.315, 1.2087 -0.6185 0.3445, 1.252 -0.6185 0.3445, 1.2717 -0.5988 0.3346, 1.2717 -0.5594 0.315, 1.0906 -0.5988 0.3346, 1.0906 -0.5594 0.315, 1.0906 -0.1224 0.315, 1.1102 -0.6185 0.3445, 1.2717 -0.1224 0.315, 1.2717 -0.1224 0.4055, 1.2717 -0.5988 0.4055, 1.3465 -0.6185 0.4055, 1.252 -0.6185 0.4055, 1.3268 -0.1224 0.4055, 1.3268 -0.5988 0.4055
            ]
        }
        coordIndex [
            0,1,2,-1,2,1,3,-1,2,3,4,-1,1,5,3,-1,3,5,6,-1,3,6,7,-1,7,6,8,-1,9,10,11,-1,11,10,12,-1,11,12,13,-1,14,15,16,-1,16,15,17,-1,16,17,18,-1,19,18,20,-1,20,18,17,-1,20,17,21,-1,22,6,23,-1,23,6,5,-1,23,5,24,-1,13,25,11,-1,11,25,22,-1,11,22,23,-1,26,27,21,-1,21,27,28,-1,21,28,20,-1,27,29,28,-1,28,29,30,-1,28,30,31,-1,31,30,32,-1,33,34,35,-1,35,34,36,-1,35,36,37,-1,38,39,40,-1,40,39,41,-1,40,41,42,-1,43,42,44,-1,44,42,41,-1,44,41,45,-1,46,30,47,-1,47,30,29,-1,47,29,48,-1,37,49,35,-1,35,49,46,-1,35,46,47,-1,50,51,45,-1,45,51,52,-1,45,52,44,-1,53,54,52,-1,51,55,52,-1,52,55,56,-1,52,56,53,-1,57,58,59,-1,59,58,60,-1,59,60,61,-1,62,63,64,-1,64,63,65,-1,64,65,66,-1,67,66,68,-1,68,66,65,-1,68,65,69,-1,70,56,71,-1,71,56,55,-1,71,55,72,-1,61,73,59,-1,59,73,70,-1,59,70,71,-1,74,75,69,-1,69,75,76,-1,69,76,68,-1,75,77,76,-1,76,77,78,-1,76,78,79,-1,79,78,80,-1,81,82,83,-1,83,82,84,-1,83,84,85,-1,86,87,88,-1,88,87,89,-1,88,89,90,-1,91,90,92,-1,92,90,89,-1,92,89,93,-1,94,78,95,-1,95,78,77,-1,95,77,96,-1,85,97,83,-1,83,97,94,-1,83,94,95,-1,98,99,93,-1,93,99,100,-1,93,100,92,-1,101,102,100,-1,99,103,100,-1,100,103,104,-1,100,104,101,-1,105,106,107,-1,107,106,108,-1,107,108,109,-1,110,111,112,-1,112,111,113,-1,112,113,114,-1,115,114,116,-1,116,114,113,-1,116,113,117,-1,118,104,119,-1,119,104,103,-1,119,103,120,-1,109,121,107,-1,107,121,118,-1,107,118,119,-1,122,123,117,-1,117,123,124,-1,117,124,116,-1,123,125,124,-1,124,125,126,-1,124,126,127,-1,127,126,128,-1,129,130,131,-1,131,130,132,-1,131,132,133,-1,134,135,136,-1,136,135,137,-1,136,137,138,-1,139,138,140,-1,140,138,137,-1,140,137,141,-1,142,126,143,-1,143,126,125,-1,143,125,144,-1,133,145,131,-1,131,145,142,-1,131,142,143,-1,146,147,141,-1,141,147,148,-1,141,148,140,-1,147,149,148,-1,148,149,150,-1,148,150,151,-1,151,150,152,-1,153,154,155,-1,155,154,156,-1,155,156,157,-1,158,159,160,-1,160,159,161,-1,160,161,162,-1,163,162,164,-1,164,162,161,-1,164,161,165,-1,166,150,167,-1,167,150,149,-1,167,149,168,-1,157,169,155,-1,155,169,166,-1,155,166,167,-1,170,171,165,-1,165,171,172,-1,165,172,164,-1,171,173,172,-1,172,173,174,-1,172,174,175,-1,175,174,176,-1,177,178,179,-1,179,178,180,-1,179,180,181,-1,182,183,184,-1,184,183,185,-1,184,185,186,-1,187,186,188,-1,188,186,185,-1,188,185,189,-1,190,174,191,-1,191,174,173,-1,191,173,192,-1,181,193,179,-1,179,193,190,-1,179,190,191,-1,194,195,189,-1,189,195,196,-1,189,196,188,-1,195,197,196,-1,196,197,198,-1,196,198,199,-1,199,198,200,-1,201,202,203,-1,203,202,204,-1,203,204,205,-1,206,207,208,-1,208,207,209,-1,208,209,210,-1,211,210,212,-1,212,210,209,-1,212,209,213,-1,214,198,215,-1,215,198,197,-1,215,197,216,-1,205,217,203,-1,203,217,214,-1,203,214,215,-1,218,219,213,-1,213,219,220,-1,213,220,212,-1,219,221,220,-1,220,221,222,-1,220,222,223,-1,223,222,224,-1,225,226,227,-1,227,226,228,-1,227,228,229,-1,230,231,232,-1,232,231,233,-1,232,233,234,-1,235,234,236,-1,236,234,233,-1,236,233,237,-1,238,222,239,-1,239,222,221,-1,239,221,240,-1,229,241,227,-1,227,241,238,-1,227,238,239,-1,242,243,237,-1,237,243,244,-1,237,244,236,-1,243,245,244,-1,244,245,246,-1,244,246,247,-1,247,246,248,-1,249,250,251,-1,251,250,252,-1,251,252,253,-1,254,255,256,-1,256,255,257,-1,256,257,258,-1,259,258,260,-1,260,258,257,-1,260,257,261,-1,262,246,263,-1,263,246,245,-1,263,245,264,-1,253,265,251,-1,251,265,262,-1,251,262,263,-1,266,267,261,-1,261,267,268,-1,261,268,260,-1,269,270,268,-1,267,271,268,-1,268,271,272,-1,268,272,269,-1,
        ]
    }
}
Shape{
    appearance Appearance {
        material  Material 	{
            diffuseColor 0.20784313725490197 0.20784313725490197 0.20784313725490197
            specularColor 0.01568627450980392 0.01568627450980392 0.01568627450980392
            ambientIntensity 0.298
            transparency 0.0
            shininess 0.5
        }
    }
    geometry IndexedFaceSet {
        ccw TRUE
        solid FALSE
        coord DEF co Coordinate {
            point [
                1.1142 0.7989 0.315, 1.1142 0.7989 0.4528, 1.3465 0.7989 0.315, 1.563 0.7989 0.4528, 1.3465 0.7989 0.2087, 1.563 0.7989 0.2087
            ]
        }
        coordIndex [
            0,1,2,-1,2,1,3,-1,2,3,4,-1,4,3,5,-1,
        ]
    }
}
Shape{
    appearance Appearance {
        material  Material 	{
            diffuseColor 0.5882352941176471 0.5725490196078431 0.5254901960784314
            specularColor 0.043137254901960784 0.0392156862745098 0.0392156862745098
            ambientIntensity 0.8167
            transparency 0.0
            shininess 0.5
        }
    }
    geometry IndexedFaceSet {
        ccw TRUE
        solid FALSE
        coord DEF co Coordinate {
            point [
                1.6378 -0.3232 0.3661, 1.6378 0.2366 0.3661, 1.6378 -0.3232 0.1299, 1.6378 0.2634 0.2244, 1.6378 0.3382 0.1299, 1.6378 0.3225 0.1654, 1.6378 0.3382 0.1654, 1.5709 0.423 0.1579, 1.5709 0.4052 0.1555, 1.5709 0.7004 0.1299, 1.5709 -0.3232 0.1299, 1.5709 0.3873 0.1579, 1.5709 0.3707 0.1647, 1.5709 0.7004 0.1654, 1.5709 0.4407 0.1654, 1.5709 0.4396 0.1647, 1.5709 0.2366 0.3661, 1.5709 -0.3232 0.3661, 1.5709 0.2634 0.2244, 1.5709 0.3225 0.1654, 1.5709 0.3697 0.1654
            ]
        }
        coordIndex [
            0,1,2,-1,2,1,3,-1,2,3,4,-1,4,3,5,-1,4,5,6,-1,7,8,9,-1,9,8,10,-1,10,8,11,-1,10,11,12,-1,13,14,9,-1,9,14,15,-1,9,15,7,-1,16,17,18,-1,18,17,10,-1,18,10,19,-1,19,10,12,-1,19,12,20,-1,
        ]
    }
}
Shape{
    appearance Appearance {
        material  Material 	{
            diffuseColor 0.6666666666666666 0.6666666666666666 0.6666666666666666
            specularColor 0.4666666666666667 0.4666666666666667 0.4666666666666667
            ambientIntensity 0.6667
            transparency 0.0
            shininess 0.5
        }
    }
    geometry IndexedFaceSet {
        ccw TRUE
        solid FALSE
        coord DEF co Coordinate {
            point [
                1.6514 -0.6185 0.1338, 1.6514 -0.3822 0.1338, 1.6492 -0.6185 0.1344, 1.6492 -0.3822 0.1344, 1.668 -0.6185 0.128, 1.668 -0.3822 0.128, 1.683 -0.6185 0.1186, 1.683 -0.3822 0.1186, 1.6954 -0.6185 0.1062, 1.6954 -0.3822 0.1062, 1.7048 -0.6185 0.0912, 1.7048 -0.3822 0.0912, 1.7106 -0.6185 0.0746, 1.7106 -0.3822 0.0746, 1.7126 -0.6185 0.0571, 1.7126 -0.3822 0.0571, 1.7126 -0.6185 0.0079, 1.7126 -0.3822 0.0079, 1.6535 -0.6185 0.0079, 1.6535 -0.3822 0.0079, 1.6535 -0.6185 0.0571, 1.6535 -0.3822 0.0571, 1.653 -0.3822 0.0615, 1.653 -0.6185 0.0615, 1.6516 -0.3822 0.0656, 1.6516 -0.6185 0.0656, 1.6493 -0.3822 0.0693, 1.6493 -0.6185 0.0693, 1.6461 -0.3822 0.0725, 1.6461 -0.6185 0.0725, 1.6424 -0.3822 0.0748, 1.6424 -0.6185 0.0748, 1.6382 -0.3822 0.0763, 1.6382 -0.6185 0.0763, 1.636 -0.6185 0.0768, 1.636 -0.3822 0.0768
            ]
        }
        coordIndex [
            0,1,2,-1,2,1,3,-1,1,0,4,-1,1,4,5,-1,5,4,6,-1,5,6,7,-1,7,6,8,-1,7,8,9,-1,9,8,10,-1,9,10,11,-1,11,10,12,-1,11,12,13,-1,13,12,14,-1,13,14,15,-1,16,17,14,-1,14,17,15,-1,18,19,16,-1,16,19,17,-1,20,21,18,-1,18,21,19,-1,21,20,22,-1,22,20,23,-1,22,23,24,-1,24,23,25,-1,24,25,26,-1,26,25,27,-1,26,27,28,-1,28,27,29,-1,28,29,30,-1,30,29,31,-1,30,31,32,-1,32,31,33,-1,34,35,33,-1,33,35,32,-1,
        ]
    }
}
Shape{
    appearance Appearance {
        material  Material 	{
            diffuseColor 0.5882352941176471 0.5725490196078431 0.5254901960784314
            specularColor 0.043137254901960784 0.0392156862745098 0.0392156862745098
            ambientIntensity 0.8167
            transparency 0.0
            shininess 0.5
        }
    }
    geometry IndexedFaceSet {
        ccw TRUE
        solid FALSE
        coord DEF co Coordinate {
            point [
                1.5748 0.3264 0.2323, 1.6339 0.3264 0.2323, 1.5748 0.3264 0.1299, 1.6339 0.3264 0.1299, 1.5748 0.3619 0.278, 1.6339 0.3619 0.278, 1.5748 0.3522 0.2744, 1.6339 0.3522 0.2744, 1.5748 0.3436 0.2687, 1.6339 0.3436 0.2687, 1.5748 0.3363 0.2612, 1.6339 0.3363 0.2612, 1.5748 0.3309 0.2524, 1.6339 0.3309 0.2524, 1.5748 0.3276 0.2426, 1.6339 0.3276 0.2426
            ]
        }
        coordIndex [
            0,1,2,-1,2,1,3,-1,4,5,6,-1,6,5,7,-1,6,7,8,-1,8,7,9,-1,8,9,10,-1,10,9,11,-1,10,11,12,-1,12,11,13,-1,12,13,14,-1,14,13,15,-1,14,15,0,-1,0,15,1,-1,
        ]
    }
}
Shape{
    appearance Appearance {
        material  Material 	{
            diffuseColor 0.6666666666666666 0.6666666666666666 0.6666666666666666
            specularColor 0.4666666666666667 0.4666666666666667 0.4666666666666667
            ambientIntensity 0.6667
            transparency 0.0
            shininess 0.5
        }
    }
    geometry IndexedFaceSet {
        ccw TRUE
        solid FALSE
        coord DEF co Coordinate {
            point [
                1.5748 0.4465 0.2795, 1.5748 0.5036 0.2795, 1.6339 0.4465 0.2795, 1.6339 0.5036 0.2795, 1.5748 0.6217 0.3268, 1.6339 0.6217 0.3268, 1.5748 0.6217 0.3425, 1.6339 0.6217 0.3425, 1.5748 0.602 0.3622, 1.6339 0.602 0.3622, 1.6339 0.6071 0.3615, 1.5748 0.6071 0.3615, 1.6339 0.6119 0.3596, 1.5748 0.6119 0.3596, 1.6339 0.6159 0.3564, 1.5748 0.6159 0.3564, 1.6339 0.6191 0.3524, 1.5748 0.6191 0.3524, 1.6339 0.621 0.3476, 1.5748 0.621 0.3476, 1.5748 -0.3232 0.3622, 1.6339 -0.3232 0.3622
            ]
        }
        coordIndex [
            0,1,2,-1,2,1,3,-1,4,5,1,-1,1,5,3,-1,6,7,4,-1,4,7,5,-1,8,9,10,-1,8,10,11,-1,11,10,12,-1,11,12,13,-1,13,12,14,-1,13,14,15,-1,15,14,16,-1,15,16,17,-1,17,16,18,-1,17,18,19,-1,19,18,7,-1,19,7,6,-1,20,21,8,-1,8,21,9,-1,
        ]
    }
}
Shape{
    appearance Appearance {
        material  Material 	{
            diffuseColor 0.5882352941176471 0.5725490196078431 0.5254901960784314
            specularColor 0.043137254901960784 0.0392156862745098 0.0392156862745098
            ambientIntensity 0.8167
            transparency 0.0
            shininess 0.5
        }
    }
    geometry IndexedFaceSet {
        ccw TRUE
        solid FALSE
        coord DEF co Coordinate {
            point [
                1.5748 -0.3232 0.1299, 1.5709 -0.3232 0.1299, 1.5748 -0.3232 0.3622, 1.5709 -0.3232 0.3661, 1.6339 -0.3232 0.3622, 1.6339 -0.3232 0.3661
            ]
        }
        coordIndex [
            0,1,2,-1,2,1,3,-1,2,3,4,-1,4,3,5,-1,
        ]
    }
}
Shape{
    appearance Appearance {
        material  Material 	{
            diffuseColor 0.6666666666666666 0.6666666666666666 0.6666666666666666
            specularColor 0.4666666666666667 0.4666666666666667 0.4666666666666667
            ambientIntensity 0.6667
            transparency 0.0
            shininess 0.5
        }
    }
    geometry IndexedFaceSet {
        ccw TRUE
        solid FALSE
        coord DEF co Coordinate {
            point [
                1.6339 -0.3822 0.1535, 1.6339 -0.6185 0.1535, 1.6344 -0.3822 0.1492, 1.6344 -0.6185 0.1492, 1.6358 -0.3822 0.145, 1.6358 -0.6185 0.145, 1.6382 -0.3822 0.1413, 1.6382 -0.6185 0.1413, 1.6413 -0.3822 0.1382, 1.6413 -0.6185 0.1382, 1.645 -0.3822 0.1358, 1.645 -0.6185 0.1358, 1.6492 -0.3822 0.1344, 1.6492 -0.6185 0.1344
            ]
        }
        coordIndex [
            0,1,2,-1,2,1,3,-1,2,3,4,-1,4,3,5,-1,4,5,6,-1,6,5,7,-1,6,7,8,-1,8,7,9,-1,8,9,10,-1,10,9,11,-1,10,11,12,-1,12,11,13,-1,
        ]
    }
}
Shape{
    appearance Appearance {
        material  Material 	{
            diffuseColor 0.5882352941176471 0.5725490196078431 0.5254901960784314
            specularColor 0.043137254901960784 0.0392156862745098 0.0392156862745098
            ambientIntensity 0.8167
            transparency 0.0
            shininess 0.5
        }
    }
    geometry IndexedFaceSet {
        ccw TRUE
        solid FALSE
        coord DEF co Coordinate {
            point [
                1.3731 0.169 0.4055, 1.3268 0.169 0.4055, 1.3504 0.1611 0.4528, 1.2717 0.169 0.4055, 1.2087 0.169 0.4055, 1.1535 0.169 0.4055, 1.0906 0.169 0.4055, 1.0354 0.169 0.4055, 0.9724 0.169 0.4055, 0.9173 0.169 0.4055, 0.8543 0.169 0.4055, 0.7992 0.169 0.4055, 0.7362 0.169 0.4055, 0.6811 0.169 0.4055, 0.6181 0.169 0.4055, 0.563 0.169 0.4055, 0.5 0.169 0.4055, 0.2638 0.169 0.4055, 0.2087 0.169 0.4055, -1.3504 0.1611 0.4528, 0.4449 0.169 0.4055, 0.3819 0.169 0.4055, 0.3268 0.169 0.4055, 0.1457 0.169 0.4055, 0.0906 0.169 0.4055, 0.0276 0.169 0.4055, -0.0276 0.169 0.4055, -0.0906 0.169 0.4055, -0.1457 0.169 0.4055, -0.2087 0.169 0.4055, -0.2638 0.169 0.4055, -0.3268 0.169 0.4055, -0.3819 0.169 0.4055, -0.4449 0.169 0.4055, -0.5 0.169 0.4055, -0.563 0.169 0.4055, -0.6181 0.169 0.4055, -0.6811 0.169 0.4055, -0.7362 0.169 0.4055, -0.7992 0.169 0.4055, -0.8543 0.169 0.4055, -0.9173 0.169 0.4055, -0.9724 0.169 0.4055, -1.0354 0.169 0.4055, -1.0906 0.169 0.4055, -1.1535 0.169 0.4055, -1.2087 0.169 0.4055, -1.2717 0.169 0.4055, -1.3268 0.169 0.4055, -1.3731 0.169 0.4055, -1.3504 -0.0751 0.4528, -1.3976 -0.0751 0.3543, -1.5157 -0.0751 0.4528, -1.5157 -0.0751 0.3543, 1.5 -0.6185 0.4055, 1.5551 -0.6185 0.4055, 1.5551 -0.6185 0.4528, 0.2638 -0.6185 0.4055, 0.2638 -0.6185 0.3445, 0.3071 -0.6185 0.3445, 1.1102 -0.6185 0.4055, 1.1102 -0.6185 0.3445, 1.1535 -0.6185 0.3445, 1.3465 -0.6185 0.3445, 1.4508 -0.6185 0.3445, 1.3465 -0.6185 0.4055, 1.5 -0.6185 0.3937, 0.7362 -0.6185 0.4055, 0.7362 -0.6185 0.3445, 0.7795 -0.6185 0.3445, 1.2087 -0.6185 0.3445, 1.252 -0.6185 0.3445, 1.2087 -0.6185 0.4055, 1.252 -0.6185 0.4055, -1.5551 -0.6185 0.4528, -0.2638 -0.6185 0.4055, -0.2087 -0.6185 0.4055, -0.2087 -0.6185 0.3445, -0.1654 -0.6185 0.3445, -0.1654 -0.6185 0.4055, -0.0709 -0.6185 0.4055, -0.6811 -0.6185 0.4055, -0.6811 -0.6185 0.3445, -0.6378 -0.6185 0.3445, -0.3071 -0.6185 0.4055, -0.3071 -0.6185 0.3445, -0.2638 -0.6185 0.3445, -0.4449 -0.6185 0.4055, -0.4449 -0.6185 0.3445, -0.4016 -0.6185 0.3445, 1.1535 -0.6185 0.4055, 1.0157 -0.6185 0.4055, 0.9724 -0.6185 0.4055, 1.0157 -0.6185 0.3445, 0.9724 -0.6185 0.3445, -1.4508 -0.6185 0.3445, -1.3465 -0.6185 0.3445, -1.5 -0.6185 0.3937, -1.3465 -0.6185 0.4055, -0.0709 -0.6185 0.3445, -0.0276 -0.6185 0.3445, -0.0276 -0.6185 0.4055, 0.0276 -0.6185 0.4055, 0.4016 -0.6185 0.3445, 0.4449 -0.6185 0.3445, 0.4016 -0.6185 0.4055, 0.4449 -0.6185 0.4055, 0.874 -0.6185 0.3445, 0.9173 -0.6185 0.3445, 0.874 -0.6185 0.4055, 0.9173 -0.6185 0.4055, -0.6378 -0.6185 0.4055, -0.5433 -0.6185 0.4055, 0.0276 -0.6185 0.3445, 0.0709 -0.6185 0.3445, 0.0709 -0.6185 0.4055, 0.1654 -0.6185 0.4055, 0.3071 -0.6185 0.4055, 0.5 -0.6185 0.4055, 0.5 -0.6185 0.3445, 0.5433 -0.6185 0.3445, 0.5433 -0.6185 0.4055, 0.6378 -0.6185 0.4055, 0.7795 -0.6185 0.4055, -1.5551 -0.6185 0.4055, -1.5 -0.6185 0.4055, -1.252 -0.6185 0.4055, -0.4016 -0.6185 0.4055, -0.5433 -0.6185 0.3445, -0.5 -0.6185 0.3445, -0.5 -0.6185 0.4055, 0.1654 -0.6185 0.3445, 0.2087 -0.6185 0.3445, 0.2087 -0.6185 0.4055, 0.6378 -0.6185 0.3445, 0.6811 -0.6185 0.3445, 0.6811 -0.6185 0.4055, -1.252 -0.6185 0.3445, -1.2087 -0.6185 0.3445, -1.2087 -0.6185 0.4055, -1.1535 -0.6185 0.4055, -1.1535 -0.6185 0.3445, -1.1102 -0.6185 0.3445, -1.1102 -0.6185 0.4055, -1.0157 -0.6185 0.4055, -1.0157 -0.6185 0.3445, -0.9724 -0.6185 0.3445, -0.9724 -0.6185 0.4055, -0.9173 -0.6185 0.4055, -0.9173 -0.6185 0.3445, -0.874 -0.6185 0.3445, -0.874 -0.6185 0.4055, -0.7795 -0.6185 0.4055, -0.7795 -0.6185 0.3445, -0.7362 -0.6185 0.3445, -0.7362 -0.6185 0.4055, 1.5157 -0.0751 0.4528, 1.5157 -0.0751 0.3543, 1.3504 -0.0751 0.4528, 1.3976 -0.0751 0.3543, 1.3268 -0.5988 0.3346, 1.3268 -0.5988 0.4055, 1.3268 -0.5594 0.315, 1.3268 -0.1224 0.4055, 1.3268 -0.1224 0.315, -1.4567 -0.6185 0.3445, -1.4567 -0.5594 0.315, -1.3268 -0.5988 0.3346, -1.3268 -0.5594 0.315, -1.6472 0.4997 0.1654, -1.6614 0.5351 0.1654, -1.6472 0.4997 0.2165, -1.6614 0.5351 0.4055, -1.6457 0.4957 0.2165, -1.6457 0.4957 0.4055, -1.6457 0.3382 0.1654, -1.6457 0.3225 0.1654, -1.6378 0.3382 0.1654, -1.6378 0.3225 0.1654, -1.5157 0.1611 0.4528, -1.5157 0.169 0.4055, -1.7717 0.1611 0.4528, -1.7717 0.169 0.4055, -1.6378 0.2366 0.3661, -1.6378 -0.3232 0.3661, -1.6378 0.2634 0.2244, -1.6378 -0.3232 0.1299, -1.6378 0.3382 0.1299
            ]
        }
        coordIndex [
            0,1,2,-1,2,1,3,-1,2,3,4,-1,4,5,2,-1,2,5,6,-1,2,6,7,-1,7,8,2,-1,2,8,9,-1,2,9,10,-1,10,11,2,-1,2,11,12,-1,2,12,13,-1,13,14,2,-1,2,14,15,-1,2,15,16,-1,17,18,19,-1,16,20,2,-1,2,20,21,-1,2,21,19,-1,19,21,22,-1,19,22,17,-1,18,23,19,-1,19,23,24,-1,19,24,25,-1,25,26,19,-1,19,26,27,-1,19,27,28,-1,28,29,19,-1,19,29,30,-1,19,30,31,-1,31,32,19,-1,19,32,33,-1,19,33,34,-1,34,35,19,-1,19,35,36,-1,19,36,37,-1,37,38,19,-1,19,38,39,-1,19,39,40,-1,40,41,19,-1,19,41,42,-1,19,42,43,-1,43,44,19,-1,19,44,45,-1,19,45,46,-1,46,47,19,-1,19,47,48,-1,19,48,49,-1,50,51,52,-1,52,51,53,-1,54,55,56,-1,57,58,59,-1,60,61,62,-1,63,64,65,-1,65,64,66,-1,67,68,69,-1,70,71,72,-1,72,71,73,-1,74,75,76,-1,77,78,76,-1,76,78,79,-1,76,79,74,-1,74,79,80,-1,81,82,83,-1,84,85,86,-1,87,88,89,-1,62,90,60,-1,60,90,74,-1,60,74,91,-1,91,74,92,-1,91,92,93,-1,93,92,94,-1,95,96,97,-1,97,96,98,-1,99,100,80,-1,80,100,101,-1,80,101,74,-1,74,101,102,-1,103,104,105,-1,105,104,106,-1,107,108,109,-1,109,108,110,-1,66,54,65,-1,65,54,56,-1,65,56,73,-1,73,56,74,-1,73,74,72,-1,72,74,90,-1,74,111,112,-1,113,114,102,-1,102,114,115,-1,102,115,74,-1,74,115,116,-1,117,105,74,-1,74,105,106,-1,74,106,118,-1,119,120,118,-1,118,120,121,-1,118,121,74,-1,74,121,122,-1,123,109,74,-1,74,109,110,-1,74,110,92,-1,74,124,125,-1,126,74,98,-1,98,74,125,-1,98,125,97,-1,86,75,84,-1,84,75,74,-1,84,74,127,-1,128,129,112,-1,112,129,130,-1,112,130,74,-1,74,130,87,-1,74,87,127,-1,127,87,89,-1,131,132,116,-1,116,132,133,-1,116,133,74,-1,74,133,57,-1,74,57,117,-1,117,57,59,-1,134,135,122,-1,122,135,136,-1,122,136,74,-1,74,136,67,-1,74,67,123,-1,123,67,69,-1,137,138,126,-1,126,138,139,-1,126,139,74,-1,74,139,140,-1,141,142,140,-1,140,142,143,-1,140,143,74,-1,74,143,144,-1,145,146,144,-1,144,146,147,-1,144,147,74,-1,74,147,148,-1,149,150,148,-1,148,150,151,-1,148,151,74,-1,74,151,152,-1,153,154,152,-1,152,154,155,-1,152,155,74,-1,74,155,81,-1,74,81,111,-1,111,81,83,-1,156,157,158,-1,158,157,159,-1,63,65,160,-1,160,65,161,-1,160,161,162,-1,162,161,163,-1,162,163,164,-1,95,165,166,-1,96,95,167,-1,167,95,166,-1,167,166,168,-1,169,170,171,-1,171,170,172,-1,171,172,173,-1,173,172,174,-1,175,176,177,-1,177,176,178,-1,179,180,181,-1,181,180,182,-1,183,184,185,-1,185,184,186,-1,185,186,178,-1,178,186,187,-1,178,187,177,-1,
        ]
    }
}
Shape{
    appearance Appearance {
        material  Material 	{
            diffuseColor 0.6666666666666666 0.6666666666666666 0.6666666666666666
            specularColor 0.4666666666666667 0.4666666666666667 0.4666666666666667
            ambientIntensity 0.6667
            transparency 0.0
            shininess 0.5
        }
    }
    geometry IndexedFaceSet {
        ccw TRUE
        solid FALSE
        coord DEF co Coordinate {
            point [
                -1.6339 -0.6185 0.4055, -1.5748 -0.6185 0.4055, -1.5748 -0.6178 0.4106, -1.6339 -0.6178 0.4106, -1.5748 -0.6158 0.4154, -1.6339 -0.6158 0.4154, -1.5748 -0.6127 0.4194, -1.6339 -0.6127 0.4194, -1.5748 -0.6086 0.4226, -1.6339 -0.6086 0.4226, -1.5748 -0.6039 0.4245, -1.6339 -0.6039 0.4245, -1.5748 -0.5988 0.4252, -1.6339 -0.5988 0.4252, -1.5748 -0.6185 0.3327, -1.6339 -0.6185 0.3327, -1.5748 -0.6263 0.313, -1.6339 -0.6263 0.313, -1.5748 -0.6263 0.2539, -1.6339 -0.6263 0.2539, -1.5748 -0.6185 0.2343, -1.6339 -0.6185 0.2343, -1.7126 -0.6185 0.0079, -1.6535 -0.6185 0.0079, -1.7126 -0.6185 0.0571, -1.6535 -0.6185 0.0571, -1.7106 -0.6185 0.0746, -1.653 -0.6185 0.0615, -1.7048 -0.6185 0.0912, -1.6516 -0.6185 0.0656, -1.6954 -0.6185 0.1062, -1.6493 -0.6185 0.0693, -1.683 -0.6185 0.1186, -1.6461 -0.6185 0.0725, -1.668 -0.6185 0.128, -1.6424 -0.6185 0.0748, -1.6514 -0.6185 0.1338, -1.6382 -0.6185 0.0763, -1.6492 -0.6185 0.1344, -1.636 -0.6185 0.0768, -1.645 -0.6185 0.1358, -1.6194 -0.6185 0.0826, -1.6413 -0.6185 0.1382, -1.6044 -0.6185 0.092, -1.6382 -0.6185 0.1413, -1.592 -0.6185 0.1045, -1.6358 -0.6185 0.145, -1.5826 -0.6185 0.1194, -1.6344 -0.6185 0.1492, -1.5768 -0.6185 0.136, -1.6339 -0.6185 0.1535, -1.5748 -0.6185 0.1535, -1.6339 -0.3429 0.4252, -1.5748 -0.3429 0.4252, -1.5748 -0.3378 0.4245, -1.6339 -0.3378 0.4245, -1.5748 -0.333 0.4226, -1.6339 -0.333 0.4226, -1.5748 -0.3289 0.4194, -1.6339 -0.3289 0.4194, -1.5748 -0.3258 0.4154, -1.6339 -0.3258 0.4154, -1.5748 -0.3238 0.4106, -1.6339 -0.3238 0.4106, -1.5748 -0.3232 0.4055, -1.6339 -0.3232 0.4055, -1.5748 -0.5279 0.4252, -1.6339 -0.3822 0.1693, -1.5748 -0.3822 0.1693, -1.6339 -0.3822 0.1535, -1.5748 -0.3822 0.1535, -1.6344 -0.3822 0.1492, -1.5768 -0.3822 0.136, -1.6358 -0.3822 0.145, -1.5826 -0.3822 0.1194, -1.6382 -0.3822 0.1413, -1.592 -0.3822 0.1045, -1.6413 -0.3822 0.1382, -1.6044 -0.3822 0.092, -1.645 -0.3822 0.1358, -1.6194 -0.3822 0.0826, -1.6492 -0.3822 0.1344, -1.636 -0.3822 0.0768, -1.6514 -0.3822 0.1338, -1.6382 -0.3822 0.0763, -1.668 -0.3822 0.128, -1.6424 -0.3822 0.0748, -1.683 -0.3822 0.1186, -1.6461 -0.3822 0.0725, -1.6954 -0.3822 0.1062, -1.6493 -0.3822 0.0693, -1.7048 -0.3822 0.0912, -1.6516 -0.3822 0.0656, -1.7106 -0.3822 0.0746, -1.653 -0.3822 0.0615, -1.7126 -0.3822 0.0571, -1.6535 -0.3822 0.0571, -1.7126 -0.3822 0.0079, -1.6535 -0.3822 0.0079, -1.5748 -0.5279 0.1535, -1.6339 -0.3232 0.1693, -1.5748 -0.3232 0.1693, -1.6339 -0.3238 0.1744, -1.5748 -0.3238 0.1744, -1.6339 -0.3258 0.1791, -1.5748 -0.3258 0.1791, -1.6339 -0.3289 0.1832, -1.5748 -0.3289 0.1832, -1.6339 -0.333 0.1863, -1.5748 -0.333 0.1863, -1.6339 -0.3378 0.1883, -1.5748 -0.3378 0.1883, -1.6339 -0.3429 0.189, -1.5748 -0.3429 0.189, -1.5748 -0.3625 0.189, -1.6339 -0.3625 0.189, -1.6339 -0.3676 0.1883, -1.5748 -0.3676 0.1883, -1.6339 -0.3724 0.1863, -1.5748 -0.3724 0.1863, -1.6339 -0.3765 0.1832, -1.5748 -0.3765 0.1832, -1.6339 -0.3796 0.1791, -1.5748 -0.3796 0.1791, -1.6339 -0.3816 0.1744, -1.5748 -0.3816 0.1744
            ]
        }
        coordIndex [
            0,1,2,-1,0,2,3,-1,3,2,4,-1,3,4,5,-1,5,4,6,-1,5,6,7,-1,7,6,8,-1,7,8,9,-1,9,8,10,-1,9,10,11,-1,11,10,12,-1,11,12,13,-1,14,1,15,-1,15,1,0,-1,16,14,17,-1,17,14,15,-1,18,16,19,-1,19,16,17,-1,20,18,21,-1,21,18,19,-1,22,23,24,-1,24,23,25,-1,24,25,26,-1,26,25,27,-1,26,27,28,-1,28,27,29,-1,28,29,30,-1,30,29,31,-1,30,31,32,-1,32,31,33,-1,32,33,34,-1,34,33,35,-1,34,35,36,-1,36,35,37,-1,36,37,38,-1,38,37,39,-1,38,39,40,-1,40,39,41,-1,40,41,42,-1,42,41,43,-1,42,43,44,-1,44,43,45,-1,44,45,46,-1,46,45,47,-1,46,47,48,-1,48,47,49,-1,48,49,50,-1,50,49,51,-1,50,51,21,-1,21,51,20,-1,52,53,54,-1,52,54,55,-1,55,54,56,-1,55,56,57,-1,57,56,58,-1,57,58,59,-1,59,58,60,-1,59,60,61,-1,61,60,62,-1,61,62,63,-1,63,62,64,-1,63,64,65,-1,53,52,66,-1,66,52,13,-1,66,13,12,-1,67,68,69,-1,69,68,70,-1,69,70,71,-1,71,70,72,-1,71,72,73,-1,73,72,74,-1,73,74,75,-1,75,74,76,-1,75,76,77,-1,77,76,78,-1,77,78,79,-1,79,78,80,-1,79,80,81,-1,81,80,82,-1,81,82,83,-1,83,82,84,-1,83,84,85,-1,85,84,86,-1,85,86,87,-1,87,86,88,-1,87,88,89,-1,89,88,90,-1,89,90,91,-1,91,90,92,-1,91,92,93,-1,93,92,94,-1,93,94,95,-1,95,94,96,-1,95,96,97,-1,97,96,98,-1,99,51,49,-1,72,70,99,-1,99,49,72,-1,72,49,47,-1,72,47,74,-1,74,47,45,-1,74,45,76,-1,76,45,43,-1,76,43,78,-1,78,43,41,-1,78,41,80,-1,80,41,39,-1,80,39,82,-1,100,101,102,-1,102,101,103,-1,102,103,104,-1,104,103,105,-1,104,105,106,-1,106,105,107,-1,106,107,108,-1,108,107,109,-1,108,109,110,-1,110,109,111,-1,110,111,112,-1,112,111,113,-1,113,114,112,-1,112,114,115,-1,115,114,116,-1,116,114,117,-1,116,117,118,-1,118,117,119,-1,118,119,120,-1,120,119,121,-1,120,121,122,-1,122,121,123,-1,122,123,124,-1,124,123,125,-1,124,125,67,-1,67,125,68,-1,
        ]
    }
}
Shape{
    appearance Appearance {
        material  Material 	{
            diffuseColor 0.5882352941176471 0.5725490196078431 0.5254901960784314
            specularColor 0.043137254901960784 0.0392156862745098 0.0392156862745098
            ambientIntensity 0.8167
            transparency 0.0
            shininess 0.5
        }
    }
    geometry IndexedFaceSet {
        ccw TRUE
        solid FALSE
        coord DEF co Coordinate {
            point [
                -1.3976 0.2388 0.3543, -1.5157 0.2388 0.3543, -1.3976 -0.0751 0.3543, -1.5157 -0.0751 0.3543, -1.5157 0.2291 0.4055, -1.5157 0.169 0.4055, -1.5157 0.1611 0.4528, -1.5157 -0.0751 0.4528, -1.7717 0.169 0.4055, -1.6457 0.2291 0.4055, -1.6884 0.6611 0.4055, -1.7717 0.6611 0.4055, -1.6614 0.5351 0.4055, -1.6457 0.4957 0.4055, -1.6378 0.2634 0.2244, -1.6378 0.3225 0.1654, -1.6457 0.2634 0.2244, -1.6457 0.3225 0.1654
            ]
        }
        coordIndex [
            0,1,2,-1,2,1,3,-1,1,4,5,-1,6,7,5,-1,5,7,3,-1,5,3,1,-1,5,4,8,-1,8,4,9,-1,10,11,12,-1,12,11,8,-1,12,8,13,-1,13,8,9,-1,14,15,16,-1,16,15,17,-1,
        ]
    }
}
Shape{
    appearance Appearance {
        material  Material 	{
            diffuseColor 0.6666666666666666 0.6666666666666666 0.6666666666666666
            specularColor 0.4666666666666667 0.4666666666666667 0.4666666666666667
            ambientIntensity 0.6667
            transparency 0.0
            shininess 0.5
        }
    }
    geometry IndexedFaceSet {
        ccw TRUE
        solid FALSE
        coord DEF co Coordinate {
            point [
                -1.6339 0.2366 0.3661, -1.5748 0.2366 0.3661, -1.6339 0.602 0.3661, -1.5748 0.602 0.3661
            ]
        }
        coordIndex [
            0,1,2,-1,2,1,3,-1,
        ]
    }
}
Shape{
    appearance Appearance {
        material  Material 	{
            diffuseColor 0.5882352941176471 0.5725490196078431 0.5254901960784314
            specularColor 0.043137254901960784 0.0392156862745098 0.0392156862745098
            ambientIntensity 0.8167
            transparency 0.0
            shininess 0.5
        }
    }
    geometry IndexedFaceSet {
        ccw TRUE
        solid FALSE
        coord DEF co Coordinate {
            point [
                -1.3731 0.2291 0.4055, -1.3976 0.2388 0.3543, -1.3731 0.169 0.4055, -1.3976 -0.0751 0.3543, -1.3504 0.1611 0.4528, -1.3504 -0.0751 0.4528, -1.6378 0.4736 0.2165, -1.6378 0.3382 0.2165, -1.6457 0.4736 0.2165, -1.7717 0.3382 0.2165, -1.6457 0.4957 0.2165, -1.7717 0.4997 0.2165, -1.6472 0.4997 0.2165, -1.6457 0.4741 0.2244, -1.6457 0.423 0.291, -1.6457 0.4396 0.2841, -1.6457 0.4957 0.4055, -1.6457 0.4539 0.2731, -1.6457 0.4648 0.2589, -1.6457 0.4717 0.2422, -1.6457 0.3363 0.2244, -1.6457 0.3386 0.2422, -1.6457 0.2634 0.2244, -1.6457 0.2291 0.4055, -1.6457 0.3455 0.2589, -1.6457 0.3565 0.2731, -1.6457 0.3707 0.2841, -1.6457 0.3873 0.291, -1.6457 0.4052 0.2933, -1.6457 0.3225 0.1654, -1.6457 0.3382 0.1654, -1.6457 0.3382 0.2081
            ]
        }
        coordIndex [
            0,1,2,-1,2,1,3,-1,2,3,4,-1,4,3,5,-1,6,7,8,-1,8,7,9,-1,8,9,10,-1,10,9,11,-1,10,11,12,-1,13,8,10,-1,14,15,16,-1,15,17,16,-1,16,17,18,-1,16,18,10,-1,10,18,19,-1,10,19,13,-1,20,21,22,-1,22,21,23,-1,23,21,24,-1,23,24,25,-1,25,26,23,-1,23,26,27,-1,23,27,16,-1,16,27,28,-1,16,28,14,-1,29,30,22,-1,22,30,31,-1,22,31,20,-1,
        ]
    }
}
Shape{
    appearance Appearance {
        material  Material 	{
            diffuseColor 0.20784313725490197 0.20784313725490197 0.20784313725490197
            specularColor 0.01568627450980392 0.01568627450980392 0.01568627450980392
            ambientIntensity 0.298
            transparency 0.0
            shininess 0.5
        }
    }
    geometry IndexedFaceSet {
        ccw TRUE
        solid FALSE
        coord DEF co Coordinate {
            point [
                -1.6378 0.3382 0.2081, -1.6378 0.3382 0.2165, -1.6378 0.4736 0.2165, -1.6378 0.3386 0.2066, -1.6378 0.4717 0.2066, -1.6378 0.4648 0.19, -1.6378 0.3707 0.1647, -1.6378 0.3565 0.1757, -1.6378 0.3873 0.1579, -1.6378 0.3455 0.19, -1.6378 0.4052 0.1555, -1.6378 0.4539 0.1757, -1.6378 0.4396 0.1647, -1.6378 0.423 0.1579
            ]
        }
        coordIndex [
            0,1,2,-1,0,2,3,-1,3,2,4,-1,3,4,5,-1,6,7,8,-1,8,7,9,-1,8,9,10,-1,5,11,3,-1,3,11,12,-1,3,12,9,-1,9,12,13,-1,9,13,10,-1,
        ]
    }
}
Shape{
    appearance Appearance {
        material  Material 	{
            diffuseColor 0.5882352941176471 0.5725490196078431 0.5254901960784314
            specularColor 0.043137254901960784 0.0392156862745098 0.0392156862745098
            ambientIntensity 0.8167
            transparency 0.0
            shininess 0.5
        }
    }
    geometry IndexedFaceSet {
        ccw TRUE
        solid FALSE
        coord DEF co Coordinate {
            point [
                -1.6378 0.4997 0.1654, -1.6378 0.4997 0.1299, -1.6378 0.7004 0.1654, -1.6378 0.7004 0.1299, -1.6472 0.4997 0.1654, -1.6614 0.5351 0.1654, -1.6969 0.7004 0.1654, -1.6969 0.7004 0.3661, -1.6884 0.6611 0.4055, -1.6614 0.5351 0.4055, -1.7717 0.6611 0.4055, -1.7717 0.7004 0.3661
            ]
        }
        coordIndex [
            0,1,2,-1,2,1,3,-1,4,0,5,-1,5,0,2,-1,5,2,6,-1,6,7,5,-1,5,7,8,-1,5,8,9,-1,8,7,10,-1,10,7,11,-1,
        ]
    }
}
Shape{
    appearance Appearance {
        material  Material 	{
            diffuseColor 0.20784313725490197 0.20784313725490197 0.20784313725490197
            specularColor 0.01568627450980392 0.01568627450980392 0.01568627450980392
            ambientIntensity 0.298
            transparency 0.0
            shininess 0.5
        }
    }
    geometry IndexedFaceSet {
        ccw TRUE
        solid FALSE
        coord DEF co Coordinate {
            point [
                -1.2126 0.5784 0.1693, -1.1496 0.5784 0.1693, -1.2126 0.5784 0.3622, -1.1496 0.5784 0.3622, -1.3307 0.5784 0.1693, -1.2677 0.5784 0.1693, -1.3307 0.5784 0.3622, -1.2677 0.5784 0.3622, 0.7008 0.7792 0.189, 0.7008 0.7595 0.1693, -1.3465 0.7792 0.189, -1.563 0.7595 0.1693, -1.3465 0.7989 0.2087, -1.563 0.7989 0.2087, 1.1339 0.7595 0.2323, 1.1339 0.7595 0.1693, 1.1142 0.7595 0.2323, 0.7205 0.7595 0.2323, 0.7008 0.7595 0.2323, 1.1339 0.7792 0.189, 1.3465 0.7792 0.189, 1.3465 0.7989 0.2087, 1.563 0.7989 0.2087, 1.563 0.7595 0.1693, 1.2677 0.5784 0.1693, 1.3307 0.5784 0.1693, 1.2677 0.5784 0.3622, 1.3307 0.5784 0.3622, 1.1496 0.5784 0.1693, 1.2126 0.5784 0.1693, 1.1496 0.5784 0.3622, 1.2126 0.5784 0.3622, 1.0315 0.5784 0.1693, 1.0945 0.5784 0.1693, 1.0315 0.5784 0.3622, 1.0945 0.5784 0.3622, 0.9134 0.5784 0.1693, 0.9764 0.5784 0.1693, 0.9134 0.5784 0.3622, 0.9764 0.5784 0.3622, 0.7953 0.5784 0.1693, 0.8583 0.5784 0.1693, 0.7953 0.5784 0.3622, 0.8583 0.5784 0.3622, 0.6772 0.5784 0.1693, 0.7402 0.5784 0.1693, 0.6772 0.5784 0.3622, 0.7402 0.5784 0.3622, 0.5591 0.5784 0.1693, 0.622 0.5784 0.1693, 0.5591 0.5784 0.3622, 0.622 0.5784 0.3622, 0.4409 0.5784 0.1693, 0.5039 0.5784 0.1693, 0.4409 0.5784 0.3622, 0.5039 0.5784 0.3622, 0.3228 0.5784 0.1693, 0.3858 0.5784 0.1693, 0.3228 0.5784 0.3622, 0.3858 0.5784 0.3622, 0.2047 0.5784 0.1693, 0.2677 0.5784 0.1693, 0.2047 0.5784 0.3622, 0.2677 0.5784 0.3622, 0.0866 0.5784 0.1693, 0.1496 0.5784 0.1693, 0.0866 0.5784 0.3622, 0.1496 0.5784 0.3622, -0.0315 0.5784 0.1693, 0.0315 0.5784 0.1693, -0.0315 0.5784 0.3622, 0.0315 0.5784 0.3622, -0.1496 0.5784 0.1693, -0.0866 0.5784 0.1693, -0.1496 0.5784 0.3622, -0.0866 0.5784 0.3622, -0.2677 0.5784 0.1693, -0.2047 0.5784 0.1693, -0.2677 0.5784 0.3622, -0.2047 0.5784 0.3622, -0.3858 0.5784 0.1693, -0.3228 0.5784 0.1693, -0.3858 0.5784 0.3622, -0.3228 0.5784 0.3622, -0.5039 0.5784 0.1693, -0.4409 0.5784 0.1693, -0.5039 0.5784 0.3622, -0.4409 0.5784 0.3622, -0.622 0.5784 0.1693, -0.5591 0.5784 0.1693, -0.622 0.5784 0.3622, -0.5591 0.5784 0.3622, -0.7402 0.5784 0.1693, -0.6772 0.5784 0.1693, -0.7402 0.5784 0.3622, -0.6772 0.5784 0.3622, -0.8583 0.5784 0.1693, -0.7953 0.5784 0.1693, -0.8583 0.5784 0.3622, -0.7953 0.5784 0.3622, -0.9764 0.5784 0.1693, -0.9134 0.5784 0.1693, -0.9764 0.5784 0.3622, -0.9134 0.5784 0.3622, -1.0945 0.5784 0.1693, -1.0315 0.5784 0.1693, -1.0945 0.5784 0.3622, -1.0315 0.5784 0.3622, -1.2126 0.4488 0.3228, -1.2126 0.4217 0.1693, -1.2126 0.4168 0.3622, -1.2126 0.4077 0.3611, -1.2126 0.3991 0.358, -1.2126 0.3915 0.353, -1.2126 0.3852 0.3463, -1.2126 0.3806 0.3384, -1.2126 0.378 0.3297, -1.2126 0.3768 0.3228, -1.2677 0.378 0.3297, -1.2677 0.3806 0.3384, -1.2677 0.3852 0.3463, -1.2677 0.3915 0.353, -1.2677 0.3991 0.358, -1.2677 0.4077 0.3611, -1.2677 0.4168 0.3622, -1.2677 0.4217 0.1693, -1.2677 0.4488 0.3228, -1.2677 0.3768 0.3228, -1.2756 0.3768 0.3228, -1.2756 0.4488 0.3228, -1.3307 0.4488 0.3228, -1.3307 0.4217 0.1693, -1.3307 0.4168 0.3622, -1.3307 0.4077 0.3611, -1.3307 0.3991 0.358, -1.3307 0.3915 0.353, -1.3307 0.3852 0.3463, -1.3307 0.3806 0.3384, -1.3307 0.378 0.3297, -1.3307 0.3768 0.3228, -1.563 0.378 0.3297, -1.563 0.3806 0.3384, -1.563 0.3852 0.3463, -1.563 0.3915 0.353, -1.563 0.3991 0.358, -1.563 0.4077 0.3611, -1.563 0.4168 0.3622, -1.563 0.4465 0.1693, -1.563 0.4539 0.1757, -1.563 0.4648 0.19, -1.563 0.4717 0.2066, -1.563 0.4741 0.2244, -1.563 0.4717 0.2422, -1.563 0.6808 0.3622, -1.563 0.4648 0.2589, -1.563 0.7477 0.4291, -1.563 0.7989 0.4528, -1.563 0.7477 0.4528, -1.563 0.3699 0.2836, -1.563 0.3707 0.2841, -1.563 0.3873 0.291, -1.563 0.4052 0.2933, -1.563 0.4539 0.2731, -1.563 0.4396 0.2841, -1.563 0.423 0.291, 1.3307 0.378 0.3297, 1.563 0.378 0.3297, 1.563 0.3806 0.3384, 1.3307 0.3806 0.3384, 1.563 0.3852 0.3463, 1.3307 0.3852 0.3463, 1.563 0.3915 0.353, 1.3307 0.3915 0.353, 1.563 0.3991 0.358, 1.3307 0.3991 0.358, 1.563 0.4077 0.3611, 1.3307 0.4077 0.3611, 1.563 0.4168 0.3622, 1.3307 0.4168 0.3622, 1.3307 0.4217 0.1693, 1.3307 0.4488 0.3228, 1.3307 0.3768 0.3228, 1.2677 0.4488 0.3228, 1.2677 0.4217 0.1693, 1.2677 0.4168 0.3622, 1.2677 0.4077 0.3611, 1.2677 0.3991 0.358, 1.2677 0.3915 0.353, 1.2677 0.3852 0.3463, 1.2677 0.3806 0.3384, 1.2677 0.378 0.3297, 1.2677 0.3768 0.3228, 1.2126 0.378 0.3297, 1.2126 0.3806 0.3384, 1.2126 0.3852 0.3463, 1.2126 0.3915 0.353, 1.2126 0.3991 0.358, 1.2126 0.4077 0.3611, 1.2126 0.4168 0.3622, 1.2126 0.4217 0.1693, 1.2126 0.4488 0.3228, 1.2126 0.3768 0.3228, 1.1496 0.4488 0.3228, 1.1496 0.4217 0.1693, 1.1496 0.4168 0.3622, 1.1496 0.4077 0.3611, 1.1496 0.3991 0.358, 1.1496 0.3915 0.353, 1.1496 0.3852 0.3463, 1.1496 0.3806 0.3384, 1.1496 0.378 0.3297, 1.1496 0.3768 0.3228, 1.0945 0.378 0.3297, 1.0945 0.3806 0.3384, 1.0945 0.3852 0.3463, 1.0945 0.3915 0.353, 1.0945 0.3991 0.358, 1.0945 0.4077 0.3611, 1.0945 0.4168 0.3622, 1.0945 0.4217 0.1693, 1.0945 0.4488 0.3228, 1.0945 0.3768 0.3228, 1.0866 0.3768 0.3228, 1.0866 0.4488 0.3228, 1.0315 0.4488 0.3228, 1.0315 0.4217 0.1693, 1.0315 0.4168 0.3622, 1.0315 0.4077 0.3611, 1.0315 0.3991 0.358, 1.0315 0.3915 0.353, 1.0315 0.3852 0.3463, 1.0315 0.3806 0.3384, 1.0315 0.378 0.3297, 1.0315 0.3768 0.3228, 0.9764 0.378 0.3297, 0.9764 0.3806 0.3384, 0.9764 0.3852 0.3463, 0.9764 0.3915 0.353, 0.9764 0.3991 0.358, 0.9764 0.4077 0.3611, 0.9764 0.4168 0.3622, 0.9764 0.4217 0.1693, 0.9764 0.4488 0.3228, 0.9764 0.3768 0.3228, 0.9134 0.4488 0.3228, 0.9134 0.4217 0.1693, 0.9134 0.4168 0.3622, 0.9134 0.4077 0.3611, 0.9134 0.3991 0.358, 0.9134 0.3915 0.353, 0.9134 0.3852 0.3463, 0.9134 0.3806 0.3384, 0.9134 0.378 0.3297, 0.9134 0.3768 0.3228, 0.8583 0.378 0.3297, 0.8583 0.3806 0.3384, 0.8583 0.3852 0.3463, 0.8583 0.3915 0.353, 0.8583 0.3991 0.358, 0.8583 0.4077 0.3611, 0.8583 0.4168 0.3622, 0.8583 0.4217 0.1693, 0.8583 0.4488 0.3228, 0.8583 0.3768 0.3228, 0.8504 0.3768 0.3228, 0.8504 0.4488 0.3228, 0.7953 0.4488 0.3228, 0.7953 0.4217 0.1693, 0.7953 0.4168 0.3622, 0.7953 0.4077 0.3611, 0.7953 0.3991 0.358, 0.7953 0.3915 0.353, 0.7953 0.3852 0.3463, 0.7953 0.3806 0.3384, 0.7953 0.378 0.3297, 0.7953 0.3768 0.3228, 0.7402 0.378 0.3297, 0.7402 0.3806 0.3384, 0.7402 0.3852 0.3463, 0.7402 0.3915 0.353, 0.7402 0.3991 0.358, 0.7402 0.4077 0.3611, 0.7402 0.4168 0.3622, 0.7402 0.4217 0.1693, 0.7402 0.4488 0.3228, 0.7402 0.3768 0.3228, 0.6772 0.4488 0.3228, 0.6772 0.4217 0.1693, 0.6772 0.4168 0.3622, 0.6772 0.4077 0.3611, 0.6772 0.3991 0.358, 0.6772 0.3915 0.353, 0.6772 0.3852 0.3463, 0.6772 0.3806 0.3384, 0.6772 0.378 0.3297, 0.6772 0.3768 0.3228, 0.622 0.378 0.3297, 0.622 0.3806 0.3384, 0.622 0.3852 0.3463, 0.622 0.3915 0.353, 0.622 0.3991 0.358, 0.622 0.4077 0.3611, 0.622 0.4168 0.3622, 0.622 0.4217 0.1693, 0.622 0.4488 0.3228, 0.622 0.3768 0.3228, 0.6142 0.3768 0.3228, 0.6142 0.4488 0.3228, 0.5591 0.4488 0.3228, 0.5591 0.4217 0.1693, 0.5591 0.4168 0.3622, 0.5591 0.4077 0.3611, 0.5591 0.3991 0.358, 0.5591 0.3915 0.353, 0.5591 0.3852 0.3463, 0.5591 0.3806 0.3384, 0.5591 0.378 0.3297, 0.5591 0.3768 0.3228, 0.5039 0.378 0.3297, 0.5039 0.3806 0.3384, 0.5039 0.3852 0.3463, 0.5039 0.3915 0.353, 0.5039 0.3991 0.358, 0.5039 0.4077 0.3611, 0.5039 0.4168 0.3622, 0.5039 0.4217 0.1693, 0.5039 0.4488 0.3228, 0.5039 0.3768 0.3228, 0.4409 0.4488 0.3228, 0.4409 0.4217 0.1693, 0.4409 0.4168 0.3622, 0.4409 0.4077 0.3611, 0.4409 0.3991 0.358, 0.4409 0.3915 0.353, 0.4409 0.3852 0.3463, 0.4409 0.3806 0.3384, 0.4409 0.378 0.3297, 0.4409 0.3768 0.3228, 0.3858 0.378 0.3297, 0.3858 0.3806 0.3384, 0.3858 0.3852 0.3463, 0.3858 0.3915 0.353, 0.3858 0.3991 0.358, 0.3858 0.4077 0.3611, 0.3858 0.4168 0.3622, 0.3858 0.4217 0.1693, 0.3858 0.4488 0.3228, 0.3858 0.3768 0.3228, 0.378 0.3768 0.3228, 0.378 0.4488 0.3228, 0.3228 0.4488 0.3228, 0.3228 0.4217 0.1693, 0.3228 0.4168 0.3622, 0.3228 0.4077 0.3611, 0.3228 0.3991 0.358, 0.3228 0.3915 0.353, 0.3228 0.3852 0.3463, 0.3228 0.3806 0.3384, 0.3228 0.378 0.3297, 0.3228 0.3768 0.3228, 0.2677 0.378 0.3297, 0.2677 0.3806 0.3384, 0.2677 0.3852 0.3463, 0.2677 0.3915 0.353, 0.2677 0.3991 0.358, 0.2677 0.4077 0.3611, 0.2677 0.4168 0.3622, 0.2677 0.4217 0.1693, 0.2677 0.4488 0.3228, 0.2677 0.3768 0.3228, 0.2047 0.4488 0.3228, 0.2047 0.4217 0.1693, 0.2047 0.4168 0.3622, 0.2047 0.4077 0.3611, 0.2047 0.3991 0.358, 0.2047 0.3915 0.353, 0.2047 0.3852 0.3463, 0.2047 0.3806 0.3384, 0.2047 0.378 0.3297, 0.2047 0.3768 0.3228, 0.1496 0.378 0.3297, 0.1496 0.3806 0.3384, 0.1496 0.3852 0.3463, 0.1496 0.3915 0.353, 0.1496 0.3991 0.358, 0.1496 0.4077 0.3611, 0.1496 0.4168 0.3622, 0.1496 0.4217 0.1693, 0.1496 0.4488 0.3228, 0.1496 0.3768 0.3228, 0.1417 0.3768 0.3228, 0.1417 0.4488 0.3228, 0.0866 0.4488 0.3228, 0.0866 0.4217 0.1693, 0.0866 0.4168 0.3622, 0.0866 0.4077 0.3611, 0.0866 0.3991 0.358, 0.0866 0.3915 0.353, 0.0866 0.3852 0.3463, 0.0866 0.3806 0.3384, 0.0866 0.378 0.3297, 0.0866 0.3768 0.3228, 0.0315 0.378 0.3297, 0.0315 0.3806 0.3384, 0.0315 0.3852 0.3463, 0.0315 0.3915 0.353, 0.0315 0.3991 0.358, 0.0315 0.4077 0.3611, 0.0315 0.4168 0.3622, 0.0315 0.4217 0.1693, 0.0315 0.4488 0.3228, 0.0315 0.3768 0.3228, -0.0315 0.4488 0.3228, -0.0315 0.4217 0.1693, -0.0315 0.4168 0.3622, -0.0315 0.4077 0.3611, -0.0315 0.3991 0.358, -0.0315 0.3915 0.353, -0.0315 0.3852 0.3463, -0.0315 0.3806 0.3384, -0.0315 0.378 0.3297, -0.0315 0.3768 0.3228, -0.0866 0.378 0.3297, -0.0866 0.3806 0.3384, -0.0866 0.3852 0.3463, -0.0866 0.3915 0.353, -0.0866 0.3991 0.358, -0.0866 0.4077 0.3611, -0.0866 0.4168 0.3622, -0.0866 0.4217 0.1693, -0.0866 0.4488 0.3228, -0.0866 0.3768 0.3228, -0.0945 0.3768 0.3228, -0.0945 0.4488 0.3228, -0.1496 0.4488 0.3228, -0.1496 0.4217 0.1693, -0.1496 0.4168 0.3622, -0.1496 0.4077 0.3611, -0.1496 0.3991 0.358, -0.1496 0.3915 0.353, -0.1496 0.3852 0.3463, -0.1496 0.3806 0.3384, -0.1496 0.378 0.3297, -0.1496 0.3768 0.3228, -0.2047 0.378 0.3297, -0.2047 0.3806 0.3384, -0.2047 0.3852 0.3463, -0.2047 0.3915 0.353, -0.2047 0.3991 0.358, -0.2047 0.4077 0.3611, -0.2047 0.4168 0.3622, -0.2047 0.4217 0.1693, -0.2047 0.4488 0.3228, -0.2047 0.3768 0.3228, -0.2677 0.4488 0.3228, -0.2677 0.4217 0.1693, -0.2677 0.4168 0.3622, -0.2677 0.4077 0.3611, -0.2677 0.3991 0.358, -0.2677 0.3915 0.353, -0.2677 0.3852 0.3463, -0.2677 0.3806 0.3384, -0.2677 0.378 0.3297, -0.2677 0.3768 0.3228, -0.3228 0.378 0.3297, -0.3228 0.3806 0.3384, -0.3228 0.3852 0.3463, -0.3228 0.3915 0.353, -0.3228 0.3991 0.358, -0.3228 0.4077 0.3611, -0.3228 0.4168 0.3622, -0.3228 0.4217 0.1693, -0.3228 0.4488 0.3228, -0.3228 0.3768 0.3228, -0.3307 0.3768 0.3228, -0.3307 0.4488 0.3228, -0.3858 0.4488 0.3228, -0.3858 0.4217 0.1693, -0.3858 0.4168 0.3622, -0.3858 0.4077 0.3611, -0.3858 0.3991 0.358, -0.3858 0.3915 0.353, -0.3858 0.3852 0.3463, -0.3858 0.3806 0.3384, -0.3858 0.378 0.3297, -0.3858 0.3768 0.3228, -0.4409 0.378 0.3297, -0.4409 0.3806 0.3384, -0.4409 0.3852 0.3463, -0.4409 0.3915 0.353, -0.4409 0.3991 0.358, -0.4409 0.4077 0.3611, -0.4409 0.4168 0.3622, -0.4409 0.4217 0.1693, -0.4409 0.4488 0.3228, -0.4409 0.3768 0.3228, -0.5039 0.4488 0.3228, -0.5039 0.4217 0.1693, -0.5039 0.4168 0.3622, -0.5039 0.4077 0.3611, -0.5039 0.3991 0.358, -0.5039 0.3915 0.353, -0.5039 0.3852 0.3463, -0.5039 0.3806 0.3384, -0.5039 0.378 0.3297, -0.5039 0.3768 0.3228, -0.5591 0.378 0.3297, -0.5591 0.3806 0.3384, -0.5591 0.3852 0.3463, -0.5591 0.3915 0.353, -0.5591 0.3991 0.358, -0.5591 0.4077 0.3611, -0.5591 0.4168 0.3622, -0.5591 0.4217 0.1693, -0.5591 0.4488 0.3228, -0.5591 0.3768 0.3228, -0.5669 0.3768 0.3228, -0.5669 0.4488 0.3228, -0.622 0.4488 0.3228, -0.622 0.4217 0.1693, -0.622 0.4168 0.3622, -0.622 0.4077 0.3611, -0.622 0.3991 0.358, -0.622 0.3915 0.353, -0.622 0.3852 0.3463, -0.622 0.3806 0.3384, -0.622 0.378 0.3297, -0.622 0.3768 0.3228, -0.6772 0.378 0.3297, -0.6772 0.3806 0.3384, -0.6772 0.3852 0.3463, -0.6772 0.3915 0.353, -0.6772 0.3991 0.358, -0.6772 0.4077 0.3611, -0.6772 0.4168 0.3622, -0.6772 0.4217 0.1693, -0.6772 0.4488 0.3228, -0.6772 0.3768 0.3228, -0.7402 0.4488 0.3228, -0.7402 0.4217 0.1693, -0.7402 0.4168 0.3622, -0.7402 0.4077 0.3611, -0.7402 0.3991 0.358, -0.7402 0.3915 0.353, -0.7402 0.3852 0.3463, -0.7402 0.3806 0.3384, -0.7402 0.378 0.3297, -0.7402 0.3768 0.3228, -0.7953 0.378 0.3297, -0.7953 0.3806 0.3384, -0.7953 0.3852 0.3463, -0.7953 0.3915 0.353, -0.7953 0.3991 0.358, -0.7953 0.4077 0.3611, -0.7953 0.4168 0.3622, -0.7953 0.4217 0.1693, -0.7953 0.4488 0.3228, -0.7953 0.3768 0.3228, -0.8031 0.3768 0.3228, -0.8031 0.4488 0.3228, -0.8583 0.4488 0.3228, -0.8583 0.4217 0.1693, -0.8583 0.4168 0.3622, -0.8583 0.4077 0.3611, -0.8583 0.3991 0.358, -0.8583 0.3915 0.353, -0.8583 0.3852 0.3463, -0.8583 0.3806 0.3384, -0.8583 0.378 0.3297, -0.8583 0.3768 0.3228, -0.9134 0.378 0.3297, -0.9134 0.3806 0.3384, -0.9134 0.3852 0.3463, -0.9134 0.3915 0.353, -0.9134 0.3991 0.358, -0.9134 0.4077 0.3611, -0.9134 0.4168 0.3622, -0.9134 0.4217 0.1693, -0.9134 0.4488 0.3228, -0.9134 0.3768 0.3228, -0.9764 0.4488 0.3228, -0.9764 0.4217 0.1693, -0.9764 0.4168 0.3622, -0.9764 0.4077 0.3611, -0.9764 0.3991 0.358, -0.9764 0.3915 0.353, -0.9764 0.3852 0.3463, -0.9764 0.3806 0.3384, -0.9764 0.378 0.3297, -0.9764 0.3768 0.3228, -1.0315 0.378 0.3297, -1.0315 0.3806 0.3384, -1.0315 0.3852 0.3463, -1.0315 0.3915 0.353, -1.0315 0.3991 0.358, -1.0315 0.4077 0.3611, -1.0315 0.4168 0.3622, -1.0315 0.4217 0.1693, -1.0315 0.4488 0.3228, -1.0315 0.3768 0.3228, -1.0394 0.3768 0.3228, -1.0394 0.4488 0.3228, -1.0945 0.4488 0.3228, -1.0945 0.4217 0.1693, -1.0945 0.4168 0.3622, -1.0945 0.4077 0.3611, -1.0945 0.3991 0.358, -1.0945 0.3915 0.353, -1.0945 0.3852 0.3463, -1.0945 0.3806 0.3384, -1.0945 0.378 0.3297, -1.0945 0.3768 0.3228, -1.1496 0.378 0.3297, -1.1496 0.3806 0.3384, -1.1496 0.3852 0.3463, -1.1496 0.3915 0.353, -1.1496 0.3991 0.358, -1.1496 0.4077 0.3611, -1.1496 0.4168 0.3622, -1.1496 0.4217 0.1693, -1.1496 0.4488 0.3228, -1.1496 0.3768 0.3228
            ]
        }
        coordIndex [
            0,1,2,-1,2,1,3,-1,4,5,6,-1,6,5,7,-1,8,9,10,-1,10,9,11,-1,10,11,12,-1,12,11,13,-1,14,15,16,-1,16,15,9,-1,16,9,17,-1,17,9,18,-1,15,19,20,-1,21,22,20,-1,20,22,23,-1,20,23,15,-1,24,25,26,-1,26,25,27,-1,28,29,30,-1,30,29,31,-1,32,33,34,-1,34,33,35,-1,36,37,38,-1,38,37,39,-1,40,41,42,-1,42,41,43,-1,44,45,46,-1,46,45,47,-1,48,49,50,-1,50,49,51,-1,52,53,54,-1,54,53,55,-1,56,57,58,-1,58,57,59,-1,60,61,62,-1,62,61,63,-1,64,65,66,-1,66,65,67,-1,68,69,70,-1,70,69,71,-1,72,73,74,-1,74,73,75,-1,76,77,78,-1,78,77,79,-1,80,81,82,-1,82,81,83,-1,84,85,86,-1,86,85,87,-1,88,89,90,-1,90,89,91,-1,92,93,94,-1,94,93,95,-1,96,97,98,-1,98,97,99,-1,100,101,102,-1,102,101,103,-1,104,105,106,-1,106,105,107,-1,108,109,0,-1,0,2,108,-1,108,2,110,-1,108,110,111,-1,111,112,108,-1,108,112,113,-1,108,113,114,-1,114,115,108,-1,108,115,116,-1,108,116,117,-1,118,116,115,-1,118,115,119,-1,119,115,114,-1,119,114,120,-1,120,114,113,-1,120,113,121,-1,121,113,112,-1,121,112,122,-1,122,112,111,-1,122,111,123,-1,123,111,110,-1,123,110,124,-1,5,125,7,-1,7,125,126,-1,7,126,124,-1,126,127,118,-1,118,119,126,-1,126,119,120,-1,126,120,121,-1,121,122,126,-1,126,122,123,-1,126,123,124,-1,128,127,129,-1,129,127,126,-1,130,131,4,-1,4,6,130,-1,130,6,132,-1,130,132,133,-1,133,134,130,-1,130,134,135,-1,130,135,136,-1,136,137,130,-1,130,137,138,-1,130,138,139,-1,140,138,137,-1,140,137,141,-1,141,137,136,-1,141,136,142,-1,142,136,135,-1,142,135,143,-1,143,135,134,-1,143,134,144,-1,144,134,133,-1,144,133,145,-1,145,133,132,-1,145,132,146,-1,147,148,11,-1,11,148,149,-1,11,149,150,-1,151,152,153,-1,153,152,154,-1,150,151,11,-1,11,151,153,-1,11,153,13,-1,13,153,155,-1,13,155,156,-1,156,155,157,-1,158,140,159,-1,159,140,160,-1,142,143,161,-1,154,162,153,-1,153,162,163,-1,153,163,146,-1,146,163,164,-1,146,164,145,-1,145,164,161,-1,145,161,144,-1,144,161,143,-1,160,140,161,-1,161,140,141,-1,161,141,142,-1,165,166,167,-1,165,167,168,-1,168,167,169,-1,168,169,170,-1,170,169,171,-1,170,171,172,-1,172,171,173,-1,172,173,174,-1,174,173,175,-1,174,175,176,-1,176,175,177,-1,176,177,178,-1,25,179,27,-1,27,179,180,-1,27,180,178,-1,180,181,165,-1,165,168,180,-1,180,168,170,-1,180,170,172,-1,172,174,180,-1,180,174,176,-1,180,176,178,-1,182,183,24,-1,24,26,182,-1,182,26,184,-1,182,184,185,-1,185,186,182,-1,182,186,187,-1,182,187,188,-1,188,189,182,-1,182,189,190,-1,182,190,191,-1,192,190,189,-1,192,189,193,-1,193,189,188,-1,193,188,194,-1,194,188,187,-1,194,187,195,-1,195,187,186,-1,195,186,196,-1,196,186,185,-1,196,185,197,-1,197,185,184,-1,197,184,198,-1,29,199,31,-1,31,199,200,-1,31,200,198,-1,200,201,192,-1,192,193,200,-1,200,193,194,-1,200,194,195,-1,195,196,200,-1,200,196,197,-1,200,197,198,-1,202,203,28,-1,28,30,202,-1,202,30,204,-1,202,204,205,-1,205,206,202,-1,202,206,207,-1,202,207,208,-1,208,209,202,-1,202,209,210,-1,202,210,211,-1,212,210,209,-1,212,209,213,-1,213,209,208,-1,213,208,214,-1,214,208,207,-1,214,207,215,-1,215,207,206,-1,215,206,216,-1,216,206,205,-1,216,205,217,-1,217,205,204,-1,217,204,218,-1,33,219,35,-1,35,219,220,-1,35,220,218,-1,220,221,212,-1,212,213,220,-1,220,213,214,-1,220,214,215,-1,215,216,220,-1,220,216,217,-1,220,217,218,-1,222,221,223,-1,223,221,220,-1,224,225,32,-1,32,34,224,-1,224,34,226,-1,224,226,227,-1,227,228,224,-1,224,228,229,-1,224,229,230,-1,230,231,224,-1,224,231,232,-1,224,232,233,-1,234,232,231,-1,234,231,235,-1,235,231,230,-1,235,230,236,-1,236,230,229,-1,236,229,237,-1,237,229,228,-1,237,228,238,-1,238,228,227,-1,238,227,239,-1,239,227,226,-1,239,226,240,-1,37,241,39,-1,39,241,242,-1,39,242,240,-1,242,243,234,-1,234,235,242,-1,242,235,236,-1,242,236,237,-1,237,238,242,-1,242,238,239,-1,242,239,240,-1,244,245,36,-1,36,38,244,-1,244,38,246,-1,244,246,247,-1,247,248,244,-1,244,248,249,-1,244,249,250,-1,250,251,244,-1,244,251,252,-1,244,252,253,-1,254,252,251,-1,254,251,255,-1,255,251,250,-1,255,250,256,-1,256,250,249,-1,256,249,257,-1,257,249,248,-1,257,248,258,-1,258,248,247,-1,258,247,259,-1,259,247,246,-1,259,246,260,-1,41,261,43,-1,43,261,262,-1,43,262,260,-1,262,263,254,-1,254,255,262,-1,262,255,256,-1,262,256,257,-1,257,258,262,-1,262,258,259,-1,262,259,260,-1,264,263,265,-1,265,263,262,-1,266,267,40,-1,40,42,266,-1,266,42,268,-1,266,268,269,-1,269,270,266,-1,266,270,271,-1,266,271,272,-1,272,273,266,-1,266,273,274,-1,266,274,275,-1,276,274,273,-1,276,273,277,-1,277,273,272,-1,277,272,278,-1,278,272,271,-1,278,271,279,-1,279,271,270,-1,279,270,280,-1,280,270,269,-1,280,269,281,-1,281,269,268,-1,281,268,282,-1,45,283,47,-1,47,283,284,-1,47,284,282,-1,284,285,276,-1,276,277,284,-1,284,277,278,-1,284,278,279,-1,279,280,284,-1,284,280,281,-1,284,281,282,-1,286,287,44,-1,44,46,286,-1,286,46,288,-1,286,288,289,-1,289,290,286,-1,286,290,291,-1,286,291,292,-1,292,293,286,-1,286,293,294,-1,286,294,295,-1,296,294,293,-1,296,293,297,-1,297,293,292,-1,297,292,298,-1,298,292,291,-1,298,291,299,-1,299,291,290,-1,299,290,300,-1,300,290,289,-1,300,289,301,-1,301,289,288,-1,301,288,302,-1,49,303,51,-1,51,303,304,-1,51,304,302,-1,304,305,296,-1,296,297,304,-1,304,297,298,-1,304,298,299,-1,299,300,304,-1,304,300,301,-1,304,301,302,-1,306,305,307,-1,307,305,304,-1,308,309,48,-1,48,50,308,-1,308,50,310,-1,308,310,311,-1,311,312,308,-1,308,312,313,-1,308,313,314,-1,314,315,308,-1,308,315,316,-1,308,316,317,-1,318,316,315,-1,318,315,319,-1,319,315,314,-1,319,314,320,-1,320,314,313,-1,320,313,321,-1,321,313,312,-1,321,312,322,-1,322,312,311,-1,322,311,323,-1,323,311,310,-1,323,310,324,-1,53,325,55,-1,55,325,326,-1,55,326,324,-1,326,327,318,-1,318,319,326,-1,326,319,320,-1,326,320,321,-1,321,322,326,-1,326,322,323,-1,326,323,324,-1,328,329,52,-1,52,54,328,-1,328,54,330,-1,328,330,331,-1,331,332,328,-1,328,332,333,-1,328,333,334,-1,334,335,328,-1,328,335,336,-1,328,336,337,-1,338,336,335,-1,338,335,339,-1,339,335,334,-1,339,334,340,-1,340,334,333,-1,340,333,341,-1,341,333,332,-1,341,332,342,-1,342,332,331,-1,342,331,343,-1,343,331,330,-1,343,330,344,-1,57,345,59,-1,59,345,346,-1,59,346,344,-1,346,347,338,-1,338,339,346,-1,346,339,340,-1,346,340,341,-1,341,342,346,-1,346,342,343,-1,346,343,344,-1,348,347,349,-1,349,347,346,-1,350,351,56,-1,56,58,350,-1,350,58,352,-1,350,352,353,-1,353,354,350,-1,350,354,355,-1,350,355,356,-1,356,357,350,-1,350,357,358,-1,350,358,359,-1,360,358,357,-1,360,357,361,-1,361,357,356,-1,361,356,362,-1,362,356,355,-1,362,355,363,-1,363,355,354,-1,363,354,364,-1,364,354,353,-1,364,353,365,-1,365,353,352,-1,365,352,366,-1,61,367,63,-1,63,367,368,-1,63,368,366,-1,368,369,360,-1,360,361,368,-1,368,361,362,-1,368,362,363,-1,363,364,368,-1,368,364,365,-1,368,365,366,-1,370,371,60,-1,60,62,370,-1,370,62,372,-1,370,372,373,-1,373,374,370,-1,370,374,375,-1,370,375,376,-1,376,377,370,-1,370,377,378,-1,370,378,379,-1,380,378,377,-1,380,377,381,-1,381,377,376,-1,381,376,382,-1,382,376,375,-1,382,375,383,-1,383,375,374,-1,383,374,384,-1,384,374,373,-1,384,373,385,-1,385,373,372,-1,385,372,386,-1,65,387,67,-1,67,387,388,-1,67,388,386,-1,388,389,380,-1,380,381,388,-1,388,381,382,-1,388,382,383,-1,383,384,388,-1,388,384,385,-1,388,385,386,-1,390,389,391,-1,391,389,388,-1,392,393,64,-1,64,66,392,-1,392,66,394,-1,392,394,395,-1,395,396,392,-1,392,396,397,-1,392,397,398,-1,398,399,392,-1,392,399,400,-1,392,400,401,-1,402,400,399,-1,402,399,403,-1,403,399,398,-1,403,398,404,-1,404,398,397,-1,404,397,405,-1,405,397,396,-1,405,396,406,-1,406,396,395,-1,406,395,407,-1,407,395,394,-1,407,394,408,-1,69,409,71,-1,71,409,410,-1,71,410,408,-1,410,411,402,-1,402,403,410,-1,410,403,404,-1,410,404,405,-1,405,406,410,-1,410,406,407,-1,410,407,408,-1,412,413,68,-1,68,70,412,-1,412,70,414,-1,412,414,415,-1,415,416,412,-1,412,416,417,-1,412,417,418,-1,418,419,412,-1,412,419,420,-1,412,420,421,-1,422,420,419,-1,422,419,423,-1,423,419,418,-1,423,418,424,-1,424,418,417,-1,424,417,425,-1,425,417,416,-1,425,416,426,-1,426,416,415,-1,426,415,427,-1,427,415,414,-1,427,414,428,-1,73,429,75,-1,75,429,430,-1,75,430,428,-1,430,431,422,-1,422,423,430,-1,430,423,424,-1,430,424,425,-1,425,426,430,-1,430,426,427,-1,430,427,428,-1,432,431,433,-1,433,431,430,-1,434,435,72,-1,72,74,434,-1,434,74,436,-1,434,436,437,-1,437,438,434,-1,434,438,439,-1,434,439,440,-1,440,441,434,-1,434,441,442,-1,434,442,443,-1,444,442,441,-1,444,441,445,-1,445,441,440,-1,445,440,446,-1,446,440,439,-1,446,439,447,-1,447,439,438,-1,447,438,448,-1,448,438,437,-1,448,437,449,-1,449,437,436,-1,449,436,450,-1,77,451,79,-1,79,451,452,-1,79,452,450,-1,452,453,444,-1,444,445,452,-1,452,445,446,-1,452,446,447,-1,447,448,452,-1,452,448,449,-1,452,449,450,-1,454,455,76,-1,76,78,454,-1,454,78,456,-1,454,456,457,-1,457,458,454,-1,454,458,459,-1,454,459,460,-1,460,461,454,-1,454,461,462,-1,454,462,463,-1,464,462,461,-1,464,461,465,-1,465,461,460,-1,465,460,466,-1,466,460,459,-1,466,459,467,-1,467,459,458,-1,467,458,468,-1,468,458,457,-1,468,457,469,-1,469,457,456,-1,469,456,470,-1,81,471,83,-1,83,471,472,-1,83,472,470,-1,472,473,464,-1,464,465,472,-1,472,465,466,-1,472,466,467,-1,467,468,472,-1,472,468,469,-1,472,469,470,-1,474,473,475,-1,475,473,472,-1,476,477,80,-1,80,82,476,-1,476,82,478,-1,476,478,479,-1,479,480,476,-1,476,480,481,-1,476,481,482,-1,482,483,476,-1,476,483,484,-1,476,484,485,-1,486,484,483,-1,486,483,487,-1,487,483,482,-1,487,482,488,-1,488,482,481,-1,488,481,489,-1,489,481,480,-1,489,480,490,-1,490,480,479,-1,490,479,491,-1,491,479,478,-1,491,478,492,-1,85,493,87,-1,87,493,494,-1,87,494,492,-1,494,495,486,-1,486,487,494,-1,494,487,488,-1,494,488,489,-1,489,490,494,-1,494,490,491,-1,494,491,492,-1,496,497,84,-1,84,86,496,-1,496,86,498,-1,496,498,499,-1,499,500,496,-1,496,500,501,-1,496,501,502,-1,502,503,496,-1,496,503,504,-1,496,504,505,-1,506,504,503,-1,506,503,507,-1,507,503,502,-1,507,502,508,-1,508,502,501,-1,508,501,509,-1,509,501,500,-1,509,500,510,-1,510,500,499,-1,510,499,511,-1,511,499,498,-1,511,498,512,-1,89,513,91,-1,91,513,514,-1,91,514,512,-1,514,515,506,-1,506,507,514,-1,514,507,508,-1,514,508,509,-1,509,510,514,-1,514,510,511,-1,514,511,512,-1,516,515,517,-1,517,515,514,-1,518,519,88,-1,88,90,518,-1,518,90,520,-1,518,520,521,-1,521,522,518,-1,518,522,523,-1,518,523,524,-1,524,525,518,-1,518,525,526,-1,518,526,527,-1,528,526,525,-1,528,525,529,-1,529,525,524,-1,529,524,530,-1,530,524,523,-1,530,523,531,-1,531,523,522,-1,531,522,532,-1,532,522,521,-1,532,521,533,-1,533,521,520,-1,533,520,534,-1,93,535,95,-1,95,535,536,-1,95,536,534,-1,536,537,528,-1,528,529,536,-1,536,529,530,-1,536,530,531,-1,531,532,536,-1,536,532,533,-1,536,533,534,-1,538,539,92,-1,92,94,538,-1,538,94,540,-1,538,540,541,-1,541,542,538,-1,538,542,543,-1,538,543,544,-1,544,545,538,-1,538,545,546,-1,538,546,547,-1,548,546,545,-1,548,545,549,-1,549,545,544,-1,549,544,550,-1,550,544,543,-1,550,543,551,-1,551,543,542,-1,551,542,552,-1,552,542,541,-1,552,541,553,-1,553,541,540,-1,553,540,554,-1,97,555,99,-1,99,555,556,-1,99,556,554,-1,556,557,548,-1,548,549,556,-1,556,549,550,-1,556,550,551,-1,551,552,556,-1,556,552,553,-1,556,553,554,-1,558,557,559,-1,559,557,556,-1,560,561,96,-1,96,98,560,-1,560,98,562,-1,560,562,563,-1,563,564,560,-1,560,564,565,-1,560,565,566,-1,566,567,560,-1,560,567,568,-1,560,568,569,-1,570,568,567,-1,570,567,571,-1,571,567,566,-1,571,566,572,-1,572,566,565,-1,572,565,573,-1,573,565,564,-1,573,564,574,-1,574,564,563,-1,574,563,575,-1,575,563,562,-1,575,562,576,-1,101,577,103,-1,103,577,578,-1,103,578,576,-1,578,579,570,-1,570,571,578,-1,578,571,572,-1,578,572,573,-1,573,574,578,-1,578,574,575,-1,578,575,576,-1,580,581,100,-1,100,102,580,-1,580,102,582,-1,580,582,583,-1,583,584,580,-1,580,584,585,-1,580,585,586,-1,586,587,580,-1,580,587,588,-1,580,588,589,-1,590,588,587,-1,590,587,591,-1,591,587,586,-1,591,586,592,-1,592,586,585,-1,592,585,593,-1,593,585,584,-1,593,584,594,-1,594,584,583,-1,594,583,595,-1,595,583,582,-1,595,582,596,-1,105,597,107,-1,107,597,598,-1,107,598,596,-1,598,599,590,-1,590,591,598,-1,598,591,592,-1,598,592,593,-1,593,594,598,-1,598,594,595,-1,598,595,596,-1,600,599,601,-1,601,599,598,-1,602,603,104,-1,104,106,602,-1,602,106,604,-1,602,604,605,-1,605,606,602,-1,602,606,607,-1,602,607,608,-1,608,609,602,-1,602,609,610,-1,602,610,611,-1,612,610,609,-1,612,609,613,-1,613,609,608,-1,613,608,614,-1,614,608,607,-1,614,607,615,-1,615,607,606,-1,615,606,616,-1,616,606,605,-1,616,605,617,-1,617,605,604,-1,617,604,618,-1,1,619,3,-1,3,619,620,-1,3,620,618,-1,620,621,612,-1,612,613,620,-1,620,613,614,-1,620,614,615,-1,615,616,620,-1,620,616,617,-1,620,617,618,-1,
        ]
    }
}
Shape{
    appearance Appearance {
        material  Material 	{
            diffuseColor 0.5882352941176471 0.5725490196078431 0.5254901960784314
            specularColor 0.043137254901960784 0.0392156862745098 0.0392156862745098
            ambientIntensity 0.8167
            transparency 0.0
            shininess 0.5
        }
    }
    geometry IndexedFaceSet {
        ccw TRUE
        solid FALSE
        coord DEF co Coordinate {
            point [
                -1.3268 -0.1224 0.315, -1.3268 -0.5594 0.315, -1.4567 -0.1224 0.315, -1.4567 -0.5594 0.315, -1.0906 -0.5594 0.315, -1.1535 -0.5594 0.315, -1.1535 -0.3232 0.315, -1.2087 -0.5594 0.315, -1.2717 -0.5594 0.315, -1.2087 -0.3232 0.315, -1.2717 -0.1224 0.315, -1.0906 -0.1224 0.315, -0.8543 -0.5594 0.315, -0.9173 -0.5594 0.315, -0.9173 -0.3232 0.315, -0.9724 -0.5594 0.315, -1.0354 -0.5594 0.315, -0.9724 -0.3232 0.315, -1.0354 -0.1224 0.315, -0.8543 -0.1224 0.315, -0.6181 -0.5594 0.315, -0.6811 -0.5594 0.315, -0.6811 -0.3232 0.315, -0.7362 -0.5594 0.315, -0.7992 -0.5594 0.315, -0.7362 -0.3232 0.315, -0.7992 -0.1224 0.315, -0.6181 -0.1224 0.315, -0.3819 -0.5594 0.315, -0.4449 -0.5594 0.315, -0.4449 -0.3232 0.315, -0.5 -0.5594 0.315, -0.563 -0.5594 0.315, -0.5 -0.3232 0.315, -0.563 -0.1224 0.315, -0.3819 -0.1224 0.315, -0.1457 -0.5594 0.315, -0.2087 -0.5594 0.315, -0.2087 -0.3232 0.315, -0.2638 -0.5594 0.315, -0.3268 -0.5594 0.315, -0.2638 -0.3232 0.315, -0.3268 -0.1224 0.315, -0.1457 -0.1224 0.315, 0.0906 -0.5594 0.315, 0.0276 -0.5594 0.315, 0.0276 -0.3232 0.315, -0.0276 -0.5594 0.315, -0.0906 -0.5594 0.315, -0.0276 -0.3232 0.315, -0.0906 -0.1224 0.315, 0.0906 -0.1224 0.315, 0.3268 -0.5594 0.315, 0.2638 -0.5594 0.315, 0.2638 -0.3232 0.315, 0.2087 -0.5594 0.315, 0.1457 -0.5594 0.315, 0.2087 -0.3232 0.315, 0.1457 -0.1224 0.315, 0.3268 -0.1224 0.315, 0.563 -0.5594 0.315, 0.5 -0.5594 0.315, 0.5 -0.3232 0.315, 0.4449 -0.5594 0.315, 0.3819 -0.5594 0.315, 0.4449 -0.3232 0.315, 0.3819 -0.1224 0.315, 0.563 -0.1224 0.315, 0.7992 -0.5594 0.315, 0.7362 -0.5594 0.315, 0.7362 -0.3232 0.315, 0.6811 -0.5594 0.315, 0.6181 -0.5594 0.315, 0.6811 -0.3232 0.315, 0.6181 -0.1224 0.315, 0.7992 -0.1224 0.315, 1.0354 -0.5594 0.315, 0.9724 -0.5594 0.315, 0.9724 -0.3232 0.315, 0.9173 -0.5594 0.315, 0.8543 -0.5594 0.315, 0.9173 -0.3232 0.315, 0.8543 -0.1224 0.315, 1.0354 -0.1224 0.315, 1.2717 -0.5594 0.315, 1.2087 -0.5594 0.315, 1.2087 -0.3232 0.315, 1.1535 -0.5594 0.315, 1.0906 -0.5594 0.315, 1.1535 -0.3232 0.315, 1.0906 -0.1224 0.315, 1.2717 -0.1224 0.315, 1.3268 -0.5594 0.315, 1.3268 -0.1224 0.315, 1.4567 -0.5594 0.315, 1.4567 -0.1224 0.315
            ]
        }
        coordIndex [
            0,1,2,-1,2,1,3,-1,4,5,6,-1,7,8,9,-1,9,8,10,-1,9,10,6,-1,6,10,11,-1,6,11,4,-1,12,13,14,-1,15,16,17,-1,17,16,18,-1,17,18,14,-1,14,18,19,-1,14,19,12,-1,20,21,22,-1,23,24,25,-1,25,24,26,-1,25,26,22,-1,22,26,27,-1,22,27,20,-1,28,29,30,-1,31,32,33,-1,33,32,34,-1,33,34,30,-1,30,34,35,-1,30,35,28,-1,36,37,38,-1,39,40,41,-1,41,40,42,-1,41,42,38,-1,38,42,43,-1,38,43,36,-1,44,45,46,-1,47,48,49,-1,49,48,50,-1,49,50,46,-1,46,50,51,-1,46,51,44,-1,52,53,54,-1,55,56,57,-1,57,56,58,-1,57,58,54,-1,54,58,59,-1,54,59,52,-1,60,61,62,-1,63,64,65,-1,65,64,66,-1,65,66,62,-1,62,66,67,-1,62,67,60,-1,68,69,70,-1,71,72,73,-1,73,72,74,-1,73,74,70,-1,70,74,75,-1,70,75,68,-1,76,77,78,-1,79,80,81,-1,81,80,82,-1,81,82,78,-1,78,82,83,-1,78,83,76,-1,84,85,86,-1,87,88,89,-1,89,88,90,-1,89,90,86,-1,86,90,91,-1,86,91,84,-1,92,93,94,-1,94,93,95,-1,
        ]
    }
}
Shape{
    appearance Appearance {
        material  Material 	{
            diffuseColor 0.20784313725490197 0.20784313725490197 0.20784313725490197
            specularColor 0.01568627450980392 0.01568627450980392 0.01568627450980392
            ambientIntensity 0.298
            transparency 0.0
            shininess 0.5
        }
    }
    geometry IndexedFaceSet {
        ccw TRUE
        solid FALSE
        coord DEF co Coordinate {
            point [
                1.563 0.7989 0.4528, 1.563 0.7477 0.4528, 1.563 0.7477 0.4291, 1.563 0.6808 0.3622, 1.563 0.7595 0.1693, 1.563 0.7989 0.2087, 1.563 0.4717 0.2066, 1.563 0.4648 0.19, 1.563 0.4539 0.1757, 1.563 0.4465 0.1693, 1.563 0.4396 0.2841, 1.563 0.4539 0.2731, 1.563 0.4648 0.2589, 1.563 0.4717 0.2422, 1.563 0.4741 0.2244, 1.563 0.3991 0.358, 1.563 0.3915 0.353, 1.563 0.4052 0.2933, 1.563 0.423 0.291, 1.563 0.4168 0.3622, 1.563 0.4077 0.3611, 1.563 0.3699 0.2836, 1.563 0.3707 0.2841, 1.563 0.378 0.3297, 1.563 0.3873 0.291, 1.563 0.3806 0.3384, 1.563 0.3852 0.3463
            ]
        }
        coordIndex [
            0,1,2,-1,3,4,2,-1,2,4,5,-1,2,5,0,-1,6,7,4,-1,4,7,8,-1,4,8,9,-1,3,10,11,-1,11,12,3,-1,3,12,13,-1,3,13,4,-1,4,13,14,-1,4,14,6,-1,15,16,17,-1,10,3,18,-1,18,3,19,-1,18,19,17,-1,17,19,20,-1,17,20,15,-1,21,22,23,-1,23,22,24,-1,23,24,25,-1,25,24,17,-1,25,17,26,-1,26,17,16,-1,
        ]
    }
}
Shape{
    appearance Appearance {
        material  Material 	{
            diffuseColor 0.5882352941176471 0.5725490196078431 0.5254901960784314
            specularColor 0.043137254901960784 0.0392156862745098 0.0392156862745098
            ambientIntensity 0.8167
            transparency 0.0
            shininess 0.5
        }
    }
    geometry IndexedFaceSet {
        ccw TRUE
        solid FALSE
        coord DEF co Coordinate {
            point [
                1.6969 0.7004 0.3661, 1.6969 0.7004 0.1654, 1.6884 0.6611 0.4055, 1.6614 0.5351 0.1654, 1.6614 0.5351 0.4055, 1.6457 0.3225 0.1654, 1.6378 0.3225 0.1654, 1.6457 0.2634 0.2244, 1.6378 0.2634 0.2244, 1.5157 0.2291 0.4055, 1.5157 0.2388 0.3543, 1.5157 0.169 0.4055, 1.5157 -0.0751 0.3543, 1.5157 0.1611 0.4528, 1.5157 -0.0751 0.4528, 1.3976 0.2388 0.3543, 1.3976 -0.0751 0.3543, 1.3731 0.2291 0.4055, 1.3731 0.169 0.4055, 1.3504 0.1611 0.4528, 1.3504 -0.0751 0.4528
            ]
        }
        coordIndex [
            0,1,2,-1,2,1,3,-1,2,3,4,-1,5,6,7,-1,7,6,8,-1,9,10,11,-1,11,10,12,-1,11,12,13,-1,13,12,14,-1,10,15,12,-1,12,15,16,-1,15,17,18,-1,19,20,18,-1,18,20,16,-1,18,16,15,-1,
        ]
    }
}
Shape{
    appearance Appearance {
        material  Material 	{
            diffuseColor 0.20784313725490197 0.20784313725490197 0.20784313725490197
            specularColor 0.01568627450980392 0.01568627450980392 0.01568627450980392
            ambientIntensity 0.298
            transparency 0.0
            shininess 0.5
        }
    }
    geometry IndexedFaceSet {
        ccw TRUE
        solid FALSE
        coord DEF co Coordinate {
            point [
                1.3228 0.3768 0.3228, 1.3307 0.3768 0.3228, 1.3228 0.4488 0.3228, 1.3307 0.4488 0.3228
            ]
        }
        coordIndex [
            0,1,2,-1,2,1,3,-1,
        ]
    }
}
Shape{
    appearance Appearance {
        material  Material 	{
            diffuseColor 0.6666666666666666 0.6666666666666666 0.6666666666666666
            specularColor 0.4666666666666667 0.4666666666666667 0.4666666666666667
            ambientIntensity 0.6667
            transparency 0.0
            shininess 0.5
        }
    }
    geometry IndexedFaceSet {
        ccw TRUE
        solid FALSE
        coord DEF co Coordinate {
            point [
                1.6535 -0.6185 0.0079, 1.7126 -0.6185 0.0079, 1.6535 -0.6185 0.0571, 1.7126 -0.6185 0.0571, 1.653 -0.6185 0.0615, 1.7106 -0.6185 0.0746, 1.6516 -0.6185 0.0656, 1.7048 -0.6185 0.0912, 1.6493 -0.6185 0.0693, 1.6954 -0.6185 0.1062, 1.6461 -0.6185 0.0725, 1.683 -0.6185 0.1186, 1.6424 -0.6185 0.0748, 1.668 -0.6185 0.128, 1.6382 -0.6185 0.0763, 1.6514 -0.6185 0.1338, 1.636 -0.6185 0.0768, 1.6492 -0.6185 0.1344, 1.6194 -0.6185 0.0826, 1.645 -0.6185 0.1358, 1.6044 -0.6185 0.092, 1.6413 -0.6185 0.1382, 1.592 -0.6185 0.1045, 1.6382 -0.6185 0.1413, 1.5826 -0.6185 0.1194, 1.6358 -0.6185 0.145, 1.5768 -0.6185 0.136, 1.6344 -0.6185 0.1492, 1.5748 -0.6185 0.1535, 1.6339 -0.6185 0.1535, 1.5748 -0.6185 0.2303, 1.6339 -0.6185 0.2303, 1.5748 -0.6185 0.4016, 1.6339 -0.6185 0.4016, 1.6339 -0.6178 0.4067, 1.5748 -0.6178 0.4067, 1.6339 -0.6158 0.4114, 1.5748 -0.6158 0.4114, 1.6339 -0.6127 0.4155, 1.5748 -0.6127 0.4155, 1.6339 -0.6086 0.4186, 1.5748 -0.6086 0.4186, 1.6339 -0.6039 0.4206, 1.5748 -0.6039 0.4206, 1.6339 -0.5988 0.4213, 1.5748 -0.5988 0.4213, 1.5748 -0.6185 0.3287, 1.6339 -0.6185 0.3287, 1.5748 -0.6381 0.3091, 1.6339 -0.6381 0.3091, 1.5748 -0.6381 0.25, 1.6339 -0.6381 0.25, 1.6339 -0.3429 0.4213, 1.5748 -0.3429 0.4213, 1.5748 -0.5279 0.4213
            ]
        }
        coordIndex [
            0,1,2,-1,2,1,3,-1,2,3,4,-1,4,3,5,-1,4,5,6,-1,6,5,7,-1,6,7,8,-1,8,7,9,-1,8,9,10,-1,10,9,11,-1,10,11,12,-1,12,11,13,-1,12,13,14,-1,14,13,15,-1,14,15,16,-1,16,15,17,-1,16,17,18,-1,18,17,19,-1,18,19,20,-1,20,19,21,-1,20,21,22,-1,22,21,23,-1,22,23,24,-1,24,23,25,-1,24,25,26,-1,26,25,27,-1,26,27,28,-1,28,27,29,-1,28,29,30,-1,30,29,31,-1,32,33,34,-1,32,34,35,-1,35,34,36,-1,35,36,37,-1,37,36,38,-1,37,38,39,-1,39,38,40,-1,39,40,41,-1,41,40,42,-1,41,42,43,-1,43,42,44,-1,43,44,45,-1,46,47,32,-1,32,47,33,-1,48,49,46,-1,46,49,47,-1,50,51,48,-1,48,51,49,-1,30,31,50,-1,50,31,51,-1,52,53,44,-1,44,53,54,-1,44,54,45,-1,
        ]
    }
}
Shape{
    appearance Appearance {
        material  Material 	{
            diffuseColor 0.20784313725490197 0.20784313725490197 0.20784313725490197
            specularColor 0.01568627450980392 0.01568627450980392 0.01568627450980392
            ambientIntensity 0.298
            transparency 0.0
            shininess 0.5
        }
    }
    geometry IndexedFaceSet {
        ccw TRUE
        solid FALSE
        coord DEF co Coordinate {
            point [
                1.6378 0.3386 0.2066, 1.6378 0.4736 0.2165, 1.6378 0.3382 0.2081, 1.6378 0.3382 0.2165, 1.6378 0.4396 0.1647, 1.6378 0.4539 0.1757, 1.6378 0.4648 0.19, 1.6378 0.4717 0.2066, 1.6378 0.423 0.1579, 1.6378 0.3455 0.19, 1.6378 0.3565 0.1757, 1.6378 0.3707 0.1647, 1.6378 0.3873 0.1579, 1.6378 0.4052 0.1555
            ]
        }
        coordIndex [
            0,1,2,-1,2,1,3,-1,4,5,0,-1,5,6,0,-1,0,6,7,-1,0,7,1,-1,4,0,8,-1,8,0,9,-1,8,9,10,-1,10,11,8,-1,8,11,12,-1,8,12,13,-1,
        ]
    }
}
Shape{
    appearance Appearance {
        material  Material 	{
            diffuseColor 0.5882352941176471 0.5725490196078431 0.5254901960784314
            specularColor 0.043137254901960784 0.0392156862745098 0.0392156862745098
            ambientIntensity 0.8167
            transparency 0.0
            shininess 0.5
        }
    }
    geometry IndexedFaceSet {
        ccw TRUE
        solid FALSE
        coord DEF co Coordinate {
            point [
                1.6457 0.4539 0.2731, 1.6457 0.4396 0.2841, 1.6457 0.4957 0.4055, 1.6457 0.3386 0.2422, 1.6457 0.2634 0.2244, 1.6457 0.3455 0.2589, 1.6457 0.2291 0.4055, 1.6457 0.3565 0.2731, 1.6457 0.3707 0.2841, 1.6457 0.3382 0.1654, 1.6457 0.3225 0.1654, 1.6457 0.3382 0.2081, 1.6457 0.3363 0.2244, 1.6457 0.4736 0.2165, 1.6457 0.4741 0.2244, 1.6457 0.4957 0.2165, 1.6457 0.4717 0.2422, 1.6457 0.4648 0.2589, 1.6457 0.423 0.291, 1.6457 0.4052 0.2933, 1.6457 0.3873 0.291, 1.6378 0.3382 0.1654, 1.6378 0.3225 0.1654, 1.5709 0.7004 0.1299, 1.5709 -0.3232 0.1299, 1.5748 0.3264 0.1299, 1.5748 -0.3232 0.1299, 1.6378 0.7004 0.1299, 1.6378 0.4997 0.1299, 1.6378 0.3382 0.1299, 1.6339 0.3264 0.1299, 1.6378 -0.3232 0.1299, 1.6339 -0.3232 0.1299, 1.6378 0.4997 0.1654, 1.6378 0.7004 0.1654, 1.6472 0.4997 0.1654, 1.6614 0.5351 0.1654, 1.6969 0.7004 0.1654, 1.6472 0.4997 0.2165, 1.6614 0.5351 0.4055
            ]
        }
        coordIndex [
            0,1,2,-1,3,4,5,-1,5,4,6,-1,5,6,7,-1,7,6,8,-1,9,10,11,-1,11,10,4,-1,11,4,12,-1,12,4,3,-1,13,14,15,-1,15,14,16,-1,15,16,2,-1,2,16,17,-1,2,17,0,-1,1,18,2,-1,2,18,19,-1,2,19,6,-1,6,19,20,-1,6,20,8,-1,21,22,9,-1,9,22,10,-1,23,24,25,-1,25,24,26,-1,27,23,28,-1,28,23,25,-1,28,25,29,-1,29,25,30,-1,29,30,31,-1,31,30,32,-1,28,33,27,-1,27,33,34,-1,33,35,34,-1,34,35,36,-1,34,36,37,-1,36,35,38,-1,15,2,38,-1,38,2,39,-1,38,39,36,-1,
        ]
    }
}
Shape{
    appearance Appearance {
        material  Material 	{
            diffuseColor 0.6666666666666666 0.6666666666666666 0.6666666666666666
            specularColor 0.4666666666666667 0.4666666666666667 0.4666666666666667
            ambientIntensity 0.6667
            transparency 0.0
            shininess 0.5
        }
    }
    geometry IndexedFaceSet {
        ccw TRUE
        solid FALSE
        coord DEF co Coordinate {
            point [
                1.7126 -0.3822 0.0079, 1.6535 -0.3822 0.0079, 1.7126 -0.3822 0.0571, 1.6535 -0.3822 0.0571, 1.7106 -0.3822 0.0746, 1.653 -0.3822 0.0615, 1.7048 -0.3822 0.0912, 1.6516 -0.3822 0.0656, 1.6954 -0.3822 0.1062, 1.6493 -0.3822 0.0693, 1.683 -0.3822 0.1186, 1.6461 -0.3822 0.0725, 1.668 -0.3822 0.128, 1.6424 -0.3822 0.0748, 1.6514 -0.3822 0.1338, 1.6382 -0.3822 0.0763, 1.6492 -0.3822 0.1344, 1.636 -0.3822 0.0768, 1.645 -0.3822 0.1358, 1.6194 -0.3822 0.0826, 1.6413 -0.3822 0.1382, 1.6044 -0.3822 0.092, 1.6382 -0.3822 0.1413, 1.592 -0.3822 0.1045, 1.6358 -0.3822 0.145, 1.5826 -0.3822 0.1194, 1.6344 -0.3822 0.1492, 1.5768 -0.3822 0.136, 1.6339 -0.3822 0.1535, 1.5748 -0.3822 0.1535, 1.6339 -0.3822 0.1693, 1.5748 -0.3822 0.1693, 1.5748 -0.3625 0.189, 1.6339 -0.3625 0.189, 1.5748 -0.3676 0.1883, 1.6339 -0.3676 0.1883, 1.5748 -0.3724 0.1863, 1.6339 -0.3724 0.1863, 1.5748 -0.3765 0.1832, 1.6339 -0.3765 0.1832, 1.5748 -0.3796 0.1791, 1.6339 -0.3796 0.1791, 1.5748 -0.3816 0.1744, 1.6339 -0.3816 0.1744, 1.5748 -0.3429 0.189, 1.6339 -0.3429 0.189, 1.636 -0.6185 0.0768, 1.6194 -0.6185 0.0826, 1.5768 -0.6185 0.136, 1.5748 -0.6185 0.1535, 1.5748 -0.5279 0.1535, 1.6044 -0.6185 0.092, 1.592 -0.6185 0.1045, 1.5826 -0.6185 0.1194, 1.5748 -0.3232 0.1693, 1.6339 -0.3232 0.1693, 1.5748 -0.3238 0.1744, 1.6339 -0.3238 0.1744, 1.5748 -0.3258 0.1791, 1.6339 -0.3258 0.1791, 1.5748 -0.3289 0.1832, 1.6339 -0.3289 0.1832, 1.5748 -0.333 0.1863, 1.6339 -0.333 0.1863, 1.5748 -0.3378 0.1883, 1.6339 -0.3378 0.1883, 1.6339 -0.6185 0.2303, 1.6339 -0.6185 0.1535, 1.6339 -0.3232 0.3622, 1.6339 -0.6185 0.3287, 1.6339 -0.6381 0.3091, 1.6339 -0.6381 0.25, 1.6339 -0.6185 0.4016, 1.6339 -0.3232 0.3661, 1.6339 -0.3232 0.4016, 1.6339 0.3264 0.1299, 1.6339 -0.3232 0.1299, 1.6339 0.602 0.3622, 1.6339 0.404 0.2933, 1.6339 0.3889 0.2914, 1.6339 0.3747 0.2862, 1.6339 0.3619 0.278, 1.6339 0.5036 0.2795, 1.6339 0.6217 0.3268, 1.6339 0.6217 0.3425, 1.6339 -0.3429 0.4213, 1.6339 -0.5988 0.4213, 1.6339 -0.6178 0.4067, 1.6339 -0.6039 0.4206, 1.6339 -0.3258 0.4114, 1.6339 -0.3289 0.4155, 1.6339 -0.333 0.4186, 1.6339 0.3309 0.2524, 1.6339 0.3363 0.2612, 1.6339 0.4465 0.2795, 1.6339 0.6191 0.3524, 1.6339 0.6159 0.3564, 1.6339 0.4335 0.2872, 1.6339 0.6119 0.3596, 1.6339 -0.3238 0.4067, 1.6339 -0.3378 0.4206, 1.6339 -0.6086 0.4186, 1.6339 -0.6127 0.4155, 1.6339 -0.6158 0.4114, 1.6339 0.3276 0.2426, 1.6339 0.3436 0.2687, 1.6339 0.3522 0.2744, 1.6339 0.621 0.3476, 1.6339 0.419 0.2919, 1.6339 0.6071 0.3615, 1.6339 0.3264 0.2323, 1.5748 -0.3429 0.4213, 1.5748 -0.3378 0.4206, 1.5748 -0.333 0.4186, 1.5748 -0.3289 0.4155, 1.5748 -0.3258 0.4114, 1.5748 -0.3238 0.4067, 1.5748 -0.3232 0.4016
            ]
        }
        coordIndex [
            0,1,2,-1,2,1,3,-1,2,3,4,-1,4,3,5,-1,4,5,6,-1,6,5,7,-1,6,7,8,-1,8,7,9,-1,8,9,10,-1,10,9,11,-1,10,11,12,-1,12,11,13,-1,12,13,14,-1,14,13,15,-1,14,15,16,-1,16,15,17,-1,16,17,18,-1,18,17,19,-1,18,19,20,-1,20,19,21,-1,20,21,22,-1,22,21,23,-1,22,23,24,-1,24,23,25,-1,24,25,26,-1,26,25,27,-1,26,27,28,-1,28,27,29,-1,28,29,30,-1,30,29,31,-1,32,33,34,-1,34,33,35,-1,34,35,36,-1,36,35,37,-1,36,37,38,-1,38,37,39,-1,38,39,40,-1,40,39,41,-1,40,41,42,-1,42,41,43,-1,42,43,31,-1,31,43,30,-1,32,44,33,-1,33,44,45,-1,17,46,47,-1,48,49,50,-1,17,47,19,-1,19,47,51,-1,19,51,21,-1,21,51,52,-1,21,52,23,-1,23,52,53,-1,23,53,25,-1,25,53,48,-1,25,48,27,-1,27,48,50,-1,27,50,29,-1,54,55,56,-1,56,55,57,-1,56,57,58,-1,58,57,59,-1,58,59,60,-1,60,59,61,-1,60,61,62,-1,62,61,63,-1,62,63,64,-1,64,63,65,-1,64,65,44,-1,44,65,45,-1,66,67,68,-1,43,67,30,-1,30,67,28,-1,69,70,71,-1,71,66,69,-1,69,66,68,-1,69,68,72,-1,72,68,73,-1,72,73,74,-1,59,57,75,-1,75,57,55,-1,75,55,76,-1,68,35,33,-1,61,77,63,-1,63,77,68,-1,78,77,79,-1,79,77,61,-1,79,61,80,-1,80,61,81,-1,82,83,84,-1,74,85,72,-1,72,85,86,-1,72,86,87,-1,87,86,88,-1,43,41,67,-1,67,41,39,-1,67,39,68,-1,68,39,37,-1,68,37,35,-1,33,45,68,-1,68,45,65,-1,68,65,63,-1,89,90,91,-1,92,93,61,-1,82,84,94,-1,95,96,97,-1,97,96,98,-1,74,99,85,-1,85,99,89,-1,85,89,100,-1,100,89,91,-1,101,102,88,-1,88,102,103,-1,88,103,87,-1,92,61,104,-1,93,105,61,-1,61,105,106,-1,61,106,81,-1,94,84,97,-1,97,84,107,-1,97,107,95,-1,78,108,77,-1,77,108,97,-1,77,97,109,-1,109,97,98,-1,59,75,61,-1,61,75,110,-1,61,110,104,-1,111,85,100,-1,111,100,112,-1,112,100,91,-1,112,91,113,-1,113,91,90,-1,113,90,114,-1,114,90,89,-1,114,89,115,-1,115,89,99,-1,115,99,116,-1,116,99,74,-1,116,74,117,-1,
        ]
    }
}
Shape{
    appearance Appearance {
        material  Material 	{
            diffuseColor 0.5882352941176471 0.5725490196078431 0.5254901960784314
            specularColor 0.043137254901960784 0.0392156862745098 0.0392156862745098
            ambientIntensity 0.8167
            transparency 0.0
            shininess 0.5
        }
    }
    geometry IndexedFaceSet {
        ccw TRUE
        solid FALSE
        coord DEF co Coordinate {
            point [
                1.7717 0.6611 0.4055, 1.7717 0.7004 0.3661, 1.6884 0.6611 0.4055, 1.6969 0.7004 0.3661, 1.5157 0.2291 0.4055, 1.5157 0.169 0.4055, 1.6457 0.2291 0.4055, 1.7717 0.169 0.4055, 1.6457 0.4957 0.4055, 1.6614 0.5351 0.4055, 1.5157 0.1611 0.4528, 1.7717 0.1611 0.4528, 1.6378 0.3382 0.2165, 1.6378 0.4736 0.2165, 1.7717 0.3382 0.2165, 1.6457 0.4736 0.2165, 1.7717 0.4997 0.2165, 1.6457 0.4957 0.2165, 1.6472 0.4997 0.2165, 1.4567 -0.5594 0.315, 1.4567 -0.6185 0.3445, 1.4508 -0.6185 0.3445, 1.3465 -0.6185 0.3445, 1.3268 -0.5988 0.3346, 1.3268 -0.5594 0.315, 1.4567 -0.6185 0.1969, 1.4567 -0.5791 0.1969, 1.4567 0.169 0.1969, 1.4567 -0.1224 0.315, 1.4567 0.169 0.2953, -1.4567 -0.6185 0.3445, -1.4567 -0.6185 0.1969, -1.4567 -0.5594 0.315, -1.4567 -0.5791 0.1969, -1.4567 -0.1224 0.315, -1.4567 0.169 0.1969, -1.4567 0.169 0.2953, -1.4508 -0.6185 0.3445, -1.4173 -0.6185 0.311, -1.4173 -0.6185 0.1969, -1.4173 -0.6263 0.311, -1.4173 -0.6263 0.1969, -1.6378 0.4997 0.1299, -1.6378 0.4997 0.1654, -1.6472 0.4997 0.1654, -1.6378 0.4997 0.0591, -1.7717 0.4997 0.0591, -1.7717 0.4997 0.2165, -1.6472 0.4997 0.2165, -1.6378 0.3382 0.0591, -1.6378 0.3382 0.1299, -1.6378 0.3382 0.2165, -1.6378 0.3382 0.2081, -1.6457 0.3382 0.2081, -1.6457 0.3382 0.1654, -1.7717 0.3382 0.0591, -1.7717 0.3382 0.2165, -1.6378 0.3382 0.1654, -1.7717 0.6611 0.0591, -1.7717 0.7004 0.0984, -1.7717 0.7004 0.3661, -1.7717 0.169 0.4055, -1.7717 0.6611 0.4055, -1.7717 -0.3232 0.0591, -1.7717 0.1611 0.4528, -1.7717 -0.3232 0.4528, -1.5748 -0.3232 0.4055, -1.5748 -0.3232 0.4528, -1.6339 -0.3232 0.4055, -1.6339 -0.3232 0.3661, -1.6378 -0.3232 0.3661, -1.6378 -0.3232 0.1299, -1.6339 -0.3232 0.1299, -1.5748 -0.3232 0.0591, -1.6339 -0.3232 0.1693, -1.5748 -0.3232 0.1693
            ]
        }
        coordIndex [
            0,1,2,-1,2,1,3,-1,4,5,6,-1,6,5,7,-1,8,6,9,-1,9,6,7,-1,9,7,2,-1,2,7,0,-1,5,10,7,-1,7,10,11,-1,12,13,14,-1,14,13,15,-1,14,15,16,-1,16,15,17,-1,16,17,18,-1,19,20,21,-1,21,22,19,-1,19,22,23,-1,19,23,24,-1,25,20,26,-1,26,20,19,-1,26,19,27,-1,27,19,28,-1,27,28,29,-1,30,31,32,-1,32,31,33,-1,32,33,34,-1,34,33,35,-1,34,35,36,-1,30,37,31,-1,31,37,38,-1,31,38,39,-1,40,41,38,-1,38,41,39,-1,42,43,44,-1,45,42,46,-1,46,42,44,-1,46,44,47,-1,47,44,48,-1,45,49,42,-1,42,49,50,-1,51,52,53,-1,54,55,53,-1,53,55,56,-1,53,56,51,-1,54,57,55,-1,55,57,50,-1,55,50,49,-1,58,46,59,-1,59,46,47,-1,59,47,60,-1,56,61,47,-1,47,61,62,-1,47,62,60,-1,56,55,61,-1,61,55,63,-1,61,63,64,-1,64,63,65,-1,66,67,68,-1,68,67,65,-1,69,68,70,-1,70,68,65,-1,70,65,71,-1,71,65,63,-1,71,63,72,-1,72,63,73,-1,72,73,74,-1,74,73,75,-1,
        ]
    }
}
Shape{
    appearance Appearance {
        material  Material 	{
            diffuseColor 0.6666666666666666 0.6666666666666666 0.6666666666666666
            specularColor 0.4666666666666667 0.4666666666666667 0.4666666666666667
            ambientIntensity 0.6667
            transparency 0.0
            shininess 0.5
        }
    }
    geometry IndexedFaceSet {
        ccw TRUE
        solid FALSE
        coord DEF co Coordinate {
            point [
                -1.5748 -0.6185 0.2343, -1.5748 -0.6185 0.1535, -1.5748 -0.5279 0.1535, -1.5748 -0.5279 0.4252, -1.5748 -0.5988 0.4252, -1.5748 -0.6263 0.2539, -1.5748 -0.6263 0.313, -1.5748 -0.6185 0.3327, -1.5748 -0.6127 0.4194, -1.5748 -0.6158 0.4154, -1.5748 -0.6178 0.4106, -1.5748 -0.6086 0.4226, -1.5748 -0.6185 0.4055, -1.5748 -0.6039 0.4245
            ]
        }
        coordIndex [
            0,1,2,-1,2,3,4,-1,5,0,6,-1,6,0,2,-1,6,2,7,-1,8,9,10,-1,8,10,11,-1,7,2,12,-1,12,2,4,-1,12,4,10,-1,10,4,13,-1,10,13,11,-1,
        ]
    }
}
Shape{
    appearance Appearance {
        material  Material 	{
            diffuseColor 0.5882352941176471 0.5725490196078431 0.5254901960784314
            specularColor 0.043137254901960784 0.0392156862745098 0.0392156862745098
            ambientIntensity 0.8167
            transparency 0.0
            shininess 0.5
        }
    }
    geometry IndexedFaceSet {
        ccw TRUE
        solid FALSE
        coord DEF co Coordinate {
            point [
                -1.5748 -0.3232 0.4528, -1.5748 -0.3232 0.4055, -1.5748 -0.3238 0.4106, -1.5748 -0.3258 0.4154, -1.5748 -0.3289 0.4194, -1.5748 -0.333 0.4226, -1.5748 -0.5279 0.4252, -1.5748 -0.5279 0.4528, -1.5748 -0.3429 0.4252, -1.5748 -0.3378 0.4245, -1.5748 -0.5279 0.0591, -1.5748 -0.5279 0.1535, -1.5748 -0.3232 0.0591, -1.5748 -0.3822 0.1535, -1.5748 -0.3232 0.1693, -1.5748 -0.3822 0.1693, -1.5748 -0.3816 0.1744, -1.5748 -0.3796 0.1791, -1.5748 -0.3625 0.189, -1.5748 -0.3765 0.1832, -1.5748 -0.3724 0.1863, -1.5748 -0.3676 0.1883, -1.5748 -0.3378 0.1883, -1.5748 -0.333 0.1863, -1.5748 -0.3289 0.1832, -1.5748 -0.3258 0.1791, -1.5748 -0.3238 0.1744, -1.5748 -0.3429 0.189, -1.3268 0.169 0.1969, -1.3268 0.169 0.2953, -1.3327 0.169 0.1969, -1.4567 0.169 0.2953, -1.4567 0.169 0.1969, -1.2756 0.169 0.1969, -1.2717 0.169 0.1969, -1.2756 0.169 0.0591, -1.2717 0.169 0.0591, -1.6378 0.2634 0.2244, -1.6457 0.2634 0.2244, -1.6378 0.2366 0.3661, -1.6457 0.2291 0.4055, -1.3731 0.2291 0.4055, -1.3268 0.2291 0.4055, -1.3976 0.2388 0.3543, -1.3268 0.2634 0.2244, -1.5157 0.2388 0.3543, -1.5709 0.2634 0.2244, -1.5157 0.2291 0.4055, -1.5709 0.2366 0.3661, -1.5748 0.2366 0.3661, -1.6339 0.2366 0.3661, -1.3268 0.169 0.4055, -1.3731 0.169 0.4055
            ]
        }
        coordIndex [
            0,1,2,-1,2,3,0,-1,0,3,4,-1,0,4,5,-1,6,7,8,-1,8,7,0,-1,8,0,9,-1,9,0,5,-1,10,11,12,-1,12,11,13,-1,12,13,14,-1,14,13,15,-1,16,17,18,-1,17,19,18,-1,18,19,20,-1,18,20,21,-1,22,23,24,-1,24,25,22,-1,22,25,26,-1,22,26,27,-1,27,26,14,-1,27,14,18,-1,18,14,15,-1,18,15,16,-1,28,29,30,-1,30,29,31,-1,30,31,32,-1,33,34,35,-1,35,34,36,-1,37,38,39,-1,39,38,40,-1,41,42,43,-1,43,42,44,-1,43,44,45,-1,45,44,46,-1,45,46,47,-1,46,48,47,-1,47,48,49,-1,47,49,40,-1,40,49,50,-1,40,50,39,-1,51,42,52,-1,52,42,41,-1,
        ]
    }
}
Shape{
    appearance Appearance {
        material  Material 	{
            diffuseColor 0.20784313725490197 0.20784313725490197 0.20784313725490197
            specularColor 0.01568627450980392 0.01568627450980392 0.01568627450980392
            ambientIntensity 0.298
            transparency 0.0
            shininess 0.5
        }
    }
    geometry IndexedFaceSet {
        ccw TRUE
        solid FALSE
        coord DEF co Coordinate {
            point [
                -1.4567 0.3579 0.2157, -1.4567 0.3386 0.2066, -1.4567 0.3579 0.196, -1.4567 0.3455 0.19, -1.4567 0.3667 0.1849, -1.4567 0.3565 0.1757, -1.4567 0.378 0.1764, -1.4567 0.3697 0.1654, -1.4567 0.3911 0.1711, -1.4567 0.3699 0.2836, -1.4567 0.3565 0.2731, -1.4567 0.3455 0.2589, -1.4567 0.4052 0.1693, -1.4567 0.4407 0.1654, -1.4567 0.4465 0.1693, -1.4567 0.3386 0.2422, -1.4567 0.3363 0.2244, -1.5709 0.3697 0.1654, -1.6339 0.4396 0.2841, -1.6339 0.4407 0.2835, -1.6457 0.4539 0.2731, -1.5748 0.4407 0.2835, -1.563 0.4539 0.2731, -1.563 0.4396 0.2841, -1.6457 0.3707 0.2841, -1.6339 0.3873 0.291, -1.6457 0.3873 0.291, -1.6339 0.4052 0.2933, -1.6457 0.4052 0.2933, -1.6339 0.423 0.291, -1.6457 0.423 0.291, -1.6457 0.4396 0.2841, -1.5748 0.3707 0.2841, -1.5748 0.3694 0.2833, -1.563 0.3699 0.2836, -1.6457 0.3565 0.2731, -1.6339 0.3694 0.2833, -1.6339 0.3707 0.2841, -1.563 0.3707 0.2841, -1.563 0.3873 0.291, -1.5748 0.3873 0.291, -1.563 0.4052 0.2933, -1.5748 0.4052 0.2933, -1.563 0.423 0.291, -1.5748 0.423 0.291, -1.5748 0.4396 0.2841, -1.6378 0.4717 0.2066, -1.6378 0.4736 0.2165, -1.563 0.4741 0.2244, -1.563 0.4717 0.2066, -1.563 0.4648 0.19, -1.6378 0.4648 0.19, -1.563 0.4539 0.1757, -1.563 0.4465 0.1693, -1.5709 0.4407 0.1654, -1.6378 0.4396 0.1647, -1.6378 0.4539 0.1757, -1.5709 0.4396 0.1647, -1.5709 0.423 0.1579, -1.6378 0.423 0.1579, -1.5709 0.4052 0.1555, -1.6378 0.4052 0.1555, -1.5709 0.3873 0.1579, -1.6378 0.3873 0.1579, -1.5709 0.3707 0.1647, -1.6378 0.3565 0.1757, -1.6378 0.3707 0.1647, -1.6378 0.3455 0.19, -1.6378 0.3386 0.2066, -1.6457 0.3363 0.2244, -1.6457 0.3382 0.2081, -1.6378 0.3382 0.2081, -1.563 0.4648 0.2589, -1.6457 0.4648 0.2589, -1.563 0.4717 0.2422, -1.6457 0.4717 0.2422, -1.6457 0.4741 0.2244, -1.6457 0.4736 0.2165, -1.6457 0.3386 0.2422, -1.6457 0.3455 0.2589
            ]
        }
        coordIndex [
            0,1,2,-1,2,1,3,-1,2,3,4,-1,4,3,5,-1,4,5,6,-1,6,5,7,-1,6,7,8,-1,9,10,0,-1,0,10,11,-1,8,7,12,-1,12,7,13,-1,12,13,14,-1,11,15,0,-1,0,15,16,-1,0,16,1,-1,17,7,5,-1,18,19,20,-1,19,21,22,-1,22,21,23,-1,24,25,26,-1,26,25,27,-1,26,27,28,-1,28,27,29,-1,28,29,30,-1,30,29,18,-1,30,18,31,-1,31,18,20,-1,32,33,34,-1,34,33,10,-1,34,10,9,-1,35,36,24,-1,24,36,37,-1,24,37,25,-1,34,38,32,-1,32,38,39,-1,32,39,40,-1,40,39,41,-1,40,41,42,-1,42,41,43,-1,42,43,44,-1,44,43,23,-1,44,23,45,-1,45,23,21,-1,46,47,48,-1,48,49,46,-1,46,49,50,-1,46,50,51,-1,51,50,52,-1,53,14,13,-1,13,54,53,-1,53,54,55,-1,53,55,52,-1,52,55,56,-1,52,56,51,-1,54,57,55,-1,55,57,58,-1,55,58,59,-1,59,58,60,-1,59,60,61,-1,61,60,62,-1,61,62,63,-1,63,62,64,-1,17,65,64,-1,64,65,66,-1,64,66,63,-1,17,5,65,-1,65,5,3,-1,65,3,67,-1,67,3,1,-1,67,1,68,-1,69,70,71,-1,19,22,20,-1,20,22,72,-1,20,72,73,-1,73,72,74,-1,73,74,75,-1,75,74,48,-1,75,48,76,-1,76,48,47,-1,76,47,77,-1,68,1,71,-1,71,1,16,-1,71,16,69,-1,69,16,15,-1,69,15,78,-1,78,15,11,-1,78,11,79,-1,79,11,10,-1,79,10,35,-1,35,10,33,-1,35,33,36,-1,
        ]
    }
}
Shape{
    appearance Appearance {
        material  Material 	{
            diffuseColor 0.5882352941176471 0.5725490196078431 0.5254901960784314
            specularColor 0.043137254901960784 0.0392156862745098 0.0392156862745098
            ambientIntensity 0.8167
            transparency 0.0
            shininess 0.5
        }
    }
    geometry IndexedFaceSet {
        ccw TRUE
        solid FALSE
        coord DEF co Coordinate {
            point [
                -1.3268 0.2634 0.2244, -1.3268 0.3225 0.1654, -1.5709 0.2634 0.2244, -1.5709 0.3225 0.1654, -1.6969 0.7004 0.1654, -1.6378 0.7004 0.1654, -1.6378 0.7004 0.1299, -1.7717 0.7004 0.0984, -1.7717 0.7004 0.3661, -1.6969 0.7004 0.3661, -1.5709 0.7004 0.1654, -1.5236 0.7004 0.1654, -1.5709 0.7004 0.1299, -1.5236 0.7004 0.0984, -1.5236 0.6611 0.0591, -1.7717 0.6611 0.0591
            ]
        }
        coordIndex [
            0,1,2,-1,2,1,3,-1,4,5,6,-1,7,8,9,-1,10,11,12,-1,12,11,13,-1,12,13,6,-1,6,13,7,-1,6,7,4,-1,4,7,9,-1,14,15,13,-1,13,15,7,-1,
        ]
    }
}
Shape{
    appearance Appearance {
        material  Material 	{
            diffuseColor 0.20784313725490197 0.20784313725490197 0.20784313725490197
            specularColor 0.01568627450980392 0.01568627450980392 0.01568627450980392
            ambientIntensity 0.298
            transparency 0.0
            shininess 0.5
        }
    }
    geometry IndexedFaceSet {
        ccw TRUE
        solid FALSE
        coord DEF co Coordinate {
            point [
                -1.1575 0.3768 0.3228, -1.1496 0.3768 0.3228, -1.1575 0.4488 0.3228, -1.1496 0.4488 0.3228
            ]
        }
        coordIndex [
            0,1,2,-1,2,1,3,-1,
        ]
    }
}
Shape{
    appearance Appearance {
        material  Material 	{
            diffuseColor 0.5882352941176471 0.5725490196078431 0.5254901960784314
            specularColor 0.043137254901960784 0.0392156862745098 0.0392156862745098
            ambientIntensity 0.8167
            transparency 0.0
            shininess 0.5
        }
    }
    geometry IndexedFaceSet {
        ccw TRUE
        solid FALSE
        coord DEF co Coordinate {
            point [
                -1.0394 0.169 0.1969, -1.0354 0.169 0.1969, -1.0394 0.169 0.0591, -1.0354 0.169 0.0591
            ]
        }
        coordIndex [
            0,1,2,-1,2,1,3,-1,
        ]
    }
}
Shape{
    appearance Appearance {
        material  Material 	{
            diffuseColor 0.20784313725490197 0.20784313725490197 0.20784313725490197
            specularColor 0.01568627450980392 0.01568627450980392 0.01568627450980392
            ambientIntensity 0.298
            transparency 0.0
            shininess 0.5
        }
    }
    geometry IndexedFaceSet {
        ccw TRUE
        solid FALSE
        coord DEF co Coordinate {
            point [
                -0.9213 0.3768 0.3228, -0.9134 0.3768 0.3228, -0.9213 0.4488 0.3228, -0.9134 0.4488 0.3228
            ]
        }
        coordIndex [
            0,1,2,-1,2,1,3,-1,
        ]
    }
}
Shape{
    appearance Appearance {
        material  Material 	{
            diffuseColor 0.5882352941176471 0.5725490196078431 0.5254901960784314
            specularColor 0.043137254901960784 0.0392156862745098 0.0392156862745098
            ambientIntensity 0.8167
            transparency 0.0
            shininess 0.5
        }
    }
    geometry IndexedFaceSet {
        ccw TRUE
        solid FALSE
        coord DEF co Coordinate {
            point [
                -0.8031 0.169 0.1969, -0.7992 0.169 0.1969, -0.8031 0.169 0.0591, -0.7992 0.169 0.0591
            ]
        }
        coordIndex [
            0,1,2,-1,2,1,3,-1,
        ]
    }
}
Shape{
    appearance Appearance {
        material  Material 	{
            diffuseColor 0.20784313725490197 0.20784313725490197 0.20784313725490197
            specularColor 0.01568627450980392 0.01568627450980392 0.01568627450980392
            ambientIntensity 0.298
            transparency 0.0
            shininess 0.5
        }
    }
    geometry IndexedFaceSet {
        ccw TRUE
        solid FALSE
        coord DEF co Coordinate {
            point [
                -0.685 0.3768 0.3228, -0.6772 0.3768 0.3228, -0.685 0.4488 0.3228, -0.6772 0.4488 0.3228
            ]
        }
        coordIndex [
            0,1,2,-1,2,1,3,-1,
        ]
    }
}
Shape{
    appearance Appearance {
        material  Material 	{
            diffuseColor 0.5882352941176471 0.5725490196078431 0.5254901960784314
            specularColor 0.043137254901960784 0.0392156862745098 0.0392156862745098
            ambientIntensity 0.8167
            transparency 0.0
            shininess 0.5
        }
    }
    geometry IndexedFaceSet {
        ccw TRUE
        solid FALSE
        coord DEF co Coordinate {
            point [
                -0.5669 0.169 0.1969, -0.563 0.169 0.1969, -0.5669 0.169 0.0591, -0.563 0.169 0.0591
            ]
        }
        coordIndex [
            0,1,2,-1,2,1,3,-1,
        ]
    }
}
Shape{
    appearance Appearance {
        material  Material 	{
            diffuseColor 0.20784313725490197 0.20784313725490197 0.20784313725490197
            specularColor 0.01568627450980392 0.01568627450980392 0.01568627450980392
            ambientIntensity 0.298
            transparency 0.0
            shininess 0.5
        }
    }
    geometry IndexedFaceSet {
        ccw TRUE
        solid FALSE
        coord DEF co Coordinate {
            point [
                -0.4488 0.3768 0.3228, -0.4409 0.3768 0.3228, -0.4488 0.4488 0.3228, -0.4409 0.4488 0.3228
            ]
        }
        coordIndex [
            0,1,2,-1,2,1,3,-1,
        ]
    }
}
Shape{
    appearance Appearance {
        material  Material 	{
            diffuseColor 0.5882352941176471 0.5725490196078431 0.5254901960784314
            specularColor 0.043137254901960784 0.0392156862745098 0.0392156862745098
            ambientIntensity 0.8167
            transparency 0.0
            shininess 0.5
        }
    }
    geometry IndexedFaceSet {
        ccw TRUE
        solid FALSE
        coord DEF co Coordinate {
            point [
                -0.3307 0.169 0.1969, -0.3268 0.169 0.1969, -0.3307 0.169 0.0591, -0.3268 0.169 0.0591
            ]
        }
        coordIndex [
            0,1,2,-1,2,1,3,-1,
        ]
    }
}
Shape{
    appearance Appearance {
        material  Material 	{
            diffuseColor 0.20784313725490197 0.20784313725490197 0.20784313725490197
            specularColor 0.01568627450980392 0.01568627450980392 0.01568627450980392
            ambientIntensity 0.298
            transparency 0.0
            shininess 0.5
        }
    }
    geometry IndexedFaceSet {
        ccw TRUE
        solid FALSE
        coord DEF co Coordinate {
            point [
                -0.2126 0.3768 0.3228, -0.2047 0.3768 0.3228, -0.2126 0.4488 0.3228, -0.2047 0.4488 0.3228
            ]
        }
        coordIndex [
            0,1,2,-1,2,1,3,-1,
        ]
    }
}
Shape{
    appearance Appearance {
        material  Material 	{
            diffuseColor 0.5882352941176471 0.5725490196078431 0.5254901960784314
            specularColor 0.043137254901960784 0.0392156862745098 0.0392156862745098
            ambientIntensity 0.8167
            transparency 0.0
            shininess 0.5
        }
    }
    geometry IndexedFaceSet {
        ccw TRUE
        solid FALSE
        coord DEF co Coordinate {
            point [
                -0.0945 0.169 0.1969, -0.0906 0.169 0.1969, -0.0945 0.169 0.0591, -0.0906 0.169 0.0591
            ]
        }
        coordIndex [
            0,1,2,-1,2,1,3,-1,
        ]
    }
}
Shape{
    appearance Appearance {
        material  Material 	{
            diffuseColor 0.20784313725490197 0.20784313725490197 0.20784313725490197
            specularColor 0.01568627450980392 0.01568627450980392 0.01568627450980392
            ambientIntensity 0.298
            transparency 0.0
            shininess 0.5
        }
    }
    geometry IndexedFaceSet {
        ccw TRUE
        solid FALSE
        coord DEF co Coordinate {
            point [
                0.0236 0.3768 0.3228, 0.0315 0.3768 0.3228, 0.0236 0.4488 0.3228, 0.0315 0.4488 0.3228
            ]
        }
        coordIndex [
            0,1,2,-1,2,1,3,-1,
        ]
    }
}
Shape{
    appearance Appearance {
        material  Material 	{
            diffuseColor 0.5882352941176471 0.5725490196078431 0.5254901960784314
            specularColor 0.043137254901960784 0.0392156862745098 0.0392156862745098
            ambientIntensity 0.8167
            transparency 0.0
            shininess 0.5
        }
    }
    geometry IndexedFaceSet {
        ccw TRUE
        solid FALSE
        coord DEF co Coordinate {
            point [
                0.1417 0.169 0.1969, 0.1457 0.169 0.1969, 0.1417 0.169 0.0591, 0.1457 0.169 0.0591
            ]
        }
        coordIndex [
            0,1,2,-1,2,1,3,-1,
        ]
    }
}
Shape{
    appearance Appearance {
        material  Material 	{
            diffuseColor 0.20784313725490197 0.20784313725490197 0.20784313725490197
            specularColor 0.01568627450980392 0.01568627450980392 0.01568627450980392
            ambientIntensity 0.298
            transparency 0.0
            shininess 0.5
        }
    }
    geometry IndexedFaceSet {
        ccw TRUE
        solid FALSE
        coord DEF co Coordinate {
            point [
                0.2598 0.3768 0.3228, 0.2677 0.3768 0.3228, 0.2598 0.4488 0.3228, 0.2677 0.4488 0.3228
            ]
        }
        coordIndex [
            0,1,2,-1,2,1,3,-1,
        ]
    }
}
Shape{
    appearance Appearance {
        material  Material 	{
            diffuseColor 0.5882352941176471 0.5725490196078431 0.5254901960784314
            specularColor 0.043137254901960784 0.0392156862745098 0.0392156862745098
            ambientIntensity 0.8167
            transparency 0.0
            shininess 0.5
        }
    }
    geometry IndexedFaceSet {
        ccw TRUE
        solid FALSE
        coord DEF co Coordinate {
            point [
                0.378 0.169 0.1969, 0.3819 0.169 0.1969, 0.378 0.169 0.0591, 0.3819 0.169 0.0591
            ]
        }
        coordIndex [
            0,1,2,-1,2,1,3,-1,
        ]
    }
}
Shape{
    appearance Appearance {
        material  Material 	{
            diffuseColor 0.20784313725490197 0.20784313725490197 0.20784313725490197
            specularColor 0.01568627450980392 0.01568627450980392 0.01568627450980392
            ambientIntensity 0.298
            transparency 0.0
            shininess 0.5
        }
    }
    geometry IndexedFaceSet {
        ccw TRUE
        solid FALSE
        coord DEF co Coordinate {
            point [
                0.4961 0.3768 0.3228, 0.5039 0.3768 0.3228, 0.4961 0.4488 0.3228, 0.5039 0.4488 0.3228
            ]
        }
        coordIndex [
            0,1,2,-1,2,1,3,-1,
        ]
    }
}
Shape{
    appearance Appearance {
        material  Material 	{
            diffuseColor 0.5882352941176471 0.5725490196078431 0.5254901960784314
            specularColor 0.043137254901960784 0.0392156862745098 0.0392156862745098
            ambientIntensity 0.8167
            transparency 0.0
            shininess 0.5
        }
    }
    geometry IndexedFaceSet {
        ccw TRUE
        solid FALSE
        coord DEF co Coordinate {
            point [
                0.6142 0.169 0.1969, 0.6181 0.169 0.1969, 0.6142 0.169 0.0591, 0.6181 0.169 0.0591
            ]
        }
        coordIndex [
            0,1,2,-1,2,1,3,-1,
        ]
    }
}
Shape{
    appearance Appearance {
        material  Material 	{
            diffuseColor 0.20784313725490197 0.20784313725490197 0.20784313725490197
            specularColor 0.01568627450980392 0.01568627450980392 0.01568627450980392
            ambientIntensity 0.298
            transparency 0.0
            shininess 0.5
        }
    }
    geometry IndexedFaceSet {
        ccw TRUE
        solid FALSE
        coord DEF co Coordinate {
            point [
                0.7323 0.3768 0.3228, 0.7402 0.3768 0.3228, 0.7323 0.4488 0.3228, 0.7402 0.4488 0.3228
            ]
        }
        coordIndex [
            0,1,2,-1,2,1,3,-1,
        ]
    }
}
Shape{
    appearance Appearance {
        material  Material 	{
            diffuseColor 0.5882352941176471 0.5725490196078431 0.5254901960784314
            specularColor 0.043137254901960784 0.0392156862745098 0.0392156862745098
            ambientIntensity 0.8167
            transparency 0.0
            shininess 0.5
        }
    }
    geometry IndexedFaceSet {
        ccw TRUE
        solid FALSE
        coord DEF co Coordinate {
            point [
                0.8504 0.169 0.1969, 0.8543 0.169 0.1969, 0.8504 0.169 0.0591, 0.8543 0.169 0.0591
            ]
        }
        coordIndex [
            0,1,2,-1,2,1,3,-1,
        ]
    }
}
Shape{
    appearance Appearance {
        material  Material 	{
            diffuseColor 0.20784313725490197 0.20784313725490197 0.20784313725490197
            specularColor 0.01568627450980392 0.01568627450980392 0.01568627450980392
            ambientIntensity 0.298
            transparency 0.0
            shininess 0.5
        }
    }
    geometry IndexedFaceSet {
        ccw TRUE
        solid FALSE
        coord DEF co Coordinate {
            point [
                0.9685 0.3768 0.3228, 0.9764 0.3768 0.3228, 0.9685 0.4488 0.3228, 0.9764 0.4488 0.3228
            ]
        }
        coordIndex [
            0,1,2,-1,2,1,3,-1,
        ]
    }
}
Shape{
    appearance Appearance {
        material  Material 	{
            diffuseColor 0.5882352941176471 0.5725490196078431 0.5254901960784314
            specularColor 0.043137254901960784 0.0392156862745098 0.0392156862745098
            ambientIntensity 0.8167
            transparency 0.0
            shininess 0.5
        }
    }
    geometry IndexedFaceSet {
        ccw TRUE
        solid FALSE
        coord DEF co Coordinate {
            point [
                1.0866 0.169 0.1969, 1.0906 0.169 0.1969, 1.0866 0.169 0.0591, 1.0906 0.169 0.0591, 1.3228 0.4052 0.1693, 1.4567 0.4052 0.1693, 1.4567 0.3911 0.1711, 1.3228 0.3911 0.1711, 1.4567 0.378 0.1764, 1.3228 0.378 0.1764, 1.4567 0.3667 0.1849, 1.3228 0.3667 0.1849, 1.4567 0.3579 0.196, 1.3228 0.3579 0.196
            ]
        }
        coordIndex [
            0,1,2,-1,2,1,3,-1,4,5,6,-1,4,6,7,-1,7,6,8,-1,7,8,9,-1,9,8,10,-1,9,10,11,-1,11,10,12,-1,11,12,13,-1,
        ]
    }
}
Shape{
    appearance Appearance {
        material  Material 	{
            diffuseColor 0.20784313725490197 0.20784313725490197 0.20784313725490197
            specularColor 0.01568627450980392 0.01568627450980392 0.01568627450980392
            ambientIntensity 0.298
            transparency 0.0
            shininess 0.5
        }
    }
    geometry IndexedFaceSet {
        ccw TRUE
        solid FALSE
        coord DEF co Coordinate {
            point [
                1.2047 0.3768 0.3228, 1.2126 0.3768 0.3228, 1.2047 0.4488 0.3228, 1.2126 0.4488 0.3228
            ]
        }
        coordIndex [
            0,1,2,-1,2,1,3,-1,
        ]
    }
}
Shape{
    appearance Appearance {
        material  Material 	{
            diffuseColor 0.5882352941176471 0.5725490196078431 0.5254901960784314
            specularColor 0.043137254901960784 0.0392156862745098 0.0392156862745098
            ambientIntensity 0.8167
            transparency 0.0
            shininess 0.5
        }
    }
    geometry IndexedFaceSet {
        ccw TRUE
        solid FALSE
        coord DEF co Coordinate {
            point [
                -1.3268 -0.1224 0.315, -1.4567 -0.1224 0.315, -1.4567 0.169 0.2953, 1.3268 -0.1224 0.315, 1.2717 -0.1224 0.315, 1.2756 0.169 0.2953, 1.4567 0.169 0.2953, 1.4567 -0.1224 0.315, 1.3268 0.169 0.2953, 1.3228 0.169 0.2953, 1.0354 -0.1224 0.315, 1.0394 0.169 0.2953, 1.0906 -0.1224 0.315, 1.0866 0.169 0.2953, 1.0906 0.169 0.2953, 0.7992 -0.1224 0.315, 0.8031 0.169 0.2953, 0.8543 -0.1224 0.315, 0.8504 0.169 0.2953, 0.8543 0.169 0.2953, 1.1535 0.169 0.2953, 1.2087 0.169 0.2953, 1.2717 0.169 0.2953, 0.563 -0.1224 0.315, 0.5669 0.169 0.2953, 0.6181 -0.1224 0.315, 0.6142 0.169 0.2953, 0.6181 0.169 0.2953, 0.9173 0.169 0.2953, 0.9724 0.169 0.2953, 1.0354 0.169 0.2953, 0.3268 -0.1224 0.315, 0.3307 0.169 0.2953, 0.3819 -0.1224 0.315, 0.378 0.169 0.2953, 0.3819 0.169 0.2953, 0.6811 0.169 0.2953, 0.7362 0.169 0.2953, 0.7992 0.169 0.2953, 0.0906 -0.1224 0.315, 0.0945 0.169 0.2953, 0.1457 -0.1224 0.315, 0.1417 0.169 0.2953, 0.1457 0.169 0.2953, 0.4449 0.169 0.2953, 0.5 0.169 0.2953, 0.563 0.169 0.2953, -0.1457 -0.1224 0.315, -0.1417 0.169 0.2953, -0.0906 -0.1224 0.315, -0.0945 0.169 0.2953, -0.0906 0.169 0.2953, 0.2087 0.169 0.2953, 0.2638 0.169 0.2953, 0.3268 0.169 0.2953, -0.3819 -0.1224 0.315, -0.378 0.169 0.2953, -0.3268 -0.1224 0.315, -0.3307 0.169 0.2953, -0.3268 0.169 0.2953, -0.0276 0.169 0.2953, 0.0276 0.169 0.2953, 0.0906 0.169 0.2953, -0.6181 -0.1224 0.315, -0.6142 0.169 0.2953, -0.563 -0.1224 0.315, -0.5669 0.169 0.2953, -0.563 0.169 0.2953, -0.2638 0.169 0.2953, -0.2087 0.169 0.2953, -0.1457 0.169 0.2953, -0.8543 -0.1224 0.315, -0.8504 0.169 0.2953, -0.7992 -0.1224 0.315, -0.8031 0.169 0.2953, -0.7992 0.169 0.2953, -0.5 0.169 0.2953, -0.4449 0.169 0.2953, -0.3819 0.169 0.2953, -1.0906 -0.1224 0.315, -1.0866 0.169 0.2953, -1.0354 -0.1224 0.315, -1.0394 0.169 0.2953, -1.0354 0.169 0.2953, -1.3268 0.169 0.2953, -1.3228 0.169 0.2953, -1.2717 -0.1224 0.315, -1.2756 0.169 0.2953, -1.2717 0.169 0.2953, -0.7362 0.169 0.2953, -0.6811 0.169 0.2953, -0.6181 0.169 0.2953, -0.9724 0.169 0.2953, -0.9173 0.169 0.2953, -0.8543 0.169 0.2953, -1.2087 0.169 0.2953, -1.1535 0.169 0.2953, -1.0906 0.169 0.2953
            ]
        }
        coordIndex [
            0,1,2,-1,3,4,5,-1,6,7,8,-1,8,7,3,-1,8,3,9,-1,9,3,5,-1,10,11,12,-1,12,11,13,-1,12,13,14,-1,15,16,17,-1,17,16,18,-1,17,18,19,-1,14,20,12,-1,12,20,21,-1,12,21,4,-1,4,21,22,-1,4,22,5,-1,23,24,25,-1,25,24,26,-1,25,26,27,-1,19,28,17,-1,17,28,29,-1,17,29,10,-1,10,29,30,-1,10,30,11,-1,31,32,33,-1,33,32,34,-1,33,34,35,-1,27,36,25,-1,25,36,37,-1,25,37,15,-1,15,37,38,-1,15,38,16,-1,39,40,41,-1,41,40,42,-1,41,42,43,-1,35,44,33,-1,33,44,45,-1,33,45,23,-1,23,45,46,-1,23,46,24,-1,47,48,49,-1,49,48,50,-1,49,50,51,-1,43,52,41,-1,41,52,53,-1,41,53,31,-1,31,53,54,-1,31,54,32,-1,55,56,57,-1,57,56,58,-1,57,58,59,-1,51,60,49,-1,49,60,61,-1,49,61,39,-1,39,61,62,-1,39,62,40,-1,63,64,65,-1,65,64,66,-1,65,66,67,-1,59,68,57,-1,57,68,69,-1,57,69,47,-1,47,69,70,-1,47,70,48,-1,71,72,73,-1,73,72,74,-1,73,74,75,-1,67,76,65,-1,65,76,77,-1,65,77,55,-1,55,77,78,-1,55,78,56,-1,79,80,81,-1,81,80,82,-1,81,82,83,-1,2,84,0,-1,0,84,85,-1,0,85,86,-1,86,85,87,-1,86,87,88,-1,75,89,73,-1,73,89,90,-1,73,90,63,-1,63,90,91,-1,63,91,64,-1,83,92,81,-1,81,92,93,-1,81,93,71,-1,71,93,94,-1,71,94,72,-1,88,95,86,-1,86,95,96,-1,86,96,79,-1,79,96,97,-1,79,97,80,-1,
        ]
    }
}
Shape{
    appearance Appearance {
        material  Material 	{
            diffuseColor 0.20784313725490197 0.20784313725490197 0.20784313725490197
            specularColor 0.01568627450980392 0.01568627450980392 0.01568627450980392
            ambientIntensity 0.298
            transparency 0.0
            shininess 0.5
        }
    }
    geometry IndexedFaceSet {
        ccw TRUE
        solid FALSE
        coord DEF co Coordinate {
            point [
                1.4567 0.3579 0.196, 1.4567 0.3386 0.2066, 1.4567 0.3579 0.2157, 1.4567 0.3363 0.2244, 1.4567 0.3386 0.2422, 1.4567 0.378 0.1764, 1.4567 0.3697 0.1654, 1.4567 0.3667 0.1849, 1.4567 0.3565 0.1757, 1.4567 0.3455 0.19, 1.4567 0.3455 0.2589, 1.4567 0.3565 0.2731, 1.4567 0.3699 0.2836, 1.4567 0.4465 0.1693, 1.4567 0.4407 0.1654, 1.4567 0.4052 0.1693, 1.4567 0.3911 0.1711, 1.5748 0.4396 0.2841, 1.5748 0.4465 0.2795, 1.563 0.4539 0.2731, 1.6457 0.4396 0.2841, 1.6457 0.4539 0.2731, 1.6339 0.4465 0.2795, 1.563 0.4396 0.2841, 1.563 0.423 0.291, 1.5748 0.423 0.291, 1.563 0.4052 0.2933, 1.5748 0.4052 0.2933, 1.563 0.3873 0.291, 1.5748 0.3873 0.291, 1.563 0.3707 0.2841, 1.563 0.3699 0.2836, 1.5748 0.3619 0.278, 1.5748 0.3707 0.2841, 1.6339 0.3707 0.2841, 1.6339 0.3619 0.278, 1.6457 0.3565 0.2731, 1.6339 0.4396 0.2841, 1.6339 0.423 0.291, 1.6457 0.423 0.291, 1.6339 0.4052 0.2933, 1.6457 0.4052 0.2933, 1.6339 0.3873 0.291, 1.6457 0.3873 0.291, 1.6457 0.3707 0.2841, 1.6457 0.4741 0.2244, 1.6457 0.4736 0.2165, 1.6378 0.4736 0.2165, 1.6378 0.3386 0.2066, 1.6378 0.3382 0.2081, 1.5709 0.3697 0.1654, 1.6378 0.3455 0.19, 1.6378 0.3565 0.1757, 1.6378 0.3707 0.1647, 1.5709 0.3707 0.1647, 1.5709 0.3873 0.1579, 1.6378 0.3873 0.1579, 1.5709 0.4052 0.1555, 1.6378 0.4052 0.1555, 1.5709 0.423 0.1579, 1.6378 0.423 0.1579, 1.5709 0.4396 0.1647, 1.5709 0.4407 0.1654, 1.563 0.4465 0.1693, 1.6378 0.4539 0.1757, 1.6378 0.4396 0.1647, 1.563 0.4539 0.1757, 1.563 0.4648 0.19, 1.6378 0.4648 0.19, 1.563 0.4717 0.2066, 1.6378 0.4717 0.2066, 1.563 0.4741 0.2244, 1.563 0.4717 0.2422, 1.6457 0.4717 0.2422, 1.563 0.4648 0.2589, 1.6457 0.4648 0.2589, 1.6457 0.3455 0.2589, 1.6457 0.3386 0.2422, 1.6457 0.3363 0.2244, 1.6457 0.3382 0.2081
            ]
        }
        coordIndex [
            0,1,2,-1,2,1,3,-1,2,3,4,-1,5,6,7,-1,7,6,8,-1,7,8,0,-1,0,8,9,-1,0,9,1,-1,4,10,2,-1,2,10,11,-1,2,11,12,-1,13,14,15,-1,15,14,6,-1,15,6,16,-1,16,6,5,-1,17,18,19,-1,20,21,22,-1,19,23,17,-1,17,23,24,-1,17,24,25,-1,25,24,26,-1,25,26,27,-1,27,26,28,-1,27,28,29,-1,29,28,30,-1,31,32,30,-1,30,32,33,-1,30,33,29,-1,34,35,36,-1,36,35,32,-1,22,37,20,-1,20,37,38,-1,20,38,39,-1,39,38,40,-1,39,40,41,-1,41,40,42,-1,41,42,43,-1,43,42,34,-1,43,34,44,-1,44,34,36,-1,45,46,47,-1,48,49,3,-1,8,6,50,-1,3,1,48,-1,48,1,9,-1,48,9,51,-1,51,9,8,-1,51,8,52,-1,52,8,50,-1,52,50,53,-1,50,54,53,-1,53,54,55,-1,53,55,56,-1,56,55,57,-1,56,57,58,-1,58,57,59,-1,58,59,60,-1,60,59,61,-1,62,14,13,-1,13,63,62,-1,62,63,64,-1,62,64,61,-1,61,64,65,-1,61,65,60,-1,63,66,64,-1,64,66,67,-1,64,67,68,-1,68,67,69,-1,68,69,70,-1,70,69,47,-1,47,69,71,-1,47,71,45,-1,45,71,72,-1,45,72,73,-1,73,72,74,-1,73,74,75,-1,75,74,19,-1,75,19,21,-1,21,19,18,-1,21,18,22,-1,31,12,32,-1,32,12,11,-1,32,11,36,-1,36,11,10,-1,36,10,76,-1,76,10,4,-1,76,4,77,-1,77,4,3,-1,77,3,78,-1,78,3,49,-1,78,49,79,-1,
        ]
    }
}
Shape{
    appearance Appearance {
        material  Material 	{
            diffuseColor 0.5882352941176471 0.5725490196078431 0.5254901960784314
            specularColor 0.043137254901960784 0.0392156862745098 0.0392156862745098
            ambientIntensity 0.8167
            transparency 0.0
            shininess 0.5
        }
    }
    geometry IndexedFaceSet {
        ccw TRUE
        solid FALSE
        coord DEF co Coordinate {
            point [
                1.5236 0.7004 0.0984, 1.5236 0.7004 0.1654, 1.5709 0.7004 0.1654, 1.5709 0.7004 0.1299, 1.6378 0.7004 0.1299, 1.7717 0.7004 0.0984, 1.6969 0.7004 0.3661, 1.7717 0.7004 0.3661, 1.6969 0.7004 0.1654, 1.6378 0.7004 0.1654, 1.3268 0.3225 0.1654, 1.3268 0.2634 0.2244, 1.5709 0.3225 0.1654, 1.5709 0.2634 0.2244, 1.6457 0.2634 0.2244, 1.6378 0.2634 0.2244, 1.6378 0.2366 0.3661, 1.3268 0.2291 0.4055, 1.3731 0.2291 0.4055, 1.3976 0.2388 0.3543, 1.5157 0.2388 0.3543, 1.5709 0.2366 0.3661, 1.5157 0.2291 0.4055, 1.6457 0.2291 0.4055, 1.3268 0.169 0.4055, 1.3731 0.169 0.4055, 1.3268 0.169 0.2953, 1.3268 0.169 0.1969, 1.4567 0.169 0.2953, 1.4567 0.169 0.1969, 1.3228 0.169 0.1969, 1.3228 0.169 0.0591, 1.3268 0.169 0.0591
            ]
        }
        coordIndex [
            0,1,2,-1,2,3,0,-1,0,3,4,-1,0,4,5,-1,6,7,8,-1,8,7,5,-1,8,5,9,-1,9,5,4,-1,10,11,12,-1,12,11,13,-1,14,15,16,-1,17,18,11,-1,11,18,19,-1,11,19,13,-1,13,19,20,-1,13,20,21,-1,21,20,22,-1,21,22,16,-1,16,22,23,-1,16,23,14,-1,17,24,18,-1,18,24,25,-1,26,27,28,-1,28,27,29,-1,30,27,31,-1,31,27,32,-1,
        ]
    }
}
Shape{
    appearance Appearance {
        material  Material 	{
            diffuseColor 0.6666666666666666 0.6666666666666666 0.6666666666666666
            specularColor 0.4666666666666667 0.4666666666666667 0.4666666666666667
            ambientIntensity 0.6667
            transparency 0.0
            shininess 0.5
        }
    }
    geometry IndexedFaceSet {
        ccw TRUE
        solid FALSE
        coord DEF co Coordinate {
            point [
                1.5748 -0.5279 0.1535, 1.5748 -0.6185 0.1535, 1.5748 -0.6185 0.2303, 1.5748 -0.6381 0.25, 1.5748 -0.6381 0.3091, 1.5748 -0.6185 0.3287, 1.5748 -0.5988 0.4213, 1.5748 -0.5279 0.4213, 1.5748 -0.6127 0.4155, 1.5748 -0.6086 0.4186, 1.5748 -0.6039 0.4206, 1.5748 -0.6185 0.4016, 1.5748 -0.6178 0.4067, 1.5748 -0.6158 0.4114
            ]
        }
        coordIndex [
            0,1,2,-1,3,4,2,-1,2,4,5,-1,2,5,0,-1,0,5,6,-1,0,6,7,-1,8,9,10,-1,5,11,6,-1,6,11,12,-1,6,12,10,-1,10,12,13,-1,10,13,8,-1,
        ]
    }
}
Shape{
    appearance Appearance {
        material  Material 	{
            diffuseColor 0.5882352941176471 0.5725490196078431 0.5254901960784314
            specularColor 0.043137254901960784 0.0392156862745098 0.0392156862745098
            ambientIntensity 0.8167
            transparency 0.0
            shininess 0.5
        }
    }
    geometry IndexedFaceSet {
        ccw TRUE
        solid FALSE
        coord DEF co Coordinate {
            point [
                1.5748 -0.5279 0.4528, 1.5748 -0.5279 0.4213, 1.5748 -0.3232 0.4528, 1.5748 -0.3429 0.4213, 1.5748 -0.3378 0.4206, 1.5748 -0.333 0.4186, 1.5748 -0.3289 0.4155, 1.5748 -0.3258 0.4114, 1.5748 -0.3238 0.4067, 1.5748 -0.3232 0.4016, 1.6378 0.3382 0.1299, 1.6378 0.3382 0.1654, 1.6457 0.3382 0.1654, 1.6378 0.3382 0.0591, 1.7717 0.3382 0.0591, 1.7717 0.3382 0.2165, 1.6457 0.3382 0.2081, 1.6378 0.3382 0.2165, 1.6378 0.3382 0.2081, 1.6378 0.4997 0.0591, 1.6378 0.4997 0.1299, 1.7717 0.4997 0.2165, 1.6472 0.4997 0.2165, 1.7717 0.4997 0.0591, 1.6472 0.4997 0.1654, 1.6378 0.4997 0.1654, 1.5236 0.7004 0.0984, 1.7717 0.7004 0.0984, 1.5236 0.6611 0.0591, 1.7717 0.6611 0.0591, 1.5748 -0.3816 0.1744, 1.5748 -0.3822 0.1693, 1.5748 -0.3625 0.189, 1.5748 -0.3429 0.189, 1.5748 -0.3724 0.1863, 1.5748 -0.3765 0.1832, 1.5748 -0.3796 0.1791, 1.5748 -0.3258 0.1791, 1.5748 -0.3289 0.1832, 1.5748 -0.333 0.1863, 1.5748 -0.3378 0.1883, 1.5748 -0.3232 0.1693, 1.5748 -0.3232 0.0591, 1.5748 -0.3822 0.1535, 1.5748 -0.5279 0.0591, 1.5748 -0.5279 0.1535, 1.5748 -0.3676 0.1883, 1.5748 -0.3238 0.1744, 1.7717 -0.3232 0.4528, 1.6339 -0.3232 0.4016, 1.6339 -0.3232 0.1693, 1.6339 -0.3232 0.1299, 1.6378 -0.3232 0.1299, 1.7717 -0.3232 0.0591, 1.6378 -0.3232 0.3661, 1.6339 -0.3232 0.3661, 1.7717 0.169 0.4055, 1.7717 0.1611 0.4528, 1.7717 0.7004 0.3661, 1.7717 0.6611 0.4055, 1.4508 -0.6185 0.3445, 1.4567 -0.6185 0.3445, 1.4173 -0.6185 0.311, 1.4567 -0.6185 0.1969, 1.4173 -0.6185 0.1969, 1.4173 -0.6263 0.1969, 1.4173 -0.6263 0.311, 1.1535 -0.5318 0.122, 1.1535 -0.5318 0.1969, 1.2087 -0.5318 0.122, 1.2087 -0.5318 0.1969, 1.0866 -0.5318 0.0394, 1.0906 -0.5318 0.0394, 1.0866 -0.5318 0.0591, 1.0906 -0.5318 0.0591, 0.9173 -0.5318 0.1969, 0.9724 -0.5318 0.1969, 0.9173 -0.5318 0.122, 0.9724 -0.5318 0.122, 0.8504 -0.5318 0.0394, 0.8543 -0.5318 0.0394, 0.8504 -0.5318 0.0591, 0.8543 -0.5318 0.0591, 0.6811 -0.5318 0.1969, 0.7362 -0.5318 0.1969, 0.6811 -0.5318 0.122, 0.7362 -0.5318 0.122, 0.6142 -0.5318 0.0394, 0.6181 -0.5318 0.0394, 0.6142 -0.5318 0.0591, 0.6181 -0.5318 0.0591, 0.4449 -0.5318 0.1969, 0.5 -0.5318 0.1969, 0.4449 -0.5318 0.122, 0.5 -0.5318 0.122, 0.378 -0.5318 0.0394, 0.3819 -0.5318 0.0394, 0.378 -0.5318 0.0591, 0.3819 -0.5318 0.0591, 0.2087 -0.5318 0.1969, 0.2638 -0.5318 0.1969, 0.2087 -0.5318 0.122, 0.2638 -0.5318 0.122, 0.1417 -0.5318 0.0394, 0.1457 -0.5318 0.0394, 0.1417 -0.5318 0.0591, 0.1457 -0.5318 0.0591, -0.0276 -0.5318 0.1969, 0.0276 -0.5318 0.1969, -0.0276 -0.5318 0.122, 0.0276 -0.5318 0.122, -0.0945 -0.5318 0.0394, -0.0906 -0.5318 0.0394, -0.0945 -0.5318 0.0591, -0.0906 -0.5318 0.0591, -0.2638 -0.5318 0.1969, -0.2087 -0.5318 0.1969, -0.2638 -0.5318 0.122, -0.2087 -0.5318 0.122, -0.3307 -0.5318 0.0394, -0.3268 -0.5318 0.0394, -0.3307 -0.5318 0.0591, -0.3268 -0.5318 0.0591, -0.5 -0.5318 0.1969, -0.4449 -0.5318 0.1969, -0.5 -0.5318 0.122, -0.4449 -0.5318 0.122, -0.5669 -0.5318 0.0394, -0.563 -0.5318 0.0394, -0.5669 -0.5318 0.0591, -0.563 -0.5318 0.0591, -0.7362 -0.5318 0.1969, -0.6811 -0.5318 0.1969, -0.7362 -0.5318 0.122, -0.6811 -0.5318 0.122, -0.8031 -0.5318 0.0394, -0.7992 -0.5318 0.0394, -0.8031 -0.5318 0.0591, -0.7992 -0.5318 0.0591, -0.9724 -0.5318 0.1969, -0.9173 -0.5318 0.1969, -0.9724 -0.5318 0.122, -0.9173 -0.5318 0.122, -1.0394 -0.5318 0.0394, -1.0354 -0.5318 0.0394, -1.0394 -0.5318 0.0591, -1.0354 -0.5318 0.0591, -1.2087 -0.5318 0.1969, -1.1535 -0.5318 0.1969, -1.2087 -0.5318 0.122, -1.1535 -0.5318 0.122, -1.2756 -0.5318 0.0394, -1.2717 -0.5318 0.0394, -1.2756 -0.5318 0.0591, -1.2717 -0.5318 0.0591, -1.4173 -0.6263 0.1969, -1.4488 -0.6578 0.1654, -1.3327 -0.6263 0.1969, -1.3465 -0.6578 0.1654, -1.3268 -0.6263 0.1969, -1.3268 -0.6381 0.185, -1.4173 -0.6263 0.311, -1.4488 -0.6578 0.3425, -1.5 -0.6185 0.3937, -1.5 -0.6578 0.3937, -1.4508 -0.6185 0.3445, -1.4173 -0.6185 0.311, -1.5 -0.6578 0.4055, -1.5 -0.6185 0.4055, -1.5551 0.6217 0.0591, -1.5551 -0.5673 0.0591, -1.5748 -0.3232 0.0591, -1.5748 -0.5279 0.0591, -1.6378 0.4997 0.0591, -1.6378 0.3382 0.0591, -1.7717 0.3382 0.0591, -1.7717 -0.3232 0.0591, -1.5236 0.6611 0.0591, -1.5236 0.6217 0.0591, -1.7717 0.4997 0.0591, -1.7717 0.6611 0.0591, -1.5748 -0.5279 0.1535, -1.5748 -0.5279 0.4252, -1.5551 -0.5673 0.4528, -1.5748 -0.5279 0.4528, -1.5551 -0.6578 0.4055, -1.5551 -0.6185 0.4055, -1.2717 0.6217 0.1654, -1.2717 0.6217 0.0591, -1.2717 0.3225 0.1654, -1.2717 0.169 0.0591, -1.2717 0.2634 0.2244, -1.2717 0.169 0.4055, -1.2717 0.2291 0.4055, -1.2717 0.169 0.2953, -1.2717 0.169 0.1969, -1.3268 0.2634 0.2244, -1.3268 0.2291 0.4055, -1.3268 0.169 0.4055, -1.3268 0.6217 0.0591, -1.3268 0.6217 0.1654, -1.3268 0.169 0.0591, -1.3268 0.3225 0.1654, -1.3268 0.169 0.1969, -1.3268 0.169 0.2953, -1.5709 0.3697 0.1654, -1.5709 0.3225 0.1654, -1.4567 0.3697 0.1654, -1.4567 0.4407 0.1654, -1.5709 0.4407 0.1654, -1.5236 0.6217 0.1654, -1.5709 0.7004 0.1654, -1.5236 0.7004 0.1654, -1.5236 0.7004 0.0984, -1.2087 0.6217 0.1654, -1.2087 0.3225 0.1654, -1.2087 0.2634 0.2244, -1.2087 0.2291 0.4055, -1.2087 0.169 0.4055, -1.2087 0.169 0.1969, -1.2087 0.169 0.2953, -1.1575 0.5548 0.063, -1.1535 0.5548 0.063, -1.1575 0.5548 0.0315, -1.1535 0.5548 0.0315, -1.1535 0.3225 0.1654, -1.1535 0.2634 0.2244, -1.0906 0.3225 0.1654, -1.0906 0.2634 0.2244, -1.1535 0.2291 0.4055, -1.0906 0.2291 0.4055, -1.1535 0.169 0.4055, -1.0906 0.169 0.4055, -1.1535 0.169 0.2953, -1.1535 0.169 0.1969, -1.0906 0.169 0.2953, -1.0906 0.169 0.1969, -1.0354 0.6217 0.1654, -1.0354 0.6217 0.0591, -1.0354 0.3225 0.1654, -1.0354 0.169 0.0591, -1.0354 0.2634 0.2244, -1.0354 0.169 0.4055, -1.0354 0.2291 0.4055, -1.0354 0.169 0.2953, -1.0354 0.169 0.1969, -1.0906 0.6217 0.0591, -1.0906 0.6217 0.1654, -1.0906 0.169 0.0591, -1.1535 0.6217 0.1654, -0.9724 0.6217 0.1654, -0.9724 0.3225 0.1654, -0.9724 0.2634 0.2244, -0.9724 0.2291 0.4055, -0.9724 0.169 0.4055, -0.9724 0.169 0.1969, -0.9724 0.169 0.2953, -0.9213 0.5548 0.063, -0.9173 0.5548 0.063, -0.9213 0.5548 0.0315, -0.9173 0.5548 0.0315, -0.9173 0.3225 0.1654, -0.9173 0.2634 0.2244, -0.8543 0.3225 0.1654, -0.8543 0.2634 0.2244, -0.9173 0.2291 0.4055, -0.8543 0.2291 0.4055, -0.9173 0.169 0.4055, -0.8543 0.169 0.4055, -0.9173 0.169 0.2953, -0.9173 0.169 0.1969, -0.8543 0.169 0.2953, -0.8543 0.169 0.1969, -0.7992 0.6217 0.1654, -0.7992 0.6217 0.0591, -0.7992 0.3225 0.1654, -0.7992 0.169 0.0591, -0.7992 0.2634 0.2244, -0.7992 0.169 0.4055, -0.7992 0.2291 0.4055, -0.7992 0.169 0.2953, -0.7992 0.169 0.1969, -0.8543 0.6217 0.0591, -0.8543 0.6217 0.1654, -0.8543 0.169 0.0591, -0.9173 0.6217 0.1654, -0.7362 0.6217 0.1654, -0.7362 0.3225 0.1654, -0.7362 0.2634 0.2244, -0.7362 0.2291 0.4055, -0.7362 0.169 0.4055, -0.7362 0.169 0.1969, -0.7362 0.169 0.2953, -0.685 0.5548 0.063, -0.6811 0.5548 0.063, -0.685 0.5548 0.0315, -0.6811 0.5548 0.0315, -0.6811 0.3225 0.1654, -0.6811 0.2634 0.2244, -0.6181 0.3225 0.1654, -0.6181 0.2634 0.2244, -0.6811 0.2291 0.4055, -0.6181 0.2291 0.4055, -0.6811 0.169 0.4055, -0.6181 0.169 0.4055, -0.6811 0.169 0.2953, -0.6811 0.169 0.1969, -0.6181 0.169 0.2953, -0.6181 0.169 0.1969, -0.563 0.6217 0.1654, -0.563 0.6217 0.0591, -0.563 0.3225 0.1654, -0.563 0.169 0.0591, -0.563 0.2634 0.2244, -0.563 0.169 0.4055, -0.563 0.2291 0.4055, -0.563 0.169 0.2953, -0.563 0.169 0.1969, -0.6181 0.6217 0.0591, -0.6181 0.6217 0.1654, -0.6181 0.169 0.0591, -0.6811 0.6217 0.1654, -0.5 0.6217 0.1654, -0.5 0.3225 0.1654, -0.5 0.2634 0.2244, -0.5 0.2291 0.4055, -0.5 0.169 0.4055, -0.5 0.169 0.1969, -0.5 0.169 0.2953, -0.4488 0.5548 0.063, -0.4449 0.5548 0.063, -0.4488 0.5548 0.0315, -0.4449 0.5548 0.0315, -0.4449 0.3225 0.1654, -0.4449 0.2634 0.2244, -0.3819 0.3225 0.1654, -0.3819 0.2634 0.2244, -0.4449 0.2291 0.4055, -0.3819 0.2291 0.4055, -0.4449 0.169 0.4055, -0.3819 0.169 0.4055, -0.4449 0.169 0.2953, -0.4449 0.169 0.1969, -0.3819 0.169 0.2953, -0.3819 0.169 0.1969, -0.3268 0.6217 0.1654, -0.3268 0.6217 0.0591, -0.3268 0.3225 0.1654, -0.3268 0.169 0.0591, -0.3268 0.2634 0.2244, -0.3268 0.169 0.4055, -0.3268 0.2291 0.4055, -0.3268 0.169 0.2953, -0.3268 0.169 0.1969, -0.3819 0.6217 0.0591, -0.3819 0.6217 0.1654, -0.3819 0.169 0.0591, -0.4449 0.6217 0.1654, -0.2638 0.6217 0.1654, -0.2638 0.3225 0.1654, -0.2638 0.2634 0.2244, -0.2638 0.2291 0.4055, -0.2638 0.169 0.4055, -0.2638 0.169 0.1969, -0.2638 0.169 0.2953, -0.2126 0.5548 0.063, -0.2087 0.5548 0.063, -0.2126 0.5548 0.0315, -0.2087 0.5548 0.0315, -0.2087 0.3225 0.1654, -0.2087 0.2634 0.2244, -0.1457 0.3225 0.1654, -0.1457 0.2634 0.2244, -0.2087 0.2291 0.4055, -0.1457 0.2291 0.4055, -0.2087 0.169 0.4055, -0.1457 0.169 0.4055, -0.2087 0.169 0.2953, -0.2087 0.169 0.1969, -0.1457 0.169 0.2953, -0.1457 0.169 0.1969, -0.0906 0.6217 0.1654, -0.0906 0.6217 0.0591, -0.0906 0.3225 0.1654, -0.0906 0.169 0.0591, -0.0906 0.2634 0.2244, -0.0906 0.169 0.4055, -0.0906 0.2291 0.4055, -0.0906 0.169 0.2953, -0.0906 0.169 0.1969, -0.1457 0.6217 0.0591, -0.1457 0.6217 0.1654, -0.1457 0.169 0.0591, -0.2087 0.6217 0.1654, -0.0276 0.6217 0.1654, -0.0276 0.3225 0.1654, -0.0276 0.2634 0.2244, -0.0276 0.2291 0.4055, -0.0276 0.169 0.4055, -0.0276 0.169 0.1969, -0.0276 0.169 0.2953, 0.0236 0.5548 0.063, 0.0276 0.5548 0.063, 0.0236 0.5548 0.0315, 0.0276 0.5548 0.0315, 0.0276 0.3225 0.1654, 0.0276 0.2634 0.2244, 0.0906 0.3225 0.1654, 0.0906 0.2634 0.2244, 0.0276 0.2291 0.4055, 0.0906 0.2291 0.4055, 0.0276 0.169 0.4055, 0.0906 0.169 0.4055, 0.0276 0.169 0.2953, 0.0276 0.169 0.1969, 0.0906 0.169 0.2953, 0.0906 0.169 0.1969, 0.1457 0.6217 0.1654, 0.1457 0.6217 0.0591, 0.1457 0.3225 0.1654, 0.1457 0.169 0.0591, 0.1457 0.2634 0.2244, 0.1457 0.169 0.4055, 0.1457 0.2291 0.4055, 0.1457 0.169 0.2953, 0.1457 0.169 0.1969, 0.0906 0.6217 0.0591, 0.0906 0.6217 0.1654, 0.0906 0.169 0.0591, 0.0276 0.6217 0.1654, 0.2087 0.6217 0.1654, 0.2087 0.3225 0.1654, 0.2087 0.2634 0.2244, 0.2087 0.2291 0.4055, 0.2087 0.169 0.4055, 0.2087 0.169 0.1969, 0.2087 0.169 0.2953, 0.2598 0.5548 0.063, 0.2638 0.5548 0.063, 0.2598 0.5548 0.0315, 0.2638 0.5548 0.0315, 0.2638 0.3225 0.1654, 0.2638 0.2634 0.2244, 0.3268 0.3225 0.1654, 0.3268 0.2634 0.2244, 0.2638 0.2291 0.4055, 0.3268 0.2291 0.4055, 0.2638 0.169 0.4055, 0.3268 0.169 0.4055, 0.2638 0.169 0.2953, 0.2638 0.169 0.1969, 0.3268 0.169 0.2953, 0.3268 0.169 0.1969, 0.3819 0.6217 0.1654, 0.3819 0.6217 0.0591, 0.3819 0.3225 0.1654, 0.3819 0.169 0.0591, 0.3819 0.2634 0.2244, 0.3819 0.169 0.4055, 0.3819 0.2291 0.4055, 0.3819 0.169 0.2953, 0.3819 0.169 0.1969, 0.3268 0.6217 0.0591, 0.3268 0.6217 0.1654, 0.3268 0.169 0.0591, 0.2638 0.6217 0.1654, 0.4449 0.6217 0.1654, 0.4449 0.3225 0.1654, 0.4449 0.2634 0.2244, 0.4449 0.2291 0.4055, 0.4449 0.169 0.4055, 0.4449 0.169 0.1969, 0.4449 0.169 0.2953, 0.4961 0.5548 0.063, 0.5 0.5548 0.063, 0.4961 0.5548 0.0315, 0.5 0.5548 0.0315, 0.5 0.3225 0.1654, 0.5 0.2634 0.2244, 0.563 0.3225 0.1654, 0.563 0.2634 0.2244, 0.5 0.2291 0.4055, 0.563 0.2291 0.4055, 0.5 0.169 0.4055, 0.563 0.169 0.4055, 0.5 0.169 0.2953, 0.5 0.169 0.1969, 0.563 0.169 0.2953, 0.563 0.169 0.1969, 0.6181 0.6217 0.1654, 0.6181 0.6217 0.0591, 0.6181 0.3225 0.1654, 0.6181 0.169 0.0591, 0.6181 0.2634 0.2244, 0.6181 0.169 0.4055, 0.6181 0.2291 0.4055, 0.6181 0.169 0.2953, 0.6181 0.169 0.1969, 0.563 0.6217 0.0591, 0.563 0.6217 0.1654, 0.563 0.169 0.0591, 0.5 0.6217 0.1654, 0.6811 0.6217 0.1654, 0.6811 0.3225 0.1654, 0.6811 0.2634 0.2244, 0.6811 0.2291 0.4055, 0.6811 0.169 0.4055, 0.6811 0.169 0.1969, 0.6811 0.169 0.2953, 0.7323 0.5548 0.063, 0.7362 0.5548 0.063, 0.7323 0.5548 0.0315, 0.7362 0.5548 0.0315, 0.7362 0.3225 0.1654, 0.7362 0.2634 0.2244, 0.7992 0.3225 0.1654, 0.7992 0.2634 0.2244, 0.7362 0.2291 0.4055, 0.7992 0.2291 0.4055, 0.7362 0.169 0.4055, 0.7992 0.169 0.4055, 0.7362 0.169 0.2953, 0.7362 0.169 0.1969, 0.7992 0.169 0.2953, 0.7992 0.169 0.1969, 0.8543 0.6217 0.1654, 0.8543 0.6217 0.0591, 0.8543 0.3225 0.1654, 0.8543 0.169 0.0591, 0.8543 0.2634 0.2244, 0.8543 0.169 0.4055, 0.8543 0.2291 0.4055, 0.8543 0.169 0.2953, 0.8543 0.169 0.1969, 0.7992 0.6217 0.0591, 0.7992 0.6217 0.1654, 0.7992 0.169 0.0591, 0.7362 0.6217 0.1654, 0.9173 0.6217 0.1654, 0.9173 0.3225 0.1654, 0.9173 0.2634 0.2244, 0.9173 0.2291 0.4055, 0.9173 0.169 0.4055, 0.9173 0.169 0.1969, 0.9173 0.169 0.2953, 0.9685 0.5548 0.063, 0.9724 0.5548 0.063, 0.9685 0.5548 0.0315, 0.9724 0.5548 0.0315, 0.9724 0.3225 0.1654, 0.9724 0.2634 0.2244, 1.0354 0.3225 0.1654, 1.0354 0.2634 0.2244, 0.9724 0.2291 0.4055, 1.0354 0.2291 0.4055, 0.9724 0.169 0.4055, 1.0354 0.169 0.4055, 0.9724 0.169 0.2953, 0.9724 0.169 0.1969, 1.0354 0.169 0.2953, 1.0354 0.169 0.1969, 1.0906 0.6217 0.1654, 1.0906 0.6217 0.0591, 1.0906 0.3225 0.1654, 1.0906 0.169 0.0591, 1.0906 0.2634 0.2244, 1.0906 0.169 0.4055, 1.0906 0.2291 0.4055, 1.0906 0.169 0.2953, 1.0906 0.169 0.1969, 1.0354 0.6217 0.0591, 1.0354 0.6217 0.1654, 1.0354 0.169 0.0591, 0.9724 0.6217 0.1654, 1.1535 0.6217 0.1654, 1.1535 0.3225 0.1654, 1.1535 0.2634 0.2244, 1.1535 0.2291 0.4055, 1.1535 0.169 0.4055, 1.1535 0.169 0.1969, 1.1535 0.169 0.2953, 1.2047 0.5548 0.063, 1.2087 0.5548 0.063, 1.2047 0.5548 0.0315, 1.2087 0.5548 0.0315, 1.2087 0.3225 0.1654, 1.2087 0.2634 0.2244, 1.2717 0.3225 0.1654, 1.2717 0.2634 0.2244, 1.2087 0.2291 0.4055, 1.2717 0.2291 0.4055, 1.2087 0.169 0.4055, 1.2717 0.169 0.4055, 1.2087 0.169 0.2953, 1.2087 0.169 0.1969, 1.2717 0.169 0.2953, 1.2717 0.169 0.1969, 1.5236 0.6217 0.0591, 1.5236 0.6217 0.1654, 1.5236 0.7004 0.1654, 1.5709 0.7004 0.1654, 1.5709 0.3225 0.1654, 1.5709 0.3697 0.1654, 1.3268 0.3225 0.1654, 1.4567 0.3697 0.1654, 1.3268 0.6217 0.1654, 1.4567 0.4407 0.1654, 1.5709 0.4407 0.1654, 1.3268 0.6217 0.0591, 1.3268 0.169 0.0591, 1.3268 0.2634 0.2244, 1.3268 0.169 0.4055, 1.3268 0.2291 0.4055, 1.3268 0.169 0.2953, 1.3268 0.169 0.1969, 1.2717 0.6217 0.0591, 1.2717 0.6217 0.1654, 1.2717 0.169 0.0591, 1.2087 0.6217 0.1654, 1.5551 -0.5673 0.4528, 1.5551 -0.5673 0.0591, 1.5551 0.6217 0.0591, 1.5 -0.6185 0.4055, 1.5 -0.6578 0.4055, 1.5551 -0.6185 0.4055, 1.5551 -0.6578 0.4055, 1.5 -0.6578 0.3937, 1.5 -0.6185 0.3937, 1.4488 -0.6578 0.3425, 1.4488 -0.6578 0.1654, 1.3228 -0.5318 0.0394, 1.3268 -0.5318 0.0394, 1.3228 -0.5318 0.0591, 1.3268 -0.5318 0.0591, 1.3465 -0.6578 0.1654, 1.3268 -0.6381 0.185, 1.3268 -0.6263 0.1969, 1.1102 -0.6578 0.1654, 1.252 -0.6578 0.1654, 1.0906 -0.6381 0.185, 1.2717 -0.6381 0.185, 1.0906 -0.6263 0.1969, 1.2717 -0.6263 0.1969, 1.2717 -0.6381 0.0394, 1.252 -0.6578 0.0118, 1.1102 -0.6578 0.0118, 1.0906 -0.6381 0.0394, 0.874 -0.6578 0.1654, 1.0157 -0.6578 0.1654, 0.8543 -0.6381 0.185, 1.0354 -0.6381 0.185, 0.8543 -0.6263 0.1969, 1.0354 -0.6263 0.1969, 1.0354 -0.6381 0.0394, 1.0157 -0.6578 0.0118, 0.874 -0.6578 0.0118, 0.8543 -0.6381 0.0394, 0.7992 -0.6263 0.1969, 0.6181 -0.6263 0.1969, 0.6181 -0.6381 0.185, 0.6378 -0.6578 0.1654, 0.7795 -0.6578 0.1654, 0.7992 -0.6381 0.185, 0.7992 -0.6381 0.0394, 0.7795 -0.6578 0.0118, 0.6378 -0.6578 0.0118, 0.6181 -0.6381 0.0394, 0.4016 -0.6578 0.1654, 0.5433 -0.6578 0.1654, 0.3819 -0.6381 0.185, 0.563 -0.6381 0.185, 0.3819 -0.6263 0.1969, 0.563 -0.6263 0.1969, 0.563 -0.6381 0.0394, 0.5433 -0.6578 0.0118, 0.4016 -0.6578 0.0118, 0.3819 -0.6381 0.0394, 0.3268 -0.6263 0.1969, 0.1457 -0.6263 0.1969, 0.1457 -0.6381 0.185, 0.1654 -0.6578 0.1654, 0.3071 -0.6578 0.1654, 0.3268 -0.6381 0.185, 0.3268 -0.6381 0.0394, 0.3071 -0.6578 0.0118, 0.1654 -0.6578 0.0118, 0.1457 -0.6381 0.0394, 0.0906 -0.6263 0.1969, -0.0906 -0.6263 0.1969, -0.0906 -0.6381 0.185, -0.0709 -0.6578 0.1654, 0.0709 -0.6578 0.1654, 0.0906 -0.6381 0.185, 0.0906 -0.6381 0.0394, 0.0709 -0.6578 0.0118, -0.0709 -0.6578 0.0118, -0.0906 -0.6381 0.0394, -0.1457 -0.6263 0.1969, -0.3268 -0.6263 0.1969, -0.3268 -0.6381 0.185, -0.3071 -0.6578 0.1654, -0.1654 -0.6578 0.1654, -0.1457 -0.6381 0.185, -0.1457 -0.6381 0.0394, -0.1654 -0.6578 0.0118, -0.3071 -0.6578 0.0118, -0.3268 -0.6381 0.0394, -0.3819 -0.6263 0.1969, -0.563 -0.6263 0.1969, -0.563 -0.6381 0.185, -0.5433 -0.6578 0.1654, -0.4016 -0.6578 0.1654, -0.3819 -0.6381 0.185, -0.3819 -0.6381 0.0394, -0.4016 -0.6578 0.0118, -0.5433 -0.6578 0.0118, -0.563 -0.6381 0.0394, -0.6181 -0.6263 0.1969, -0.7992 -0.6263 0.1969, -0.7992 -0.6381 0.185, -0.7795 -0.6578 0.1654, -0.6378 -0.6578 0.1654, -0.6181 -0.6381 0.185, -0.6181 -0.6381 0.0394, -0.6378 -0.6578 0.0118, -0.7795 -0.6578 0.0118, -0.7992 -0.6381 0.0394, -0.8543 -0.6263 0.1969, -1.0354 -0.6263 0.1969, -1.0354 -0.6381 0.185, -1.0157 -0.6578 0.1654, -0.874 -0.6578 0.1654, -0.8543 -0.6381 0.185, -0.8543 -0.6381 0.0394, -0.874 -0.6578 0.0118, -1.0157 -0.6578 0.0118, -1.0354 -0.6381 0.0394, -1.0906 -0.6263 0.1969, -1.2717 -0.6263 0.1969, -1.2717 -0.6381 0.185, -1.252 -0.6578 0.1654, -1.1102 -0.6578 0.1654, -1.0906 -0.6381 0.185, -1.0906 -0.6381 0.0394, -1.1102 -0.6578 0.0118, -1.252 -0.6578 0.0118, -1.2717 -0.6381 0.0394, 1.2047 0.3422 0.063, 1.2087 0.3422 0.063, 1.1535 0.2359 0.0945, 1.1142 0.2359 0.0945, 1.1535 0.3422 0.0945, 1.1142 0.3422 0.0945, 1.2087 0.3422 0.0945, 1.248 0.3422 0.0945, 1.2087 0.2359 0.0945, 1.248 0.2359 0.0945, 1.2047 0.169 0.063, 1.2087 0.169 0.063, 1.2047 0.2359 0.063, 1.2087 0.2359 0.063, 1.3228 -0.1224 0.0591, 1.3268 -0.1224 0.0591, 1.1535 -0.3232 0.0945, 1.1535 -0.3232 0.1969, 1.1535 -0.3625 0.0945, 1.1535 -0.3625 0.063, 1.1535 -0.6578 0.063, 1.1535 -0.6578 0.122, 1.0906 -0.1224 0.0591, 1.0906 -0.2838 0.0591, 1.0906 -0.1224 0.1969, 1.0906 -0.2838 0.0945, 1.0906 -0.5791 0.1969, 1.0906 -0.3625 0.0945, 1.0906 -0.3625 0.0591, 1.2717 -0.5791 0.1969, 1.2717 -0.5318 0.0591, 1.2717 -0.3625 0.0591, 1.2717 -0.3625 0.0945, 1.2717 -0.2838 0.0591, 1.2717 -0.1224 0.0591, 1.2717 -0.2838 0.0945, 1.2717 -0.1224 0.1969, 1.2717 -0.5318 0.0394, 1.2047 -0.3232 0.0945, 1.2047 -0.2838 0.0945, 1.2087 -0.3232 0.0945, 1.2087 -0.3625 0.0945, 1.2087 -0.6578 0.063, 1.2087 -0.6578 0.122, 1.2087 -0.3625 0.063, 1.2087 -0.3232 0.1969, 0.9685 0.3422 0.063, 0.9724 0.3422 0.063, 0.9173 0.2359 0.0945, 0.878 0.2359 0.0945, 0.9173 0.3422 0.0945, 0.878 0.3422 0.0945, 0.9724 0.3422 0.0945, 1.0118 0.3422 0.0945, 0.9724 0.2359 0.0945, 1.0118 0.2359 0.0945, 0.9685 0.169 0.063, 0.9724 0.169 0.063, 0.9685 0.2359 0.063, 0.9724 0.2359 0.063, 1.0866 -0.1224 0.0591, 0.9173 -0.3232 0.0945, 0.9173 -0.3232 0.1969, 0.9173 -0.3625 0.0945, 0.9173 -0.3625 0.063, 0.9173 -0.6578 0.063, 0.9173 -0.6578 0.122, 0.8543 -0.1224 0.0591, 0.8543 -0.2838 0.0591, 0.8543 -0.1224 0.1969, 0.8543 -0.2838 0.0945, 0.8543 -0.5791 0.1969, 0.8543 -0.3625 0.0945, 0.8543 -0.3625 0.0591, 1.0354 -0.5791 0.1969, 1.0354 -0.5318 0.0591, 1.0354 -0.3625 0.0591, 1.0354 -0.3625 0.0945, 1.0354 -0.2838 0.0591, 1.0354 -0.1224 0.0591, 1.0354 -0.2838 0.0945, 1.0354 -0.1224 0.1969, 1.0354 -0.5318 0.0394, 0.9685 -0.3232 0.0945, 0.9685 -0.2838 0.0945, 0.9724 -0.3232 0.0945, 0.9724 -0.3625 0.0945, 0.9724 -0.6578 0.063, 0.9724 -0.6578 0.122, 0.9724 -0.3625 0.063, 0.9724 -0.3232 0.1969, 0.7323 0.3422 0.063, 0.7362 0.3422 0.063, 0.6811 0.2359 0.0945, 0.6417 0.2359 0.0945, 0.6811 0.3422 0.0945, 0.6417 0.3422 0.0945, 0.7362 0.3422 0.0945, 0.7756 0.3422 0.0945, 0.7362 0.2359 0.0945, 0.7756 0.2359 0.0945, 0.7323 0.169 0.063, 0.7362 0.169 0.063, 0.7323 0.2359 0.063, 0.7362 0.2359 0.063, 0.8504 -0.1224 0.0591, 0.6811 -0.3232 0.0945, 0.6811 -0.3232 0.1969, 0.6811 -0.3625 0.0945, 0.6811 -0.3625 0.063, 0.6811 -0.6578 0.063, 0.6811 -0.6578 0.122, 0.6181 -0.1224 0.0591, 0.6181 -0.2838 0.0591, 0.6181 -0.1224 0.1969, 0.6181 -0.2838 0.0945, 0.6181 -0.5791 0.1969, 0.6181 -0.3625 0.0945, 0.6181 -0.3625 0.0591, 0.7992 -0.5791 0.1969, 0.7992 -0.5318 0.0591, 0.7992 -0.3625 0.0591, 0.7992 -0.3625 0.0945, 0.7992 -0.2838 0.0591, 0.7992 -0.1224 0.0591, 0.7992 -0.2838 0.0945, 0.7992 -0.1224 0.1969, 0.7992 -0.5318 0.0394, 0.7323 -0.3232 0.0945, 0.7323 -0.2838 0.0945, 0.7362 -0.3232 0.0945, 0.7362 -0.3625 0.0945, 0.7362 -0.6578 0.063, 0.7362 -0.6578 0.122, 0.7362 -0.3625 0.063, 0.7362 -0.3232 0.1969, 0.4961 0.3422 0.063, 0.5 0.3422 0.063, 0.4449 0.2359 0.0945, 0.4055 0.2359 0.0945, 0.4449 0.3422 0.0945, 0.4055 0.3422 0.0945, 0.5 0.3422 0.0945, 0.5394 0.3422 0.0945, 0.5 0.2359 0.0945, 0.5394 0.2359 0.0945, 0.4961 0.169 0.063, 0.5 0.169 0.063, 0.4961 0.2359 0.063, 0.5 0.2359 0.063, 0.6142 -0.1224 0.0591, 0.4449 -0.3232 0.0945, 0.4449 -0.3232 0.1969, 0.4449 -0.3625 0.0945, 0.4449 -0.3625 0.063, 0.4449 -0.6578 0.063, 0.4449 -0.6578 0.122, 0.3819 -0.1224 0.0591, 0.3819 -0.2838 0.0591, 0.3819 -0.1224 0.1969, 0.3819 -0.2838 0.0945, 0.3819 -0.5791 0.1969, 0.3819 -0.3625 0.0945, 0.3819 -0.3625 0.0591, 0.563 -0.5791 0.1969, 0.563 -0.5318 0.0591, 0.563 -0.3625 0.0591, 0.563 -0.3625 0.0945, 0.563 -0.2838 0.0591, 0.563 -0.1224 0.0591, 0.563 -0.2838 0.0945, 0.563 -0.1224 0.1969, 0.563 -0.5318 0.0394, 0.4961 -0.3232 0.0945, 0.4961 -0.2838 0.0945, 0.5 -0.3232 0.0945, 0.5 -0.3625 0.0945, 0.5 -0.6578 0.063, 0.5 -0.6578 0.122, 0.5 -0.3625 0.063, 0.5 -0.3232 0.1969, 0.2598 0.3422 0.063, 0.2638 0.3422 0.063, 0.2087 0.2359 0.0945, 0.1693 0.2359 0.0945, 0.2087 0.3422 0.0945, 0.1693 0.3422 0.0945, 0.2638 0.3422 0.0945, 0.3031 0.3422 0.0945, 0.2638 0.2359 0.0945, 0.3031 0.2359 0.0945, 0.2598 0.169 0.063, 0.2638 0.169 0.063, 0.2598 0.2359 0.063, 0.2638 0.2359 0.063, 0.378 -0.1224 0.0591, 0.2087 -0.3232 0.0945, 0.2087 -0.3232 0.1969, 0.2087 -0.3625 0.0945, 0.2087 -0.3625 0.063, 0.2087 -0.6578 0.063, 0.2087 -0.6578 0.122, 0.1457 -0.1224 0.0591, 0.1457 -0.2838 0.0591, 0.1457 -0.1224 0.1969, 0.1457 -0.2838 0.0945, 0.1457 -0.5791 0.1969, 0.1457 -0.3625 0.0945, 0.1457 -0.3625 0.0591, 0.3268 -0.5791 0.1969, 0.3268 -0.5318 0.0591, 0.3268 -0.3625 0.0591, 0.3268 -0.3625 0.0945, 0.3268 -0.2838 0.0591, 0.3268 -0.1224 0.0591, 0.3268 -0.2838 0.0945, 0.3268 -0.1224 0.1969, 0.3268 -0.5318 0.0394, 0.2598 -0.3232 0.0945, 0.2598 -0.2838 0.0945, 0.2638 -0.3232 0.0945, 0.2638 -0.3625 0.0945, 0.2638 -0.6578 0.063, 0.2638 -0.6578 0.122, 0.2638 -0.3625 0.063, 0.2638 -0.3232 0.1969, 0.0236 0.3422 0.063, 0.0276 0.3422 0.063, -0.0276 0.2359 0.0945, -0.0669 0.2359 0.0945, -0.0276 0.3422 0.0945, -0.0669 0.3422 0.0945, 0.0276 0.3422 0.0945, 0.0669 0.3422 0.0945, 0.0276 0.2359 0.0945, 0.0669 0.2359 0.0945, 0.0236 0.169 0.063, 0.0276 0.169 0.063, 0.0236 0.2359 0.063, 0.0276 0.2359 0.063, 0.1417 -0.1224 0.0591, -0.0276 -0.3232 0.0945, -0.0276 -0.3232 0.1969, -0.0276 -0.3625 0.0945, -0.0276 -0.3625 0.063, -0.0276 -0.6578 0.063, -0.0276 -0.6578 0.122, -0.0906 -0.1224 0.0591, -0.0906 -0.2838 0.0591, -0.0906 -0.1224 0.1969, -0.0906 -0.2838 0.0945, -0.0906 -0.5791 0.1969, -0.0906 -0.3625 0.0945, -0.0906 -0.3625 0.0591, 0.0906 -0.5791 0.1969, 0.0906 -0.5318 0.0591, 0.0906 -0.3625 0.0591, 0.0906 -0.3625 0.0945, 0.0906 -0.2838 0.0591, 0.0906 -0.1224 0.0591, 0.0906 -0.2838 0.0945, 0.0906 -0.1224 0.1969, 0.0906 -0.5318 0.0394, 0.0236 -0.3232 0.0945, 0.0236 -0.2838 0.0945, 0.0276 -0.3232 0.0945, 0.0276 -0.3625 0.0945, 0.0276 -0.6578 0.063, 0.0276 -0.6578 0.122, 0.0276 -0.3625 0.063, 0.0276 -0.3232 0.1969, -0.2126 0.3422 0.063, -0.2087 0.3422 0.063, -0.2638 0.2359 0.0945, -0.3031 0.2359 0.0945, -0.2638 0.3422 0.0945, -0.3031 0.3422 0.0945, -0.2087 0.3422 0.0945, -0.1693 0.3422 0.0945, -0.2087 0.2359 0.0945, -0.1693 0.2359 0.0945, -0.2126 0.169 0.063, -0.2087 0.169 0.063, -0.2126 0.2359 0.063, -0.2087 0.2359 0.063, -0.0945 -0.1224 0.0591, -0.2638 -0.3232 0.0945, -0.2638 -0.3232 0.1969, -0.2638 -0.3625 0.0945, -0.2638 -0.3625 0.063, -0.2638 -0.6578 0.063, -0.2638 -0.6578 0.122, -0.3268 -0.1224 0.0591, -0.3268 -0.2838 0.0591, -0.3268 -0.1224 0.1969, -0.3268 -0.2838 0.0945, -0.3268 -0.5791 0.1969, -0.3268 -0.3625 0.0945, -0.3268 -0.3625 0.0591, -0.1457 -0.5791 0.1969, -0.1457 -0.5318 0.0591, -0.1457 -0.3625 0.0591, -0.1457 -0.3625 0.0945, -0.1457 -0.2838 0.0591, -0.1457 -0.1224 0.0591, -0.1457 -0.2838 0.0945, -0.1457 -0.1224 0.1969, -0.1457 -0.5318 0.0394, -0.2126 -0.3232 0.0945, -0.2126 -0.2838 0.0945, -0.2087 -0.3232 0.0945, -0.2087 -0.3625 0.0945, -0.2087 -0.6578 0.063, -0.2087 -0.6578 0.122, -0.2087 -0.3625 0.063, -0.2087 -0.3232 0.1969, -0.4488 0.3422 0.063, -0.4449 0.3422 0.063, -0.5 0.2359 0.0945, -0.5394 0.2359 0.0945, -0.5 0.3422 0.0945, -0.5394 0.3422 0.0945, -0.4449 0.3422 0.0945, -0.4055 0.3422 0.0945, -0.4449 0.2359 0.0945, -0.4055 0.2359 0.0945, -0.4488 0.169 0.063, -0.4449 0.169 0.063, -0.4488 0.2359 0.063, -0.4449 0.2359 0.063, -0.3307 -0.1224 0.0591, -0.5 -0.3232 0.0945, -0.5 -0.3232 0.1969, -0.5 -0.3625 0.0945, -0.5 -0.3625 0.063, -0.5 -0.6578 0.063, -0.5 -0.6578 0.122, -0.563 -0.1224 0.0591, -0.563 -0.2838 0.0591, -0.563 -0.1224 0.1969, -0.563 -0.2838 0.0945, -0.563 -0.5791 0.1969, -0.563 -0.3625 0.0945, -0.563 -0.3625 0.0591, -0.3819 -0.5791 0.1969, -0.3819 -0.5318 0.0591, -0.3819 -0.3625 0.0591, -0.3819 -0.3625 0.0945, -0.3819 -0.2838 0.0591, -0.3819 -0.1224 0.0591, -0.3819 -0.2838 0.0945, -0.3819 -0.1224 0.1969, -0.3819 -0.5318 0.0394, -0.4488 -0.3232 0.0945, -0.4488 -0.2838 0.0945, -0.4449 -0.3232 0.0945, -0.4449 -0.3625 0.0945, -0.4449 -0.6578 0.063, -0.4449 -0.6578 0.122, -0.4449 -0.3625 0.063, -0.4449 -0.3232 0.1969, -0.685 0.3422 0.063, -0.6811 0.3422 0.063, -0.7362 0.2359 0.0945, -0.7756 0.2359 0.0945, -0.7362 0.3422 0.0945, -0.7756 0.3422 0.0945, -0.6811 0.3422 0.0945, -0.6417 0.3422 0.0945, -0.6811 0.2359 0.0945, -0.6417 0.2359 0.0945, -0.685 0.169 0.063, -0.6811 0.169 0.063, -0.685 0.2359 0.063, -0.6811 0.2359 0.063, -0.5669 -0.1224 0.0591, -0.7362 -0.3232 0.0945, -0.7362 -0.3232 0.1969, -0.7362 -0.3625 0.0945, -0.7362 -0.3625 0.063, -0.7362 -0.6578 0.063, -0.7362 -0.6578 0.122, -0.7992 -0.1224 0.0591, -0.7992 -0.2838 0.0591, -0.7992 -0.1224 0.1969, -0.7992 -0.2838 0.0945, -0.7992 -0.5791 0.1969, -0.7992 -0.3625 0.0945, -0.7992 -0.3625 0.0591, -0.6181 -0.5791 0.1969, -0.6181 -0.5318 0.0591, -0.6181 -0.3625 0.0591, -0.6181 -0.3625 0.0945, -0.6181 -0.2838 0.0591, -0.6181 -0.1224 0.0591, -0.6181 -0.2838 0.0945, -0.6181 -0.1224 0.1969, -0.6181 -0.5318 0.0394, -0.685 -0.3232 0.0945, -0.685 -0.2838 0.0945, -0.6811 -0.3232 0.0945, -0.6811 -0.3625 0.0945, -0.6811 -0.6578 0.063, -0.6811 -0.6578 0.122, -0.6811 -0.3625 0.063, -0.6811 -0.3232 0.1969, -0.9213 0.3422 0.063, -0.9173 0.3422 0.063, -0.9724 0.2359 0.0945, -1.0118 0.2359 0.0945, -0.9724 0.3422 0.0945, -1.0118 0.3422 0.0945, -0.9173 0.3422 0.0945, -0.878 0.3422 0.0945, -0.9173 0.2359 0.0945, -0.878 0.2359 0.0945, -0.9213 0.169 0.063, -0.9173 0.169 0.063, -0.9213 0.2359 0.063, -0.9173 0.2359 0.063, -0.8031 -0.1224 0.0591, -0.9724 -0.3232 0.0945, -0.9724 -0.3232 0.1969, -0.9724 -0.3625 0.0945, -0.9724 -0.3625 0.063, -0.9724 -0.6578 0.063, -0.9724 -0.6578 0.122, -1.0354 -0.1224 0.0591, -1.0354 -0.2838 0.0591, -1.0354 -0.1224 0.1969, -1.0354 -0.2838 0.0945, -1.0354 -0.5791 0.1969, -1.0354 -0.3625 0.0945, -1.0354 -0.3625 0.0591, -0.8543 -0.5791 0.1969, -0.8543 -0.5318 0.0591, -0.8543 -0.3625 0.0591, -0.8543 -0.3625 0.0945, -0.8543 -0.2838 0.0591, -0.8543 -0.1224 0.0591, -0.8543 -0.2838 0.0945, -0.8543 -0.1224 0.1969, -0.8543 -0.5318 0.0394, -0.9213 -0.3232 0.0945, -0.9213 -0.2838 0.0945, -0.9173 -0.3232 0.0945, -0.9173 -0.3625 0.0945, -0.9173 -0.6578 0.063, -0.9173 -0.6578 0.122, -0.9173 -0.3625 0.063, -0.9173 -0.3232 0.1969, -1.1575 0.3422 0.063, -1.1535 0.3422 0.063, -1.2087 0.2359 0.0945, -1.248 0.2359 0.0945, -1.2087 0.3422 0.0945, -1.248 0.3422 0.0945, -1.1535 0.3422 0.0945, -1.1142 0.3422 0.0945, -1.1535 0.2359 0.0945, -1.1142 0.2359 0.0945, -1.1575 0.169 0.063, -1.1535 0.169 0.063, -1.1575 0.2359 0.063, -1.1535 0.2359 0.063, -1.0394 -0.1224 0.0591, -1.2717 -0.2838 0.0591, -1.2717 -0.1224 0.0591, -1.2756 -0.1224 0.0591, -1.2717 -0.3625 0.0591, -1.2087 -0.3232 0.0945, -1.2087 -0.3232 0.1969, -1.2087 -0.3625 0.0945, -1.2087 -0.3625 0.063, -1.2087 -0.6578 0.063, -1.2087 -0.6578 0.122, -1.2717 -0.1224 0.1969, -1.2717 -0.2838 0.0945, -1.2717 -0.5791 0.1969, -1.2717 -0.3625 0.0945, -1.0906 -0.5791 0.1969, -1.0906 -0.5318 0.0591, -1.0906 -0.3625 0.0591, -1.0906 -0.3625 0.0945, -1.0906 -0.2838 0.0591, -1.0906 -0.1224 0.0591, -1.0906 -0.2838 0.0945, -1.0906 -0.1224 0.1969, -1.0906 -0.5318 0.0394, -1.1575 -0.3232 0.0945, -1.1575 -0.2838 0.0945, -1.1535 -0.3232 0.0945, -1.1535 -0.3625 0.0945, -1.1535 -0.6578 0.063, -1.1535 -0.6578 0.122, -1.1535 -0.3625 0.063, -1.1535 -0.3232 0.1969, -1.3268 -0.5318 0.0394, -1.3268 -0.5318 0.0591, -1.3268 -0.5791 0.1969, -1.3268 -0.1224 0.1969, -1.3268 -0.1224 0.0591, -1.3268 -0.4807 0.0118, -1.3268 -0.4807 0.0394, -1.3268 -0.5102 0.0118, -1.3268 -0.6381 0.0118, -1.3465 -0.6578 0.0118, -1.5551 -0.6578 0.0118, -1.5551 -0.6185 0.4528, -1.5551 -0.024 0.0118, -1.5551 0.6217 0.0118, -1.5551 -0.5102 0.0118, -1.2087 0.6217 0.0118, -1.2598 0.6217 0.0118, -1.2087 0.169 0.063, -1.2087 0.2359 0.063, -1.2087 0.3422 0.063, -1.2087 0.5548 0.063, -1.2087 0.5548 0.0315, -1.2087 0.5036 0.0118, -1.1535 0.6217 0.0118, -1.1535 0.5036 0.0118, -0.9724 0.6217 0.0118, -1.0236 0.6217 0.0118, -1.063 0.6217 0.0118, -0.9724 0.169 0.063, -0.9724 0.2359 0.063, -0.9724 0.3422 0.063, -0.9724 0.5548 0.063, -0.9724 0.5548 0.0315, -0.9724 0.5036 0.0118, -0.9173 0.6217 0.0118, -0.9173 0.5036 0.0118, -0.7362 0.6217 0.0118, -0.8268 0.6217 0.0118, -0.8661 0.6217 0.0118, -0.7362 0.169 0.063, -0.7362 0.2359 0.063, -0.7362 0.3422 0.063, -0.7362 0.5548 0.063, -0.7362 0.5548 0.0315, -0.7362 0.5036 0.0118, -0.6811 0.6217 0.0118, -0.6811 0.5036 0.0118, -0.5 0.6217 0.0118, -0.5906 0.6217 0.0118, -0.5512 0.6217 0.0118, -0.5 0.169 0.063, -0.5 0.2359 0.063, -0.5 0.3422 0.063, -0.5 0.5548 0.063, -0.5 0.5548 0.0315, -0.5 0.5036 0.0118, -0.4449 0.6217 0.0118, -0.4449 0.5036 0.0118, -0.2638 0.6217 0.0118, -0.3543 0.6217 0.0118, -0.315 0.6217 0.0118, -0.2638 0.169 0.063, -0.2638 0.2359 0.063, -0.2638 0.3422 0.063, -0.2638 0.5548 0.063, -0.2638 0.5548 0.0315, -0.2638 0.5036 0.0118, -0.2087 0.6217 0.0118, -0.2087 0.5036 0.0118, -0.0787 0.6217 0.0118, -0.0276 0.6217 0.0118, -0.0276 0.169 0.063, -0.0276 0.2359 0.063, -0.0276 0.3422 0.063, -0.0276 0.5548 0.063, -0.0276 0.5548 0.0315, -0.0276 0.5036 0.0118, 0.0276 0.6217 0.0118, 0.0276 0.5036 0.0118, 0.2087 0.6217 0.0118, 0.1575 0.6217 0.0118, 0.1181 0.6217 0.0118, 0.0787 0.6217 0.0118, 0.2087 0.169 0.063, 0.2087 0.2359 0.063, 0.2087 0.3422 0.063, 0.2087 0.5548 0.063, 0.2087 0.5548 0.0315, 0.2087 0.5036 0.0118, 0.2638 0.6217 0.0118, 0.2638 0.5036 0.0118, 0.315 0.6217 0.0118, 0.4449 0.6217 0.0118, 0.3543 0.6217 0.0118, 0.4449 0.169 0.063, 0.4449 0.2359 0.063, 0.4449 0.3422 0.063, 0.4449 0.5548 0.063, 0.4449 0.5548 0.0315, 0.4449 0.5036 0.0118, 0.5 0.6217 0.0118, 0.5 0.5036 0.0118, 0.6811 0.6217 0.0118, 0.6299 0.6217 0.0118, 0.5906 0.6217 0.0118, 0.6811 0.169 0.063, 0.6811 0.2359 0.063, 0.6811 0.3422 0.063, 0.6811 0.5548 0.063, 0.6811 0.5548 0.0315, 0.6811 0.5036 0.0118, 0.7362 0.6217 0.0118, 0.7362 0.5036 0.0118, 0.9173 0.6217 0.0118, 0.8661 0.6217 0.0118, 0.8268 0.6217 0.0118, 0.9173 0.169 0.063, 0.9173 0.2359 0.063, 0.9173 0.3422 0.063, 0.9173 0.5548 0.063, 0.9173 0.5548 0.0315, 0.9173 0.5036 0.0118, 0.9724 0.6217 0.0118, 0.9724 0.5036 0.0118, 1.1535 0.6217 0.0118, 1.063 0.6217 0.0118, 1.0236 0.6217 0.0118, 1.1535 0.169 0.063, 1.1535 0.2359 0.063, 1.1535 0.3422 0.063, 1.1535 0.5548 0.063, 1.1535 0.5548 0.0315, 1.1535 0.5036 0.0118, 1.2087 0.6217 0.0118, 1.2087 0.5036 0.0118, 1.5551 0.6217 0.0118, 1.5551 -0.6185 0.4528, 1.5551 -0.6578 0.0118, 1.5551 -0.024 0.0118, 1.5551 -0.5102 0.0118, 1.3465 -0.6578 0.0118, 1.3268 -0.6381 0.0118, 1.3268 -0.1224 0.1969, 1.3268 -0.5791 0.1969, 1.3268 -0.4807 0.0394, 1.3268 -0.4807 0.0118, 1.3268 -0.5102 0.0118, 1.252 -0.4807 0.0118, 1.2717 -0.4807 0.0394, 1.252 -0.5102 0.0118, 1.1102 -0.5102 0.0118, 1.1102 -0.4807 0.0118, 1.0906 -0.4807 0.0394, 1.063 -0.4807 0.0118, 1.0236 -0.4807 0.0118, 1.0354 -0.4807 0.0394, 1.0157 -0.4807 0.0118, 1.0157 -0.5102 0.0118, 0.874 -0.5102 0.0118, 0.874 -0.4807 0.0118, 0.8543 -0.4807 0.0394, 0.7992 -0.4807 0.0394, 0.7795 -0.4807 0.0118, 0.8268 -0.4807 0.0118, 0.8661 -0.4807 0.0118, 0.7795 -0.5102 0.0118, 0.6181 -0.4807 0.0394, 0.6378 -0.4807 0.0118, 0.6378 -0.5102 0.0118, 0.563 -0.4807 0.0394, 0.5433 -0.4807 0.0118, 0.5906 -0.4807 0.0118, 0.6299 -0.4807 0.0118, 0.5433 -0.5102 0.0118, 0.3819 -0.4807 0.0394, 0.4016 -0.4807 0.0118, 0.4016 -0.5102 0.0118, 0.3268 -0.4807 0.0394, 0.3071 -0.4807 0.0118, 0.315 -0.4807 0.0118, 0.3543 -0.4807 0.0118, 0.3071 -0.5102 0.0118, 0.1654 -0.5102 0.0118, 0.1654 -0.4807 0.0118, 0.1457 -0.4807 0.0394, 0.0709 -0.4807 0.0118, 0.0787 -0.4807 0.0118, 0.0906 -0.4807 0.0394, 0.1181 -0.4807 0.0118, 0.1575 -0.4807 0.0118, 0.0709 -0.5102 0.0118, -0.0906 -0.4807 0.0394, -0.0709 -0.4807 0.0118, -0.0709 -0.5102 0.0118, -0.1457 -0.4807 0.0394, -0.1654 -0.4807 0.0118, -0.0787 -0.4807 0.0118, -0.1654 -0.5102 0.0118, -0.3268 -0.4807 0.0394, -0.3071 -0.4807 0.0118, -0.3071 -0.5102 0.0118, -0.315 -0.4807 0.0118, -0.3819 -0.4807 0.0394, -0.4016 -0.4807 0.0118, -0.3543 -0.4807 0.0118, -0.4016 -0.5102 0.0118, -0.563 -0.4807 0.0394, -0.5433 -0.4807 0.0118, -0.5433 -0.5102 0.0118, -0.6181 -0.4807 0.0394, -0.6378 -0.4807 0.0118, -0.5906 -0.4807 0.0118, -0.5512 -0.4807 0.0118, -0.6378 -0.5102 0.0118, -0.7795 -0.5102 0.0118, -0.7795 -0.4807 0.0118, -0.7992 -0.4807 0.0394, -0.8268 -0.4807 0.0118, -0.8543 -0.4807 0.0394, -0.8661 -0.4807 0.0118, -0.874 -0.4807 0.0118, -0.874 -0.5102 0.0118, -1.0157 -0.5102 0.0118, -1.0157 -0.4807 0.0118, -1.0354 -0.4807 0.0394, -1.0906 -0.4807 0.0394, -1.1102 -0.4807 0.0118, -1.063 -0.4807 0.0118, -1.0236 -0.4807 0.0118, -1.1102 -0.5102 0.0118, -1.252 -0.5102 0.0118, -1.252 -0.4807 0.0118, -1.2717 -0.4807 0.0394, -1.2598 -0.4807 0.0118, 1.248 0.3422 0.0118, 1.248 0.2359 0.0118, 1.1142 0.3422 0.0118, 1.1575 0.3422 0.063, 1.1142 0.2359 0.0118, 1.1575 0.2359 0.063, 1.2717 -0.2838 0.0118, 1.2717 -0.3625 0.0118, 1.0906 -0.3625 0.0118, 1.0906 -0.2838 0.0118, 1.1575 -0.3625 0.063, 1.2047 -0.3625 0.063, 1.0118 0.3422 0.0118, 1.0118 0.2359 0.0118, 0.878 0.3422 0.0118, 0.9213 0.3422 0.063, 0.878 0.2359 0.0118, 0.9213 0.2359 0.063, 1.0354 -0.2838 0.0118, 1.0354 -0.3625 0.0118, 0.8543 -0.3625 0.0118, 0.8543 -0.2838 0.0118, 0.9213 -0.3625 0.063, 0.9685 -0.3625 0.063, 0.7756 0.3422 0.0118, 0.7756 0.2359 0.0118, 0.6417 0.3422 0.0118, 0.685 0.3422 0.063, 0.6417 0.2359 0.0118, 0.685 0.2359 0.063, 0.7992 -0.2838 0.0118, 0.7992 -0.3625 0.0118, 0.6181 -0.3625 0.0118, 0.6181 -0.2838 0.0118, 0.685 -0.3625 0.063, 0.7323 -0.3625 0.063, 0.5394 0.3422 0.0118, 0.5394 0.2359 0.0118, 0.4055 0.3422 0.0118, 0.4488 0.3422 0.063, 0.4055 0.2359 0.0118, 0.4488 0.2359 0.063, 0.563 -0.2838 0.0118, 0.563 -0.3625 0.0118, 0.3819 -0.3625 0.0118, 0.3819 -0.2838 0.0118, 0.4488 -0.3625 0.063, 0.4961 -0.3625 0.063, 0.3031 0.3422 0.0118, 0.3031 0.2359 0.0118, 0.1693 0.3422 0.0118, 0.2126 0.3422 0.063, 0.1693 0.2359 0.0118, 0.2126 0.2359 0.063, 0.3268 -0.2838 0.0118, 0.3268 -0.3625 0.0118, 0.1457 -0.3625 0.0118, 0.1457 -0.2838 0.0118, 0.2126 -0.3625 0.063, 0.2598 -0.3625 0.063, 0.0669 0.3422 0.0118, 0.0669 0.2359 0.0118, -0.0669 0.3422 0.0118, -0.0236 0.3422 0.063, -0.0669 0.2359 0.0118, -0.0236 0.2359 0.063, 0.0906 -0.2838 0.0118, 0.0906 -0.3625 0.0118, -0.0906 -0.3625 0.0118, -0.0906 -0.2838 0.0118, -0.0236 -0.3625 0.063, 0.0236 -0.3625 0.063, -0.1693 0.3422 0.0118, -0.1693 0.2359 0.0118, -0.3031 0.3422 0.0118, -0.2598 0.3422 0.063, -0.3031 0.2359 0.0118, -0.2598 0.2359 0.063, -0.1457 -0.2838 0.0118, -0.1457 -0.3625 0.0118, -0.3268 -0.3625 0.0118, -0.3268 -0.2838 0.0118, -0.2598 -0.3625 0.063, -0.2126 -0.3625 0.063, -0.4055 0.3422 0.0118, -0.4055 0.2359 0.0118, -0.5394 0.3422 0.0118, -0.4961 0.3422 0.063, -0.5394 0.2359 0.0118, -0.4961 0.2359 0.063, -0.3819 -0.2838 0.0118, -0.3819 -0.3625 0.0118, -0.563 -0.3625 0.0118, -0.563 -0.2838 0.0118, -0.4961 -0.3625 0.063, -0.4488 -0.3625 0.063, -0.6417 0.3422 0.0118, -0.6417 0.2359 0.0118, -0.7756 0.3422 0.0118, -0.7323 0.3422 0.063, -0.7756 0.2359 0.0118, -0.7323 0.2359 0.063, -0.6181 -0.2838 0.0118, -0.6181 -0.3625 0.0118, -0.7992 -0.3625 0.0118, -0.7992 -0.2838 0.0118, -0.7323 -0.3625 0.063, -0.685 -0.3625 0.063, -0.878 0.3422 0.0118, -0.878 0.2359 0.0118, -1.0118 0.3422 0.0118, -0.9685 0.3422 0.063, -1.0118 0.2359 0.0118, -0.9685 0.2359 0.063, -0.8543 -0.2838 0.0118, -0.8543 -0.3625 0.0118, -1.0354 -0.3625 0.0118, -1.0354 -0.2838 0.0118, -0.9685 -0.3625 0.063, -0.9213 -0.3625 0.063, -1.1142 0.3422 0.0118, -1.1142 0.2359 0.0118, -1.248 0.3422 0.0118, -1.2047 0.3422 0.063, -1.248 0.2359 0.0118, -1.2047 0.2359 0.063, -1.0906 -0.2838 0.0118, -1.0906 -0.3625 0.0118, -1.2717 -0.3625 0.0118, -1.2717 -0.2838 0.0118, -1.2047 -0.3625 0.063, -1.1575 -0.3625 0.063, 0.6299 -0.2838 0.0118, 0.6299 -0.024 0.0118, 0.1575 -0.3625 0.0118, -0.315 -0.2838 0.0118, -0.315 -0.024 0.0118, -0.5512 -0.2838 0.0118, -0.5512 -0.024 0.0118, -1.0236 -0.3625 0.0118, -0.8661 -0.3625 0.0118, -0.8268 -0.024 0.0118, -0.5906 -0.024 0.0118, -0.5512 -0.3625 0.0118, -0.3543 -0.024 0.0118, -0.315 -0.3625 0.0118, -0.0787 -0.024 0.0118, -0.0787 -0.3625 0.0118, 0.0787 -0.3625 0.0118, 0.315 -0.3625 0.0118, 0.3543 -0.024 0.0118, 0.5906 -0.024 0.0118, 0.6299 -0.3625 0.0118, 0.8268 -0.024 0.0118, 0.8661 -0.3625 0.0118, 1.0236 -0.3625 0.0118, 1.063 -0.024 0.0118, 1.0236 -0.024 0.0118, 0.8661 -0.024 0.0118, 0.315 -0.024 0.0118, 0.1575 -0.024 0.0118, 0.0787 -0.024 0.0118, -0.8661 -0.024 0.0118, -1.0236 -0.024 0.0118, -1.063 -0.024 0.0118, -1.2598 -0.024 0.0118, -1.2598 -0.2838 0.0118, -1.2598 -0.3625 0.0118, 1.0236 -0.2838 0.0118, 0.8661 -0.2838 0.0118, 0.1181 -0.024 0.0118, 0.1575 -0.2838 0.0118, 0.315 -0.2838 0.0118, 0.0787 -0.2838 0.0118, -0.0787 -0.2838 0.0118, -0.8661 -0.2838 0.0118, -1.0236 -0.2838 0.0118
            ]
        }
        coordIndex [
            0,1,2,-1,2,1,3,-1,3,4,2,-1,2,4,5,-1,2,5,6,-1,6,7,2,-1,2,7,8,-1,2,8,9,-1,10,11,12,-1,13,10,14,-1,14,10,12,-1,14,12,15,-1,15,12,16,-1,15,16,17,-1,17,16,18,-1,13,19,10,-1,10,19,20,-1,21,22,23,-1,23,22,24,-1,24,25,23,-1,23,25,20,-1,23,20,19,-1,26,27,28,-1,28,27,29,-1,30,31,32,-1,32,31,33,-1,34,35,36,-1,37,38,39,-1,40,33,41,-1,41,33,31,-1,41,31,42,-1,42,31,43,-1,42,43,44,-1,44,43,45,-1,30,32,36,-1,36,32,46,-1,36,46,34,-1,40,41,39,-1,39,41,47,-1,39,47,37,-1,2,9,48,-1,48,9,49,-1,50,41,51,-1,51,41,42,-1,51,42,52,-1,52,42,53,-1,52,53,54,-1,54,53,48,-1,54,48,55,-1,55,48,49,-1,21,23,29,-1,56,57,48,-1,53,14,15,-1,27,58,59,-1,48,53,56,-1,56,53,15,-1,56,15,59,-1,59,15,21,-1,59,21,27,-1,27,21,29,-1,60,61,62,-1,62,61,63,-1,62,63,64,-1,65,66,64,-1,64,66,62,-1,67,68,69,-1,69,68,70,-1,71,72,73,-1,73,72,74,-1,75,76,77,-1,77,76,78,-1,79,80,81,-1,81,80,82,-1,83,84,85,-1,85,84,86,-1,87,88,89,-1,89,88,90,-1,91,92,93,-1,93,92,94,-1,95,96,97,-1,97,96,98,-1,99,100,101,-1,101,100,102,-1,103,104,105,-1,105,104,106,-1,107,108,109,-1,109,108,110,-1,111,112,113,-1,113,112,114,-1,115,116,117,-1,117,116,118,-1,119,120,121,-1,121,120,122,-1,123,124,125,-1,125,124,126,-1,127,128,129,-1,129,128,130,-1,131,132,133,-1,133,132,134,-1,135,136,137,-1,137,136,138,-1,139,140,141,-1,141,140,142,-1,143,144,145,-1,145,144,146,-1,147,148,149,-1,149,148,150,-1,151,152,153,-1,153,152,154,-1,155,156,157,-1,157,156,158,-1,157,158,159,-1,159,158,160,-1,161,162,155,-1,155,162,156,-1,163,164,165,-1,165,164,162,-1,165,162,166,-1,166,162,161,-1,167,164,168,-1,168,164,163,-1,169,170,171,-1,171,170,172,-1,173,169,174,-1,174,169,171,-1,174,171,175,-1,175,171,176,-1,177,178,169,-1,173,179,169,-1,169,179,180,-1,169,180,177,-1,181,172,170,-1,181,170,182,-1,182,170,183,-1,182,183,184,-1,167,168,185,-1,185,168,186,-1,187,188,189,-1,189,188,190,-1,189,190,191,-1,192,193,194,-1,194,193,191,-1,194,191,195,-1,195,191,190,-1,196,197,198,-1,199,200,201,-1,201,200,202,-1,201,202,203,-1,203,202,196,-1,203,196,204,-1,204,196,198,-1,205,206,207,-1,207,206,202,-1,207,202,208,-1,208,202,200,-1,208,200,209,-1,209,200,210,-1,209,210,211,-1,211,210,212,-1,213,212,177,-1,177,212,210,-1,177,210,178,-1,214,187,215,-1,215,187,189,-1,216,215,191,-1,191,215,189,-1,217,216,193,-1,193,216,191,-1,218,217,192,-1,192,217,193,-1,219,220,195,-1,195,220,194,-1,221,222,223,-1,223,222,224,-1,225,226,227,-1,227,226,228,-1,226,229,228,-1,228,229,230,-1,229,231,230,-1,230,231,232,-1,233,234,235,-1,235,234,236,-1,237,238,239,-1,239,238,240,-1,239,240,241,-1,242,243,244,-1,244,243,241,-1,244,241,245,-1,245,241,240,-1,228,230,232,-1,246,247,248,-1,248,247,227,-1,248,227,236,-1,236,227,228,-1,236,228,235,-1,235,228,232,-1,225,227,249,-1,249,227,247,-1,250,237,251,-1,251,237,239,-1,252,251,241,-1,241,251,239,-1,253,252,243,-1,243,252,241,-1,254,253,242,-1,242,253,243,-1,255,256,245,-1,245,256,244,-1,257,258,259,-1,259,258,260,-1,261,262,263,-1,263,262,264,-1,262,265,264,-1,264,265,266,-1,265,267,266,-1,266,267,268,-1,269,270,271,-1,271,270,272,-1,273,274,275,-1,275,274,276,-1,275,276,277,-1,278,279,280,-1,280,279,277,-1,280,277,281,-1,281,277,276,-1,264,266,268,-1,282,283,284,-1,284,283,263,-1,284,263,272,-1,272,263,264,-1,272,264,271,-1,271,264,268,-1,261,263,285,-1,285,263,283,-1,286,273,287,-1,287,273,275,-1,288,287,277,-1,277,287,275,-1,289,288,279,-1,279,288,277,-1,290,289,278,-1,278,289,279,-1,291,292,281,-1,281,292,280,-1,293,294,295,-1,295,294,296,-1,297,298,299,-1,299,298,300,-1,298,301,300,-1,300,301,302,-1,301,303,302,-1,302,303,304,-1,305,306,307,-1,307,306,308,-1,309,310,311,-1,311,310,312,-1,311,312,313,-1,314,315,316,-1,316,315,313,-1,316,313,317,-1,317,313,312,-1,300,302,304,-1,318,319,320,-1,320,319,299,-1,320,299,308,-1,308,299,300,-1,308,300,307,-1,307,300,304,-1,297,299,321,-1,321,299,319,-1,322,309,323,-1,323,309,311,-1,324,323,313,-1,313,323,311,-1,325,324,315,-1,315,324,313,-1,326,325,314,-1,314,325,315,-1,327,328,317,-1,317,328,316,-1,329,330,331,-1,331,330,332,-1,333,334,335,-1,335,334,336,-1,334,337,336,-1,336,337,338,-1,337,339,338,-1,338,339,340,-1,341,342,343,-1,343,342,344,-1,345,346,347,-1,347,346,348,-1,347,348,349,-1,350,351,352,-1,352,351,349,-1,352,349,353,-1,353,349,348,-1,336,338,340,-1,354,355,356,-1,356,355,335,-1,356,335,344,-1,344,335,336,-1,344,336,343,-1,343,336,340,-1,333,335,357,-1,357,335,355,-1,358,345,359,-1,359,345,347,-1,360,359,349,-1,349,359,347,-1,361,360,351,-1,351,360,349,-1,362,361,350,-1,350,361,351,-1,363,364,353,-1,353,364,352,-1,365,366,367,-1,367,366,368,-1,369,370,371,-1,371,370,372,-1,370,373,372,-1,372,373,374,-1,373,375,374,-1,374,375,376,-1,377,378,379,-1,379,378,380,-1,381,382,383,-1,383,382,384,-1,383,384,385,-1,386,387,388,-1,388,387,385,-1,388,385,389,-1,389,385,384,-1,372,374,376,-1,390,391,392,-1,392,391,371,-1,392,371,380,-1,380,371,372,-1,380,372,379,-1,379,372,376,-1,369,371,393,-1,393,371,391,-1,394,381,395,-1,395,381,383,-1,396,395,385,-1,385,395,383,-1,397,396,387,-1,387,396,385,-1,398,397,386,-1,386,397,387,-1,399,400,389,-1,389,400,388,-1,401,402,403,-1,403,402,404,-1,405,406,407,-1,407,406,408,-1,406,409,408,-1,408,409,410,-1,409,411,410,-1,410,411,412,-1,413,414,415,-1,415,414,416,-1,417,418,419,-1,419,418,420,-1,419,420,421,-1,422,423,424,-1,424,423,421,-1,424,421,425,-1,425,421,420,-1,408,410,412,-1,426,427,428,-1,428,427,407,-1,428,407,416,-1,416,407,408,-1,416,408,415,-1,415,408,412,-1,405,407,429,-1,429,407,427,-1,430,417,431,-1,431,417,419,-1,432,431,421,-1,421,431,419,-1,433,432,423,-1,423,432,421,-1,434,433,422,-1,422,433,423,-1,435,436,425,-1,425,436,424,-1,437,438,439,-1,439,438,440,-1,441,442,443,-1,443,442,444,-1,442,445,444,-1,444,445,446,-1,445,447,446,-1,446,447,448,-1,449,450,451,-1,451,450,452,-1,453,454,455,-1,455,454,456,-1,455,456,457,-1,458,459,460,-1,460,459,457,-1,460,457,461,-1,461,457,456,-1,444,446,448,-1,462,463,464,-1,464,463,443,-1,464,443,452,-1,452,443,444,-1,452,444,451,-1,451,444,448,-1,441,443,465,-1,465,443,463,-1,466,453,467,-1,467,453,455,-1,468,467,457,-1,457,467,455,-1,469,468,459,-1,459,468,457,-1,470,469,458,-1,458,469,459,-1,471,472,461,-1,461,472,460,-1,473,474,475,-1,475,474,476,-1,477,478,479,-1,479,478,480,-1,478,481,480,-1,480,481,482,-1,481,483,482,-1,482,483,484,-1,485,486,487,-1,487,486,488,-1,489,490,491,-1,491,490,492,-1,491,492,493,-1,494,495,496,-1,496,495,493,-1,496,493,497,-1,497,493,492,-1,480,482,484,-1,498,499,500,-1,500,499,479,-1,500,479,488,-1,488,479,480,-1,488,480,487,-1,487,480,484,-1,477,479,501,-1,501,479,499,-1,502,489,503,-1,503,489,491,-1,504,503,493,-1,493,503,491,-1,505,504,495,-1,495,504,493,-1,506,505,494,-1,494,505,495,-1,507,508,497,-1,497,508,496,-1,509,510,511,-1,511,510,512,-1,513,514,515,-1,515,514,516,-1,514,517,516,-1,516,517,518,-1,517,519,518,-1,518,519,520,-1,521,522,523,-1,523,522,524,-1,525,526,527,-1,527,526,528,-1,527,528,529,-1,530,531,532,-1,532,531,529,-1,532,529,533,-1,533,529,528,-1,516,518,520,-1,534,535,536,-1,536,535,515,-1,536,515,524,-1,524,515,516,-1,524,516,523,-1,523,516,520,-1,513,515,537,-1,537,515,535,-1,538,525,539,-1,539,525,527,-1,540,539,529,-1,529,539,527,-1,541,540,531,-1,531,540,529,-1,542,541,530,-1,530,541,531,-1,543,544,533,-1,533,544,532,-1,545,546,547,-1,547,546,548,-1,549,550,551,-1,551,550,552,-1,550,553,552,-1,552,553,554,-1,553,555,554,-1,554,555,556,-1,557,558,559,-1,559,558,560,-1,561,562,563,-1,563,562,564,-1,563,564,565,-1,566,567,568,-1,568,567,565,-1,568,565,569,-1,569,565,564,-1,552,554,556,-1,570,571,572,-1,572,571,551,-1,572,551,560,-1,560,551,552,-1,560,552,559,-1,559,552,556,-1,549,551,573,-1,573,551,571,-1,574,561,575,-1,575,561,563,-1,576,575,565,-1,565,575,563,-1,577,576,567,-1,567,576,565,-1,578,577,566,-1,566,577,567,-1,579,580,569,-1,569,580,568,-1,581,582,583,-1,583,582,584,-1,585,586,587,-1,587,586,588,-1,586,589,588,-1,588,589,590,-1,589,591,590,-1,590,591,592,-1,593,594,595,-1,595,594,596,-1,28,597,26,-1,26,597,598,-1,26,598,599,-1,600,599,598,-1,601,602,603,-1,603,602,604,-1,603,604,605,-1,605,604,606,-1,605,606,598,-1,598,606,607,-1,598,607,600,-1,605,608,603,-1,603,608,609,-1,603,609,610,-1,611,612,613,-1,613,612,610,-1,613,610,614,-1,614,610,609,-1,588,590,592,-1,615,616,617,-1,617,616,587,-1,617,587,596,-1,596,587,588,-1,596,588,595,-1,595,588,592,-1,585,587,618,-1,618,587,616,-1,1,0,619,-1,1,619,45,-1,45,619,620,-1,45,620,44,-1,13,14,53,-1,44,620,42,-1,42,620,621,-1,597,28,621,-1,621,28,29,-1,53,42,13,-1,13,42,621,-1,13,621,19,-1,19,621,29,-1,19,29,23,-1,622,623,624,-1,624,623,625,-1,626,623,627,-1,627,623,622,-1,62,66,60,-1,60,66,628,-1,60,628,627,-1,627,628,626,-1,628,66,629,-1,629,66,65,-1,630,631,632,-1,632,631,633,-1,634,629,635,-1,635,629,65,-1,635,65,636,-1,637,638,639,-1,639,638,640,-1,639,640,641,-1,641,640,642,-1,643,640,644,-1,644,640,638,-1,645,637,646,-1,646,637,639,-1,647,648,649,-1,649,648,650,-1,649,650,651,-1,651,650,652,-1,653,650,654,-1,654,650,648,-1,655,647,656,-1,656,647,649,-1,657,658,659,-1,660,661,659,-1,659,661,662,-1,659,662,657,-1,663,662,664,-1,664,662,661,-1,665,660,666,-1,666,660,659,-1,667,668,669,-1,669,668,670,-1,669,670,671,-1,671,670,672,-1,673,670,674,-1,674,670,668,-1,675,667,676,-1,676,667,669,-1,677,678,679,-1,680,681,679,-1,679,681,682,-1,679,682,677,-1,683,682,684,-1,684,682,681,-1,685,680,686,-1,686,680,679,-1,687,688,689,-1,690,691,689,-1,689,691,692,-1,689,692,687,-1,693,692,694,-1,694,692,691,-1,695,690,696,-1,696,690,689,-1,697,698,699,-1,700,701,699,-1,699,701,702,-1,699,702,697,-1,703,702,704,-1,704,702,701,-1,705,700,706,-1,706,700,699,-1,707,708,709,-1,710,711,709,-1,709,711,712,-1,709,712,707,-1,713,712,714,-1,714,712,711,-1,715,710,716,-1,716,710,709,-1,717,718,719,-1,720,721,719,-1,719,721,722,-1,719,722,717,-1,723,722,724,-1,724,722,721,-1,725,720,726,-1,726,720,719,-1,727,728,729,-1,730,731,729,-1,729,731,732,-1,729,732,727,-1,733,732,734,-1,734,732,731,-1,735,730,736,-1,736,730,729,-1,737,738,739,-1,740,741,739,-1,739,741,742,-1,739,742,737,-1,743,742,744,-1,744,742,741,-1,745,740,746,-1,746,740,739,-1,747,748,581,-1,581,748,582,-1,749,750,751,-1,751,750,752,-1,753,754,755,-1,755,754,756,-1,757,758,759,-1,759,758,760,-1,632,633,761,-1,761,633,762,-1,763,764,765,-1,765,764,68,-1,765,68,766,-1,766,68,67,-1,766,67,767,-1,767,67,768,-1,72,646,74,-1,74,646,639,-1,769,770,771,-1,771,770,772,-1,771,772,773,-1,773,772,774,-1,774,775,773,-1,773,775,74,-1,773,74,641,-1,641,74,639,-1,776,642,640,-1,777,778,779,-1,780,781,782,-1,782,781,783,-1,782,783,779,-1,779,783,776,-1,779,776,777,-1,777,776,640,-1,777,640,784,-1,784,640,643,-1,785,786,787,-1,787,786,782,-1,787,782,788,-1,788,782,779,-1,789,790,791,-1,791,790,69,-1,791,69,788,-1,788,69,70,-1,788,70,787,-1,787,70,792,-1,793,794,545,-1,545,794,546,-1,795,796,797,-1,797,796,798,-1,799,800,801,-1,801,800,802,-1,803,804,805,-1,805,804,806,-1,770,769,807,-1,770,807,775,-1,775,807,73,-1,775,73,74,-1,808,809,810,-1,810,809,75,-1,810,75,811,-1,811,75,77,-1,811,77,812,-1,812,77,813,-1,80,656,82,-1,82,656,649,-1,814,815,816,-1,816,815,817,-1,816,817,818,-1,818,817,819,-1,819,820,818,-1,818,820,82,-1,818,82,651,-1,651,82,649,-1,821,652,650,-1,822,823,824,-1,825,826,827,-1,827,826,828,-1,827,828,824,-1,824,828,821,-1,824,821,822,-1,822,821,650,-1,822,650,829,-1,829,650,653,-1,830,831,832,-1,832,831,827,-1,832,827,833,-1,833,827,824,-1,834,835,836,-1,836,835,78,-1,836,78,833,-1,833,78,76,-1,833,76,832,-1,832,76,837,-1,838,839,509,-1,509,839,510,-1,840,841,842,-1,842,841,843,-1,844,845,846,-1,846,845,847,-1,848,849,850,-1,850,849,851,-1,815,814,852,-1,815,852,820,-1,820,852,81,-1,820,81,82,-1,853,854,855,-1,855,854,83,-1,855,83,856,-1,856,83,85,-1,856,85,857,-1,857,85,858,-1,88,666,90,-1,90,666,659,-1,859,860,861,-1,861,860,862,-1,861,862,863,-1,863,862,864,-1,864,865,863,-1,863,865,90,-1,863,90,658,-1,658,90,659,-1,866,657,662,-1,867,868,869,-1,870,871,872,-1,872,871,873,-1,872,873,869,-1,869,873,866,-1,869,866,867,-1,867,866,662,-1,867,662,874,-1,874,662,663,-1,875,876,877,-1,877,876,872,-1,877,872,878,-1,878,872,869,-1,879,880,881,-1,881,880,86,-1,881,86,878,-1,878,86,84,-1,878,84,877,-1,877,84,882,-1,883,884,473,-1,473,884,474,-1,885,886,887,-1,887,886,888,-1,889,890,891,-1,891,890,892,-1,893,894,895,-1,895,894,896,-1,860,859,897,-1,860,897,865,-1,865,897,89,-1,865,89,90,-1,898,899,900,-1,900,899,91,-1,900,91,901,-1,901,91,93,-1,901,93,902,-1,902,93,903,-1,96,676,98,-1,98,676,669,-1,904,905,906,-1,906,905,907,-1,906,907,908,-1,908,907,909,-1,909,910,908,-1,908,910,98,-1,908,98,671,-1,671,98,669,-1,911,672,670,-1,912,913,914,-1,915,916,917,-1,917,916,918,-1,917,918,914,-1,914,918,911,-1,914,911,912,-1,912,911,670,-1,912,670,919,-1,919,670,673,-1,920,921,922,-1,922,921,917,-1,922,917,923,-1,923,917,914,-1,924,925,926,-1,926,925,94,-1,926,94,923,-1,923,94,92,-1,923,92,922,-1,922,92,927,-1,928,929,437,-1,437,929,438,-1,930,931,932,-1,932,931,933,-1,934,935,936,-1,936,935,937,-1,938,939,940,-1,940,939,941,-1,905,904,942,-1,905,942,910,-1,910,942,97,-1,910,97,98,-1,943,944,945,-1,945,944,99,-1,945,99,946,-1,946,99,101,-1,946,101,947,-1,947,101,948,-1,104,686,106,-1,106,686,679,-1,949,950,951,-1,951,950,952,-1,951,952,953,-1,953,952,954,-1,954,955,953,-1,953,955,106,-1,953,106,678,-1,678,106,679,-1,956,677,682,-1,957,958,959,-1,960,961,962,-1,962,961,963,-1,962,963,959,-1,959,963,956,-1,959,956,957,-1,957,956,682,-1,957,682,964,-1,964,682,683,-1,965,966,967,-1,967,966,962,-1,967,962,968,-1,968,962,959,-1,969,970,971,-1,971,970,102,-1,971,102,968,-1,968,102,100,-1,968,100,967,-1,967,100,972,-1,973,974,401,-1,401,974,402,-1,975,976,977,-1,977,976,978,-1,979,980,981,-1,981,980,982,-1,983,984,985,-1,985,984,986,-1,950,949,987,-1,950,987,955,-1,955,987,105,-1,955,105,106,-1,988,989,990,-1,990,989,107,-1,990,107,991,-1,991,107,109,-1,991,109,992,-1,992,109,993,-1,112,696,114,-1,114,696,689,-1,994,995,996,-1,996,995,997,-1,996,997,998,-1,998,997,999,-1,999,1000,998,-1,998,1000,114,-1,998,114,688,-1,688,114,689,-1,1001,687,692,-1,1002,1003,1004,-1,1005,1006,1007,-1,1007,1006,1008,-1,1007,1008,1004,-1,1004,1008,1001,-1,1004,1001,1002,-1,1002,1001,692,-1,1002,692,1009,-1,1009,692,693,-1,1010,1011,1012,-1,1012,1011,1007,-1,1012,1007,1013,-1,1013,1007,1004,-1,1014,1015,1016,-1,1016,1015,110,-1,1016,110,1013,-1,1013,110,108,-1,1013,108,1012,-1,1012,108,1017,-1,1018,1019,365,-1,365,1019,366,-1,1020,1021,1022,-1,1022,1021,1023,-1,1024,1025,1026,-1,1026,1025,1027,-1,1028,1029,1030,-1,1030,1029,1031,-1,995,994,1032,-1,995,1032,1000,-1,1000,1032,113,-1,1000,113,114,-1,1033,1034,1035,-1,1035,1034,115,-1,1035,115,1036,-1,1036,115,117,-1,1036,117,1037,-1,1037,117,1038,-1,120,706,122,-1,122,706,699,-1,1039,1040,1041,-1,1041,1040,1042,-1,1041,1042,1043,-1,1043,1042,1044,-1,1044,1045,1043,-1,1043,1045,122,-1,1043,122,698,-1,698,122,699,-1,1046,697,702,-1,1047,1048,1049,-1,1050,1051,1052,-1,1052,1051,1053,-1,1052,1053,1049,-1,1049,1053,1046,-1,1049,1046,1047,-1,1047,1046,702,-1,1047,702,1054,-1,1054,702,703,-1,1055,1056,1057,-1,1057,1056,1052,-1,1057,1052,1058,-1,1058,1052,1049,-1,1059,1060,1061,-1,1061,1060,118,-1,1061,118,1058,-1,1058,118,116,-1,1058,116,1057,-1,1057,116,1062,-1,1063,1064,329,-1,329,1064,330,-1,1065,1066,1067,-1,1067,1066,1068,-1,1069,1070,1071,-1,1071,1070,1072,-1,1073,1074,1075,-1,1075,1074,1076,-1,1040,1039,1077,-1,1040,1077,1045,-1,1045,1077,121,-1,1045,121,122,-1,1078,1079,1080,-1,1080,1079,123,-1,1080,123,1081,-1,1081,123,125,-1,1081,125,1082,-1,1082,125,1083,-1,128,716,130,-1,130,716,709,-1,1084,1085,1086,-1,1086,1085,1087,-1,1086,1087,1088,-1,1088,1087,1089,-1,1089,1090,1088,-1,1088,1090,130,-1,1088,130,708,-1,708,130,709,-1,1091,707,712,-1,1092,1093,1094,-1,1095,1096,1097,-1,1097,1096,1098,-1,1097,1098,1094,-1,1094,1098,1091,-1,1094,1091,1092,-1,1092,1091,712,-1,1092,712,1099,-1,1099,712,713,-1,1100,1101,1102,-1,1102,1101,1097,-1,1102,1097,1103,-1,1103,1097,1094,-1,1104,1105,1106,-1,1106,1105,126,-1,1106,126,1103,-1,1103,126,124,-1,1103,124,1102,-1,1102,124,1107,-1,1108,1109,293,-1,293,1109,294,-1,1110,1111,1112,-1,1112,1111,1113,-1,1114,1115,1116,-1,1116,1115,1117,-1,1118,1119,1120,-1,1120,1119,1121,-1,1085,1084,1122,-1,1085,1122,1090,-1,1090,1122,129,-1,1090,129,130,-1,1123,1124,1125,-1,1125,1124,131,-1,1125,131,1126,-1,1126,131,133,-1,1126,133,1127,-1,1127,133,1128,-1,136,726,138,-1,138,726,719,-1,1129,1130,1131,-1,1131,1130,1132,-1,1131,1132,1133,-1,1133,1132,1134,-1,1134,1135,1133,-1,1133,1135,138,-1,1133,138,718,-1,718,138,719,-1,1136,717,722,-1,1137,1138,1139,-1,1140,1141,1142,-1,1142,1141,1143,-1,1142,1143,1139,-1,1139,1143,1136,-1,1139,1136,1137,-1,1137,1136,722,-1,1137,722,1144,-1,1144,722,723,-1,1145,1146,1147,-1,1147,1146,1142,-1,1147,1142,1148,-1,1148,1142,1139,-1,1149,1150,1151,-1,1151,1150,134,-1,1151,134,1148,-1,1148,134,132,-1,1148,132,1147,-1,1147,132,1152,-1,1153,1154,257,-1,257,1154,258,-1,1155,1156,1157,-1,1157,1156,1158,-1,1159,1160,1161,-1,1161,1160,1162,-1,1163,1164,1165,-1,1165,1164,1166,-1,1130,1129,1167,-1,1130,1167,1135,-1,1135,1167,137,-1,1135,137,138,-1,1168,1169,1170,-1,1170,1169,139,-1,1170,139,1171,-1,1171,139,141,-1,1171,141,1172,-1,1172,141,1173,-1,144,736,146,-1,146,736,729,-1,1174,1175,1176,-1,1176,1175,1177,-1,1176,1177,1178,-1,1178,1177,1179,-1,1179,1180,1178,-1,1178,1180,146,-1,1178,146,728,-1,728,146,729,-1,1181,727,732,-1,1182,1183,1184,-1,1185,1186,1187,-1,1187,1186,1188,-1,1187,1188,1184,-1,1184,1188,1181,-1,1184,1181,1182,-1,1182,1181,732,-1,1182,732,1189,-1,1189,732,733,-1,1190,1191,1192,-1,1192,1191,1187,-1,1192,1187,1193,-1,1193,1187,1184,-1,1194,1195,1196,-1,1196,1195,142,-1,1196,142,1193,-1,1193,142,140,-1,1193,140,1192,-1,1192,140,1197,-1,1198,1199,221,-1,221,1199,222,-1,1200,1201,1202,-1,1202,1201,1203,-1,1204,1205,1206,-1,1206,1205,1207,-1,1208,1209,1210,-1,1210,1209,1211,-1,1175,1174,1212,-1,1175,1212,1180,-1,1180,1212,145,-1,1180,145,146,-1,1213,1214,1215,-1,1213,1215,1216,-1,1216,1215,153,-1,1216,153,154,-1,1217,1218,1219,-1,1219,1218,147,-1,1219,147,1220,-1,1220,147,149,-1,1220,149,1221,-1,1221,149,1222,-1,152,746,154,-1,154,746,739,-1,1214,1213,1223,-1,1223,1213,1224,-1,1223,1224,1225,-1,1225,1224,1226,-1,1226,1216,1225,-1,1225,1216,154,-1,1225,154,738,-1,738,154,739,-1,1227,737,742,-1,1228,1229,1230,-1,1231,1232,1233,-1,1233,1232,1234,-1,1233,1234,1230,-1,1230,1234,1227,-1,1230,1227,1228,-1,1228,1227,742,-1,1228,742,1235,-1,1235,742,743,-1,1236,1237,1238,-1,1238,1237,1233,-1,1238,1233,1239,-1,1239,1233,1230,-1,1240,1241,1242,-1,1242,1241,150,-1,1242,150,1239,-1,1239,150,148,-1,1239,148,1238,-1,1238,148,1243,-1,1244,1245,160,-1,159,160,1246,-1,1246,160,1245,-1,1246,1245,1247,-1,1247,1245,1248,-1,1249,1250,1251,-1,1251,1250,1244,-1,1251,1244,1252,-1,1252,1244,160,-1,160,158,1252,-1,1252,158,1253,-1,1253,158,1254,-1,1254,158,156,-1,156,162,1254,-1,1254,162,164,-1,1254,164,185,-1,185,164,167,-1,1255,183,186,-1,186,183,170,-1,170,169,1256,-1,1256,169,1257,-1,185,186,1254,-1,1254,186,170,-1,1254,170,1258,-1,1258,170,1256,-1,210,200,178,-1,178,200,199,-1,187,214,188,-1,188,214,1259,-1,188,1259,199,-1,199,1259,1260,-1,199,1260,178,-1,178,1260,1257,-1,178,1257,169,-1,1261,1262,219,-1,219,1262,1200,-1,1202,1263,1264,-1,215,1202,214,-1,214,1202,1264,-1,214,1264,1259,-1,1259,1264,1265,-1,1259,1265,1266,-1,216,217,218,-1,218,220,216,-1,216,220,219,-1,216,219,215,-1,215,219,1200,-1,215,1200,1202,-1,222,249,224,-1,224,249,1267,-1,224,1267,1268,-1,222,1199,249,-1,249,1199,1204,-1,249,1204,225,-1,225,1204,1206,-1,225,1206,226,-1,231,229,233,-1,233,229,226,-1,233,226,234,-1,234,226,1206,-1,234,1206,1209,-1,1209,1206,1211,-1,238,237,250,-1,249,247,1267,-1,1267,247,246,-1,250,1269,238,-1,238,1269,1270,-1,238,1270,246,-1,246,1270,1271,-1,246,1271,1267,-1,1272,1273,255,-1,255,1273,1155,-1,1157,1274,1275,-1,251,1157,250,-1,250,1157,1275,-1,250,1275,1269,-1,1269,1275,1276,-1,1269,1276,1277,-1,252,253,254,-1,254,256,252,-1,252,256,255,-1,252,255,251,-1,251,255,1155,-1,251,1155,1157,-1,258,285,260,-1,260,285,1278,-1,260,1278,1279,-1,258,1154,285,-1,285,1154,1159,-1,285,1159,261,-1,261,1159,1161,-1,261,1161,262,-1,267,265,269,-1,269,265,262,-1,269,262,270,-1,270,262,1161,-1,270,1161,1164,-1,1164,1161,1166,-1,274,273,286,-1,285,283,1278,-1,1278,283,282,-1,286,1280,274,-1,274,1280,1281,-1,274,1281,282,-1,282,1281,1282,-1,282,1282,1278,-1,1283,1284,291,-1,291,1284,1110,-1,1112,1285,1286,-1,287,1112,286,-1,286,1112,1286,-1,286,1286,1280,-1,1280,1286,1287,-1,1280,1287,1288,-1,288,289,290,-1,290,292,288,-1,288,292,291,-1,288,291,287,-1,287,291,1110,-1,287,1110,1112,-1,294,321,296,-1,296,321,1289,-1,296,1289,1290,-1,294,1109,321,-1,321,1109,1114,-1,321,1114,297,-1,297,1114,1116,-1,297,1116,298,-1,303,301,305,-1,305,301,298,-1,305,298,306,-1,306,298,1116,-1,306,1116,1119,-1,1119,1116,1121,-1,309,322,310,-1,310,322,1291,-1,321,319,1289,-1,1289,319,318,-1,1289,318,1292,-1,1292,318,310,-1,1292,310,1293,-1,1293,310,1291,-1,1294,1295,327,-1,327,1295,1065,-1,1067,1296,1297,-1,323,1067,322,-1,322,1067,1297,-1,322,1297,1291,-1,1291,1297,1298,-1,1291,1298,1299,-1,324,325,326,-1,326,328,324,-1,324,328,327,-1,324,327,323,-1,323,327,1065,-1,323,1065,1067,-1,330,357,332,-1,332,357,1300,-1,332,1300,1301,-1,330,1064,357,-1,357,1064,1069,-1,357,1069,333,-1,333,1069,1071,-1,333,1071,334,-1,339,337,341,-1,341,337,334,-1,341,334,342,-1,342,334,1071,-1,342,1071,1074,-1,1074,1071,1076,-1,345,358,346,-1,346,358,1302,-1,357,355,1300,-1,1300,355,354,-1,1300,354,1303,-1,1303,354,346,-1,1303,346,1304,-1,1304,346,1302,-1,1305,1306,363,-1,363,1306,1020,-1,1022,1307,1308,-1,359,1022,358,-1,358,1022,1308,-1,358,1308,1302,-1,1302,1308,1309,-1,1302,1309,1310,-1,360,361,362,-1,362,364,360,-1,360,364,363,-1,360,363,359,-1,359,363,1020,-1,359,1020,1022,-1,366,393,368,-1,368,393,1311,-1,368,1311,1312,-1,366,1019,393,-1,393,1019,1024,-1,393,1024,369,-1,369,1024,1026,-1,369,1026,370,-1,375,373,377,-1,377,373,370,-1,377,370,378,-1,378,370,1026,-1,378,1026,1029,-1,1029,1026,1031,-1,382,381,394,-1,393,391,1311,-1,1311,391,390,-1,1311,390,1313,-1,1313,390,382,-1,1313,382,1314,-1,1314,382,394,-1,1315,1316,399,-1,399,1316,975,-1,977,1317,1318,-1,395,977,394,-1,394,977,1318,-1,394,1318,1314,-1,1314,1318,1319,-1,1314,1319,1320,-1,396,397,398,-1,398,400,396,-1,396,400,399,-1,396,399,395,-1,395,399,975,-1,395,975,977,-1,402,429,404,-1,404,429,1321,-1,404,1321,1322,-1,402,974,429,-1,429,974,979,-1,429,979,405,-1,405,979,981,-1,405,981,406,-1,411,409,413,-1,413,409,406,-1,413,406,414,-1,414,406,981,-1,414,981,984,-1,984,981,986,-1,429,427,1321,-1,1321,427,426,-1,417,430,418,-1,418,430,1323,-1,1323,1324,418,-1,418,1324,1325,-1,418,1325,426,-1,426,1325,1326,-1,426,1326,1321,-1,1327,1328,435,-1,435,1328,930,-1,932,1329,1330,-1,431,932,430,-1,430,932,1330,-1,430,1330,1323,-1,1323,1330,1331,-1,1323,1331,1332,-1,432,433,434,-1,434,436,432,-1,432,436,435,-1,432,435,431,-1,431,435,930,-1,431,930,932,-1,438,465,440,-1,440,465,1333,-1,440,1333,1334,-1,438,929,465,-1,465,929,934,-1,465,934,441,-1,441,934,936,-1,441,936,442,-1,447,445,449,-1,449,445,442,-1,449,442,450,-1,450,442,936,-1,450,936,939,-1,939,936,941,-1,465,463,1333,-1,1333,463,462,-1,1333,462,1335,-1,453,466,454,-1,454,466,1336,-1,454,1336,462,-1,462,1336,1337,-1,462,1337,1335,-1,1338,1339,471,-1,471,1339,885,-1,887,1340,1341,-1,467,887,466,-1,466,887,1341,-1,466,1341,1336,-1,1336,1341,1342,-1,1336,1342,1343,-1,468,469,470,-1,470,472,468,-1,468,472,471,-1,468,471,467,-1,467,471,885,-1,467,885,887,-1,474,501,476,-1,476,501,1344,-1,476,1344,1345,-1,474,884,501,-1,501,884,889,-1,501,889,477,-1,477,889,891,-1,477,891,478,-1,483,481,485,-1,485,481,478,-1,485,478,486,-1,486,478,891,-1,486,891,894,-1,894,891,896,-1,490,489,502,-1,501,499,1344,-1,1344,499,498,-1,502,1346,490,-1,490,1346,1347,-1,490,1347,498,-1,498,1347,1348,-1,498,1348,1344,-1,1349,1350,507,-1,507,1350,840,-1,842,1351,1352,-1,503,842,502,-1,502,842,1352,-1,502,1352,1346,-1,1346,1352,1353,-1,1346,1353,1354,-1,504,505,506,-1,506,508,504,-1,504,508,507,-1,504,507,503,-1,503,507,840,-1,503,840,842,-1,510,537,512,-1,512,537,1355,-1,512,1355,1356,-1,510,839,537,-1,537,839,844,-1,537,844,513,-1,513,844,846,-1,513,846,514,-1,519,517,521,-1,521,517,514,-1,521,514,522,-1,522,514,846,-1,522,846,849,-1,849,846,851,-1,526,525,538,-1,537,535,1355,-1,1355,535,534,-1,538,1357,526,-1,526,1357,1358,-1,526,1358,534,-1,534,1358,1359,-1,534,1359,1355,-1,1360,1361,543,-1,543,1361,795,-1,797,1362,1363,-1,539,797,538,-1,538,797,1363,-1,538,1363,1357,-1,1357,1363,1364,-1,1357,1364,1365,-1,540,541,542,-1,542,544,540,-1,540,544,543,-1,540,543,539,-1,539,543,795,-1,539,795,797,-1,546,573,548,-1,548,573,1366,-1,548,1366,1367,-1,546,794,573,-1,573,794,799,-1,573,799,549,-1,549,799,801,-1,549,801,550,-1,555,553,557,-1,557,553,550,-1,557,550,558,-1,558,550,801,-1,558,801,804,-1,804,801,806,-1,562,561,574,-1,573,571,1366,-1,1366,571,570,-1,574,1368,562,-1,562,1368,1369,-1,562,1369,570,-1,570,1369,1370,-1,570,1370,1366,-1,1371,1372,579,-1,579,1372,749,-1,751,1373,1374,-1,575,751,574,-1,574,751,1374,-1,574,1374,1368,-1,1368,1374,1375,-1,1368,1375,1376,-1,576,577,578,-1,578,580,576,-1,576,580,579,-1,576,579,575,-1,575,579,749,-1,575,749,751,-1,582,618,584,-1,584,618,1377,-1,584,1377,1378,-1,582,748,618,-1,618,748,753,-1,618,753,585,-1,585,753,755,-1,585,755,586,-1,591,589,593,-1,593,589,586,-1,593,586,594,-1,594,586,755,-1,594,755,758,-1,758,755,760,-1,1377,618,616,-1,605,598,608,-1,608,598,597,-1,616,615,1377,-1,1377,615,608,-1,1377,608,1379,-1,1379,608,597,-1,1379,597,621,-1,619,1380,624,-1,619,624,620,-1,620,624,625,-1,620,625,1381,-1,1379,621,1382,-1,1382,621,620,-1,1382,620,1383,-1,1383,620,1381,-1,626,628,629,-1,634,1384,629,-1,629,1384,1381,-1,629,1381,626,-1,626,1381,625,-1,626,625,623,-1,1384,634,1385,-1,1385,634,635,-1,1386,762,1387,-1,1387,762,633,-1,1387,633,636,-1,631,1388,1389,-1,1389,1390,631,-1,631,1390,1385,-1,631,1385,633,-1,633,1385,635,-1,633,635,636,-1,1391,1389,1392,-1,1392,1389,1388,-1,643,644,784,-1,784,644,1393,-1,784,1393,1392,-1,1392,1393,1391,-1,789,644,790,-1,790,644,638,-1,790,638,768,-1,768,638,637,-1,768,637,767,-1,767,637,645,-1,767,645,789,-1,789,645,644,-1,645,646,1394,-1,1394,646,72,-1,1394,72,1395,-1,1395,72,1396,-1,1397,1395,1396,-1,1397,1396,1398,-1,1398,1396,1399,-1,1398,1399,1400,-1,653,654,829,-1,829,654,1401,-1,829,1401,1399,-1,1399,1401,1400,-1,834,654,835,-1,835,654,648,-1,835,648,813,-1,813,648,647,-1,813,647,812,-1,812,647,655,-1,812,655,834,-1,834,655,654,-1,655,656,1402,-1,1402,656,80,-1,1402,80,1403,-1,1403,80,1404,-1,1405,1406,1407,-1,1405,1407,1404,-1,1404,1407,1408,-1,1404,1408,1403,-1,1406,1405,1409,-1,1409,1405,874,-1,1409,874,664,-1,664,874,663,-1,879,664,880,-1,880,664,661,-1,880,661,858,-1,858,661,660,-1,858,660,857,-1,857,660,665,-1,857,665,879,-1,879,665,664,-1,1410,1411,88,-1,88,1411,1412,-1,88,1412,666,-1,666,1412,665,-1,1413,1414,1415,-1,1413,1415,1410,-1,1410,1415,1416,-1,1410,1416,1411,-1,1414,1413,1417,-1,1417,1413,919,-1,1417,919,674,-1,674,919,673,-1,924,674,925,-1,925,674,668,-1,925,668,903,-1,903,668,667,-1,903,667,902,-1,902,667,675,-1,902,675,924,-1,924,675,674,-1,1418,1419,96,-1,96,1419,1420,-1,96,1420,676,-1,676,1420,675,-1,1421,1422,1423,-1,1421,1423,1418,-1,1418,1423,1424,-1,1418,1424,1419,-1,1422,1421,1425,-1,1425,1421,964,-1,1425,964,684,-1,684,964,683,-1,969,684,970,-1,970,684,681,-1,970,681,948,-1,948,681,680,-1,948,680,947,-1,947,680,685,-1,947,685,969,-1,969,685,684,-1,685,686,1426,-1,1426,686,104,-1,1426,104,1427,-1,1427,104,1428,-1,1429,1430,1431,-1,1431,1430,1432,-1,1431,1432,1428,-1,1428,1432,1433,-1,1428,1433,1427,-1,1429,1431,1434,-1,1434,1431,1009,-1,1434,1009,694,-1,694,1009,693,-1,1014,694,1015,-1,1015,694,691,-1,1015,691,993,-1,993,691,690,-1,993,690,992,-1,992,690,695,-1,992,695,1014,-1,1014,695,694,-1,1435,1436,112,-1,112,1436,1437,-1,112,1437,696,-1,696,1437,695,-1,1438,1439,1435,-1,1435,1439,1440,-1,1435,1440,1436,-1,1439,1438,1441,-1,1441,1438,1054,-1,1441,1054,704,-1,704,1054,703,-1,1059,704,1060,-1,1060,704,701,-1,1060,701,1038,-1,1038,701,700,-1,1038,700,1037,-1,1037,700,705,-1,1037,705,1059,-1,1059,705,704,-1,1442,1443,120,-1,120,1443,1444,-1,120,1444,706,-1,706,1444,705,-1,1445,1443,1442,-1,1446,1447,1442,-1,1442,1447,1448,-1,1442,1448,1445,-1,1447,1446,1449,-1,1449,1446,1099,-1,1449,1099,714,-1,714,1099,713,-1,1104,714,1105,-1,1105,714,711,-1,1105,711,1083,-1,1083,711,710,-1,1083,710,1082,-1,1082,710,715,-1,1082,715,1104,-1,1104,715,714,-1,1450,1451,128,-1,128,1451,1452,-1,128,1452,716,-1,716,1452,715,-1,1453,1454,1455,-1,1453,1455,1450,-1,1450,1455,1456,-1,1450,1456,1451,-1,1454,1453,1457,-1,1457,1453,1144,-1,1457,1144,724,-1,724,1144,723,-1,1149,724,1150,-1,1150,724,721,-1,1150,721,1128,-1,1128,721,720,-1,1128,720,1127,-1,1127,720,725,-1,1127,725,1149,-1,1149,725,724,-1,725,726,1458,-1,1458,726,136,-1,1458,136,1459,-1,1459,136,1460,-1,1459,1460,1461,-1,1461,1460,1462,-1,1461,1462,1463,-1,1463,1462,1464,-1,1464,1462,1465,-1,1465,1462,1189,-1,1465,1189,734,-1,734,1189,733,-1,1194,734,1195,-1,1195,734,731,-1,1195,731,1173,-1,1173,731,730,-1,1173,730,1172,-1,1172,730,735,-1,1172,735,1194,-1,1194,735,734,-1,735,736,1466,-1,1466,736,144,-1,1466,144,1467,-1,1467,144,1468,-1,1469,1470,1471,-1,1469,1471,1468,-1,1468,1471,1472,-1,1468,1472,1467,-1,1470,1469,1473,-1,1473,1469,1235,-1,1473,1235,744,-1,744,1235,743,-1,1240,744,1241,-1,1241,744,741,-1,1241,741,1222,-1,1222,741,740,-1,1222,740,1221,-1,1221,740,745,-1,1221,745,1240,-1,1240,745,744,-1,745,746,1474,-1,1474,746,152,-1,1474,152,1475,-1,1475,152,1476,-1,1475,1476,1477,-1,1477,1476,1250,-1,1477,1250,1249,-1,1478,1479,754,-1,754,1479,756,-1,1478,754,753,-1,751,752,1373,-1,1373,752,1480,-1,753,748,1478,-1,1478,748,747,-1,1478,747,1480,-1,1480,747,1481,-1,1480,1481,1373,-1,1482,1480,750,-1,750,1480,752,-1,1482,750,749,-1,755,756,760,-1,760,756,1479,-1,749,1372,1482,-1,1482,1372,1483,-1,1482,1483,1479,-1,1479,1483,759,-1,1479,759,760,-1,1484,1485,780,-1,780,1485,778,-1,1486,1487,775,-1,775,1487,770,-1,1485,791,778,-1,778,791,788,-1,778,788,779,-1,774,765,775,-1,775,765,766,-1,775,766,1486,-1,1486,766,1488,-1,1486,1488,1485,-1,1485,1488,1489,-1,1485,1489,791,-1,1490,1491,800,-1,800,1491,802,-1,1490,800,799,-1,797,798,1362,-1,1362,798,1492,-1,799,794,1490,-1,1490,794,793,-1,1490,793,1492,-1,1492,793,1493,-1,1492,1493,1362,-1,1494,1492,796,-1,796,1492,798,-1,1494,796,795,-1,801,802,806,-1,806,802,1491,-1,795,1361,1494,-1,1494,1361,1495,-1,1494,1495,1491,-1,1491,1495,805,-1,1491,805,806,-1,1496,1497,825,-1,825,1497,823,-1,1498,1499,820,-1,820,1499,815,-1,1497,836,823,-1,823,836,833,-1,823,833,824,-1,819,810,820,-1,820,810,811,-1,820,811,1498,-1,1498,811,1500,-1,1498,1500,1497,-1,1497,1500,1501,-1,1497,1501,836,-1,1502,1503,845,-1,845,1503,847,-1,1502,845,844,-1,842,843,1351,-1,1351,843,1504,-1,844,839,1502,-1,1502,839,838,-1,1502,838,1504,-1,1504,838,1505,-1,1504,1505,1351,-1,1506,1504,841,-1,841,1504,843,-1,1506,841,840,-1,846,847,851,-1,851,847,1503,-1,840,1350,1506,-1,1506,1350,1507,-1,1506,1507,1503,-1,1503,1507,850,-1,1503,850,851,-1,1508,1509,870,-1,870,1509,868,-1,1510,1511,865,-1,865,1511,860,-1,1509,881,868,-1,868,881,878,-1,868,878,869,-1,864,855,865,-1,865,855,856,-1,865,856,1510,-1,1510,856,1512,-1,1510,1512,1509,-1,1509,1512,1513,-1,1509,1513,881,-1,1514,1515,890,-1,890,1515,892,-1,1514,890,889,-1,887,888,1340,-1,1340,888,1516,-1,889,884,1514,-1,1514,884,883,-1,1514,883,1516,-1,1516,883,1517,-1,1516,1517,1340,-1,1518,1516,886,-1,886,1516,888,-1,1518,886,885,-1,891,892,896,-1,896,892,1515,-1,885,1339,1518,-1,1518,1339,1519,-1,1518,1519,1515,-1,1515,1519,895,-1,1515,895,896,-1,1520,1521,915,-1,915,1521,913,-1,1522,1523,910,-1,910,1523,905,-1,1521,926,913,-1,913,926,923,-1,913,923,914,-1,909,900,910,-1,910,900,901,-1,910,901,1522,-1,1522,901,1524,-1,1522,1524,1521,-1,1521,1524,1525,-1,1521,1525,926,-1,1526,1527,935,-1,935,1527,937,-1,1526,935,934,-1,932,933,1329,-1,1329,933,1528,-1,934,929,1526,-1,1526,929,928,-1,1526,928,1528,-1,1528,928,1529,-1,1528,1529,1329,-1,1530,1528,931,-1,931,1528,933,-1,1530,931,930,-1,936,937,941,-1,941,937,1527,-1,930,1328,1530,-1,1530,1328,1531,-1,1530,1531,1527,-1,1527,1531,940,-1,1527,940,941,-1,1532,1533,960,-1,960,1533,958,-1,1534,1535,955,-1,955,1535,950,-1,1533,971,958,-1,958,971,968,-1,958,968,959,-1,954,945,955,-1,955,945,946,-1,955,946,1534,-1,1534,946,1536,-1,1534,1536,1533,-1,1533,1536,1537,-1,1533,1537,971,-1,1538,1539,980,-1,980,1539,982,-1,1538,980,979,-1,977,978,1317,-1,1317,978,1540,-1,979,974,1538,-1,1538,974,973,-1,1538,973,1540,-1,1540,973,1541,-1,1540,1541,1317,-1,1542,1540,976,-1,976,1540,978,-1,1542,976,975,-1,981,982,986,-1,986,982,1539,-1,975,1316,1542,-1,1542,1316,1543,-1,1542,1543,1539,-1,1539,1543,985,-1,1539,985,986,-1,1544,1545,1005,-1,1005,1545,1003,-1,1546,1547,1000,-1,1000,1547,995,-1,1545,1016,1003,-1,1003,1016,1013,-1,1003,1013,1004,-1,999,990,1000,-1,1000,990,991,-1,1000,991,1546,-1,1546,991,1548,-1,1546,1548,1545,-1,1545,1548,1549,-1,1545,1549,1016,-1,1550,1551,1025,-1,1025,1551,1027,-1,1550,1025,1024,-1,1022,1023,1307,-1,1307,1023,1552,-1,1024,1019,1550,-1,1550,1019,1018,-1,1550,1018,1552,-1,1552,1018,1553,-1,1552,1553,1307,-1,1554,1552,1021,-1,1021,1552,1023,-1,1554,1021,1020,-1,1026,1027,1031,-1,1031,1027,1551,-1,1020,1306,1554,-1,1554,1306,1555,-1,1554,1555,1551,-1,1551,1555,1030,-1,1551,1030,1031,-1,1556,1557,1050,-1,1050,1557,1048,-1,1558,1559,1045,-1,1045,1559,1040,-1,1557,1061,1048,-1,1048,1061,1058,-1,1048,1058,1049,-1,1044,1035,1045,-1,1045,1035,1036,-1,1045,1036,1558,-1,1558,1036,1560,-1,1558,1560,1557,-1,1557,1560,1561,-1,1557,1561,1061,-1,1562,1563,1070,-1,1070,1563,1072,-1,1562,1070,1069,-1,1067,1068,1296,-1,1296,1068,1564,-1,1069,1064,1562,-1,1562,1064,1063,-1,1562,1063,1564,-1,1564,1063,1565,-1,1564,1565,1296,-1,1566,1564,1066,-1,1066,1564,1068,-1,1566,1066,1065,-1,1071,1072,1076,-1,1076,1072,1563,-1,1065,1295,1566,-1,1566,1295,1567,-1,1566,1567,1563,-1,1563,1567,1075,-1,1563,1075,1076,-1,1568,1569,1095,-1,1095,1569,1093,-1,1570,1571,1090,-1,1090,1571,1085,-1,1569,1106,1093,-1,1093,1106,1103,-1,1093,1103,1094,-1,1089,1080,1090,-1,1090,1080,1081,-1,1090,1081,1570,-1,1570,1081,1572,-1,1570,1572,1569,-1,1569,1572,1573,-1,1569,1573,1106,-1,1574,1575,1115,-1,1115,1575,1117,-1,1574,1115,1114,-1,1112,1113,1285,-1,1285,1113,1576,-1,1114,1109,1574,-1,1574,1109,1108,-1,1574,1108,1576,-1,1576,1108,1577,-1,1576,1577,1285,-1,1578,1576,1111,-1,1111,1576,1113,-1,1578,1111,1110,-1,1116,1117,1121,-1,1121,1117,1575,-1,1110,1284,1578,-1,1578,1284,1579,-1,1578,1579,1575,-1,1575,1579,1120,-1,1575,1120,1121,-1,1580,1581,1140,-1,1140,1581,1138,-1,1582,1583,1135,-1,1135,1583,1130,-1,1581,1151,1138,-1,1138,1151,1148,-1,1138,1148,1139,-1,1134,1125,1135,-1,1135,1125,1126,-1,1135,1126,1582,-1,1582,1126,1584,-1,1582,1584,1581,-1,1581,1584,1585,-1,1581,1585,1151,-1,1586,1587,1160,-1,1160,1587,1162,-1,1586,1160,1159,-1,1157,1158,1274,-1,1274,1158,1588,-1,1159,1154,1586,-1,1586,1154,1153,-1,1586,1153,1588,-1,1588,1153,1589,-1,1588,1589,1274,-1,1590,1588,1156,-1,1156,1588,1158,-1,1590,1156,1155,-1,1161,1162,1166,-1,1166,1162,1587,-1,1155,1273,1590,-1,1590,1273,1591,-1,1590,1591,1587,-1,1587,1591,1165,-1,1587,1165,1166,-1,1592,1593,1185,-1,1185,1593,1183,-1,1594,1595,1180,-1,1180,1595,1175,-1,1593,1196,1183,-1,1183,1196,1193,-1,1183,1193,1184,-1,1179,1170,1180,-1,1180,1170,1171,-1,1180,1171,1594,-1,1594,1171,1596,-1,1594,1596,1593,-1,1593,1596,1597,-1,1593,1597,1196,-1,1598,1599,1205,-1,1205,1599,1207,-1,1598,1205,1204,-1,1202,1203,1263,-1,1263,1203,1600,-1,1204,1199,1598,-1,1598,1199,1198,-1,1598,1198,1600,-1,1600,1198,1601,-1,1600,1601,1263,-1,1602,1600,1201,-1,1201,1600,1203,-1,1602,1201,1200,-1,1206,1207,1211,-1,1211,1207,1599,-1,1200,1262,1602,-1,1602,1262,1603,-1,1602,1603,1599,-1,1599,1603,1210,-1,1599,1210,1211,-1,1604,1605,1231,-1,1231,1605,1229,-1,1606,1607,1216,-1,1216,1607,1213,-1,1605,1242,1229,-1,1229,1242,1239,-1,1229,1239,1230,-1,1226,1219,1216,-1,1216,1219,1220,-1,1216,1220,1606,-1,1606,1220,1608,-1,1606,1608,1605,-1,1605,1608,1609,-1,1605,1609,1242,-1,1312,1311,1313,-1,1378,1377,1379,-1,1384,1385,1390,-1,1508,1610,1611,-1,1419,1424,1522,-1,1427,1433,1612,-1,1556,1613,1614,-1,1568,1615,1616,-1,1459,1461,1582,-1,744,745,1474,-1,1475,1470,1474,-1,1474,1470,1473,-1,1474,1473,744,-1,1471,1605,1604,-1,734,735,1466,-1,1464,1617,1463,-1,1463,1617,1618,-1,1463,1618,1461,-1,1461,1618,1593,-1,1461,1593,1592,-1,1580,1583,1619,-1,1580,1620,1455,-1,1582,1461,1583,-1,1458,1459,1454,-1,1454,1459,1582,-1,1454,1582,1455,-1,1455,1582,1581,-1,1455,1581,1580,-1,1454,1457,1458,-1,1458,1457,724,-1,1458,724,725,-1,1448,1447,1621,-1,1621,1569,1448,-1,1448,1569,1568,-1,1448,1568,1622,-1,1616,1615,1620,-1,1620,1615,1571,-1,1620,1571,1455,-1,1455,1571,1570,-1,1455,1570,1456,-1,1456,1570,1621,-1,1456,1621,1451,-1,1451,1621,1447,-1,1451,1447,1452,-1,1447,1449,1452,-1,1452,1449,714,-1,1452,714,715,-1,1557,1440,1623,-1,1623,1440,1439,-1,1614,1613,1622,-1,1622,1613,1559,-1,1622,1559,1448,-1,1448,1559,1558,-1,1448,1558,1445,-1,1445,1558,1623,-1,1445,1623,1443,-1,1443,1623,1439,-1,1443,1439,1444,-1,1614,1624,1556,-1,1556,1624,1547,-1,1556,1547,1557,-1,1557,1547,1546,-1,1557,1546,1440,-1,1440,1546,1625,-1,1440,1625,1436,-1,1439,1441,1444,-1,1444,1441,704,-1,1444,704,705,-1,1429,1434,1437,-1,1437,1434,694,-1,1437,694,695,-1,1437,1436,1429,-1,1429,1436,1625,-1,1429,1625,1430,-1,1430,1625,1626,-1,1430,1626,1432,-1,1432,1626,1545,-1,1432,1545,1544,-1,1612,1433,1534,-1,1534,1433,1432,-1,1534,1432,1535,-1,1422,1425,1426,-1,1426,1425,684,-1,1426,684,685,-1,1426,1427,1422,-1,1422,1427,1612,-1,1422,1612,1423,-1,1423,1612,1627,-1,1423,1627,1424,-1,1424,1627,1533,-1,1424,1533,1532,-1,1520,1523,1628,-1,1520,1629,1415,-1,1420,1419,1414,-1,1414,1419,1522,-1,1414,1522,1415,-1,1415,1522,1521,-1,1415,1521,1520,-1,1414,1417,1420,-1,1420,1417,674,-1,1420,674,675,-1,1407,1406,1630,-1,1630,1509,1407,-1,1407,1509,1508,-1,1407,1508,1631,-1,1611,1610,1629,-1,1629,1610,1511,-1,1629,1511,1415,-1,1415,1511,1510,-1,1415,1510,1416,-1,1416,1510,1630,-1,1416,1630,1411,-1,1411,1630,1406,-1,1411,1406,1412,-1,1406,1409,1412,-1,1412,1409,664,-1,1412,664,665,-1,654,655,1402,-1,1400,1632,1398,-1,1398,1632,1633,-1,1398,1633,1397,-1,1397,1633,1497,-1,1397,1497,1496,-1,1389,1391,1486,-1,1487,1486,1397,-1,1487,1634,1484,-1,1484,1634,1382,-1,1484,1382,1485,-1,1397,1486,1395,-1,1395,1486,1391,-1,1395,1391,1394,-1,1391,1393,1394,-1,1394,1393,644,-1,1394,644,645,-1,1381,1384,1383,-1,1383,1384,1390,-1,1383,1390,1382,-1,1382,1390,1389,-1,1382,1389,1485,-1,1485,1389,1486,-1,1480,1482,1634,-1,1634,1482,1382,-1,1382,1482,1479,-1,1382,1479,1478,-1,1369,1368,1376,-1,1358,1357,1365,-1,1491,1635,1494,-1,1494,1635,1636,-1,1494,1636,1492,-1,1504,1506,1611,-1,1347,1346,1354,-1,1508,1611,1631,-1,1631,1611,1506,-1,1631,1506,1503,-1,1516,1518,1628,-1,1337,1336,1343,-1,1520,1628,1629,-1,1629,1628,1518,-1,1629,1518,1515,-1,1324,1323,1332,-1,1527,1637,1530,-1,1530,1637,1638,-1,1530,1638,1528,-1,1313,1314,1320,-1,1539,1639,1542,-1,1542,1639,1624,-1,1542,1624,1540,-1,1552,1554,1614,-1,1614,1554,1624,-1,1624,1554,1551,-1,1624,1551,1550,-1,1304,1302,1310,-1,1564,1566,1616,-1,1293,1291,1299,-1,1568,1616,1622,-1,1622,1616,1566,-1,1622,1566,1563,-1,1576,1578,1619,-1,1281,1280,1288,-1,1580,1619,1620,-1,1620,1619,1578,-1,1620,1578,1575,-1,1270,1269,1277,-1,1587,1640,1590,-1,1590,1640,1641,-1,1590,1641,1588,-1,1260,1259,1266,-1,1599,1642,1602,-1,1602,1642,1643,-1,1602,1643,1600,-1,1253,1254,1252,-1,1252,1254,1258,-1,1606,1258,1607,-1,1607,1258,1256,-1,1607,1256,1644,-1,1644,1256,1643,-1,1644,1643,1604,-1,1604,1643,1642,-1,1604,1642,1471,-1,1471,1470,1605,-1,1605,1470,1475,-1,1605,1475,1645,-1,1645,1475,1477,-1,1645,1477,1606,-1,1606,1477,1249,-1,1606,1249,1258,-1,1258,1249,1251,-1,1258,1251,1252,-1,1487,1397,1634,-1,1634,1397,1496,-1,1634,1496,1635,-1,1635,1496,1646,-1,1635,1646,1636,-1,1636,1646,1647,-1,1636,1647,1631,-1,1631,1647,1499,-1,1631,1499,1407,-1,1407,1499,1498,-1,1407,1498,1408,-1,1408,1498,1632,-1,1408,1632,1403,-1,1403,1632,1400,-1,1403,1400,1402,-1,1402,1400,1401,-1,1402,1401,654,-1,1535,1648,1649,-1,1649,1648,1638,-1,1649,1638,1650,-1,1650,1638,1637,-1,1650,1637,1532,-1,1532,1637,1628,-1,1532,1628,1424,-1,1424,1628,1523,-1,1424,1523,1522,-1,1535,1432,1648,-1,1648,1432,1544,-1,1648,1544,1639,-1,1639,1544,1651,-1,1639,1651,1624,-1,1624,1651,1652,-1,1624,1652,1547,-1,1583,1461,1619,-1,1619,1461,1592,-1,1619,1592,1640,-1,1640,1592,1653,-1,1640,1653,1641,-1,1641,1653,1654,-1,1641,1654,1642,-1,1642,1654,1595,-1,1642,1595,1471,-1,1471,1595,1594,-1,1471,1594,1472,-1,1472,1594,1617,-1,1472,1617,1467,-1,1467,1617,1464,-1,1467,1464,1466,-1,1466,1464,1465,-1,1466,1465,734,-1,1379,1382,1378,-1,1378,1382,1478,-1,1378,1478,1376,-1,1376,1478,1480,-1,1376,1480,1369,-1,1369,1480,1634,-1,1369,1634,1370,-1,1370,1634,1635,-1,1370,1635,1490,-1,1490,1635,1491,-1,1366,1370,1367,-1,1367,1370,1490,-1,1367,1490,1365,-1,1365,1490,1492,-1,1365,1492,1358,-1,1358,1492,1636,-1,1358,1636,1359,-1,1359,1636,1631,-1,1359,1631,1502,-1,1502,1631,1503,-1,1355,1359,1356,-1,1356,1359,1502,-1,1356,1502,1354,-1,1354,1502,1504,-1,1354,1504,1347,-1,1347,1504,1611,-1,1347,1611,1348,-1,1348,1611,1629,-1,1348,1629,1514,-1,1514,1629,1515,-1,1344,1348,1345,-1,1345,1348,1514,-1,1345,1514,1343,-1,1343,1514,1516,-1,1343,1516,1337,-1,1337,1516,1628,-1,1337,1628,1335,-1,1335,1628,1637,-1,1335,1637,1526,-1,1526,1637,1527,-1,1333,1335,1334,-1,1334,1335,1526,-1,1334,1526,1332,-1,1332,1526,1528,-1,1332,1528,1324,-1,1324,1528,1638,-1,1324,1638,1325,-1,1325,1638,1648,-1,1325,1648,1326,-1,1326,1648,1639,-1,1326,1639,1538,-1,1538,1639,1539,-1,1321,1326,1322,-1,1322,1326,1538,-1,1322,1538,1320,-1,1320,1538,1540,-1,1320,1540,1313,-1,1313,1540,1624,-1,1313,1624,1312,-1,1312,1624,1550,-1,1312,1550,1310,-1,1310,1550,1552,-1,1310,1552,1304,-1,1304,1552,1614,-1,1304,1614,1303,-1,1303,1614,1622,-1,1303,1622,1562,-1,1562,1622,1563,-1,1300,1303,1301,-1,1301,1303,1562,-1,1301,1562,1299,-1,1299,1562,1564,-1,1299,1564,1293,-1,1293,1564,1616,-1,1293,1616,1292,-1,1292,1616,1620,-1,1292,1620,1574,-1,1574,1620,1575,-1,1289,1292,1290,-1,1290,1292,1574,-1,1290,1574,1288,-1,1288,1574,1576,-1,1288,1576,1281,-1,1281,1576,1619,-1,1281,1619,1282,-1,1282,1619,1640,-1,1282,1640,1586,-1,1586,1640,1587,-1,1278,1282,1279,-1,1279,1282,1586,-1,1279,1586,1277,-1,1277,1586,1588,-1,1277,1588,1270,-1,1270,1588,1641,-1,1270,1641,1271,-1,1271,1641,1642,-1,1271,1642,1598,-1,1598,1642,1599,-1,1267,1271,1268,-1,1268,1271,1598,-1,1268,1598,1266,-1,1266,1598,1600,-1,1266,1600,1260,-1,1260,1600,1643,-1,1260,1643,1257,-1,1257,1643,1256,-1,
        ]
    }
}
Shape{
    appearance Appearance {
        material  Material 	{
            diffuseColor 0.8274509803921568 0.6666666666666666 0.12941176470588237
            specularColor 0.8274509803921568 0.6666666666666666 0.12941176470588237
            ambientIntensity 0.6535
            transparency 0.0
            shininess 0.5
        }
    }
    geometry IndexedFaceSet {
        ccw TRUE
        solid FALSE
        coord DEF co Coordinate {
            point [
                1.2756 0.169 0.1969, 1.3228 0.169 0.1969, 1.2756 0.169 0.2953, 1.3228 0.169 0.2953, 1.2756 0.4347 0.1772, 1.2756 0.4231 0.1772, 1.3228 0.4347 0.1772, 1.3228 0.4231 0.1772, 1.2756 0.4395 0.1778, 1.3228 0.4395 0.1778, 1.2756 0.444 0.1795, 1.3228 0.444 0.1795, 1.2756 0.448 0.1823, 1.3228 0.448 0.1823, 1.2756 0.4511 0.186, 1.3228 0.4511 0.186, 1.2756 0.4533 0.1904, 1.3228 0.4533 0.1904, 1.3228 0.4551 0.194, 1.2756 0.4551 0.194, 1.3228 0.4577 0.197, 1.2756 0.4577 0.197, 1.3228 0.461 0.1992, 1.2756 0.461 0.1992, 1.3228 0.4648 0.2006, 1.2756 0.4648 0.2006, 1.3228 0.4688 0.2009, 1.2756 0.4688 0.2009, 1.3228 0.4727 0.2003, 1.2756 0.4727 0.2003, 1.3228 0.4764 0.1986, 1.2756 0.4764 0.1986, 1.3228 0.4795 0.1961, 1.2756 0.4795 0.1961, 1.3228 0.4819 0.1929, 1.2756 0.4819 0.1929, 1.3228 0.4834 0.1892, 1.2756 0.4834 0.1892, 1.3228 0.4839 0.1852, 1.2756 0.4839 0.1852, 1.2756 0.4839 0.126, 1.3228 0.4839 0.126, 1.2756 0.4846 0.1209, 1.3228 0.4846 0.1209, 1.2756 0.4865 0.1161, 1.3228 0.4865 0.1161, 1.2756 0.4897 0.1121, 1.3228 0.4897 0.1121, 1.2756 0.4938 0.1089, 1.3228 0.4938 0.1089, 1.2756 0.4985 0.107, 1.3228 0.4985 0.107, 1.2756 0.5036 0.1063, 1.3228 0.5036 0.1063, 1.2756 0.5257 0.1063, 1.3228 0.5257 0.1063, 1.2756 0.5302 0.1068, 1.3228 0.5302 0.1068, 1.2756 0.5344 0.1083, 1.3228 0.5344 0.1083, 1.2756 0.5382 0.1107, 1.3228 0.5382 0.1107, 1.2756 0.5413 0.1139, 1.3228 0.5413 0.1139, 1.2756 0.5436 0.1178, 1.3228 0.5436 0.1178, 1.2756 0.545 0.122, 1.3228 0.545 0.122, 1.2756 0.5529 0.122, 1.3228 0.5529 0.122, 1.2756 0.5871 0.1086, 1.3228 0.5871 0.1086, 1.3228 0.592 0.1059, 1.2756 0.592 0.1059, 1.3228 0.5962 0.1021, 1.2756 0.5962 0.1021, 1.3228 0.5994 0.0975, 1.2756 0.5994 0.0975, 1.3228 0.6013 0.0922, 1.2756 0.6013 0.0922, 1.3228 0.602 0.0866, 1.2756 0.602 0.0866, 1.2756 0.602 0.0827, 1.3228 0.602 0.0827, 1.3228 0.6012 0.0766, 1.2756 0.6012 0.0766, 1.3228 0.5989 0.0709, 1.2756 0.5989 0.0709, 1.3228 0.5951 0.066, 1.2756 0.5951 0.066, 1.3228 0.5902 0.0622, 1.2756 0.5902 0.0622, 1.3228 0.5845 0.0599, 1.2756 0.5845 0.0599, 1.3228 0.5784 0.0591, 1.2756 0.5784 0.0591, 1.2756 0.2871 0.3858, 1.2756 0.169 0.3858, 1.3228 0.2871 0.3858, 1.3228 0.169 0.3858, 1.2756 0.4878 0.3457, 1.3228 0.4878 0.3457, 1.3228 0.4921 0.3443, 1.2756 0.4921 0.3443, 1.3228 0.4959 0.342, 1.2756 0.4959 0.342, 1.3228 0.4991 0.3389, 1.2756 0.4991 0.3389, 1.3228 0.5016 0.3351, 1.2756 0.5016 0.3351, 1.3228 0.5031 0.3308, 1.2756 0.5031 0.3308, 1.3228 0.5036 0.3264, 1.2756 0.5036 0.3264, 1.2756 0.5036 0.311, 1.3228 0.5036 0.311, 1.3228 0.5029 0.3059, 1.2756 0.5029 0.3059, 1.3228 0.501 0.3012, 1.2756 0.501 0.3012, 1.3228 0.4978 0.2971, 1.2756 0.4978 0.2971, 1.3228 0.4938 0.294, 1.2756 0.4938 0.294, 1.3228 0.489 0.292, 1.2756 0.489 0.292, 1.3228 0.4839 0.2913, 1.2756 0.4839 0.2913, 1.2756 0.4432 0.2913, 1.3228 0.4432 0.2913, 1.2756 0.2949 0.3071, 1.2756 0.3725 0.2982, 1.3228 0.2949 0.3071, 1.3228 0.3725 0.2982, 1.2756 0.2123 0.3071, 1.3228 0.2123 0.3071, 1.2756 0.2123 0.1496, 1.3228 0.2123 0.1496, 1.2756 0.2132 0.1425, 1.3228 0.2132 0.1425, 1.2756 0.2159 0.1358, 1.3228 0.2159 0.1358, 1.2756 0.2203 0.1301, 1.3228 0.2203 0.1301, 1.2756 0.226 0.1257, 1.3228 0.226 0.1257, 1.2756 0.2327 0.123, 1.3228 0.2327 0.123, 1.2756 0.2398 0.122, 1.3228 0.2398 0.122, 1.2756 0.2871 0.122, 1.3228 0.2871 0.122, 1.2756 0.2973 0.1234, 1.3228 0.2973 0.1234, 1.2756 0.3067 0.1273, 1.3228 0.3067 0.1273, 1.2756 0.3149 0.1336, 1.3228 0.3149 0.1336, 1.2756 0.3212 0.1417, 1.3228 0.3212 0.1417, 1.2756 0.3251 0.1512, 1.3228 0.3251 0.1512, 1.2756 0.3264 0.1614, 1.3228 0.3264 0.1614, 1.2756 0.3264 0.1885, 1.3228 0.3264 0.1885, 1.3228 0.327 0.1926, 1.2756 0.327 0.1926, 1.3228 0.3285 0.1964, 1.2756 0.3285 0.1964, 1.3228 0.331 0.1996, 1.2756 0.331 0.1996, 1.3228 0.3343 0.2021, 1.2756 0.3343 0.2021, 1.3228 0.3381 0.2037, 1.2756 0.3381 0.2037, 1.3228 0.3422 0.2042, 1.2756 0.3422 0.2042, 1.2756 0.352 0.2042, 1.3228 0.352 0.2042, 1.3228 0.355 0.204, 1.2756 0.355 0.204, 1.3228 0.3579 0.2033, 1.2756 0.3579 0.2033, 1.2756 0.4488 0.3228, 1.2756 0.3768 0.3228, 1.2756 0.3579 0.196, 1.2756 0.169 0.0591, 1.2756 0.4217 0.1693, 1.2756 0.3667 0.1849, 1.2756 0.378 0.1764, 1.2756 0.3911 0.1711, 1.2756 0.4052 0.1693, 1.3228 0.3768 0.3228, 1.3228 0.4217 0.1693, 1.3228 0.4488 0.3228, 1.3228 0.3579 0.196, 1.3228 0.169 0.0591, 1.3228 0.4052 0.1693, 1.3228 0.3911 0.1711, 1.3228 0.378 0.1764, 1.3228 0.3667 0.1849, 1.2756 -0.5122 0.0197, 1.3228 -0.5122 0.0197, 1.3228 -0.5128 0.0146, 1.2756 -0.5128 0.0146, 1.3228 -0.5148 0.0098, 1.2756 -0.5148 0.0098, 1.3228 -0.5179 0.0058, 1.2756 -0.5179 0.0058, 1.3228 -0.522 0.0026, 1.2756 -0.522 0.0026, 1.3228 -0.5267 0.0007, 1.2756 -0.5267 0.0007, 1.3228 -0.5318 0.0, 1.2756 -0.5318 0.0, 1.2756 -0.6775 0.0, 1.3228 -0.6775 0.0, 1.2756 -0.6972 0.0197, 1.3228 -0.6972 0.0197, 1.2756 -0.6972 0.1063, 1.3228 -0.6972 0.1063, 1.2756 -0.669 0.1149, 1.3228 -0.669 0.1149, 1.2756 -0.6653 0.1165, 1.3228 -0.6653 0.1165, 1.2756 -0.6622 0.119, 1.3228 -0.6622 0.119, 1.2756 -0.6598 0.1222, 1.3228 -0.6598 0.1222, 1.2756 -0.6583 0.1259, 1.3228 -0.6583 0.1259, 1.2756 -0.6578 0.1299, 1.3228 -0.6578 0.1299, 1.2756 -0.6578 0.1339, 1.3228 -0.6578 0.1339, 1.2756 -0.6027 0.1339, 1.3228 -0.6027 0.1339, 1.2756 -0.6027 0.1299, 1.3228 -0.6027 0.1299, 1.2756 -0.5633 0.1299, 1.3228 -0.5633 0.1299, 1.2756 -0.5633 0.144, 1.3228 -0.5633 0.144, 1.2756 -0.524 0.1834, 1.3228 -0.524 0.1834, 1.2756 -0.4334 0.1834, 1.3228 -0.4334 0.1834, 1.2756 -0.2248 0.1952, 1.3228 -0.2248 0.1952, 1.2756 -0.1753 0.2183, 1.3228 -0.1753 0.2183, 1.3228 -0.1705 0.22, 1.2756 -0.1705 0.22, 1.3228 -0.1655 0.2205, 1.2756 -0.1655 0.2205, 1.3228 -0.1604 0.2199, 1.2756 -0.1604 0.2199, 1.3228 -0.1557 0.2181, 1.2756 -0.1557 0.2181, 1.3228 -0.1514 0.2154, 1.2756 -0.1514 0.2154, 1.3228 -0.1479 0.2118, 1.2756 -0.1479 0.2118, 1.3228 -0.1453 0.2075, 1.2756 -0.1453 0.2075, 1.2756 -0.1381 0.1923, 1.3228 -0.1381 0.1923, 1.2756 -0.2149 0.1563, 1.3228 -0.2149 0.1563, 1.2756 -0.403 0.1456, 1.3228 -0.403 0.1456, 1.2756 -0.408 0.1447, 1.3228 -0.408 0.1447, 1.2756 -0.4126 0.1425, 1.3228 -0.4126 0.1425, 1.2756 -0.4164 0.1393, 1.3228 -0.4164 0.1393, 1.2756 -0.4193 0.1352, 1.3228 -0.4193 0.1352, 1.2756 -0.4211 0.1304, 1.3228 -0.4211 0.1304, 1.2756 -0.4216 0.1254, 1.3228 -0.4216 0.1254, 1.2756 -0.4208 0.1204, 1.3228 -0.4208 0.1204, 1.2756 -0.4188 0.1158, 1.3228 -0.4188 0.1158, 1.2756 -0.4156 0.1119, 1.3228 -0.4156 0.1119, 1.2756 -0.4116 0.1088, 1.3228 -0.4116 0.1088, 1.2756 -0.4069 0.1069, 1.3228 -0.4069 0.1069, 1.2756 -0.4019 0.1063, 1.3228 -0.4019 0.1063, 1.2756 -0.1696 0.1063, 1.3228 -0.1696 0.1063, 1.2756 -0.1224 0.1252, 1.3228 -0.1224 0.1252, 1.2756 -0.5122 0.0394, 1.3228 -0.5122 0.0394, 1.2756 -0.5318 0.0591, 1.2756 -0.1224 0.0591, 1.2756 -0.5318 0.0394, 1.3228 -0.5318 0.0591, 1.3228 -0.5318 0.0394, 1.3228 -0.1224 0.0591, 1.2756 -0.1421 0.3189, 1.2756 -0.1224 0.3189, 1.3228 -0.1421 0.3189, 1.3228 -0.1224 0.3189, 1.2756 -0.1516 0.3091, 1.3228 -0.1516 0.3091, 1.3228 -0.1552 0.3062, 1.2756 -0.1552 0.3062, 1.3228 -0.1593 0.3042, 1.2756 -0.1593 0.3042, 1.3228 -0.1638 0.3032, 1.2756 -0.1638 0.3032, 1.3228 -0.1684 0.3033, 1.2756 -0.1684 0.3033, 1.3228 -0.1729 0.3045, 1.2756 -0.1729 0.3045, 1.2756 -0.2444 0.3327, 1.3228 -0.2444 0.3327, 1.2756 -0.4776 0.3425, 1.3228 -0.4776 0.3425, 1.3228 -0.4825 0.3434, 1.2756 -0.4825 0.3434, 1.3228 -0.487 0.3454, 1.2756 -0.487 0.3454, 1.3228 -0.4909 0.3486, 1.2756 -0.4909 0.3486, 1.3228 -0.4939 0.3526, 1.2756 -0.4939 0.3526, 1.3228 -0.4958 0.3572, 1.2756 -0.4958 0.3572, 1.3228 -0.4964 0.3622, 1.2756 -0.4964 0.3622, 1.2756 -0.4964 0.3701, 1.3228 -0.4964 0.3701, 1.3228 -0.4959 0.3742, 1.2756 -0.4959 0.3742, 1.3228 -0.4943 0.378, 1.2756 -0.4943 0.378, 1.3228 -0.4918 0.3812, 1.2756 -0.4918 0.3812, 1.3228 -0.4885 0.3837, 1.2756 -0.4885 0.3837, 1.3228 -0.4847 0.3853, 1.2756 -0.4847 0.3853, 1.3228 -0.4807 0.3858, 1.2756 -0.4807 0.3858, 1.2756 -0.1224 0.3858, 1.3228 -0.1224 0.3858, 1.0866 0.169 0.1969, 1.0866 0.169 0.2953, 1.063 0.169 0.1969, 1.0394 0.169 0.2953, 1.0394 0.169 0.1969, 1.0394 0.4347 0.1772, 1.0394 0.4231 0.1772, 1.0866 0.4347 0.1772, 1.0866 0.4231 0.1772, 1.0394 0.4395 0.1778, 1.0866 0.4395 0.1778, 1.0394 0.444 0.1795, 1.0866 0.444 0.1795, 1.0394 0.448 0.1823, 1.0866 0.448 0.1823, 1.0394 0.4511 0.186, 1.0866 0.4511 0.186, 1.0394 0.4533 0.1904, 1.0866 0.4533 0.1904, 1.0866 0.4551 0.194, 1.0394 0.4551 0.194, 1.0866 0.4577 0.197, 1.0394 0.4577 0.197, 1.0866 0.461 0.1992, 1.0394 0.461 0.1992, 1.0866 0.4648 0.2006, 1.0394 0.4648 0.2006, 1.0866 0.4688 0.2009, 1.0394 0.4688 0.2009, 1.0866 0.4727 0.2003, 1.0394 0.4727 0.2003, 1.0866 0.4764 0.1986, 1.0394 0.4764 0.1986, 1.0866 0.4795 0.1961, 1.0394 0.4795 0.1961, 1.0866 0.4819 0.1929, 1.0394 0.4819 0.1929, 1.0866 0.4834 0.1892, 1.0394 0.4834 0.1892, 1.0866 0.4839 0.1852, 1.0394 0.4839 0.1852, 1.0394 0.4839 0.126, 1.0866 0.4839 0.126, 1.0394 0.4846 0.1209, 1.0866 0.4846 0.1209, 1.0394 0.4865 0.1161, 1.0866 0.4865 0.1161, 1.0394 0.4897 0.1121, 1.0866 0.4897 0.1121, 1.0394 0.4938 0.1089, 1.0866 0.4938 0.1089, 1.0394 0.4985 0.107, 1.0866 0.4985 0.107, 1.0394 0.5036 0.1063, 1.0866 0.5036 0.1063, 1.0394 0.5257 0.1063, 1.0866 0.5257 0.1063, 1.0394 0.5302 0.1068, 1.0866 0.5302 0.1068, 1.0394 0.5344 0.1083, 1.0866 0.5344 0.1083, 1.0394 0.5382 0.1107, 1.0866 0.5382 0.1107, 1.0394 0.5413 0.1139, 1.0866 0.5413 0.1139, 1.0394 0.5436 0.1178, 1.0866 0.5436 0.1178, 1.0394 0.545 0.122, 1.0866 0.545 0.122, 1.0394 0.5529 0.122, 1.0866 0.5529 0.122, 1.0394 0.5871 0.1086, 1.0866 0.5871 0.1086, 1.0866 0.592 0.1059, 1.0394 0.592 0.1059, 1.0866 0.5962 0.1021, 1.0394 0.5962 0.1021, 1.0866 0.5994 0.0975, 1.0394 0.5994 0.0975, 1.0866 0.6013 0.0922, 1.0394 0.6013 0.0922, 1.0866 0.602 0.0866, 1.0394 0.602 0.0866, 1.0394 0.602 0.0827, 1.0866 0.602 0.0827, 1.0866 0.6012 0.0766, 1.0394 0.6012 0.0766, 1.0866 0.5989 0.0709, 1.0394 0.5989 0.0709, 1.0866 0.5951 0.066, 1.0394 0.5951 0.066, 1.0866 0.5902 0.0622, 1.0394 0.5902 0.0622, 1.0866 0.5845 0.0599, 1.0394 0.5845 0.0599, 1.0866 0.5784 0.0591, 1.0394 0.5784 0.0591, 1.0394 0.2871 0.3858, 1.0394 0.169 0.3858, 1.0866 0.2871 0.3858, 1.0866 0.169 0.3858, 1.0394 0.4878 0.3457, 1.0866 0.4878 0.3457, 1.0866 0.4921 0.3443, 1.0394 0.4921 0.3443, 1.0866 0.4959 0.342, 1.0394 0.4959 0.342, 1.0866 0.4991 0.3389, 1.0394 0.4991 0.3389, 1.0866 0.5016 0.3351, 1.0394 0.5016 0.3351, 1.0866 0.5031 0.3308, 1.0394 0.5031 0.3308, 1.0866 0.5036 0.3264, 1.0394 0.5036 0.3264, 1.0394 0.5036 0.311, 1.0866 0.5036 0.311, 1.0866 0.5029 0.3059, 1.0394 0.5029 0.3059, 1.0866 0.501 0.3012, 1.0394 0.501 0.3012, 1.0866 0.4978 0.2971, 1.0394 0.4978 0.2971, 1.0866 0.4938 0.294, 1.0394 0.4938 0.294, 1.0866 0.489 0.292, 1.0394 0.489 0.292, 1.0866 0.4839 0.2913, 1.0394 0.4839 0.2913, 1.0394 0.4432 0.2913, 1.0866 0.4432 0.2913, 1.0394 0.2949 0.3071, 1.0394 0.3725 0.2982, 1.0866 0.2949 0.3071, 1.0866 0.3725 0.2982, 1.0394 0.2123 0.3071, 1.0866 0.2123 0.3071, 1.0394 0.2123 0.1496, 1.0866 0.2123 0.1496, 1.0394 0.2132 0.1425, 1.0866 0.2132 0.1425, 1.0394 0.2159 0.1358, 1.0866 0.2159 0.1358, 1.0394 0.2203 0.1301, 1.0866 0.2203 0.1301, 1.0394 0.226 0.1257, 1.0866 0.226 0.1257, 1.0394 0.2327 0.123, 1.0866 0.2327 0.123, 1.0394 0.2398 0.122, 1.0866 0.2398 0.122, 1.0394 0.2871 0.122, 1.0866 0.2871 0.122, 1.0394 0.2973 0.1234, 1.0866 0.2973 0.1234, 1.0394 0.3067 0.1273, 1.0866 0.3067 0.1273, 1.0394 0.3149 0.1336, 1.0866 0.3149 0.1336, 1.0394 0.3212 0.1417, 1.0866 0.3212 0.1417, 1.0394 0.3251 0.1512, 1.0866 0.3251 0.1512, 1.0394 0.3264 0.1614, 1.0866 0.3264 0.1614, 1.0394 0.3264 0.1885, 1.0866 0.3264 0.1885, 1.0866 0.327 0.1926, 1.0394 0.327 0.1926, 1.0866 0.3285 0.1964, 1.0394 0.3285 0.1964, 1.0866 0.331 0.1996, 1.0394 0.331 0.1996, 1.0866 0.3343 0.2021, 1.0394 0.3343 0.2021, 1.0866 0.3381 0.2037, 1.0394 0.3381 0.2037, 1.0866 0.3422 0.2042, 1.0394 0.3422 0.2042, 1.0394 0.352 0.2042, 1.0866 0.352 0.2042, 1.0866 0.355 0.204, 1.0394 0.355 0.204, 1.0866 0.3579 0.2033, 1.0394 0.3579 0.2033, 1.0394 0.4488 0.3228, 1.0394 0.3768 0.3228, 1.0394 0.3579 0.196, 1.0394 0.169 0.0591, 1.0394 0.4217 0.1693, 1.0394 0.3667 0.1849, 1.0394 0.378 0.1764, 1.0394 0.3911 0.1711, 1.0394 0.4052 0.1693, 1.0866 0.3768 0.3228, 1.0866 0.4217 0.1693, 1.0866 0.4488 0.3228, 1.0866 0.3579 0.196, 1.0866 0.169 0.0591, 1.0866 0.4052 0.1693, 1.0866 0.3911 0.1711, 1.0866 0.378 0.1764, 1.0866 0.3667 0.1849, 1.0394 -0.5122 0.0197, 1.0866 -0.5122 0.0197, 1.0866 -0.5128 0.0146, 1.0394 -0.5128 0.0146, 1.0866 -0.5148 0.0098, 1.0394 -0.5148 0.0098, 1.0866 -0.5179 0.0058, 1.0394 -0.5179 0.0058, 1.0866 -0.522 0.0026, 1.0394 -0.522 0.0026, 1.0866 -0.5267 0.0007, 1.0394 -0.5267 0.0007, 1.0866 -0.5318 0.0, 1.0394 -0.5318 0.0, 1.0394 -0.6775 0.0, 1.0866 -0.6775 0.0, 1.0394 -0.6972 0.0197, 1.0866 -0.6972 0.0197, 1.0394 -0.6972 0.1063, 1.0866 -0.6972 0.1063, 1.0394 -0.669 0.1149, 1.0866 -0.669 0.1149, 1.0394 -0.6653 0.1165, 1.0866 -0.6653 0.1165, 1.0394 -0.6622 0.119, 1.0866 -0.6622 0.119, 1.0394 -0.6598 0.1222, 1.0866 -0.6598 0.1222, 1.0394 -0.6583 0.1259, 1.0866 -0.6583 0.1259, 1.0394 -0.6578 0.1299, 1.0866 -0.6578 0.1299, 1.0394 -0.6578 0.1339, 1.0866 -0.6578 0.1339, 1.0394 -0.6027 0.1339, 1.0866 -0.6027 0.1339, 1.0394 -0.6027 0.1299, 1.0866 -0.6027 0.1299, 1.0394 -0.5633 0.1299, 1.0866 -0.5633 0.1299, 1.0394 -0.5633 0.144, 1.0866 -0.5633 0.144, 1.0394 -0.524 0.1834, 1.0866 -0.524 0.1834, 1.0394 -0.4334 0.1834, 1.0866 -0.4334 0.1834, 1.0394 -0.2248 0.1952, 1.0866 -0.2248 0.1952, 1.0394 -0.1753 0.2183, 1.0866 -0.1753 0.2183, 1.0866 -0.1705 0.22, 1.0394 -0.1705 0.22, 1.0866 -0.1655 0.2205, 1.0394 -0.1655 0.2205, 1.0866 -0.1604 0.2199, 1.0394 -0.1604 0.2199, 1.0866 -0.1557 0.2181, 1.0394 -0.1557 0.2181, 1.0866 -0.1514 0.2154, 1.0394 -0.1514 0.2154, 1.0866 -0.1479 0.2118, 1.0394 -0.1479 0.2118, 1.0866 -0.1453 0.2075, 1.0394 -0.1453 0.2075, 1.0394 -0.1381 0.1923, 1.0866 -0.1381 0.1923, 1.0394 -0.2149 0.1563, 1.0866 -0.2149 0.1563, 1.0394 -0.403 0.1456, 1.0866 -0.403 0.1456, 1.0394 -0.408 0.1447, 1.0866 -0.408 0.1447, 1.0394 -0.4126 0.1425, 1.0866 -0.4126 0.1425, 1.0394 -0.4164 0.1393, 1.0866 -0.4164 0.1393, 1.0394 -0.4193 0.1352, 1.0866 -0.4193 0.1352, 1.0394 -0.4211 0.1304, 1.0866 -0.4211 0.1304, 1.0394 -0.4216 0.1254, 1.0866 -0.4216 0.1254, 1.0394 -0.4208 0.1204, 1.0866 -0.4208 0.1204, 1.0394 -0.4188 0.1158, 1.0866 -0.4188 0.1158, 1.0394 -0.4156 0.1119, 1.0866 -0.4156 0.1119, 1.0394 -0.4116 0.1088, 1.0866 -0.4116 0.1088, 1.0394 -0.4069 0.1069, 1.0866 -0.4069 0.1069, 1.0394 -0.4019 0.1063, 1.0866 -0.4019 0.1063, 1.0394 -0.1696 0.1063, 1.0866 -0.1696 0.1063, 1.0394 -0.1224 0.1252, 1.0866 -0.1224 0.1252, 1.0394 -0.5122 0.0394, 1.0866 -0.5122 0.0394, 1.0394 -0.5318 0.0591, 1.0394 -0.1224 0.0591, 1.0394 -0.5318 0.0394, 1.0866 -0.5318 0.0591, 1.0866 -0.5318 0.0394, 1.0866 -0.1224 0.0591, 1.0394 -0.1421 0.3189, 1.0394 -0.1224 0.3189, 1.0866 -0.1421 0.3189, 1.0866 -0.1224 0.3189, 1.0394 -0.1516 0.3091, 1.0866 -0.1516 0.3091, 1.0866 -0.1552 0.3062, 1.0394 -0.1552 0.3062, 1.0866 -0.1593 0.3042, 1.0394 -0.1593 0.3042, 1.0866 -0.1638 0.3032, 1.0394 -0.1638 0.3032, 1.0866 -0.1684 0.3033, 1.0394 -0.1684 0.3033, 1.0866 -0.1729 0.3045, 1.0394 -0.1729 0.3045, 1.0394 -0.2444 0.3327, 1.0866 -0.2444 0.3327, 1.0394 -0.4776 0.3425, 1.0866 -0.4776 0.3425, 1.0866 -0.4825 0.3434, 1.0394 -0.4825 0.3434, 1.0866 -0.487 0.3454, 1.0394 -0.487 0.3454, 1.0866 -0.4909 0.3486, 1.0394 -0.4909 0.3486, 1.0866 -0.4939 0.3526, 1.0394 -0.4939 0.3526, 1.0866 -0.4958 0.3572, 1.0394 -0.4958 0.3572, 1.0866 -0.4964 0.3622, 1.0394 -0.4964 0.3622, 1.0394 -0.4964 0.3701, 1.0866 -0.4964 0.3701, 1.0866 -0.4959 0.3742, 1.0394 -0.4959 0.3742, 1.0866 -0.4943 0.378, 1.0394 -0.4943 0.378, 1.0866 -0.4918 0.3812, 1.0394 -0.4918 0.3812, 1.0866 -0.4885 0.3837, 1.0394 -0.4885 0.3837, 1.0866 -0.4847 0.3853, 1.0394 -0.4847 0.3853, 1.0866 -0.4807 0.3858, 1.0394 -0.4807 0.3858, 1.0394 -0.1224 0.3858, 1.0866 -0.1224 0.3858, 0.8504 0.169 0.1969, 0.8504 0.169 0.2953, 0.8268 0.169 0.1969, 0.8031 0.169 0.2953, 0.8031 0.169 0.1969, 0.8031 0.4347 0.1772, 0.8031 0.4231 0.1772, 0.8504 0.4347 0.1772, 0.8504 0.4231 0.1772, 0.8031 0.4395 0.1778, 0.8504 0.4395 0.1778, 0.8031 0.444 0.1795, 0.8504 0.444 0.1795, 0.8031 0.448 0.1823, 0.8504 0.448 0.1823, 0.8031 0.4511 0.186, 0.8504 0.4511 0.186, 0.8031 0.4533 0.1904, 0.8504 0.4533 0.1904, 0.8504 0.4551 0.194, 0.8031 0.4551 0.194, 0.8504 0.4577 0.197, 0.8031 0.4577 0.197, 0.8504 0.461 0.1992, 0.8031 0.461 0.1992, 0.8504 0.4648 0.2006, 0.8031 0.4648 0.2006, 0.8504 0.4688 0.2009, 0.8031 0.4688 0.2009, 0.8504 0.4727 0.2003, 0.8031 0.4727 0.2003, 0.8504 0.4764 0.1986, 0.8031 0.4764 0.1986, 0.8504 0.4795 0.1961, 0.8031 0.4795 0.1961, 0.8504 0.4819 0.1929, 0.8031 0.4819 0.1929, 0.8504 0.4834 0.1892, 0.8031 0.4834 0.1892, 0.8504 0.4839 0.1852, 0.8031 0.4839 0.1852, 0.8031 0.4839 0.126, 0.8504 0.4839 0.126, 0.8031 0.4846 0.1209, 0.8504 0.4846 0.1209, 0.8031 0.4865 0.1161, 0.8504 0.4865 0.1161, 0.8031 0.4897 0.1121, 0.8504 0.4897 0.1121, 0.8031 0.4938 0.1089, 0.8504 0.4938 0.1089, 0.8031 0.4985 0.107, 0.8504 0.4985 0.107, 0.8031 0.5036 0.1063, 0.8504 0.5036 0.1063, 0.8031 0.5257 0.1063, 0.8504 0.5257 0.1063, 0.8031 0.5302 0.1068, 0.8504 0.5302 0.1068, 0.8031 0.5344 0.1083, 0.8504 0.5344 0.1083, 0.8031 0.5382 0.1107, 0.8504 0.5382 0.1107, 0.8031 0.5413 0.1139, 0.8504 0.5413 0.1139, 0.8031 0.5436 0.1178, 0.8504 0.5436 0.1178, 0.8031 0.545 0.122, 0.8504 0.545 0.122, 0.8031 0.5529 0.122, 0.8504 0.5529 0.122, 0.8031 0.5871 0.1086, 0.8504 0.5871 0.1086, 0.8504 0.592 0.1059, 0.8031 0.592 0.1059, 0.8504 0.5962 0.1021, 0.8031 0.5962 0.1021, 0.8504 0.5994 0.0975, 0.8031 0.5994 0.0975, 0.8504 0.6013 0.0922, 0.8031 0.6013 0.0922, 0.8504 0.602 0.0866, 0.8031 0.602 0.0866, 0.8031 0.602 0.0827, 0.8504 0.602 0.0827, 0.8504 0.6012 0.0766, 0.8031 0.6012 0.0766, 0.8504 0.5989 0.0709, 0.8031 0.5989 0.0709, 0.8504 0.5951 0.066, 0.8031 0.5951 0.066, 0.8504 0.5902 0.0622, 0.8031 0.5902 0.0622, 0.8504 0.5845 0.0599, 0.8031 0.5845 0.0599, 0.8504 0.5784 0.0591, 0.8031 0.5784 0.0591, 0.8031 0.2871 0.3858, 0.8031 0.169 0.3858, 0.8504 0.2871 0.3858, 0.8504 0.169 0.3858, 0.8031 0.4878 0.3457, 0.8504 0.4878 0.3457, 0.8504 0.4921 0.3443, 0.8031 0.4921 0.3443, 0.8504 0.4959 0.342, 0.8031 0.4959 0.342, 0.8504 0.4991 0.3389, 0.8031 0.4991 0.3389, 0.8504 0.5016 0.3351, 0.8031 0.5016 0.3351, 0.8504 0.5031 0.3308, 0.8031 0.5031 0.3308, 0.8504 0.5036 0.3264, 0.8031 0.5036 0.3264, 0.8031 0.5036 0.311, 0.8504 0.5036 0.311, 0.8504 0.5029 0.3059, 0.8031 0.5029 0.3059, 0.8504 0.501 0.3012, 0.8031 0.501 0.3012, 0.8504 0.4978 0.2971, 0.8031 0.4978 0.2971, 0.8504 0.4938 0.294, 0.8031 0.4938 0.294, 0.8504 0.489 0.292, 0.8031 0.489 0.292, 0.8504 0.4839 0.2913, 0.8031 0.4839 0.2913, 0.8031 0.4432 0.2913, 0.8504 0.4432 0.2913, 0.8031 0.2949 0.3071, 0.8031 0.3725 0.2982, 0.8504 0.2949 0.3071, 0.8504 0.3725 0.2982, 0.8031 0.2123 0.3071, 0.8504 0.2123 0.3071, 0.8031 0.2123 0.1496, 0.8504 0.2123 0.1496, 0.8031 0.2132 0.1425, 0.8504 0.2132 0.1425, 0.8031 0.2159 0.1358, 0.8504 0.2159 0.1358, 0.8031 0.2203 0.1301, 0.8504 0.2203 0.1301, 0.8031 0.226 0.1257, 0.8504 0.226 0.1257, 0.8031 0.2327 0.123, 0.8504 0.2327 0.123, 0.8031 0.2398 0.122, 0.8504 0.2398 0.122, 0.8031 0.2871 0.122, 0.8504 0.2871 0.122, 0.8031 0.2973 0.1234, 0.8504 0.2973 0.1234, 0.8031 0.3067 0.1273, 0.8504 0.3067 0.1273, 0.8031 0.3149 0.1336, 0.8504 0.3149 0.1336, 0.8031 0.3212 0.1417, 0.8504 0.3212 0.1417, 0.8031 0.3251 0.1512, 0.8504 0.3251 0.1512, 0.8031 0.3264 0.1614, 0.8504 0.3264 0.1614, 0.8031 0.3264 0.1885, 0.8504 0.3264 0.1885, 0.8504 0.327 0.1926, 0.8031 0.327 0.1926, 0.8504 0.3285 0.1964, 0.8031 0.3285 0.1964, 0.8504 0.331 0.1996, 0.8031 0.331 0.1996, 0.8504 0.3343 0.2021, 0.8031 0.3343 0.2021, 0.8504 0.3381 0.2037, 0.8031 0.3381 0.2037, 0.8504 0.3422 0.2042, 0.8031 0.3422 0.2042, 0.8031 0.352 0.2042, 0.8504 0.352 0.2042, 0.8504 0.355 0.204, 0.8031 0.355 0.204, 0.8504 0.3579 0.2033, 0.8031 0.3579 0.2033, 0.8031 0.4488 0.3228, 0.8031 0.3768 0.3228, 0.8031 0.3579 0.196, 0.8031 0.169 0.0591, 0.8031 0.4217 0.1693, 0.8031 0.3667 0.1849, 0.8031 0.378 0.1764, 0.8031 0.3911 0.1711, 0.8031 0.4052 0.1693, 0.8504 0.3768 0.3228, 0.8504 0.4217 0.1693, 0.8504 0.4488 0.3228, 0.8504 0.3579 0.196, 0.8504 0.169 0.0591, 0.8504 0.4052 0.1693, 0.8504 0.3911 0.1711, 0.8504 0.378 0.1764, 0.8504 0.3667 0.1849, 0.8031 -0.5122 0.0197, 0.8504 -0.5122 0.0197, 0.8504 -0.5128 0.0146, 0.8031 -0.5128 0.0146, 0.8504 -0.5148 0.0098, 0.8031 -0.5148 0.0098, 0.8504 -0.5179 0.0058, 0.8031 -0.5179 0.0058, 0.8504 -0.522 0.0026, 0.8031 -0.522 0.0026, 0.8504 -0.5267 0.0007, 0.8031 -0.5267 0.0007, 0.8504 -0.5318 0.0, 0.8031 -0.5318 0.0, 0.8031 -0.6775 0.0, 0.8504 -0.6775 0.0, 0.8031 -0.6972 0.0197, 0.8504 -0.6972 0.0197, 0.8031 -0.6972 0.1063, 0.8504 -0.6972 0.1063, 0.8031 -0.669 0.1149, 0.8504 -0.669 0.1149, 0.8031 -0.6653 0.1165, 0.8504 -0.6653 0.1165, 0.8031 -0.6622 0.119, 0.8504 -0.6622 0.119, 0.8031 -0.6598 0.1222, 0.8504 -0.6598 0.1222, 0.8031 -0.6583 0.1259, 0.8504 -0.6583 0.1259, 0.8031 -0.6578 0.1299, 0.8504 -0.6578 0.1299, 0.8031 -0.6578 0.1339, 0.8504 -0.6578 0.1339, 0.8031 -0.6027 0.1339, 0.8504 -0.6027 0.1339, 0.8031 -0.6027 0.1299, 0.8504 -0.6027 0.1299, 0.8031 -0.5633 0.1299, 0.8504 -0.5633 0.1299, 0.8031 -0.5633 0.144, 0.8504 -0.5633 0.144, 0.8031 -0.524 0.1834, 0.8504 -0.524 0.1834, 0.8031 -0.4334 0.1834, 0.8504 -0.4334 0.1834, 0.8031 -0.2248 0.1952, 0.8504 -0.2248 0.1952, 0.8031 -0.1753 0.2183, 0.8504 -0.1753 0.2183, 0.8504 -0.1705 0.22, 0.8031 -0.1705 0.22, 0.8504 -0.1655 0.2205, 0.8031 -0.1655 0.2205, 0.8504 -0.1604 0.2199, 0.8031 -0.1604 0.2199, 0.8504 -0.1557 0.2181, 0.8031 -0.1557 0.2181, 0.8504 -0.1514 0.2154, 0.8031 -0.1514 0.2154, 0.8504 -0.1479 0.2118, 0.8031 -0.1479 0.2118, 0.8504 -0.1453 0.2075, 0.8031 -0.1453 0.2075, 0.8031 -0.1381 0.1923, 0.8504 -0.1381 0.1923, 0.8031 -0.2149 0.1563, 0.8504 -0.2149 0.1563, 0.8031 -0.403 0.1456, 0.8504 -0.403 0.1456, 0.8031 -0.408 0.1447, 0.8504 -0.408 0.1447, 0.8031 -0.4126 0.1425, 0.8504 -0.4126 0.1425, 0.8031 -0.4164 0.1393, 0.8504 -0.4164 0.1393, 0.8031 -0.4193 0.1352, 0.8504 -0.4193 0.1352, 0.8031 -0.4211 0.1304, 0.8504 -0.4211 0.1304, 0.8031 -0.4216 0.1254, 0.8504 -0.4216 0.1254, 0.8031 -0.4208 0.1204, 0.8504 -0.4208 0.1204, 0.8031 -0.4188 0.1158, 0.8504 -0.4188 0.1158, 0.8031 -0.4156 0.1119, 0.8504 -0.4156 0.1119, 0.8031 -0.4116 0.1088, 0.8504 -0.4116 0.1088, 0.8031 -0.4069 0.1069, 0.8504 -0.4069 0.1069, 0.8031 -0.4019 0.1063, 0.8504 -0.4019 0.1063, 0.8031 -0.1696 0.1063, 0.8504 -0.1696 0.1063, 0.8031 -0.1224 0.1252, 0.8504 -0.1224 0.1252, 0.8031 -0.5122 0.0394, 0.8504 -0.5122 0.0394, 0.8031 -0.5318 0.0591, 0.8031 -0.1224 0.0591, 0.8031 -0.5318 0.0394, 0.8504 -0.5318 0.0591, 0.8504 -0.5318 0.0394, 0.8504 -0.1224 0.0591, 0.8031 -0.1421 0.3189, 0.8031 -0.1224 0.3189, 0.8504 -0.1421 0.3189, 0.8504 -0.1224 0.3189, 0.8031 -0.1516 0.3091, 0.8504 -0.1516 0.3091, 0.8504 -0.1552 0.3062, 0.8031 -0.1552 0.3062, 0.8504 -0.1593 0.3042, 0.8031 -0.1593 0.3042, 0.8504 -0.1638 0.3032, 0.8031 -0.1638 0.3032, 0.8504 -0.1684 0.3033, 0.8031 -0.1684 0.3033, 0.8504 -0.1729 0.3045, 0.8031 -0.1729 0.3045, 0.8031 -0.2444 0.3327, 0.8504 -0.2444 0.3327, 0.8031 -0.4776 0.3425, 0.8504 -0.4776 0.3425, 0.8504 -0.4825 0.3434, 0.8031 -0.4825 0.3434, 0.8504 -0.487 0.3454, 0.8031 -0.487 0.3454, 0.8504 -0.4909 0.3486, 0.8031 -0.4909 0.3486, 0.8504 -0.4939 0.3526, 0.8031 -0.4939 0.3526, 0.8504 -0.4958 0.3572, 0.8031 -0.4958 0.3572, 0.8504 -0.4964 0.3622, 0.8031 -0.4964 0.3622, 0.8031 -0.4964 0.3701, 0.8504 -0.4964 0.3701, 0.8504 -0.4959 0.3742, 0.8031 -0.4959 0.3742, 0.8504 -0.4943 0.378, 0.8031 -0.4943 0.378, 0.8504 -0.4918 0.3812, 0.8031 -0.4918 0.3812, 0.8504 -0.4885 0.3837, 0.8031 -0.4885 0.3837, 0.8504 -0.4847 0.3853, 0.8031 -0.4847 0.3853, 0.8504 -0.4807 0.3858, 0.8031 -0.4807 0.3858, 0.8031 -0.1224 0.3858, 0.8504 -0.1224 0.3858, 0.6142 0.169 0.1969, 0.6142 0.169 0.2953, 0.5906 0.169 0.1969, 0.5669 0.169 0.2953, 0.5669 0.169 0.1969, 0.5669 0.4347 0.1772, 0.5669 0.4231 0.1772, 0.6142 0.4347 0.1772, 0.6142 0.4231 0.1772, 0.5669 0.4395 0.1778, 0.6142 0.4395 0.1778, 0.5669 0.444 0.1795, 0.6142 0.444 0.1795, 0.5669 0.448 0.1823, 0.6142 0.448 0.1823, 0.5669 0.4511 0.186, 0.6142 0.4511 0.186, 0.5669 0.4533 0.1904, 0.6142 0.4533 0.1904, 0.6142 0.4551 0.194, 0.5669 0.4551 0.194, 0.6142 0.4577 0.197, 0.5669 0.4577 0.197, 0.6142 0.461 0.1992, 0.5669 0.461 0.1992, 0.6142 0.4648 0.2006, 0.5669 0.4648 0.2006, 0.6142 0.4688 0.2009, 0.5669 0.4688 0.2009, 0.6142 0.4727 0.2003, 0.5669 0.4727 0.2003, 0.6142 0.4764 0.1986, 0.5669 0.4764 0.1986, 0.6142 0.4795 0.1961, 0.5669 0.4795 0.1961, 0.6142 0.4819 0.1929, 0.5669 0.4819 0.1929, 0.6142 0.4834 0.1892, 0.5669 0.4834 0.1892, 0.6142 0.4839 0.1852, 0.5669 0.4839 0.1852, 0.5669 0.4839 0.126, 0.6142 0.4839 0.126, 0.5669 0.4846 0.1209, 0.6142 0.4846 0.1209, 0.5669 0.4865 0.1161, 0.6142 0.4865 0.1161, 0.5669 0.4897 0.1121, 0.6142 0.4897 0.1121, 0.5669 0.4938 0.1089, 0.6142 0.4938 0.1089, 0.5669 0.4985 0.107, 0.6142 0.4985 0.107, 0.5669 0.5036 0.1063, 0.6142 0.5036 0.1063, 0.5669 0.5257 0.1063, 0.6142 0.5257 0.1063, 0.5669 0.5302 0.1068, 0.6142 0.5302 0.1068, 0.5669 0.5344 0.1083, 0.6142 0.5344 0.1083, 0.5669 0.5382 0.1107, 0.6142 0.5382 0.1107, 0.5669 0.5413 0.1139, 0.6142 0.5413 0.1139, 0.5669 0.5436 0.1178, 0.6142 0.5436 0.1178, 0.5669 0.545 0.122, 0.6142 0.545 0.122, 0.5669 0.5529 0.122, 0.6142 0.5529 0.122, 0.5669 0.5871 0.1086, 0.6142 0.5871 0.1086, 0.6142 0.592 0.1059, 0.5669 0.592 0.1059, 0.6142 0.5962 0.1021, 0.5669 0.5962 0.1021, 0.6142 0.5994 0.0975, 0.5669 0.5994 0.0975, 0.6142 0.6013 0.0922, 0.5669 0.6013 0.0922, 0.6142 0.602 0.0866, 0.5669 0.602 0.0866, 0.5669 0.602 0.0827, 0.6142 0.602 0.0827, 0.6142 0.6012 0.0766, 0.5669 0.6012 0.0766, 0.6142 0.5989 0.0709, 0.5669 0.5989 0.0709, 0.6142 0.5951 0.066, 0.5669 0.5951 0.066, 0.6142 0.5902 0.0622, 0.5669 0.5902 0.0622, 0.6142 0.5845 0.0599, 0.5669 0.5845 0.0599, 0.6142 0.5784 0.0591, 0.5669 0.5784 0.0591, 0.5669 0.2871 0.3858, 0.5669 0.169 0.3858, 0.6142 0.2871 0.3858, 0.6142 0.169 0.3858, 0.5669 0.4878 0.3457, 0.6142 0.4878 0.3457, 0.6142 0.4921 0.3443, 0.5669 0.4921 0.3443, 0.6142 0.4959 0.342, 0.5669 0.4959 0.342, 0.6142 0.4991 0.3389, 0.5669 0.4991 0.3389, 0.6142 0.5016 0.3351, 0.5669 0.5016 0.3351, 0.6142 0.5031 0.3308, 0.5669 0.5031 0.3308, 0.6142 0.5036 0.3264, 0.5669 0.5036 0.3264, 0.5669 0.5036 0.311, 0.6142 0.5036 0.311, 0.6142 0.5029 0.3059, 0.5669 0.5029 0.3059, 0.6142 0.501 0.3012, 0.5669 0.501 0.3012, 0.6142 0.4978 0.2971, 0.5669 0.4978 0.2971, 0.6142 0.4938 0.294, 0.5669 0.4938 0.294, 0.6142 0.489 0.292, 0.5669 0.489 0.292, 0.6142 0.4839 0.2913, 0.5669 0.4839 0.2913, 0.5669 0.4432 0.2913, 0.6142 0.4432 0.2913, 0.5669 0.2949 0.3071, 0.5669 0.3725 0.2982, 0.6142 0.2949 0.3071, 0.6142 0.3725 0.2982, 0.5669 0.2123 0.3071, 0.6142 0.2123 0.3071, 0.5669 0.2123 0.1496, 0.6142 0.2123 0.1496, 0.5669 0.2132 0.1425, 0.6142 0.2132 0.1425, 0.5669 0.2159 0.1358, 0.6142 0.2159 0.1358, 0.5669 0.2203 0.1301, 0.6142 0.2203 0.1301, 0.5669 0.226 0.1257, 0.6142 0.226 0.1257, 0.5669 0.2327 0.123, 0.6142 0.2327 0.123, 0.5669 0.2398 0.122, 0.6142 0.2398 0.122, 0.5669 0.2871 0.122, 0.6142 0.2871 0.122, 0.5669 0.2973 0.1234, 0.6142 0.2973 0.1234, 0.5669 0.3067 0.1273, 0.6142 0.3067 0.1273, 0.5669 0.3149 0.1336, 0.6142 0.3149 0.1336, 0.5669 0.3212 0.1417, 0.6142 0.3212 0.1417, 0.5669 0.3251 0.1512, 0.6142 0.3251 0.1512, 0.5669 0.3264 0.1614, 0.6142 0.3264 0.1614, 0.5669 0.3264 0.1885, 0.6142 0.3264 0.1885, 0.6142 0.327 0.1926, 0.5669 0.327 0.1926, 0.6142 0.3285 0.1964, 0.5669 0.3285 0.1964, 0.6142 0.331 0.1996, 0.5669 0.331 0.1996, 0.6142 0.3343 0.2021, 0.5669 0.3343 0.2021, 0.6142 0.3381 0.2037, 0.5669 0.3381 0.2037, 0.6142 0.3422 0.2042, 0.5669 0.3422 0.2042, 0.5669 0.352 0.2042, 0.6142 0.352 0.2042, 0.6142 0.355 0.204, 0.5669 0.355 0.204, 0.6142 0.3579 0.2033, 0.5669 0.3579 0.2033, 0.5669 0.4488 0.3228, 0.5669 0.3768 0.3228, 0.5669 0.3579 0.196, 0.5669 0.169 0.0591, 0.5669 0.4217 0.1693, 0.5669 0.3667 0.1849, 0.5669 0.378 0.1764, 0.5669 0.3911 0.1711, 0.5669 0.4052 0.1693, 0.6142 0.3768 0.3228, 0.6142 0.4217 0.1693, 0.6142 0.4488 0.3228, 0.6142 0.3579 0.196, 0.6142 0.169 0.0591, 0.6142 0.4052 0.1693, 0.6142 0.3911 0.1711, 0.6142 0.378 0.1764, 0.6142 0.3667 0.1849, 0.5669 -0.5122 0.0197, 0.6142 -0.5122 0.0197, 0.6142 -0.5128 0.0146, 0.5669 -0.5128 0.0146, 0.6142 -0.5148 0.0098, 0.5669 -0.5148 0.0098, 0.6142 -0.5179 0.0058, 0.5669 -0.5179 0.0058, 0.6142 -0.522 0.0026, 0.5669 -0.522 0.0026, 0.6142 -0.5267 0.0007, 0.5669 -0.5267 0.0007, 0.6142 -0.5318 0.0, 0.5669 -0.5318 0.0, 0.5669 -0.6775 0.0, 0.6142 -0.6775 0.0, 0.5669 -0.6972 0.0197, 0.6142 -0.6972 0.0197, 0.5669 -0.6972 0.1063, 0.6142 -0.6972 0.1063, 0.5669 -0.669 0.1149, 0.6142 -0.669 0.1149, 0.5669 -0.6653 0.1165, 0.6142 -0.6653 0.1165, 0.5669 -0.6622 0.119, 0.6142 -0.6622 0.119, 0.5669 -0.6598 0.1222, 0.6142 -0.6598 0.1222, 0.5669 -0.6583 0.1259, 0.6142 -0.6583 0.1259, 0.5669 -0.6578 0.1299, 0.6142 -0.6578 0.1299, 0.5669 -0.6578 0.1339, 0.6142 -0.6578 0.1339, 0.5669 -0.6027 0.1339, 0.6142 -0.6027 0.1339, 0.5669 -0.6027 0.1299, 0.6142 -0.6027 0.1299, 0.5669 -0.5633 0.1299, 0.6142 -0.5633 0.1299, 0.5669 -0.5633 0.144, 0.6142 -0.5633 0.144, 0.5669 -0.524 0.1834, 0.6142 -0.524 0.1834, 0.5669 -0.4334 0.1834, 0.6142 -0.4334 0.1834, 0.5669 -0.2248 0.1952, 0.6142 -0.2248 0.1952, 0.5669 -0.1753 0.2183, 0.6142 -0.1753 0.2183, 0.6142 -0.1705 0.22, 0.5669 -0.1705 0.22, 0.6142 -0.1655 0.2205, 0.5669 -0.1655 0.2205, 0.6142 -0.1604 0.2199, 0.5669 -0.1604 0.2199, 0.6142 -0.1557 0.2181, 0.5669 -0.1557 0.2181, 0.6142 -0.1514 0.2154, 0.5669 -0.1514 0.2154, 0.6142 -0.1479 0.2118, 0.5669 -0.1479 0.2118, 0.6142 -0.1453 0.2075, 0.5669 -0.1453 0.2075, 0.5669 -0.1381 0.1923, 0.6142 -0.1381 0.1923, 0.5669 -0.2149 0.1563, 0.6142 -0.2149 0.1563, 0.5669 -0.403 0.1456, 0.6142 -0.403 0.1456, 0.5669 -0.408 0.1447, 0.6142 -0.408 0.1447, 0.5669 -0.4126 0.1425, 0.6142 -0.4126 0.1425, 0.5669 -0.4164 0.1393, 0.6142 -0.4164 0.1393, 0.5669 -0.4193 0.1352, 0.6142 -0.4193 0.1352, 0.5669 -0.4211 0.1304, 0.6142 -0.4211 0.1304, 0.5669 -0.4216 0.1254, 0.6142 -0.4216 0.1254, 0.5669 -0.4208 0.1204, 0.6142 -0.4208 0.1204, 0.5669 -0.4188 0.1158, 0.6142 -0.4188 0.1158, 0.5669 -0.4156 0.1119, 0.6142 -0.4156 0.1119, 0.5669 -0.4116 0.1088, 0.6142 -0.4116 0.1088, 0.5669 -0.4069 0.1069, 0.6142 -0.4069 0.1069, 0.5669 -0.4019 0.1063, 0.6142 -0.4019 0.1063, 0.5669 -0.1696 0.1063, 0.6142 -0.1696 0.1063, 0.5669 -0.1224 0.1252, 0.6142 -0.1224 0.1252, 0.5669 -0.5122 0.0394, 0.6142 -0.5122 0.0394, 0.5669 -0.5318 0.0591, 0.5669 -0.1224 0.0591, 0.5669 -0.5318 0.0394, 0.6142 -0.5318 0.0591, 0.6142 -0.5318 0.0394, 0.6142 -0.1224 0.0591, 0.5669 -0.1421 0.3189, 0.5669 -0.1224 0.3189, 0.6142 -0.1421 0.3189, 0.6142 -0.1224 0.3189, 0.5669 -0.1516 0.3091, 0.6142 -0.1516 0.3091, 0.6142 -0.1552 0.3062, 0.5669 -0.1552 0.3062, 0.6142 -0.1593 0.3042, 0.5669 -0.1593 0.3042, 0.6142 -0.1638 0.3032, 0.5669 -0.1638 0.3032, 0.6142 -0.1684 0.3033, 0.5669 -0.1684 0.3033, 0.6142 -0.1729 0.3045, 0.5669 -0.1729 0.3045, 0.5669 -0.2444 0.3327, 0.6142 -0.2444 0.3327, 0.5669 -0.4776 0.3425, 0.6142 -0.4776 0.3425, 0.6142 -0.4825 0.3434, 0.5669 -0.4825 0.3434, 0.6142 -0.487 0.3454, 0.5669 -0.487 0.3454, 0.6142 -0.4909 0.3486, 0.5669 -0.4909 0.3486, 0.6142 -0.4939 0.3526, 0.5669 -0.4939 0.3526, 0.6142 -0.4958 0.3572, 0.5669 -0.4958 0.3572, 0.6142 -0.4964 0.3622, 0.5669 -0.4964 0.3622, 0.5669 -0.4964 0.3701, 0.6142 -0.4964 0.3701, 0.6142 -0.4959 0.3742, 0.5669 -0.4959 0.3742, 0.6142 -0.4943 0.378, 0.5669 -0.4943 0.378, 0.6142 -0.4918 0.3812, 0.5669 -0.4918 0.3812, 0.6142 -0.4885 0.3837, 0.5669 -0.4885 0.3837, 0.6142 -0.4847 0.3853, 0.5669 -0.4847 0.3853, 0.6142 -0.4807 0.3858, 0.5669 -0.4807 0.3858, 0.5669 -0.1224 0.3858, 0.6142 -0.1224 0.3858, 0.378 0.169 0.1969, 0.378 0.169 0.2953, 0.3543 0.169 0.1969, 0.3307 0.169 0.2953, 0.3307 0.169 0.1969, 0.3307 0.4347 0.1772, 0.3307 0.4231 0.1772, 0.378 0.4347 0.1772, 0.378 0.4231 0.1772, 0.3307 0.4395 0.1778, 0.378 0.4395 0.1778, 0.3307 0.444 0.1795, 0.378 0.444 0.1795, 0.3307 0.448 0.1823, 0.378 0.448 0.1823, 0.3307 0.4511 0.186, 0.378 0.4511 0.186, 0.3307 0.4533 0.1904, 0.378 0.4533 0.1904, 0.378 0.4551 0.194, 0.3307 0.4551 0.194, 0.378 0.4577 0.197, 0.3307 0.4577 0.197, 0.378 0.461 0.1992, 0.3307 0.461 0.1992, 0.378 0.4648 0.2006, 0.3307 0.4648 0.2006, 0.378 0.4688 0.2009, 0.3307 0.4688 0.2009, 0.378 0.4727 0.2003, 0.3307 0.4727 0.2003, 0.378 0.4764 0.1986, 0.3307 0.4764 0.1986, 0.378 0.4795 0.1961, 0.3307 0.4795 0.1961, 0.378 0.4819 0.1929, 0.3307 0.4819 0.1929, 0.378 0.4834 0.1892, 0.3307 0.4834 0.1892, 0.378 0.4839 0.1852, 0.3307 0.4839 0.1852, 0.3307 0.4839 0.126, 0.378 0.4839 0.126, 0.3307 0.4846 0.1209, 0.378 0.4846 0.1209, 0.3307 0.4865 0.1161, 0.378 0.4865 0.1161, 0.3307 0.4897 0.1121, 0.378 0.4897 0.1121, 0.3307 0.4938 0.1089, 0.378 0.4938 0.1089, 0.3307 0.4985 0.107, 0.378 0.4985 0.107, 0.3307 0.5036 0.1063, 0.378 0.5036 0.1063, 0.3307 0.5257 0.1063, 0.378 0.5257 0.1063, 0.3307 0.5302 0.1068, 0.378 0.5302 0.1068, 0.3307 0.5344 0.1083, 0.378 0.5344 0.1083, 0.3307 0.5382 0.1107, 0.378 0.5382 0.1107, 0.3307 0.5413 0.1139, 0.378 0.5413 0.1139, 0.3307 0.5436 0.1178, 0.378 0.5436 0.1178, 0.3307 0.545 0.122, 0.378 0.545 0.122, 0.3307 0.5529 0.122, 0.378 0.5529 0.122, 0.3307 0.5871 0.1086, 0.378 0.5871 0.1086, 0.378 0.592 0.1059, 0.3307 0.592 0.1059, 0.378 0.5962 0.1021, 0.3307 0.5962 0.1021, 0.378 0.5994 0.0975, 0.3307 0.5994 0.0975, 0.378 0.6013 0.0922, 0.3307 0.6013 0.0922, 0.378 0.602 0.0866, 0.3307 0.602 0.0866, 0.3307 0.602 0.0827, 0.378 0.602 0.0827, 0.378 0.6012 0.0766, 0.3307 0.6012 0.0766, 0.378 0.5989 0.0709, 0.3307 0.5989 0.0709, 0.378 0.5951 0.066, 0.3307 0.5951 0.066, 0.378 0.5902 0.0622, 0.3307 0.5902 0.0622, 0.378 0.5845 0.0599, 0.3307 0.5845 0.0599, 0.378 0.5784 0.0591, 0.3307 0.5784 0.0591, 0.3307 0.2871 0.3858, 0.3307 0.169 0.3858, 0.378 0.2871 0.3858, 0.378 0.169 0.3858, 0.3307 0.4878 0.3457, 0.378 0.4878 0.3457, 0.378 0.4921 0.3443, 0.3307 0.4921 0.3443, 0.378 0.4959 0.342, 0.3307 0.4959 0.342, 0.378 0.4991 0.3389, 0.3307 0.4991 0.3389, 0.378 0.5016 0.3351, 0.3307 0.5016 0.3351, 0.378 0.5031 0.3308, 0.3307 0.5031 0.3308, 0.378 0.5036 0.3264, 0.3307 0.5036 0.3264, 0.3307 0.5036 0.311, 0.378 0.5036 0.311, 0.378 0.5029 0.3059, 0.3307 0.5029 0.3059, 0.378 0.501 0.3012, 0.3307 0.501 0.3012, 0.378 0.4978 0.2971, 0.3307 0.4978 0.2971, 0.378 0.4938 0.294, 0.3307 0.4938 0.294, 0.378 0.489 0.292, 0.3307 0.489 0.292, 0.378 0.4839 0.2913, 0.3307 0.4839 0.2913, 0.3307 0.4432 0.2913, 0.378 0.4432 0.2913, 0.3307 0.2949 0.3071, 0.3307 0.3725 0.2982, 0.378 0.2949 0.3071, 0.378 0.3725 0.2982, 0.3307 0.2123 0.3071, 0.378 0.2123 0.3071, 0.3307 0.2123 0.1496, 0.378 0.2123 0.1496, 0.3307 0.2132 0.1425, 0.378 0.2132 0.1425, 0.3307 0.2159 0.1358, 0.378 0.2159 0.1358, 0.3307 0.2203 0.1301, 0.378 0.2203 0.1301, 0.3307 0.226 0.1257, 0.378 0.226 0.1257, 0.3307 0.2327 0.123, 0.378 0.2327 0.123, 0.3307 0.2398 0.122, 0.378 0.2398 0.122, 0.3307 0.2871 0.122, 0.378 0.2871 0.122, 0.3307 0.2973 0.1234, 0.378 0.2973 0.1234, 0.3307 0.3067 0.1273, 0.378 0.3067 0.1273, 0.3307 0.3149 0.1336, 0.378 0.3149 0.1336, 0.3307 0.3212 0.1417, 0.378 0.3212 0.1417, 0.3307 0.3251 0.1512, 0.378 0.3251 0.1512, 0.3307 0.3264 0.1614, 0.378 0.3264 0.1614, 0.3307 0.3264 0.1885, 0.378 0.3264 0.1885, 0.378 0.327 0.1926, 0.3307 0.327 0.1926, 0.378 0.3285 0.1964, 0.3307 0.3285 0.1964, 0.378 0.331 0.1996, 0.3307 0.331 0.1996, 0.378 0.3343 0.2021, 0.3307 0.3343 0.2021, 0.378 0.3381 0.2037, 0.3307 0.3381 0.2037, 0.378 0.3422 0.2042, 0.3307 0.3422 0.2042, 0.3307 0.352 0.2042, 0.378 0.352 0.2042, 0.378 0.355 0.204, 0.3307 0.355 0.204, 0.378 0.3579 0.2033, 0.3307 0.3579 0.2033, 0.3307 0.4488 0.3228, 0.3307 0.3768 0.3228, 0.3307 0.3579 0.196, 0.3307 0.169 0.0591, 0.3307 0.4217 0.1693, 0.3307 0.3667 0.1849, 0.3307 0.378 0.1764, 0.3307 0.3911 0.1711, 0.3307 0.4052 0.1693, 0.378 0.3768 0.3228, 0.378 0.4217 0.1693, 0.378 0.4488 0.3228, 0.378 0.3579 0.196, 0.378 0.169 0.0591, 0.378 0.4052 0.1693, 0.378 0.3911 0.1711, 0.378 0.378 0.1764, 0.378 0.3667 0.1849, 0.3307 -0.5122 0.0197, 0.378 -0.5122 0.0197, 0.378 -0.5128 0.0146, 0.3307 -0.5128 0.0146, 0.378 -0.5148 0.0098, 0.3307 -0.5148 0.0098, 0.378 -0.5179 0.0058, 0.3307 -0.5179 0.0058, 0.378 -0.522 0.0026, 0.3307 -0.522 0.0026, 0.378 -0.5267 0.0007, 0.3307 -0.5267 0.0007, 0.378 -0.5318 0.0, 0.3307 -0.5318 0.0, 0.3307 -0.6775 0.0, 0.378 -0.6775 0.0, 0.3307 -0.6972 0.0197, 0.378 -0.6972 0.0197, 0.3307 -0.6972 0.1063, 0.378 -0.6972 0.1063, 0.3307 -0.669 0.1149, 0.378 -0.669 0.1149, 0.3307 -0.6653 0.1165, 0.378 -0.6653 0.1165, 0.3307 -0.6622 0.119, 0.378 -0.6622 0.119, 0.3307 -0.6598 0.1222, 0.378 -0.6598 0.1222, 0.3307 -0.6583 0.1259, 0.378 -0.6583 0.1259, 0.3307 -0.6578 0.1299, 0.378 -0.6578 0.1299, 0.3307 -0.6578 0.1339, 0.378 -0.6578 0.1339, 0.3307 -0.6027 0.1339, 0.378 -0.6027 0.1339, 0.3307 -0.6027 0.1299, 0.378 -0.6027 0.1299, 0.3307 -0.5633 0.1299, 0.378 -0.5633 0.1299, 0.3307 -0.5633 0.144, 0.378 -0.5633 0.144, 0.3307 -0.524 0.1834, 0.378 -0.524 0.1834, 0.3307 -0.4334 0.1834, 0.378 -0.4334 0.1834, 0.3307 -0.2248 0.1952, 0.378 -0.2248 0.1952, 0.3307 -0.1753 0.2183, 0.378 -0.1753 0.2183, 0.378 -0.1705 0.22, 0.3307 -0.1705 0.22, 0.378 -0.1655 0.2205, 0.3307 -0.1655 0.2205, 0.378 -0.1604 0.2199, 0.3307 -0.1604 0.2199, 0.378 -0.1557 0.2181, 0.3307 -0.1557 0.2181, 0.378 -0.1514 0.2154, 0.3307 -0.1514 0.2154, 0.378 -0.1479 0.2118, 0.3307 -0.1479 0.2118, 0.378 -0.1453 0.2075, 0.3307 -0.1453 0.2075, 0.3307 -0.1381 0.1923, 0.378 -0.1381 0.1923, 0.3307 -0.2149 0.1563, 0.378 -0.2149 0.1563, 0.3307 -0.403 0.1456, 0.378 -0.403 0.1456, 0.3307 -0.408 0.1447, 0.378 -0.408 0.1447, 0.3307 -0.4126 0.1425, 0.378 -0.4126 0.1425, 0.3307 -0.4164 0.1393, 0.378 -0.4164 0.1393, 0.3307 -0.4193 0.1352, 0.378 -0.4193 0.1352, 0.3307 -0.4211 0.1304, 0.378 -0.4211 0.1304, 0.3307 -0.4216 0.1254, 0.378 -0.4216 0.1254, 0.3307 -0.4208 0.1204, 0.378 -0.4208 0.1204, 0.3307 -0.4188 0.1158, 0.378 -0.4188 0.1158, 0.3307 -0.4156 0.1119, 0.378 -0.4156 0.1119, 0.3307 -0.4116 0.1088, 0.378 -0.4116 0.1088, 0.3307 -0.4069 0.1069, 0.378 -0.4069 0.1069, 0.3307 -0.4019 0.1063, 0.378 -0.4019 0.1063, 0.3307 -0.1696 0.1063, 0.378 -0.1696 0.1063, 0.3307 -0.1224 0.1252, 0.378 -0.1224 0.1252, 0.3307 -0.5122 0.0394, 0.378 -0.5122 0.0394, 0.3307 -0.5318 0.0591, 0.3307 -0.1224 0.0591, 0.3307 -0.5318 0.0394, 0.378 -0.5318 0.0591, 0.378 -0.5318 0.0394, 0.378 -0.1224 0.0591, 0.3307 -0.1421 0.3189, 0.3307 -0.1224 0.3189, 0.378 -0.1421 0.3189, 0.378 -0.1224 0.3189, 0.3307 -0.1516 0.3091, 0.378 -0.1516 0.3091, 0.378 -0.1552 0.3062, 0.3307 -0.1552 0.3062, 0.378 -0.1593 0.3042, 0.3307 -0.1593 0.3042, 0.378 -0.1638 0.3032, 0.3307 -0.1638 0.3032, 0.378 -0.1684 0.3033, 0.3307 -0.1684 0.3033, 0.378 -0.1729 0.3045, 0.3307 -0.1729 0.3045, 0.3307 -0.2444 0.3327, 0.378 -0.2444 0.3327, 0.3307 -0.4776 0.3425, 0.378 -0.4776 0.3425, 0.378 -0.4825 0.3434, 0.3307 -0.4825 0.3434, 0.378 -0.487 0.3454, 0.3307 -0.487 0.3454, 0.378 -0.4909 0.3486, 0.3307 -0.4909 0.3486, 0.378 -0.4939 0.3526, 0.3307 -0.4939 0.3526, 0.378 -0.4958 0.3572, 0.3307 -0.4958 0.3572, 0.378 -0.4964 0.3622, 0.3307 -0.4964 0.3622, 0.3307 -0.4964 0.3701, 0.378 -0.4964 0.3701, 0.378 -0.4959 0.3742, 0.3307 -0.4959 0.3742, 0.378 -0.4943 0.378, 0.3307 -0.4943 0.378, 0.378 -0.4918 0.3812, 0.3307 -0.4918 0.3812, 0.378 -0.4885 0.3837, 0.3307 -0.4885 0.3837, 0.378 -0.4847 0.3853, 0.3307 -0.4847 0.3853, 0.378 -0.4807 0.3858, 0.3307 -0.4807 0.3858, 0.3307 -0.1224 0.3858, 0.378 -0.1224 0.3858, 0.1417 0.169 0.1969, 0.1417 0.169 0.2953, 0.1181 0.169 0.1969, 0.0945 0.169 0.2953, 0.0945 0.169 0.1969, 0.0945 0.4347 0.1772, 0.0945 0.4231 0.1772, 0.1417 0.4347 0.1772, 0.1417 0.4231 0.1772, 0.0945 0.4395 0.1778, 0.1417 0.4395 0.1778, 0.0945 0.444 0.1795, 0.1417 0.444 0.1795, 0.0945 0.448 0.1823, 0.1417 0.448 0.1823, 0.0945 0.4511 0.186, 0.1417 0.4511 0.186, 0.0945 0.4533 0.1904, 0.1417 0.4533 0.1904, 0.1417 0.4551 0.194, 0.0945 0.4551 0.194, 0.1417 0.4577 0.197, 0.0945 0.4577 0.197, 0.1417 0.461 0.1992, 0.0945 0.461 0.1992, 0.1417 0.4648 0.2006, 0.0945 0.4648 0.2006, 0.1417 0.4688 0.2009, 0.0945 0.4688 0.2009, 0.1417 0.4727 0.2003, 0.0945 0.4727 0.2003, 0.1417 0.4764 0.1986, 0.0945 0.4764 0.1986, 0.1417 0.4795 0.1961, 0.0945 0.4795 0.1961, 0.1417 0.4819 0.1929, 0.0945 0.4819 0.1929, 0.1417 0.4834 0.1892, 0.0945 0.4834 0.1892, 0.1417 0.4839 0.1852, 0.0945 0.4839 0.1852, 0.0945 0.4839 0.126, 0.1417 0.4839 0.126, 0.0945 0.4846 0.1209, 0.1417 0.4846 0.1209, 0.0945 0.4865 0.1161, 0.1417 0.4865 0.1161, 0.0945 0.4897 0.1121, 0.1417 0.4897 0.1121, 0.0945 0.4938 0.1089, 0.1417 0.4938 0.1089, 0.0945 0.4985 0.107, 0.1417 0.4985 0.107, 0.0945 0.5036 0.1063, 0.1417 0.5036 0.1063, 0.0945 0.5257 0.1063, 0.1417 0.5257 0.1063, 0.0945 0.5302 0.1068, 0.1417 0.5302 0.1068, 0.0945 0.5344 0.1083, 0.1417 0.5344 0.1083, 0.0945 0.5382 0.1107, 0.1417 0.5382 0.1107, 0.0945 0.5413 0.1139, 0.1417 0.5413 0.1139, 0.0945 0.5436 0.1178, 0.1417 0.5436 0.1178, 0.0945 0.545 0.122, 0.1417 0.545 0.122, 0.0945 0.5529 0.122, 0.1417 0.5529 0.122, 0.0945 0.5871 0.1086, 0.1417 0.5871 0.1086, 0.1417 0.592 0.1059, 0.0945 0.592 0.1059, 0.1417 0.5962 0.1021, 0.0945 0.5962 0.1021, 0.1417 0.5994 0.0975, 0.0945 0.5994 0.0975, 0.1417 0.6013 0.0922, 0.0945 0.6013 0.0922, 0.1417 0.602 0.0866, 0.0945 0.602 0.0866, 0.0945 0.602 0.0827, 0.1417 0.602 0.0827, 0.1417 0.6012 0.0766, 0.0945 0.6012 0.0766, 0.1417 0.5989 0.0709, 0.0945 0.5989 0.0709, 0.1417 0.5951 0.066, 0.0945 0.5951 0.066, 0.1417 0.5902 0.0622, 0.0945 0.5902 0.0622, 0.1417 0.5845 0.0599, 0.0945 0.5845 0.0599, 0.1417 0.5784 0.0591, 0.0945 0.5784 0.0591, 0.0945 0.2871 0.3858, 0.0945 0.169 0.3858, 0.1417 0.2871 0.3858, 0.1417 0.169 0.3858, 0.0945 0.4878 0.3457, 0.1417 0.4878 0.3457, 0.1417 0.4921 0.3443, 0.0945 0.4921 0.3443, 0.1417 0.4959 0.342, 0.0945 0.4959 0.342, 0.1417 0.4991 0.3389, 0.0945 0.4991 0.3389, 0.1417 0.5016 0.3351, 0.0945 0.5016 0.3351, 0.1417 0.5031 0.3308, 0.0945 0.5031 0.3308, 0.1417 0.5036 0.3264, 0.0945 0.5036 0.3264, 0.0945 0.5036 0.311, 0.1417 0.5036 0.311, 0.1417 0.5029 0.3059, 0.0945 0.5029 0.3059, 0.1417 0.501 0.3012, 0.0945 0.501 0.3012, 0.1417 0.4978 0.2971, 0.0945 0.4978 0.2971, 0.1417 0.4938 0.294, 0.0945 0.4938 0.294, 0.1417 0.489 0.292, 0.0945 0.489 0.292, 0.1417 0.4839 0.2913, 0.0945 0.4839 0.2913, 0.0945 0.4432 0.2913, 0.1417 0.4432 0.2913, 0.0945 0.2949 0.3071, 0.0945 0.3725 0.2982, 0.1417 0.2949 0.3071, 0.1417 0.3725 0.2982, 0.0945 0.2123 0.3071, 0.1417 0.2123 0.3071, 0.0945 0.2123 0.1496, 0.1417 0.2123 0.1496, 0.0945 0.2132 0.1425, 0.1417 0.2132 0.1425, 0.0945 0.2159 0.1358, 0.1417 0.2159 0.1358, 0.0945 0.2203 0.1301, 0.1417 0.2203 0.1301, 0.0945 0.226 0.1257, 0.1417 0.226 0.1257, 0.0945 0.2327 0.123, 0.1417 0.2327 0.123, 0.0945 0.2398 0.122, 0.1417 0.2398 0.122, 0.0945 0.2871 0.122, 0.1417 0.2871 0.122, 0.0945 0.2973 0.1234, 0.1417 0.2973 0.1234, 0.0945 0.3067 0.1273, 0.1417 0.3067 0.1273, 0.0945 0.3149 0.1336, 0.1417 0.3149 0.1336, 0.0945 0.3212 0.1417, 0.1417 0.3212 0.1417, 0.0945 0.3251 0.1512, 0.1417 0.3251 0.1512, 0.0945 0.3264 0.1614, 0.1417 0.3264 0.1614, 0.0945 0.3264 0.1885, 0.1417 0.3264 0.1885, 0.1417 0.327 0.1926, 0.0945 0.327 0.1926, 0.1417 0.3285 0.1964, 0.0945 0.3285 0.1964, 0.1417 0.331 0.1996, 0.0945 0.331 0.1996, 0.1417 0.3343 0.2021, 0.0945 0.3343 0.2021, 0.1417 0.3381 0.2037, 0.0945 0.3381 0.2037, 0.1417 0.3422 0.2042, 0.0945 0.3422 0.2042, 0.0945 0.352 0.2042, 0.1417 0.352 0.2042, 0.1417 0.355 0.204, 0.0945 0.355 0.204, 0.1417 0.3579 0.2033, 0.0945 0.3579 0.2033, 0.0945 0.4488 0.3228, 0.0945 0.3768 0.3228, 0.0945 0.3579 0.196, 0.0945 0.169 0.0591, 0.0945 0.4217 0.1693, 0.0945 0.3667 0.1849, 0.0945 0.378 0.1764, 0.0945 0.3911 0.1711, 0.0945 0.4052 0.1693, 0.1417 0.3768 0.3228, 0.1417 0.4217 0.1693, 0.1417 0.4488 0.3228, 0.1417 0.3579 0.196, 0.1417 0.169 0.0591, 0.1417 0.4052 0.1693, 0.1417 0.3911 0.1711, 0.1417 0.378 0.1764, 0.1417 0.3667 0.1849, 0.0945 -0.5122 0.0197, 0.1417 -0.5122 0.0197, 0.1417 -0.5128 0.0146, 0.0945 -0.5128 0.0146, 0.1417 -0.5148 0.0098, 0.0945 -0.5148 0.0098, 0.1417 -0.5179 0.0058, 0.0945 -0.5179 0.0058, 0.1417 -0.522 0.0026, 0.0945 -0.522 0.0026, 0.1417 -0.5267 0.0007, 0.0945 -0.5267 0.0007, 0.1417 -0.5318 0.0, 0.0945 -0.5318 0.0, 0.0945 -0.6775 0.0, 0.1417 -0.6775 0.0, 0.0945 -0.6972 0.0197, 0.1417 -0.6972 0.0197, 0.0945 -0.6972 0.1063, 0.1417 -0.6972 0.1063, 0.0945 -0.669 0.1149, 0.1417 -0.669 0.1149, 0.0945 -0.6653 0.1165, 0.1417 -0.6653 0.1165, 0.0945 -0.6622 0.119, 0.1417 -0.6622 0.119, 0.0945 -0.6598 0.1222, 0.1417 -0.6598 0.1222, 0.0945 -0.6583 0.1259, 0.1417 -0.6583 0.1259, 0.0945 -0.6578 0.1299, 0.1417 -0.6578 0.1299, 0.0945 -0.6578 0.1339, 0.1417 -0.6578 0.1339, 0.0945 -0.6027 0.1339, 0.1417 -0.6027 0.1339, 0.0945 -0.6027 0.1299, 0.1417 -0.6027 0.1299, 0.0945 -0.5633 0.1299, 0.1417 -0.5633 0.1299, 0.0945 -0.5633 0.144, 0.1417 -0.5633 0.144, 0.0945 -0.524 0.1834, 0.1417 -0.524 0.1834, 0.0945 -0.4334 0.1834, 0.1417 -0.4334 0.1834, 0.0945 -0.2248 0.1952, 0.1417 -0.2248 0.1952, 0.0945 -0.1753 0.2183, 0.1417 -0.1753 0.2183, 0.1417 -0.1705 0.22, 0.0945 -0.1705 0.22, 0.1417 -0.1655 0.2205, 0.0945 -0.1655 0.2205, 0.1417 -0.1604 0.2199, 0.0945 -0.1604 0.2199, 0.1417 -0.1557 0.2181, 0.0945 -0.1557 0.2181, 0.1417 -0.1514 0.2154, 0.0945 -0.1514 0.2154, 0.1417 -0.1479 0.2118, 0.0945 -0.1479 0.2118, 0.1417 -0.1453 0.2075, 0.0945 -0.1453 0.2075, 0.0945 -0.1381 0.1923, 0.1417 -0.1381 0.1923, 0.0945 -0.2149 0.1563, 0.1417 -0.2149 0.1563, 0.0945 -0.403 0.1456, 0.1417 -0.403 0.1456, 0.0945 -0.408 0.1447, 0.1417 -0.408 0.1447, 0.0945 -0.4126 0.1425, 0.1417 -0.4126 0.1425, 0.0945 -0.4164 0.1393, 0.1417 -0.4164 0.1393, 0.0945 -0.4193 0.1352, 0.1417 -0.4193 0.1352, 0.0945 -0.4211 0.1304, 0.1417 -0.4211 0.1304, 0.0945 -0.4216 0.1254, 0.1417 -0.4216 0.1254, 0.0945 -0.4208 0.1204, 0.1417 -0.4208 0.1204, 0.0945 -0.4188 0.1158, 0.1417 -0.4188 0.1158, 0.0945 -0.4156 0.1119, 0.1417 -0.4156 0.1119, 0.0945 -0.4116 0.1088, 0.1417 -0.4116 0.1088, 0.0945 -0.4069 0.1069, 0.1417 -0.4069 0.1069, 0.0945 -0.4019 0.1063, 0.1417 -0.4019 0.1063, 0.0945 -0.1696 0.1063, 0.1417 -0.1696 0.1063, 0.0945 -0.1224 0.1252, 0.1417 -0.1224 0.1252, 0.0945 -0.5122 0.0394, 0.1417 -0.5122 0.0394, 0.0945 -0.5318 0.0591, 0.0945 -0.1224 0.0591, 0.0945 -0.5318 0.0394, 0.1417 -0.5318 0.0591, 0.1417 -0.5318 0.0394, 0.1417 -0.1224 0.0591, 0.0945 -0.1421 0.3189, 0.0945 -0.1224 0.3189, 0.1417 -0.1421 0.3189, 0.1417 -0.1224 0.3189, 0.0945 -0.1516 0.3091, 0.1417 -0.1516 0.3091, 0.1417 -0.1552 0.3062, 0.0945 -0.1552 0.3062, 0.1417 -0.1593 0.3042, 0.0945 -0.1593 0.3042, 0.1417 -0.1638 0.3032, 0.0945 -0.1638 0.3032, 0.1417 -0.1684 0.3033, 0.0945 -0.1684 0.3033, 0.1417 -0.1729 0.3045, 0.0945 -0.1729 0.3045, 0.0945 -0.2444 0.3327, 0.1417 -0.2444 0.3327, 0.0945 -0.4776 0.3425, 0.1417 -0.4776 0.3425, 0.1417 -0.4825 0.3434, 0.0945 -0.4825 0.3434, 0.1417 -0.487 0.3454, 0.0945 -0.487 0.3454, 0.1417 -0.4909 0.3486, 0.0945 -0.4909 0.3486, 0.1417 -0.4939 0.3526, 0.0945 -0.4939 0.3526, 0.1417 -0.4958 0.3572, 0.0945 -0.4958 0.3572, 0.1417 -0.4964 0.3622, 0.0945 -0.4964 0.3622, 0.0945 -0.4964 0.3701, 0.1417 -0.4964 0.3701, 0.1417 -0.4959 0.3742, 0.0945 -0.4959 0.3742, 0.1417 -0.4943 0.378, 0.0945 -0.4943 0.378, 0.1417 -0.4918 0.3812, 0.0945 -0.4918 0.3812, 0.1417 -0.4885 0.3837, 0.0945 -0.4885 0.3837, 0.1417 -0.4847 0.3853, 0.0945 -0.4847 0.3853, 0.1417 -0.4807 0.3858, 0.0945 -0.4807 0.3858, 0.0945 -0.1224 0.3858, 0.1417 -0.1224 0.3858, -0.0945 0.169 0.1969, -0.0945 0.169 0.2953, -0.1181 0.169 0.1969, -0.1417 0.169 0.2953, -0.1417 0.169 0.1969, -0.1417 0.4347 0.1772, -0.1417 0.4231 0.1772, -0.0945 0.4347 0.1772, -0.0945 0.4231 0.1772, -0.1417 0.4395 0.1778, -0.0945 0.4395 0.1778, -0.1417 0.444 0.1795, -0.0945 0.444 0.1795, -0.1417 0.448 0.1823, -0.0945 0.448 0.1823, -0.1417 0.4511 0.186, -0.0945 0.4511 0.186, -0.1417 0.4533 0.1904, -0.0945 0.4533 0.1904, -0.0945 0.4551 0.194, -0.1417 0.4551 0.194, -0.0945 0.4577 0.197, -0.1417 0.4577 0.197, -0.0945 0.461 0.1992, -0.1417 0.461 0.1992, -0.0945 0.4648 0.2006, -0.1417 0.4648 0.2006, -0.0945 0.4688 0.2009, -0.1417 0.4688 0.2009, -0.0945 0.4727 0.2003, -0.1417 0.4727 0.2003, -0.0945 0.4764 0.1986, -0.1417 0.4764 0.1986, -0.0945 0.4795 0.1961, -0.1417 0.4795 0.1961, -0.0945 0.4819 0.1929, -0.1417 0.4819 0.1929, -0.0945 0.4834 0.1892, -0.1417 0.4834 0.1892, -0.0945 0.4839 0.1852, -0.1417 0.4839 0.1852, -0.1417 0.4839 0.126, -0.0945 0.4839 0.126, -0.1417 0.4846 0.1209, -0.0945 0.4846 0.1209, -0.1417 0.4865 0.1161, -0.0945 0.4865 0.1161, -0.1417 0.4897 0.1121, -0.0945 0.4897 0.1121, -0.1417 0.4938 0.1089, -0.0945 0.4938 0.1089, -0.1417 0.4985 0.107, -0.0945 0.4985 0.107, -0.1417 0.5036 0.1063, -0.0945 0.5036 0.1063, -0.1417 0.5257 0.1063, -0.0945 0.5257 0.1063, -0.1417 0.5302 0.1068, -0.0945 0.5302 0.1068, -0.1417 0.5344 0.1083, -0.0945 0.5344 0.1083, -0.1417 0.5382 0.1107, -0.0945 0.5382 0.1107, -0.1417 0.5413 0.1139, -0.0945 0.5413 0.1139, -0.1417 0.5436 0.1178, -0.0945 0.5436 0.1178, -0.1417 0.545 0.122, -0.0945 0.545 0.122, -0.1417 0.5529 0.122, -0.0945 0.5529 0.122, -0.1417 0.5871 0.1086, -0.0945 0.5871 0.1086, -0.0945 0.592 0.1059, -0.1417 0.592 0.1059, -0.0945 0.5962 0.1021, -0.1417 0.5962 0.1021, -0.0945 0.5994 0.0975, -0.1417 0.5994 0.0975, -0.0945 0.6013 0.0922, -0.1417 0.6013 0.0922, -0.0945 0.602 0.0866, -0.1417 0.602 0.0866, -0.1417 0.602 0.0827, -0.0945 0.602 0.0827, -0.0945 0.6012 0.0766, -0.1417 0.6012 0.0766, -0.0945 0.5989 0.0709, -0.1417 0.5989 0.0709, -0.0945 0.5951 0.066, -0.1417 0.5951 0.066, -0.0945 0.5902 0.0622, -0.1417 0.5902 0.0622, -0.0945 0.5845 0.0599, -0.1417 0.5845 0.0599, -0.0945 0.5784 0.0591, -0.1417 0.5784 0.0591, -0.1417 0.2871 0.3858, -0.1417 0.169 0.3858, -0.0945 0.2871 0.3858, -0.0945 0.169 0.3858, -0.1417 0.4878 0.3457, -0.0945 0.4878 0.3457, -0.0945 0.4921 0.3443, -0.1417 0.4921 0.3443, -0.0945 0.4959 0.342, -0.1417 0.4959 0.342, -0.0945 0.4991 0.3389, -0.1417 0.4991 0.3389, -0.0945 0.5016 0.3351, -0.1417 0.5016 0.3351, -0.0945 0.5031 0.3308, -0.1417 0.5031 0.3308, -0.0945 0.5036 0.3264, -0.1417 0.5036 0.3264, -0.1417 0.5036 0.311, -0.0945 0.5036 0.311, -0.0945 0.5029 0.3059, -0.1417 0.5029 0.3059, -0.0945 0.501 0.3012, -0.1417 0.501 0.3012, -0.0945 0.4978 0.2971, -0.1417 0.4978 0.2971, -0.0945 0.4938 0.294, -0.1417 0.4938 0.294, -0.0945 0.489 0.292, -0.1417 0.489 0.292, -0.0945 0.4839 0.2913, -0.1417 0.4839 0.2913, -0.1417 0.4432 0.2913, -0.0945 0.4432 0.2913, -0.1417 0.2949 0.3071, -0.1417 0.3725 0.2982, -0.0945 0.2949 0.3071, -0.0945 0.3725 0.2982, -0.1417 0.2123 0.3071, -0.0945 0.2123 0.3071, -0.1417 0.2123 0.1496, -0.0945 0.2123 0.1496, -0.1417 0.2132 0.1425, -0.0945 0.2132 0.1425, -0.1417 0.2159 0.1358, -0.0945 0.2159 0.1358, -0.1417 0.2203 0.1301, -0.0945 0.2203 0.1301, -0.1417 0.226 0.1257, -0.0945 0.226 0.1257, -0.1417 0.2327 0.123, -0.0945 0.2327 0.123, -0.1417 0.2398 0.122, -0.0945 0.2398 0.122, -0.1417 0.2871 0.122, -0.0945 0.2871 0.122, -0.1417 0.2973 0.1234, -0.0945 0.2973 0.1234, -0.1417 0.3067 0.1273, -0.0945 0.3067 0.1273, -0.1417 0.3149 0.1336, -0.0945 0.3149 0.1336, -0.1417 0.3212 0.1417, -0.0945 0.3212 0.1417, -0.1417 0.3251 0.1512, -0.0945 0.3251 0.1512, -0.1417 0.3264 0.1614, -0.0945 0.3264 0.1614, -0.1417 0.3264 0.1885, -0.0945 0.3264 0.1885, -0.0945 0.327 0.1926, -0.1417 0.327 0.1926, -0.0945 0.3285 0.1964, -0.1417 0.3285 0.1964, -0.0945 0.331 0.1996, -0.1417 0.331 0.1996, -0.0945 0.3343 0.2021, -0.1417 0.3343 0.2021, -0.0945 0.3381 0.2037, -0.1417 0.3381 0.2037, -0.0945 0.3422 0.2042, -0.1417 0.3422 0.2042, -0.1417 0.352 0.2042, -0.0945 0.352 0.2042, -0.0945 0.355 0.204, -0.1417 0.355 0.204, -0.0945 0.3579 0.2033, -0.1417 0.3579 0.2033, -0.1417 0.4488 0.3228, -0.1417 0.3768 0.3228, -0.1417 0.3579 0.196, -0.1417 0.169 0.0591, -0.1417 0.4217 0.1693, -0.1417 0.3667 0.1849, -0.1417 0.378 0.1764, -0.1417 0.3911 0.1711, -0.1417 0.4052 0.1693, -0.0945 0.3768 0.3228, -0.0945 0.4217 0.1693, -0.0945 0.4488 0.3228, -0.0945 0.3579 0.196, -0.0945 0.169 0.0591, -0.0945 0.4052 0.1693, -0.0945 0.3911 0.1711, -0.0945 0.378 0.1764, -0.0945 0.3667 0.1849, -0.1417 -0.5122 0.0197, -0.0945 -0.5122 0.0197, -0.0945 -0.5128 0.0146, -0.1417 -0.5128 0.0146, -0.0945 -0.5148 0.0098, -0.1417 -0.5148 0.0098, -0.0945 -0.5179 0.0058, -0.1417 -0.5179 0.0058, -0.0945 -0.522 0.0026, -0.1417 -0.522 0.0026, -0.0945 -0.5267 0.0007, -0.1417 -0.5267 0.0007, -0.0945 -0.5318 0.0, -0.1417 -0.5318 0.0, -0.1417 -0.6775 0.0, -0.0945 -0.6775 0.0, -0.1417 -0.6972 0.0197, -0.0945 -0.6972 0.0197, -0.1417 -0.6972 0.1063, -0.0945 -0.6972 0.1063, -0.1417 -0.669 0.1149, -0.0945 -0.669 0.1149, -0.1417 -0.6653 0.1165, -0.0945 -0.6653 0.1165, -0.1417 -0.6622 0.119, -0.0945 -0.6622 0.119, -0.1417 -0.6598 0.1222, -0.0945 -0.6598 0.1222, -0.1417 -0.6583 0.1259, -0.0945 -0.6583 0.1259, -0.1417 -0.6578 0.1299, -0.0945 -0.6578 0.1299, -0.1417 -0.6578 0.1339, -0.0945 -0.6578 0.1339, -0.1417 -0.6027 0.1339, -0.0945 -0.6027 0.1339, -0.1417 -0.6027 0.1299, -0.0945 -0.6027 0.1299, -0.1417 -0.5633 0.1299, -0.0945 -0.5633 0.1299, -0.1417 -0.5633 0.144, -0.0945 -0.5633 0.144, -0.1417 -0.524 0.1834, -0.0945 -0.524 0.1834, -0.1417 -0.4334 0.1834, -0.0945 -0.4334 0.1834, -0.1417 -0.2248 0.1952, -0.0945 -0.2248 0.1952, -0.1417 -0.1753 0.2183, -0.0945 -0.1753 0.2183, -0.0945 -0.1705 0.22, -0.1417 -0.1705 0.22, -0.0945 -0.1655 0.2205, -0.1417 -0.1655 0.2205, -0.0945 -0.1604 0.2199, -0.1417 -0.1604 0.2199, -0.0945 -0.1557 0.2181, -0.1417 -0.1557 0.2181, -0.0945 -0.1514 0.2154, -0.1417 -0.1514 0.2154, -0.0945 -0.1479 0.2118, -0.1417 -0.1479 0.2118, -0.0945 -0.1453 0.2075, -0.1417 -0.1453 0.2075, -0.1417 -0.1381 0.1923, -0.0945 -0.1381 0.1923, -0.1417 -0.2149 0.1563, -0.0945 -0.2149 0.1563, -0.1417 -0.403 0.1456, -0.0945 -0.403 0.1456, -0.1417 -0.408 0.1447, -0.0945 -0.408 0.1447, -0.1417 -0.4126 0.1425, -0.0945 -0.4126 0.1425, -0.1417 -0.4164 0.1393, -0.0945 -0.4164 0.1393, -0.1417 -0.4193 0.1352, -0.0945 -0.4193 0.1352, -0.1417 -0.4211 0.1304, -0.0945 -0.4211 0.1304, -0.1417 -0.4216 0.1254, -0.0945 -0.4216 0.1254, -0.1417 -0.4208 0.1204, -0.0945 -0.4208 0.1204, -0.1417 -0.4188 0.1158, -0.0945 -0.4188 0.1158, -0.1417 -0.4156 0.1119, -0.0945 -0.4156 0.1119, -0.1417 -0.4116 0.1088, -0.0945 -0.4116 0.1088, -0.1417 -0.4069 0.1069, -0.0945 -0.4069 0.1069, -0.1417 -0.4019 0.1063, -0.0945 -0.4019 0.1063, -0.1417 -0.1696 0.1063, -0.0945 -0.1696 0.1063, -0.1417 -0.1224 0.1252, -0.0945 -0.1224 0.1252, -0.1417 -0.5122 0.0394, -0.0945 -0.5122 0.0394, -0.1417 -0.5318 0.0591, -0.1417 -0.1224 0.0591, -0.1417 -0.5318 0.0394, -0.0945 -0.5318 0.0591, -0.0945 -0.5318 0.0394, -0.0945 -0.1224 0.0591, -0.1417 -0.1421 0.3189, -0.1417 -0.1224 0.3189, -0.0945 -0.1421 0.3189, -0.0945 -0.1224 0.3189, -0.1417 -0.1516 0.3091, -0.0945 -0.1516 0.3091, -0.0945 -0.1552 0.3062, -0.1417 -0.1552 0.3062, -0.0945 -0.1593 0.3042, -0.1417 -0.1593 0.3042, -0.0945 -0.1638 0.3032, -0.1417 -0.1638 0.3032, -0.0945 -0.1684 0.3033, -0.1417 -0.1684 0.3033, -0.0945 -0.1729 0.3045, -0.1417 -0.1729 0.3045, -0.1417 -0.2444 0.3327, -0.0945 -0.2444 0.3327, -0.1417 -0.4776 0.3425, -0.0945 -0.4776 0.3425, -0.0945 -0.4825 0.3434, -0.1417 -0.4825 0.3434, -0.0945 -0.487 0.3454, -0.1417 -0.487 0.3454, -0.0945 -0.4909 0.3486, -0.1417 -0.4909 0.3486, -0.0945 -0.4939 0.3526, -0.1417 -0.4939 0.3526, -0.0945 -0.4958 0.3572, -0.1417 -0.4958 0.3572, -0.0945 -0.4964 0.3622, -0.1417 -0.4964 0.3622, -0.1417 -0.4964 0.3701, -0.0945 -0.4964 0.3701, -0.0945 -0.4959 0.3742, -0.1417 -0.4959 0.3742, -0.0945 -0.4943 0.378, -0.1417 -0.4943 0.378, -0.0945 -0.4918 0.3812, -0.1417 -0.4918 0.3812, -0.0945 -0.4885 0.3837, -0.1417 -0.4885 0.3837, -0.0945 -0.4847 0.3853, -0.1417 -0.4847 0.3853, -0.0945 -0.4807 0.3858, -0.1417 -0.4807 0.3858, -0.1417 -0.1224 0.3858, -0.0945 -0.1224 0.3858, -0.378 0.169 0.1969, -0.3307 0.169 0.1969, -0.378 0.169 0.2953, -0.3307 0.169 0.2953, -0.378 0.4347 0.1772, -0.378 0.4231 0.1772, -0.3307 0.4347 0.1772, -0.3307 0.4231 0.1772, -0.378 0.4395 0.1778, -0.3307 0.4395 0.1778, -0.378 0.444 0.1795, -0.3307 0.444 0.1795, -0.378 0.448 0.1823, -0.3307 0.448 0.1823, -0.378 0.4511 0.186, -0.3307 0.4511 0.186, -0.378 0.4533 0.1904, -0.3307 0.4533 0.1904, -0.3307 0.4551 0.194, -0.378 0.4551 0.194, -0.3307 0.4577 0.197, -0.378 0.4577 0.197, -0.3307 0.461 0.1992, -0.378 0.461 0.1992, -0.3307 0.4648 0.2006, -0.378 0.4648 0.2006, -0.3307 0.4688 0.2009, -0.378 0.4688 0.2009, -0.3307 0.4727 0.2003, -0.378 0.4727 0.2003, -0.3307 0.4764 0.1986, -0.378 0.4764 0.1986, -0.3307 0.4795 0.1961, -0.378 0.4795 0.1961, -0.3307 0.4819 0.1929, -0.378 0.4819 0.1929, -0.3307 0.4834 0.1892, -0.378 0.4834 0.1892, -0.3307 0.4839 0.1852, -0.378 0.4839 0.1852, -0.378 0.4839 0.126, -0.3307 0.4839 0.126, -0.378 0.4846 0.1209, -0.3307 0.4846 0.1209, -0.378 0.4865 0.1161, -0.3307 0.4865 0.1161, -0.378 0.4897 0.1121, -0.3307 0.4897 0.1121, -0.378 0.4938 0.1089, -0.3307 0.4938 0.1089, -0.378 0.4985 0.107, -0.3307 0.4985 0.107, -0.378 0.5036 0.1063, -0.3307 0.5036 0.1063, -0.378 0.5257 0.1063, -0.3307 0.5257 0.1063, -0.378 0.5302 0.1068, -0.3307 0.5302 0.1068, -0.378 0.5344 0.1083, -0.3307 0.5344 0.1083, -0.378 0.5382 0.1107, -0.3307 0.5382 0.1107, -0.378 0.5413 0.1139, -0.3307 0.5413 0.1139, -0.378 0.5436 0.1178, -0.3307 0.5436 0.1178, -0.378 0.545 0.122, -0.3307 0.545 0.122, -0.378 0.5529 0.122, -0.3307 0.5529 0.122, -0.378 0.5871 0.1086, -0.3307 0.5871 0.1086, -0.3307 0.592 0.1059, -0.378 0.592 0.1059, -0.3307 0.5962 0.1021, -0.378 0.5962 0.1021, -0.3307 0.5994 0.0975, -0.378 0.5994 0.0975, -0.3307 0.6013 0.0922, -0.378 0.6013 0.0922, -0.3307 0.602 0.0866, -0.378 0.602 0.0866, -0.378 0.602 0.0827, -0.3307 0.602 0.0827, -0.3307 0.6012 0.0766, -0.378 0.6012 0.0766, -0.3307 0.5989 0.0709, -0.378 0.5989 0.0709, -0.3307 0.5951 0.066, -0.378 0.5951 0.066, -0.3307 0.5902 0.0622, -0.378 0.5902 0.0622, -0.3307 0.5845 0.0599, -0.378 0.5845 0.0599, -0.3307 0.5784 0.0591, -0.378 0.5784 0.0591, -0.378 0.2871 0.3858, -0.378 0.169 0.3858, -0.3307 0.2871 0.3858, -0.3307 0.169 0.3858, -0.378 0.4878 0.3457, -0.3307 0.4878 0.3457, -0.3307 0.4921 0.3443, -0.378 0.4921 0.3443, -0.3307 0.4959 0.342, -0.378 0.4959 0.342, -0.3307 0.4991 0.3389, -0.378 0.4991 0.3389, -0.3307 0.5016 0.3351, -0.378 0.5016 0.3351, -0.3307 0.5031 0.3308, -0.378 0.5031 0.3308, -0.3307 0.5036 0.3264, -0.378 0.5036 0.3264, -0.378 0.5036 0.311, -0.3307 0.5036 0.311, -0.3307 0.5029 0.3059, -0.378 0.5029 0.3059, -0.3307 0.501 0.3012, -0.378 0.501 0.3012, -0.3307 0.4978 0.2971, -0.378 0.4978 0.2971, -0.3307 0.4938 0.294, -0.378 0.4938 0.294, -0.3307 0.489 0.292, -0.378 0.489 0.292, -0.3307 0.4839 0.2913, -0.378 0.4839 0.2913, -0.378 0.4432 0.2913, -0.3307 0.4432 0.2913, -0.378 0.2949 0.3071, -0.378 0.3725 0.2982, -0.3307 0.2949 0.3071, -0.3307 0.3725 0.2982, -0.378 0.2123 0.3071, -0.3307 0.2123 0.3071, -0.378 0.2123 0.1496, -0.3307 0.2123 0.1496, -0.378 0.2132 0.1425, -0.3307 0.2132 0.1425, -0.378 0.2159 0.1358, -0.3307 0.2159 0.1358, -0.378 0.2203 0.1301, -0.3307 0.2203 0.1301, -0.378 0.226 0.1257, -0.3307 0.226 0.1257, -0.378 0.2327 0.123, -0.3307 0.2327 0.123, -0.378 0.2398 0.122, -0.3307 0.2398 0.122, -0.378 0.2871 0.122, -0.3307 0.2871 0.122, -0.378 0.2973 0.1234, -0.3307 0.2973 0.1234, -0.378 0.3067 0.1273, -0.3307 0.3067 0.1273, -0.378 0.3149 0.1336, -0.3307 0.3149 0.1336, -0.378 0.3212 0.1417, -0.3307 0.3212 0.1417, -0.378 0.3251 0.1512, -0.3307 0.3251 0.1512, -0.378 0.3264 0.1614, -0.3307 0.3264 0.1614, -0.378 0.3264 0.1885, -0.3307 0.3264 0.1885, -0.3307 0.327 0.1926, -0.378 0.327 0.1926, -0.3307 0.3285 0.1964, -0.378 0.3285 0.1964, -0.3307 0.331 0.1996, -0.378 0.331 0.1996, -0.3307 0.3343 0.2021, -0.378 0.3343 0.2021, -0.3307 0.3381 0.2037, -0.378 0.3381 0.2037, -0.3307 0.3422 0.2042, -0.378 0.3422 0.2042, -0.378 0.352 0.2042, -0.3307 0.352 0.2042, -0.3307 0.355 0.204, -0.378 0.355 0.204, -0.3307 0.3579 0.2033, -0.378 0.3579 0.2033, -0.378 0.4488 0.3228, -0.378 0.3768 0.3228, -0.378 0.3579 0.196, -0.378 0.169 0.0591, -0.378 0.4217 0.1693, -0.378 0.3667 0.1849, -0.378 0.378 0.1764, -0.378 0.3911 0.1711, -0.378 0.4052 0.1693, -0.3307 0.3768 0.3228, -0.3307 0.4217 0.1693, -0.3307 0.4488 0.3228, -0.3307 0.3579 0.196, -0.3307 0.169 0.0591, -0.3307 0.4052 0.1693, -0.3307 0.3911 0.1711, -0.3307 0.378 0.1764, -0.3307 0.3667 0.1849, -0.378 -0.5122 0.0197, -0.3307 -0.5122 0.0197, -0.3307 -0.5128 0.0146, -0.378 -0.5128 0.0146, -0.3307 -0.5148 0.0098, -0.378 -0.5148 0.0098, -0.3307 -0.5179 0.0058, -0.378 -0.5179 0.0058, -0.3307 -0.522 0.0026, -0.378 -0.522 0.0026, -0.3307 -0.5267 0.0007, -0.378 -0.5267 0.0007, -0.3307 -0.5318 0.0, -0.378 -0.5318 0.0, -0.378 -0.6775 0.0, -0.3307 -0.6775 0.0, -0.378 -0.6972 0.0197, -0.3307 -0.6972 0.0197, -0.378 -0.6972 0.1063, -0.3307 -0.6972 0.1063, -0.378 -0.669 0.1149, -0.3307 -0.669 0.1149, -0.378 -0.6653 0.1165, -0.3307 -0.6653 0.1165, -0.378 -0.6622 0.119, -0.3307 -0.6622 0.119, -0.378 -0.6598 0.1222, -0.3307 -0.6598 0.1222, -0.378 -0.6583 0.1259, -0.3307 -0.6583 0.1259, -0.378 -0.6578 0.1299, -0.3307 -0.6578 0.1299, -0.378 -0.6578 0.1339, -0.3307 -0.6578 0.1339, -0.378 -0.6027 0.1339, -0.3307 -0.6027 0.1339, -0.378 -0.6027 0.1299, -0.3307 -0.6027 0.1299, -0.378 -0.5633 0.1299, -0.3307 -0.5633 0.1299, -0.378 -0.5633 0.144, -0.3307 -0.5633 0.144, -0.378 -0.524 0.1834, -0.3307 -0.524 0.1834, -0.378 -0.4334 0.1834, -0.3307 -0.4334 0.1834, -0.378 -0.2248 0.1952, -0.3307 -0.2248 0.1952, -0.378 -0.1753 0.2183, -0.3307 -0.1753 0.2183, -0.3307 -0.1705 0.22, -0.378 -0.1705 0.22, -0.3307 -0.1655 0.2205, -0.378 -0.1655 0.2205, -0.3307 -0.1604 0.2199, -0.378 -0.1604 0.2199, -0.3307 -0.1557 0.2181, -0.378 -0.1557 0.2181, -0.3307 -0.1514 0.2154, -0.378 -0.1514 0.2154, -0.3307 -0.1479 0.2118, -0.378 -0.1479 0.2118, -0.3307 -0.1453 0.2075, -0.378 -0.1453 0.2075, -0.378 -0.1381 0.1923, -0.3307 -0.1381 0.1923, -0.378 -0.2149 0.1563, -0.3307 -0.2149 0.1563, -0.378 -0.403 0.1456, -0.3307 -0.403 0.1456, -0.378 -0.408 0.1447, -0.3307 -0.408 0.1447, -0.378 -0.4126 0.1425, -0.3307 -0.4126 0.1425, -0.378 -0.4164 0.1393, -0.3307 -0.4164 0.1393, -0.378 -0.4193 0.1352, -0.3307 -0.4193 0.1352, -0.378 -0.4211 0.1304, -0.3307 -0.4211 0.1304, -0.378 -0.4216 0.1254, -0.3307 -0.4216 0.1254, -0.378 -0.4208 0.1204, -0.3307 -0.4208 0.1204, -0.378 -0.4188 0.1158, -0.3307 -0.4188 0.1158, -0.378 -0.4156 0.1119, -0.3307 -0.4156 0.1119, -0.378 -0.4116 0.1088, -0.3307 -0.4116 0.1088, -0.378 -0.4069 0.1069, -0.3307 -0.4069 0.1069, -0.378 -0.4019 0.1063, -0.3307 -0.4019 0.1063, -0.378 -0.1696 0.1063, -0.3307 -0.1696 0.1063, -0.378 -0.1224 0.1252, -0.3307 -0.1224 0.1252, -0.378 -0.5122 0.0394, -0.3307 -0.5122 0.0394, -0.378 -0.5318 0.0591, -0.378 -0.1224 0.0591, -0.378 -0.5318 0.0394, -0.3307 -0.5318 0.0591, -0.3307 -0.5318 0.0394, -0.3307 -0.1224 0.0591, -0.378 -0.1421 0.3189, -0.378 -0.1224 0.3189, -0.3307 -0.1421 0.3189, -0.3307 -0.1224 0.3189, -0.378 -0.1516 0.3091, -0.3307 -0.1516 0.3091, -0.3307 -0.1552 0.3062, -0.378 -0.1552 0.3062, -0.3307 -0.1593 0.3042, -0.378 -0.1593 0.3042, -0.3307 -0.1638 0.3032, -0.378 -0.1638 0.3032, -0.3307 -0.1684 0.3033, -0.378 -0.1684 0.3033, -0.3307 -0.1729 0.3045, -0.378 -0.1729 0.3045, -0.378 -0.2444 0.3327, -0.3307 -0.2444 0.3327, -0.378 -0.4776 0.3425, -0.3307 -0.4776 0.3425, -0.3307 -0.4825 0.3434, -0.378 -0.4825 0.3434, -0.3307 -0.487 0.3454, -0.378 -0.487 0.3454, -0.3307 -0.4909 0.3486, -0.378 -0.4909 0.3486, -0.3307 -0.4939 0.3526, -0.378 -0.4939 0.3526, -0.3307 -0.4958 0.3572, -0.378 -0.4958 0.3572, -0.3307 -0.4964 0.3622, -0.378 -0.4964 0.3622, -0.378 -0.4964 0.3701, -0.3307 -0.4964 0.3701, -0.3307 -0.4959 0.3742, -0.378 -0.4959 0.3742, -0.3307 -0.4943 0.378, -0.378 -0.4943 0.378, -0.3307 -0.4918 0.3812, -0.378 -0.4918 0.3812, -0.3307 -0.4885 0.3837, -0.378 -0.4885 0.3837, -0.3307 -0.4847 0.3853, -0.378 -0.4847 0.3853, -0.3307 -0.4807 0.3858, -0.378 -0.4807 0.3858, -0.378 -0.1224 0.3858, -0.3307 -0.1224 0.3858, -0.5669 0.169 0.1969, -0.5669 0.169 0.2953, -0.5906 0.169 0.1969, -0.6142 0.169 0.2953, -0.6142 0.169 0.1969, -0.6142 0.4347 0.1772, -0.6142 0.4231 0.1772, -0.5669 0.4347 0.1772, -0.5669 0.4231 0.1772, -0.6142 0.4395 0.1778, -0.5669 0.4395 0.1778, -0.6142 0.444 0.1795, -0.5669 0.444 0.1795, -0.6142 0.448 0.1823, -0.5669 0.448 0.1823, -0.6142 0.4511 0.186, -0.5669 0.4511 0.186, -0.6142 0.4533 0.1904, -0.5669 0.4533 0.1904, -0.5669 0.4551 0.194, -0.6142 0.4551 0.194, -0.5669 0.4577 0.197, -0.6142 0.4577 0.197, -0.5669 0.461 0.1992, -0.6142 0.461 0.1992, -0.5669 0.4648 0.2006, -0.6142 0.4648 0.2006, -0.5669 0.4688 0.2009, -0.6142 0.4688 0.2009, -0.5669 0.4727 0.2003, -0.6142 0.4727 0.2003, -0.5669 0.4764 0.1986, -0.6142 0.4764 0.1986, -0.5669 0.4795 0.1961, -0.6142 0.4795 0.1961, -0.5669 0.4819 0.1929, -0.6142 0.4819 0.1929, -0.5669 0.4834 0.1892, -0.6142 0.4834 0.1892, -0.5669 0.4839 0.1852, -0.6142 0.4839 0.1852, -0.6142 0.4839 0.126, -0.5669 0.4839 0.126, -0.6142 0.4846 0.1209, -0.5669 0.4846 0.1209, -0.6142 0.4865 0.1161, -0.5669 0.4865 0.1161, -0.6142 0.4897 0.1121, -0.5669 0.4897 0.1121, -0.6142 0.4938 0.1089, -0.5669 0.4938 0.1089, -0.6142 0.4985 0.107, -0.5669 0.4985 0.107, -0.6142 0.5036 0.1063, -0.5669 0.5036 0.1063, -0.6142 0.5257 0.1063, -0.5669 0.5257 0.1063, -0.6142 0.5302 0.1068, -0.5669 0.5302 0.1068, -0.6142 0.5344 0.1083, -0.5669 0.5344 0.1083, -0.6142 0.5382 0.1107, -0.5669 0.5382 0.1107, -0.6142 0.5413 0.1139, -0.5669 0.5413 0.1139, -0.6142 0.5436 0.1178, -0.5669 0.5436 0.1178, -0.6142 0.545 0.122, -0.5669 0.545 0.122, -0.6142 0.5529 0.122, -0.5669 0.5529 0.122, -0.6142 0.5871 0.1086, -0.5669 0.5871 0.1086, -0.5669 0.592 0.1059, -0.6142 0.592 0.1059, -0.5669 0.5962 0.1021, -0.6142 0.5962 0.1021, -0.5669 0.5994 0.0975, -0.6142 0.5994 0.0975, -0.5669 0.6013 0.0922, -0.6142 0.6013 0.0922, -0.5669 0.602 0.0866, -0.6142 0.602 0.0866, -0.6142 0.602 0.0827, -0.5669 0.602 0.0827, -0.5669 0.6012 0.0766, -0.6142 0.6012 0.0766, -0.5669 0.5989 0.0709, -0.6142 0.5989 0.0709, -0.5669 0.5951 0.066, -0.6142 0.5951 0.066, -0.5669 0.5902 0.0622, -0.6142 0.5902 0.0622, -0.5669 0.5845 0.0599, -0.6142 0.5845 0.0599, -0.5669 0.5784 0.0591, -0.6142 0.5784 0.0591, -0.6142 0.2871 0.3858, -0.6142 0.169 0.3858, -0.5669 0.2871 0.3858, -0.5669 0.169 0.3858, -0.6142 0.4878 0.3457, -0.5669 0.4878 0.3457, -0.5669 0.4921 0.3443, -0.6142 0.4921 0.3443, -0.5669 0.4959 0.342, -0.6142 0.4959 0.342, -0.5669 0.4991 0.3389, -0.6142 0.4991 0.3389, -0.5669 0.5016 0.3351, -0.6142 0.5016 0.3351, -0.5669 0.5031 0.3308, -0.6142 0.5031 0.3308, -0.5669 0.5036 0.3264, -0.6142 0.5036 0.3264, -0.6142 0.5036 0.311, -0.5669 0.5036 0.311, -0.5669 0.5029 0.3059, -0.6142 0.5029 0.3059, -0.5669 0.501 0.3012, -0.6142 0.501 0.3012, -0.5669 0.4978 0.2971, -0.6142 0.4978 0.2971, -0.5669 0.4938 0.294, -0.6142 0.4938 0.294, -0.5669 0.489 0.292, -0.6142 0.489 0.292, -0.5669 0.4839 0.2913, -0.6142 0.4839 0.2913, -0.6142 0.4432 0.2913, -0.5669 0.4432 0.2913, -0.6142 0.2949 0.3071, -0.6142 0.3725 0.2982, -0.5669 0.2949 0.3071, -0.5669 0.3725 0.2982, -0.6142 0.2123 0.3071, -0.5669 0.2123 0.3071, -0.6142 0.2123 0.1496, -0.5669 0.2123 0.1496, -0.6142 0.2132 0.1425, -0.5669 0.2132 0.1425, -0.6142 0.2159 0.1358, -0.5669 0.2159 0.1358, -0.6142 0.2203 0.1301, -0.5669 0.2203 0.1301, -0.6142 0.226 0.1257, -0.5669 0.226 0.1257, -0.6142 0.2327 0.123, -0.5669 0.2327 0.123, -0.6142 0.2398 0.122, -0.5669 0.2398 0.122, -0.6142 0.2871 0.122, -0.5669 0.2871 0.122, -0.6142 0.2973 0.1234, -0.5669 0.2973 0.1234, -0.6142 0.3067 0.1273, -0.5669 0.3067 0.1273, -0.6142 0.3149 0.1336, -0.5669 0.3149 0.1336, -0.6142 0.3212 0.1417, -0.5669 0.3212 0.1417, -0.6142 0.3251 0.1512, -0.5669 0.3251 0.1512, -0.6142 0.3264 0.1614, -0.5669 0.3264 0.1614, -0.6142 0.3264 0.1885, -0.5669 0.3264 0.1885, -0.5669 0.327 0.1926, -0.6142 0.327 0.1926, -0.5669 0.3285 0.1964, -0.6142 0.3285 0.1964, -0.5669 0.331 0.1996, -0.6142 0.331 0.1996, -0.5669 0.3343 0.2021, -0.6142 0.3343 0.2021, -0.5669 0.3381 0.2037, -0.6142 0.3381 0.2037, -0.5669 0.3422 0.2042, -0.6142 0.3422 0.2042, -0.6142 0.352 0.2042, -0.5669 0.352 0.2042, -0.5669 0.355 0.204, -0.6142 0.355 0.204, -0.5669 0.3579 0.2033, -0.6142 0.3579 0.2033, -0.6142 0.4488 0.3228, -0.6142 0.3768 0.3228, -0.6142 0.3579 0.196, -0.6142 0.169 0.0591, -0.6142 0.4217 0.1693, -0.6142 0.3667 0.1849, -0.6142 0.378 0.1764, -0.6142 0.3911 0.1711, -0.6142 0.4052 0.1693, -0.5669 0.3768 0.3228, -0.5669 0.4217 0.1693, -0.5669 0.4488 0.3228, -0.5669 0.3579 0.196, -0.5669 0.169 0.0591, -0.5669 0.4052 0.1693, -0.5669 0.3911 0.1711, -0.5669 0.378 0.1764, -0.5669 0.3667 0.1849, -0.6142 -0.5122 0.0197, -0.5669 -0.5122 0.0197, -0.5669 -0.5128 0.0146, -0.6142 -0.5128 0.0146, -0.5669 -0.5148 0.0098, -0.6142 -0.5148 0.0098, -0.5669 -0.5179 0.0058, -0.6142 -0.5179 0.0058, -0.5669 -0.522 0.0026, -0.6142 -0.522 0.0026, -0.5669 -0.5267 0.0007, -0.6142 -0.5267 0.0007, -0.5669 -0.5318 0.0, -0.6142 -0.5318 0.0, -0.6142 -0.6775 0.0, -0.5669 -0.6775 0.0, -0.6142 -0.6972 0.0197, -0.5669 -0.6972 0.0197, -0.6142 -0.6972 0.1063, -0.5669 -0.6972 0.1063, -0.6142 -0.669 0.1149, -0.5669 -0.669 0.1149, -0.6142 -0.6653 0.1165, -0.5669 -0.6653 0.1165, -0.6142 -0.6622 0.119, -0.5669 -0.6622 0.119, -0.6142 -0.6598 0.1222, -0.5669 -0.6598 0.1222, -0.6142 -0.6583 0.1259, -0.5669 -0.6583 0.1259, -0.6142 -0.6578 0.1299, -0.5669 -0.6578 0.1299, -0.6142 -0.6578 0.1339, -0.5669 -0.6578 0.1339, -0.6142 -0.6027 0.1339, -0.5669 -0.6027 0.1339, -0.6142 -0.6027 0.1299, -0.5669 -0.6027 0.1299, -0.6142 -0.5633 0.1299, -0.5669 -0.5633 0.1299, -0.6142 -0.5633 0.144, -0.5669 -0.5633 0.144, -0.6142 -0.524 0.1834, -0.5669 -0.524 0.1834, -0.6142 -0.4334 0.1834, -0.5669 -0.4334 0.1834, -0.6142 -0.2248 0.1952, -0.5669 -0.2248 0.1952, -0.6142 -0.1753 0.2183, -0.5669 -0.1753 0.2183, -0.5669 -0.1705 0.22, -0.6142 -0.1705 0.22, -0.5669 -0.1655 0.2205, -0.6142 -0.1655 0.2205, -0.5669 -0.1604 0.2199, -0.6142 -0.1604 0.2199, -0.5669 -0.1557 0.2181, -0.6142 -0.1557 0.2181, -0.5669 -0.1514 0.2154, -0.6142 -0.1514 0.2154, -0.5669 -0.1479 0.2118, -0.6142 -0.1479 0.2118, -0.5669 -0.1453 0.2075, -0.6142 -0.1453 0.2075, -0.6142 -0.1381 0.1923, -0.5669 -0.1381 0.1923, -0.6142 -0.2149 0.1563, -0.5669 -0.2149 0.1563, -0.6142 -0.403 0.1456, -0.5669 -0.403 0.1456, -0.6142 -0.408 0.1447, -0.5669 -0.408 0.1447, -0.6142 -0.4126 0.1425, -0.5669 -0.4126 0.1425, -0.6142 -0.4164 0.1393, -0.5669 -0.4164 0.1393, -0.6142 -0.4193 0.1352, -0.5669 -0.4193 0.1352, -0.6142 -0.4211 0.1304, -0.5669 -0.4211 0.1304, -0.6142 -0.4216 0.1254, -0.5669 -0.4216 0.1254, -0.6142 -0.4208 0.1204, -0.5669 -0.4208 0.1204, -0.6142 -0.4188 0.1158, -0.5669 -0.4188 0.1158, -0.6142 -0.4156 0.1119, -0.5669 -0.4156 0.1119, -0.6142 -0.4116 0.1088, -0.5669 -0.4116 0.1088, -0.6142 -0.4069 0.1069, -0.5669 -0.4069 0.1069, -0.6142 -0.4019 0.1063, -0.5669 -0.4019 0.1063, -0.6142 -0.1696 0.1063, -0.5669 -0.1696 0.1063, -0.6142 -0.1224 0.1252, -0.5669 -0.1224 0.1252, -0.6142 -0.5122 0.0394, -0.5669 -0.5122 0.0394, -0.6142 -0.5318 0.0591, -0.6142 -0.1224 0.0591, -0.6142 -0.5318 0.0394, -0.5669 -0.5318 0.0591, -0.5669 -0.5318 0.0394, -0.5669 -0.1224 0.0591, -0.6142 -0.1421 0.3189, -0.6142 -0.1224 0.3189, -0.5669 -0.1421 0.3189, -0.5669 -0.1224 0.3189, -0.6142 -0.1516 0.3091, -0.5669 -0.1516 0.3091, -0.5669 -0.1552 0.3062, -0.6142 -0.1552 0.3062, -0.5669 -0.1593 0.3042, -0.6142 -0.1593 0.3042, -0.5669 -0.1638 0.3032, -0.6142 -0.1638 0.3032, -0.5669 -0.1684 0.3033, -0.6142 -0.1684 0.3033, -0.5669 -0.1729 0.3045, -0.6142 -0.1729 0.3045, -0.6142 -0.2444 0.3327, -0.5669 -0.2444 0.3327, -0.6142 -0.4776 0.3425, -0.5669 -0.4776 0.3425, -0.5669 -0.4825 0.3434, -0.6142 -0.4825 0.3434, -0.5669 -0.487 0.3454, -0.6142 -0.487 0.3454, -0.5669 -0.4909 0.3486, -0.6142 -0.4909 0.3486, -0.5669 -0.4939 0.3526, -0.6142 -0.4939 0.3526, -0.5669 -0.4958 0.3572, -0.6142 -0.4958 0.3572, -0.5669 -0.4964 0.3622, -0.6142 -0.4964 0.3622, -0.6142 -0.4964 0.3701, -0.5669 -0.4964 0.3701, -0.5669 -0.4959 0.3742, -0.6142 -0.4959 0.3742, -0.5669 -0.4943 0.378, -0.6142 -0.4943 0.378, -0.5669 -0.4918 0.3812, -0.6142 -0.4918 0.3812, -0.5669 -0.4885 0.3837, -0.6142 -0.4885 0.3837, -0.5669 -0.4847 0.3853, -0.6142 -0.4847 0.3853, -0.5669 -0.4807 0.3858, -0.6142 -0.4807 0.3858, -0.6142 -0.1224 0.3858, -0.5669 -0.1224 0.3858, -0.8031 0.169 0.1969, -0.8031 0.169 0.2953, -0.8268 0.169 0.1969, -0.8504 0.169 0.2953, -0.8504 0.169 0.1969, -0.8504 0.4347 0.1772, -0.8504 0.4231 0.1772, -0.8031 0.4347 0.1772, -0.8031 0.4231 0.1772, -0.8504 0.4395 0.1778, -0.8031 0.4395 0.1778, -0.8504 0.444 0.1795, -0.8031 0.444 0.1795, -0.8504 0.448 0.1823, -0.8031 0.448 0.1823, -0.8504 0.4511 0.186, -0.8031 0.4511 0.186, -0.8504 0.4533 0.1904, -0.8031 0.4533 0.1904, -0.8031 0.4551 0.194, -0.8504 0.4551 0.194, -0.8031 0.4577 0.197, -0.8504 0.4577 0.197, -0.8031 0.461 0.1992, -0.8504 0.461 0.1992, -0.8031 0.4648 0.2006, -0.8504 0.4648 0.2006, -0.8031 0.4688 0.2009, -0.8504 0.4688 0.2009, -0.8031 0.4727 0.2003, -0.8504 0.4727 0.2003, -0.8031 0.4764 0.1986, -0.8504 0.4764 0.1986, -0.8031 0.4795 0.1961, -0.8504 0.4795 0.1961, -0.8031 0.4819 0.1929, -0.8504 0.4819 0.1929, -0.8031 0.4834 0.1892, -0.8504 0.4834 0.1892, -0.8031 0.4839 0.1852, -0.8504 0.4839 0.1852, -0.8504 0.4839 0.126, -0.8031 0.4839 0.126, -0.8504 0.4846 0.1209, -0.8031 0.4846 0.1209, -0.8504 0.4865 0.1161, -0.8031 0.4865 0.1161, -0.8504 0.4897 0.1121, -0.8031 0.4897 0.1121, -0.8504 0.4938 0.1089, -0.8031 0.4938 0.1089, -0.8504 0.4985 0.107, -0.8031 0.4985 0.107, -0.8504 0.5036 0.1063, -0.8031 0.5036 0.1063, -0.8504 0.5257 0.1063, -0.8031 0.5257 0.1063, -0.8504 0.5302 0.1068, -0.8031 0.5302 0.1068, -0.8504 0.5344 0.1083, -0.8031 0.5344 0.1083, -0.8504 0.5382 0.1107, -0.8031 0.5382 0.1107, -0.8504 0.5413 0.1139, -0.8031 0.5413 0.1139, -0.8504 0.5436 0.1178, -0.8031 0.5436 0.1178, -0.8504 0.545 0.122, -0.8031 0.545 0.122, -0.8504 0.5529 0.122, -0.8031 0.5529 0.122, -0.8504 0.5871 0.1086, -0.8031 0.5871 0.1086, -0.8031 0.592 0.1059, -0.8504 0.592 0.1059, -0.8031 0.5962 0.1021, -0.8504 0.5962 0.1021, -0.8031 0.5994 0.0975, -0.8504 0.5994 0.0975, -0.8031 0.6013 0.0922, -0.8504 0.6013 0.0922, -0.8031 0.602 0.0866, -0.8504 0.602 0.0866, -0.8504 0.602 0.0827, -0.8031 0.602 0.0827, -0.8031 0.6012 0.0766, -0.8504 0.6012 0.0766, -0.8031 0.5989 0.0709, -0.8504 0.5989 0.0709, -0.8031 0.5951 0.066, -0.8504 0.5951 0.066, -0.8031 0.5902 0.0622, -0.8504 0.5902 0.0622, -0.8031 0.5845 0.0599, -0.8504 0.5845 0.0599, -0.8031 0.5784 0.0591, -0.8504 0.5784 0.0591, -0.8504 0.2871 0.3858, -0.8504 0.169 0.3858, -0.8031 0.2871 0.3858, -0.8031 0.169 0.3858, -0.8504 0.4878 0.3457, -0.8031 0.4878 0.3457, -0.8031 0.4921 0.3443, -0.8504 0.4921 0.3443, -0.8031 0.4959 0.342, -0.8504 0.4959 0.342, -0.8031 0.4991 0.3389, -0.8504 0.4991 0.3389, -0.8031 0.5016 0.3351, -0.8504 0.5016 0.3351, -0.8031 0.5031 0.3308, -0.8504 0.5031 0.3308, -0.8031 0.5036 0.3264, -0.8504 0.5036 0.3264, -0.8504 0.5036 0.311, -0.8031 0.5036 0.311, -0.8031 0.5029 0.3059, -0.8504 0.5029 0.3059, -0.8031 0.501 0.3012, -0.8504 0.501 0.3012, -0.8031 0.4978 0.2971, -0.8504 0.4978 0.2971, -0.8031 0.4938 0.294, -0.8504 0.4938 0.294, -0.8031 0.489 0.292, -0.8504 0.489 0.292, -0.8031 0.4839 0.2913, -0.8504 0.4839 0.2913, -0.8504 0.4432 0.2913, -0.8031 0.4432 0.2913, -0.8504 0.2949 0.3071, -0.8504 0.3725 0.2982, -0.8031 0.2949 0.3071, -0.8031 0.3725 0.2982, -0.8504 0.2123 0.3071, -0.8031 0.2123 0.3071, -0.8504 0.2123 0.1496, -0.8031 0.2123 0.1496, -0.8504 0.2132 0.1425, -0.8031 0.2132 0.1425, -0.8504 0.2159 0.1358, -0.8031 0.2159 0.1358, -0.8504 0.2203 0.1301, -0.8031 0.2203 0.1301, -0.8504 0.226 0.1257, -0.8031 0.226 0.1257, -0.8504 0.2327 0.123, -0.8031 0.2327 0.123, -0.8504 0.2398 0.122, -0.8031 0.2398 0.122, -0.8504 0.2871 0.122, -0.8031 0.2871 0.122, -0.8504 0.2973 0.1234, -0.8031 0.2973 0.1234, -0.8504 0.3067 0.1273, -0.8031 0.3067 0.1273, -0.8504 0.3149 0.1336, -0.8031 0.3149 0.1336, -0.8504 0.3212 0.1417, -0.8031 0.3212 0.1417, -0.8504 0.3251 0.1512, -0.8031 0.3251 0.1512, -0.8504 0.3264 0.1614, -0.8031 0.3264 0.1614, -0.8504 0.3264 0.1885, -0.8031 0.3264 0.1885, -0.8031 0.327 0.1926, -0.8504 0.327 0.1926, -0.8031 0.3285 0.1964, -0.8504 0.3285 0.1964, -0.8031 0.331 0.1996, -0.8504 0.331 0.1996, -0.8031 0.3343 0.2021, -0.8504 0.3343 0.2021, -0.8031 0.3381 0.2037, -0.8504 0.3381 0.2037, -0.8031 0.3422 0.2042, -0.8504 0.3422 0.2042, -0.8504 0.352 0.2042, -0.8031 0.352 0.2042, -0.8031 0.355 0.204, -0.8504 0.355 0.204, -0.8031 0.3579 0.2033, -0.8504 0.3579 0.2033, -0.8504 0.4488 0.3228, -0.8504 0.3768 0.3228, -0.8504 0.3579 0.196, -0.8504 0.169 0.0591, -0.8504 0.4217 0.1693, -0.8504 0.3667 0.1849, -0.8504 0.378 0.1764, -0.8504 0.3911 0.1711, -0.8504 0.4052 0.1693, -0.8031 0.3768 0.3228, -0.8031 0.4217 0.1693, -0.8031 0.4488 0.3228, -0.8031 0.3579 0.196, -0.8031 0.169 0.0591, -0.8031 0.4052 0.1693, -0.8031 0.3911 0.1711, -0.8031 0.378 0.1764, -0.8031 0.3667 0.1849, -0.8504 -0.5122 0.0197, -0.8031 -0.5122 0.0197, -0.8031 -0.5128 0.0146, -0.8504 -0.5128 0.0146, -0.8031 -0.5148 0.0098, -0.8504 -0.5148 0.0098, -0.8031 -0.5179 0.0058, -0.8504 -0.5179 0.0058, -0.8031 -0.522 0.0026, -0.8504 -0.522 0.0026, -0.8031 -0.5267 0.0007, -0.8504 -0.5267 0.0007, -0.8031 -0.5318 0.0, -0.8504 -0.5318 0.0, -0.8504 -0.6775 0.0, -0.8031 -0.6775 0.0, -0.8504 -0.6972 0.0197, -0.8031 -0.6972 0.0197, -0.8504 -0.6972 0.1063, -0.8031 -0.6972 0.1063, -0.8504 -0.669 0.1149, -0.8031 -0.669 0.1149, -0.8504 -0.6653 0.1165, -0.8031 -0.6653 0.1165, -0.8504 -0.6622 0.119, -0.8031 -0.6622 0.119, -0.8504 -0.6598 0.1222, -0.8031 -0.6598 0.1222, -0.8504 -0.6583 0.1259, -0.8031 -0.6583 0.1259, -0.8504 -0.6578 0.1299, -0.8031 -0.6578 0.1299, -0.8504 -0.6578 0.1339, -0.8031 -0.6578 0.1339, -0.8504 -0.6027 0.1339, -0.8031 -0.6027 0.1339, -0.8504 -0.6027 0.1299, -0.8031 -0.6027 0.1299, -0.8504 -0.5633 0.1299, -0.8031 -0.5633 0.1299, -0.8504 -0.5633 0.144, -0.8031 -0.5633 0.144, -0.8504 -0.524 0.1834, -0.8031 -0.524 0.1834, -0.8504 -0.4334 0.1834, -0.8031 -0.4334 0.1834, -0.8504 -0.2248 0.1952, -0.8031 -0.2248 0.1952, -0.8504 -0.1753 0.2183, -0.8031 -0.1753 0.2183, -0.8031 -0.1705 0.22, -0.8504 -0.1705 0.22, -0.8031 -0.1655 0.2205, -0.8504 -0.1655 0.2205, -0.8031 -0.1604 0.2199, -0.8504 -0.1604 0.2199, -0.8031 -0.1557 0.2181, -0.8504 -0.1557 0.2181, -0.8031 -0.1514 0.2154, -0.8504 -0.1514 0.2154, -0.8031 -0.1479 0.2118, -0.8504 -0.1479 0.2118, -0.8031 -0.1453 0.2075, -0.8504 -0.1453 0.2075, -0.8504 -0.1381 0.1923, -0.8031 -0.1381 0.1923, -0.8504 -0.2149 0.1563, -0.8031 -0.2149 0.1563, -0.8504 -0.403 0.1456, -0.8031 -0.403 0.1456, -0.8504 -0.408 0.1447, -0.8031 -0.408 0.1447, -0.8504 -0.4126 0.1425, -0.8031 -0.4126 0.1425, -0.8504 -0.4164 0.1393, -0.8031 -0.4164 0.1393, -0.8504 -0.4193 0.1352, -0.8031 -0.4193 0.1352, -0.8504 -0.4211 0.1304, -0.8031 -0.4211 0.1304, -0.8504 -0.4216 0.1254, -0.8031 -0.4216 0.1254, -0.8504 -0.4208 0.1204, -0.8031 -0.4208 0.1204, -0.8504 -0.4188 0.1158, -0.8031 -0.4188 0.1158, -0.8504 -0.4156 0.1119, -0.8031 -0.4156 0.1119, -0.8504 -0.4116 0.1088, -0.8031 -0.4116 0.1088, -0.8504 -0.4069 0.1069, -0.8031 -0.4069 0.1069, -0.8504 -0.4019 0.1063, -0.8031 -0.4019 0.1063, -0.8504 -0.1696 0.1063, -0.8031 -0.1696 0.1063, -0.8504 -0.1224 0.1252, -0.8031 -0.1224 0.1252, -0.8504 -0.5122 0.0394, -0.8031 -0.5122 0.0394, -0.8504 -0.5318 0.0591, -0.8504 -0.1224 0.0591, -0.8504 -0.5318 0.0394, -0.8031 -0.5318 0.0591, -0.8031 -0.5318 0.0394, -0.8031 -0.1224 0.0591, -0.8504 -0.1421 0.3189, -0.8504 -0.1224 0.3189, -0.8031 -0.1421 0.3189, -0.8031 -0.1224 0.3189, -0.8504 -0.1516 0.3091, -0.8031 -0.1516 0.3091, -0.8031 -0.1552 0.3062, -0.8504 -0.1552 0.3062, -0.8031 -0.1593 0.3042, -0.8504 -0.1593 0.3042, -0.8031 -0.1638 0.3032, -0.8504 -0.1638 0.3032, -0.8031 -0.1684 0.3033, -0.8504 -0.1684 0.3033, -0.8031 -0.1729 0.3045, -0.8504 -0.1729 0.3045, -0.8504 -0.2444 0.3327, -0.8031 -0.2444 0.3327, -0.8504 -0.4776 0.3425, -0.8031 -0.4776 0.3425, -0.8031 -0.4825 0.3434, -0.8504 -0.4825 0.3434, -0.8031 -0.487 0.3454, -0.8504 -0.487 0.3454, -0.8031 -0.4909 0.3486, -0.8504 -0.4909 0.3486, -0.8031 -0.4939 0.3526, -0.8504 -0.4939 0.3526, -0.8031 -0.4958 0.3572, -0.8504 -0.4958 0.3572, -0.8031 -0.4964 0.3622, -0.8504 -0.4964 0.3622, -0.8504 -0.4964 0.3701, -0.8031 -0.4964 0.3701, -0.8031 -0.4959 0.3742, -0.8504 -0.4959 0.3742, -0.8031 -0.4943 0.378, -0.8504 -0.4943 0.378, -0.8031 -0.4918 0.3812, -0.8504 -0.4918 0.3812, -0.8031 -0.4885 0.3837, -0.8504 -0.4885 0.3837, -0.8031 -0.4847 0.3853, -0.8504 -0.4847 0.3853, -0.8031 -0.4807 0.3858, -0.8504 -0.4807 0.3858, -0.8504 -0.1224 0.3858, -0.8031 -0.1224 0.3858, -1.0394 0.169 0.1969, -1.0394 0.169 0.2953, -1.063 0.169 0.1969, -1.0866 0.169 0.2953, -1.0866 0.169 0.1969, -1.0866 0.4347 0.1772, -1.0866 0.4231 0.1772, -1.0394 0.4347 0.1772, -1.0394 0.4231 0.1772, -1.0866 0.4395 0.1778, -1.0394 0.4395 0.1778, -1.0866 0.444 0.1795, -1.0394 0.444 0.1795, -1.0866 0.448 0.1823, -1.0394 0.448 0.1823, -1.0866 0.4511 0.186, -1.0394 0.4511 0.186, -1.0866 0.4533 0.1904, -1.0394 0.4533 0.1904, -1.0394 0.4551 0.194, -1.0866 0.4551 0.194, -1.0394 0.4577 0.197, -1.0866 0.4577 0.197, -1.0394 0.461 0.1992, -1.0866 0.461 0.1992, -1.0394 0.4648 0.2006, -1.0866 0.4648 0.2006, -1.0394 0.4688 0.2009, -1.0866 0.4688 0.2009, -1.0394 0.4727 0.2003, -1.0866 0.4727 0.2003, -1.0394 0.4764 0.1986, -1.0866 0.4764 0.1986, -1.0394 0.4795 0.1961, -1.0866 0.4795 0.1961, -1.0394 0.4819 0.1929, -1.0866 0.4819 0.1929, -1.0394 0.4834 0.1892, -1.0866 0.4834 0.1892, -1.0394 0.4839 0.1852, -1.0866 0.4839 0.1852, -1.0866 0.4839 0.126, -1.0394 0.4839 0.126, -1.0866 0.4846 0.1209, -1.0394 0.4846 0.1209, -1.0866 0.4865 0.1161, -1.0394 0.4865 0.1161, -1.0866 0.4897 0.1121, -1.0394 0.4897 0.1121, -1.0866 0.4938 0.1089, -1.0394 0.4938 0.1089, -1.0866 0.4985 0.107, -1.0394 0.4985 0.107, -1.0866 0.5036 0.1063, -1.0394 0.5036 0.1063, -1.0866 0.5257 0.1063, -1.0394 0.5257 0.1063, -1.0866 0.5302 0.1068, -1.0394 0.5302 0.1068, -1.0866 0.5344 0.1083, -1.0394 0.5344 0.1083, -1.0866 0.5382 0.1107, -1.0394 0.5382 0.1107, -1.0866 0.5413 0.1139, -1.0394 0.5413 0.1139, -1.0866 0.5436 0.1178, -1.0394 0.5436 0.1178, -1.0866 0.545 0.122, -1.0394 0.545 0.122, -1.0866 0.5529 0.122, -1.0394 0.5529 0.122, -1.0866 0.5871 0.1086, -1.0394 0.5871 0.1086, -1.0394 0.592 0.1059, -1.0866 0.592 0.1059, -1.0394 0.5962 0.1021, -1.0866 0.5962 0.1021, -1.0394 0.5994 0.0975, -1.0866 0.5994 0.0975, -1.0394 0.6013 0.0922, -1.0866 0.6013 0.0922, -1.0394 0.602 0.0866, -1.0866 0.602 0.0866, -1.0866 0.602 0.0827, -1.0394 0.602 0.0827, -1.0394 0.6012 0.0766, -1.0866 0.6012 0.0766, -1.0394 0.5989 0.0709, -1.0866 0.5989 0.0709, -1.0394 0.5951 0.066, -1.0866 0.5951 0.066, -1.0394 0.5902 0.0622, -1.0866 0.5902 0.0622, -1.0394 0.5845 0.0599, -1.0866 0.5845 0.0599, -1.0394 0.5784 0.0591, -1.0866 0.5784 0.0591, -1.0866 0.2871 0.3858, -1.0866 0.169 0.3858, -1.0394 0.2871 0.3858, -1.0394 0.169 0.3858, -1.0866 0.4878 0.3457, -1.0394 0.4878 0.3457, -1.0394 0.4921 0.3443, -1.0866 0.4921 0.3443, -1.0394 0.4959 0.342, -1.0866 0.4959 0.342, -1.0394 0.4991 0.3389, -1.0866 0.4991 0.3389, -1.0394 0.5016 0.3351, -1.0866 0.5016 0.3351, -1.0394 0.5031 0.3308, -1.0866 0.5031 0.3308, -1.0394 0.5036 0.3264, -1.0866 0.5036 0.3264, -1.0866 0.5036 0.311, -1.0394 0.5036 0.311, -1.0394 0.5029 0.3059, -1.0866 0.5029 0.3059, -1.0394 0.501 0.3012, -1.0866 0.501 0.3012, -1.0394 0.4978 0.2971, -1.0866 0.4978 0.2971, -1.0394 0.4938 0.294, -1.0866 0.4938 0.294, -1.0394 0.489 0.292, -1.0866 0.489 0.292, -1.0394 0.4839 0.2913, -1.0866 0.4839 0.2913, -1.0866 0.4432 0.2913, -1.0394 0.4432 0.2913, -1.0866 0.2949 0.3071, -1.0866 0.3725 0.2982, -1.0394 0.2949 0.3071, -1.0394 0.3725 0.2982, -1.0866 0.2123 0.3071, -1.0394 0.2123 0.3071, -1.0866 0.2123 0.1496, -1.0394 0.2123 0.1496, -1.0866 0.2132 0.1425, -1.0394 0.2132 0.1425, -1.0866 0.2159 0.1358, -1.0394 0.2159 0.1358, -1.0866 0.2203 0.1301, -1.0394 0.2203 0.1301, -1.0866 0.226 0.1257, -1.0394 0.226 0.1257, -1.0866 0.2327 0.123, -1.0394 0.2327 0.123, -1.0866 0.2398 0.122, -1.0394 0.2398 0.122, -1.0866 0.2871 0.122, -1.0394 0.2871 0.122, -1.0866 0.2973 0.1234, -1.0394 0.2973 0.1234, -1.0866 0.3067 0.1273, -1.0394 0.3067 0.1273, -1.0866 0.3149 0.1336, -1.0394 0.3149 0.1336, -1.0866 0.3212 0.1417, -1.0394 0.3212 0.1417, -1.0866 0.3251 0.1512, -1.0394 0.3251 0.1512, -1.0866 0.3264 0.1614, -1.0394 0.3264 0.1614, -1.0866 0.3264 0.1885, -1.0394 0.3264 0.1885, -1.0394 0.327 0.1926, -1.0866 0.327 0.1926, -1.0394 0.3285 0.1964, -1.0866 0.3285 0.1964, -1.0394 0.331 0.1996, -1.0866 0.331 0.1996, -1.0394 0.3343 0.2021, -1.0866 0.3343 0.2021, -1.0394 0.3381 0.2037, -1.0866 0.3381 0.2037, -1.0394 0.3422 0.2042, -1.0866 0.3422 0.2042, -1.0866 0.352 0.2042, -1.0394 0.352 0.2042, -1.0394 0.355 0.204, -1.0866 0.355 0.204, -1.0394 0.3579 0.2033, -1.0866 0.3579 0.2033, -1.0866 0.4488 0.3228, -1.0866 0.3768 0.3228, -1.0866 0.3579 0.196, -1.0866 0.169 0.0591, -1.0866 0.4217 0.1693, -1.0866 0.3667 0.1849, -1.0866 0.378 0.1764, -1.0866 0.3911 0.1711, -1.0866 0.4052 0.1693, -1.0394 0.3768 0.3228, -1.0394 0.4217 0.1693, -1.0394 0.4488 0.3228, -1.0394 0.3579 0.196, -1.0394 0.169 0.0591, -1.0394 0.4052 0.1693, -1.0394 0.3911 0.1711, -1.0394 0.378 0.1764, -1.0394 0.3667 0.1849, -1.0866 -0.5122 0.0197, -1.0394 -0.5122 0.0197, -1.0394 -0.5128 0.0146, -1.0866 -0.5128 0.0146, -1.0394 -0.5148 0.0098, -1.0866 -0.5148 0.0098, -1.0394 -0.5179 0.0058, -1.0866 -0.5179 0.0058, -1.0394 -0.522 0.0026, -1.0866 -0.522 0.0026, -1.0394 -0.5267 0.0007, -1.0866 -0.5267 0.0007, -1.0394 -0.5318 0.0, -1.0866 -0.5318 0.0, -1.0866 -0.6775 0.0, -1.0394 -0.6775 0.0, -1.0866 -0.6972 0.0197, -1.0394 -0.6972 0.0197, -1.0866 -0.6972 0.1063, -1.0394 -0.6972 0.1063, -1.0866 -0.669 0.1149, -1.0394 -0.669 0.1149, -1.0866 -0.6653 0.1165, -1.0394 -0.6653 0.1165, -1.0866 -0.6622 0.119, -1.0394 -0.6622 0.119, -1.0866 -0.6598 0.1222, -1.0394 -0.6598 0.1222, -1.0866 -0.6583 0.1259, -1.0394 -0.6583 0.1259, -1.0866 -0.6578 0.1299, -1.0394 -0.6578 0.1299, -1.0866 -0.6578 0.1339, -1.0394 -0.6578 0.1339, -1.0866 -0.6027 0.1339, -1.0394 -0.6027 0.1339, -1.0866 -0.6027 0.1299, -1.0394 -0.6027 0.1299, -1.0866 -0.5633 0.1299, -1.0394 -0.5633 0.1299, -1.0866 -0.5633 0.144, -1.0394 -0.5633 0.144, -1.0866 -0.524 0.1834, -1.0394 -0.524 0.1834, -1.0866 -0.4334 0.1834, -1.0394 -0.4334 0.1834, -1.0866 -0.2248 0.1952, -1.0394 -0.2248 0.1952, -1.0866 -0.1753 0.2183, -1.0394 -0.1753 0.2183, -1.0394 -0.1705 0.22, -1.0866 -0.1705 0.22, -1.0394 -0.1655 0.2205, -1.0866 -0.1655 0.2205, -1.0394 -0.1604 0.2199, -1.0866 -0.1604 0.2199, -1.0394 -0.1557 0.2181, -1.0866 -0.1557 0.2181, -1.0394 -0.1514 0.2154, -1.0866 -0.1514 0.2154, -1.0394 -0.1479 0.2118, -1.0866 -0.1479 0.2118, -1.0394 -0.1453 0.2075, -1.0866 -0.1453 0.2075, -1.0866 -0.1381 0.1923, -1.0394 -0.1381 0.1923, -1.0866 -0.2149 0.1563, -1.0394 -0.2149 0.1563, -1.0866 -0.403 0.1456, -1.0394 -0.403 0.1456, -1.0866 -0.408 0.1447, -1.0394 -0.408 0.1447, -1.0866 -0.4126 0.1425, -1.0394 -0.4126 0.1425, -1.0866 -0.4164 0.1393, -1.0394 -0.4164 0.1393, -1.0866 -0.4193 0.1352, -1.0394 -0.4193 0.1352, -1.0866 -0.4211 0.1304, -1.0394 -0.4211 0.1304, -1.0866 -0.4216 0.1254, -1.0394 -0.4216 0.1254, -1.0866 -0.4208 0.1204, -1.0394 -0.4208 0.1204, -1.0866 -0.4188 0.1158, -1.0394 -0.4188 0.1158, -1.0866 -0.4156 0.1119, -1.0394 -0.4156 0.1119, -1.0866 -0.4116 0.1088, -1.0394 -0.4116 0.1088, -1.0866 -0.4069 0.1069, -1.0394 -0.4069 0.1069, -1.0866 -0.4019 0.1063, -1.0394 -0.4019 0.1063, -1.0866 -0.1696 0.1063, -1.0394 -0.1696 0.1063, -1.0866 -0.1224 0.1252, -1.0394 -0.1224 0.1252, -1.0866 -0.5122 0.0394, -1.0394 -0.5122 0.0394, -1.0866 -0.5318 0.0591, -1.0866 -0.1224 0.0591, -1.0866 -0.5318 0.0394, -1.0394 -0.5318 0.0591, -1.0394 -0.5318 0.0394, -1.0394 -0.1224 0.0591, -1.0866 -0.1421 0.3189, -1.0866 -0.1224 0.3189, -1.0394 -0.1421 0.3189, -1.0394 -0.1224 0.3189, -1.0866 -0.1516 0.3091, -1.0394 -0.1516 0.3091, -1.0394 -0.1552 0.3062, -1.0866 -0.1552 0.3062, -1.0394 -0.1593 0.3042, -1.0866 -0.1593 0.3042, -1.0394 -0.1638 0.3032, -1.0866 -0.1638 0.3032, -1.0394 -0.1684 0.3033, -1.0866 -0.1684 0.3033, -1.0394 -0.1729 0.3045, -1.0866 -0.1729 0.3045, -1.0866 -0.2444 0.3327, -1.0394 -0.2444 0.3327, -1.0866 -0.4776 0.3425, -1.0394 -0.4776 0.3425, -1.0394 -0.4825 0.3434, -1.0866 -0.4825 0.3434, -1.0394 -0.487 0.3454, -1.0866 -0.487 0.3454, -1.0394 -0.4909 0.3486, -1.0866 -0.4909 0.3486, -1.0394 -0.4939 0.3526, -1.0866 -0.4939 0.3526, -1.0394 -0.4958 0.3572, -1.0866 -0.4958 0.3572, -1.0394 -0.4964 0.3622, -1.0866 -0.4964 0.3622, -1.0866 -0.4964 0.3701, -1.0394 -0.4964 0.3701, -1.0394 -0.4959 0.3742, -1.0866 -0.4959 0.3742, -1.0394 -0.4943 0.378, -1.0866 -0.4943 0.378, -1.0394 -0.4918 0.3812, -1.0866 -0.4918 0.3812, -1.0394 -0.4885 0.3837, -1.0866 -0.4885 0.3837, -1.0394 -0.4847 0.3853, -1.0866 -0.4847 0.3853, -1.0394 -0.4807 0.3858, -1.0866 -0.4807 0.3858, -1.0866 -0.1224 0.3858, -1.0394 -0.1224 0.3858, -1.3228 0.169 0.1969, -1.2756 0.169 0.1969, -1.3228 0.169 0.2953, -1.2756 0.169 0.2953, -1.3228 0.4347 0.1772, -1.3228 0.4231 0.1772, -1.2756 0.4347 0.1772, -1.2756 0.4231 0.1772, -1.3228 0.4395 0.1778, -1.2756 0.4395 0.1778, -1.3228 0.444 0.1795, -1.2756 0.444 0.1795, -1.3228 0.448 0.1823, -1.2756 0.448 0.1823, -1.3228 0.4511 0.186, -1.2756 0.4511 0.186, -1.3228 0.4533 0.1904, -1.2756 0.4533 0.1904, -1.2756 0.4551 0.194, -1.3228 0.4551 0.194, -1.2756 0.4577 0.197, -1.3228 0.4577 0.197, -1.2756 0.461 0.1992, -1.3228 0.461 0.1992, -1.2756 0.4648 0.2006, -1.3228 0.4648 0.2006, -1.2756 0.4688 0.2009, -1.3228 0.4688 0.2009, -1.2756 0.4727 0.2003, -1.3228 0.4727 0.2003, -1.2756 0.4764 0.1986, -1.3228 0.4764 0.1986, -1.2756 0.4795 0.1961, -1.3228 0.4795 0.1961, -1.2756 0.4819 0.1929, -1.3228 0.4819 0.1929, -1.2756 0.4834 0.1892, -1.3228 0.4834 0.1892, -1.2756 0.4839 0.1852, -1.3228 0.4839 0.1852, -1.3228 0.4839 0.126, -1.2756 0.4839 0.126, -1.3228 0.4846 0.1209, -1.2756 0.4846 0.1209, -1.3228 0.4865 0.1161, -1.2756 0.4865 0.1161, -1.3228 0.4897 0.1121, -1.2756 0.4897 0.1121, -1.3228 0.4938 0.1089, -1.2756 0.4938 0.1089, -1.3228 0.4985 0.107, -1.2756 0.4985 0.107, -1.3228 0.5036 0.1063, -1.2756 0.5036 0.1063, -1.3228 0.5257 0.1063, -1.2756 0.5257 0.1063, -1.3228 0.5302 0.1068, -1.2756 0.5302 0.1068, -1.3228 0.5344 0.1083, -1.2756 0.5344 0.1083, -1.3228 0.5382 0.1107, -1.2756 0.5382 0.1107, -1.3228 0.5413 0.1139, -1.2756 0.5413 0.1139, -1.3228 0.5436 0.1178, -1.2756 0.5436 0.1178, -1.3228 0.545 0.122, -1.2756 0.545 0.122, -1.3228 0.5529 0.122, -1.2756 0.5529 0.122, -1.3228 0.5871 0.1086, -1.2756 0.5871 0.1086, -1.2756 0.592 0.1059, -1.3228 0.592 0.1059, -1.2756 0.5962 0.1021, -1.3228 0.5962 0.1021, -1.2756 0.5994 0.0975, -1.3228 0.5994 0.0975, -1.2756 0.6013 0.0922, -1.3228 0.6013 0.0922, -1.2756 0.602 0.0866, -1.3228 0.602 0.0866, -1.3228 0.602 0.0827, -1.2756 0.602 0.0827, -1.2756 0.6012 0.0766, -1.3228 0.6012 0.0766, -1.2756 0.5989 0.0709, -1.3228 0.5989 0.0709, -1.2756 0.5951 0.066, -1.3228 0.5951 0.066, -1.2756 0.5902 0.0622, -1.3228 0.5902 0.0622, -1.2756 0.5845 0.0599, -1.3228 0.5845 0.0599, -1.2756 0.5784 0.0591, -1.3228 0.5784 0.0591, -1.3228 0.2871 0.3858, -1.3228 0.169 0.3858, -1.2756 0.2871 0.3858, -1.2756 0.169 0.3858, -1.3228 0.4878 0.3457, -1.2756 0.4878 0.3457, -1.2756 0.4921 0.3443, -1.3228 0.4921 0.3443, -1.2756 0.4959 0.342, -1.3228 0.4959 0.342, -1.2756 0.4991 0.3389, -1.3228 0.4991 0.3389, -1.2756 0.5016 0.3351, -1.3228 0.5016 0.3351, -1.2756 0.5031 0.3308, -1.3228 0.5031 0.3308, -1.2756 0.5036 0.3264, -1.3228 0.5036 0.3264, -1.3228 0.5036 0.311, -1.2756 0.5036 0.311, -1.2756 0.5029 0.3059, -1.3228 0.5029 0.3059, -1.2756 0.501 0.3012, -1.3228 0.501 0.3012, -1.2756 0.4978 0.2971, -1.3228 0.4978 0.2971, -1.2756 0.4938 0.294, -1.3228 0.4938 0.294, -1.2756 0.489 0.292, -1.3228 0.489 0.292, -1.2756 0.4839 0.2913, -1.3228 0.4839 0.2913, -1.3228 0.4432 0.2913, -1.2756 0.4432 0.2913, -1.3228 0.2949 0.3071, -1.3228 0.3725 0.2982, -1.2756 0.2949 0.3071, -1.2756 0.3725 0.2982, -1.3228 0.2123 0.3071, -1.2756 0.2123 0.3071, -1.3228 0.2123 0.1496, -1.2756 0.2123 0.1496, -1.3228 0.2132 0.1425, -1.2756 0.2132 0.1425, -1.3228 0.2159 0.1358, -1.2756 0.2159 0.1358, -1.3228 0.2203 0.1301, -1.2756 0.2203 0.1301, -1.3228 0.226 0.1257, -1.2756 0.226 0.1257, -1.3228 0.2327 0.123, -1.2756 0.2327 0.123, -1.3228 0.2398 0.122, -1.2756 0.2398 0.122, -1.3228 0.2871 0.122, -1.2756 0.2871 0.122, -1.3228 0.2973 0.1234, -1.2756 0.2973 0.1234, -1.3228 0.3067 0.1273, -1.2756 0.3067 0.1273, -1.3228 0.3149 0.1336, -1.2756 0.3149 0.1336, -1.3228 0.3212 0.1417, -1.2756 0.3212 0.1417, -1.3228 0.3251 0.1512, -1.2756 0.3251 0.1512, -1.3228 0.3264 0.1614, -1.2756 0.3264 0.1614, -1.3228 0.3264 0.1885, -1.2756 0.3264 0.1885, -1.2756 0.327 0.1926, -1.3228 0.327 0.1926, -1.2756 0.3285 0.1964, -1.3228 0.3285 0.1964, -1.2756 0.331 0.1996, -1.3228 0.331 0.1996, -1.2756 0.3343 0.2021, -1.3228 0.3343 0.2021, -1.2756 0.3381 0.2037, -1.3228 0.3381 0.2037, -1.2756 0.3422 0.2042, -1.3228 0.3422 0.2042, -1.3228 0.352 0.2042, -1.2756 0.352 0.2042, -1.2756 0.355 0.204, -1.3228 0.355 0.204, -1.2756 0.3579 0.2033, -1.3228 0.3579 0.2033, -1.3228 0.4488 0.3228, -1.3228 0.3768 0.3228, -1.3228 0.3579 0.196, -1.3228 0.169 0.0591, -1.3228 0.4217 0.1693, -1.3228 0.3667 0.1849, -1.3228 0.378 0.1764, -1.3228 0.3911 0.1711, -1.3228 0.4052 0.1693, -1.2756 0.3768 0.3228, -1.2756 0.4217 0.1693, -1.2756 0.4488 0.3228, -1.2756 0.3579 0.196, -1.2756 0.169 0.0591, -1.2756 0.4052 0.1693, -1.2756 0.3911 0.1711, -1.2756 0.378 0.1764, -1.2756 0.3667 0.1849, -1.3228 -0.5122 0.0197, -1.2756 -0.5122 0.0197, -1.2756 -0.5128 0.0146, -1.3228 -0.5128 0.0146, -1.2756 -0.5148 0.0098, -1.3228 -0.5148 0.0098, -1.2756 -0.5179 0.0058, -1.3228 -0.5179 0.0058, -1.2756 -0.522 0.0026, -1.3228 -0.522 0.0026, -1.2756 -0.5267 0.0007, -1.3228 -0.5267 0.0007, -1.2756 -0.5318 0.0, -1.3228 -0.5318 0.0, -1.3228 -0.6775 0.0, -1.2756 -0.6775 0.0, -1.3228 -0.6972 0.0197, -1.2756 -0.6972 0.0197, -1.3228 -0.6972 0.1063, -1.2756 -0.6972 0.1063, -1.3228 -0.669 0.1149, -1.2756 -0.669 0.1149, -1.3228 -0.6653 0.1165, -1.2756 -0.6653 0.1165, -1.3228 -0.6622 0.119, -1.2756 -0.6622 0.119, -1.3228 -0.6598 0.1222, -1.2756 -0.6598 0.1222, -1.3228 -0.6583 0.1259, -1.2756 -0.6583 0.1259, -1.3228 -0.6578 0.1299, -1.2756 -0.6578 0.1299, -1.3228 -0.6578 0.1339, -1.2756 -0.6578 0.1339, -1.3228 -0.6027 0.1339, -1.2756 -0.6027 0.1339, -1.3228 -0.6027 0.1299, -1.2756 -0.6027 0.1299, -1.3228 -0.5633 0.1299, -1.2756 -0.5633 0.1299, -1.3228 -0.5633 0.144, -1.2756 -0.5633 0.144, -1.3228 -0.524 0.1834, -1.2756 -0.524 0.1834, -1.3228 -0.4334 0.1834, -1.2756 -0.4334 0.1834, -1.3228 -0.2248 0.1952, -1.2756 -0.2248 0.1952, -1.3228 -0.1753 0.2183, -1.2756 -0.1753 0.2183, -1.2756 -0.1705 0.22, -1.3228 -0.1705 0.22, -1.2756 -0.1655 0.2205, -1.3228 -0.1655 0.2205, -1.2756 -0.1604 0.2199, -1.3228 -0.1604 0.2199, -1.2756 -0.1557 0.2181, -1.3228 -0.1557 0.2181, -1.2756 -0.1514 0.2154, -1.3228 -0.1514 0.2154, -1.2756 -0.1479 0.2118, -1.3228 -0.1479 0.2118, -1.2756 -0.1453 0.2075, -1.3228 -0.1453 0.2075, -1.3228 -0.1381 0.1923, -1.2756 -0.1381 0.1923, -1.3228 -0.2149 0.1563, -1.2756 -0.2149 0.1563, -1.3228 -0.403 0.1456, -1.2756 -0.403 0.1456, -1.3228 -0.408 0.1447, -1.2756 -0.408 0.1447, -1.3228 -0.4126 0.1425, -1.2756 -0.4126 0.1425, -1.3228 -0.4164 0.1393, -1.2756 -0.4164 0.1393, -1.3228 -0.4193 0.1352, -1.2756 -0.4193 0.1352, -1.3228 -0.4211 0.1304, -1.2756 -0.4211 0.1304, -1.3228 -0.4216 0.1254, -1.2756 -0.4216 0.1254, -1.3228 -0.4208 0.1204, -1.2756 -0.4208 0.1204, -1.3228 -0.4188 0.1158, -1.2756 -0.4188 0.1158, -1.3228 -0.4156 0.1119, -1.2756 -0.4156 0.1119, -1.3228 -0.4116 0.1088, -1.2756 -0.4116 0.1088, -1.3228 -0.4069 0.1069, -1.2756 -0.4069 0.1069, -1.3228 -0.4019 0.1063, -1.2756 -0.4019 0.1063, -1.3228 -0.1696 0.1063, -1.2756 -0.1696 0.1063, -1.3228 -0.1224 0.1252, -1.2756 -0.1224 0.1252, -1.3228 -0.5122 0.0394, -1.2756 -0.5122 0.0394, -1.3228 -0.5318 0.0591, -1.3228 -0.1224 0.0591, -1.3228 -0.5318 0.0394, -1.2756 -0.5318 0.0591, -1.2756 -0.5318 0.0394, -1.2756 -0.1224 0.0591, -1.3228 -0.1421 0.3189, -1.3228 -0.1224 0.3189, -1.2756 -0.1421 0.3189, -1.2756 -0.1224 0.3189, -1.3228 -0.1516 0.3091, -1.2756 -0.1516 0.3091, -1.2756 -0.1552 0.3062, -1.3228 -0.1552 0.3062, -1.2756 -0.1593 0.3042, -1.3228 -0.1593 0.3042, -1.2756 -0.1638 0.3032, -1.3228 -0.1638 0.3032, -1.2756 -0.1684 0.3033, -1.3228 -0.1684 0.3033, -1.2756 -0.1729 0.3045, -1.3228 -0.1729 0.3045, -1.3228 -0.2444 0.3327, -1.2756 -0.2444 0.3327, -1.3228 -0.4776 0.3425, -1.2756 -0.4776 0.3425, -1.2756 -0.4825 0.3434, -1.3228 -0.4825 0.3434, -1.2756 -0.487 0.3454, -1.3228 -0.487 0.3454, -1.2756 -0.4909 0.3486, -1.3228 -0.4909 0.3486, -1.2756 -0.4939 0.3526, -1.3228 -0.4939 0.3526, -1.2756 -0.4958 0.3572, -1.3228 -0.4958 0.3572, -1.2756 -0.4964 0.3622, -1.3228 -0.4964 0.3622, -1.3228 -0.4964 0.3701, -1.2756 -0.4964 0.3701, -1.2756 -0.4959 0.3742, -1.3228 -0.4959 0.3742, -1.2756 -0.4943 0.378, -1.3228 -0.4943 0.378, -1.2756 -0.4918 0.3812, -1.3228 -0.4918 0.3812, -1.2756 -0.4885 0.3837, -1.3228 -0.4885 0.3837, -1.2756 -0.4847 0.3853, -1.3228 -0.4847 0.3853, -1.2756 -0.4807 0.3858, -1.3228 -0.4807 0.3858, -1.3228 -0.1224 0.3858, -1.2756 -0.1224 0.3858, 1.1575 -0.2838 0.063, 1.2047 -0.2838 0.063, 1.1575 -0.3625 0.063, 1.2047 -0.3625 0.063, 1.1575 -0.3232 0.1102, 1.1575 -0.585 0.1102, 1.2047 -0.3232 0.1102, 1.2047 -0.585 0.1102, 1.1575 -0.6145 0.063, 1.2047 -0.6145 0.063, 1.2047 -0.6196 0.0637, 1.1575 -0.6196 0.0637, 1.2047 -0.6244 0.0656, 1.1575 -0.6244 0.0656, 1.2047 -0.6284 0.0688, 1.1575 -0.6284 0.0688, 1.2047 -0.6316 0.0728, 1.1575 -0.6316 0.0728, 1.2047 -0.6335 0.0776, 1.1575 -0.6335 0.0776, 1.2047 -0.6342 0.0827, 1.1575 -0.6342 0.0827, 1.1575 -0.6342 0.0969, 1.2047 -0.6342 0.0969, 1.2047 -0.6336 0.1016, 1.1575 -0.6336 0.1016, 1.2047 -0.632 0.1059, 1.1575 -0.632 0.1059, 1.2047 -0.6294 0.1098, 1.1575 -0.6294 0.1098, 1.2047 -0.6259 0.1129, 1.1575 -0.6259 0.1129, 1.2047 -0.6218 0.1152, 1.1575 -0.6218 0.1152, 1.1575 -0.6047 0.122, 1.2047 -0.6047 0.122, 1.1575 -0.585 0.122, 1.2047 -0.585 0.122, 1.1575 -0.3232 0.0945, 1.1575 -0.2838 0.0945, 1.2047 -0.2838 0.0945, 1.2047 -0.3232 0.0945, 1.2047 0.2359 0.063, 1.1575 0.2359 0.063, 1.2047 0.3422 0.063, 1.1575 0.3422 0.063, 1.1575 0.3304 0.1634, 1.2047 0.3304 0.1634, 1.2047 0.3313 0.1705, 1.1575 0.3313 0.1705, 1.2047 0.3341 0.1772, 1.1575 0.3341 0.1772, 1.2047 0.3384 0.1829, 1.1575 0.3384 0.1829, 1.2047 0.3441 0.1873, 1.1575 0.3441 0.1873, 1.2047 0.3508 0.19, 1.1575 0.3508 0.19, 1.2047 0.3579 0.1909, 1.1575 0.3579 0.1909, 1.1575 0.3614 0.1909, 1.2047 0.3614 0.1909, 1.1575 0.469 0.1909, 1.1575 0.4255 0.1909, 1.2047 0.469 0.1909, 1.2047 0.4255 0.1909, 1.1575 0.4863 0.2067, 1.2047 0.4863 0.2067, 1.1575 0.5036 0.2067, 1.2047 0.5036 0.2067, 1.1575 0.5981 0.1535, 1.2047 0.5981 0.1535, 1.1575 0.6611 0.1535, 1.2047 0.6611 0.1535, 1.1575 0.6611 0.0984, 1.2047 0.6611 0.0984, 1.1575 0.6532 0.0984, 1.2047 0.6532 0.0984, 1.1575 0.6481 0.0978, 1.2047 0.6481 0.0978, 1.1575 0.6434 0.0958, 1.2047 0.6434 0.0958, 1.1575 0.6393 0.0927, 1.2047 0.6393 0.0927, 1.1575 0.6362 0.0886, 1.2047 0.6362 0.0886, 1.1575 0.6342 0.0838, 1.2047 0.6342 0.0838, 1.1575 0.6335 0.0787, 1.2047 0.6335 0.0787, 1.1575 0.6342 0.0736, 1.2047 0.6342 0.0736, 1.1575 0.6362 0.0689, 1.2047 0.6362 0.0689, 1.1575 0.6393 0.0648, 1.2047 0.6393 0.0648, 1.1575 0.6434 0.0617, 1.2047 0.6434 0.0617, 1.1575 0.6481 0.0597, 1.2047 0.6481 0.0597, 1.1575 0.6532 0.0591, 1.2047 0.6532 0.0591, 1.1575 0.6611 0.0591, 1.2047 0.6611 0.0591, 1.1575 0.6611 0.0197, 1.2047 0.6611 0.0197, 1.1575 0.6414 0.0, 1.2047 0.6414 0.0, 1.1575 0.5627 0.0, 1.2047 0.5627 0.0, 1.2047 0.5576 0.0007, 1.1575 0.5576 0.0007, 1.2047 0.5528 0.0026, 1.1575 0.5528 0.0026, 1.2047 0.5487 0.0058, 1.1575 0.5487 0.0058, 1.2047 0.5456 0.0098, 1.1575 0.5456 0.0098, 1.2047 0.5436 0.0146, 1.1575 0.5436 0.0146, 1.2047 0.543 0.0197, 1.1575 0.543 0.0197, 1.1575 0.543 0.027, 1.2047 0.543 0.027, 1.1575 0.1729 0.1181, 1.1575 0.169 0.1181, 1.2047 0.1729 0.1181, 1.2047 0.169 0.1181, 1.1575 0.1729 0.3307, 1.2047 0.1729 0.3307, 1.1575 0.169 0.3307, 1.2047 0.169 0.3307, 1.1575 0.4878 0.3429, 1.1575 0.169 0.3907, 1.2047 0.4878 0.3429, 1.2047 0.169 0.3907, 1.1575 0.5036 0.3287, 1.2047 0.5036 0.3287, 1.1575 0.5036 0.313, 1.2047 0.5036 0.313, 1.1575 0.476 0.2933, 1.2047 0.476 0.2933, 1.1575 0.4445 0.2933, 1.2047 0.4445 0.2933, 1.1575 0.4436 0.2934, 1.2047 0.4436 0.2934, 1.1575 0.3264 0.311, 1.1575 0.3735 0.304, 1.2047 0.3264 0.311, 1.2047 0.3735 0.304, 1.1575 0.2083 0.311, 1.2047 0.2083 0.311, 1.1575 0.2083 0.1181, 1.2047 0.2083 0.1181, 1.1575 0.3028 0.1181, 1.2047 0.3028 0.1181, 1.1575 0.3099 0.119, 1.2047 0.3099 0.119, 1.1575 0.3166 0.1218, 1.2047 0.3166 0.1218, 1.1575 0.3223 0.1262, 1.2047 0.3223 0.1262, 1.1575 0.3267 0.1319, 1.2047 0.3267 0.1319, 1.1575 0.3294 0.1385, 1.2047 0.3294 0.1385, 1.1575 0.3304 0.1457, 1.2047 0.3304 0.1457, 1.1575 0.4488 0.3228, 1.1575 0.5548 0.063, 1.1575 0.169 0.063, 1.1575 0.3768 0.3228, 1.1575 0.5548 0.0315, 1.1575 0.4217 0.1693, 1.1575 0.3911 0.1711, 1.1575 0.4052 0.1693, 1.1575 0.3667 0.1849, 1.1575 0.378 0.1764, 1.2047 0.169 0.063, 1.2047 0.4488 0.3228, 1.2047 0.4217 0.1693, 1.2047 0.3768 0.3228, 1.2047 0.5548 0.063, 1.2047 0.5548 0.0315, 1.2047 0.4052 0.1693, 1.2047 0.3911 0.1711, 1.2047 0.378 0.1764, 1.2047 0.3667 0.1849, 1.1575 -0.5182 0.3487, 1.2047 -0.5182 0.3487, 1.2047 -0.5231 0.3517, 1.1575 -0.5231 0.3517, 1.2047 -0.5271 0.3559, 1.1575 -0.5271 0.3559, 1.2047 -0.53 0.3609, 1.1575 -0.53 0.3609, 1.2047 -0.5316 0.3665, 1.1575 -0.5316 0.3665, 1.2047 -0.5317 0.3723, 1.1575 -0.5317 0.3723, 1.2047 -0.5305 0.378, 1.1575 -0.5305 0.378, 1.2047 -0.5279 0.3832, 1.1575 -0.5279 0.3832, 1.2047 -0.5241 0.3876, 1.1575 -0.5241 0.3876, 1.2047 -0.5194 0.3909, 1.1575 -0.5194 0.3909, 1.2047 -0.514 0.393, 1.1575 -0.514 0.393, 1.2047 -0.5082 0.3937, 1.1575 -0.5082 0.3937, 1.1575 -0.3232 0.3937, 1.2047 -0.3232 0.3937, 1.1575 -0.4177 0.3307, 1.1575 -0.3232 0.3307, 1.2047 -0.4177 0.3307, 1.2047 -0.3232 0.3307, 1.1575 -0.4272 0.3209, 1.2047 -0.4272 0.3209, 1.2047 -0.4309 0.3179, 1.1575 -0.4309 0.3179, 1.2047 -0.4354 0.3159, 1.1575 -0.4354 0.3159, 1.2047 -0.4401 0.315, 1.1575 -0.4401 0.315, 1.2047 -0.445 0.3153, 1.1575 -0.445 0.3153, 1.2047 -0.4496 0.3168, 1.1575 -0.4496 0.3168, 1.1575 -0.4856 0.1654, 1.1575 -0.3232 0.1548, 1.2047 -0.4856 0.1654, 1.2047 -0.3232 0.1548, 1.2047 -0.4894 0.1661, 1.1575 -0.4894 0.1661, 1.2047 -0.4928 0.1677, 1.1575 -0.4928 0.1677, 1.2047 -0.4958 0.1701, 1.1575 -0.4958 0.1701, 1.2047 -0.4982 0.1731, 1.1575 -0.4982 0.1731, 1.2047 -0.4997 0.1766, 1.1575 -0.4997 0.1766, 1.2047 -0.5003 0.1804, 1.1575 -0.5003 0.1804, 1.2047 -0.5 0.1842, 1.1575 -0.5 0.1842, 1.2047 -0.4988 0.1878, 1.1575 -0.4988 0.1878, 1.2047 -0.4968 0.1911, 1.1575 -0.4968 0.1911, 1.2047 -0.494 0.1937, 1.1575 -0.494 0.1937, 1.1575 -0.4531 0.2244, 1.2047 -0.4531 0.2244, 1.2047 -0.4486 0.2269, 1.1575 -0.4486 0.2269, 1.2047 -0.4436 0.2282, 1.1575 -0.4436 0.2282, 1.2047 -0.4385 0.2281, 1.1575 -0.4385 0.2281, 1.2047 -0.4336 0.2268, 1.1575 -0.4336 0.2268, 1.2047 -0.4291 0.2241, 1.1575 -0.4291 0.2241, 1.2047 -0.4255 0.2205, 1.1575 -0.4255 0.2205, 1.1575 -0.4137 0.2047, 1.2047 -0.4137 0.2047, 1.1575 -0.2934 0.1969, 1.2047 -0.2934 0.1969, 1.1575 -0.3232 0.1969, 1.2047 -0.3232 0.1969, 0.9213 -0.2838 0.063, 0.9685 -0.2838 0.063, 0.9213 -0.3625 0.063, 0.9685 -0.3625 0.063, 0.9213 -0.3232 0.1102, 0.9213 -0.585 0.1102, 0.9685 -0.3232 0.1102, 0.9685 -0.585 0.1102, 0.9213 -0.6145 0.063, 0.9685 -0.6145 0.063, 0.9685 -0.6196 0.0637, 0.9213 -0.6196 0.0637, 0.9685 -0.6244 0.0656, 0.9213 -0.6244 0.0656, 0.9685 -0.6284 0.0688, 0.9213 -0.6284 0.0688, 0.9685 -0.6316 0.0728, 0.9213 -0.6316 0.0728, 0.9685 -0.6335 0.0776, 0.9213 -0.6335 0.0776, 0.9685 -0.6342 0.0827, 0.9213 -0.6342 0.0827, 0.9213 -0.6342 0.0969, 0.9685 -0.6342 0.0969, 0.9685 -0.6336 0.1016, 0.9213 -0.6336 0.1016, 0.9685 -0.632 0.1059, 0.9213 -0.632 0.1059, 0.9685 -0.6294 0.1098, 0.9213 -0.6294 0.1098, 0.9685 -0.6259 0.1129, 0.9213 -0.6259 0.1129, 0.9685 -0.6218 0.1152, 0.9213 -0.6218 0.1152, 0.9213 -0.6047 0.122, 0.9685 -0.6047 0.122, 0.9213 -0.585 0.122, 0.9685 -0.585 0.122, 0.9213 -0.3232 0.0945, 0.9213 -0.2838 0.0945, 0.9685 -0.2838 0.0945, 0.9685 -0.3232 0.0945, 0.9685 0.2359 0.063, 0.9213 0.2359 0.063, 0.9685 0.3422 0.063, 0.9213 0.3422 0.063, 0.9213 0.3304 0.1634, 0.9685 0.3304 0.1634, 0.9685 0.3313 0.1705, 0.9213 0.3313 0.1705, 0.9685 0.3341 0.1772, 0.9213 0.3341 0.1772, 0.9685 0.3384 0.1829, 0.9213 0.3384 0.1829, 0.9685 0.3441 0.1873, 0.9213 0.3441 0.1873, 0.9685 0.3508 0.19, 0.9213 0.3508 0.19, 0.9685 0.3579 0.1909, 0.9213 0.3579 0.1909, 0.9213 0.3614 0.1909, 0.9685 0.3614 0.1909, 0.9213 0.469 0.1909, 0.9213 0.4255 0.1909, 0.9685 0.469 0.1909, 0.9685 0.4255 0.1909, 0.9213 0.4863 0.2067, 0.9685 0.4863 0.2067, 0.9213 0.5036 0.2067, 0.9685 0.5036 0.2067, 0.9213 0.5981 0.1535, 0.9685 0.5981 0.1535, 0.9213 0.6611 0.1535, 0.9685 0.6611 0.1535, 0.9213 0.6611 0.0984, 0.9685 0.6611 0.0984, 0.9213 0.6532 0.0984, 0.9685 0.6532 0.0984, 0.9213 0.6481 0.0978, 0.9685 0.6481 0.0978, 0.9213 0.6434 0.0958, 0.9685 0.6434 0.0958, 0.9213 0.6393 0.0927, 0.9685 0.6393 0.0927, 0.9213 0.6362 0.0886, 0.9685 0.6362 0.0886, 0.9213 0.6342 0.0838, 0.9685 0.6342 0.0838, 0.9213 0.6335 0.0787, 0.9685 0.6335 0.0787, 0.9213 0.6342 0.0736, 0.9685 0.6342 0.0736, 0.9213 0.6362 0.0689, 0.9685 0.6362 0.0689, 0.9213 0.6393 0.0648, 0.9685 0.6393 0.0648, 0.9213 0.6434 0.0617, 0.9685 0.6434 0.0617, 0.9213 0.6481 0.0597, 0.9685 0.6481 0.0597, 0.9213 0.6532 0.0591, 0.9685 0.6532 0.0591, 0.9213 0.6611 0.0591, 0.9685 0.6611 0.0591, 0.9213 0.6611 0.0197, 0.9685 0.6611 0.0197, 0.9213 0.6414 0.0, 0.9685 0.6414 0.0, 0.9213 0.5627 0.0, 0.9685 0.5627 0.0, 0.9685 0.5576 0.0007, 0.9213 0.5576 0.0007, 0.9685 0.5528 0.0026, 0.9213 0.5528 0.0026, 0.9685 0.5487 0.0058, 0.9213 0.5487 0.0058, 0.9685 0.5456 0.0098, 0.9213 0.5456 0.0098, 0.9685 0.5436 0.0146, 0.9213 0.5436 0.0146, 0.9685 0.543 0.0197, 0.9213 0.543 0.0197, 0.9213 0.543 0.027, 0.9685 0.543 0.027, 0.9213 0.1729 0.1181, 0.9213 0.169 0.1181, 0.9685 0.1729 0.1181, 0.9685 0.169 0.1181, 0.9213 0.1729 0.3307, 0.9685 0.1729 0.3307, 0.9213 0.169 0.3307, 0.9685 0.169 0.3307, 0.9213 0.4878 0.3429, 0.9213 0.169 0.3907, 0.9685 0.4878 0.3429, 0.9685 0.169 0.3907, 0.9213 0.5036 0.3287, 0.9685 0.5036 0.3287, 0.9213 0.5036 0.313, 0.9685 0.5036 0.313, 0.9213 0.476 0.2933, 0.9685 0.476 0.2933, 0.9213 0.4445 0.2933, 0.9685 0.4445 0.2933, 0.9213 0.4436 0.2934, 0.9685 0.4436 0.2934, 0.9213 0.3264 0.311, 0.9213 0.3735 0.304, 0.9685 0.3264 0.311, 0.9685 0.3735 0.304, 0.9213 0.2083 0.311, 0.9685 0.2083 0.311, 0.9213 0.2083 0.1181, 0.9685 0.2083 0.1181, 0.9213 0.3028 0.1181, 0.9685 0.3028 0.1181, 0.9213 0.3099 0.119, 0.9685 0.3099 0.119, 0.9213 0.3166 0.1218, 0.9685 0.3166 0.1218, 0.9213 0.3223 0.1262, 0.9685 0.3223 0.1262, 0.9213 0.3267 0.1319, 0.9685 0.3267 0.1319, 0.9213 0.3294 0.1385, 0.9685 0.3294 0.1385, 0.9213 0.3304 0.1457, 0.9685 0.3304 0.1457, 0.9213 0.4488 0.3228, 0.9213 0.169 0.063, 0.9213 0.5548 0.063, 0.9213 0.3768 0.3228, 0.9213 0.5548 0.0315, 0.9213 0.4217 0.1693, 0.9213 0.3667 0.1849, 0.9213 0.378 0.1764, 0.9213 0.3911 0.1711, 0.9213 0.4052 0.1693, 0.9685 0.169 0.063, 0.9685 0.4488 0.3228, 0.9685 0.4217 0.1693, 0.9685 0.3768 0.3228, 0.9685 0.5548 0.063, 0.9685 0.5548 0.0315, 0.9685 0.4052 0.1693, 0.9685 0.3911 0.1711, 0.9685 0.378 0.1764, 0.9685 0.3667 0.1849, 0.9213 -0.5182 0.3487, 0.9685 -0.5182 0.3487, 0.9685 -0.5231 0.3517, 0.9213 -0.5231 0.3517, 0.9685 -0.5271 0.3559, 0.9213 -0.5271 0.3559, 0.9685 -0.53 0.3609, 0.9213 -0.53 0.3609, 0.9685 -0.5316 0.3665, 0.9213 -0.5316 0.3665, 0.9685 -0.5317 0.3723, 0.9213 -0.5317 0.3723, 0.9685 -0.5305 0.378, 0.9213 -0.5305 0.378, 0.9685 -0.5279 0.3832, 0.9213 -0.5279 0.3832, 0.9685 -0.5241 0.3876, 0.9213 -0.5241 0.3876, 0.9685 -0.5194 0.3909, 0.9213 -0.5194 0.3909, 0.9685 -0.514 0.393, 0.9213 -0.514 0.393, 0.9685 -0.5082 0.3937, 0.9213 -0.5082 0.3937, 0.9213 -0.3232 0.3937, 0.9685 -0.3232 0.3937, 0.9213 -0.4177 0.3307, 0.9213 -0.3232 0.3307, 0.9685 -0.4177 0.3307, 0.9685 -0.3232 0.3307, 0.9213 -0.4272 0.3209, 0.9685 -0.4272 0.3209, 0.9685 -0.4309 0.3179, 0.9213 -0.4309 0.3179, 0.9685 -0.4354 0.3159, 0.9213 -0.4354 0.3159, 0.9685 -0.4401 0.315, 0.9213 -0.4401 0.315, 0.9685 -0.445 0.3153, 0.9213 -0.445 0.3153, 0.9685 -0.4496 0.3168, 0.9213 -0.4496 0.3168, 0.9213 -0.4856 0.1654, 0.9213 -0.3232 0.1548, 0.9685 -0.4856 0.1654, 0.9685 -0.3232 0.1548, 0.9685 -0.4894 0.1661, 0.9213 -0.4894 0.1661, 0.9685 -0.4928 0.1677, 0.9213 -0.4928 0.1677, 0.9685 -0.4958 0.1701, 0.9213 -0.4958 0.1701, 0.9685 -0.4982 0.1731, 0.9213 -0.4982 0.1731, 0.9685 -0.4997 0.1766, 0.9213 -0.4997 0.1766, 0.9685 -0.5003 0.1804, 0.9213 -0.5003 0.1804, 0.9685 -0.5 0.1842, 0.9213 -0.5 0.1842, 0.9685 -0.4988 0.1878, 0.9213 -0.4988 0.1878, 0.9685 -0.4968 0.1911, 0.9213 -0.4968 0.1911, 0.9685 -0.494 0.1937, 0.9213 -0.494 0.1937, 0.9213 -0.4531 0.2244, 0.9685 -0.4531 0.2244, 0.9685 -0.4486 0.2269, 0.9213 -0.4486 0.2269, 0.9685 -0.4436 0.2282, 0.9213 -0.4436 0.2282, 0.9685 -0.4385 0.2281, 0.9213 -0.4385 0.2281, 0.9685 -0.4336 0.2268, 0.9213 -0.4336 0.2268, 0.9685 -0.4291 0.2241, 0.9213 -0.4291 0.2241, 0.9685 -0.4255 0.2205, 0.9213 -0.4255 0.2205, 0.9213 -0.4137 0.2047, 0.9685 -0.4137 0.2047, 0.9213 -0.2934 0.1969, 0.9685 -0.2934 0.1969, 0.9213 -0.3232 0.1969, 0.9685 -0.3232 0.1969, 0.685 -0.2838 0.063, 0.7323 -0.2838 0.063, 0.685 -0.3625 0.063, 0.7323 -0.3625 0.063, 0.685 -0.3232 0.1102, 0.685 -0.585 0.1102, 0.7323 -0.3232 0.1102, 0.7323 -0.585 0.1102, 0.685 -0.6145 0.063, 0.7323 -0.6145 0.063, 0.7323 -0.6196 0.0637, 0.685 -0.6196 0.0637, 0.7323 -0.6244 0.0656, 0.685 -0.6244 0.0656, 0.7323 -0.6284 0.0688, 0.685 -0.6284 0.0688, 0.7323 -0.6316 0.0728, 0.685 -0.6316 0.0728, 0.7323 -0.6335 0.0776, 0.685 -0.6335 0.0776, 0.7323 -0.6342 0.0827, 0.685 -0.6342 0.0827, 0.685 -0.6342 0.0969, 0.7323 -0.6342 0.0969, 0.7323 -0.6336 0.1016, 0.685 -0.6336 0.1016, 0.7323 -0.632 0.1059, 0.685 -0.632 0.1059, 0.7323 -0.6294 0.1098, 0.685 -0.6294 0.1098, 0.7323 -0.6259 0.1129, 0.685 -0.6259 0.1129, 0.7323 -0.6218 0.1152, 0.685 -0.6218 0.1152, 0.685 -0.6047 0.122, 0.7323 -0.6047 0.122, 0.685 -0.585 0.122, 0.7323 -0.585 0.122, 0.685 -0.3232 0.0945, 0.685 -0.2838 0.0945, 0.7323 -0.2838 0.0945, 0.7323 -0.3232 0.0945, 0.7323 0.2359 0.063, 0.685 0.2359 0.063, 0.7323 0.3422 0.063, 0.685 0.3422 0.063, 0.685 0.3304 0.1634, 0.7323 0.3304 0.1634, 0.7323 0.3313 0.1705, 0.685 0.3313 0.1705, 0.7323 0.3341 0.1772, 0.685 0.3341 0.1772, 0.7323 0.3384 0.1829, 0.685 0.3384 0.1829, 0.7323 0.3441 0.1873, 0.685 0.3441 0.1873, 0.7323 0.3508 0.19, 0.685 0.3508 0.19, 0.7323 0.3579 0.1909, 0.685 0.3579 0.1909, 0.685 0.3614 0.1909, 0.7323 0.3614 0.1909, 0.685 0.469 0.1909, 0.685 0.4255 0.1909, 0.7323 0.469 0.1909, 0.7323 0.4255 0.1909, 0.685 0.4863 0.2067, 0.7323 0.4863 0.2067, 0.685 0.5036 0.2067, 0.7323 0.5036 0.2067, 0.685 0.5981 0.1535, 0.7323 0.5981 0.1535, 0.685 0.6611 0.1535, 0.7323 0.6611 0.1535, 0.685 0.6611 0.0984, 0.7323 0.6611 0.0984, 0.685 0.6532 0.0984, 0.7323 0.6532 0.0984, 0.685 0.6481 0.0978, 0.7323 0.6481 0.0978, 0.685 0.6434 0.0958, 0.7323 0.6434 0.0958, 0.685 0.6393 0.0927, 0.7323 0.6393 0.0927, 0.685 0.6362 0.0886, 0.7323 0.6362 0.0886, 0.685 0.6342 0.0838, 0.7323 0.6342 0.0838, 0.685 0.6335 0.0787, 0.7323 0.6335 0.0787, 0.685 0.6342 0.0736, 0.7323 0.6342 0.0736, 0.685 0.6362 0.0689, 0.7323 0.6362 0.0689, 0.685 0.6393 0.0648, 0.7323 0.6393 0.0648, 0.685 0.6434 0.0617, 0.7323 0.6434 0.0617, 0.685 0.6481 0.0597, 0.7323 0.6481 0.0597, 0.685 0.6532 0.0591, 0.7323 0.6532 0.0591, 0.685 0.6611 0.0591, 0.7323 0.6611 0.0591, 0.685 0.6611 0.0197, 0.7323 0.6611 0.0197, 0.685 0.6414 0.0, 0.7323 0.6414 0.0, 0.685 0.5627 0.0, 0.7323 0.5627 0.0, 0.7323 0.5576 0.0007, 0.685 0.5576 0.0007, 0.7323 0.5528 0.0026, 0.685 0.5528 0.0026, 0.7323 0.5487 0.0058, 0.685 0.5487 0.0058, 0.7323 0.5456 0.0098, 0.685 0.5456 0.0098, 0.7323 0.5436 0.0146, 0.685 0.5436 0.0146, 0.7323 0.543 0.0197, 0.685 0.543 0.0197, 0.685 0.543 0.027, 0.7323 0.543 0.027, 0.685 0.1729 0.1181, 0.685 0.169 0.1181, 0.7323 0.1729 0.1181, 0.7323 0.169 0.1181, 0.685 0.1729 0.3307, 0.7323 0.1729 0.3307, 0.685 0.169 0.3307, 0.7323 0.169 0.3307, 0.685 0.4878 0.3429, 0.685 0.169 0.3907, 0.7323 0.4878 0.3429, 0.7323 0.169 0.3907, 0.685 0.5036 0.3287, 0.7323 0.5036 0.3287, 0.685 0.5036 0.313, 0.7323 0.5036 0.313, 0.685 0.476 0.2933, 0.7323 0.476 0.2933, 0.685 0.4445 0.2933, 0.7323 0.4445 0.2933, 0.685 0.4436 0.2934, 0.7323 0.4436 0.2934, 0.685 0.3264 0.311, 0.685 0.3735 0.304, 0.7323 0.3264 0.311, 0.7323 0.3735 0.304, 0.685 0.2083 0.311, 0.7323 0.2083 0.311, 0.685 0.2083 0.1181, 0.7323 0.2083 0.1181, 0.685 0.3028 0.1181, 0.7323 0.3028 0.1181, 0.685 0.3099 0.119, 0.7323 0.3099 0.119, 0.685 0.3166 0.1218, 0.7323 0.3166 0.1218, 0.685 0.3223 0.1262, 0.7323 0.3223 0.1262, 0.685 0.3267 0.1319, 0.7323 0.3267 0.1319, 0.685 0.3294 0.1385, 0.7323 0.3294 0.1385, 0.685 0.3304 0.1457, 0.7323 0.3304 0.1457, 0.685 0.4488 0.3228, 0.685 0.169 0.063, 0.685 0.5548 0.063, 0.685 0.3768 0.3228, 0.685 0.5548 0.0315, 0.685 0.4217 0.1693, 0.685 0.3667 0.1849, 0.685 0.378 0.1764, 0.685 0.3911 0.1711, 0.685 0.4052 0.1693, 0.7323 0.169 0.063, 0.7323 0.4488 0.3228, 0.7323 0.4217 0.1693, 0.7323 0.3768 0.3228, 0.7323 0.5548 0.063, 0.7323 0.5548 0.0315, 0.7323 0.4052 0.1693, 0.7323 0.3911 0.1711, 0.7323 0.378 0.1764, 0.7323 0.3667 0.1849, 0.685 -0.5182 0.3487, 0.7323 -0.5182 0.3487, 0.7323 -0.5231 0.3517, 0.685 -0.5231 0.3517, 0.7323 -0.5271 0.3559, 0.685 -0.5271 0.3559, 0.7323 -0.53 0.3609, 0.685 -0.53 0.3609, 0.7323 -0.5316 0.3665, 0.685 -0.5316 0.3665, 0.7323 -0.5317 0.3723, 0.685 -0.5317 0.3723, 0.7323 -0.5305 0.378, 0.685 -0.5305 0.378, 0.7323 -0.5279 0.3832, 0.685 -0.5279 0.3832, 0.7323 -0.5241 0.3876, 0.685 -0.5241 0.3876, 0.7323 -0.5194 0.3909, 0.685 -0.5194 0.3909, 0.7323 -0.514 0.393, 0.685 -0.514 0.393, 0.7323 -0.5082 0.3937, 0.685 -0.5082 0.3937, 0.685 -0.3232 0.3937, 0.7323 -0.3232 0.3937, 0.685 -0.4177 0.3307, 0.685 -0.3232 0.3307, 0.7323 -0.4177 0.3307, 0.7323 -0.3232 0.3307, 0.685 -0.4272 0.3209, 0.7323 -0.4272 0.3209, 0.7323 -0.4309 0.3179, 0.685 -0.4309 0.3179, 0.7323 -0.4354 0.3159, 0.685 -0.4354 0.3159, 0.7323 -0.4401 0.315, 0.685 -0.4401 0.315, 0.7323 -0.445 0.3153, 0.685 -0.445 0.3153, 0.7323 -0.4496 0.3168, 0.685 -0.4496 0.3168, 0.685 -0.4856 0.1654, 0.685 -0.3232 0.1548, 0.7323 -0.4856 0.1654, 0.7323 -0.3232 0.1548, 0.7323 -0.4894 0.1661, 0.685 -0.4894 0.1661, 0.7323 -0.4928 0.1677, 0.685 -0.4928 0.1677, 0.7323 -0.4958 0.1701, 0.685 -0.4958 0.1701, 0.7323 -0.4982 0.1731, 0.685 -0.4982 0.1731, 0.7323 -0.4997 0.1766, 0.685 -0.4997 0.1766, 0.7323 -0.5003 0.1804, 0.685 -0.5003 0.1804, 0.7323 -0.5 0.1842, 0.685 -0.5 0.1842, 0.7323 -0.4988 0.1878, 0.685 -0.4988 0.1878, 0.7323 -0.4968 0.1911, 0.685 -0.4968 0.1911, 0.7323 -0.494 0.1937, 0.685 -0.494 0.1937, 0.685 -0.4531 0.2244, 0.7323 -0.4531 0.2244, 0.7323 -0.4486 0.2269, 0.685 -0.4486 0.2269, 0.7323 -0.4436 0.2282, 0.685 -0.4436 0.2282, 0.7323 -0.4385 0.2281, 0.685 -0.4385 0.2281, 0.7323 -0.4336 0.2268, 0.685 -0.4336 0.2268, 0.7323 -0.4291 0.2241, 0.685 -0.4291 0.2241, 0.7323 -0.4255 0.2205, 0.685 -0.4255 0.2205, 0.685 -0.4137 0.2047, 0.7323 -0.4137 0.2047, 0.685 -0.2934 0.1969, 0.7323 -0.2934 0.1969, 0.685 -0.3232 0.1969, 0.7323 -0.3232 0.1969, 0.4488 -0.2838 0.063, 0.4961 -0.2838 0.063, 0.4488 -0.3625 0.063, 0.4961 -0.3625 0.063, 0.4488 -0.3232 0.1102, 0.4488 -0.585 0.1102, 0.4961 -0.3232 0.1102, 0.4961 -0.585 0.1102, 0.4488 -0.6145 0.063, 0.4961 -0.6145 0.063, 0.4961 -0.6196 0.0637, 0.4488 -0.6196 0.0637, 0.4961 -0.6244 0.0656, 0.4488 -0.6244 0.0656, 0.4961 -0.6284 0.0688, 0.4488 -0.6284 0.0688, 0.4961 -0.6316 0.0728, 0.4488 -0.6316 0.0728, 0.4961 -0.6335 0.0776, 0.4488 -0.6335 0.0776, 0.4961 -0.6342 0.0827, 0.4488 -0.6342 0.0827, 0.4488 -0.6342 0.0969, 0.4961 -0.6342 0.0969, 0.4961 -0.6336 0.1016, 0.4488 -0.6336 0.1016, 0.4961 -0.632 0.1059, 0.4488 -0.632 0.1059, 0.4961 -0.6294 0.1098, 0.4488 -0.6294 0.1098, 0.4961 -0.6259 0.1129, 0.4488 -0.6259 0.1129, 0.4961 -0.6218 0.1152, 0.4488 -0.6218 0.1152, 0.4488 -0.6047 0.122, 0.4961 -0.6047 0.122, 0.4488 -0.585 0.122, 0.4961 -0.585 0.122, 0.4488 -0.3232 0.0945, 0.4488 -0.2838 0.0945, 0.4961 -0.2838 0.0945, 0.4961 -0.3232 0.0945, 0.4961 0.2359 0.063, 0.4488 0.2359 0.063, 0.4961 0.3422 0.063, 0.4488 0.3422 0.063, 0.4488 0.3304 0.1634, 0.4961 0.3304 0.1634, 0.4961 0.3313 0.1705, 0.4488 0.3313 0.1705, 0.4961 0.3341 0.1772, 0.4488 0.3341 0.1772, 0.4961 0.3384 0.1829, 0.4488 0.3384 0.1829, 0.4961 0.3441 0.1873, 0.4488 0.3441 0.1873, 0.4961 0.3508 0.19, 0.4488 0.3508 0.19, 0.4961 0.3579 0.1909, 0.4488 0.3579 0.1909, 0.4488 0.3614 0.1909, 0.4961 0.3614 0.1909, 0.4488 0.469 0.1909, 0.4488 0.4255 0.1909, 0.4961 0.469 0.1909, 0.4961 0.4255 0.1909, 0.4488 0.4863 0.2067, 0.4961 0.4863 0.2067, 0.4488 0.5036 0.2067, 0.4961 0.5036 0.2067, 0.4488 0.5981 0.1535, 0.4961 0.5981 0.1535, 0.4488 0.6611 0.1535, 0.4961 0.6611 0.1535, 0.4488 0.6611 0.0984, 0.4961 0.6611 0.0984, 0.4488 0.6532 0.0984, 0.4961 0.6532 0.0984, 0.4488 0.6481 0.0978, 0.4961 0.6481 0.0978, 0.4488 0.6434 0.0958, 0.4961 0.6434 0.0958, 0.4488 0.6393 0.0927, 0.4961 0.6393 0.0927, 0.4488 0.6362 0.0886, 0.4961 0.6362 0.0886, 0.4488 0.6342 0.0838, 0.4961 0.6342 0.0838, 0.4488 0.6335 0.0787, 0.4961 0.6335 0.0787, 0.4488 0.6342 0.0736, 0.4961 0.6342 0.0736, 0.4488 0.6362 0.0689, 0.4961 0.6362 0.0689, 0.4488 0.6393 0.0648, 0.4961 0.6393 0.0648, 0.4488 0.6434 0.0617, 0.4961 0.6434 0.0617, 0.4488 0.6481 0.0597, 0.4961 0.6481 0.0597, 0.4488 0.6532 0.0591, 0.4961 0.6532 0.0591, 0.4488 0.6611 0.0591, 0.4961 0.6611 0.0591, 0.4488 0.6611 0.0197, 0.4961 0.6611 0.0197, 0.4488 0.6414 0.0, 0.4961 0.6414 0.0, 0.4488 0.5627 0.0, 0.4961 0.5627 0.0, 0.4961 0.5576 0.0007, 0.4488 0.5576 0.0007, 0.4961 0.5528 0.0026, 0.4488 0.5528 0.0026, 0.4961 0.5487 0.0058, 0.4488 0.5487 0.0058, 0.4961 0.5456 0.0098, 0.4488 0.5456 0.0098, 0.4961 0.5436 0.0146, 0.4488 0.5436 0.0146, 0.4961 0.543 0.0197, 0.4488 0.543 0.0197, 0.4488 0.543 0.027, 0.4961 0.543 0.027, 0.4488 0.1729 0.1181, 0.4488 0.169 0.1181, 0.4961 0.1729 0.1181, 0.4961 0.169 0.1181, 0.4488 0.1729 0.3307, 0.4961 0.1729 0.3307, 0.4488 0.169 0.3307, 0.4961 0.169 0.3307, 0.4488 0.4878 0.3429, 0.4488 0.169 0.3907, 0.4961 0.4878 0.3429, 0.4961 0.169 0.3907, 0.4488 0.5036 0.3287, 0.4961 0.5036 0.3287, 0.4488 0.5036 0.313, 0.4961 0.5036 0.313, 0.4488 0.476 0.2933, 0.4961 0.476 0.2933, 0.4488 0.4445 0.2933, 0.4961 0.4445 0.2933, 0.4488 0.4436 0.2934, 0.4961 0.4436 0.2934, 0.4488 0.3264 0.311, 0.4488 0.3735 0.304, 0.4961 0.3264 0.311, 0.4961 0.3735 0.304, 0.4488 0.2083 0.311, 0.4961 0.2083 0.311, 0.4488 0.2083 0.1181, 0.4961 0.2083 0.1181, 0.4488 0.3028 0.1181, 0.4961 0.3028 0.1181, 0.4488 0.3099 0.119, 0.4961 0.3099 0.119, 0.4488 0.3166 0.1218, 0.4961 0.3166 0.1218, 0.4488 0.3223 0.1262, 0.4961 0.3223 0.1262, 0.4488 0.3267 0.1319, 0.4961 0.3267 0.1319, 0.4488 0.3294 0.1385, 0.4961 0.3294 0.1385, 0.4488 0.3304 0.1457, 0.4961 0.3304 0.1457, 0.4488 0.4488 0.3228, 0.4488 0.5548 0.063, 0.4488 0.3768 0.3228, 0.4488 0.169 0.063, 0.4488 0.5548 0.0315, 0.4488 0.4217 0.1693, 0.4488 0.378 0.1764, 0.4488 0.3911 0.1711, 0.4488 0.4052 0.1693, 0.4488 0.3667 0.1849, 0.4961 0.4488 0.3228, 0.4961 0.4217 0.1693, 0.4961 0.3768 0.3228, 0.4961 0.5548 0.063, 0.4961 0.5548 0.0315, 0.4961 0.4052 0.1693, 0.4961 0.3911 0.1711, 0.4961 0.378 0.1764, 0.4961 0.3667 0.1849, 0.4961 0.169 0.063, 0.4488 -0.5182 0.3487, 0.4961 -0.5182 0.3487, 0.4961 -0.5231 0.3517, 0.4488 -0.5231 0.3517, 0.4961 -0.5271 0.3559, 0.4488 -0.5271 0.3559, 0.4961 -0.53 0.3609, 0.4488 -0.53 0.3609, 0.4961 -0.5316 0.3665, 0.4488 -0.5316 0.3665, 0.4961 -0.5317 0.3723, 0.4488 -0.5317 0.3723, 0.4961 -0.5305 0.378, 0.4488 -0.5305 0.378, 0.4961 -0.5279 0.3832, 0.4488 -0.5279 0.3832, 0.4961 -0.5241 0.3876, 0.4488 -0.5241 0.3876, 0.4961 -0.5194 0.3909, 0.4488 -0.5194 0.3909, 0.4961 -0.514 0.393, 0.4488 -0.514 0.393, 0.4961 -0.5082 0.3937, 0.4488 -0.5082 0.3937, 0.4488 -0.3232 0.3937, 0.4961 -0.3232 0.3937, 0.4488 -0.4177 0.3307, 0.4488 -0.3232 0.3307, 0.4961 -0.4177 0.3307, 0.4961 -0.3232 0.3307, 0.4488 -0.4272 0.3209, 0.4961 -0.4272 0.3209, 0.4961 -0.4309 0.3179, 0.4488 -0.4309 0.3179, 0.4961 -0.4354 0.3159, 0.4488 -0.4354 0.3159, 0.4961 -0.4401 0.315, 0.4488 -0.4401 0.315, 0.4961 -0.445 0.3153, 0.4488 -0.445 0.3153, 0.4961 -0.4496 0.3168, 0.4488 -0.4496 0.3168, 0.4488 -0.4856 0.1654, 0.4488 -0.3232 0.1548, 0.4961 -0.4856 0.1654, 0.4961 -0.3232 0.1548, 0.4961 -0.4894 0.1661, 0.4488 -0.4894 0.1661, 0.4961 -0.4928 0.1677, 0.4488 -0.4928 0.1677, 0.4961 -0.4958 0.1701, 0.4488 -0.4958 0.1701, 0.4961 -0.4982 0.1731, 0.4488 -0.4982 0.1731, 0.4961 -0.4997 0.1766, 0.4488 -0.4997 0.1766, 0.4961 -0.5003 0.1804, 0.4488 -0.5003 0.1804, 0.4961 -0.5 0.1842, 0.4488 -0.5 0.1842, 0.4961 -0.4988 0.1878, 0.4488 -0.4988 0.1878, 0.4961 -0.4968 0.1911, 0.4488 -0.4968 0.1911, 0.4961 -0.494 0.1937, 0.4488 -0.494 0.1937, 0.4488 -0.4531 0.2244, 0.4961 -0.4531 0.2244, 0.4961 -0.4486 0.2269, 0.4488 -0.4486 0.2269, 0.4961 -0.4436 0.2282, 0.4488 -0.4436 0.2282, 0.4961 -0.4385 0.2281, 0.4488 -0.4385 0.2281, 0.4961 -0.4336 0.2268, 0.4488 -0.4336 0.2268, 0.4961 -0.4291 0.2241, 0.4488 -0.4291 0.2241, 0.4961 -0.4255 0.2205, 0.4488 -0.4255 0.2205, 0.4488 -0.4137 0.2047, 0.4961 -0.4137 0.2047, 0.4488 -0.2934 0.1969, 0.4961 -0.2934 0.1969, 0.4488 -0.3232 0.1969, 0.4961 -0.3232 0.1969, 0.2126 -0.2838 0.063, 0.2598 -0.2838 0.063, 0.2126 -0.3625 0.063, 0.2598 -0.3625 0.063, 0.2126 -0.3232 0.1102, 0.2126 -0.585 0.1102, 0.2598 -0.3232 0.1102, 0.2598 -0.585 0.1102, 0.2126 -0.6145 0.063, 0.2598 -0.6145 0.063, 0.2598 -0.6196 0.0637, 0.2126 -0.6196 0.0637, 0.2598 -0.6244 0.0656, 0.2126 -0.6244 0.0656, 0.2598 -0.6284 0.0688, 0.2126 -0.6284 0.0688, 0.2598 -0.6316 0.0728, 0.2126 -0.6316 0.0728, 0.2598 -0.6335 0.0776, 0.2126 -0.6335 0.0776, 0.2598 -0.6342 0.0827, 0.2126 -0.6342 0.0827, 0.2126 -0.6342 0.0969, 0.2598 -0.6342 0.0969, 0.2598 -0.6336 0.1016, 0.2126 -0.6336 0.1016, 0.2598 -0.632 0.1059, 0.2126 -0.632 0.1059, 0.2598 -0.6294 0.1098, 0.2126 -0.6294 0.1098, 0.2598 -0.6259 0.1129, 0.2126 -0.6259 0.1129, 0.2598 -0.6218 0.1152, 0.2126 -0.6218 0.1152, 0.2126 -0.6047 0.122, 0.2598 -0.6047 0.122, 0.2126 -0.585 0.122, 0.2598 -0.585 0.122, 0.2126 -0.3232 0.0945, 0.2126 -0.2838 0.0945, 0.2598 -0.2838 0.0945, 0.2598 -0.3232 0.0945, 0.2598 0.2359 0.063, 0.2126 0.2359 0.063, 0.2598 0.3422 0.063, 0.2126 0.3422 0.063, 0.2126 0.3304 0.1634, 0.2598 0.3304 0.1634, 0.2598 0.3313 0.1705, 0.2126 0.3313 0.1705, 0.2598 0.3341 0.1772, 0.2126 0.3341 0.1772, 0.2598 0.3384 0.1829, 0.2126 0.3384 0.1829, 0.2598 0.3441 0.1873, 0.2126 0.3441 0.1873, 0.2598 0.3508 0.19, 0.2126 0.3508 0.19, 0.2598 0.3579 0.1909, 0.2126 0.3579 0.1909, 0.2126 0.3614 0.1909, 0.2598 0.3614 0.1909, 0.2126 0.469 0.1909, 0.2126 0.4255 0.1909, 0.2598 0.469 0.1909, 0.2598 0.4255 0.1909, 0.2126 0.4863 0.2067, 0.2598 0.4863 0.2067, 0.2126 0.5036 0.2067, 0.2598 0.5036 0.2067, 0.2126 0.5981 0.1535, 0.2598 0.5981 0.1535, 0.2126 0.6611 0.1535, 0.2598 0.6611 0.1535, 0.2126 0.6611 0.0984, 0.2598 0.6611 0.0984, 0.2126 0.6532 0.0984, 0.2598 0.6532 0.0984, 0.2126 0.6481 0.0978, 0.2598 0.6481 0.0978, 0.2126 0.6434 0.0958, 0.2598 0.6434 0.0958, 0.2126 0.6393 0.0927, 0.2598 0.6393 0.0927, 0.2126 0.6362 0.0886, 0.2598 0.6362 0.0886, 0.2126 0.6342 0.0838, 0.2598 0.6342 0.0838, 0.2126 0.6335 0.0787, 0.2598 0.6335 0.0787, 0.2126 0.6342 0.0736, 0.2598 0.6342 0.0736, 0.2126 0.6362 0.0689, 0.2598 0.6362 0.0689, 0.2126 0.6393 0.0648, 0.2598 0.6393 0.0648, 0.2126 0.6434 0.0617, 0.2598 0.6434 0.0617, 0.2126 0.6481 0.0597, 0.2598 0.6481 0.0597, 0.2126 0.6532 0.0591, 0.2598 0.6532 0.0591, 0.2126 0.6611 0.0591, 0.2598 0.6611 0.0591, 0.2126 0.6611 0.0197, 0.2598 0.6611 0.0197, 0.2126 0.6414 0.0, 0.2598 0.6414 0.0, 0.2126 0.5627 0.0, 0.2598 0.5627 0.0, 0.2598 0.5576 0.0007, 0.2126 0.5576 0.0007, 0.2598 0.5528 0.0026, 0.2126 0.5528 0.0026, 0.2598 0.5487 0.0058, 0.2126 0.5487 0.0058, 0.2598 0.5456 0.0098, 0.2126 0.5456 0.0098, 0.2598 0.5436 0.0146, 0.2126 0.5436 0.0146, 0.2598 0.543 0.0197, 0.2126 0.543 0.0197, 0.2126 0.543 0.027, 0.2598 0.543 0.027, 0.2126 0.1729 0.1181, 0.2126 0.169 0.1181, 0.2598 0.1729 0.1181, 0.2598 0.169 0.1181, 0.2126 0.1729 0.3307, 0.2598 0.1729 0.3307, 0.2126 0.169 0.3307, 0.2598 0.169 0.3307, 0.2126 0.4878 0.3429, 0.2126 0.169 0.3907, 0.2598 0.4878 0.3429, 0.2598 0.169 0.3907, 0.2126 0.5036 0.3287, 0.2598 0.5036 0.3287, 0.2126 0.5036 0.313, 0.2598 0.5036 0.313, 0.2126 0.476 0.2933, 0.2598 0.476 0.2933, 0.2126 0.4445 0.2933, 0.2598 0.4445 0.2933, 0.2126 0.4436 0.2934, 0.2598 0.4436 0.2934, 0.2126 0.3264 0.311, 0.2126 0.3735 0.304, 0.2598 0.3264 0.311, 0.2598 0.3735 0.304, 0.2126 0.2083 0.311, 0.2598 0.2083 0.311, 0.2126 0.2083 0.1181, 0.2598 0.2083 0.1181, 0.2126 0.3028 0.1181, 0.2598 0.3028 0.1181, 0.2126 0.3099 0.119, 0.2598 0.3099 0.119, 0.2126 0.3166 0.1218, 0.2598 0.3166 0.1218, 0.2126 0.3223 0.1262, 0.2598 0.3223 0.1262, 0.2126 0.3267 0.1319, 0.2598 0.3267 0.1319, 0.2126 0.3294 0.1385, 0.2598 0.3294 0.1385, 0.2126 0.3304 0.1457, 0.2598 0.3304 0.1457, 0.2126 0.4488 0.3228, 0.2126 0.169 0.063, 0.2126 0.5548 0.063, 0.2126 0.3768 0.3228, 0.2126 0.5548 0.0315, 0.2126 0.4217 0.1693, 0.2126 0.3911 0.1711, 0.2126 0.4052 0.1693, 0.2126 0.3667 0.1849, 0.2126 0.378 0.1764, 0.2598 0.169 0.063, 0.2598 0.4488 0.3228, 0.2598 0.4217 0.1693, 0.2598 0.3768 0.3228, 0.2598 0.5548 0.063, 0.2598 0.5548 0.0315, 0.2598 0.4052 0.1693, 0.2598 0.3911 0.1711, 0.2598 0.378 0.1764, 0.2598 0.3667 0.1849, 0.2126 -0.5182 0.3487, 0.2598 -0.5182 0.3487, 0.2598 -0.5231 0.3517, 0.2126 -0.5231 0.3517, 0.2598 -0.5271 0.3559, 0.2126 -0.5271 0.3559, 0.2598 -0.53 0.3609, 0.2126 -0.53 0.3609, 0.2598 -0.5316 0.3665, 0.2126 -0.5316 0.3665, 0.2598 -0.5317 0.3723, 0.2126 -0.5317 0.3723, 0.2598 -0.5305 0.378, 0.2126 -0.5305 0.378, 0.2598 -0.5279 0.3832, 0.2126 -0.5279 0.3832, 0.2598 -0.5241 0.3876, 0.2126 -0.5241 0.3876, 0.2598 -0.5194 0.3909, 0.2126 -0.5194 0.3909, 0.2598 -0.514 0.393, 0.2126 -0.514 0.393, 0.2598 -0.5082 0.3937, 0.2126 -0.5082 0.3937, 0.2126 -0.3232 0.3937, 0.2598 -0.3232 0.3937, 0.2126 -0.4177 0.3307, 0.2126 -0.3232 0.3307, 0.2598 -0.4177 0.3307, 0.2598 -0.3232 0.3307, 0.2126 -0.4272 0.3209, 0.2598 -0.4272 0.3209, 0.2598 -0.4309 0.3179, 0.2126 -0.4309 0.3179, 0.2598 -0.4354 0.3159, 0.2126 -0.4354 0.3159, 0.2598 -0.4401 0.315, 0.2126 -0.4401 0.315, 0.2598 -0.445 0.3153, 0.2126 -0.445 0.3153, 0.2598 -0.4496 0.3168, 0.2126 -0.4496 0.3168, 0.2126 -0.4856 0.1654, 0.2126 -0.3232 0.1548, 0.2598 -0.4856 0.1654, 0.2598 -0.3232 0.1548, 0.2598 -0.4894 0.1661, 0.2126 -0.4894 0.1661, 0.2598 -0.4928 0.1677, 0.2126 -0.4928 0.1677, 0.2598 -0.4958 0.1701, 0.2126 -0.4958 0.1701, 0.2598 -0.4982 0.1731, 0.2126 -0.4982 0.1731, 0.2598 -0.4997 0.1766, 0.2126 -0.4997 0.1766, 0.2598 -0.5003 0.1804, 0.2126 -0.5003 0.1804, 0.2598 -0.5 0.1842, 0.2126 -0.5 0.1842, 0.2598 -0.4988 0.1878, 0.2126 -0.4988 0.1878, 0.2598 -0.4968 0.1911, 0.2126 -0.4968 0.1911, 0.2598 -0.494 0.1937, 0.2126 -0.494 0.1937, 0.2126 -0.4531 0.2244, 0.2598 -0.4531 0.2244, 0.2598 -0.4486 0.2269, 0.2126 -0.4486 0.2269, 0.2598 -0.4436 0.2282, 0.2126 -0.4436 0.2282, 0.2598 -0.4385 0.2281, 0.2126 -0.4385 0.2281, 0.2598 -0.4336 0.2268, 0.2126 -0.4336 0.2268, 0.2598 -0.4291 0.2241, 0.2126 -0.4291 0.2241, 0.2598 -0.4255 0.2205, 0.2126 -0.4255 0.2205, 0.2126 -0.4137 0.2047, 0.2598 -0.4137 0.2047, 0.2126 -0.2934 0.1969, 0.2598 -0.2934 0.1969, 0.2126 -0.3232 0.1969, 0.2598 -0.3232 0.1969, -0.0236 -0.2838 0.063, 0.0236 -0.2838 0.063, -0.0236 -0.3625 0.063, 0.0236 -0.3625 0.063, -0.0236 -0.3232 0.1102, -0.0236 -0.585 0.1102, 0.0236 -0.3232 0.1102, 0.0236 -0.585 0.1102, -0.0236 -0.6145 0.063, 0.0236 -0.6145 0.063, 0.0236 -0.6196 0.0637, -0.0236 -0.6196 0.0637, 0.0236 -0.6244 0.0656, -0.0236 -0.6244 0.0656, 0.0236 -0.6284 0.0688, -0.0236 -0.6284 0.0688, 0.0236 -0.6316 0.0728, -0.0236 -0.6316 0.0728, 0.0236 -0.6335 0.0776, -0.0236 -0.6335 0.0776, 0.0236 -0.6342 0.0827, -0.0236 -0.6342 0.0827, -0.0236 -0.6342 0.0969, 0.0236 -0.6342 0.0969, 0.0236 -0.6336 0.1016, -0.0236 -0.6336 0.1016, 0.0236 -0.632 0.1059, -0.0236 -0.632 0.1059, 0.0236 -0.6294 0.1098, -0.0236 -0.6294 0.1098, 0.0236 -0.6259 0.1129, -0.0236 -0.6259 0.1129, 0.0236 -0.6218 0.1152, -0.0236 -0.6218 0.1152, -0.0236 -0.6047 0.122, 0.0236 -0.6047 0.122, -0.0236 -0.585 0.122, 0.0236 -0.585 0.122, -0.0236 -0.3232 0.0945, -0.0236 -0.2838 0.0945, 0.0236 -0.2838 0.0945, 0.0236 -0.3232 0.0945, 0.0236 0.2359 0.063, -0.0236 0.2359 0.063, 0.0236 0.3422 0.063, -0.0236 0.3422 0.063, -0.0236 0.3304 0.1634, 0.0236 0.3304 0.1634, 0.0236 0.3313 0.1705, -0.0236 0.3313 0.1705, 0.0236 0.3341 0.1772, -0.0236 0.3341 0.1772, 0.0236 0.3384 0.1829, -0.0236 0.3384 0.1829, 0.0236 0.3441 0.1873, -0.0236 0.3441 0.1873, 0.0236 0.3508 0.19, -0.0236 0.3508 0.19, 0.0236 0.3579 0.1909, -0.0236 0.3579 0.1909, -0.0236 0.3614 0.1909, 0.0236 0.3614 0.1909, -0.0236 0.469 0.1909, -0.0236 0.4255 0.1909, 0.0236 0.469 0.1909, 0.0236 0.4255 0.1909, -0.0236 0.4863 0.2067, 0.0236 0.4863 0.2067, -0.0236 0.5036 0.2067, 0.0236 0.5036 0.2067, -0.0236 0.5981 0.1535, 0.0236 0.5981 0.1535, -0.0236 0.6611 0.1535, 0.0236 0.6611 0.1535, -0.0236 0.6611 0.0984, 0.0236 0.6611 0.0984, -0.0236 0.6532 0.0984, 0.0236 0.6532 0.0984, -0.0236 0.6481 0.0978, 0.0236 0.6481 0.0978, -0.0236 0.6434 0.0958, 0.0236 0.6434 0.0958, -0.0236 0.6393 0.0927, 0.0236 0.6393 0.0927, -0.0236 0.6362 0.0886, 0.0236 0.6362 0.0886, -0.0236 0.6342 0.0838, 0.0236 0.6342 0.0838, -0.0236 0.6335 0.0787, 0.0236 0.6335 0.0787, -0.0236 0.6342 0.0736, 0.0236 0.6342 0.0736, -0.0236 0.6362 0.0689, 0.0236 0.6362 0.0689, -0.0236 0.6393 0.0648, 0.0236 0.6393 0.0648, -0.0236 0.6434 0.0617, 0.0236 0.6434 0.0617, -0.0236 0.6481 0.0597, 0.0236 0.6481 0.0597, -0.0236 0.6532 0.0591, 0.0236 0.6532 0.0591, -0.0236 0.6611 0.0591, 0.0236 0.6611 0.0591, -0.0236 0.6611 0.0197, 0.0236 0.6611 0.0197, -0.0236 0.6414 0.0, 0.0236 0.6414 0.0, -0.0236 0.5627 0.0, 0.0236 0.5627 0.0, 0.0236 0.5576 0.0007, -0.0236 0.5576 0.0007, 0.0236 0.5528 0.0026, -0.0236 0.5528 0.0026, 0.0236 0.5487 0.0058, -0.0236 0.5487 0.0058, 0.0236 0.5456 0.0098, -0.0236 0.5456 0.0098, 0.0236 0.5436 0.0146, -0.0236 0.5436 0.0146, 0.0236 0.543 0.0197, -0.0236 0.543 0.0197, -0.0236 0.543 0.027, 0.0236 0.543 0.027, -0.0236 0.1729 0.1181, -0.0236 0.169 0.1181, 0.0236 0.1729 0.1181, 0.0236 0.169 0.1181, -0.0236 0.1729 0.3307, 0.0236 0.1729 0.3307, -0.0236 0.169 0.3307, 0.0236 0.169 0.3307, -0.0236 0.4878 0.3429, -0.0236 0.169 0.3907, 0.0236 0.4878 0.3429, 0.0236 0.169 0.3907, -0.0236 0.5036 0.3287, 0.0236 0.5036 0.3287, -0.0236 0.5036 0.313, 0.0236 0.5036 0.313, -0.0236 0.476 0.2933, 0.0236 0.476 0.2933, -0.0236 0.4445 0.2933, 0.0236 0.4445 0.2933, -0.0236 0.4436 0.2934, 0.0236 0.4436 0.2934, -0.0236 0.3264 0.311, -0.0236 0.3735 0.304, 0.0236 0.3264 0.311, 0.0236 0.3735 0.304, -0.0236 0.2083 0.311, 0.0236 0.2083 0.311, -0.0236 0.2083 0.1181, 0.0236 0.2083 0.1181, -0.0236 0.3028 0.1181, 0.0236 0.3028 0.1181, -0.0236 0.3099 0.119, 0.0236 0.3099 0.119, -0.0236 0.3166 0.1218, 0.0236 0.3166 0.1218, -0.0236 0.3223 0.1262, 0.0236 0.3223 0.1262, -0.0236 0.3267 0.1319, 0.0236 0.3267 0.1319, -0.0236 0.3294 0.1385, 0.0236 0.3294 0.1385, -0.0236 0.3304 0.1457, 0.0236 0.3304 0.1457, -0.0236 0.4488 0.3228, -0.0236 0.5548 0.063, -0.0236 0.3768 0.3228, -0.0236 0.169 0.063, -0.0236 0.5548 0.0315, -0.0236 0.4217 0.1693, -0.0236 0.3667 0.1849, -0.0236 0.378 0.1764, -0.0236 0.3911 0.1711, -0.0236 0.4052 0.1693, 0.0236 0.4488 0.3228, 0.0236 0.4217 0.1693, 0.0236 0.3768 0.3228, 0.0236 0.5548 0.063, 0.0236 0.5548 0.0315, 0.0236 0.169 0.063, 0.0236 0.4052 0.1693, 0.0236 0.3911 0.1711, 0.0236 0.378 0.1764, 0.0236 0.3667 0.1849, -0.0236 -0.5182 0.3487, 0.0236 -0.5182 0.3487, 0.0236 -0.5231 0.3517, -0.0236 -0.5231 0.3517, 0.0236 -0.5271 0.3559, -0.0236 -0.5271 0.3559, 0.0236 -0.53 0.3609, -0.0236 -0.53 0.3609, 0.0236 -0.5316 0.3665, -0.0236 -0.5316 0.3665, 0.0236 -0.5317 0.3723, -0.0236 -0.5317 0.3723, 0.0236 -0.5305 0.378, -0.0236 -0.5305 0.378, 0.0236 -0.5279 0.3832, -0.0236 -0.5279 0.3832, 0.0236 -0.5241 0.3876, -0.0236 -0.5241 0.3876, 0.0236 -0.5194 0.3909, -0.0236 -0.5194 0.3909, 0.0236 -0.514 0.393, -0.0236 -0.514 0.393, 0.0236 -0.5082 0.3937, -0.0236 -0.5082 0.3937, -0.0236 -0.3232 0.3937, 0.0236 -0.3232 0.3937, -0.0236 -0.4177 0.3307, -0.0236 -0.3232 0.3307, 0.0236 -0.4177 0.3307, 0.0236 -0.3232 0.3307, -0.0236 -0.4272 0.3209, 0.0236 -0.4272 0.3209, 0.0236 -0.4309 0.3179, -0.0236 -0.4309 0.3179, 0.0236 -0.4354 0.3159, -0.0236 -0.4354 0.3159, 0.0236 -0.4401 0.315, -0.0236 -0.4401 0.315, 0.0236 -0.445 0.3153, -0.0236 -0.445 0.3153, 0.0236 -0.4496 0.3168, -0.0236 -0.4496 0.3168, -0.0236 -0.4856 0.1654, -0.0236 -0.3232 0.1548, 0.0236 -0.4856 0.1654, 0.0236 -0.3232 0.1548, 0.0236 -0.4894 0.1661, -0.0236 -0.4894 0.1661, 0.0236 -0.4928 0.1677, -0.0236 -0.4928 0.1677, 0.0236 -0.4958 0.1701, -0.0236 -0.4958 0.1701, 0.0236 -0.4982 0.1731, -0.0236 -0.4982 0.1731, 0.0236 -0.4997 0.1766, -0.0236 -0.4997 0.1766, 0.0236 -0.5003 0.1804, -0.0236 -0.5003 0.1804, 0.0236 -0.5 0.1842, -0.0236 -0.5 0.1842, 0.0236 -0.4988 0.1878, -0.0236 -0.4988 0.1878, 0.0236 -0.4968 0.1911, -0.0236 -0.4968 0.1911, 0.0236 -0.494 0.1937, -0.0236 -0.494 0.1937, -0.0236 -0.4531 0.2244, 0.0236 -0.4531 0.2244, 0.0236 -0.4486 0.2269, -0.0236 -0.4486 0.2269, 0.0236 -0.4436 0.2282, -0.0236 -0.4436 0.2282, 0.0236 -0.4385 0.2281, -0.0236 -0.4385 0.2281, 0.0236 -0.4336 0.2268, -0.0236 -0.4336 0.2268, 0.0236 -0.4291 0.2241, -0.0236 -0.4291 0.2241, 0.0236 -0.4255 0.2205, -0.0236 -0.4255 0.2205, -0.0236 -0.4137 0.2047, 0.0236 -0.4137 0.2047, -0.0236 -0.2934 0.1969, 0.0236 -0.2934 0.1969, -0.0236 -0.3232 0.1969, 0.0236 -0.3232 0.1969, -0.2598 -0.2838 0.063, -0.2126 -0.2838 0.063, -0.2598 -0.3625 0.063, -0.2126 -0.3625 0.063, -0.2598 -0.3232 0.1102, -0.2598 -0.585 0.1102, -0.2126 -0.3232 0.1102, -0.2126 -0.585 0.1102, -0.2598 -0.6145 0.063, -0.2126 -0.6145 0.063, -0.2126 -0.6196 0.0637, -0.2598 -0.6196 0.0637, -0.2126 -0.6244 0.0656, -0.2598 -0.6244 0.0656, -0.2126 -0.6284 0.0688, -0.2598 -0.6284 0.0688, -0.2126 -0.6316 0.0728, -0.2598 -0.6316 0.0728, -0.2126 -0.6335 0.0776, -0.2598 -0.6335 0.0776, -0.2126 -0.6342 0.0827, -0.2598 -0.6342 0.0827, -0.2598 -0.6342 0.0969, -0.2126 -0.6342 0.0969, -0.2126 -0.6336 0.1016, -0.2598 -0.6336 0.1016, -0.2126 -0.632 0.1059, -0.2598 -0.632 0.1059, -0.2126 -0.6294 0.1098, -0.2598 -0.6294 0.1098, -0.2126 -0.6259 0.1129, -0.2598 -0.6259 0.1129, -0.2126 -0.6218 0.1152, -0.2598 -0.6218 0.1152, -0.2598 -0.6047 0.122, -0.2126 -0.6047 0.122, -0.2598 -0.585 0.122, -0.2126 -0.585 0.122, -0.2598 -0.3232 0.0945, -0.2598 -0.2838 0.0945, -0.2126 -0.2838 0.0945, -0.2126 -0.3232 0.0945, -0.2126 0.2359 0.063, -0.2598 0.2359 0.063, -0.2126 0.3422 0.063, -0.2598 0.3422 0.063, -0.2598 0.3304 0.1634, -0.2126 0.3304 0.1634, -0.2126 0.3313 0.1705, -0.2598 0.3313 0.1705, -0.2126 0.3341 0.1772, -0.2598 0.3341 0.1772, -0.2126 0.3384 0.1829, -0.2598 0.3384 0.1829, -0.2126 0.3441 0.1873, -0.2598 0.3441 0.1873, -0.2126 0.3508 0.19, -0.2598 0.3508 0.19, -0.2126 0.3579 0.1909, -0.2598 0.3579 0.1909, -0.2598 0.3614 0.1909, -0.2126 0.3614 0.1909, -0.2598 0.469 0.1909, -0.2598 0.4255 0.1909, -0.2126 0.469 0.1909, -0.2126 0.4255 0.1909, -0.2598 0.4863 0.2067, -0.2126 0.4863 0.2067, -0.2598 0.5036 0.2067, -0.2126 0.5036 0.2067, -0.2598 0.5981 0.1535, -0.2126 0.5981 0.1535, -0.2598 0.6611 0.1535, -0.2126 0.6611 0.1535, -0.2598 0.6611 0.0984, -0.2126 0.6611 0.0984, -0.2598 0.6532 0.0984, -0.2126 0.6532 0.0984, -0.2598 0.6481 0.0978, -0.2126 0.6481 0.0978, -0.2598 0.6434 0.0958, -0.2126 0.6434 0.0958, -0.2598 0.6393 0.0927, -0.2126 0.6393 0.0927, -0.2598 0.6362 0.0886, -0.2126 0.6362 0.0886, -0.2598 0.6342 0.0838, -0.2126 0.6342 0.0838, -0.2598 0.6335 0.0787, -0.2126 0.6335 0.0787, -0.2598 0.6342 0.0736, -0.2126 0.6342 0.0736, -0.2598 0.6362 0.0689, -0.2126 0.6362 0.0689, -0.2598 0.6393 0.0648, -0.2126 0.6393 0.0648, -0.2598 0.6434 0.0617, -0.2126 0.6434 0.0617, -0.2598 0.6481 0.0597, -0.2126 0.6481 0.0597, -0.2598 0.6532 0.0591, -0.2126 0.6532 0.0591, -0.2598 0.6611 0.0591, -0.2126 0.6611 0.0591, -0.2598 0.6611 0.0197, -0.2126 0.6611 0.0197, -0.2598 0.6414 0.0, -0.2126 0.6414 0.0, -0.2598 0.5627 0.0, -0.2126 0.5627 0.0, -0.2126 0.5576 0.0007, -0.2598 0.5576 0.0007, -0.2126 0.5528 0.0026, -0.2598 0.5528 0.0026, -0.2126 0.5487 0.0058, -0.2598 0.5487 0.0058, -0.2126 0.5456 0.0098, -0.2598 0.5456 0.0098, -0.2126 0.5436 0.0146, -0.2598 0.5436 0.0146, -0.2126 0.543 0.0197, -0.2598 0.543 0.0197, -0.2598 0.543 0.027, -0.2126 0.543 0.027, -0.2598 0.1729 0.1181, -0.2598 0.169 0.1181, -0.2126 0.1729 0.1181, -0.2126 0.169 0.1181, -0.2598 0.1729 0.3307, -0.2126 0.1729 0.3307, -0.2598 0.169 0.3307, -0.2126 0.169 0.3307, -0.2598 0.4878 0.3429, -0.2598 0.169 0.3907, -0.2126 0.4878 0.3429, -0.2126 0.169 0.3907, -0.2598 0.5036 0.3287, -0.2126 0.5036 0.3287, -0.2598 0.5036 0.313, -0.2126 0.5036 0.313, -0.2598 0.476 0.2933, -0.2126 0.476 0.2933, -0.2598 0.4445 0.2933, -0.2126 0.4445 0.2933, -0.2598 0.4436 0.2934, -0.2126 0.4436 0.2934, -0.2598 0.3264 0.311, -0.2598 0.3735 0.304, -0.2126 0.3264 0.311, -0.2126 0.3735 0.304, -0.2598 0.2083 0.311, -0.2126 0.2083 0.311, -0.2598 0.2083 0.1181, -0.2126 0.2083 0.1181, -0.2598 0.3028 0.1181, -0.2126 0.3028 0.1181, -0.2598 0.3099 0.119, -0.2126 0.3099 0.119, -0.2598 0.3166 0.1218, -0.2126 0.3166 0.1218, -0.2598 0.3223 0.1262, -0.2126 0.3223 0.1262, -0.2598 0.3267 0.1319, -0.2126 0.3267 0.1319, -0.2598 0.3294 0.1385, -0.2126 0.3294 0.1385, -0.2598 0.3304 0.1457, -0.2126 0.3304 0.1457, -0.2598 0.4488 0.3228, -0.2598 0.169 0.063, -0.2598 0.5548 0.063, -0.2598 0.3768 0.3228, -0.2598 0.5548 0.0315, -0.2598 0.4217 0.1693, -0.2598 0.3667 0.1849, -0.2598 0.378 0.1764, -0.2598 0.3911 0.1711, -0.2598 0.4052 0.1693, -0.2126 0.169 0.063, -0.2126 0.4488 0.3228, -0.2126 0.4217 0.1693, -0.2126 0.3768 0.3228, -0.2126 0.5548 0.063, -0.2126 0.5548 0.0315, -0.2126 0.4052 0.1693, -0.2126 0.3911 0.1711, -0.2126 0.378 0.1764, -0.2126 0.3667 0.1849, -0.2598 -0.5182 0.3487, -0.2126 -0.5182 0.3487, -0.2126 -0.5231 0.3517, -0.2598 -0.5231 0.3517, -0.2126 -0.5271 0.3559, -0.2598 -0.5271 0.3559, -0.2126 -0.53 0.3609, -0.2598 -0.53 0.3609, -0.2126 -0.5316 0.3665, -0.2598 -0.5316 0.3665, -0.2126 -0.5317 0.3723, -0.2598 -0.5317 0.3723, -0.2126 -0.5305 0.378, -0.2598 -0.5305 0.378, -0.2126 -0.5279 0.3832, -0.2598 -0.5279 0.3832, -0.2126 -0.5241 0.3876, -0.2598 -0.5241 0.3876, -0.2126 -0.5194 0.3909, -0.2598 -0.5194 0.3909, -0.2126 -0.514 0.393, -0.2598 -0.514 0.393, -0.2126 -0.5082 0.3937, -0.2598 -0.5082 0.3937, -0.2598 -0.3232 0.3937, -0.2126 -0.3232 0.3937, -0.2598 -0.4177 0.3307, -0.2598 -0.3232 0.3307, -0.2126 -0.4177 0.3307, -0.2126 -0.3232 0.3307, -0.2598 -0.4272 0.3209, -0.2126 -0.4272 0.3209, -0.2126 -0.4309 0.3179, -0.2598 -0.4309 0.3179, -0.2126 -0.4354 0.3159, -0.2598 -0.4354 0.3159, -0.2126 -0.4401 0.315, -0.2598 -0.4401 0.315, -0.2126 -0.445 0.3153, -0.2598 -0.445 0.3153, -0.2126 -0.4496 0.3168, -0.2598 -0.4496 0.3168, -0.2598 -0.4856 0.1654, -0.2598 -0.3232 0.1548, -0.2126 -0.4856 0.1654, -0.2126 -0.3232 0.1548, -0.2126 -0.4894 0.1661, -0.2598 -0.4894 0.1661, -0.2126 -0.4928 0.1677, -0.2598 -0.4928 0.1677, -0.2126 -0.4958 0.1701, -0.2598 -0.4958 0.1701, -0.2126 -0.4982 0.1731, -0.2598 -0.4982 0.1731, -0.2126 -0.4997 0.1766, -0.2598 -0.4997 0.1766, -0.2126 -0.5003 0.1804, -0.2598 -0.5003 0.1804, -0.2126 -0.5 0.1842, -0.2598 -0.5 0.1842, -0.2126 -0.4988 0.1878, -0.2598 -0.4988 0.1878, -0.2126 -0.4968 0.1911, -0.2598 -0.4968 0.1911, -0.2126 -0.494 0.1937, -0.2598 -0.494 0.1937, -0.2598 -0.4531 0.2244, -0.2126 -0.4531 0.2244, -0.2126 -0.4486 0.2269, -0.2598 -0.4486 0.2269, -0.2126 -0.4436 0.2282, -0.2598 -0.4436 0.2282, -0.2126 -0.4385 0.2281, -0.2598 -0.4385 0.2281, -0.2126 -0.4336 0.2268, -0.2598 -0.4336 0.2268, -0.2126 -0.4291 0.2241, -0.2598 -0.4291 0.2241, -0.2126 -0.4255 0.2205, -0.2598 -0.4255 0.2205, -0.2598 -0.4137 0.2047, -0.2126 -0.4137 0.2047, -0.2598 -0.2934 0.1969, -0.2126 -0.2934 0.1969, -0.2598 -0.3232 0.1969, -0.2126 -0.3232 0.1969, -0.4961 -0.2838 0.063, -0.4488 -0.2838 0.063, -0.4961 -0.3625 0.063, -0.4488 -0.3625 0.063, -0.4961 -0.3232 0.1102, -0.4961 -0.585 0.1102, -0.4488 -0.3232 0.1102, -0.4488 -0.585 0.1102, -0.4961 -0.6145 0.063, -0.4488 -0.6145 0.063, -0.4488 -0.6196 0.0637, -0.4961 -0.6196 0.0637, -0.4488 -0.6244 0.0656, -0.4961 -0.6244 0.0656, -0.4488 -0.6284 0.0688, -0.4961 -0.6284 0.0688, -0.4488 -0.6316 0.0728, -0.4961 -0.6316 0.0728, -0.4488 -0.6335 0.0776, -0.4961 -0.6335 0.0776, -0.4488 -0.6342 0.0827, -0.4961 -0.6342 0.0827, -0.4961 -0.6342 0.0969, -0.4488 -0.6342 0.0969, -0.4488 -0.6336 0.1016, -0.4961 -0.6336 0.1016, -0.4488 -0.632 0.1059, -0.4961 -0.632 0.1059, -0.4488 -0.6294 0.1098, -0.4961 -0.6294 0.1098, -0.4488 -0.6259 0.1129, -0.4961 -0.6259 0.1129, -0.4488 -0.6218 0.1152, -0.4961 -0.6218 0.1152, -0.4961 -0.6047 0.122, -0.4488 -0.6047 0.122, -0.4961 -0.585 0.122, -0.4488 -0.585 0.122, -0.4961 -0.3232 0.0945, -0.4961 -0.2838 0.0945, -0.4488 -0.2838 0.0945, -0.4488 -0.3232 0.0945, -0.4488 0.2359 0.063, -0.4961 0.2359 0.063, -0.4488 0.3422 0.063, -0.4961 0.3422 0.063, -0.4961 0.3304 0.1634, -0.4488 0.3304 0.1634, -0.4488 0.3313 0.1705, -0.4961 0.3313 0.1705, -0.4488 0.3341 0.1772, -0.4961 0.3341 0.1772, -0.4488 0.3384 0.1829, -0.4961 0.3384 0.1829, -0.4488 0.3441 0.1873, -0.4961 0.3441 0.1873, -0.4488 0.3508 0.19, -0.4961 0.3508 0.19, -0.4488 0.3579 0.1909, -0.4961 0.3579 0.1909, -0.4961 0.3614 0.1909, -0.4488 0.3614 0.1909, -0.4961 0.469 0.1909, -0.4961 0.4255 0.1909, -0.4488 0.469 0.1909, -0.4488 0.4255 0.1909, -0.4961 0.4863 0.2067, -0.4488 0.4863 0.2067, -0.4961 0.5036 0.2067, -0.4488 0.5036 0.2067, -0.4961 0.5981 0.1535, -0.4488 0.5981 0.1535, -0.4961 0.6611 0.1535, -0.4488 0.6611 0.1535, -0.4961 0.6611 0.0984, -0.4488 0.6611 0.0984, -0.4961 0.6532 0.0984, -0.4488 0.6532 0.0984, -0.4961 0.6481 0.0978, -0.4488 0.6481 0.0978, -0.4961 0.6434 0.0958, -0.4488 0.6434 0.0958, -0.4961 0.6393 0.0927, -0.4488 0.6393 0.0927, -0.4961 0.6362 0.0886, -0.4488 0.6362 0.0886, -0.4961 0.6342 0.0838, -0.4488 0.6342 0.0838, -0.4961 0.6335 0.0787, -0.4488 0.6335 0.0787, -0.4961 0.6342 0.0736, -0.4488 0.6342 0.0736, -0.4961 0.6362 0.0689, -0.4488 0.6362 0.0689, -0.4961 0.6393 0.0648, -0.4488 0.6393 0.0648, -0.4961 0.6434 0.0617, -0.4488 0.6434 0.0617, -0.4961 0.6481 0.0597, -0.4488 0.6481 0.0597, -0.4961 0.6532 0.0591, -0.4488 0.6532 0.0591, -0.4961 0.6611 0.0591, -0.4488 0.6611 0.0591, -0.4961 0.6611 0.0197, -0.4488 0.6611 0.0197, -0.4961 0.6414 0.0, -0.4488 0.6414 0.0, -0.4961 0.5627 0.0, -0.4488 0.5627 0.0, -0.4488 0.5576 0.0007, -0.4961 0.5576 0.0007, -0.4488 0.5528 0.0026, -0.4961 0.5528 0.0026, -0.4488 0.5487 0.0058, -0.4961 0.5487 0.0058, -0.4488 0.5456 0.0098, -0.4961 0.5456 0.0098, -0.4488 0.5436 0.0146, -0.4961 0.5436 0.0146, -0.4488 0.543 0.0197, -0.4961 0.543 0.0197, -0.4961 0.543 0.027, -0.4488 0.543 0.027, -0.4961 0.1729 0.1181, -0.4961 0.169 0.1181, -0.4488 0.1729 0.1181, -0.4488 0.169 0.1181, -0.4961 0.1729 0.3307, -0.4488 0.1729 0.3307, -0.4961 0.169 0.3307, -0.4488 0.169 0.3307, -0.4961 0.4878 0.3429, -0.4961 0.169 0.3907, -0.4488 0.4878 0.3429, -0.4488 0.169 0.3907, -0.4961 0.5036 0.3287, -0.4488 0.5036 0.3287, -0.4961 0.5036 0.313, -0.4488 0.5036 0.313, -0.4961 0.476 0.2933, -0.4488 0.476 0.2933, -0.4961 0.4445 0.2933, -0.4488 0.4445 0.2933, -0.4961 0.4436 0.2934, -0.4488 0.4436 0.2934, -0.4961 0.3264 0.311, -0.4961 0.3735 0.304, -0.4488 0.3264 0.311, -0.4488 0.3735 0.304, -0.4961 0.2083 0.311, -0.4488 0.2083 0.311, -0.4961 0.2083 0.1181, -0.4488 0.2083 0.1181, -0.4961 0.3028 0.1181, -0.4488 0.3028 0.1181, -0.4961 0.3099 0.119, -0.4488 0.3099 0.119, -0.4961 0.3166 0.1218, -0.4488 0.3166 0.1218, -0.4961 0.3223 0.1262, -0.4488 0.3223 0.1262, -0.4961 0.3267 0.1319, -0.4488 0.3267 0.1319, -0.4961 0.3294 0.1385, -0.4488 0.3294 0.1385, -0.4961 0.3304 0.1457, -0.4488 0.3304 0.1457, -0.4961 0.4488 0.3228, -0.4961 0.5548 0.063, -0.4961 0.169 0.063, -0.4961 0.3768 0.3228, -0.4961 0.5548 0.0315, -0.4961 0.4217 0.1693, -0.4961 0.378 0.1764, -0.4961 0.3911 0.1711, -0.4961 0.4052 0.1693, -0.4961 0.3667 0.1849, -0.4488 0.169 0.063, -0.4488 0.4488 0.3228, -0.4488 0.4217 0.1693, -0.4488 0.3768 0.3228, -0.4488 0.5548 0.0315, -0.4488 0.5548 0.063, -0.4488 0.4052 0.1693, -0.4488 0.3911 0.1711, -0.4488 0.378 0.1764, -0.4488 0.3667 0.1849, -0.4961 -0.5182 0.3487, -0.4488 -0.5182 0.3487, -0.4488 -0.5231 0.3517, -0.4961 -0.5231 0.3517, -0.4488 -0.5271 0.3559, -0.4961 -0.5271 0.3559, -0.4488 -0.53 0.3609, -0.4961 -0.53 0.3609, -0.4488 -0.5316 0.3665, -0.4961 -0.5316 0.3665, -0.4488 -0.5317 0.3723, -0.4961 -0.5317 0.3723, -0.4488 -0.5305 0.378, -0.4961 -0.5305 0.378, -0.4488 -0.5279 0.3832, -0.4961 -0.5279 0.3832, -0.4488 -0.5241 0.3876, -0.4961 -0.5241 0.3876, -0.4488 -0.5194 0.3909, -0.4961 -0.5194 0.3909, -0.4488 -0.514 0.393, -0.4961 -0.514 0.393, -0.4488 -0.5082 0.3937, -0.4961 -0.5082 0.3937, -0.4961 -0.3232 0.3937, -0.4488 -0.3232 0.3937, -0.4961 -0.4177 0.3307, -0.4961 -0.3232 0.3307, -0.4488 -0.4177 0.3307, -0.4488 -0.3232 0.3307, -0.4961 -0.4272 0.3209, -0.4488 -0.4272 0.3209, -0.4488 -0.4309 0.3179, -0.4961 -0.4309 0.3179, -0.4488 -0.4354 0.3159, -0.4961 -0.4354 0.3159, -0.4488 -0.4401 0.315, -0.4961 -0.4401 0.315, -0.4488 -0.445 0.3153, -0.4961 -0.445 0.3153, -0.4488 -0.4496 0.3168, -0.4961 -0.4496 0.3168, -0.4961 -0.4856 0.1654, -0.4961 -0.3232 0.1548, -0.4488 -0.4856 0.1654, -0.4488 -0.3232 0.1548, -0.4488 -0.4894 0.1661, -0.4961 -0.4894 0.1661, -0.4488 -0.4928 0.1677, -0.4961 -0.4928 0.1677, -0.4488 -0.4958 0.1701, -0.4961 -0.4958 0.1701, -0.4488 -0.4982 0.1731, -0.4961 -0.4982 0.1731, -0.4488 -0.4997 0.1766, -0.4961 -0.4997 0.1766, -0.4488 -0.5003 0.1804, -0.4961 -0.5003 0.1804, -0.4488 -0.5 0.1842, -0.4961 -0.5 0.1842, -0.4488 -0.4988 0.1878, -0.4961 -0.4988 0.1878, -0.4488 -0.4968 0.1911, -0.4961 -0.4968 0.1911, -0.4488 -0.494 0.1937, -0.4961 -0.494 0.1937, -0.4961 -0.4531 0.2244, -0.4488 -0.4531 0.2244, -0.4488 -0.4486 0.2269, -0.4961 -0.4486 0.2269, -0.4488 -0.4436 0.2282, -0.4961 -0.4436 0.2282, -0.4488 -0.4385 0.2281, -0.4961 -0.4385 0.2281, -0.4488 -0.4336 0.2268, -0.4961 -0.4336 0.2268, -0.4488 -0.4291 0.2241, -0.4961 -0.4291 0.2241, -0.4488 -0.4255 0.2205, -0.4961 -0.4255 0.2205, -0.4961 -0.4137 0.2047, -0.4488 -0.4137 0.2047, -0.4961 -0.2934 0.1969, -0.4488 -0.2934 0.1969, -0.4961 -0.3232 0.1969, -0.4488 -0.3232 0.1969, -0.7323 -0.2838 0.063, -0.685 -0.2838 0.063, -0.7323 -0.3625 0.063, -0.685 -0.3625 0.063, -0.7323 -0.3232 0.1102, -0.7323 -0.585 0.1102, -0.685 -0.3232 0.1102, -0.685 -0.585 0.1102, -0.7323 -0.6145 0.063, -0.685 -0.6145 0.063, -0.685 -0.6196 0.0637, -0.7323 -0.6196 0.0637, -0.685 -0.6244 0.0656, -0.7323 -0.6244 0.0656, -0.685 -0.6284 0.0688, -0.7323 -0.6284 0.0688, -0.685 -0.6316 0.0728, -0.7323 -0.6316 0.0728, -0.685 -0.6335 0.0776, -0.7323 -0.6335 0.0776, -0.685 -0.6342 0.0827, -0.7323 -0.6342 0.0827, -0.7323 -0.6342 0.0969, -0.685 -0.6342 0.0969, -0.685 -0.6336 0.1016, -0.7323 -0.6336 0.1016, -0.685 -0.632 0.1059, -0.7323 -0.632 0.1059, -0.685 -0.6294 0.1098, -0.7323 -0.6294 0.1098, -0.685 -0.6259 0.1129, -0.7323 -0.6259 0.1129, -0.685 -0.6218 0.1152, -0.7323 -0.6218 0.1152, -0.7323 -0.6047 0.122, -0.685 -0.6047 0.122, -0.7323 -0.585 0.122, -0.685 -0.585 0.122, -0.7323 -0.3232 0.0945, -0.7323 -0.2838 0.0945, -0.685 -0.2838 0.0945, -0.685 -0.3232 0.0945, -0.685 0.2359 0.063, -0.7323 0.2359 0.063, -0.685 0.3422 0.063, -0.7323 0.3422 0.063, -0.7323 0.3304 0.1634, -0.685 0.3304 0.1634, -0.685 0.3313 0.1705, -0.7323 0.3313 0.1705, -0.685 0.3341 0.1772, -0.7323 0.3341 0.1772, -0.685 0.3384 0.1829, -0.7323 0.3384 0.1829, -0.685 0.3441 0.1873, -0.7323 0.3441 0.1873, -0.685 0.3508 0.19, -0.7323 0.3508 0.19, -0.685 0.3579 0.1909, -0.7323 0.3579 0.1909, -0.7323 0.3614 0.1909, -0.685 0.3614 0.1909, -0.7323 0.469 0.1909, -0.7323 0.4255 0.1909, -0.685 0.469 0.1909, -0.685 0.4255 0.1909, -0.7323 0.4863 0.2067, -0.685 0.4863 0.2067, -0.7323 0.5036 0.2067, -0.685 0.5036 0.2067, -0.7323 0.5981 0.1535, -0.685 0.5981 0.1535, -0.7323 0.6611 0.1535, -0.685 0.6611 0.1535, -0.7323 0.6611 0.0984, -0.685 0.6611 0.0984, -0.7323 0.6532 0.0984, -0.685 0.6532 0.0984, -0.7323 0.6481 0.0978, -0.685 0.6481 0.0978, -0.7323 0.6434 0.0958, -0.685 0.6434 0.0958, -0.7323 0.6393 0.0927, -0.685 0.6393 0.0927, -0.7323 0.6362 0.0886, -0.685 0.6362 0.0886, -0.7323 0.6342 0.0838, -0.685 0.6342 0.0838, -0.7323 0.6335 0.0787, -0.685 0.6335 0.0787, -0.7323 0.6342 0.0736, -0.685 0.6342 0.0736, -0.7323 0.6362 0.0689, -0.685 0.6362 0.0689, -0.7323 0.6393 0.0648, -0.685 0.6393 0.0648, -0.7323 0.6434 0.0617, -0.685 0.6434 0.0617, -0.7323 0.6481 0.0597, -0.685 0.6481 0.0597, -0.7323 0.6532 0.0591, -0.685 0.6532 0.0591, -0.7323 0.6611 0.0591, -0.685 0.6611 0.0591, -0.7323 0.6611 0.0197, -0.685 0.6611 0.0197, -0.7323 0.6414 0.0, -0.685 0.6414 0.0, -0.7323 0.5627 0.0, -0.685 0.5627 0.0, -0.685 0.5576 0.0007, -0.7323 0.5576 0.0007, -0.685 0.5528 0.0026, -0.7323 0.5528 0.0026, -0.685 0.5487 0.0058, -0.7323 0.5487 0.0058, -0.685 0.5456 0.0098, -0.7323 0.5456 0.0098, -0.685 0.5436 0.0146, -0.7323 0.5436 0.0146, -0.685 0.543 0.0197, -0.7323 0.543 0.0197, -0.7323 0.543 0.027, -0.685 0.543 0.027, -0.7323 0.1729 0.1181, -0.7323 0.169 0.1181, -0.685 0.1729 0.1181, -0.685 0.169 0.1181, -0.7323 0.1729 0.3307, -0.685 0.1729 0.3307, -0.7323 0.169 0.3307, -0.685 0.169 0.3307, -0.7323 0.4878 0.3429, -0.7323 0.169 0.3907, -0.685 0.4878 0.3429, -0.685 0.169 0.3907, -0.7323 0.5036 0.3287, -0.685 0.5036 0.3287, -0.7323 0.5036 0.313, -0.685 0.5036 0.313, -0.7323 0.476 0.2933, -0.685 0.476 0.2933, -0.7323 0.4445 0.2933, -0.685 0.4445 0.2933, -0.7323 0.4436 0.2934, -0.685 0.4436 0.2934, -0.7323 0.3264 0.311, -0.7323 0.3735 0.304, -0.685 0.3264 0.311, -0.685 0.3735 0.304, -0.7323 0.2083 0.311, -0.685 0.2083 0.311, -0.7323 0.2083 0.1181, -0.685 0.2083 0.1181, -0.7323 0.3028 0.1181, -0.685 0.3028 0.1181, -0.7323 0.3099 0.119, -0.685 0.3099 0.119, -0.7323 0.3166 0.1218, -0.685 0.3166 0.1218, -0.7323 0.3223 0.1262, -0.685 0.3223 0.1262, -0.7323 0.3267 0.1319, -0.685 0.3267 0.1319, -0.7323 0.3294 0.1385, -0.685 0.3294 0.1385, -0.7323 0.3304 0.1457, -0.685 0.3304 0.1457, -0.7323 0.4488 0.3228, -0.7323 0.5548 0.063, -0.7323 0.169 0.063, -0.7323 0.3768 0.3228, -0.7323 0.5548 0.0315, -0.7323 0.4217 0.1693, -0.7323 0.3911 0.1711, -0.7323 0.4052 0.1693, -0.7323 0.3667 0.1849, -0.7323 0.378 0.1764, -0.685 0.169 0.063, -0.685 0.4488 0.3228, -0.685 0.4217 0.1693, -0.685 0.3768 0.3228, -0.685 0.5548 0.0315, -0.685 0.5548 0.063, -0.685 0.4052 0.1693, -0.685 0.3911 0.1711, -0.685 0.378 0.1764, -0.685 0.3667 0.1849, -0.7323 -0.5182 0.3487, -0.685 -0.5182 0.3487, -0.685 -0.5231 0.3517, -0.7323 -0.5231 0.3517, -0.685 -0.5271 0.3559, -0.7323 -0.5271 0.3559, -0.685 -0.53 0.3609, -0.7323 -0.53 0.3609, -0.685 -0.5316 0.3665, -0.7323 -0.5316 0.3665, -0.685 -0.5317 0.3723, -0.7323 -0.5317 0.3723, -0.685 -0.5305 0.378, -0.7323 -0.5305 0.378, -0.685 -0.5279 0.3832, -0.7323 -0.5279 0.3832, -0.685 -0.5241 0.3876, -0.7323 -0.5241 0.3876, -0.685 -0.5194 0.3909, -0.7323 -0.5194 0.3909, -0.685 -0.514 0.393, -0.7323 -0.514 0.393, -0.685 -0.5082 0.3937, -0.7323 -0.5082 0.3937, -0.7323 -0.3232 0.3937, -0.685 -0.3232 0.3937, -0.7323 -0.4177 0.3307, -0.7323 -0.3232 0.3307, -0.685 -0.4177 0.3307, -0.685 -0.3232 0.3307, -0.7323 -0.4272 0.3209, -0.685 -0.4272 0.3209, -0.685 -0.4309 0.3179, -0.7323 -0.4309 0.3179, -0.685 -0.4354 0.3159, -0.7323 -0.4354 0.3159, -0.685 -0.4401 0.315, -0.7323 -0.4401 0.315, -0.685 -0.445 0.3153, -0.7323 -0.445 0.3153, -0.685 -0.4496 0.3168, -0.7323 -0.4496 0.3168, -0.7323 -0.4856 0.1654, -0.7323 -0.3232 0.1548, -0.685 -0.4856 0.1654, -0.685 -0.3232 0.1548, -0.685 -0.4894 0.1661, -0.7323 -0.4894 0.1661, -0.685 -0.4928 0.1677, -0.7323 -0.4928 0.1677, -0.685 -0.4958 0.1701, -0.7323 -0.4958 0.1701, -0.685 -0.4982 0.1731, -0.7323 -0.4982 0.1731, -0.685 -0.4997 0.1766, -0.7323 -0.4997 0.1766, -0.685 -0.5003 0.1804, -0.7323 -0.5003 0.1804, -0.685 -0.5 0.1842, -0.7323 -0.5 0.1842, -0.685 -0.4988 0.1878, -0.7323 -0.4988 0.1878, -0.685 -0.4968 0.1911, -0.7323 -0.4968 0.1911, -0.685 -0.494 0.1937, -0.7323 -0.494 0.1937, -0.7323 -0.4531 0.2244, -0.685 -0.4531 0.2244, -0.685 -0.4486 0.2269, -0.7323 -0.4486 0.2269, -0.685 -0.4436 0.2282, -0.7323 -0.4436 0.2282, -0.685 -0.4385 0.2281, -0.7323 -0.4385 0.2281, -0.685 -0.4336 0.2268, -0.7323 -0.4336 0.2268, -0.685 -0.4291 0.2241, -0.7323 -0.4291 0.2241, -0.685 -0.4255 0.2205, -0.7323 -0.4255 0.2205, -0.7323 -0.4137 0.2047, -0.685 -0.4137 0.2047, -0.7323 -0.2934 0.1969, -0.685 -0.2934 0.1969, -0.7323 -0.3232 0.1969, -0.685 -0.3232 0.1969, -0.9685 -0.2838 0.063, -0.9213 -0.2838 0.063, -0.9685 -0.3625 0.063, -0.9213 -0.3625 0.063, -0.9685 -0.3232 0.1102, -0.9685 -0.585 0.1102, -0.9213 -0.3232 0.1102, -0.9213 -0.585 0.1102, -0.9685 -0.6145 0.063, -0.9213 -0.6145 0.063, -0.9213 -0.6196 0.0637, -0.9685 -0.6196 0.0637, -0.9213 -0.6244 0.0656, -0.9685 -0.6244 0.0656, -0.9213 -0.6284 0.0688, -0.9685 -0.6284 0.0688, -0.9213 -0.6316 0.0728, -0.9685 -0.6316 0.0728, -0.9213 -0.6335 0.0776, -0.9685 -0.6335 0.0776, -0.9213 -0.6342 0.0827, -0.9685 -0.6342 0.0827, -0.9685 -0.6342 0.0969, -0.9213 -0.6342 0.0969, -0.9213 -0.6336 0.1016, -0.9685 -0.6336 0.1016, -0.9213 -0.632 0.1059, -0.9685 -0.632 0.1059, -0.9213 -0.6294 0.1098, -0.9685 -0.6294 0.1098, -0.9213 -0.6259 0.1129, -0.9685 -0.6259 0.1129, -0.9213 -0.6218 0.1152, -0.9685 -0.6218 0.1152, -0.9685 -0.6047 0.122, -0.9213 -0.6047 0.122, -0.9685 -0.585 0.122, -0.9213 -0.585 0.122, -0.9685 -0.3232 0.0945, -0.9685 -0.2838 0.0945, -0.9213 -0.2838 0.0945, -0.9213 -0.3232 0.0945, -0.9213 0.2359 0.063, -0.9685 0.2359 0.063, -0.9213 0.3422 0.063, -0.9685 0.3422 0.063, -0.9685 0.3304 0.1634, -0.9213 0.3304 0.1634, -0.9213 0.3313 0.1705, -0.9685 0.3313 0.1705, -0.9213 0.3341 0.1772, -0.9685 0.3341 0.1772, -0.9213 0.3384 0.1829, -0.9685 0.3384 0.1829, -0.9213 0.3441 0.1873, -0.9685 0.3441 0.1873, -0.9213 0.3508 0.19, -0.9685 0.3508 0.19, -0.9213 0.3579 0.1909, -0.9685 0.3579 0.1909, -0.9685 0.3614 0.1909, -0.9213 0.3614 0.1909, -0.9685 0.469 0.1909, -0.9685 0.4255 0.1909, -0.9213 0.469 0.1909, -0.9213 0.4255 0.1909, -0.9685 0.4863 0.2067, -0.9213 0.4863 0.2067, -0.9685 0.5036 0.2067, -0.9213 0.5036 0.2067, -0.9685 0.5981 0.1535, -0.9213 0.5981 0.1535, -0.9685 0.6611 0.1535, -0.9213 0.6611 0.1535, -0.9685 0.6611 0.0984, -0.9213 0.6611 0.0984, -0.9685 0.6532 0.0984, -0.9213 0.6532 0.0984, -0.9685 0.6481 0.0978, -0.9213 0.6481 0.0978, -0.9685 0.6434 0.0958, -0.9213 0.6434 0.0958, -0.9685 0.6393 0.0927, -0.9213 0.6393 0.0927, -0.9685 0.6362 0.0886, -0.9213 0.6362 0.0886, -0.9685 0.6342 0.0838, -0.9213 0.6342 0.0838, -0.9685 0.6335 0.0787, -0.9213 0.6335 0.0787, -0.9685 0.6342 0.0736, -0.9213 0.6342 0.0736, -0.9685 0.6362 0.0689, -0.9213 0.6362 0.0689, -0.9685 0.6393 0.0648, -0.9213 0.6393 0.0648, -0.9685 0.6434 0.0617, -0.9213 0.6434 0.0617, -0.9685 0.6481 0.0597, -0.9213 0.6481 0.0597, -0.9685 0.6532 0.0591, -0.9213 0.6532 0.0591, -0.9685 0.6611 0.0591, -0.9213 0.6611 0.0591, -0.9685 0.6611 0.0197, -0.9213 0.6611 0.0197, -0.9685 0.6414 0.0, -0.9213 0.6414 0.0, -0.9685 0.5627 0.0, -0.9213 0.5627 0.0, -0.9213 0.5576 0.0007, -0.9685 0.5576 0.0007, -0.9213 0.5528 0.0026, -0.9685 0.5528 0.0026, -0.9213 0.5487 0.0058, -0.9685 0.5487 0.0058, -0.9213 0.5456 0.0098, -0.9685 0.5456 0.0098, -0.9213 0.5436 0.0146, -0.9685 0.5436 0.0146, -0.9213 0.543 0.0197, -0.9685 0.543 0.0197, -0.9685 0.543 0.027, -0.9213 0.543 0.027, -0.9685 0.1729 0.1181, -0.9685 0.169 0.1181, -0.9213 0.1729 0.1181, -0.9213 0.169 0.1181, -0.9685 0.1729 0.3307, -0.9213 0.1729 0.3307, -0.9685 0.169 0.3307, -0.9213 0.169 0.3307, -0.9685 0.4878 0.3429, -0.9685 0.169 0.3907, -0.9213 0.4878 0.3429, -0.9213 0.169 0.3907, -0.9685 0.5036 0.3287, -0.9213 0.5036 0.3287, -0.9685 0.5036 0.313, -0.9213 0.5036 0.313, -0.9685 0.476 0.2933, -0.9213 0.476 0.2933, -0.9685 0.4445 0.2933, -0.9213 0.4445 0.2933, -0.9685 0.4436 0.2934, -0.9213 0.4436 0.2934, -0.9685 0.3264 0.311, -0.9685 0.3735 0.304, -0.9213 0.3264 0.311, -0.9213 0.3735 0.304, -0.9685 0.2083 0.311, -0.9213 0.2083 0.311, -0.9685 0.2083 0.1181, -0.9213 0.2083 0.1181, -0.9685 0.3028 0.1181, -0.9213 0.3028 0.1181, -0.9685 0.3099 0.119, -0.9213 0.3099 0.119, -0.9685 0.3166 0.1218, -0.9213 0.3166 0.1218, -0.9685 0.3223 0.1262, -0.9213 0.3223 0.1262, -0.9685 0.3267 0.1319, -0.9213 0.3267 0.1319, -0.9685 0.3294 0.1385, -0.9213 0.3294 0.1385, -0.9685 0.3304 0.1457, -0.9213 0.3304 0.1457, -0.9685 0.4488 0.3228, -0.9685 0.169 0.063, -0.9685 0.5548 0.063, -0.9685 0.3768 0.3228, -0.9685 0.5548 0.0315, -0.9685 0.4217 0.1693, -0.9685 0.3667 0.1849, -0.9685 0.378 0.1764, -0.9685 0.3911 0.1711, -0.9685 0.4052 0.1693, -0.9213 0.169 0.063, -0.9213 0.4488 0.3228, -0.9213 0.4217 0.1693, -0.9213 0.3768 0.3228, -0.9213 0.5548 0.0315, -0.9213 0.5548 0.063, -0.9213 0.4052 0.1693, -0.9213 0.3911 0.1711, -0.9213 0.378 0.1764, -0.9213 0.3667 0.1849, -0.9685 -0.5182 0.3487, -0.9213 -0.5182 0.3487, -0.9213 -0.5231 0.3517, -0.9685 -0.5231 0.3517, -0.9213 -0.5271 0.3559, -0.9685 -0.5271 0.3559, -0.9213 -0.53 0.3609, -0.9685 -0.53 0.3609, -0.9213 -0.5316 0.3665, -0.9685 -0.5316 0.3665, -0.9213 -0.5317 0.3723, -0.9685 -0.5317 0.3723, -0.9213 -0.5305 0.378, -0.9685 -0.5305 0.378, -0.9213 -0.5279 0.3832, -0.9685 -0.5279 0.3832, -0.9213 -0.5241 0.3876, -0.9685 -0.5241 0.3876, -0.9213 -0.5194 0.3909, -0.9685 -0.5194 0.3909, -0.9213 -0.514 0.393, -0.9685 -0.514 0.393, -0.9213 -0.5082 0.3937, -0.9685 -0.5082 0.3937, -0.9685 -0.3232 0.3937, -0.9213 -0.3232 0.3937, -0.9685 -0.4177 0.3307, -0.9685 -0.3232 0.3307, -0.9213 -0.4177 0.3307, -0.9213 -0.3232 0.3307, -0.9685 -0.4272 0.3209, -0.9213 -0.4272 0.3209, -0.9213 -0.4309 0.3179, -0.9685 -0.4309 0.3179, -0.9213 -0.4354 0.3159, -0.9685 -0.4354 0.3159, -0.9213 -0.4401 0.315, -0.9685 -0.4401 0.315, -0.9213 -0.445 0.3153, -0.9685 -0.445 0.3153, -0.9213 -0.4496 0.3168, -0.9685 -0.4496 0.3168, -0.9685 -0.4856 0.1654, -0.9685 -0.3232 0.1548, -0.9213 -0.4856 0.1654, -0.9213 -0.3232 0.1548, -0.9213 -0.4894 0.1661, -0.9685 -0.4894 0.1661, -0.9213 -0.4928 0.1677, -0.9685 -0.4928 0.1677, -0.9213 -0.4958 0.1701, -0.9685 -0.4958 0.1701, -0.9213 -0.4982 0.1731, -0.9685 -0.4982 0.1731, -0.9213 -0.4997 0.1766, -0.9685 -0.4997 0.1766, -0.9213 -0.5003 0.1804, -0.9685 -0.5003 0.1804, -0.9213 -0.5 0.1842, -0.9685 -0.5 0.1842, -0.9213 -0.4988 0.1878, -0.9685 -0.4988 0.1878, -0.9213 -0.4968 0.1911, -0.9685 -0.4968 0.1911, -0.9213 -0.494 0.1937, -0.9685 -0.494 0.1937, -0.9685 -0.4531 0.2244, -0.9213 -0.4531 0.2244, -0.9213 -0.4486 0.2269, -0.9685 -0.4486 0.2269, -0.9213 -0.4436 0.2282, -0.9685 -0.4436 0.2282, -0.9213 -0.4385 0.2281, -0.9685 -0.4385 0.2281, -0.9213 -0.4336 0.2268, -0.9685 -0.4336 0.2268, -0.9213 -0.4291 0.2241, -0.9685 -0.4291 0.2241, -0.9213 -0.4255 0.2205, -0.9685 -0.4255 0.2205, -0.9685 -0.4137 0.2047, -0.9213 -0.4137 0.2047, -0.9685 -0.2934 0.1969, -0.9213 -0.2934 0.1969, -0.9685 -0.3232 0.1969, -0.9213 -0.3232 0.1969, -1.2047 -0.2838 0.063, -1.1575 -0.2838 0.063, -1.2047 -0.3625 0.063, -1.1575 -0.3625 0.063, -1.2047 -0.3232 0.1102, -1.2047 -0.585 0.1102, -1.1575 -0.3232 0.1102, -1.1575 -0.585 0.1102, -1.2047 -0.6145 0.063, -1.1575 -0.6145 0.063, -1.1575 -0.6196 0.0637, -1.2047 -0.6196 0.0637, -1.1575 -0.6244 0.0656, -1.2047 -0.6244 0.0656, -1.1575 -0.6284 0.0688, -1.2047 -0.6284 0.0688, -1.1575 -0.6316 0.0728, -1.2047 -0.6316 0.0728, -1.1575 -0.6335 0.0776, -1.2047 -0.6335 0.0776, -1.1575 -0.6342 0.0827, -1.2047 -0.6342 0.0827, -1.2047 -0.6342 0.0969, -1.1575 -0.6342 0.0969, -1.1575 -0.6336 0.1016, -1.2047 -0.6336 0.1016, -1.1575 -0.632 0.1059, -1.2047 -0.632 0.1059, -1.1575 -0.6294 0.1098, -1.2047 -0.6294 0.1098, -1.1575 -0.6259 0.1129, -1.2047 -0.6259 0.1129, -1.1575 -0.6218 0.1152, -1.2047 -0.6218 0.1152, -1.2047 -0.6047 0.122, -1.1575 -0.6047 0.122, -1.2047 -0.585 0.122, -1.1575 -0.585 0.122, -1.2047 -0.3232 0.0945, -1.2047 -0.2838 0.0945, -1.1575 -0.2838 0.0945, -1.1575 -0.3232 0.0945, -1.1575 0.2359 0.063, -1.2047 0.2359 0.063, -1.1575 0.3422 0.063, -1.2047 0.3422 0.063, -1.2047 0.3304 0.1634, -1.1575 0.3304 0.1634, -1.1575 0.3313 0.1705, -1.2047 0.3313 0.1705, -1.1575 0.3341 0.1772, -1.2047 0.3341 0.1772, -1.1575 0.3384 0.1829, -1.2047 0.3384 0.1829, -1.1575 0.3441 0.1873, -1.2047 0.3441 0.1873, -1.1575 0.3508 0.19, -1.2047 0.3508 0.19, -1.1575 0.3579 0.1909, -1.2047 0.3579 0.1909, -1.2047 0.3614 0.1909, -1.1575 0.3614 0.1909, -1.2047 0.469 0.1909, -1.2047 0.4255 0.1909, -1.1575 0.469 0.1909, -1.1575 0.4255 0.1909, -1.2047 0.4863 0.2067, -1.1575 0.4863 0.2067, -1.2047 0.5036 0.2067, -1.1575 0.5036 0.2067, -1.2047 0.5981 0.1535, -1.1575 0.5981 0.1535, -1.2047 0.6611 0.1535, -1.1575 0.6611 0.1535, -1.2047 0.6611 0.0984, -1.1575 0.6611 0.0984, -1.2047 0.6532 0.0984, -1.1575 0.6532 0.0984, -1.2047 0.6481 0.0978, -1.1575 0.6481 0.0978, -1.2047 0.6434 0.0958, -1.1575 0.6434 0.0958, -1.2047 0.6393 0.0927, -1.1575 0.6393 0.0927, -1.2047 0.6362 0.0886, -1.1575 0.6362 0.0886, -1.2047 0.6342 0.0838, -1.1575 0.6342 0.0838, -1.2047 0.6335 0.0787, -1.1575 0.6335 0.0787, -1.2047 0.6342 0.0736, -1.1575 0.6342 0.0736, -1.2047 0.6362 0.0689, -1.1575 0.6362 0.0689, -1.2047 0.6393 0.0648, -1.1575 0.6393 0.0648, -1.2047 0.6434 0.0617, -1.1575 0.6434 0.0617, -1.2047 0.6481 0.0597, -1.1575 0.6481 0.0597, -1.2047 0.6532 0.0591, -1.1575 0.6532 0.0591, -1.2047 0.6611 0.0591, -1.1575 0.6611 0.0591, -1.2047 0.6611 0.0197, -1.1575 0.6611 0.0197, -1.2047 0.6414 0.0, -1.1575 0.6414 0.0, -1.2047 0.5627 0.0, -1.1575 0.5627 0.0, -1.1575 0.5576 0.0007, -1.2047 0.5576 0.0007, -1.1575 0.5528 0.0026, -1.2047 0.5528 0.0026, -1.1575 0.5487 0.0058, -1.2047 0.5487 0.0058, -1.1575 0.5456 0.0098, -1.2047 0.5456 0.0098, -1.1575 0.5436 0.0146, -1.2047 0.5436 0.0146, -1.1575 0.543 0.0197, -1.2047 0.543 0.0197, -1.2047 0.543 0.027, -1.1575 0.543 0.027, -1.2047 0.1729 0.1181, -1.2047 0.169 0.1181, -1.1575 0.1729 0.1181, -1.1575 0.169 0.1181, -1.2047 0.1729 0.3307, -1.1575 0.1729 0.3307, -1.2047 0.169 0.3307, -1.1575 0.169 0.3307, -1.2047 0.4878 0.3429, -1.2047 0.169 0.3907, -1.1575 0.4878 0.3429, -1.1575 0.169 0.3907, -1.2047 0.5036 0.3287, -1.1575 0.5036 0.3287, -1.2047 0.5036 0.313, -1.1575 0.5036 0.313, -1.2047 0.476 0.2933, -1.1575 0.476 0.2933, -1.2047 0.4445 0.2933, -1.1575 0.4445 0.2933, -1.2047 0.4436 0.2934, -1.1575 0.4436 0.2934, -1.2047 0.3264 0.311, -1.2047 0.3735 0.304, -1.1575 0.3264 0.311, -1.1575 0.3735 0.304, -1.2047 0.2083 0.311, -1.1575 0.2083 0.311, -1.2047 0.2083 0.1181, -1.1575 0.2083 0.1181, -1.2047 0.3028 0.1181, -1.1575 0.3028 0.1181, -1.2047 0.3099 0.119, -1.1575 0.3099 0.119, -1.2047 0.3166 0.1218, -1.1575 0.3166 0.1218, -1.2047 0.3223 0.1262, -1.1575 0.3223 0.1262, -1.2047 0.3267 0.1319, -1.1575 0.3267 0.1319, -1.2047 0.3294 0.1385, -1.1575 0.3294 0.1385, -1.2047 0.3304 0.1457, -1.1575 0.3304 0.1457, -1.2047 0.4488 0.3228, -1.2047 0.5548 0.063, -1.2047 0.3768 0.3228, -1.2047 0.169 0.063, -1.2047 0.5548 0.0315, -1.2047 0.4217 0.1693, -1.2047 0.3667 0.1849, -1.2047 0.378 0.1764, -1.2047 0.3911 0.1711, -1.2047 0.4052 0.1693, -1.1575 0.4488 0.3228, -1.1575 0.4217 0.1693, -1.1575 0.3768 0.3228, -1.1575 0.5548 0.0315, -1.1575 0.5548 0.063, -1.1575 0.4052 0.1693, -1.1575 0.169 0.063, -1.1575 0.3911 0.1711, -1.1575 0.378 0.1764, -1.1575 0.3667 0.1849, -1.2047 -0.5182 0.3487, -1.1575 -0.5182 0.3487, -1.1575 -0.5231 0.3517, -1.2047 -0.5231 0.3517, -1.1575 -0.5271 0.3559, -1.2047 -0.5271 0.3559, -1.1575 -0.53 0.3609, -1.2047 -0.53 0.3609, -1.1575 -0.5316 0.3665, -1.2047 -0.5316 0.3665, -1.1575 -0.5317 0.3723, -1.2047 -0.5317 0.3723, -1.1575 -0.5305 0.378, -1.2047 -0.5305 0.378, -1.1575 -0.5279 0.3832, -1.2047 -0.5279 0.3832, -1.1575 -0.5241 0.3876, -1.2047 -0.5241 0.3876, -1.1575 -0.5194 0.3909, -1.2047 -0.5194 0.3909, -1.1575 -0.514 0.393, -1.2047 -0.514 0.393, -1.1575 -0.5082 0.3937, -1.2047 -0.5082 0.3937, -1.2047 -0.3232 0.3937, -1.1575 -0.3232 0.3937, -1.2047 -0.4177 0.3307, -1.2047 -0.3232 0.3307, -1.1575 -0.4177 0.3307, -1.1575 -0.3232 0.3307, -1.2047 -0.4272 0.3209, -1.1575 -0.4272 0.3209, -1.1575 -0.4309 0.3179, -1.2047 -0.4309 0.3179, -1.1575 -0.4354 0.3159, -1.2047 -0.4354 0.3159, -1.1575 -0.4401 0.315, -1.2047 -0.4401 0.315, -1.1575 -0.445 0.3153, -1.2047 -0.445 0.3153, -1.1575 -0.4496 0.3168, -1.2047 -0.4496 0.3168, -1.2047 -0.4856 0.1654, -1.2047 -0.3232 0.1548, -1.1575 -0.4856 0.1654, -1.1575 -0.3232 0.1548, -1.1575 -0.4894 0.1661, -1.2047 -0.4894 0.1661, -1.1575 -0.4928 0.1677, -1.2047 -0.4928 0.1677, -1.1575 -0.4958 0.1701, -1.2047 -0.4958 0.1701, -1.1575 -0.4982 0.1731, -1.2047 -0.4982 0.1731, -1.1575 -0.4997 0.1766, -1.2047 -0.4997 0.1766, -1.1575 -0.5003 0.1804, -1.2047 -0.5003 0.1804, -1.1575 -0.5 0.1842, -1.2047 -0.5 0.1842, -1.1575 -0.4988 0.1878, -1.2047 -0.4988 0.1878, -1.1575 -0.4968 0.1911, -1.2047 -0.4968 0.1911, -1.1575 -0.494 0.1937, -1.2047 -0.494 0.1937, -1.2047 -0.4531 0.2244, -1.1575 -0.4531 0.2244, -1.1575 -0.4486 0.2269, -1.2047 -0.4486 0.2269, -1.1575 -0.4436 0.2282, -1.2047 -0.4436 0.2282, -1.1575 -0.4385 0.2281, -1.2047 -0.4385 0.2281, -1.1575 -0.4336 0.2268, -1.2047 -0.4336 0.2268, -1.1575 -0.4291 0.2241, -1.2047 -0.4291 0.2241, -1.1575 -0.4255 0.2205, -1.2047 -0.4255 0.2205, -1.2047 -0.4137 0.2047, -1.1575 -0.4137 0.2047, -1.2047 -0.2934 0.1969, -1.1575 -0.2934 0.1969, -1.2047 -0.3232 0.1969, -1.1575 -0.3232 0.1969
            ]
        }
        coordIndex [
            0,1,2,-1,2,1,3,-1,4,5,6,-1,6,5,7,-1,4,6,8,-1,8,6,9,-1,8,9,10,-1,10,9,11,-1,10,11,12,-1,12,11,13,-1,12,13,14,-1,14,13,15,-1,14,15,16,-1,16,15,17,-1,16,17,18,-1,16,18,19,-1,19,18,20,-1,19,20,21,-1,21,20,22,-1,21,22,23,-1,23,22,24,-1,23,24,25,-1,25,24,26,-1,25,26,27,-1,27,26,28,-1,27,28,29,-1,29,28,30,-1,29,30,31,-1,31,30,32,-1,31,32,33,-1,33,32,34,-1,33,34,35,-1,35,34,36,-1,35,36,37,-1,37,36,38,-1,37,38,39,-1,40,39,41,-1,41,39,38,-1,40,41,42,-1,42,41,43,-1,42,43,44,-1,44,43,45,-1,44,45,46,-1,46,45,47,-1,46,47,48,-1,48,47,49,-1,48,49,50,-1,50,49,51,-1,50,51,52,-1,52,51,53,-1,54,52,55,-1,55,52,53,-1,54,55,56,-1,56,55,57,-1,56,57,58,-1,58,57,59,-1,58,59,60,-1,60,59,61,-1,60,61,62,-1,62,61,63,-1,62,63,64,-1,64,63,65,-1,64,65,66,-1,66,65,67,-1,68,66,69,-1,69,66,67,-1,70,68,71,-1,71,68,69,-1,70,71,72,-1,70,72,73,-1,73,72,74,-1,73,74,75,-1,75,74,76,-1,75,76,77,-1,77,76,78,-1,77,78,79,-1,79,78,80,-1,79,80,81,-1,82,81,83,-1,83,81,80,-1,82,83,84,-1,82,84,85,-1,85,84,86,-1,85,86,87,-1,87,86,88,-1,87,88,89,-1,89,88,90,-1,89,90,91,-1,91,90,92,-1,91,92,93,-1,93,92,94,-1,93,94,95,-1,96,97,98,-1,98,97,99,-1,100,96,101,-1,101,96,98,-1,100,101,102,-1,100,102,103,-1,103,102,104,-1,103,104,105,-1,105,104,106,-1,105,106,107,-1,107,106,108,-1,107,108,109,-1,109,108,110,-1,109,110,111,-1,111,110,112,-1,111,112,113,-1,114,113,115,-1,115,113,112,-1,114,115,116,-1,114,116,117,-1,117,116,118,-1,117,118,119,-1,119,118,120,-1,119,120,121,-1,121,120,122,-1,121,122,123,-1,123,122,124,-1,123,124,125,-1,125,124,126,-1,125,126,127,-1,128,127,129,-1,129,127,126,-1,130,131,132,-1,132,131,133,-1,134,130,135,-1,135,130,132,-1,136,134,137,-1,137,134,135,-1,136,137,138,-1,138,137,139,-1,138,139,140,-1,140,139,141,-1,140,141,142,-1,142,141,143,-1,142,143,144,-1,144,143,145,-1,144,145,146,-1,146,145,147,-1,146,147,148,-1,148,147,149,-1,150,148,151,-1,151,148,149,-1,150,151,152,-1,152,151,153,-1,152,153,154,-1,154,153,155,-1,154,155,156,-1,156,155,157,-1,156,157,158,-1,158,157,159,-1,158,159,160,-1,160,159,161,-1,160,161,162,-1,162,161,163,-1,164,162,165,-1,165,162,163,-1,164,165,166,-1,164,166,167,-1,167,166,168,-1,167,168,169,-1,169,168,170,-1,169,170,171,-1,171,170,172,-1,171,172,173,-1,173,172,174,-1,173,174,175,-1,175,174,176,-1,175,176,177,-1,178,177,179,-1,179,177,176,-1,178,179,180,-1,178,180,181,-1,181,180,182,-1,181,182,183,-1,127,128,184,-1,114,127,113,-1,113,127,184,-1,113,184,111,-1,111,184,109,-1,185,96,184,-1,184,96,100,-1,184,100,103,-1,134,97,130,-1,130,97,96,-1,130,96,131,-1,131,96,185,-1,103,105,184,-1,184,105,107,-1,184,107,109,-1,186,160,162,-1,187,48,50,-1,119,121,123,-1,188,5,42,-1,42,5,4,-1,114,117,127,-1,127,117,119,-1,127,119,125,-1,125,119,123,-1,138,140,187,-1,187,140,142,-1,54,56,95,-1,4,8,42,-1,42,8,10,-1,42,10,40,-1,183,186,181,-1,181,186,162,-1,181,162,178,-1,178,162,164,-1,10,12,40,-1,40,12,14,-1,40,14,39,-1,39,14,16,-1,39,16,37,-1,142,144,187,-1,187,144,146,-1,187,146,148,-1,160,186,158,-1,158,186,189,-1,158,189,156,-1,187,50,95,-1,95,50,52,-1,95,52,54,-1,68,70,79,-1,21,23,35,-1,138,187,136,-1,136,187,0,-1,136,0,134,-1,134,0,2,-1,134,2,97,-1,189,190,156,-1,156,190,191,-1,156,191,48,-1,48,191,192,-1,48,192,46,-1,46,192,188,-1,46,188,44,-1,44,188,42,-1,167,169,171,-1,148,150,187,-1,187,150,152,-1,187,152,48,-1,48,152,154,-1,48,154,156,-1,56,58,95,-1,95,58,60,-1,95,60,93,-1,93,60,62,-1,93,62,91,-1,91,62,89,-1,82,85,62,-1,62,85,87,-1,62,87,89,-1,66,68,64,-1,64,68,79,-1,64,79,62,-1,62,79,81,-1,62,81,82,-1,70,73,79,-1,79,73,75,-1,79,75,77,-1,37,16,35,-1,35,16,19,-1,35,19,21,-1,35,29,33,-1,33,29,31,-1,171,173,167,-1,167,173,175,-1,167,175,164,-1,164,175,177,-1,164,177,178,-1,23,25,35,-1,35,25,27,-1,35,27,29,-1,132,133,193,-1,45,43,194,-1,116,115,126,-1,126,115,112,-1,126,112,129,-1,108,106,195,-1,195,106,104,-1,129,112,195,-1,195,112,110,-1,195,110,108,-1,135,132,98,-1,98,132,193,-1,98,193,101,-1,101,193,195,-1,101,195,102,-1,102,195,104,-1,196,182,180,-1,122,120,118,-1,18,17,38,-1,88,86,63,-1,147,145,197,-1,197,145,143,-1,38,17,41,-1,17,15,41,-1,41,15,13,-1,41,13,43,-1,43,13,11,-1,7,194,6,-1,6,194,43,-1,6,43,9,-1,9,43,11,-1,116,126,118,-1,118,126,124,-1,118,124,122,-1,88,63,90,-1,159,157,49,-1,49,157,155,-1,24,22,34,-1,61,59,94,-1,94,59,57,-1,94,57,55,-1,198,199,161,-1,32,30,28,-1,38,36,18,-1,18,36,34,-1,18,34,20,-1,20,34,22,-1,78,65,80,-1,80,65,63,-1,61,94,63,-1,63,94,92,-1,63,92,90,-1,199,200,161,-1,161,200,201,-1,161,201,163,-1,163,201,165,-1,153,151,197,-1,197,151,149,-1,197,149,147,-1,78,76,74,-1,74,72,78,-1,78,72,71,-1,78,71,65,-1,65,71,69,-1,65,69,67,-1,86,84,63,-1,63,84,83,-1,63,83,80,-1,45,194,47,-1,47,194,198,-1,47,198,49,-1,49,198,161,-1,49,161,159,-1,155,153,49,-1,49,153,197,-1,49,197,51,-1,51,197,94,-1,51,94,53,-1,53,94,55,-1,143,141,197,-1,197,141,139,-1,197,139,1,-1,1,139,137,-1,1,137,3,-1,3,137,135,-1,3,135,99,-1,99,135,98,-1,32,28,34,-1,34,28,26,-1,34,26,24,-1,172,170,201,-1,180,179,196,-1,196,179,176,-1,196,176,201,-1,201,176,174,-1,201,174,172,-1,170,168,201,-1,201,168,166,-1,201,166,165,-1,202,203,204,-1,202,204,205,-1,205,204,206,-1,205,206,207,-1,207,206,208,-1,207,208,209,-1,209,208,210,-1,209,210,211,-1,211,210,212,-1,211,212,213,-1,213,212,214,-1,213,214,215,-1,216,215,217,-1,217,215,214,-1,218,216,219,-1,219,216,217,-1,220,218,221,-1,221,218,219,-1,222,220,223,-1,223,220,221,-1,222,223,224,-1,224,223,225,-1,224,225,226,-1,226,225,227,-1,226,227,228,-1,228,227,229,-1,228,229,230,-1,230,229,231,-1,230,231,232,-1,232,231,233,-1,234,232,235,-1,235,232,233,-1,236,234,237,-1,237,234,235,-1,238,236,239,-1,239,236,237,-1,240,238,241,-1,241,238,239,-1,242,240,243,-1,243,240,241,-1,244,242,245,-1,245,242,243,-1,246,244,247,-1,247,244,245,-1,248,246,249,-1,249,246,247,-1,250,248,251,-1,251,248,249,-1,250,251,252,-1,250,252,253,-1,253,252,254,-1,253,254,255,-1,255,254,256,-1,255,256,257,-1,257,256,258,-1,257,258,259,-1,259,258,260,-1,259,260,261,-1,261,260,262,-1,261,262,263,-1,263,262,264,-1,263,264,265,-1,266,265,267,-1,267,265,264,-1,268,266,269,-1,269,266,267,-1,270,268,271,-1,271,268,269,-1,270,271,272,-1,272,271,273,-1,272,273,274,-1,274,273,275,-1,274,275,276,-1,276,275,277,-1,276,277,278,-1,278,277,279,-1,278,279,280,-1,280,279,281,-1,280,281,282,-1,282,281,283,-1,282,283,284,-1,284,283,285,-1,284,285,286,-1,286,285,287,-1,286,287,288,-1,288,287,289,-1,288,289,290,-1,290,289,291,-1,290,291,292,-1,292,291,293,-1,292,293,294,-1,294,293,295,-1,296,294,297,-1,297,294,295,-1,298,296,299,-1,299,296,297,-1,202,300,203,-1,203,300,301,-1,215,216,202,-1,238,226,228,-1,302,238,240,-1,224,218,222,-1,222,218,220,-1,296,298,303,-1,300,202,304,-1,304,202,216,-1,304,216,302,-1,302,216,218,-1,302,218,238,-1,238,218,224,-1,238,224,226,-1,234,236,232,-1,232,236,238,-1,232,238,230,-1,230,238,228,-1,272,274,246,-1,261,263,250,-1,207,209,211,-1,296,303,294,-1,294,303,302,-1,294,302,292,-1,202,205,215,-1,215,205,207,-1,215,207,213,-1,213,207,211,-1,246,274,244,-1,253,255,257,-1,263,265,250,-1,250,265,266,-1,250,266,248,-1,248,266,268,-1,248,268,246,-1,246,268,270,-1,246,270,272,-1,253,257,250,-1,250,257,259,-1,250,259,261,-1,286,288,302,-1,302,288,290,-1,302,290,292,-1,274,276,244,-1,244,276,278,-1,244,278,242,-1,242,278,280,-1,242,280,240,-1,240,280,282,-1,240,282,302,-1,302,282,284,-1,302,284,286,-1,241,239,305,-1,239,231,229,-1,227,225,219,-1,219,225,223,-1,219,223,221,-1,204,203,214,-1,214,203,217,-1,229,227,239,-1,239,227,219,-1,239,219,305,-1,305,219,217,-1,305,217,306,-1,306,217,203,-1,306,203,301,-1,269,267,264,-1,237,235,239,-1,239,235,233,-1,239,233,231,-1,210,208,206,-1,262,260,251,-1,204,214,206,-1,206,214,212,-1,206,212,210,-1,260,258,251,-1,251,258,256,-1,251,256,252,-1,252,256,254,-1,275,247,277,-1,277,247,245,-1,295,305,297,-1,297,305,307,-1,297,307,299,-1,295,293,305,-1,305,293,291,-1,305,291,289,-1,275,273,247,-1,247,273,271,-1,247,271,249,-1,249,271,269,-1,249,269,251,-1,251,269,264,-1,251,264,262,-1,289,287,305,-1,305,287,285,-1,305,285,241,-1,241,285,283,-1,241,283,243,-1,243,283,281,-1,243,281,245,-1,245,281,279,-1,245,279,277,-1,308,309,310,-1,310,309,311,-1,312,308,313,-1,313,308,310,-1,312,313,314,-1,312,314,315,-1,315,314,316,-1,315,316,317,-1,317,316,318,-1,317,318,319,-1,319,318,320,-1,319,320,321,-1,321,320,322,-1,321,322,323,-1,324,323,325,-1,325,323,322,-1,326,324,327,-1,327,324,325,-1,326,327,328,-1,326,328,329,-1,329,328,330,-1,329,330,331,-1,331,330,332,-1,331,332,333,-1,333,332,334,-1,333,334,335,-1,335,334,336,-1,335,336,337,-1,337,336,338,-1,337,338,339,-1,340,339,341,-1,341,339,338,-1,340,341,342,-1,340,342,343,-1,343,342,344,-1,343,344,345,-1,345,344,346,-1,345,346,347,-1,347,346,348,-1,347,348,349,-1,349,348,350,-1,349,350,351,-1,351,350,352,-1,351,352,353,-1,354,353,355,-1,355,353,352,-1,354,309,308,-1,324,326,339,-1,354,308,323,-1,323,308,312,-1,323,312,315,-1,315,317,323,-1,323,317,319,-1,323,319,321,-1,323,324,354,-1,354,324,339,-1,354,339,353,-1,353,339,340,-1,353,340,343,-1,331,333,329,-1,329,333,335,-1,329,335,326,-1,326,335,337,-1,326,337,339,-1,343,345,353,-1,353,345,347,-1,353,347,351,-1,351,347,349,-1,310,311,355,-1,310,355,313,-1,342,341,352,-1,316,314,313,-1,352,341,355,-1,355,341,338,-1,355,338,327,-1,316,313,318,-1,350,348,346,-1,338,336,327,-1,327,336,334,-1,327,334,328,-1,328,334,332,-1,328,332,330,-1,327,325,355,-1,355,325,322,-1,355,322,313,-1,313,322,320,-1,313,320,318,-1,350,346,352,-1,352,346,344,-1,352,344,342,-1,356,357,358,-1,358,357,359,-1,358,359,360,-1,361,362,363,-1,363,362,364,-1,361,363,365,-1,365,363,366,-1,365,366,367,-1,367,366,368,-1,367,368,369,-1,369,368,370,-1,369,370,371,-1,371,370,372,-1,371,372,373,-1,373,372,374,-1,373,374,375,-1,373,375,376,-1,376,375,377,-1,376,377,378,-1,378,377,379,-1,378,379,380,-1,380,379,381,-1,380,381,382,-1,382,381,383,-1,382,383,384,-1,384,383,385,-1,384,385,386,-1,386,385,387,-1,386,387,388,-1,388,387,389,-1,388,389,390,-1,390,389,391,-1,390,391,392,-1,392,391,393,-1,392,393,394,-1,394,393,395,-1,394,395,396,-1,397,396,398,-1,398,396,395,-1,397,398,399,-1,399,398,400,-1,399,400,401,-1,401,400,402,-1,401,402,403,-1,403,402,404,-1,403,404,405,-1,405,404,406,-1,405,406,407,-1,407,406,408,-1,407,408,409,-1,409,408,410,-1,411,409,412,-1,412,409,410,-1,411,412,413,-1,413,412,414,-1,413,414,415,-1,415,414,416,-1,415,416,417,-1,417,416,418,-1,417,418,419,-1,419,418,420,-1,419,420,421,-1,421,420,422,-1,421,422,423,-1,423,422,424,-1,425,423,426,-1,426,423,424,-1,427,425,428,-1,428,425,426,-1,427,428,429,-1,427,429,430,-1,430,429,431,-1,430,431,432,-1,432,431,433,-1,432,433,434,-1,434,433,435,-1,434,435,436,-1,436,435,437,-1,436,437,438,-1,439,438,440,-1,440,438,437,-1,439,440,441,-1,439,441,442,-1,442,441,443,-1,442,443,444,-1,444,443,445,-1,444,445,446,-1,446,445,447,-1,446,447,448,-1,448,447,449,-1,448,449,450,-1,450,449,451,-1,450,451,452,-1,453,454,455,-1,455,454,456,-1,457,453,458,-1,458,453,455,-1,457,458,459,-1,457,459,460,-1,460,459,461,-1,460,461,462,-1,462,461,463,-1,462,463,464,-1,464,463,465,-1,464,465,466,-1,466,465,467,-1,466,467,468,-1,468,467,469,-1,468,469,470,-1,471,470,472,-1,472,470,469,-1,471,472,473,-1,471,473,474,-1,474,473,475,-1,474,475,476,-1,476,475,477,-1,476,477,478,-1,478,477,479,-1,478,479,480,-1,480,479,481,-1,480,481,482,-1,482,481,483,-1,482,483,484,-1,485,484,486,-1,486,484,483,-1,487,488,489,-1,489,488,490,-1,491,487,492,-1,492,487,489,-1,493,491,494,-1,494,491,492,-1,493,494,495,-1,495,494,496,-1,495,496,497,-1,497,496,498,-1,497,498,499,-1,499,498,500,-1,499,500,501,-1,501,500,502,-1,501,502,503,-1,503,502,504,-1,503,504,505,-1,505,504,506,-1,507,505,508,-1,508,505,506,-1,507,508,509,-1,509,508,510,-1,509,510,511,-1,511,510,512,-1,511,512,513,-1,513,512,514,-1,513,514,515,-1,515,514,516,-1,515,516,517,-1,517,516,518,-1,517,518,519,-1,519,518,520,-1,521,519,522,-1,522,519,520,-1,521,522,523,-1,521,523,524,-1,524,523,525,-1,524,525,526,-1,526,525,527,-1,526,527,528,-1,528,527,529,-1,528,529,530,-1,530,529,531,-1,530,531,532,-1,532,531,533,-1,532,533,534,-1,535,534,536,-1,536,534,533,-1,535,536,537,-1,535,537,538,-1,538,537,539,-1,538,539,540,-1,484,485,541,-1,471,484,470,-1,470,484,541,-1,470,541,468,-1,468,541,466,-1,542,453,541,-1,541,453,457,-1,541,457,460,-1,491,454,487,-1,487,454,453,-1,487,453,488,-1,488,453,542,-1,460,462,541,-1,541,462,464,-1,541,464,466,-1,543,517,519,-1,544,405,407,-1,476,478,480,-1,545,362,399,-1,399,362,361,-1,471,474,484,-1,484,474,476,-1,484,476,482,-1,482,476,480,-1,495,497,544,-1,544,497,499,-1,411,413,452,-1,361,365,399,-1,399,365,367,-1,399,367,397,-1,540,543,538,-1,538,543,519,-1,538,519,535,-1,535,519,521,-1,367,369,397,-1,397,369,371,-1,397,371,396,-1,396,371,373,-1,396,373,394,-1,499,501,544,-1,544,501,503,-1,544,503,505,-1,517,543,515,-1,515,543,546,-1,515,546,513,-1,544,407,452,-1,452,407,409,-1,452,409,411,-1,425,427,436,-1,378,380,392,-1,495,544,493,-1,493,544,360,-1,493,360,491,-1,491,360,359,-1,491,359,454,-1,546,547,513,-1,513,547,548,-1,513,548,405,-1,405,548,549,-1,405,549,403,-1,403,549,545,-1,403,545,401,-1,401,545,399,-1,524,526,528,-1,505,507,544,-1,544,507,509,-1,544,509,405,-1,405,509,511,-1,405,511,513,-1,413,415,452,-1,452,415,417,-1,452,417,450,-1,450,417,419,-1,450,419,448,-1,448,419,446,-1,439,442,419,-1,419,442,444,-1,419,444,446,-1,423,425,421,-1,421,425,436,-1,421,436,419,-1,419,436,438,-1,419,438,439,-1,427,430,436,-1,436,430,432,-1,436,432,434,-1,394,373,392,-1,392,373,376,-1,392,376,378,-1,392,386,390,-1,390,386,388,-1,528,530,524,-1,524,530,532,-1,524,532,521,-1,521,532,534,-1,521,534,535,-1,380,382,392,-1,392,382,384,-1,392,384,386,-1,489,490,550,-1,402,400,551,-1,473,472,483,-1,483,472,469,-1,483,469,486,-1,465,463,552,-1,552,463,461,-1,486,469,552,-1,552,469,467,-1,552,467,465,-1,492,489,455,-1,455,489,550,-1,455,550,458,-1,458,550,552,-1,458,552,459,-1,459,552,461,-1,553,539,537,-1,479,477,475,-1,375,374,395,-1,445,443,420,-1,504,502,554,-1,554,502,500,-1,395,374,398,-1,374,372,398,-1,398,372,370,-1,398,370,400,-1,400,370,368,-1,364,551,363,-1,363,551,400,-1,363,400,366,-1,366,400,368,-1,473,483,475,-1,475,483,481,-1,475,481,479,-1,445,420,447,-1,516,514,406,-1,406,514,512,-1,381,379,391,-1,418,416,451,-1,451,416,414,-1,451,414,412,-1,555,556,518,-1,389,387,385,-1,395,393,375,-1,375,393,391,-1,375,391,377,-1,377,391,379,-1,435,422,437,-1,437,422,420,-1,418,451,420,-1,420,451,449,-1,420,449,447,-1,556,557,518,-1,518,557,558,-1,518,558,520,-1,520,558,522,-1,510,508,554,-1,554,508,506,-1,554,506,504,-1,435,433,431,-1,431,429,435,-1,435,429,428,-1,435,428,422,-1,422,428,426,-1,422,426,424,-1,443,441,420,-1,420,441,440,-1,420,440,437,-1,402,551,404,-1,404,551,555,-1,404,555,406,-1,406,555,518,-1,406,518,516,-1,512,510,406,-1,406,510,554,-1,406,554,408,-1,408,554,451,-1,408,451,410,-1,410,451,412,-1,500,498,554,-1,554,498,496,-1,554,496,356,-1,356,496,494,-1,356,494,357,-1,357,494,492,-1,357,492,456,-1,456,492,455,-1,389,385,391,-1,391,385,383,-1,391,383,381,-1,529,527,558,-1,537,536,553,-1,553,536,533,-1,553,533,558,-1,558,533,531,-1,558,531,529,-1,527,525,558,-1,558,525,523,-1,558,523,522,-1,559,560,561,-1,559,561,562,-1,562,561,563,-1,562,563,564,-1,564,563,565,-1,564,565,566,-1,566,565,567,-1,566,567,568,-1,568,567,569,-1,568,569,570,-1,570,569,571,-1,570,571,572,-1,573,572,574,-1,574,572,571,-1,575,573,576,-1,576,573,574,-1,577,575,578,-1,578,575,576,-1,579,577,580,-1,580,577,578,-1,579,580,581,-1,581,580,582,-1,581,582,583,-1,583,582,584,-1,583,584,585,-1,585,584,586,-1,585,586,587,-1,587,586,588,-1,587,588,589,-1,589,588,590,-1,591,589,592,-1,592,589,590,-1,593,591,594,-1,594,591,592,-1,595,593,596,-1,596,593,594,-1,597,595,598,-1,598,595,596,-1,599,597,600,-1,600,597,598,-1,601,599,602,-1,602,599,600,-1,603,601,604,-1,604,601,602,-1,605,603,606,-1,606,603,604,-1,607,605,608,-1,608,605,606,-1,607,608,609,-1,607,609,610,-1,610,609,611,-1,610,611,612,-1,612,611,613,-1,612,613,614,-1,614,613,615,-1,614,615,616,-1,616,615,617,-1,616,617,618,-1,618,617,619,-1,618,619,620,-1,620,619,621,-1,620,621,622,-1,623,622,624,-1,624,622,621,-1,625,623,626,-1,626,623,624,-1,627,625,628,-1,628,625,626,-1,627,628,629,-1,629,628,630,-1,629,630,631,-1,631,630,632,-1,631,632,633,-1,633,632,634,-1,633,634,635,-1,635,634,636,-1,635,636,637,-1,637,636,638,-1,637,638,639,-1,639,638,640,-1,639,640,641,-1,641,640,642,-1,641,642,643,-1,643,642,644,-1,643,644,645,-1,645,644,646,-1,645,646,647,-1,647,646,648,-1,647,648,649,-1,649,648,650,-1,649,650,651,-1,651,650,652,-1,653,651,654,-1,654,651,652,-1,655,653,656,-1,656,653,654,-1,559,657,560,-1,560,657,658,-1,572,573,559,-1,595,583,585,-1,659,595,597,-1,581,575,579,-1,579,575,577,-1,653,655,660,-1,657,559,661,-1,661,559,573,-1,661,573,659,-1,659,573,575,-1,659,575,595,-1,595,575,581,-1,595,581,583,-1,591,593,589,-1,589,593,595,-1,589,595,587,-1,587,595,585,-1,629,631,603,-1,618,620,607,-1,564,566,568,-1,653,660,651,-1,651,660,659,-1,651,659,649,-1,559,562,572,-1,572,562,564,-1,572,564,570,-1,570,564,568,-1,603,631,601,-1,610,612,614,-1,620,622,607,-1,607,622,623,-1,607,623,605,-1,605,623,625,-1,605,625,603,-1,603,625,627,-1,603,627,629,-1,610,614,607,-1,607,614,616,-1,607,616,618,-1,643,645,659,-1,659,645,647,-1,659,647,649,-1,631,633,601,-1,601,633,635,-1,601,635,599,-1,599,635,637,-1,599,637,597,-1,597,637,639,-1,597,639,659,-1,659,639,641,-1,659,641,643,-1,598,596,662,-1,596,588,586,-1,584,582,576,-1,576,582,580,-1,576,580,578,-1,561,560,571,-1,571,560,574,-1,586,584,596,-1,596,584,576,-1,596,576,662,-1,662,576,574,-1,662,574,663,-1,663,574,560,-1,663,560,658,-1,626,624,621,-1,594,592,596,-1,596,592,590,-1,596,590,588,-1,567,565,563,-1,619,617,608,-1,561,571,563,-1,563,571,569,-1,563,569,567,-1,617,615,608,-1,608,615,613,-1,608,613,609,-1,609,613,611,-1,632,604,634,-1,634,604,602,-1,652,662,654,-1,654,662,664,-1,654,664,656,-1,652,650,662,-1,662,650,648,-1,662,648,646,-1,632,630,604,-1,604,630,628,-1,604,628,606,-1,606,628,626,-1,606,626,608,-1,608,626,621,-1,608,621,619,-1,646,644,662,-1,662,644,642,-1,662,642,598,-1,598,642,640,-1,598,640,600,-1,600,640,638,-1,600,638,602,-1,602,638,636,-1,602,636,634,-1,665,666,667,-1,667,666,668,-1,669,665,670,-1,670,665,667,-1,669,670,671,-1,669,671,672,-1,672,671,673,-1,672,673,674,-1,674,673,675,-1,674,675,676,-1,676,675,677,-1,676,677,678,-1,678,677,679,-1,678,679,680,-1,681,680,682,-1,682,680,679,-1,683,681,684,-1,684,681,682,-1,683,684,685,-1,683,685,686,-1,686,685,687,-1,686,687,688,-1,688,687,689,-1,688,689,690,-1,690,689,691,-1,690,691,692,-1,692,691,693,-1,692,693,694,-1,694,693,695,-1,694,695,696,-1,697,696,698,-1,698,696,695,-1,697,698,699,-1,697,699,700,-1,700,699,701,-1,700,701,702,-1,702,701,703,-1,702,703,704,-1,704,703,705,-1,704,705,706,-1,706,705,707,-1,706,707,708,-1,708,707,709,-1,708,709,710,-1,711,710,712,-1,712,710,709,-1,711,666,665,-1,681,683,696,-1,711,665,680,-1,680,665,669,-1,680,669,672,-1,672,674,680,-1,680,674,676,-1,680,676,678,-1,680,681,711,-1,711,681,696,-1,711,696,710,-1,710,696,697,-1,710,697,700,-1,688,690,686,-1,686,690,692,-1,686,692,683,-1,683,692,694,-1,683,694,696,-1,700,702,710,-1,710,702,704,-1,710,704,708,-1,708,704,706,-1,667,668,712,-1,667,712,670,-1,699,698,709,-1,673,671,670,-1,709,698,712,-1,712,698,695,-1,712,695,684,-1,673,670,675,-1,707,705,703,-1,695,693,684,-1,684,693,691,-1,684,691,685,-1,685,691,689,-1,685,689,687,-1,684,682,712,-1,712,682,679,-1,712,679,670,-1,670,679,677,-1,670,677,675,-1,707,703,709,-1,709,703,701,-1,709,701,699,-1,713,714,715,-1,715,714,716,-1,715,716,717,-1,718,719,720,-1,720,719,721,-1,718,720,722,-1,722,720,723,-1,722,723,724,-1,724,723,725,-1,724,725,726,-1,726,725,727,-1,726,727,728,-1,728,727,729,-1,728,729,730,-1,730,729,731,-1,730,731,732,-1,730,732,733,-1,733,732,734,-1,733,734,735,-1,735,734,736,-1,735,736,737,-1,737,736,738,-1,737,738,739,-1,739,738,740,-1,739,740,741,-1,741,740,742,-1,741,742,743,-1,743,742,744,-1,743,744,745,-1,745,744,746,-1,745,746,747,-1,747,746,748,-1,747,748,749,-1,749,748,750,-1,749,750,751,-1,751,750,752,-1,751,752,753,-1,754,753,755,-1,755,753,752,-1,754,755,756,-1,756,755,757,-1,756,757,758,-1,758,757,759,-1,758,759,760,-1,760,759,761,-1,760,761,762,-1,762,761,763,-1,762,763,764,-1,764,763,765,-1,764,765,766,-1,766,765,767,-1,768,766,769,-1,769,766,767,-1,768,769,770,-1,770,769,771,-1,770,771,772,-1,772,771,773,-1,772,773,774,-1,774,773,775,-1,774,775,776,-1,776,775,777,-1,776,777,778,-1,778,777,779,-1,778,779,780,-1,780,779,781,-1,782,780,783,-1,783,780,781,-1,784,782,785,-1,785,782,783,-1,784,785,786,-1,784,786,787,-1,787,786,788,-1,787,788,789,-1,789,788,790,-1,789,790,791,-1,791,790,792,-1,791,792,793,-1,793,792,794,-1,793,794,795,-1,796,795,797,-1,797,795,794,-1,796,797,798,-1,796,798,799,-1,799,798,800,-1,799,800,801,-1,801,800,802,-1,801,802,803,-1,803,802,804,-1,803,804,805,-1,805,804,806,-1,805,806,807,-1,807,806,808,-1,807,808,809,-1,810,811,812,-1,812,811,813,-1,814,810,815,-1,815,810,812,-1,814,815,816,-1,814,816,817,-1,817,816,818,-1,817,818,819,-1,819,818,820,-1,819,820,821,-1,821,820,822,-1,821,822,823,-1,823,822,824,-1,823,824,825,-1,825,824,826,-1,825,826,827,-1,828,827,829,-1,829,827,826,-1,828,829,830,-1,828,830,831,-1,831,830,832,-1,831,832,833,-1,833,832,834,-1,833,834,835,-1,835,834,836,-1,835,836,837,-1,837,836,838,-1,837,838,839,-1,839,838,840,-1,839,840,841,-1,842,841,843,-1,843,841,840,-1,844,845,846,-1,846,845,847,-1,848,844,849,-1,849,844,846,-1,850,848,851,-1,851,848,849,-1,850,851,852,-1,852,851,853,-1,852,853,854,-1,854,853,855,-1,854,855,856,-1,856,855,857,-1,856,857,858,-1,858,857,859,-1,858,859,860,-1,860,859,861,-1,860,861,862,-1,862,861,863,-1,864,862,865,-1,865,862,863,-1,864,865,866,-1,866,865,867,-1,866,867,868,-1,868,867,869,-1,868,869,870,-1,870,869,871,-1,870,871,872,-1,872,871,873,-1,872,873,874,-1,874,873,875,-1,874,875,876,-1,876,875,877,-1,878,876,879,-1,879,876,877,-1,878,879,880,-1,878,880,881,-1,881,880,882,-1,881,882,883,-1,883,882,884,-1,883,884,885,-1,885,884,886,-1,885,886,887,-1,887,886,888,-1,887,888,889,-1,889,888,890,-1,889,890,891,-1,892,891,893,-1,893,891,890,-1,892,893,894,-1,892,894,895,-1,895,894,896,-1,895,896,897,-1,841,842,898,-1,828,841,827,-1,827,841,898,-1,827,898,825,-1,825,898,823,-1,899,810,898,-1,898,810,814,-1,898,814,817,-1,848,811,844,-1,844,811,810,-1,844,810,845,-1,845,810,899,-1,817,819,898,-1,898,819,821,-1,898,821,823,-1,900,874,876,-1,901,762,764,-1,833,835,837,-1,902,719,756,-1,756,719,718,-1,828,831,841,-1,841,831,833,-1,841,833,839,-1,839,833,837,-1,852,854,901,-1,901,854,856,-1,768,770,809,-1,718,722,756,-1,756,722,724,-1,756,724,754,-1,897,900,895,-1,895,900,876,-1,895,876,892,-1,892,876,878,-1,724,726,754,-1,754,726,728,-1,754,728,753,-1,753,728,730,-1,753,730,751,-1,856,858,901,-1,901,858,860,-1,901,860,862,-1,874,900,872,-1,872,900,903,-1,872,903,870,-1,901,764,809,-1,809,764,766,-1,809,766,768,-1,782,784,793,-1,735,737,749,-1,852,901,850,-1,850,901,717,-1,850,717,848,-1,848,717,716,-1,848,716,811,-1,903,904,870,-1,870,904,905,-1,870,905,762,-1,762,905,906,-1,762,906,760,-1,760,906,902,-1,760,902,758,-1,758,902,756,-1,881,883,885,-1,862,864,901,-1,901,864,866,-1,901,866,762,-1,762,866,868,-1,762,868,870,-1,770,772,809,-1,809,772,774,-1,809,774,807,-1,807,774,776,-1,807,776,805,-1,805,776,803,-1,796,799,776,-1,776,799,801,-1,776,801,803,-1,780,782,778,-1,778,782,793,-1,778,793,776,-1,776,793,795,-1,776,795,796,-1,784,787,793,-1,793,787,789,-1,793,789,791,-1,751,730,749,-1,749,730,733,-1,749,733,735,-1,749,743,747,-1,747,743,745,-1,885,887,881,-1,881,887,889,-1,881,889,878,-1,878,889,891,-1,878,891,892,-1,737,739,749,-1,749,739,741,-1,749,741,743,-1,846,847,907,-1,759,757,908,-1,830,829,840,-1,840,829,826,-1,840,826,843,-1,822,820,909,-1,909,820,818,-1,843,826,909,-1,909,826,824,-1,909,824,822,-1,849,846,812,-1,812,846,907,-1,812,907,815,-1,815,907,909,-1,815,909,816,-1,816,909,818,-1,910,896,894,-1,836,834,832,-1,732,731,752,-1,802,800,777,-1,861,859,911,-1,911,859,857,-1,752,731,755,-1,731,729,755,-1,755,729,727,-1,755,727,757,-1,757,727,725,-1,721,908,720,-1,720,908,757,-1,720,757,723,-1,723,757,725,-1,830,840,832,-1,832,840,838,-1,832,838,836,-1,802,777,804,-1,873,871,763,-1,763,871,869,-1,738,736,748,-1,775,773,808,-1,808,773,771,-1,808,771,769,-1,912,913,875,-1,746,744,742,-1,752,750,732,-1,732,750,748,-1,732,748,734,-1,734,748,736,-1,792,779,794,-1,794,779,777,-1,775,808,777,-1,777,808,806,-1,777,806,804,-1,913,914,875,-1,875,914,915,-1,875,915,877,-1,877,915,879,-1,867,865,911,-1,911,865,863,-1,911,863,861,-1,792,790,788,-1,788,786,792,-1,792,786,785,-1,792,785,779,-1,779,785,783,-1,779,783,781,-1,800,798,777,-1,777,798,797,-1,777,797,794,-1,759,908,761,-1,761,908,912,-1,761,912,763,-1,763,912,875,-1,763,875,873,-1,869,867,763,-1,763,867,911,-1,763,911,765,-1,765,911,808,-1,765,808,767,-1,767,808,769,-1,857,855,911,-1,911,855,853,-1,911,853,713,-1,713,853,851,-1,713,851,714,-1,714,851,849,-1,714,849,813,-1,813,849,812,-1,746,742,748,-1,748,742,740,-1,748,740,738,-1,886,884,915,-1,894,893,910,-1,910,893,890,-1,910,890,915,-1,915,890,888,-1,915,888,886,-1,884,882,915,-1,915,882,880,-1,915,880,879,-1,916,917,918,-1,916,918,919,-1,919,918,920,-1,919,920,921,-1,921,920,922,-1,921,922,923,-1,923,922,924,-1,923,924,925,-1,925,924,926,-1,925,926,927,-1,927,926,928,-1,927,928,929,-1,930,929,931,-1,931,929,928,-1,932,930,933,-1,933,930,931,-1,934,932,935,-1,935,932,933,-1,936,934,937,-1,937,934,935,-1,936,937,938,-1,938,937,939,-1,938,939,940,-1,940,939,941,-1,940,941,942,-1,942,941,943,-1,942,943,944,-1,944,943,945,-1,944,945,946,-1,946,945,947,-1,948,946,949,-1,949,946,947,-1,950,948,951,-1,951,948,949,-1,952,950,953,-1,953,950,951,-1,954,952,955,-1,955,952,953,-1,956,954,957,-1,957,954,955,-1,958,956,959,-1,959,956,957,-1,960,958,961,-1,961,958,959,-1,962,960,963,-1,963,960,961,-1,964,962,965,-1,965,962,963,-1,964,965,966,-1,964,966,967,-1,967,966,968,-1,967,968,969,-1,969,968,970,-1,969,970,971,-1,971,970,972,-1,971,972,973,-1,973,972,974,-1,973,974,975,-1,975,974,976,-1,975,976,977,-1,977,976,978,-1,977,978,979,-1,980,979,981,-1,981,979,978,-1,982,980,983,-1,983,980,981,-1,984,982,985,-1,985,982,983,-1,984,985,986,-1,986,985,987,-1,986,987,988,-1,988,987,989,-1,988,989,990,-1,990,989,991,-1,990,991,992,-1,992,991,993,-1,992,993,994,-1,994,993,995,-1,994,995,996,-1,996,995,997,-1,996,997,998,-1,998,997,999,-1,998,999,1000,-1,1000,999,1001,-1,1000,1001,1002,-1,1002,1001,1003,-1,1002,1003,1004,-1,1004,1003,1005,-1,1004,1005,1006,-1,1006,1005,1007,-1,1006,1007,1008,-1,1008,1007,1009,-1,1010,1008,1011,-1,1011,1008,1009,-1,1012,1010,1013,-1,1013,1010,1011,-1,916,1014,917,-1,917,1014,1015,-1,929,930,916,-1,952,940,942,-1,1016,952,954,-1,938,932,936,-1,936,932,934,-1,1010,1012,1017,-1,1014,916,1018,-1,1018,916,930,-1,1018,930,1016,-1,1016,930,932,-1,1016,932,952,-1,952,932,938,-1,952,938,940,-1,948,950,946,-1,946,950,952,-1,946,952,944,-1,944,952,942,-1,986,988,960,-1,975,977,964,-1,921,923,925,-1,1010,1017,1008,-1,1008,1017,1016,-1,1008,1016,1006,-1,916,919,929,-1,929,919,921,-1,929,921,927,-1,927,921,925,-1,960,988,958,-1,967,969,971,-1,977,979,964,-1,964,979,980,-1,964,980,962,-1,962,980,982,-1,962,982,960,-1,960,982,984,-1,960,984,986,-1,967,971,964,-1,964,971,973,-1,964,973,975,-1,1000,1002,1016,-1,1016,1002,1004,-1,1016,1004,1006,-1,988,990,958,-1,958,990,992,-1,958,992,956,-1,956,992,994,-1,956,994,954,-1,954,994,996,-1,954,996,1016,-1,1016,996,998,-1,1016,998,1000,-1,955,953,1019,-1,953,945,943,-1,941,939,933,-1,933,939,937,-1,933,937,935,-1,918,917,928,-1,928,917,931,-1,943,941,953,-1,953,941,933,-1,953,933,1019,-1,1019,933,931,-1,1019,931,1020,-1,1020,931,917,-1,1020,917,1015,-1,983,981,978,-1,951,949,953,-1,953,949,947,-1,953,947,945,-1,924,922,920,-1,976,974,965,-1,918,928,920,-1,920,928,926,-1,920,926,924,-1,974,972,965,-1,965,972,970,-1,965,970,966,-1,966,970,968,-1,989,961,991,-1,991,961,959,-1,1009,1019,1011,-1,1011,1019,1021,-1,1011,1021,1013,-1,1009,1007,1019,-1,1019,1007,1005,-1,1019,1005,1003,-1,989,987,961,-1,961,987,985,-1,961,985,963,-1,963,985,983,-1,963,983,965,-1,965,983,978,-1,965,978,976,-1,1003,1001,1019,-1,1019,1001,999,-1,1019,999,955,-1,955,999,997,-1,955,997,957,-1,957,997,995,-1,957,995,959,-1,959,995,993,-1,959,993,991,-1,1022,1023,1024,-1,1024,1023,1025,-1,1026,1022,1027,-1,1027,1022,1024,-1,1026,1027,1028,-1,1026,1028,1029,-1,1029,1028,1030,-1,1029,1030,1031,-1,1031,1030,1032,-1,1031,1032,1033,-1,1033,1032,1034,-1,1033,1034,1035,-1,1035,1034,1036,-1,1035,1036,1037,-1,1038,1037,1039,-1,1039,1037,1036,-1,1040,1038,1041,-1,1041,1038,1039,-1,1040,1041,1042,-1,1040,1042,1043,-1,1043,1042,1044,-1,1043,1044,1045,-1,1045,1044,1046,-1,1045,1046,1047,-1,1047,1046,1048,-1,1047,1048,1049,-1,1049,1048,1050,-1,1049,1050,1051,-1,1051,1050,1052,-1,1051,1052,1053,-1,1054,1053,1055,-1,1055,1053,1052,-1,1054,1055,1056,-1,1054,1056,1057,-1,1057,1056,1058,-1,1057,1058,1059,-1,1059,1058,1060,-1,1059,1060,1061,-1,1061,1060,1062,-1,1061,1062,1063,-1,1063,1062,1064,-1,1063,1064,1065,-1,1065,1064,1066,-1,1065,1066,1067,-1,1068,1067,1069,-1,1069,1067,1066,-1,1068,1023,1022,-1,1038,1040,1053,-1,1068,1022,1037,-1,1037,1022,1026,-1,1037,1026,1029,-1,1029,1031,1037,-1,1037,1031,1033,-1,1037,1033,1035,-1,1037,1038,1068,-1,1068,1038,1053,-1,1068,1053,1067,-1,1067,1053,1054,-1,1067,1054,1057,-1,1045,1047,1043,-1,1043,1047,1049,-1,1043,1049,1040,-1,1040,1049,1051,-1,1040,1051,1053,-1,1057,1059,1067,-1,1067,1059,1061,-1,1067,1061,1065,-1,1065,1061,1063,-1,1024,1025,1069,-1,1024,1069,1027,-1,1056,1055,1066,-1,1030,1028,1027,-1,1066,1055,1069,-1,1069,1055,1052,-1,1069,1052,1041,-1,1030,1027,1032,-1,1064,1062,1060,-1,1052,1050,1041,-1,1041,1050,1048,-1,1041,1048,1042,-1,1042,1048,1046,-1,1042,1046,1044,-1,1041,1039,1069,-1,1069,1039,1036,-1,1069,1036,1027,-1,1027,1036,1034,-1,1027,1034,1032,-1,1064,1060,1066,-1,1066,1060,1058,-1,1066,1058,1056,-1,1070,1071,1072,-1,1072,1071,1073,-1,1072,1073,1074,-1,1075,1076,1077,-1,1077,1076,1078,-1,1075,1077,1079,-1,1079,1077,1080,-1,1079,1080,1081,-1,1081,1080,1082,-1,1081,1082,1083,-1,1083,1082,1084,-1,1083,1084,1085,-1,1085,1084,1086,-1,1085,1086,1087,-1,1087,1086,1088,-1,1087,1088,1089,-1,1087,1089,1090,-1,1090,1089,1091,-1,1090,1091,1092,-1,1092,1091,1093,-1,1092,1093,1094,-1,1094,1093,1095,-1,1094,1095,1096,-1,1096,1095,1097,-1,1096,1097,1098,-1,1098,1097,1099,-1,1098,1099,1100,-1,1100,1099,1101,-1,1100,1101,1102,-1,1102,1101,1103,-1,1102,1103,1104,-1,1104,1103,1105,-1,1104,1105,1106,-1,1106,1105,1107,-1,1106,1107,1108,-1,1108,1107,1109,-1,1108,1109,1110,-1,1111,1110,1112,-1,1112,1110,1109,-1,1111,1112,1113,-1,1113,1112,1114,-1,1113,1114,1115,-1,1115,1114,1116,-1,1115,1116,1117,-1,1117,1116,1118,-1,1117,1118,1119,-1,1119,1118,1120,-1,1119,1120,1121,-1,1121,1120,1122,-1,1121,1122,1123,-1,1123,1122,1124,-1,1125,1123,1126,-1,1126,1123,1124,-1,1125,1126,1127,-1,1127,1126,1128,-1,1127,1128,1129,-1,1129,1128,1130,-1,1129,1130,1131,-1,1131,1130,1132,-1,1131,1132,1133,-1,1133,1132,1134,-1,1133,1134,1135,-1,1135,1134,1136,-1,1135,1136,1137,-1,1137,1136,1138,-1,1139,1137,1140,-1,1140,1137,1138,-1,1141,1139,1142,-1,1142,1139,1140,-1,1141,1142,1143,-1,1141,1143,1144,-1,1144,1143,1145,-1,1144,1145,1146,-1,1146,1145,1147,-1,1146,1147,1148,-1,1148,1147,1149,-1,1148,1149,1150,-1,1150,1149,1151,-1,1150,1151,1152,-1,1153,1152,1154,-1,1154,1152,1151,-1,1153,1154,1155,-1,1153,1155,1156,-1,1156,1155,1157,-1,1156,1157,1158,-1,1158,1157,1159,-1,1158,1159,1160,-1,1160,1159,1161,-1,1160,1161,1162,-1,1162,1161,1163,-1,1162,1163,1164,-1,1164,1163,1165,-1,1164,1165,1166,-1,1167,1168,1169,-1,1169,1168,1170,-1,1171,1167,1172,-1,1172,1167,1169,-1,1171,1172,1173,-1,1171,1173,1174,-1,1174,1173,1175,-1,1174,1175,1176,-1,1176,1175,1177,-1,1176,1177,1178,-1,1178,1177,1179,-1,1178,1179,1180,-1,1180,1179,1181,-1,1180,1181,1182,-1,1182,1181,1183,-1,1182,1183,1184,-1,1185,1184,1186,-1,1186,1184,1183,-1,1185,1186,1187,-1,1185,1187,1188,-1,1188,1187,1189,-1,1188,1189,1190,-1,1190,1189,1191,-1,1190,1191,1192,-1,1192,1191,1193,-1,1192,1193,1194,-1,1194,1193,1195,-1,1194,1195,1196,-1,1196,1195,1197,-1,1196,1197,1198,-1,1199,1198,1200,-1,1200,1198,1197,-1,1201,1202,1203,-1,1203,1202,1204,-1,1205,1201,1206,-1,1206,1201,1203,-1,1207,1205,1208,-1,1208,1205,1206,-1,1207,1208,1209,-1,1209,1208,1210,-1,1209,1210,1211,-1,1211,1210,1212,-1,1211,1212,1213,-1,1213,1212,1214,-1,1213,1214,1215,-1,1215,1214,1216,-1,1215,1216,1217,-1,1217,1216,1218,-1,1217,1218,1219,-1,1219,1218,1220,-1,1221,1219,1222,-1,1222,1219,1220,-1,1221,1222,1223,-1,1223,1222,1224,-1,1223,1224,1225,-1,1225,1224,1226,-1,1225,1226,1227,-1,1227,1226,1228,-1,1227,1228,1229,-1,1229,1228,1230,-1,1229,1230,1231,-1,1231,1230,1232,-1,1231,1232,1233,-1,1233,1232,1234,-1,1235,1233,1236,-1,1236,1233,1234,-1,1235,1236,1237,-1,1235,1237,1238,-1,1238,1237,1239,-1,1238,1239,1240,-1,1240,1239,1241,-1,1240,1241,1242,-1,1242,1241,1243,-1,1242,1243,1244,-1,1244,1243,1245,-1,1244,1245,1246,-1,1246,1245,1247,-1,1246,1247,1248,-1,1249,1248,1250,-1,1250,1248,1247,-1,1249,1250,1251,-1,1249,1251,1252,-1,1252,1251,1253,-1,1252,1253,1254,-1,1198,1199,1255,-1,1185,1198,1184,-1,1184,1198,1255,-1,1184,1255,1182,-1,1182,1255,1180,-1,1256,1167,1255,-1,1255,1167,1171,-1,1255,1171,1174,-1,1205,1168,1201,-1,1201,1168,1167,-1,1201,1167,1202,-1,1202,1167,1256,-1,1174,1176,1255,-1,1255,1176,1178,-1,1255,1178,1180,-1,1257,1231,1233,-1,1258,1119,1121,-1,1190,1192,1194,-1,1259,1076,1113,-1,1113,1076,1075,-1,1185,1188,1198,-1,1198,1188,1190,-1,1198,1190,1196,-1,1196,1190,1194,-1,1209,1211,1258,-1,1258,1211,1213,-1,1125,1127,1166,-1,1075,1079,1113,-1,1113,1079,1081,-1,1113,1081,1111,-1,1254,1257,1252,-1,1252,1257,1233,-1,1252,1233,1249,-1,1249,1233,1235,-1,1081,1083,1111,-1,1111,1083,1085,-1,1111,1085,1110,-1,1110,1085,1087,-1,1110,1087,1108,-1,1213,1215,1258,-1,1258,1215,1217,-1,1258,1217,1219,-1,1231,1257,1229,-1,1229,1257,1260,-1,1229,1260,1227,-1,1258,1121,1166,-1,1166,1121,1123,-1,1166,1123,1125,-1,1139,1141,1150,-1,1092,1094,1106,-1,1209,1258,1207,-1,1207,1258,1074,-1,1207,1074,1205,-1,1205,1074,1073,-1,1205,1073,1168,-1,1260,1261,1227,-1,1227,1261,1262,-1,1227,1262,1119,-1,1119,1262,1263,-1,1119,1263,1117,-1,1117,1263,1259,-1,1117,1259,1115,-1,1115,1259,1113,-1,1238,1240,1242,-1,1219,1221,1258,-1,1258,1221,1223,-1,1258,1223,1119,-1,1119,1223,1225,-1,1119,1225,1227,-1,1127,1129,1166,-1,1166,1129,1131,-1,1166,1131,1164,-1,1164,1131,1133,-1,1164,1133,1162,-1,1162,1133,1160,-1,1153,1156,1133,-1,1133,1156,1158,-1,1133,1158,1160,-1,1137,1139,1135,-1,1135,1139,1150,-1,1135,1150,1133,-1,1133,1150,1152,-1,1133,1152,1153,-1,1141,1144,1150,-1,1150,1144,1146,-1,1150,1146,1148,-1,1108,1087,1106,-1,1106,1087,1090,-1,1106,1090,1092,-1,1106,1100,1104,-1,1104,1100,1102,-1,1242,1244,1238,-1,1238,1244,1246,-1,1238,1246,1235,-1,1235,1246,1248,-1,1235,1248,1249,-1,1094,1096,1106,-1,1106,1096,1098,-1,1106,1098,1100,-1,1203,1204,1264,-1,1116,1114,1265,-1,1187,1186,1197,-1,1197,1186,1183,-1,1197,1183,1200,-1,1179,1177,1266,-1,1266,1177,1175,-1,1200,1183,1266,-1,1266,1183,1181,-1,1266,1181,1179,-1,1206,1203,1169,-1,1169,1203,1264,-1,1169,1264,1172,-1,1172,1264,1266,-1,1172,1266,1173,-1,1173,1266,1175,-1,1267,1253,1251,-1,1193,1191,1189,-1,1089,1088,1109,-1,1159,1157,1134,-1,1218,1216,1268,-1,1268,1216,1214,-1,1109,1088,1112,-1,1088,1086,1112,-1,1112,1086,1084,-1,1112,1084,1114,-1,1114,1084,1082,-1,1078,1265,1077,-1,1077,1265,1114,-1,1077,1114,1080,-1,1080,1114,1082,-1,1187,1197,1189,-1,1189,1197,1195,-1,1189,1195,1193,-1,1159,1134,1161,-1,1230,1228,1120,-1,1120,1228,1226,-1,1095,1093,1105,-1,1132,1130,1165,-1,1165,1130,1128,-1,1165,1128,1126,-1,1269,1270,1232,-1,1103,1101,1099,-1,1109,1107,1089,-1,1089,1107,1105,-1,1089,1105,1091,-1,1091,1105,1093,-1,1149,1136,1151,-1,1151,1136,1134,-1,1132,1165,1134,-1,1134,1165,1163,-1,1134,1163,1161,-1,1270,1271,1232,-1,1232,1271,1272,-1,1232,1272,1234,-1,1234,1272,1236,-1,1224,1222,1268,-1,1268,1222,1220,-1,1268,1220,1218,-1,1149,1147,1145,-1,1145,1143,1149,-1,1149,1143,1142,-1,1149,1142,1136,-1,1136,1142,1140,-1,1136,1140,1138,-1,1157,1155,1134,-1,1134,1155,1154,-1,1134,1154,1151,-1,1116,1265,1118,-1,1118,1265,1269,-1,1118,1269,1120,-1,1120,1269,1232,-1,1120,1232,1230,-1,1226,1224,1120,-1,1120,1224,1268,-1,1120,1268,1122,-1,1122,1268,1165,-1,1122,1165,1124,-1,1124,1165,1126,-1,1214,1212,1268,-1,1268,1212,1210,-1,1268,1210,1070,-1,1070,1210,1208,-1,1070,1208,1071,-1,1071,1208,1206,-1,1071,1206,1170,-1,1170,1206,1169,-1,1103,1099,1105,-1,1105,1099,1097,-1,1105,1097,1095,-1,1243,1241,1272,-1,1251,1250,1267,-1,1267,1250,1247,-1,1267,1247,1272,-1,1272,1247,1245,-1,1272,1245,1243,-1,1241,1239,1272,-1,1272,1239,1237,-1,1272,1237,1236,-1,1273,1274,1275,-1,1273,1275,1276,-1,1276,1275,1277,-1,1276,1277,1278,-1,1278,1277,1279,-1,1278,1279,1280,-1,1280,1279,1281,-1,1280,1281,1282,-1,1282,1281,1283,-1,1282,1283,1284,-1,1284,1283,1285,-1,1284,1285,1286,-1,1287,1286,1288,-1,1288,1286,1285,-1,1289,1287,1290,-1,1290,1287,1288,-1,1291,1289,1292,-1,1292,1289,1290,-1,1293,1291,1294,-1,1294,1291,1292,-1,1293,1294,1295,-1,1295,1294,1296,-1,1295,1296,1297,-1,1297,1296,1298,-1,1297,1298,1299,-1,1299,1298,1300,-1,1299,1300,1301,-1,1301,1300,1302,-1,1301,1302,1303,-1,1303,1302,1304,-1,1305,1303,1306,-1,1306,1303,1304,-1,1307,1305,1308,-1,1308,1305,1306,-1,1309,1307,1310,-1,1310,1307,1308,-1,1311,1309,1312,-1,1312,1309,1310,-1,1313,1311,1314,-1,1314,1311,1312,-1,1315,1313,1316,-1,1316,1313,1314,-1,1317,1315,1318,-1,1318,1315,1316,-1,1319,1317,1320,-1,1320,1317,1318,-1,1321,1319,1322,-1,1322,1319,1320,-1,1321,1322,1323,-1,1321,1323,1324,-1,1324,1323,1325,-1,1324,1325,1326,-1,1326,1325,1327,-1,1326,1327,1328,-1,1328,1327,1329,-1,1328,1329,1330,-1,1330,1329,1331,-1,1330,1331,1332,-1,1332,1331,1333,-1,1332,1333,1334,-1,1334,1333,1335,-1,1334,1335,1336,-1,1337,1336,1338,-1,1338,1336,1335,-1,1339,1337,1340,-1,1340,1337,1338,-1,1341,1339,1342,-1,1342,1339,1340,-1,1341,1342,1343,-1,1343,1342,1344,-1,1343,1344,1345,-1,1345,1344,1346,-1,1345,1346,1347,-1,1347,1346,1348,-1,1347,1348,1349,-1,1349,1348,1350,-1,1349,1350,1351,-1,1351,1350,1352,-1,1351,1352,1353,-1,1353,1352,1354,-1,1353,1354,1355,-1,1355,1354,1356,-1,1355,1356,1357,-1,1357,1356,1358,-1,1357,1358,1359,-1,1359,1358,1360,-1,1359,1360,1361,-1,1361,1360,1362,-1,1361,1362,1363,-1,1363,1362,1364,-1,1363,1364,1365,-1,1365,1364,1366,-1,1367,1365,1368,-1,1368,1365,1366,-1,1369,1367,1370,-1,1370,1367,1368,-1,1273,1371,1274,-1,1274,1371,1372,-1,1286,1287,1273,-1,1309,1297,1299,-1,1373,1309,1311,-1,1295,1289,1293,-1,1293,1289,1291,-1,1367,1369,1374,-1,1371,1273,1375,-1,1375,1273,1287,-1,1375,1287,1373,-1,1373,1287,1289,-1,1373,1289,1309,-1,1309,1289,1295,-1,1309,1295,1297,-1,1305,1307,1303,-1,1303,1307,1309,-1,1303,1309,1301,-1,1301,1309,1299,-1,1343,1345,1317,-1,1332,1334,1321,-1,1278,1280,1282,-1,1367,1374,1365,-1,1365,1374,1373,-1,1365,1373,1363,-1,1273,1276,1286,-1,1286,1276,1278,-1,1286,1278,1284,-1,1284,1278,1282,-1,1317,1345,1315,-1,1324,1326,1328,-1,1334,1336,1321,-1,1321,1336,1337,-1,1321,1337,1319,-1,1319,1337,1339,-1,1319,1339,1317,-1,1317,1339,1341,-1,1317,1341,1343,-1,1324,1328,1321,-1,1321,1328,1330,-1,1321,1330,1332,-1,1357,1359,1373,-1,1373,1359,1361,-1,1373,1361,1363,-1,1345,1347,1315,-1,1315,1347,1349,-1,1315,1349,1313,-1,1313,1349,1351,-1,1313,1351,1311,-1,1311,1351,1353,-1,1311,1353,1373,-1,1373,1353,1355,-1,1373,1355,1357,-1,1312,1310,1376,-1,1310,1302,1300,-1,1298,1296,1290,-1,1290,1296,1294,-1,1290,1294,1292,-1,1275,1274,1285,-1,1285,1274,1288,-1,1300,1298,1310,-1,1310,1298,1290,-1,1310,1290,1376,-1,1376,1290,1288,-1,1376,1288,1377,-1,1377,1288,1274,-1,1377,1274,1372,-1,1340,1338,1335,-1,1308,1306,1310,-1,1310,1306,1304,-1,1310,1304,1302,-1,1281,1279,1277,-1,1333,1331,1322,-1,1275,1285,1277,-1,1277,1285,1283,-1,1277,1283,1281,-1,1331,1329,1322,-1,1322,1329,1327,-1,1322,1327,1323,-1,1323,1327,1325,-1,1346,1318,1348,-1,1348,1318,1316,-1,1366,1376,1368,-1,1368,1376,1378,-1,1368,1378,1370,-1,1366,1364,1376,-1,1376,1364,1362,-1,1376,1362,1360,-1,1346,1344,1318,-1,1318,1344,1342,-1,1318,1342,1320,-1,1320,1342,1340,-1,1320,1340,1322,-1,1322,1340,1335,-1,1322,1335,1333,-1,1360,1358,1376,-1,1376,1358,1356,-1,1376,1356,1312,-1,1312,1356,1354,-1,1312,1354,1314,-1,1314,1354,1352,-1,1314,1352,1316,-1,1316,1352,1350,-1,1316,1350,1348,-1,1379,1380,1381,-1,1381,1380,1382,-1,1383,1379,1384,-1,1384,1379,1381,-1,1383,1384,1385,-1,1383,1385,1386,-1,1386,1385,1387,-1,1386,1387,1388,-1,1388,1387,1389,-1,1388,1389,1390,-1,1390,1389,1391,-1,1390,1391,1392,-1,1392,1391,1393,-1,1392,1393,1394,-1,1395,1394,1396,-1,1396,1394,1393,-1,1397,1395,1398,-1,1398,1395,1396,-1,1397,1398,1399,-1,1397,1399,1400,-1,1400,1399,1401,-1,1400,1401,1402,-1,1402,1401,1403,-1,1402,1403,1404,-1,1404,1403,1405,-1,1404,1405,1406,-1,1406,1405,1407,-1,1406,1407,1408,-1,1408,1407,1409,-1,1408,1409,1410,-1,1411,1410,1412,-1,1412,1410,1409,-1,1411,1412,1413,-1,1411,1413,1414,-1,1414,1413,1415,-1,1414,1415,1416,-1,1416,1415,1417,-1,1416,1417,1418,-1,1418,1417,1419,-1,1418,1419,1420,-1,1420,1419,1421,-1,1420,1421,1422,-1,1422,1421,1423,-1,1422,1423,1424,-1,1425,1424,1426,-1,1426,1424,1423,-1,1425,1380,1379,-1,1395,1397,1410,-1,1425,1379,1394,-1,1394,1379,1383,-1,1394,1383,1386,-1,1386,1388,1394,-1,1394,1388,1390,-1,1394,1390,1392,-1,1394,1395,1425,-1,1425,1395,1410,-1,1425,1410,1424,-1,1424,1410,1411,-1,1424,1411,1414,-1,1402,1404,1400,-1,1400,1404,1406,-1,1400,1406,1397,-1,1397,1406,1408,-1,1397,1408,1410,-1,1414,1416,1424,-1,1424,1416,1418,-1,1424,1418,1422,-1,1422,1418,1420,-1,1381,1382,1426,-1,1381,1426,1384,-1,1413,1412,1423,-1,1387,1385,1384,-1,1423,1412,1426,-1,1426,1412,1409,-1,1426,1409,1398,-1,1387,1384,1389,-1,1421,1419,1417,-1,1409,1407,1398,-1,1398,1407,1405,-1,1398,1405,1399,-1,1399,1405,1403,-1,1399,1403,1401,-1,1398,1396,1426,-1,1426,1396,1393,-1,1426,1393,1384,-1,1384,1393,1391,-1,1384,1391,1389,-1,1421,1417,1423,-1,1423,1417,1415,-1,1423,1415,1413,-1,1427,1428,1429,-1,1429,1428,1430,-1,1429,1430,1431,-1,1432,1433,1434,-1,1434,1433,1435,-1,1432,1434,1436,-1,1436,1434,1437,-1,1436,1437,1438,-1,1438,1437,1439,-1,1438,1439,1440,-1,1440,1439,1441,-1,1440,1441,1442,-1,1442,1441,1443,-1,1442,1443,1444,-1,1444,1443,1445,-1,1444,1445,1446,-1,1444,1446,1447,-1,1447,1446,1448,-1,1447,1448,1449,-1,1449,1448,1450,-1,1449,1450,1451,-1,1451,1450,1452,-1,1451,1452,1453,-1,1453,1452,1454,-1,1453,1454,1455,-1,1455,1454,1456,-1,1455,1456,1457,-1,1457,1456,1458,-1,1457,1458,1459,-1,1459,1458,1460,-1,1459,1460,1461,-1,1461,1460,1462,-1,1461,1462,1463,-1,1463,1462,1464,-1,1463,1464,1465,-1,1465,1464,1466,-1,1465,1466,1467,-1,1468,1467,1469,-1,1469,1467,1466,-1,1468,1469,1470,-1,1470,1469,1471,-1,1470,1471,1472,-1,1472,1471,1473,-1,1472,1473,1474,-1,1474,1473,1475,-1,1474,1475,1476,-1,1476,1475,1477,-1,1476,1477,1478,-1,1478,1477,1479,-1,1478,1479,1480,-1,1480,1479,1481,-1,1482,1480,1483,-1,1483,1480,1481,-1,1482,1483,1484,-1,1484,1483,1485,-1,1484,1485,1486,-1,1486,1485,1487,-1,1486,1487,1488,-1,1488,1487,1489,-1,1488,1489,1490,-1,1490,1489,1491,-1,1490,1491,1492,-1,1492,1491,1493,-1,1492,1493,1494,-1,1494,1493,1495,-1,1496,1494,1497,-1,1497,1494,1495,-1,1498,1496,1499,-1,1499,1496,1497,-1,1498,1499,1500,-1,1498,1500,1501,-1,1501,1500,1502,-1,1501,1502,1503,-1,1503,1502,1504,-1,1503,1504,1505,-1,1505,1504,1506,-1,1505,1506,1507,-1,1507,1506,1508,-1,1507,1508,1509,-1,1510,1509,1511,-1,1511,1509,1508,-1,1510,1511,1512,-1,1510,1512,1513,-1,1513,1512,1514,-1,1513,1514,1515,-1,1515,1514,1516,-1,1515,1516,1517,-1,1517,1516,1518,-1,1517,1518,1519,-1,1519,1518,1520,-1,1519,1520,1521,-1,1521,1520,1522,-1,1521,1522,1523,-1,1524,1525,1526,-1,1526,1525,1527,-1,1528,1524,1529,-1,1529,1524,1526,-1,1528,1529,1530,-1,1528,1530,1531,-1,1531,1530,1532,-1,1531,1532,1533,-1,1533,1532,1534,-1,1533,1534,1535,-1,1535,1534,1536,-1,1535,1536,1537,-1,1537,1536,1538,-1,1537,1538,1539,-1,1539,1538,1540,-1,1539,1540,1541,-1,1542,1541,1543,-1,1543,1541,1540,-1,1542,1543,1544,-1,1542,1544,1545,-1,1545,1544,1546,-1,1545,1546,1547,-1,1547,1546,1548,-1,1547,1548,1549,-1,1549,1548,1550,-1,1549,1550,1551,-1,1551,1550,1552,-1,1551,1552,1553,-1,1553,1552,1554,-1,1553,1554,1555,-1,1556,1555,1557,-1,1557,1555,1554,-1,1558,1559,1560,-1,1560,1559,1561,-1,1562,1558,1563,-1,1563,1558,1560,-1,1564,1562,1565,-1,1565,1562,1563,-1,1564,1565,1566,-1,1566,1565,1567,-1,1566,1567,1568,-1,1568,1567,1569,-1,1568,1569,1570,-1,1570,1569,1571,-1,1570,1571,1572,-1,1572,1571,1573,-1,1572,1573,1574,-1,1574,1573,1575,-1,1574,1575,1576,-1,1576,1575,1577,-1,1578,1576,1579,-1,1579,1576,1577,-1,1578,1579,1580,-1,1580,1579,1581,-1,1580,1581,1582,-1,1582,1581,1583,-1,1582,1583,1584,-1,1584,1583,1585,-1,1584,1585,1586,-1,1586,1585,1587,-1,1586,1587,1588,-1,1588,1587,1589,-1,1588,1589,1590,-1,1590,1589,1591,-1,1592,1590,1593,-1,1593,1590,1591,-1,1592,1593,1594,-1,1592,1594,1595,-1,1595,1594,1596,-1,1595,1596,1597,-1,1597,1596,1598,-1,1597,1598,1599,-1,1599,1598,1600,-1,1599,1600,1601,-1,1601,1600,1602,-1,1601,1602,1603,-1,1603,1602,1604,-1,1603,1604,1605,-1,1606,1605,1607,-1,1607,1605,1604,-1,1606,1607,1608,-1,1606,1608,1609,-1,1609,1608,1610,-1,1609,1610,1611,-1,1555,1556,1612,-1,1542,1555,1541,-1,1541,1555,1612,-1,1541,1612,1539,-1,1539,1612,1537,-1,1613,1524,1612,-1,1612,1524,1528,-1,1612,1528,1531,-1,1562,1525,1558,-1,1558,1525,1524,-1,1558,1524,1559,-1,1559,1524,1613,-1,1531,1533,1612,-1,1612,1533,1535,-1,1612,1535,1537,-1,1614,1588,1590,-1,1615,1476,1478,-1,1547,1549,1551,-1,1616,1433,1470,-1,1470,1433,1432,-1,1542,1545,1555,-1,1555,1545,1547,-1,1555,1547,1553,-1,1553,1547,1551,-1,1566,1568,1615,-1,1615,1568,1570,-1,1482,1484,1523,-1,1432,1436,1470,-1,1470,1436,1438,-1,1470,1438,1468,-1,1611,1614,1609,-1,1609,1614,1590,-1,1609,1590,1606,-1,1606,1590,1592,-1,1438,1440,1468,-1,1468,1440,1442,-1,1468,1442,1467,-1,1467,1442,1444,-1,1467,1444,1465,-1,1570,1572,1615,-1,1615,1572,1574,-1,1615,1574,1576,-1,1588,1614,1586,-1,1586,1614,1617,-1,1586,1617,1584,-1,1615,1478,1523,-1,1523,1478,1480,-1,1523,1480,1482,-1,1496,1498,1507,-1,1449,1451,1463,-1,1566,1615,1564,-1,1564,1615,1431,-1,1564,1431,1562,-1,1562,1431,1430,-1,1562,1430,1525,-1,1617,1618,1584,-1,1584,1618,1619,-1,1584,1619,1476,-1,1476,1619,1620,-1,1476,1620,1474,-1,1474,1620,1616,-1,1474,1616,1472,-1,1472,1616,1470,-1,1595,1597,1599,-1,1576,1578,1615,-1,1615,1578,1580,-1,1615,1580,1476,-1,1476,1580,1582,-1,1476,1582,1584,-1,1484,1486,1523,-1,1523,1486,1488,-1,1523,1488,1521,-1,1521,1488,1490,-1,1521,1490,1519,-1,1519,1490,1517,-1,1510,1513,1490,-1,1490,1513,1515,-1,1490,1515,1517,-1,1494,1496,1492,-1,1492,1496,1507,-1,1492,1507,1490,-1,1490,1507,1509,-1,1490,1509,1510,-1,1498,1501,1507,-1,1507,1501,1503,-1,1507,1503,1505,-1,1465,1444,1463,-1,1463,1444,1447,-1,1463,1447,1449,-1,1463,1457,1461,-1,1461,1457,1459,-1,1599,1601,1595,-1,1595,1601,1603,-1,1595,1603,1592,-1,1592,1603,1605,-1,1592,1605,1606,-1,1451,1453,1463,-1,1463,1453,1455,-1,1463,1455,1457,-1,1560,1561,1621,-1,1473,1471,1622,-1,1544,1543,1554,-1,1554,1543,1540,-1,1554,1540,1557,-1,1536,1534,1623,-1,1623,1534,1532,-1,1557,1540,1623,-1,1623,1540,1538,-1,1623,1538,1536,-1,1563,1560,1526,-1,1526,1560,1621,-1,1526,1621,1529,-1,1529,1621,1623,-1,1529,1623,1530,-1,1530,1623,1532,-1,1624,1610,1608,-1,1550,1548,1546,-1,1446,1445,1466,-1,1516,1514,1491,-1,1575,1573,1625,-1,1625,1573,1571,-1,1466,1445,1469,-1,1445,1443,1469,-1,1469,1443,1441,-1,1469,1441,1471,-1,1471,1441,1439,-1,1435,1622,1434,-1,1434,1622,1471,-1,1434,1471,1437,-1,1437,1471,1439,-1,1544,1554,1546,-1,1546,1554,1552,-1,1546,1552,1550,-1,1516,1491,1518,-1,1587,1585,1477,-1,1477,1585,1583,-1,1452,1450,1462,-1,1489,1487,1522,-1,1522,1487,1485,-1,1522,1485,1483,-1,1626,1627,1589,-1,1460,1458,1456,-1,1466,1464,1446,-1,1446,1464,1462,-1,1446,1462,1448,-1,1448,1462,1450,-1,1506,1493,1508,-1,1508,1493,1491,-1,1489,1522,1491,-1,1491,1522,1520,-1,1491,1520,1518,-1,1627,1628,1589,-1,1589,1628,1629,-1,1589,1629,1591,-1,1591,1629,1593,-1,1581,1579,1625,-1,1625,1579,1577,-1,1625,1577,1575,-1,1506,1504,1502,-1,1502,1500,1506,-1,1506,1500,1499,-1,1506,1499,1493,-1,1493,1499,1497,-1,1493,1497,1495,-1,1514,1512,1491,-1,1491,1512,1511,-1,1491,1511,1508,-1,1473,1622,1475,-1,1475,1622,1626,-1,1475,1626,1477,-1,1477,1626,1589,-1,1477,1589,1587,-1,1583,1581,1477,-1,1477,1581,1625,-1,1477,1625,1479,-1,1479,1625,1522,-1,1479,1522,1481,-1,1481,1522,1483,-1,1571,1569,1625,-1,1625,1569,1567,-1,1625,1567,1427,-1,1427,1567,1565,-1,1427,1565,1428,-1,1428,1565,1563,-1,1428,1563,1527,-1,1527,1563,1526,-1,1460,1456,1462,-1,1462,1456,1454,-1,1462,1454,1452,-1,1600,1598,1629,-1,1608,1607,1624,-1,1624,1607,1604,-1,1624,1604,1629,-1,1629,1604,1602,-1,1629,1602,1600,-1,1598,1596,1629,-1,1629,1596,1594,-1,1629,1594,1593,-1,1630,1631,1632,-1,1630,1632,1633,-1,1633,1632,1634,-1,1633,1634,1635,-1,1635,1634,1636,-1,1635,1636,1637,-1,1637,1636,1638,-1,1637,1638,1639,-1,1639,1638,1640,-1,1639,1640,1641,-1,1641,1640,1642,-1,1641,1642,1643,-1,1644,1643,1645,-1,1645,1643,1642,-1,1646,1644,1647,-1,1647,1644,1645,-1,1648,1646,1649,-1,1649,1646,1647,-1,1650,1648,1651,-1,1651,1648,1649,-1,1650,1651,1652,-1,1652,1651,1653,-1,1652,1653,1654,-1,1654,1653,1655,-1,1654,1655,1656,-1,1656,1655,1657,-1,1656,1657,1658,-1,1658,1657,1659,-1,1658,1659,1660,-1,1660,1659,1661,-1,1662,1660,1663,-1,1663,1660,1661,-1,1664,1662,1665,-1,1665,1662,1663,-1,1666,1664,1667,-1,1667,1664,1665,-1,1668,1666,1669,-1,1669,1666,1667,-1,1670,1668,1671,-1,1671,1668,1669,-1,1672,1670,1673,-1,1673,1670,1671,-1,1674,1672,1675,-1,1675,1672,1673,-1,1676,1674,1677,-1,1677,1674,1675,-1,1678,1676,1679,-1,1679,1676,1677,-1,1678,1679,1680,-1,1678,1680,1681,-1,1681,1680,1682,-1,1681,1682,1683,-1,1683,1682,1684,-1,1683,1684,1685,-1,1685,1684,1686,-1,1685,1686,1687,-1,1687,1686,1688,-1,1687,1688,1689,-1,1689,1688,1690,-1,1689,1690,1691,-1,1691,1690,1692,-1,1691,1692,1693,-1,1694,1693,1695,-1,1695,1693,1692,-1,1696,1694,1697,-1,1697,1694,1695,-1,1698,1696,1699,-1,1699,1696,1697,-1,1698,1699,1700,-1,1700,1699,1701,-1,1700,1701,1702,-1,1702,1701,1703,-1,1702,1703,1704,-1,1704,1703,1705,-1,1704,1705,1706,-1,1706,1705,1707,-1,1706,1707,1708,-1,1708,1707,1709,-1,1708,1709,1710,-1,1710,1709,1711,-1,1710,1711,1712,-1,1712,1711,1713,-1,1712,1713,1714,-1,1714,1713,1715,-1,1714,1715,1716,-1,1716,1715,1717,-1,1716,1717,1718,-1,1718,1717,1719,-1,1718,1719,1720,-1,1720,1719,1721,-1,1720,1721,1722,-1,1722,1721,1723,-1,1724,1722,1725,-1,1725,1722,1723,-1,1726,1724,1727,-1,1727,1724,1725,-1,1630,1728,1631,-1,1631,1728,1729,-1,1643,1644,1630,-1,1666,1654,1656,-1,1730,1666,1668,-1,1652,1646,1650,-1,1650,1646,1648,-1,1724,1726,1731,-1,1728,1630,1732,-1,1732,1630,1644,-1,1732,1644,1730,-1,1730,1644,1646,-1,1730,1646,1666,-1,1666,1646,1652,-1,1666,1652,1654,-1,1662,1664,1660,-1,1660,1664,1666,-1,1660,1666,1658,-1,1658,1666,1656,-1,1700,1702,1674,-1,1689,1691,1678,-1,1635,1637,1639,-1,1724,1731,1722,-1,1722,1731,1730,-1,1722,1730,1720,-1,1630,1633,1643,-1,1643,1633,1635,-1,1643,1635,1641,-1,1641,1635,1639,-1,1674,1702,1672,-1,1681,1683,1685,-1,1691,1693,1678,-1,1678,1693,1694,-1,1678,1694,1676,-1,1676,1694,1696,-1,1676,1696,1674,-1,1674,1696,1698,-1,1674,1698,1700,-1,1681,1685,1678,-1,1678,1685,1687,-1,1678,1687,1689,-1,1714,1716,1730,-1,1730,1716,1718,-1,1730,1718,1720,-1,1702,1704,1672,-1,1672,1704,1706,-1,1672,1706,1670,-1,1670,1706,1708,-1,1670,1708,1668,-1,1668,1708,1710,-1,1668,1710,1730,-1,1730,1710,1712,-1,1730,1712,1714,-1,1669,1667,1733,-1,1667,1659,1657,-1,1655,1653,1647,-1,1647,1653,1651,-1,1647,1651,1649,-1,1632,1631,1642,-1,1642,1631,1645,-1,1657,1655,1667,-1,1667,1655,1647,-1,1667,1647,1733,-1,1733,1647,1645,-1,1733,1645,1734,-1,1734,1645,1631,-1,1734,1631,1729,-1,1697,1695,1692,-1,1665,1663,1667,-1,1667,1663,1661,-1,1667,1661,1659,-1,1638,1636,1634,-1,1690,1688,1679,-1,1632,1642,1634,-1,1634,1642,1640,-1,1634,1640,1638,-1,1688,1686,1679,-1,1679,1686,1684,-1,1679,1684,1680,-1,1680,1684,1682,-1,1703,1675,1705,-1,1705,1675,1673,-1,1723,1733,1725,-1,1725,1733,1735,-1,1725,1735,1727,-1,1723,1721,1733,-1,1733,1721,1719,-1,1733,1719,1717,-1,1703,1701,1675,-1,1675,1701,1699,-1,1675,1699,1677,-1,1677,1699,1697,-1,1677,1697,1679,-1,1679,1697,1692,-1,1679,1692,1690,-1,1717,1715,1733,-1,1733,1715,1713,-1,1733,1713,1669,-1,1669,1713,1711,-1,1669,1711,1671,-1,1671,1711,1709,-1,1671,1709,1673,-1,1673,1709,1707,-1,1673,1707,1705,-1,1736,1737,1738,-1,1738,1737,1739,-1,1740,1736,1741,-1,1741,1736,1738,-1,1740,1741,1742,-1,1740,1742,1743,-1,1743,1742,1744,-1,1743,1744,1745,-1,1745,1744,1746,-1,1745,1746,1747,-1,1747,1746,1748,-1,1747,1748,1749,-1,1749,1748,1750,-1,1749,1750,1751,-1,1752,1751,1753,-1,1753,1751,1750,-1,1754,1752,1755,-1,1755,1752,1753,-1,1754,1755,1756,-1,1754,1756,1757,-1,1757,1756,1758,-1,1757,1758,1759,-1,1759,1758,1760,-1,1759,1760,1761,-1,1761,1760,1762,-1,1761,1762,1763,-1,1763,1762,1764,-1,1763,1764,1765,-1,1765,1764,1766,-1,1765,1766,1767,-1,1768,1767,1769,-1,1769,1767,1766,-1,1768,1769,1770,-1,1768,1770,1771,-1,1771,1770,1772,-1,1771,1772,1773,-1,1773,1772,1774,-1,1773,1774,1775,-1,1775,1774,1776,-1,1775,1776,1777,-1,1777,1776,1778,-1,1777,1778,1779,-1,1779,1778,1780,-1,1779,1780,1781,-1,1782,1781,1783,-1,1783,1781,1780,-1,1782,1737,1736,-1,1752,1754,1767,-1,1782,1736,1751,-1,1751,1736,1740,-1,1751,1740,1743,-1,1743,1745,1751,-1,1751,1745,1747,-1,1751,1747,1749,-1,1751,1752,1782,-1,1782,1752,1767,-1,1782,1767,1781,-1,1781,1767,1768,-1,1781,1768,1771,-1,1759,1761,1757,-1,1757,1761,1763,-1,1757,1763,1754,-1,1754,1763,1765,-1,1754,1765,1767,-1,1771,1773,1781,-1,1781,1773,1775,-1,1781,1775,1779,-1,1779,1775,1777,-1,1738,1739,1783,-1,1738,1783,1741,-1,1770,1769,1780,-1,1744,1742,1741,-1,1780,1769,1783,-1,1783,1769,1766,-1,1783,1766,1755,-1,1744,1741,1746,-1,1778,1776,1774,-1,1766,1764,1755,-1,1755,1764,1762,-1,1755,1762,1756,-1,1756,1762,1760,-1,1756,1760,1758,-1,1755,1753,1783,-1,1783,1753,1750,-1,1783,1750,1741,-1,1741,1750,1748,-1,1741,1748,1746,-1,1778,1774,1780,-1,1780,1774,1772,-1,1780,1772,1770,-1,1784,1785,1786,-1,1786,1785,1787,-1,1786,1787,1788,-1,1789,1790,1791,-1,1791,1790,1792,-1,1789,1791,1793,-1,1793,1791,1794,-1,1793,1794,1795,-1,1795,1794,1796,-1,1795,1796,1797,-1,1797,1796,1798,-1,1797,1798,1799,-1,1799,1798,1800,-1,1799,1800,1801,-1,1801,1800,1802,-1,1801,1802,1803,-1,1801,1803,1804,-1,1804,1803,1805,-1,1804,1805,1806,-1,1806,1805,1807,-1,1806,1807,1808,-1,1808,1807,1809,-1,1808,1809,1810,-1,1810,1809,1811,-1,1810,1811,1812,-1,1812,1811,1813,-1,1812,1813,1814,-1,1814,1813,1815,-1,1814,1815,1816,-1,1816,1815,1817,-1,1816,1817,1818,-1,1818,1817,1819,-1,1818,1819,1820,-1,1820,1819,1821,-1,1820,1821,1822,-1,1822,1821,1823,-1,1822,1823,1824,-1,1825,1824,1826,-1,1826,1824,1823,-1,1825,1826,1827,-1,1827,1826,1828,-1,1827,1828,1829,-1,1829,1828,1830,-1,1829,1830,1831,-1,1831,1830,1832,-1,1831,1832,1833,-1,1833,1832,1834,-1,1833,1834,1835,-1,1835,1834,1836,-1,1835,1836,1837,-1,1837,1836,1838,-1,1839,1837,1840,-1,1840,1837,1838,-1,1839,1840,1841,-1,1841,1840,1842,-1,1841,1842,1843,-1,1843,1842,1844,-1,1843,1844,1845,-1,1845,1844,1846,-1,1845,1846,1847,-1,1847,1846,1848,-1,1847,1848,1849,-1,1849,1848,1850,-1,1849,1850,1851,-1,1851,1850,1852,-1,1853,1851,1854,-1,1854,1851,1852,-1,1855,1853,1856,-1,1856,1853,1854,-1,1855,1856,1857,-1,1855,1857,1858,-1,1858,1857,1859,-1,1858,1859,1860,-1,1860,1859,1861,-1,1860,1861,1862,-1,1862,1861,1863,-1,1862,1863,1864,-1,1864,1863,1865,-1,1864,1865,1866,-1,1867,1866,1868,-1,1868,1866,1865,-1,1867,1868,1869,-1,1867,1869,1870,-1,1870,1869,1871,-1,1870,1871,1872,-1,1872,1871,1873,-1,1872,1873,1874,-1,1874,1873,1875,-1,1874,1875,1876,-1,1876,1875,1877,-1,1876,1877,1878,-1,1878,1877,1879,-1,1878,1879,1880,-1,1881,1882,1883,-1,1883,1882,1884,-1,1885,1881,1886,-1,1886,1881,1883,-1,1885,1886,1887,-1,1885,1887,1888,-1,1888,1887,1889,-1,1888,1889,1890,-1,1890,1889,1891,-1,1890,1891,1892,-1,1892,1891,1893,-1,1892,1893,1894,-1,1894,1893,1895,-1,1894,1895,1896,-1,1896,1895,1897,-1,1896,1897,1898,-1,1899,1898,1900,-1,1900,1898,1897,-1,1899,1900,1901,-1,1899,1901,1902,-1,1902,1901,1903,-1,1902,1903,1904,-1,1904,1903,1905,-1,1904,1905,1906,-1,1906,1905,1907,-1,1906,1907,1908,-1,1908,1907,1909,-1,1908,1909,1910,-1,1910,1909,1911,-1,1910,1911,1912,-1,1913,1912,1914,-1,1914,1912,1911,-1,1915,1916,1917,-1,1917,1916,1918,-1,1919,1915,1920,-1,1920,1915,1917,-1,1921,1919,1922,-1,1922,1919,1920,-1,1921,1922,1923,-1,1923,1922,1924,-1,1923,1924,1925,-1,1925,1924,1926,-1,1925,1926,1927,-1,1927,1926,1928,-1,1927,1928,1929,-1,1929,1928,1930,-1,1929,1930,1931,-1,1931,1930,1932,-1,1931,1932,1933,-1,1933,1932,1934,-1,1935,1933,1936,-1,1936,1933,1934,-1,1935,1936,1937,-1,1937,1936,1938,-1,1937,1938,1939,-1,1939,1938,1940,-1,1939,1940,1941,-1,1941,1940,1942,-1,1941,1942,1943,-1,1943,1942,1944,-1,1943,1944,1945,-1,1945,1944,1946,-1,1945,1946,1947,-1,1947,1946,1948,-1,1949,1947,1950,-1,1950,1947,1948,-1,1949,1950,1951,-1,1949,1951,1952,-1,1952,1951,1953,-1,1952,1953,1954,-1,1954,1953,1955,-1,1954,1955,1956,-1,1956,1955,1957,-1,1956,1957,1958,-1,1958,1957,1959,-1,1958,1959,1960,-1,1960,1959,1961,-1,1960,1961,1962,-1,1963,1962,1964,-1,1964,1962,1961,-1,1963,1964,1965,-1,1963,1965,1966,-1,1966,1965,1967,-1,1966,1967,1968,-1,1912,1913,1969,-1,1899,1912,1898,-1,1898,1912,1969,-1,1898,1969,1896,-1,1896,1969,1894,-1,1970,1881,1969,-1,1969,1881,1885,-1,1969,1885,1888,-1,1919,1882,1915,-1,1915,1882,1881,-1,1915,1881,1916,-1,1916,1881,1970,-1,1888,1890,1969,-1,1969,1890,1892,-1,1969,1892,1894,-1,1971,1945,1947,-1,1972,1833,1835,-1,1904,1906,1908,-1,1973,1790,1827,-1,1827,1790,1789,-1,1899,1902,1912,-1,1912,1902,1904,-1,1912,1904,1910,-1,1910,1904,1908,-1,1923,1925,1972,-1,1972,1925,1927,-1,1839,1841,1880,-1,1789,1793,1827,-1,1827,1793,1795,-1,1827,1795,1825,-1,1968,1971,1966,-1,1966,1971,1947,-1,1966,1947,1963,-1,1963,1947,1949,-1,1795,1797,1825,-1,1825,1797,1799,-1,1825,1799,1824,-1,1824,1799,1801,-1,1824,1801,1822,-1,1927,1929,1972,-1,1972,1929,1931,-1,1972,1931,1933,-1,1945,1971,1943,-1,1943,1971,1974,-1,1943,1974,1941,-1,1972,1835,1880,-1,1880,1835,1837,-1,1880,1837,1839,-1,1853,1855,1864,-1,1806,1808,1820,-1,1923,1972,1921,-1,1921,1972,1788,-1,1921,1788,1919,-1,1919,1788,1787,-1,1919,1787,1882,-1,1974,1975,1941,-1,1941,1975,1976,-1,1941,1976,1833,-1,1833,1976,1977,-1,1833,1977,1831,-1,1831,1977,1973,-1,1831,1973,1829,-1,1829,1973,1827,-1,1952,1954,1956,-1,1933,1935,1972,-1,1972,1935,1937,-1,1972,1937,1833,-1,1833,1937,1939,-1,1833,1939,1941,-1,1841,1843,1880,-1,1880,1843,1845,-1,1880,1845,1878,-1,1878,1845,1847,-1,1878,1847,1876,-1,1876,1847,1874,-1,1867,1870,1847,-1,1847,1870,1872,-1,1847,1872,1874,-1,1851,1853,1849,-1,1849,1853,1864,-1,1849,1864,1847,-1,1847,1864,1866,-1,1847,1866,1867,-1,1855,1858,1864,-1,1864,1858,1860,-1,1864,1860,1862,-1,1822,1801,1820,-1,1820,1801,1804,-1,1820,1804,1806,-1,1820,1814,1818,-1,1818,1814,1816,-1,1956,1958,1952,-1,1952,1958,1960,-1,1952,1960,1949,-1,1949,1960,1962,-1,1949,1962,1963,-1,1808,1810,1820,-1,1820,1810,1812,-1,1820,1812,1814,-1,1917,1918,1978,-1,1830,1828,1979,-1,1901,1900,1911,-1,1911,1900,1897,-1,1911,1897,1914,-1,1893,1891,1980,-1,1980,1891,1889,-1,1914,1897,1980,-1,1980,1897,1895,-1,1980,1895,1893,-1,1920,1917,1883,-1,1883,1917,1978,-1,1883,1978,1886,-1,1886,1978,1980,-1,1886,1980,1887,-1,1887,1980,1889,-1,1981,1967,1965,-1,1907,1905,1903,-1,1803,1802,1823,-1,1873,1871,1848,-1,1932,1930,1982,-1,1982,1930,1928,-1,1823,1802,1826,-1,1802,1800,1826,-1,1826,1800,1798,-1,1826,1798,1828,-1,1828,1798,1796,-1,1792,1979,1791,-1,1791,1979,1828,-1,1791,1828,1794,-1,1794,1828,1796,-1,1901,1911,1903,-1,1903,1911,1909,-1,1903,1909,1907,-1,1873,1848,1875,-1,1944,1942,1834,-1,1834,1942,1940,-1,1809,1807,1819,-1,1846,1844,1879,-1,1879,1844,1842,-1,1879,1842,1840,-1,1983,1984,1946,-1,1817,1815,1813,-1,1823,1821,1803,-1,1803,1821,1819,-1,1803,1819,1805,-1,1805,1819,1807,-1,1863,1850,1865,-1,1865,1850,1848,-1,1846,1879,1848,-1,1848,1879,1877,-1,1848,1877,1875,-1,1984,1985,1946,-1,1946,1985,1986,-1,1946,1986,1948,-1,1948,1986,1950,-1,1938,1936,1982,-1,1982,1936,1934,-1,1982,1934,1932,-1,1863,1861,1859,-1,1859,1857,1863,-1,1863,1857,1856,-1,1863,1856,1850,-1,1850,1856,1854,-1,1850,1854,1852,-1,1871,1869,1848,-1,1848,1869,1868,-1,1848,1868,1865,-1,1830,1979,1832,-1,1832,1979,1983,-1,1832,1983,1834,-1,1834,1983,1946,-1,1834,1946,1944,-1,1940,1938,1834,-1,1834,1938,1982,-1,1834,1982,1836,-1,1836,1982,1879,-1,1836,1879,1838,-1,1838,1879,1840,-1,1928,1926,1982,-1,1982,1926,1924,-1,1982,1924,1784,-1,1784,1924,1922,-1,1784,1922,1785,-1,1785,1922,1920,-1,1785,1920,1884,-1,1884,1920,1883,-1,1817,1813,1819,-1,1819,1813,1811,-1,1819,1811,1809,-1,1957,1955,1986,-1,1965,1964,1981,-1,1981,1964,1961,-1,1981,1961,1986,-1,1986,1961,1959,-1,1986,1959,1957,-1,1955,1953,1986,-1,1986,1953,1951,-1,1986,1951,1950,-1,1987,1988,1989,-1,1987,1989,1990,-1,1990,1989,1991,-1,1990,1991,1992,-1,1992,1991,1993,-1,1992,1993,1994,-1,1994,1993,1995,-1,1994,1995,1996,-1,1996,1995,1997,-1,1996,1997,1998,-1,1998,1997,1999,-1,1998,1999,2000,-1,2001,2000,2002,-1,2002,2000,1999,-1,2003,2001,2004,-1,2004,2001,2002,-1,2005,2003,2006,-1,2006,2003,2004,-1,2007,2005,2008,-1,2008,2005,2006,-1,2007,2008,2009,-1,2009,2008,2010,-1,2009,2010,2011,-1,2011,2010,2012,-1,2011,2012,2013,-1,2013,2012,2014,-1,2013,2014,2015,-1,2015,2014,2016,-1,2015,2016,2017,-1,2017,2016,2018,-1,2019,2017,2020,-1,2020,2017,2018,-1,2021,2019,2022,-1,2022,2019,2020,-1,2023,2021,2024,-1,2024,2021,2022,-1,2025,2023,2026,-1,2026,2023,2024,-1,2027,2025,2028,-1,2028,2025,2026,-1,2029,2027,2030,-1,2030,2027,2028,-1,2031,2029,2032,-1,2032,2029,2030,-1,2033,2031,2034,-1,2034,2031,2032,-1,2035,2033,2036,-1,2036,2033,2034,-1,2035,2036,2037,-1,2035,2037,2038,-1,2038,2037,2039,-1,2038,2039,2040,-1,2040,2039,2041,-1,2040,2041,2042,-1,2042,2041,2043,-1,2042,2043,2044,-1,2044,2043,2045,-1,2044,2045,2046,-1,2046,2045,2047,-1,2046,2047,2048,-1,2048,2047,2049,-1,2048,2049,2050,-1,2051,2050,2052,-1,2052,2050,2049,-1,2053,2051,2054,-1,2054,2051,2052,-1,2055,2053,2056,-1,2056,2053,2054,-1,2055,2056,2057,-1,2057,2056,2058,-1,2057,2058,2059,-1,2059,2058,2060,-1,2059,2060,2061,-1,2061,2060,2062,-1,2061,2062,2063,-1,2063,2062,2064,-1,2063,2064,2065,-1,2065,2064,2066,-1,2065,2066,2067,-1,2067,2066,2068,-1,2067,2068,2069,-1,2069,2068,2070,-1,2069,2070,2071,-1,2071,2070,2072,-1,2071,2072,2073,-1,2073,2072,2074,-1,2073,2074,2075,-1,2075,2074,2076,-1,2075,2076,2077,-1,2077,2076,2078,-1,2077,2078,2079,-1,2079,2078,2080,-1,2081,2079,2082,-1,2082,2079,2080,-1,2083,2081,2084,-1,2084,2081,2082,-1,1987,2085,1988,-1,1988,2085,2086,-1,2000,2001,1987,-1,2023,2011,2013,-1,2087,2023,2025,-1,2009,2003,2007,-1,2007,2003,2005,-1,2081,2083,2088,-1,2085,1987,2089,-1,2089,1987,2001,-1,2089,2001,2087,-1,2087,2001,2003,-1,2087,2003,2023,-1,2023,2003,2009,-1,2023,2009,2011,-1,2019,2021,2017,-1,2017,2021,2023,-1,2017,2023,2015,-1,2015,2023,2013,-1,2057,2059,2031,-1,2046,2048,2035,-1,1992,1994,1996,-1,2081,2088,2079,-1,2079,2088,2087,-1,2079,2087,2077,-1,1987,1990,2000,-1,2000,1990,1992,-1,2000,1992,1998,-1,1998,1992,1996,-1,2031,2059,2029,-1,2038,2040,2042,-1,2048,2050,2035,-1,2035,2050,2051,-1,2035,2051,2033,-1,2033,2051,2053,-1,2033,2053,2031,-1,2031,2053,2055,-1,2031,2055,2057,-1,2038,2042,2035,-1,2035,2042,2044,-1,2035,2044,2046,-1,2071,2073,2087,-1,2087,2073,2075,-1,2087,2075,2077,-1,2059,2061,2029,-1,2029,2061,2063,-1,2029,2063,2027,-1,2027,2063,2065,-1,2027,2065,2025,-1,2025,2065,2067,-1,2025,2067,2087,-1,2087,2067,2069,-1,2087,2069,2071,-1,2026,2024,2090,-1,2024,2016,2014,-1,2012,2010,2004,-1,2004,2010,2008,-1,2004,2008,2006,-1,1989,1988,1999,-1,1999,1988,2002,-1,2014,2012,2024,-1,2024,2012,2004,-1,2024,2004,2090,-1,2090,2004,2002,-1,2090,2002,2091,-1,2091,2002,1988,-1,2091,1988,2086,-1,2054,2052,2049,-1,2022,2020,2024,-1,2024,2020,2018,-1,2024,2018,2016,-1,1995,1993,1991,-1,2047,2045,2036,-1,1989,1999,1991,-1,1991,1999,1997,-1,1991,1997,1995,-1,2045,2043,2036,-1,2036,2043,2041,-1,2036,2041,2037,-1,2037,2041,2039,-1,2060,2032,2062,-1,2062,2032,2030,-1,2080,2090,2082,-1,2082,2090,2092,-1,2082,2092,2084,-1,2080,2078,2090,-1,2090,2078,2076,-1,2090,2076,2074,-1,2060,2058,2032,-1,2032,2058,2056,-1,2032,2056,2034,-1,2034,2056,2054,-1,2034,2054,2036,-1,2036,2054,2049,-1,2036,2049,2047,-1,2074,2072,2090,-1,2090,2072,2070,-1,2090,2070,2026,-1,2026,2070,2068,-1,2026,2068,2028,-1,2028,2068,2066,-1,2028,2066,2030,-1,2030,2066,2064,-1,2030,2064,2062,-1,2093,2094,2095,-1,2095,2094,2096,-1,2097,2093,2098,-1,2098,2093,2095,-1,2097,2098,2099,-1,2097,2099,2100,-1,2100,2099,2101,-1,2100,2101,2102,-1,2102,2101,2103,-1,2102,2103,2104,-1,2104,2103,2105,-1,2104,2105,2106,-1,2106,2105,2107,-1,2106,2107,2108,-1,2109,2108,2110,-1,2110,2108,2107,-1,2111,2109,2112,-1,2112,2109,2110,-1,2111,2112,2113,-1,2111,2113,2114,-1,2114,2113,2115,-1,2114,2115,2116,-1,2116,2115,2117,-1,2116,2117,2118,-1,2118,2117,2119,-1,2118,2119,2120,-1,2120,2119,2121,-1,2120,2121,2122,-1,2122,2121,2123,-1,2122,2123,2124,-1,2125,2124,2126,-1,2126,2124,2123,-1,2125,2126,2127,-1,2125,2127,2128,-1,2128,2127,2129,-1,2128,2129,2130,-1,2130,2129,2131,-1,2130,2131,2132,-1,2132,2131,2133,-1,2132,2133,2134,-1,2134,2133,2135,-1,2134,2135,2136,-1,2136,2135,2137,-1,2136,2137,2138,-1,2139,2138,2140,-1,2140,2138,2137,-1,2139,2094,2093,-1,2109,2111,2124,-1,2139,2093,2108,-1,2108,2093,2097,-1,2108,2097,2100,-1,2100,2102,2108,-1,2108,2102,2104,-1,2108,2104,2106,-1,2108,2109,2139,-1,2139,2109,2124,-1,2139,2124,2138,-1,2138,2124,2125,-1,2138,2125,2128,-1,2116,2118,2114,-1,2114,2118,2120,-1,2114,2120,2111,-1,2111,2120,2122,-1,2111,2122,2124,-1,2128,2130,2138,-1,2138,2130,2132,-1,2138,2132,2136,-1,2136,2132,2134,-1,2095,2096,2140,-1,2095,2140,2098,-1,2127,2126,2137,-1,2101,2099,2098,-1,2137,2126,2140,-1,2140,2126,2123,-1,2140,2123,2112,-1,2101,2098,2103,-1,2135,2133,2131,-1,2123,2121,2112,-1,2112,2121,2119,-1,2112,2119,2113,-1,2113,2119,2117,-1,2113,2117,2115,-1,2112,2110,2140,-1,2140,2110,2107,-1,2140,2107,2098,-1,2098,2107,2105,-1,2098,2105,2103,-1,2135,2131,2137,-1,2137,2131,2129,-1,2137,2129,2127,-1,2141,2142,2143,-1,2143,2142,2144,-1,2143,2144,2145,-1,2146,2147,2148,-1,2148,2147,2149,-1,2146,2148,2150,-1,2150,2148,2151,-1,2150,2151,2152,-1,2152,2151,2153,-1,2152,2153,2154,-1,2154,2153,2155,-1,2154,2155,2156,-1,2156,2155,2157,-1,2156,2157,2158,-1,2158,2157,2159,-1,2158,2159,2160,-1,2158,2160,2161,-1,2161,2160,2162,-1,2161,2162,2163,-1,2163,2162,2164,-1,2163,2164,2165,-1,2165,2164,2166,-1,2165,2166,2167,-1,2167,2166,2168,-1,2167,2168,2169,-1,2169,2168,2170,-1,2169,2170,2171,-1,2171,2170,2172,-1,2171,2172,2173,-1,2173,2172,2174,-1,2173,2174,2175,-1,2175,2174,2176,-1,2175,2176,2177,-1,2177,2176,2178,-1,2177,2178,2179,-1,2179,2178,2180,-1,2179,2180,2181,-1,2182,2181,2183,-1,2183,2181,2180,-1,2182,2183,2184,-1,2184,2183,2185,-1,2184,2185,2186,-1,2186,2185,2187,-1,2186,2187,2188,-1,2188,2187,2189,-1,2188,2189,2190,-1,2190,2189,2191,-1,2190,2191,2192,-1,2192,2191,2193,-1,2192,2193,2194,-1,2194,2193,2195,-1,2196,2194,2197,-1,2197,2194,2195,-1,2196,2197,2198,-1,2198,2197,2199,-1,2198,2199,2200,-1,2200,2199,2201,-1,2200,2201,2202,-1,2202,2201,2203,-1,2202,2203,2204,-1,2204,2203,2205,-1,2204,2205,2206,-1,2206,2205,2207,-1,2206,2207,2208,-1,2208,2207,2209,-1,2210,2208,2211,-1,2211,2208,2209,-1,2212,2210,2213,-1,2213,2210,2211,-1,2212,2213,2214,-1,2212,2214,2215,-1,2215,2214,2216,-1,2215,2216,2217,-1,2217,2216,2218,-1,2217,2218,2219,-1,2219,2218,2220,-1,2219,2220,2221,-1,2221,2220,2222,-1,2221,2222,2223,-1,2224,2223,2225,-1,2225,2223,2222,-1,2224,2225,2226,-1,2224,2226,2227,-1,2227,2226,2228,-1,2227,2228,2229,-1,2229,2228,2230,-1,2229,2230,2231,-1,2231,2230,2232,-1,2231,2232,2233,-1,2233,2232,2234,-1,2233,2234,2235,-1,2235,2234,2236,-1,2235,2236,2237,-1,2238,2239,2240,-1,2240,2239,2241,-1,2242,2238,2243,-1,2243,2238,2240,-1,2242,2243,2244,-1,2242,2244,2245,-1,2245,2244,2246,-1,2245,2246,2247,-1,2247,2246,2248,-1,2247,2248,2249,-1,2249,2248,2250,-1,2249,2250,2251,-1,2251,2250,2252,-1,2251,2252,2253,-1,2253,2252,2254,-1,2253,2254,2255,-1,2256,2255,2257,-1,2257,2255,2254,-1,2256,2257,2258,-1,2256,2258,2259,-1,2259,2258,2260,-1,2259,2260,2261,-1,2261,2260,2262,-1,2261,2262,2263,-1,2263,2262,2264,-1,2263,2264,2265,-1,2265,2264,2266,-1,2265,2266,2267,-1,2267,2266,2268,-1,2267,2268,2269,-1,2270,2269,2271,-1,2271,2269,2268,-1,2272,2273,2274,-1,2274,2273,2275,-1,2276,2272,2277,-1,2277,2272,2274,-1,2278,2276,2279,-1,2279,2276,2277,-1,2278,2279,2280,-1,2280,2279,2281,-1,2280,2281,2282,-1,2282,2281,2283,-1,2282,2283,2284,-1,2284,2283,2285,-1,2284,2285,2286,-1,2286,2285,2287,-1,2286,2287,2288,-1,2288,2287,2289,-1,2288,2289,2290,-1,2290,2289,2291,-1,2292,2290,2293,-1,2293,2290,2291,-1,2292,2293,2294,-1,2294,2293,2295,-1,2294,2295,2296,-1,2296,2295,2297,-1,2296,2297,2298,-1,2298,2297,2299,-1,2298,2299,2300,-1,2300,2299,2301,-1,2300,2301,2302,-1,2302,2301,2303,-1,2302,2303,2304,-1,2304,2303,2305,-1,2306,2304,2307,-1,2307,2304,2305,-1,2306,2307,2308,-1,2306,2308,2309,-1,2309,2308,2310,-1,2309,2310,2311,-1,2311,2310,2312,-1,2311,2312,2313,-1,2313,2312,2314,-1,2313,2314,2315,-1,2315,2314,2316,-1,2315,2316,2317,-1,2317,2316,2318,-1,2317,2318,2319,-1,2320,2319,2321,-1,2321,2319,2318,-1,2320,2321,2322,-1,2320,2322,2323,-1,2323,2322,2324,-1,2323,2324,2325,-1,2269,2270,2326,-1,2256,2269,2255,-1,2255,2269,2326,-1,2255,2326,2253,-1,2253,2326,2251,-1,2327,2238,2326,-1,2326,2238,2242,-1,2326,2242,2245,-1,2276,2239,2272,-1,2272,2239,2238,-1,2272,2238,2273,-1,2273,2238,2327,-1,2245,2247,2326,-1,2326,2247,2249,-1,2326,2249,2251,-1,2328,2302,2304,-1,2329,2190,2192,-1,2261,2263,2265,-1,2330,2147,2184,-1,2184,2147,2146,-1,2256,2259,2269,-1,2269,2259,2261,-1,2269,2261,2267,-1,2267,2261,2265,-1,2280,2282,2329,-1,2329,2282,2284,-1,2196,2198,2237,-1,2146,2150,2184,-1,2184,2150,2152,-1,2184,2152,2182,-1,2325,2328,2323,-1,2323,2328,2304,-1,2323,2304,2320,-1,2320,2304,2306,-1,2152,2154,2182,-1,2182,2154,2156,-1,2182,2156,2181,-1,2181,2156,2158,-1,2181,2158,2179,-1,2284,2286,2329,-1,2329,2286,2288,-1,2329,2288,2290,-1,2302,2328,2300,-1,2300,2328,2331,-1,2300,2331,2298,-1,2329,2192,2237,-1,2237,2192,2194,-1,2237,2194,2196,-1,2210,2212,2221,-1,2163,2165,2177,-1,2280,2329,2278,-1,2278,2329,2145,-1,2278,2145,2276,-1,2276,2145,2144,-1,2276,2144,2239,-1,2331,2332,2298,-1,2298,2332,2333,-1,2298,2333,2190,-1,2190,2333,2334,-1,2190,2334,2188,-1,2188,2334,2330,-1,2188,2330,2186,-1,2186,2330,2184,-1,2309,2311,2313,-1,2290,2292,2329,-1,2329,2292,2294,-1,2329,2294,2190,-1,2190,2294,2296,-1,2190,2296,2298,-1,2198,2200,2237,-1,2237,2200,2202,-1,2237,2202,2235,-1,2235,2202,2204,-1,2235,2204,2233,-1,2233,2204,2231,-1,2224,2227,2204,-1,2204,2227,2229,-1,2204,2229,2231,-1,2208,2210,2206,-1,2206,2210,2221,-1,2206,2221,2204,-1,2204,2221,2223,-1,2204,2223,2224,-1,2212,2215,2221,-1,2221,2215,2217,-1,2221,2217,2219,-1,2179,2158,2177,-1,2177,2158,2161,-1,2177,2161,2163,-1,2177,2171,2175,-1,2175,2171,2173,-1,2313,2315,2309,-1,2309,2315,2317,-1,2309,2317,2306,-1,2306,2317,2319,-1,2306,2319,2320,-1,2165,2167,2177,-1,2177,2167,2169,-1,2177,2169,2171,-1,2274,2275,2335,-1,2187,2185,2336,-1,2258,2257,2268,-1,2268,2257,2254,-1,2268,2254,2271,-1,2250,2248,2337,-1,2337,2248,2246,-1,2271,2254,2337,-1,2337,2254,2252,-1,2337,2252,2250,-1,2277,2274,2240,-1,2240,2274,2335,-1,2240,2335,2243,-1,2243,2335,2337,-1,2243,2337,2244,-1,2244,2337,2246,-1,2338,2324,2322,-1,2264,2262,2260,-1,2160,2159,2180,-1,2230,2228,2205,-1,2289,2287,2339,-1,2339,2287,2285,-1,2180,2159,2183,-1,2159,2157,2183,-1,2183,2157,2155,-1,2183,2155,2185,-1,2185,2155,2153,-1,2149,2336,2148,-1,2148,2336,2185,-1,2148,2185,2151,-1,2151,2185,2153,-1,2258,2268,2260,-1,2260,2268,2266,-1,2260,2266,2264,-1,2230,2205,2232,-1,2301,2299,2191,-1,2191,2299,2297,-1,2166,2164,2176,-1,2203,2201,2236,-1,2236,2201,2199,-1,2236,2199,2197,-1,2340,2341,2303,-1,2174,2172,2170,-1,2180,2178,2160,-1,2160,2178,2176,-1,2160,2176,2162,-1,2162,2176,2164,-1,2220,2207,2222,-1,2222,2207,2205,-1,2203,2236,2205,-1,2205,2236,2234,-1,2205,2234,2232,-1,2341,2342,2303,-1,2303,2342,2343,-1,2303,2343,2305,-1,2305,2343,2307,-1,2295,2293,2339,-1,2339,2293,2291,-1,2339,2291,2289,-1,2220,2218,2216,-1,2216,2214,2220,-1,2220,2214,2213,-1,2220,2213,2207,-1,2207,2213,2211,-1,2207,2211,2209,-1,2228,2226,2205,-1,2205,2226,2225,-1,2205,2225,2222,-1,2187,2336,2189,-1,2189,2336,2340,-1,2189,2340,2191,-1,2191,2340,2303,-1,2191,2303,2301,-1,2297,2295,2191,-1,2191,2295,2339,-1,2191,2339,2193,-1,2193,2339,2236,-1,2193,2236,2195,-1,2195,2236,2197,-1,2285,2283,2339,-1,2339,2283,2281,-1,2339,2281,2141,-1,2141,2281,2279,-1,2141,2279,2142,-1,2142,2279,2277,-1,2142,2277,2241,-1,2241,2277,2240,-1,2174,2170,2176,-1,2176,2170,2168,-1,2176,2168,2166,-1,2314,2312,2343,-1,2322,2321,2338,-1,2338,2321,2318,-1,2338,2318,2343,-1,2343,2318,2316,-1,2343,2316,2314,-1,2312,2310,2343,-1,2343,2310,2308,-1,2343,2308,2307,-1,2344,2345,2346,-1,2344,2346,2347,-1,2347,2346,2348,-1,2347,2348,2349,-1,2349,2348,2350,-1,2349,2350,2351,-1,2351,2350,2352,-1,2351,2352,2353,-1,2353,2352,2354,-1,2353,2354,2355,-1,2355,2354,2356,-1,2355,2356,2357,-1,2358,2357,2359,-1,2359,2357,2356,-1,2360,2358,2361,-1,2361,2358,2359,-1,2362,2360,2363,-1,2363,2360,2361,-1,2364,2362,2365,-1,2365,2362,2363,-1,2364,2365,2366,-1,2366,2365,2367,-1,2366,2367,2368,-1,2368,2367,2369,-1,2368,2369,2370,-1,2370,2369,2371,-1,2370,2371,2372,-1,2372,2371,2373,-1,2372,2373,2374,-1,2374,2373,2375,-1,2376,2374,2377,-1,2377,2374,2375,-1,2378,2376,2379,-1,2379,2376,2377,-1,2380,2378,2381,-1,2381,2378,2379,-1,2382,2380,2383,-1,2383,2380,2381,-1,2384,2382,2385,-1,2385,2382,2383,-1,2386,2384,2387,-1,2387,2384,2385,-1,2388,2386,2389,-1,2389,2386,2387,-1,2390,2388,2391,-1,2391,2388,2389,-1,2392,2390,2393,-1,2393,2390,2391,-1,2392,2393,2394,-1,2392,2394,2395,-1,2395,2394,2396,-1,2395,2396,2397,-1,2397,2396,2398,-1,2397,2398,2399,-1,2399,2398,2400,-1,2399,2400,2401,-1,2401,2400,2402,-1,2401,2402,2403,-1,2403,2402,2404,-1,2403,2404,2405,-1,2405,2404,2406,-1,2405,2406,2407,-1,2408,2407,2409,-1,2409,2407,2406,-1,2410,2408,2411,-1,2411,2408,2409,-1,2412,2410,2413,-1,2413,2410,2411,-1,2412,2413,2414,-1,2414,2413,2415,-1,2414,2415,2416,-1,2416,2415,2417,-1,2416,2417,2418,-1,2418,2417,2419,-1,2418,2419,2420,-1,2420,2419,2421,-1,2420,2421,2422,-1,2422,2421,2423,-1,2422,2423,2424,-1,2424,2423,2425,-1,2424,2425,2426,-1,2426,2425,2427,-1,2426,2427,2428,-1,2428,2427,2429,-1,2428,2429,2430,-1,2430,2429,2431,-1,2430,2431,2432,-1,2432,2431,2433,-1,2432,2433,2434,-1,2434,2433,2435,-1,2434,2435,2436,-1,2436,2435,2437,-1,2438,2436,2439,-1,2439,2436,2437,-1,2440,2438,2441,-1,2441,2438,2439,-1,2344,2442,2345,-1,2345,2442,2443,-1,2357,2358,2344,-1,2380,2368,2370,-1,2444,2380,2382,-1,2366,2360,2364,-1,2364,2360,2362,-1,2438,2440,2445,-1,2442,2344,2446,-1,2446,2344,2358,-1,2446,2358,2444,-1,2444,2358,2360,-1,2444,2360,2380,-1,2380,2360,2366,-1,2380,2366,2368,-1,2376,2378,2374,-1,2374,2378,2380,-1,2374,2380,2372,-1,2372,2380,2370,-1,2414,2416,2388,-1,2403,2405,2392,-1,2349,2351,2353,-1,2438,2445,2436,-1,2436,2445,2444,-1,2436,2444,2434,-1,2344,2347,2357,-1,2357,2347,2349,-1,2357,2349,2355,-1,2355,2349,2353,-1,2388,2416,2386,-1,2395,2397,2399,-1,2405,2407,2392,-1,2392,2407,2408,-1,2392,2408,2390,-1,2390,2408,2410,-1,2390,2410,2388,-1,2388,2410,2412,-1,2388,2412,2414,-1,2395,2399,2392,-1,2392,2399,2401,-1,2392,2401,2403,-1,2428,2430,2444,-1,2444,2430,2432,-1,2444,2432,2434,-1,2416,2418,2386,-1,2386,2418,2420,-1,2386,2420,2384,-1,2384,2420,2422,-1,2384,2422,2382,-1,2382,2422,2424,-1,2382,2424,2444,-1,2444,2424,2426,-1,2444,2426,2428,-1,2383,2381,2447,-1,2381,2373,2371,-1,2369,2367,2361,-1,2361,2367,2365,-1,2361,2365,2363,-1,2346,2345,2356,-1,2356,2345,2359,-1,2371,2369,2381,-1,2381,2369,2361,-1,2381,2361,2447,-1,2447,2361,2359,-1,2447,2359,2448,-1,2448,2359,2345,-1,2448,2345,2443,-1,2411,2409,2406,-1,2379,2377,2381,-1,2381,2377,2375,-1,2381,2375,2373,-1,2352,2350,2348,-1,2404,2402,2393,-1,2346,2356,2348,-1,2348,2356,2354,-1,2348,2354,2352,-1,2402,2400,2393,-1,2393,2400,2398,-1,2393,2398,2394,-1,2394,2398,2396,-1,2417,2389,2419,-1,2419,2389,2387,-1,2437,2447,2439,-1,2439,2447,2449,-1,2439,2449,2441,-1,2437,2435,2447,-1,2447,2435,2433,-1,2447,2433,2431,-1,2417,2415,2389,-1,2389,2415,2413,-1,2389,2413,2391,-1,2391,2413,2411,-1,2391,2411,2393,-1,2393,2411,2406,-1,2393,2406,2404,-1,2431,2429,2447,-1,2447,2429,2427,-1,2447,2427,2383,-1,2383,2427,2425,-1,2383,2425,2385,-1,2385,2425,2423,-1,2385,2423,2387,-1,2387,2423,2421,-1,2387,2421,2419,-1,2450,2451,2452,-1,2452,2451,2453,-1,2454,2450,2455,-1,2455,2450,2452,-1,2454,2455,2456,-1,2454,2456,2457,-1,2457,2456,2458,-1,2457,2458,2459,-1,2459,2458,2460,-1,2459,2460,2461,-1,2461,2460,2462,-1,2461,2462,2463,-1,2463,2462,2464,-1,2463,2464,2465,-1,2466,2465,2467,-1,2467,2465,2464,-1,2468,2466,2469,-1,2469,2466,2467,-1,2468,2469,2470,-1,2468,2470,2471,-1,2471,2470,2472,-1,2471,2472,2473,-1,2473,2472,2474,-1,2473,2474,2475,-1,2475,2474,2476,-1,2475,2476,2477,-1,2477,2476,2478,-1,2477,2478,2479,-1,2479,2478,2480,-1,2479,2480,2481,-1,2482,2481,2483,-1,2483,2481,2480,-1,2482,2483,2484,-1,2482,2484,2485,-1,2485,2484,2486,-1,2485,2486,2487,-1,2487,2486,2488,-1,2487,2488,2489,-1,2489,2488,2490,-1,2489,2490,2491,-1,2491,2490,2492,-1,2491,2492,2493,-1,2493,2492,2494,-1,2493,2494,2495,-1,2496,2495,2497,-1,2497,2495,2494,-1,2496,2451,2450,-1,2466,2468,2481,-1,2496,2450,2465,-1,2465,2450,2454,-1,2465,2454,2457,-1,2457,2459,2465,-1,2465,2459,2461,-1,2465,2461,2463,-1,2465,2466,2496,-1,2496,2466,2481,-1,2496,2481,2495,-1,2495,2481,2482,-1,2495,2482,2485,-1,2473,2475,2471,-1,2471,2475,2477,-1,2471,2477,2468,-1,2468,2477,2479,-1,2468,2479,2481,-1,2485,2487,2495,-1,2495,2487,2489,-1,2495,2489,2493,-1,2493,2489,2491,-1,2452,2453,2497,-1,2452,2497,2455,-1,2484,2483,2494,-1,2458,2456,2455,-1,2494,2483,2497,-1,2497,2483,2480,-1,2497,2480,2469,-1,2458,2455,2460,-1,2492,2490,2488,-1,2480,2478,2469,-1,2469,2478,2476,-1,2469,2476,2470,-1,2470,2476,2474,-1,2470,2474,2472,-1,2469,2467,2497,-1,2497,2467,2464,-1,2497,2464,2455,-1,2455,2464,2462,-1,2455,2462,2460,-1,2492,2488,2494,-1,2494,2488,2486,-1,2494,2486,2484,-1,2498,2499,2500,-1,2500,2499,2501,-1,2502,2503,2504,-1,2504,2503,2505,-1,2502,2504,2506,-1,2506,2504,2507,-1,2506,2507,2508,-1,2508,2507,2509,-1,2508,2509,2510,-1,2510,2509,2511,-1,2510,2511,2512,-1,2512,2511,2513,-1,2512,2513,2514,-1,2514,2513,2515,-1,2514,2515,2516,-1,2514,2516,2517,-1,2517,2516,2518,-1,2517,2518,2519,-1,2519,2518,2520,-1,2519,2520,2521,-1,2521,2520,2522,-1,2521,2522,2523,-1,2523,2522,2524,-1,2523,2524,2525,-1,2525,2524,2526,-1,2525,2526,2527,-1,2527,2526,2528,-1,2527,2528,2529,-1,2529,2528,2530,-1,2529,2530,2531,-1,2531,2530,2532,-1,2531,2532,2533,-1,2533,2532,2534,-1,2533,2534,2535,-1,2535,2534,2536,-1,2535,2536,2537,-1,2538,2537,2539,-1,2539,2537,2536,-1,2538,2539,2540,-1,2540,2539,2541,-1,2540,2541,2542,-1,2542,2541,2543,-1,2542,2543,2544,-1,2544,2543,2545,-1,2544,2545,2546,-1,2546,2545,2547,-1,2546,2547,2548,-1,2548,2547,2549,-1,2548,2549,2550,-1,2550,2549,2551,-1,2552,2550,2553,-1,2553,2550,2551,-1,2552,2553,2554,-1,2554,2553,2555,-1,2554,2555,2556,-1,2556,2555,2557,-1,2556,2557,2558,-1,2558,2557,2559,-1,2558,2559,2560,-1,2560,2559,2561,-1,2560,2561,2562,-1,2562,2561,2563,-1,2562,2563,2564,-1,2564,2563,2565,-1,2566,2564,2567,-1,2567,2564,2565,-1,2568,2566,2569,-1,2569,2566,2567,-1,2568,2569,2570,-1,2568,2570,2571,-1,2571,2570,2572,-1,2571,2572,2573,-1,2573,2572,2574,-1,2573,2574,2575,-1,2575,2574,2576,-1,2575,2576,2577,-1,2577,2576,2578,-1,2577,2578,2579,-1,2580,2579,2581,-1,2581,2579,2578,-1,2580,2581,2582,-1,2580,2582,2583,-1,2583,2582,2584,-1,2583,2584,2585,-1,2585,2584,2586,-1,2585,2586,2587,-1,2587,2586,2588,-1,2587,2588,2589,-1,2589,2588,2590,-1,2589,2590,2591,-1,2591,2590,2592,-1,2591,2592,2593,-1,2594,2595,2596,-1,2596,2595,2597,-1,2598,2594,2599,-1,2599,2594,2596,-1,2598,2599,2600,-1,2598,2600,2601,-1,2601,2600,2602,-1,2601,2602,2603,-1,2603,2602,2604,-1,2603,2604,2605,-1,2605,2604,2606,-1,2605,2606,2607,-1,2607,2606,2608,-1,2607,2608,2609,-1,2609,2608,2610,-1,2609,2610,2611,-1,2612,2611,2613,-1,2613,2611,2610,-1,2612,2613,2614,-1,2612,2614,2615,-1,2615,2614,2616,-1,2615,2616,2617,-1,2617,2616,2618,-1,2617,2618,2619,-1,2619,2618,2620,-1,2619,2620,2621,-1,2621,2620,2622,-1,2621,2622,2623,-1,2623,2622,2624,-1,2623,2624,2625,-1,2626,2625,2627,-1,2627,2625,2624,-1,2628,2629,2630,-1,2630,2629,2631,-1,2632,2628,2633,-1,2633,2628,2630,-1,2634,2632,2635,-1,2635,2632,2633,-1,2634,2635,2636,-1,2636,2635,2637,-1,2636,2637,2638,-1,2638,2637,2639,-1,2638,2639,2640,-1,2640,2639,2641,-1,2640,2641,2642,-1,2642,2641,2643,-1,2642,2643,2644,-1,2644,2643,2645,-1,2644,2645,2646,-1,2646,2645,2647,-1,2648,2646,2649,-1,2649,2646,2647,-1,2648,2649,2650,-1,2650,2649,2651,-1,2650,2651,2652,-1,2652,2651,2653,-1,2652,2653,2654,-1,2654,2653,2655,-1,2654,2655,2656,-1,2656,2655,2657,-1,2656,2657,2658,-1,2658,2657,2659,-1,2658,2659,2660,-1,2660,2659,2661,-1,2662,2660,2663,-1,2663,2660,2661,-1,2662,2663,2664,-1,2662,2664,2665,-1,2665,2664,2666,-1,2665,2666,2667,-1,2667,2666,2668,-1,2667,2668,2669,-1,2669,2668,2670,-1,2669,2670,2671,-1,2671,2670,2672,-1,2671,2672,2673,-1,2673,2672,2674,-1,2673,2674,2675,-1,2676,2675,2677,-1,2677,2675,2674,-1,2676,2677,2678,-1,2676,2678,2679,-1,2679,2678,2680,-1,2679,2680,2681,-1,2625,2626,2682,-1,2612,2625,2611,-1,2611,2625,2682,-1,2611,2682,2609,-1,2609,2682,2607,-1,2683,2594,2682,-1,2682,2594,2598,-1,2682,2598,2601,-1,2632,2595,2628,-1,2628,2595,2594,-1,2628,2594,2629,-1,2629,2594,2683,-1,2601,2603,2682,-1,2682,2603,2605,-1,2682,2605,2607,-1,2684,2658,2660,-1,2685,2546,2548,-1,2617,2619,2621,-1,2686,2503,2540,-1,2540,2503,2502,-1,2612,2615,2625,-1,2625,2615,2617,-1,2625,2617,2623,-1,2623,2617,2621,-1,2636,2638,2685,-1,2685,2638,2640,-1,2552,2554,2593,-1,2502,2506,2540,-1,2540,2506,2508,-1,2540,2508,2538,-1,2681,2684,2679,-1,2679,2684,2660,-1,2679,2660,2676,-1,2676,2660,2662,-1,2508,2510,2538,-1,2538,2510,2512,-1,2538,2512,2537,-1,2537,2512,2514,-1,2537,2514,2535,-1,2640,2642,2685,-1,2685,2642,2644,-1,2685,2644,2646,-1,2658,2684,2656,-1,2656,2684,2687,-1,2656,2687,2654,-1,2685,2548,2593,-1,2593,2548,2550,-1,2593,2550,2552,-1,2566,2568,2577,-1,2519,2521,2533,-1,2636,2685,2634,-1,2634,2685,2498,-1,2634,2498,2632,-1,2632,2498,2500,-1,2632,2500,2595,-1,2687,2688,2654,-1,2654,2688,2689,-1,2654,2689,2546,-1,2546,2689,2690,-1,2546,2690,2544,-1,2544,2690,2686,-1,2544,2686,2542,-1,2542,2686,2540,-1,2665,2667,2669,-1,2646,2648,2685,-1,2685,2648,2650,-1,2685,2650,2546,-1,2546,2650,2652,-1,2546,2652,2654,-1,2554,2556,2593,-1,2593,2556,2558,-1,2593,2558,2591,-1,2591,2558,2560,-1,2591,2560,2589,-1,2589,2560,2587,-1,2580,2583,2560,-1,2560,2583,2585,-1,2560,2585,2587,-1,2564,2566,2562,-1,2562,2566,2577,-1,2562,2577,2560,-1,2560,2577,2579,-1,2560,2579,2580,-1,2568,2571,2577,-1,2577,2571,2573,-1,2577,2573,2575,-1,2535,2514,2533,-1,2533,2514,2517,-1,2533,2517,2519,-1,2533,2527,2531,-1,2531,2527,2529,-1,2669,2671,2665,-1,2665,2671,2673,-1,2665,2673,2662,-1,2662,2673,2675,-1,2662,2675,2676,-1,2521,2523,2533,-1,2533,2523,2525,-1,2533,2525,2527,-1,2630,2631,2691,-1,2543,2541,2692,-1,2614,2613,2624,-1,2624,2613,2610,-1,2624,2610,2627,-1,2606,2604,2693,-1,2693,2604,2602,-1,2627,2610,2693,-1,2693,2610,2608,-1,2693,2608,2606,-1,2633,2630,2596,-1,2596,2630,2691,-1,2596,2691,2599,-1,2599,2691,2693,-1,2599,2693,2600,-1,2600,2693,2602,-1,2694,2680,2678,-1,2620,2618,2616,-1,2516,2515,2536,-1,2586,2584,2561,-1,2645,2643,2695,-1,2695,2643,2641,-1,2536,2515,2539,-1,2515,2513,2539,-1,2539,2513,2511,-1,2539,2511,2541,-1,2541,2511,2509,-1,2505,2692,2504,-1,2504,2692,2541,-1,2504,2541,2507,-1,2507,2541,2509,-1,2614,2624,2616,-1,2616,2624,2622,-1,2616,2622,2620,-1,2586,2561,2588,-1,2657,2655,2547,-1,2547,2655,2653,-1,2522,2520,2532,-1,2559,2557,2592,-1,2592,2557,2555,-1,2592,2555,2553,-1,2696,2697,2659,-1,2530,2528,2526,-1,2536,2534,2516,-1,2516,2534,2532,-1,2516,2532,2518,-1,2518,2532,2520,-1,2576,2563,2578,-1,2578,2563,2561,-1,2559,2592,2561,-1,2561,2592,2590,-1,2561,2590,2588,-1,2697,2698,2659,-1,2659,2698,2699,-1,2659,2699,2661,-1,2661,2699,2663,-1,2651,2649,2695,-1,2695,2649,2647,-1,2695,2647,2645,-1,2576,2574,2572,-1,2572,2570,2576,-1,2576,2570,2569,-1,2576,2569,2563,-1,2563,2569,2567,-1,2563,2567,2565,-1,2584,2582,2561,-1,2561,2582,2581,-1,2561,2581,2578,-1,2543,2692,2545,-1,2545,2692,2696,-1,2545,2696,2547,-1,2547,2696,2659,-1,2547,2659,2657,-1,2653,2651,2547,-1,2547,2651,2695,-1,2547,2695,2549,-1,2549,2695,2592,-1,2549,2592,2551,-1,2551,2592,2553,-1,2641,2639,2695,-1,2695,2639,2637,-1,2695,2637,2499,-1,2499,2637,2635,-1,2499,2635,2501,-1,2501,2635,2633,-1,2501,2633,2597,-1,2597,2633,2596,-1,2530,2526,2532,-1,2532,2526,2524,-1,2532,2524,2522,-1,2670,2668,2699,-1,2678,2677,2694,-1,2694,2677,2674,-1,2694,2674,2699,-1,2699,2674,2672,-1,2699,2672,2670,-1,2668,2666,2699,-1,2699,2666,2664,-1,2699,2664,2663,-1,2700,2701,2702,-1,2700,2702,2703,-1,2703,2702,2704,-1,2703,2704,2705,-1,2705,2704,2706,-1,2705,2706,2707,-1,2707,2706,2708,-1,2707,2708,2709,-1,2709,2708,2710,-1,2709,2710,2711,-1,2711,2710,2712,-1,2711,2712,2713,-1,2714,2713,2715,-1,2715,2713,2712,-1,2716,2714,2717,-1,2717,2714,2715,-1,2718,2716,2719,-1,2719,2716,2717,-1,2720,2718,2721,-1,2721,2718,2719,-1,2720,2721,2722,-1,2722,2721,2723,-1,2722,2723,2724,-1,2724,2723,2725,-1,2724,2725,2726,-1,2726,2725,2727,-1,2726,2727,2728,-1,2728,2727,2729,-1,2728,2729,2730,-1,2730,2729,2731,-1,2732,2730,2733,-1,2733,2730,2731,-1,2734,2732,2735,-1,2735,2732,2733,-1,2736,2734,2737,-1,2737,2734,2735,-1,2738,2736,2739,-1,2739,2736,2737,-1,2740,2738,2741,-1,2741,2738,2739,-1,2742,2740,2743,-1,2743,2740,2741,-1,2744,2742,2745,-1,2745,2742,2743,-1,2746,2744,2747,-1,2747,2744,2745,-1,2748,2746,2749,-1,2749,2746,2747,-1,2748,2749,2750,-1,2748,2750,2751,-1,2751,2750,2752,-1,2751,2752,2753,-1,2753,2752,2754,-1,2753,2754,2755,-1,2755,2754,2756,-1,2755,2756,2757,-1,2757,2756,2758,-1,2757,2758,2759,-1,2759,2758,2760,-1,2759,2760,2761,-1,2761,2760,2762,-1,2761,2762,2763,-1,2764,2763,2765,-1,2765,2763,2762,-1,2766,2764,2767,-1,2767,2764,2765,-1,2768,2766,2769,-1,2769,2766,2767,-1,2768,2769,2770,-1,2770,2769,2771,-1,2770,2771,2772,-1,2772,2771,2773,-1,2772,2773,2774,-1,2774,2773,2775,-1,2774,2775,2776,-1,2776,2775,2777,-1,2776,2777,2778,-1,2778,2777,2779,-1,2778,2779,2780,-1,2780,2779,2781,-1,2780,2781,2782,-1,2782,2781,2783,-1,2782,2783,2784,-1,2784,2783,2785,-1,2784,2785,2786,-1,2786,2785,2787,-1,2786,2787,2788,-1,2788,2787,2789,-1,2788,2789,2790,-1,2790,2789,2791,-1,2790,2791,2792,-1,2792,2791,2793,-1,2794,2792,2795,-1,2795,2792,2793,-1,2796,2794,2797,-1,2797,2794,2795,-1,2700,2798,2701,-1,2701,2798,2799,-1,2713,2714,2700,-1,2736,2724,2726,-1,2800,2736,2738,-1,2722,2716,2720,-1,2720,2716,2718,-1,2794,2796,2801,-1,2798,2700,2802,-1,2802,2700,2714,-1,2802,2714,2800,-1,2800,2714,2716,-1,2800,2716,2736,-1,2736,2716,2722,-1,2736,2722,2724,-1,2732,2734,2730,-1,2730,2734,2736,-1,2730,2736,2728,-1,2728,2736,2726,-1,2770,2772,2744,-1,2759,2761,2748,-1,2705,2707,2709,-1,2794,2801,2792,-1,2792,2801,2800,-1,2792,2800,2790,-1,2700,2703,2713,-1,2713,2703,2705,-1,2713,2705,2711,-1,2711,2705,2709,-1,2744,2772,2742,-1,2751,2753,2755,-1,2761,2763,2748,-1,2748,2763,2764,-1,2748,2764,2746,-1,2746,2764,2766,-1,2746,2766,2744,-1,2744,2766,2768,-1,2744,2768,2770,-1,2751,2755,2748,-1,2748,2755,2757,-1,2748,2757,2759,-1,2784,2786,2800,-1,2800,2786,2788,-1,2800,2788,2790,-1,2772,2774,2742,-1,2742,2774,2776,-1,2742,2776,2740,-1,2740,2776,2778,-1,2740,2778,2738,-1,2738,2778,2780,-1,2738,2780,2800,-1,2800,2780,2782,-1,2800,2782,2784,-1,2739,2737,2803,-1,2737,2729,2727,-1,2725,2723,2717,-1,2717,2723,2721,-1,2717,2721,2719,-1,2702,2701,2712,-1,2712,2701,2715,-1,2727,2725,2737,-1,2737,2725,2717,-1,2737,2717,2803,-1,2803,2717,2715,-1,2803,2715,2804,-1,2804,2715,2701,-1,2804,2701,2799,-1,2767,2765,2762,-1,2735,2733,2737,-1,2737,2733,2731,-1,2737,2731,2729,-1,2708,2706,2704,-1,2760,2758,2749,-1,2702,2712,2704,-1,2704,2712,2710,-1,2704,2710,2708,-1,2758,2756,2749,-1,2749,2756,2754,-1,2749,2754,2750,-1,2750,2754,2752,-1,2773,2745,2775,-1,2775,2745,2743,-1,2793,2803,2795,-1,2795,2803,2805,-1,2795,2805,2797,-1,2793,2791,2803,-1,2803,2791,2789,-1,2803,2789,2787,-1,2773,2771,2745,-1,2745,2771,2769,-1,2745,2769,2747,-1,2747,2769,2767,-1,2747,2767,2749,-1,2749,2767,2762,-1,2749,2762,2760,-1,2787,2785,2803,-1,2803,2785,2783,-1,2803,2783,2739,-1,2739,2783,2781,-1,2739,2781,2741,-1,2741,2781,2779,-1,2741,2779,2743,-1,2743,2779,2777,-1,2743,2777,2775,-1,2806,2807,2808,-1,2808,2807,2809,-1,2810,2806,2811,-1,2811,2806,2808,-1,2810,2811,2812,-1,2810,2812,2813,-1,2813,2812,2814,-1,2813,2814,2815,-1,2815,2814,2816,-1,2815,2816,2817,-1,2817,2816,2818,-1,2817,2818,2819,-1,2819,2818,2820,-1,2819,2820,2821,-1,2822,2821,2823,-1,2823,2821,2820,-1,2824,2822,2825,-1,2825,2822,2823,-1,2824,2825,2826,-1,2824,2826,2827,-1,2827,2826,2828,-1,2827,2828,2829,-1,2829,2828,2830,-1,2829,2830,2831,-1,2831,2830,2832,-1,2831,2832,2833,-1,2833,2832,2834,-1,2833,2834,2835,-1,2835,2834,2836,-1,2835,2836,2837,-1,2838,2837,2839,-1,2839,2837,2836,-1,2838,2839,2840,-1,2838,2840,2841,-1,2841,2840,2842,-1,2841,2842,2843,-1,2843,2842,2844,-1,2843,2844,2845,-1,2845,2844,2846,-1,2845,2846,2847,-1,2847,2846,2848,-1,2847,2848,2849,-1,2849,2848,2850,-1,2849,2850,2851,-1,2852,2851,2853,-1,2853,2851,2850,-1,2852,2807,2806,-1,2822,2824,2837,-1,2852,2806,2821,-1,2821,2806,2810,-1,2821,2810,2813,-1,2813,2815,2821,-1,2821,2815,2817,-1,2821,2817,2819,-1,2821,2822,2852,-1,2852,2822,2837,-1,2852,2837,2851,-1,2851,2837,2838,-1,2851,2838,2841,-1,2829,2831,2827,-1,2827,2831,2833,-1,2827,2833,2824,-1,2824,2833,2835,-1,2824,2835,2837,-1,2841,2843,2851,-1,2851,2843,2845,-1,2851,2845,2849,-1,2849,2845,2847,-1,2808,2809,2853,-1,2808,2853,2811,-1,2840,2839,2850,-1,2814,2812,2811,-1,2850,2839,2853,-1,2853,2839,2836,-1,2853,2836,2825,-1,2814,2811,2816,-1,2848,2846,2844,-1,2836,2834,2825,-1,2825,2834,2832,-1,2825,2832,2826,-1,2826,2832,2830,-1,2826,2830,2828,-1,2825,2823,2853,-1,2853,2823,2820,-1,2853,2820,2811,-1,2811,2820,2818,-1,2811,2818,2816,-1,2848,2844,2850,-1,2850,2844,2842,-1,2850,2842,2840,-1,2854,2855,2856,-1,2856,2855,2857,-1,2856,2857,2858,-1,2859,2860,2861,-1,2861,2860,2862,-1,2859,2861,2863,-1,2863,2861,2864,-1,2863,2864,2865,-1,2865,2864,2866,-1,2865,2866,2867,-1,2867,2866,2868,-1,2867,2868,2869,-1,2869,2868,2870,-1,2869,2870,2871,-1,2871,2870,2872,-1,2871,2872,2873,-1,2871,2873,2874,-1,2874,2873,2875,-1,2874,2875,2876,-1,2876,2875,2877,-1,2876,2877,2878,-1,2878,2877,2879,-1,2878,2879,2880,-1,2880,2879,2881,-1,2880,2881,2882,-1,2882,2881,2883,-1,2882,2883,2884,-1,2884,2883,2885,-1,2884,2885,2886,-1,2886,2885,2887,-1,2886,2887,2888,-1,2888,2887,2889,-1,2888,2889,2890,-1,2890,2889,2891,-1,2890,2891,2892,-1,2892,2891,2893,-1,2892,2893,2894,-1,2895,2894,2896,-1,2896,2894,2893,-1,2895,2896,2897,-1,2897,2896,2898,-1,2897,2898,2899,-1,2899,2898,2900,-1,2899,2900,2901,-1,2901,2900,2902,-1,2901,2902,2903,-1,2903,2902,2904,-1,2903,2904,2905,-1,2905,2904,2906,-1,2905,2906,2907,-1,2907,2906,2908,-1,2909,2907,2910,-1,2910,2907,2908,-1,2909,2910,2911,-1,2911,2910,2912,-1,2911,2912,2913,-1,2913,2912,2914,-1,2913,2914,2915,-1,2915,2914,2916,-1,2915,2916,2917,-1,2917,2916,2918,-1,2917,2918,2919,-1,2919,2918,2920,-1,2919,2920,2921,-1,2921,2920,2922,-1,2923,2921,2924,-1,2924,2921,2922,-1,2925,2923,2926,-1,2926,2923,2924,-1,2925,2926,2927,-1,2925,2927,2928,-1,2928,2927,2929,-1,2928,2929,2930,-1,2930,2929,2931,-1,2930,2931,2932,-1,2932,2931,2933,-1,2932,2933,2934,-1,2934,2933,2935,-1,2934,2935,2936,-1,2937,2936,2938,-1,2938,2936,2935,-1,2937,2938,2939,-1,2937,2939,2940,-1,2940,2939,2941,-1,2940,2941,2942,-1,2942,2941,2943,-1,2942,2943,2944,-1,2944,2943,2945,-1,2944,2945,2946,-1,2946,2945,2947,-1,2946,2947,2948,-1,2948,2947,2949,-1,2948,2949,2950,-1,2951,2952,2953,-1,2953,2952,2954,-1,2955,2951,2956,-1,2956,2951,2953,-1,2955,2956,2957,-1,2955,2957,2958,-1,2958,2957,2959,-1,2958,2959,2960,-1,2960,2959,2961,-1,2960,2961,2962,-1,2962,2961,2963,-1,2962,2963,2964,-1,2964,2963,2965,-1,2964,2965,2966,-1,2966,2965,2967,-1,2966,2967,2968,-1,2969,2968,2970,-1,2970,2968,2967,-1,2969,2970,2971,-1,2969,2971,2972,-1,2972,2971,2973,-1,2972,2973,2974,-1,2974,2973,2975,-1,2974,2975,2976,-1,2976,2975,2977,-1,2976,2977,2978,-1,2978,2977,2979,-1,2978,2979,2980,-1,2980,2979,2981,-1,2980,2981,2982,-1,2983,2982,2984,-1,2984,2982,2981,-1,2985,2986,2987,-1,2987,2986,2988,-1,2989,2985,2990,-1,2990,2985,2987,-1,2991,2989,2992,-1,2992,2989,2990,-1,2991,2992,2993,-1,2993,2992,2994,-1,2993,2994,2995,-1,2995,2994,2996,-1,2995,2996,2997,-1,2997,2996,2998,-1,2997,2998,2999,-1,2999,2998,3000,-1,2999,3000,3001,-1,3001,3000,3002,-1,3001,3002,3003,-1,3003,3002,3004,-1,3005,3003,3006,-1,3006,3003,3004,-1,3005,3006,3007,-1,3007,3006,3008,-1,3007,3008,3009,-1,3009,3008,3010,-1,3009,3010,3011,-1,3011,3010,3012,-1,3011,3012,3013,-1,3013,3012,3014,-1,3013,3014,3015,-1,3015,3014,3016,-1,3015,3016,3017,-1,3017,3016,3018,-1,3019,3017,3020,-1,3020,3017,3018,-1,3019,3020,3021,-1,3019,3021,3022,-1,3022,3021,3023,-1,3022,3023,3024,-1,3024,3023,3025,-1,3024,3025,3026,-1,3026,3025,3027,-1,3026,3027,3028,-1,3028,3027,3029,-1,3028,3029,3030,-1,3030,3029,3031,-1,3030,3031,3032,-1,3033,3032,3034,-1,3034,3032,3031,-1,3033,3034,3035,-1,3033,3035,3036,-1,3036,3035,3037,-1,3036,3037,3038,-1,2982,2983,3039,-1,2969,2982,2968,-1,2968,2982,3039,-1,2968,3039,2966,-1,2966,3039,2964,-1,3040,2951,3039,-1,3039,2951,2955,-1,3039,2955,2958,-1,2989,2952,2985,-1,2985,2952,2951,-1,2985,2951,2986,-1,2986,2951,3040,-1,2958,2960,3039,-1,3039,2960,2962,-1,3039,2962,2964,-1,3041,3015,3017,-1,3042,2903,2905,-1,2974,2976,2978,-1,3043,2860,2897,-1,2897,2860,2859,-1,2969,2972,2982,-1,2982,2972,2974,-1,2982,2974,2980,-1,2980,2974,2978,-1,2993,2995,3042,-1,3042,2995,2997,-1,2909,2911,2950,-1,2859,2863,2897,-1,2897,2863,2865,-1,2897,2865,2895,-1,3038,3041,3036,-1,3036,3041,3017,-1,3036,3017,3033,-1,3033,3017,3019,-1,2865,2867,2895,-1,2895,2867,2869,-1,2895,2869,2894,-1,2894,2869,2871,-1,2894,2871,2892,-1,2997,2999,3042,-1,3042,2999,3001,-1,3042,3001,3003,-1,3015,3041,3013,-1,3013,3041,3044,-1,3013,3044,3011,-1,3042,2905,2950,-1,2950,2905,2907,-1,2950,2907,2909,-1,2923,2925,2934,-1,2876,2878,2890,-1,2993,3042,2991,-1,2991,3042,2858,-1,2991,2858,2989,-1,2989,2858,2857,-1,2989,2857,2952,-1,3044,3045,3011,-1,3011,3045,3046,-1,3011,3046,2903,-1,2903,3046,3047,-1,2903,3047,2901,-1,2901,3047,3043,-1,2901,3043,2899,-1,2899,3043,2897,-1,3022,3024,3026,-1,3003,3005,3042,-1,3042,3005,3007,-1,3042,3007,2903,-1,2903,3007,3009,-1,2903,3009,3011,-1,2911,2913,2950,-1,2950,2913,2915,-1,2950,2915,2948,-1,2948,2915,2917,-1,2948,2917,2946,-1,2946,2917,2944,-1,2937,2940,2917,-1,2917,2940,2942,-1,2917,2942,2944,-1,2921,2923,2919,-1,2919,2923,2934,-1,2919,2934,2917,-1,2917,2934,2936,-1,2917,2936,2937,-1,2925,2928,2934,-1,2934,2928,2930,-1,2934,2930,2932,-1,2892,2871,2890,-1,2890,2871,2874,-1,2890,2874,2876,-1,2890,2884,2888,-1,2888,2884,2886,-1,3026,3028,3022,-1,3022,3028,3030,-1,3022,3030,3019,-1,3019,3030,3032,-1,3019,3032,3033,-1,2878,2880,2890,-1,2890,2880,2882,-1,2890,2882,2884,-1,2987,2988,3048,-1,2900,2898,3049,-1,2971,2970,2981,-1,2981,2970,2967,-1,2981,2967,2984,-1,2963,2961,3050,-1,3050,2961,2959,-1,2984,2967,3050,-1,3050,2967,2965,-1,3050,2965,2963,-1,2990,2987,2953,-1,2953,2987,3048,-1,2953,3048,2956,-1,2956,3048,3050,-1,2956,3050,2957,-1,2957,3050,2959,-1,3051,3037,3035,-1,2977,2975,2973,-1,2873,2872,2893,-1,2943,2941,2918,-1,3002,3000,3052,-1,3052,3000,2998,-1,2893,2872,2896,-1,2872,2870,2896,-1,2896,2870,2868,-1,2896,2868,2898,-1,2898,2868,2866,-1,2862,3049,2861,-1,2861,3049,2898,-1,2861,2898,2864,-1,2864,2898,2866,-1,2971,2981,2973,-1,2973,2981,2979,-1,2973,2979,2977,-1,2943,2918,2945,-1,3014,3012,2904,-1,2904,3012,3010,-1,2879,2877,2889,-1,2916,2914,2949,-1,2949,2914,2912,-1,2949,2912,2910,-1,3053,3054,3016,-1,2887,2885,2883,-1,2893,2891,2873,-1,2873,2891,2889,-1,2873,2889,2875,-1,2875,2889,2877,-1,2933,2920,2935,-1,2935,2920,2918,-1,2916,2949,2918,-1,2918,2949,2947,-1,2918,2947,2945,-1,3054,3055,3016,-1,3016,3055,3056,-1,3016,3056,3018,-1,3018,3056,3020,-1,3008,3006,3052,-1,3052,3006,3004,-1,3052,3004,3002,-1,2933,2931,2929,-1,2929,2927,2933,-1,2933,2927,2926,-1,2933,2926,2920,-1,2920,2926,2924,-1,2920,2924,2922,-1,2941,2939,2918,-1,2918,2939,2938,-1,2918,2938,2935,-1,2900,3049,2902,-1,2902,3049,3053,-1,2902,3053,2904,-1,2904,3053,3016,-1,2904,3016,3014,-1,3010,3008,2904,-1,2904,3008,3052,-1,2904,3052,2906,-1,2906,3052,2949,-1,2906,2949,2908,-1,2908,2949,2910,-1,2998,2996,3052,-1,3052,2996,2994,-1,3052,2994,2854,-1,2854,2994,2992,-1,2854,2992,2855,-1,2855,2992,2990,-1,2855,2990,2954,-1,2954,2990,2953,-1,2887,2883,2889,-1,2889,2883,2881,-1,2889,2881,2879,-1,3027,3025,3056,-1,3035,3034,3051,-1,3051,3034,3031,-1,3051,3031,3056,-1,3056,3031,3029,-1,3056,3029,3027,-1,3025,3023,3056,-1,3056,3023,3021,-1,3056,3021,3020,-1,3057,3058,3059,-1,3057,3059,3060,-1,3060,3059,3061,-1,3060,3061,3062,-1,3062,3061,3063,-1,3062,3063,3064,-1,3064,3063,3065,-1,3064,3065,3066,-1,3066,3065,3067,-1,3066,3067,3068,-1,3068,3067,3069,-1,3068,3069,3070,-1,3071,3070,3072,-1,3072,3070,3069,-1,3073,3071,3074,-1,3074,3071,3072,-1,3075,3073,3076,-1,3076,3073,3074,-1,3077,3075,3078,-1,3078,3075,3076,-1,3077,3078,3079,-1,3079,3078,3080,-1,3079,3080,3081,-1,3081,3080,3082,-1,3081,3082,3083,-1,3083,3082,3084,-1,3083,3084,3085,-1,3085,3084,3086,-1,3085,3086,3087,-1,3087,3086,3088,-1,3089,3087,3090,-1,3090,3087,3088,-1,3091,3089,3092,-1,3092,3089,3090,-1,3093,3091,3094,-1,3094,3091,3092,-1,3095,3093,3096,-1,3096,3093,3094,-1,3097,3095,3098,-1,3098,3095,3096,-1,3099,3097,3100,-1,3100,3097,3098,-1,3101,3099,3102,-1,3102,3099,3100,-1,3103,3101,3104,-1,3104,3101,3102,-1,3105,3103,3106,-1,3106,3103,3104,-1,3105,3106,3107,-1,3105,3107,3108,-1,3108,3107,3109,-1,3108,3109,3110,-1,3110,3109,3111,-1,3110,3111,3112,-1,3112,3111,3113,-1,3112,3113,3114,-1,3114,3113,3115,-1,3114,3115,3116,-1,3116,3115,3117,-1,3116,3117,3118,-1,3118,3117,3119,-1,3118,3119,3120,-1,3121,3120,3122,-1,3122,3120,3119,-1,3123,3121,3124,-1,3124,3121,3122,-1,3125,3123,3126,-1,3126,3123,3124,-1,3125,3126,3127,-1,3127,3126,3128,-1,3127,3128,3129,-1,3129,3128,3130,-1,3129,3130,3131,-1,3131,3130,3132,-1,3131,3132,3133,-1,3133,3132,3134,-1,3133,3134,3135,-1,3135,3134,3136,-1,3135,3136,3137,-1,3137,3136,3138,-1,3137,3138,3139,-1,3139,3138,3140,-1,3139,3140,3141,-1,3141,3140,3142,-1,3141,3142,3143,-1,3143,3142,3144,-1,3143,3144,3145,-1,3145,3144,3146,-1,3145,3146,3147,-1,3147,3146,3148,-1,3147,3148,3149,-1,3149,3148,3150,-1,3151,3149,3152,-1,3152,3149,3150,-1,3153,3151,3154,-1,3154,3151,3152,-1,3057,3155,3058,-1,3058,3155,3156,-1,3070,3071,3057,-1,3093,3081,3083,-1,3157,3093,3095,-1,3079,3073,3077,-1,3077,3073,3075,-1,3151,3153,3158,-1,3155,3057,3159,-1,3159,3057,3071,-1,3159,3071,3157,-1,3157,3071,3073,-1,3157,3073,3093,-1,3093,3073,3079,-1,3093,3079,3081,-1,3089,3091,3087,-1,3087,3091,3093,-1,3087,3093,3085,-1,3085,3093,3083,-1,3127,3129,3101,-1,3116,3118,3105,-1,3062,3064,3066,-1,3151,3158,3149,-1,3149,3158,3157,-1,3149,3157,3147,-1,3057,3060,3070,-1,3070,3060,3062,-1,3070,3062,3068,-1,3068,3062,3066,-1,3101,3129,3099,-1,3108,3110,3112,-1,3118,3120,3105,-1,3105,3120,3121,-1,3105,3121,3103,-1,3103,3121,3123,-1,3103,3123,3101,-1,3101,3123,3125,-1,3101,3125,3127,-1,3108,3112,3105,-1,3105,3112,3114,-1,3105,3114,3116,-1,3141,3143,3157,-1,3157,3143,3145,-1,3157,3145,3147,-1,3129,3131,3099,-1,3099,3131,3133,-1,3099,3133,3097,-1,3097,3133,3135,-1,3097,3135,3095,-1,3095,3135,3137,-1,3095,3137,3157,-1,3157,3137,3139,-1,3157,3139,3141,-1,3096,3094,3160,-1,3094,3086,3084,-1,3082,3080,3074,-1,3074,3080,3078,-1,3074,3078,3076,-1,3059,3058,3069,-1,3069,3058,3072,-1,3084,3082,3094,-1,3094,3082,3074,-1,3094,3074,3160,-1,3160,3074,3072,-1,3160,3072,3161,-1,3161,3072,3058,-1,3161,3058,3156,-1,3124,3122,3119,-1,3092,3090,3094,-1,3094,3090,3088,-1,3094,3088,3086,-1,3065,3063,3061,-1,3117,3115,3106,-1,3059,3069,3061,-1,3061,3069,3067,-1,3061,3067,3065,-1,3115,3113,3106,-1,3106,3113,3111,-1,3106,3111,3107,-1,3107,3111,3109,-1,3130,3102,3132,-1,3132,3102,3100,-1,3150,3160,3152,-1,3152,3160,3162,-1,3152,3162,3154,-1,3150,3148,3160,-1,3160,3148,3146,-1,3160,3146,3144,-1,3130,3128,3102,-1,3102,3128,3126,-1,3102,3126,3104,-1,3104,3126,3124,-1,3104,3124,3106,-1,3106,3124,3119,-1,3106,3119,3117,-1,3144,3142,3160,-1,3160,3142,3140,-1,3160,3140,3096,-1,3096,3140,3138,-1,3096,3138,3098,-1,3098,3138,3136,-1,3098,3136,3100,-1,3100,3136,3134,-1,3100,3134,3132,-1,3163,3164,3165,-1,3165,3164,3166,-1,3167,3163,3168,-1,3168,3163,3165,-1,3167,3168,3169,-1,3167,3169,3170,-1,3170,3169,3171,-1,3170,3171,3172,-1,3172,3171,3173,-1,3172,3173,3174,-1,3174,3173,3175,-1,3174,3175,3176,-1,3176,3175,3177,-1,3176,3177,3178,-1,3179,3178,3180,-1,3180,3178,3177,-1,3181,3179,3182,-1,3182,3179,3180,-1,3181,3182,3183,-1,3181,3183,3184,-1,3184,3183,3185,-1,3184,3185,3186,-1,3186,3185,3187,-1,3186,3187,3188,-1,3188,3187,3189,-1,3188,3189,3190,-1,3190,3189,3191,-1,3190,3191,3192,-1,3192,3191,3193,-1,3192,3193,3194,-1,3195,3194,3196,-1,3196,3194,3193,-1,3195,3196,3197,-1,3195,3197,3198,-1,3198,3197,3199,-1,3198,3199,3200,-1,3200,3199,3201,-1,3200,3201,3202,-1,3202,3201,3203,-1,3202,3203,3204,-1,3204,3203,3205,-1,3204,3205,3206,-1,3206,3205,3207,-1,3206,3207,3208,-1,3209,3208,3210,-1,3210,3208,3207,-1,3209,3164,3163,-1,3179,3181,3194,-1,3209,3163,3178,-1,3178,3163,3167,-1,3178,3167,3170,-1,3170,3172,3178,-1,3178,3172,3174,-1,3178,3174,3176,-1,3178,3179,3209,-1,3209,3179,3194,-1,3209,3194,3208,-1,3208,3194,3195,-1,3208,3195,3198,-1,3186,3188,3184,-1,3184,3188,3190,-1,3184,3190,3181,-1,3181,3190,3192,-1,3181,3192,3194,-1,3198,3200,3208,-1,3208,3200,3202,-1,3208,3202,3206,-1,3206,3202,3204,-1,3165,3166,3210,-1,3165,3210,3168,-1,3197,3196,3207,-1,3171,3169,3168,-1,3207,3196,3210,-1,3210,3196,3193,-1,3210,3193,3182,-1,3171,3168,3173,-1,3205,3203,3201,-1,3193,3191,3182,-1,3182,3191,3189,-1,3182,3189,3183,-1,3183,3189,3187,-1,3183,3187,3185,-1,3182,3180,3210,-1,3210,3180,3177,-1,3210,3177,3168,-1,3168,3177,3175,-1,3168,3175,3173,-1,3205,3201,3207,-1,3207,3201,3199,-1,3207,3199,3197,-1,3211,3212,3213,-1,3213,3212,3214,-1,3213,3214,3215,-1,3216,3217,3218,-1,3218,3217,3219,-1,3216,3218,3220,-1,3220,3218,3221,-1,3220,3221,3222,-1,3222,3221,3223,-1,3222,3223,3224,-1,3224,3223,3225,-1,3224,3225,3226,-1,3226,3225,3227,-1,3226,3227,3228,-1,3228,3227,3229,-1,3228,3229,3230,-1,3228,3230,3231,-1,3231,3230,3232,-1,3231,3232,3233,-1,3233,3232,3234,-1,3233,3234,3235,-1,3235,3234,3236,-1,3235,3236,3237,-1,3237,3236,3238,-1,3237,3238,3239,-1,3239,3238,3240,-1,3239,3240,3241,-1,3241,3240,3242,-1,3241,3242,3243,-1,3243,3242,3244,-1,3243,3244,3245,-1,3245,3244,3246,-1,3245,3246,3247,-1,3247,3246,3248,-1,3247,3248,3249,-1,3249,3248,3250,-1,3249,3250,3251,-1,3252,3251,3253,-1,3253,3251,3250,-1,3252,3253,3254,-1,3254,3253,3255,-1,3254,3255,3256,-1,3256,3255,3257,-1,3256,3257,3258,-1,3258,3257,3259,-1,3258,3259,3260,-1,3260,3259,3261,-1,3260,3261,3262,-1,3262,3261,3263,-1,3262,3263,3264,-1,3264,3263,3265,-1,3266,3264,3267,-1,3267,3264,3265,-1,3266,3267,3268,-1,3268,3267,3269,-1,3268,3269,3270,-1,3270,3269,3271,-1,3270,3271,3272,-1,3272,3271,3273,-1,3272,3273,3274,-1,3274,3273,3275,-1,3274,3275,3276,-1,3276,3275,3277,-1,3276,3277,3278,-1,3278,3277,3279,-1,3280,3278,3281,-1,3281,3278,3279,-1,3282,3280,3283,-1,3283,3280,3281,-1,3282,3283,3284,-1,3282,3284,3285,-1,3285,3284,3286,-1,3285,3286,3287,-1,3287,3286,3288,-1,3287,3288,3289,-1,3289,3288,3290,-1,3289,3290,3291,-1,3291,3290,3292,-1,3291,3292,3293,-1,3294,3293,3295,-1,3295,3293,3292,-1,3294,3295,3296,-1,3294,3296,3297,-1,3297,3296,3298,-1,3297,3298,3299,-1,3299,3298,3300,-1,3299,3300,3301,-1,3301,3300,3302,-1,3301,3302,3303,-1,3303,3302,3304,-1,3303,3304,3305,-1,3305,3304,3306,-1,3305,3306,3307,-1,3308,3309,3310,-1,3310,3309,3311,-1,3312,3308,3313,-1,3313,3308,3310,-1,3312,3313,3314,-1,3312,3314,3315,-1,3315,3314,3316,-1,3315,3316,3317,-1,3317,3316,3318,-1,3317,3318,3319,-1,3319,3318,3320,-1,3319,3320,3321,-1,3321,3320,3322,-1,3321,3322,3323,-1,3323,3322,3324,-1,3323,3324,3325,-1,3326,3325,3327,-1,3327,3325,3324,-1,3326,3327,3328,-1,3326,3328,3329,-1,3329,3328,3330,-1,3329,3330,3331,-1,3331,3330,3332,-1,3331,3332,3333,-1,3333,3332,3334,-1,3333,3334,3335,-1,3335,3334,3336,-1,3335,3336,3337,-1,3337,3336,3338,-1,3337,3338,3339,-1,3340,3339,3341,-1,3341,3339,3338,-1,3342,3343,3344,-1,3344,3343,3345,-1,3346,3342,3347,-1,3347,3342,3344,-1,3348,3346,3349,-1,3349,3346,3347,-1,3348,3349,3350,-1,3350,3349,3351,-1,3350,3351,3352,-1,3352,3351,3353,-1,3352,3353,3354,-1,3354,3353,3355,-1,3354,3355,3356,-1,3356,3355,3357,-1,3356,3357,3358,-1,3358,3357,3359,-1,3358,3359,3360,-1,3360,3359,3361,-1,3362,3360,3363,-1,3363,3360,3361,-1,3362,3363,3364,-1,3364,3363,3365,-1,3364,3365,3366,-1,3366,3365,3367,-1,3366,3367,3368,-1,3368,3367,3369,-1,3368,3369,3370,-1,3370,3369,3371,-1,3370,3371,3372,-1,3372,3371,3373,-1,3372,3373,3374,-1,3374,3373,3375,-1,3376,3374,3377,-1,3377,3374,3375,-1,3376,3377,3378,-1,3376,3378,3379,-1,3379,3378,3380,-1,3379,3380,3381,-1,3381,3380,3382,-1,3381,3382,3383,-1,3383,3382,3384,-1,3383,3384,3385,-1,3385,3384,3386,-1,3385,3386,3387,-1,3387,3386,3388,-1,3387,3388,3389,-1,3390,3389,3391,-1,3391,3389,3388,-1,3390,3391,3392,-1,3390,3392,3393,-1,3393,3392,3394,-1,3393,3394,3395,-1,3339,3340,3396,-1,3326,3339,3325,-1,3325,3339,3396,-1,3325,3396,3323,-1,3323,3396,3321,-1,3397,3308,3396,-1,3396,3308,3312,-1,3396,3312,3315,-1,3346,3309,3342,-1,3342,3309,3308,-1,3342,3308,3343,-1,3343,3308,3397,-1,3315,3317,3396,-1,3396,3317,3319,-1,3396,3319,3321,-1,3398,3372,3374,-1,3399,3260,3262,-1,3331,3333,3335,-1,3400,3217,3254,-1,3254,3217,3216,-1,3326,3329,3339,-1,3339,3329,3331,-1,3339,3331,3337,-1,3337,3331,3335,-1,3350,3352,3399,-1,3399,3352,3354,-1,3266,3268,3307,-1,3216,3220,3254,-1,3254,3220,3222,-1,3254,3222,3252,-1,3395,3398,3393,-1,3393,3398,3374,-1,3393,3374,3390,-1,3390,3374,3376,-1,3222,3224,3252,-1,3252,3224,3226,-1,3252,3226,3251,-1,3251,3226,3228,-1,3251,3228,3249,-1,3354,3356,3399,-1,3399,3356,3358,-1,3399,3358,3360,-1,3372,3398,3370,-1,3370,3398,3401,-1,3370,3401,3368,-1,3399,3262,3307,-1,3307,3262,3264,-1,3307,3264,3266,-1,3280,3282,3291,-1,3233,3235,3247,-1,3350,3399,3348,-1,3348,3399,3215,-1,3348,3215,3346,-1,3346,3215,3214,-1,3346,3214,3309,-1,3401,3402,3368,-1,3368,3402,3403,-1,3368,3403,3260,-1,3260,3403,3404,-1,3260,3404,3258,-1,3258,3404,3400,-1,3258,3400,3256,-1,3256,3400,3254,-1,3379,3381,3383,-1,3360,3362,3399,-1,3399,3362,3364,-1,3399,3364,3260,-1,3260,3364,3366,-1,3260,3366,3368,-1,3268,3270,3307,-1,3307,3270,3272,-1,3307,3272,3305,-1,3305,3272,3274,-1,3305,3274,3303,-1,3303,3274,3301,-1,3294,3297,3274,-1,3274,3297,3299,-1,3274,3299,3301,-1,3278,3280,3276,-1,3276,3280,3291,-1,3276,3291,3274,-1,3274,3291,3293,-1,3274,3293,3294,-1,3282,3285,3291,-1,3291,3285,3287,-1,3291,3287,3289,-1,3249,3228,3247,-1,3247,3228,3231,-1,3247,3231,3233,-1,3247,3241,3245,-1,3245,3241,3243,-1,3383,3385,3379,-1,3379,3385,3387,-1,3379,3387,3376,-1,3376,3387,3389,-1,3376,3389,3390,-1,3235,3237,3247,-1,3247,3237,3239,-1,3247,3239,3241,-1,3344,3345,3405,-1,3257,3255,3406,-1,3328,3327,3338,-1,3338,3327,3324,-1,3338,3324,3341,-1,3320,3318,3407,-1,3407,3318,3316,-1,3341,3324,3407,-1,3407,3324,3322,-1,3407,3322,3320,-1,3347,3344,3310,-1,3310,3344,3405,-1,3310,3405,3313,-1,3313,3405,3407,-1,3313,3407,3314,-1,3314,3407,3316,-1,3408,3394,3392,-1,3334,3332,3330,-1,3230,3229,3250,-1,3300,3298,3275,-1,3359,3357,3409,-1,3409,3357,3355,-1,3250,3229,3253,-1,3229,3227,3253,-1,3253,3227,3225,-1,3253,3225,3255,-1,3255,3225,3223,-1,3219,3406,3218,-1,3218,3406,3255,-1,3218,3255,3221,-1,3221,3255,3223,-1,3328,3338,3330,-1,3330,3338,3336,-1,3330,3336,3334,-1,3300,3275,3302,-1,3371,3369,3261,-1,3261,3369,3367,-1,3236,3234,3246,-1,3273,3271,3306,-1,3306,3271,3269,-1,3306,3269,3267,-1,3410,3411,3373,-1,3244,3242,3240,-1,3250,3248,3230,-1,3230,3248,3246,-1,3230,3246,3232,-1,3232,3246,3234,-1,3290,3277,3292,-1,3292,3277,3275,-1,3273,3306,3275,-1,3275,3306,3304,-1,3275,3304,3302,-1,3411,3412,3373,-1,3373,3412,3413,-1,3373,3413,3375,-1,3375,3413,3377,-1,3365,3363,3409,-1,3409,3363,3361,-1,3409,3361,3359,-1,3290,3288,3286,-1,3286,3284,3290,-1,3290,3284,3283,-1,3290,3283,3277,-1,3277,3283,3281,-1,3277,3281,3279,-1,3298,3296,3275,-1,3275,3296,3295,-1,3275,3295,3292,-1,3257,3406,3259,-1,3259,3406,3410,-1,3259,3410,3261,-1,3261,3410,3373,-1,3261,3373,3371,-1,3367,3365,3261,-1,3261,3365,3409,-1,3261,3409,3263,-1,3263,3409,3306,-1,3263,3306,3265,-1,3265,3306,3267,-1,3355,3353,3409,-1,3409,3353,3351,-1,3409,3351,3211,-1,3211,3351,3349,-1,3211,3349,3212,-1,3212,3349,3347,-1,3212,3347,3311,-1,3311,3347,3310,-1,3244,3240,3246,-1,3246,3240,3238,-1,3246,3238,3236,-1,3384,3382,3413,-1,3392,3391,3408,-1,3408,3391,3388,-1,3408,3388,3413,-1,3413,3388,3386,-1,3413,3386,3384,-1,3382,3380,3413,-1,3413,3380,3378,-1,3413,3378,3377,-1,3414,3415,3416,-1,3414,3416,3417,-1,3417,3416,3418,-1,3417,3418,3419,-1,3419,3418,3420,-1,3419,3420,3421,-1,3421,3420,3422,-1,3421,3422,3423,-1,3423,3422,3424,-1,3423,3424,3425,-1,3425,3424,3426,-1,3425,3426,3427,-1,3428,3427,3429,-1,3429,3427,3426,-1,3430,3428,3431,-1,3431,3428,3429,-1,3432,3430,3433,-1,3433,3430,3431,-1,3434,3432,3435,-1,3435,3432,3433,-1,3434,3435,3436,-1,3436,3435,3437,-1,3436,3437,3438,-1,3438,3437,3439,-1,3438,3439,3440,-1,3440,3439,3441,-1,3440,3441,3442,-1,3442,3441,3443,-1,3442,3443,3444,-1,3444,3443,3445,-1,3446,3444,3447,-1,3447,3444,3445,-1,3448,3446,3449,-1,3449,3446,3447,-1,3450,3448,3451,-1,3451,3448,3449,-1,3452,3450,3453,-1,3453,3450,3451,-1,3454,3452,3455,-1,3455,3452,3453,-1,3456,3454,3457,-1,3457,3454,3455,-1,3458,3456,3459,-1,3459,3456,3457,-1,3460,3458,3461,-1,3461,3458,3459,-1,3462,3460,3463,-1,3463,3460,3461,-1,3462,3463,3464,-1,3462,3464,3465,-1,3465,3464,3466,-1,3465,3466,3467,-1,3467,3466,3468,-1,3467,3468,3469,-1,3469,3468,3470,-1,3469,3470,3471,-1,3471,3470,3472,-1,3471,3472,3473,-1,3473,3472,3474,-1,3473,3474,3475,-1,3475,3474,3476,-1,3475,3476,3477,-1,3478,3477,3479,-1,3479,3477,3476,-1,3480,3478,3481,-1,3481,3478,3479,-1,3482,3480,3483,-1,3483,3480,3481,-1,3482,3483,3484,-1,3484,3483,3485,-1,3484,3485,3486,-1,3486,3485,3487,-1,3486,3487,3488,-1,3488,3487,3489,-1,3488,3489,3490,-1,3490,3489,3491,-1,3490,3491,3492,-1,3492,3491,3493,-1,3492,3493,3494,-1,3494,3493,3495,-1,3494,3495,3496,-1,3496,3495,3497,-1,3496,3497,3498,-1,3498,3497,3499,-1,3498,3499,3500,-1,3500,3499,3501,-1,3500,3501,3502,-1,3502,3501,3503,-1,3502,3503,3504,-1,3504,3503,3505,-1,3504,3505,3506,-1,3506,3505,3507,-1,3508,3506,3509,-1,3509,3506,3507,-1,3510,3508,3511,-1,3511,3508,3509,-1,3414,3512,3415,-1,3415,3512,3513,-1,3427,3428,3414,-1,3450,3438,3440,-1,3514,3450,3452,-1,3436,3430,3434,-1,3434,3430,3432,-1,3508,3510,3515,-1,3512,3414,3516,-1,3516,3414,3428,-1,3516,3428,3514,-1,3514,3428,3430,-1,3514,3430,3450,-1,3450,3430,3436,-1,3450,3436,3438,-1,3446,3448,3444,-1,3444,3448,3450,-1,3444,3450,3442,-1,3442,3450,3440,-1,3484,3486,3458,-1,3473,3475,3462,-1,3419,3421,3423,-1,3508,3515,3506,-1,3506,3515,3514,-1,3506,3514,3504,-1,3414,3417,3427,-1,3427,3417,3419,-1,3427,3419,3425,-1,3425,3419,3423,-1,3458,3486,3456,-1,3465,3467,3469,-1,3475,3477,3462,-1,3462,3477,3478,-1,3462,3478,3460,-1,3460,3478,3480,-1,3460,3480,3458,-1,3458,3480,3482,-1,3458,3482,3484,-1,3465,3469,3462,-1,3462,3469,3471,-1,3462,3471,3473,-1,3498,3500,3514,-1,3514,3500,3502,-1,3514,3502,3504,-1,3486,3488,3456,-1,3456,3488,3490,-1,3456,3490,3454,-1,3454,3490,3492,-1,3454,3492,3452,-1,3452,3492,3494,-1,3452,3494,3514,-1,3514,3494,3496,-1,3514,3496,3498,-1,3453,3451,3517,-1,3451,3443,3441,-1,3439,3437,3431,-1,3431,3437,3435,-1,3431,3435,3433,-1,3416,3415,3426,-1,3426,3415,3429,-1,3441,3439,3451,-1,3451,3439,3431,-1,3451,3431,3517,-1,3517,3431,3429,-1,3517,3429,3518,-1,3518,3429,3415,-1,3518,3415,3513,-1,3481,3479,3476,-1,3449,3447,3451,-1,3451,3447,3445,-1,3451,3445,3443,-1,3422,3420,3418,-1,3474,3472,3463,-1,3416,3426,3418,-1,3418,3426,3424,-1,3418,3424,3422,-1,3472,3470,3463,-1,3463,3470,3468,-1,3463,3468,3464,-1,3464,3468,3466,-1,3487,3459,3489,-1,3489,3459,3457,-1,3507,3517,3509,-1,3509,3517,3519,-1,3509,3519,3511,-1,3507,3505,3517,-1,3517,3505,3503,-1,3517,3503,3501,-1,3487,3485,3459,-1,3459,3485,3483,-1,3459,3483,3461,-1,3461,3483,3481,-1,3461,3481,3463,-1,3463,3481,3476,-1,3463,3476,3474,-1,3501,3499,3517,-1,3517,3499,3497,-1,3517,3497,3453,-1,3453,3497,3495,-1,3453,3495,3455,-1,3455,3495,3493,-1,3455,3493,3457,-1,3457,3493,3491,-1,3457,3491,3489,-1,3520,3521,3522,-1,3522,3521,3523,-1,3524,3520,3525,-1,3525,3520,3522,-1,3524,3525,3526,-1,3524,3526,3527,-1,3527,3526,3528,-1,3527,3528,3529,-1,3529,3528,3530,-1,3529,3530,3531,-1,3531,3530,3532,-1,3531,3532,3533,-1,3533,3532,3534,-1,3533,3534,3535,-1,3536,3535,3537,-1,3537,3535,3534,-1,3538,3536,3539,-1,3539,3536,3537,-1,3538,3539,3540,-1,3538,3540,3541,-1,3541,3540,3542,-1,3541,3542,3543,-1,3543,3542,3544,-1,3543,3544,3545,-1,3545,3544,3546,-1,3545,3546,3547,-1,3547,3546,3548,-1,3547,3548,3549,-1,3549,3548,3550,-1,3549,3550,3551,-1,3552,3551,3553,-1,3553,3551,3550,-1,3552,3553,3554,-1,3552,3554,3555,-1,3555,3554,3556,-1,3555,3556,3557,-1,3557,3556,3558,-1,3557,3558,3559,-1,3559,3558,3560,-1,3559,3560,3561,-1,3561,3560,3562,-1,3561,3562,3563,-1,3563,3562,3564,-1,3563,3564,3565,-1,3566,3565,3567,-1,3567,3565,3564,-1,3566,3521,3520,-1,3536,3538,3551,-1,3566,3520,3535,-1,3535,3520,3524,-1,3535,3524,3527,-1,3527,3529,3535,-1,3535,3529,3531,-1,3535,3531,3533,-1,3535,3536,3566,-1,3566,3536,3551,-1,3566,3551,3565,-1,3565,3551,3552,-1,3565,3552,3555,-1,3543,3545,3541,-1,3541,3545,3547,-1,3541,3547,3538,-1,3538,3547,3549,-1,3538,3549,3551,-1,3555,3557,3565,-1,3565,3557,3559,-1,3565,3559,3563,-1,3563,3559,3561,-1,3522,3523,3567,-1,3522,3567,3525,-1,3554,3553,3564,-1,3528,3526,3525,-1,3564,3553,3567,-1,3567,3553,3550,-1,3567,3550,3539,-1,3528,3525,3530,-1,3562,3560,3558,-1,3550,3548,3539,-1,3539,3548,3546,-1,3539,3546,3540,-1,3540,3546,3544,-1,3540,3544,3542,-1,3539,3537,3567,-1,3567,3537,3534,-1,3567,3534,3525,-1,3525,3534,3532,-1,3525,3532,3530,-1,3562,3558,3564,-1,3564,3558,3556,-1,3564,3556,3554,-1,3568,3569,3570,-1,3570,3569,3571,-1,3570,3571,3572,-1,3573,3574,3575,-1,3575,3574,3576,-1,3573,3575,3577,-1,3577,3575,3578,-1,3577,3578,3579,-1,3579,3578,3580,-1,3579,3580,3581,-1,3581,3580,3582,-1,3581,3582,3583,-1,3583,3582,3584,-1,3583,3584,3585,-1,3585,3584,3586,-1,3585,3586,3587,-1,3585,3587,3588,-1,3588,3587,3589,-1,3588,3589,3590,-1,3590,3589,3591,-1,3590,3591,3592,-1,3592,3591,3593,-1,3592,3593,3594,-1,3594,3593,3595,-1,3594,3595,3596,-1,3596,3595,3597,-1,3596,3597,3598,-1,3598,3597,3599,-1,3598,3599,3600,-1,3600,3599,3601,-1,3600,3601,3602,-1,3602,3601,3603,-1,3602,3603,3604,-1,3604,3603,3605,-1,3604,3605,3606,-1,3606,3605,3607,-1,3606,3607,3608,-1,3609,3608,3610,-1,3610,3608,3607,-1,3609,3610,3611,-1,3611,3610,3612,-1,3611,3612,3613,-1,3613,3612,3614,-1,3613,3614,3615,-1,3615,3614,3616,-1,3615,3616,3617,-1,3617,3616,3618,-1,3617,3618,3619,-1,3619,3618,3620,-1,3619,3620,3621,-1,3621,3620,3622,-1,3623,3621,3624,-1,3624,3621,3622,-1,3623,3624,3625,-1,3625,3624,3626,-1,3625,3626,3627,-1,3627,3626,3628,-1,3627,3628,3629,-1,3629,3628,3630,-1,3629,3630,3631,-1,3631,3630,3632,-1,3631,3632,3633,-1,3633,3632,3634,-1,3633,3634,3635,-1,3635,3634,3636,-1,3637,3635,3638,-1,3638,3635,3636,-1,3639,3637,3640,-1,3640,3637,3638,-1,3639,3640,3641,-1,3639,3641,3642,-1,3642,3641,3643,-1,3642,3643,3644,-1,3644,3643,3645,-1,3644,3645,3646,-1,3646,3645,3647,-1,3646,3647,3648,-1,3648,3647,3649,-1,3648,3649,3650,-1,3651,3650,3652,-1,3652,3650,3649,-1,3651,3652,3653,-1,3651,3653,3654,-1,3654,3653,3655,-1,3654,3655,3656,-1,3656,3655,3657,-1,3656,3657,3658,-1,3658,3657,3659,-1,3658,3659,3660,-1,3660,3659,3661,-1,3660,3661,3662,-1,3662,3661,3663,-1,3662,3663,3664,-1,3665,3666,3667,-1,3667,3666,3668,-1,3669,3665,3670,-1,3670,3665,3667,-1,3669,3670,3671,-1,3669,3671,3672,-1,3672,3671,3673,-1,3672,3673,3674,-1,3674,3673,3675,-1,3674,3675,3676,-1,3676,3675,3677,-1,3676,3677,3678,-1,3678,3677,3679,-1,3678,3679,3680,-1,3680,3679,3681,-1,3680,3681,3682,-1,3683,3682,3684,-1,3684,3682,3681,-1,3683,3684,3685,-1,3683,3685,3686,-1,3686,3685,3687,-1,3686,3687,3688,-1,3688,3687,3689,-1,3688,3689,3690,-1,3690,3689,3691,-1,3690,3691,3692,-1,3692,3691,3693,-1,3692,3693,3694,-1,3694,3693,3695,-1,3694,3695,3696,-1,3697,3696,3698,-1,3698,3696,3695,-1,3699,3700,3701,-1,3701,3700,3702,-1,3703,3699,3704,-1,3704,3699,3701,-1,3705,3703,3706,-1,3706,3703,3704,-1,3705,3706,3707,-1,3707,3706,3708,-1,3707,3708,3709,-1,3709,3708,3710,-1,3709,3710,3711,-1,3711,3710,3712,-1,3711,3712,3713,-1,3713,3712,3714,-1,3713,3714,3715,-1,3715,3714,3716,-1,3715,3716,3717,-1,3717,3716,3718,-1,3719,3717,3720,-1,3720,3717,3718,-1,3719,3720,3721,-1,3721,3720,3722,-1,3721,3722,3723,-1,3723,3722,3724,-1,3723,3724,3725,-1,3725,3724,3726,-1,3725,3726,3727,-1,3727,3726,3728,-1,3727,3728,3729,-1,3729,3728,3730,-1,3729,3730,3731,-1,3731,3730,3732,-1,3733,3731,3734,-1,3734,3731,3732,-1,3733,3734,3735,-1,3733,3735,3736,-1,3736,3735,3737,-1,3736,3737,3738,-1,3738,3737,3739,-1,3738,3739,3740,-1,3740,3739,3741,-1,3740,3741,3742,-1,3742,3741,3743,-1,3742,3743,3744,-1,3744,3743,3745,-1,3744,3745,3746,-1,3747,3746,3748,-1,3748,3746,3745,-1,3747,3748,3749,-1,3747,3749,3750,-1,3750,3749,3751,-1,3750,3751,3752,-1,3696,3697,3753,-1,3683,3696,3682,-1,3682,3696,3753,-1,3682,3753,3680,-1,3680,3753,3678,-1,3754,3665,3753,-1,3753,3665,3669,-1,3753,3669,3672,-1,3703,3666,3699,-1,3699,3666,3665,-1,3699,3665,3700,-1,3700,3665,3754,-1,3672,3674,3753,-1,3753,3674,3676,-1,3753,3676,3678,-1,3755,3729,3731,-1,3756,3617,3619,-1,3688,3690,3692,-1,3757,3574,3611,-1,3611,3574,3573,-1,3683,3686,3696,-1,3696,3686,3688,-1,3696,3688,3694,-1,3694,3688,3692,-1,3707,3709,3756,-1,3756,3709,3711,-1,3623,3625,3664,-1,3573,3577,3611,-1,3611,3577,3579,-1,3611,3579,3609,-1,3752,3755,3750,-1,3750,3755,3731,-1,3750,3731,3747,-1,3747,3731,3733,-1,3579,3581,3609,-1,3609,3581,3583,-1,3609,3583,3608,-1,3608,3583,3585,-1,3608,3585,3606,-1,3711,3713,3756,-1,3756,3713,3715,-1,3756,3715,3717,-1,3729,3755,3727,-1,3727,3755,3758,-1,3727,3758,3725,-1,3756,3619,3664,-1,3664,3619,3621,-1,3664,3621,3623,-1,3637,3639,3648,-1,3590,3592,3604,-1,3707,3756,3705,-1,3705,3756,3572,-1,3705,3572,3703,-1,3703,3572,3571,-1,3703,3571,3666,-1,3758,3759,3725,-1,3725,3759,3760,-1,3725,3760,3617,-1,3617,3760,3761,-1,3617,3761,3615,-1,3615,3761,3757,-1,3615,3757,3613,-1,3613,3757,3611,-1,3736,3738,3740,-1,3717,3719,3756,-1,3756,3719,3721,-1,3756,3721,3617,-1,3617,3721,3723,-1,3617,3723,3725,-1,3625,3627,3664,-1,3664,3627,3629,-1,3664,3629,3662,-1,3662,3629,3631,-1,3662,3631,3660,-1,3660,3631,3658,-1,3651,3654,3631,-1,3631,3654,3656,-1,3631,3656,3658,-1,3635,3637,3633,-1,3633,3637,3648,-1,3633,3648,3631,-1,3631,3648,3650,-1,3631,3650,3651,-1,3639,3642,3648,-1,3648,3642,3644,-1,3648,3644,3646,-1,3606,3585,3604,-1,3604,3585,3588,-1,3604,3588,3590,-1,3604,3598,3602,-1,3602,3598,3600,-1,3740,3742,3736,-1,3736,3742,3744,-1,3736,3744,3733,-1,3733,3744,3746,-1,3733,3746,3747,-1,3592,3594,3604,-1,3604,3594,3596,-1,3604,3596,3598,-1,3701,3702,3762,-1,3614,3612,3763,-1,3685,3684,3695,-1,3695,3684,3681,-1,3695,3681,3698,-1,3677,3675,3764,-1,3764,3675,3673,-1,3698,3681,3764,-1,3764,3681,3679,-1,3764,3679,3677,-1,3704,3701,3667,-1,3667,3701,3762,-1,3667,3762,3670,-1,3670,3762,3764,-1,3670,3764,3671,-1,3671,3764,3673,-1,3765,3751,3749,-1,3691,3689,3687,-1,3587,3586,3607,-1,3657,3655,3632,-1,3716,3714,3766,-1,3766,3714,3712,-1,3607,3586,3610,-1,3586,3584,3610,-1,3610,3584,3582,-1,3610,3582,3612,-1,3612,3582,3580,-1,3576,3763,3575,-1,3575,3763,3612,-1,3575,3612,3578,-1,3578,3612,3580,-1,3685,3695,3687,-1,3687,3695,3693,-1,3687,3693,3691,-1,3657,3632,3659,-1,3728,3726,3618,-1,3618,3726,3724,-1,3593,3591,3603,-1,3630,3628,3663,-1,3663,3628,3626,-1,3663,3626,3624,-1,3767,3768,3730,-1,3601,3599,3597,-1,3607,3605,3587,-1,3587,3605,3603,-1,3587,3603,3589,-1,3589,3603,3591,-1,3647,3634,3649,-1,3649,3634,3632,-1,3630,3663,3632,-1,3632,3663,3661,-1,3632,3661,3659,-1,3768,3769,3730,-1,3730,3769,3770,-1,3730,3770,3732,-1,3732,3770,3734,-1,3722,3720,3766,-1,3766,3720,3718,-1,3766,3718,3716,-1,3647,3645,3643,-1,3643,3641,3647,-1,3647,3641,3640,-1,3647,3640,3634,-1,3634,3640,3638,-1,3634,3638,3636,-1,3655,3653,3632,-1,3632,3653,3652,-1,3632,3652,3649,-1,3614,3763,3616,-1,3616,3763,3767,-1,3616,3767,3618,-1,3618,3767,3730,-1,3618,3730,3728,-1,3724,3722,3618,-1,3618,3722,3766,-1,3618,3766,3620,-1,3620,3766,3663,-1,3620,3663,3622,-1,3622,3663,3624,-1,3712,3710,3766,-1,3766,3710,3708,-1,3766,3708,3568,-1,3568,3708,3706,-1,3568,3706,3569,-1,3569,3706,3704,-1,3569,3704,3668,-1,3668,3704,3667,-1,3601,3597,3603,-1,3603,3597,3595,-1,3603,3595,3593,-1,3741,3739,3770,-1,3749,3748,3765,-1,3765,3748,3745,-1,3765,3745,3770,-1,3770,3745,3743,-1,3770,3743,3741,-1,3739,3737,3770,-1,3770,3737,3735,-1,3770,3735,3734,-1,3771,3772,3773,-1,3771,3773,3774,-1,3774,3773,3775,-1,3774,3775,3776,-1,3776,3775,3777,-1,3776,3777,3778,-1,3778,3777,3779,-1,3778,3779,3780,-1,3780,3779,3781,-1,3780,3781,3782,-1,3782,3781,3783,-1,3782,3783,3784,-1,3785,3784,3786,-1,3786,3784,3783,-1,3787,3785,3788,-1,3788,3785,3786,-1,3789,3787,3790,-1,3790,3787,3788,-1,3791,3789,3792,-1,3792,3789,3790,-1,3791,3792,3793,-1,3793,3792,3794,-1,3793,3794,3795,-1,3795,3794,3796,-1,3795,3796,3797,-1,3797,3796,3798,-1,3797,3798,3799,-1,3799,3798,3800,-1,3799,3800,3801,-1,3801,3800,3802,-1,3803,3801,3804,-1,3804,3801,3802,-1,3805,3803,3806,-1,3806,3803,3804,-1,3807,3805,3808,-1,3808,3805,3806,-1,3809,3807,3810,-1,3810,3807,3808,-1,3811,3809,3812,-1,3812,3809,3810,-1,3813,3811,3814,-1,3814,3811,3812,-1,3815,3813,3816,-1,3816,3813,3814,-1,3817,3815,3818,-1,3818,3815,3816,-1,3819,3817,3820,-1,3820,3817,3818,-1,3819,3820,3821,-1,3819,3821,3822,-1,3822,3821,3823,-1,3822,3823,3824,-1,3824,3823,3825,-1,3824,3825,3826,-1,3826,3825,3827,-1,3826,3827,3828,-1,3828,3827,3829,-1,3828,3829,3830,-1,3830,3829,3831,-1,3830,3831,3832,-1,3832,3831,3833,-1,3832,3833,3834,-1,3835,3834,3836,-1,3836,3834,3833,-1,3837,3835,3838,-1,3838,3835,3836,-1,3839,3837,3840,-1,3840,3837,3838,-1,3839,3840,3841,-1,3841,3840,3842,-1,3841,3842,3843,-1,3843,3842,3844,-1,3843,3844,3845,-1,3845,3844,3846,-1,3845,3846,3847,-1,3847,3846,3848,-1,3847,3848,3849,-1,3849,3848,3850,-1,3849,3850,3851,-1,3851,3850,3852,-1,3851,3852,3853,-1,3853,3852,3854,-1,3853,3854,3855,-1,3855,3854,3856,-1,3855,3856,3857,-1,3857,3856,3858,-1,3857,3858,3859,-1,3859,3858,3860,-1,3859,3860,3861,-1,3861,3860,3862,-1,3861,3862,3863,-1,3863,3862,3864,-1,3865,3863,3866,-1,3866,3863,3864,-1,3867,3865,3868,-1,3868,3865,3866,-1,3771,3869,3772,-1,3772,3869,3870,-1,3784,3785,3771,-1,3807,3795,3797,-1,3871,3807,3809,-1,3793,3787,3791,-1,3791,3787,3789,-1,3865,3867,3872,-1,3869,3771,3873,-1,3873,3771,3785,-1,3873,3785,3871,-1,3871,3785,3787,-1,3871,3787,3807,-1,3807,3787,3793,-1,3807,3793,3795,-1,3803,3805,3801,-1,3801,3805,3807,-1,3801,3807,3799,-1,3799,3807,3797,-1,3841,3843,3815,-1,3830,3832,3819,-1,3776,3778,3780,-1,3865,3872,3863,-1,3863,3872,3871,-1,3863,3871,3861,-1,3771,3774,3784,-1,3784,3774,3776,-1,3784,3776,3782,-1,3782,3776,3780,-1,3815,3843,3813,-1,3822,3824,3826,-1,3832,3834,3819,-1,3819,3834,3835,-1,3819,3835,3817,-1,3817,3835,3837,-1,3817,3837,3815,-1,3815,3837,3839,-1,3815,3839,3841,-1,3822,3826,3819,-1,3819,3826,3828,-1,3819,3828,3830,-1,3855,3857,3871,-1,3871,3857,3859,-1,3871,3859,3861,-1,3843,3845,3813,-1,3813,3845,3847,-1,3813,3847,3811,-1,3811,3847,3849,-1,3811,3849,3809,-1,3809,3849,3851,-1,3809,3851,3871,-1,3871,3851,3853,-1,3871,3853,3855,-1,3810,3808,3874,-1,3808,3800,3798,-1,3796,3794,3788,-1,3788,3794,3792,-1,3788,3792,3790,-1,3773,3772,3783,-1,3783,3772,3786,-1,3798,3796,3808,-1,3808,3796,3788,-1,3808,3788,3874,-1,3874,3788,3786,-1,3874,3786,3875,-1,3875,3786,3772,-1,3875,3772,3870,-1,3838,3836,3833,-1,3806,3804,3808,-1,3808,3804,3802,-1,3808,3802,3800,-1,3779,3777,3775,-1,3831,3829,3820,-1,3773,3783,3775,-1,3775,3783,3781,-1,3775,3781,3779,-1,3829,3827,3820,-1,3820,3827,3825,-1,3820,3825,3821,-1,3821,3825,3823,-1,3844,3816,3846,-1,3846,3816,3814,-1,3864,3874,3866,-1,3866,3874,3876,-1,3866,3876,3868,-1,3864,3862,3874,-1,3874,3862,3860,-1,3874,3860,3858,-1,3844,3842,3816,-1,3816,3842,3840,-1,3816,3840,3818,-1,3818,3840,3838,-1,3818,3838,3820,-1,3820,3838,3833,-1,3820,3833,3831,-1,3858,3856,3874,-1,3874,3856,3854,-1,3874,3854,3810,-1,3810,3854,3852,-1,3810,3852,3812,-1,3812,3852,3850,-1,3812,3850,3814,-1,3814,3850,3848,-1,3814,3848,3846,-1,3877,3878,3879,-1,3879,3878,3880,-1,3881,3877,3882,-1,3882,3877,3879,-1,3881,3882,3883,-1,3881,3883,3884,-1,3884,3883,3885,-1,3884,3885,3886,-1,3886,3885,3887,-1,3886,3887,3888,-1,3888,3887,3889,-1,3888,3889,3890,-1,3890,3889,3891,-1,3890,3891,3892,-1,3893,3892,3894,-1,3894,3892,3891,-1,3895,3893,3896,-1,3896,3893,3894,-1,3895,3896,3897,-1,3895,3897,3898,-1,3898,3897,3899,-1,3898,3899,3900,-1,3900,3899,3901,-1,3900,3901,3902,-1,3902,3901,3903,-1,3902,3903,3904,-1,3904,3903,3905,-1,3904,3905,3906,-1,3906,3905,3907,-1,3906,3907,3908,-1,3909,3908,3910,-1,3910,3908,3907,-1,3909,3910,3911,-1,3909,3911,3912,-1,3912,3911,3913,-1,3912,3913,3914,-1,3914,3913,3915,-1,3914,3915,3916,-1,3916,3915,3917,-1,3916,3917,3918,-1,3918,3917,3919,-1,3918,3919,3920,-1,3920,3919,3921,-1,3920,3921,3922,-1,3923,3922,3924,-1,3924,3922,3921,-1,3923,3878,3877,-1,3893,3895,3908,-1,3923,3877,3892,-1,3892,3877,3881,-1,3892,3881,3884,-1,3884,3886,3892,-1,3892,3886,3888,-1,3892,3888,3890,-1,3892,3893,3923,-1,3923,3893,3908,-1,3923,3908,3922,-1,3922,3908,3909,-1,3922,3909,3912,-1,3900,3902,3898,-1,3898,3902,3904,-1,3898,3904,3895,-1,3895,3904,3906,-1,3895,3906,3908,-1,3912,3914,3922,-1,3922,3914,3916,-1,3922,3916,3920,-1,3920,3916,3918,-1,3879,3880,3924,-1,3879,3924,3882,-1,3911,3910,3921,-1,3885,3883,3882,-1,3921,3910,3924,-1,3924,3910,3907,-1,3924,3907,3896,-1,3885,3882,3887,-1,3919,3917,3915,-1,3907,3905,3896,-1,3896,3905,3903,-1,3896,3903,3897,-1,3897,3903,3901,-1,3897,3901,3899,-1,3896,3894,3924,-1,3924,3894,3891,-1,3924,3891,3882,-1,3882,3891,3889,-1,3882,3889,3887,-1,3919,3915,3921,-1,3921,3915,3913,-1,3921,3913,3911,-1,3925,3926,3927,-1,3927,3926,3928,-1,3929,3930,3931,-1,3931,3930,3932,-1,3929,3931,3933,-1,3933,3931,3934,-1,3933,3934,3935,-1,3935,3934,3936,-1,3935,3936,3937,-1,3937,3936,3938,-1,3937,3938,3939,-1,3939,3938,3940,-1,3939,3940,3941,-1,3941,3940,3942,-1,3941,3942,3943,-1,3941,3943,3944,-1,3944,3943,3945,-1,3944,3945,3946,-1,3946,3945,3947,-1,3946,3947,3948,-1,3948,3947,3949,-1,3948,3949,3950,-1,3950,3949,3951,-1,3950,3951,3952,-1,3952,3951,3953,-1,3952,3953,3954,-1,3954,3953,3955,-1,3954,3955,3956,-1,3956,3955,3957,-1,3956,3957,3958,-1,3958,3957,3959,-1,3958,3959,3960,-1,3960,3959,3961,-1,3960,3961,3962,-1,3962,3961,3963,-1,3962,3963,3964,-1,3965,3964,3966,-1,3966,3964,3963,-1,3965,3966,3967,-1,3967,3966,3968,-1,3967,3968,3969,-1,3969,3968,3970,-1,3969,3970,3971,-1,3971,3970,3972,-1,3971,3972,3973,-1,3973,3972,3974,-1,3973,3974,3975,-1,3975,3974,3976,-1,3975,3976,3977,-1,3977,3976,3978,-1,3979,3977,3980,-1,3980,3977,3978,-1,3979,3980,3981,-1,3981,3980,3982,-1,3981,3982,3983,-1,3983,3982,3984,-1,3983,3984,3985,-1,3985,3984,3986,-1,3985,3986,3987,-1,3987,3986,3988,-1,3987,3988,3989,-1,3989,3988,3990,-1,3989,3990,3991,-1,3991,3990,3992,-1,3993,3991,3994,-1,3994,3991,3992,-1,3995,3993,3996,-1,3996,3993,3994,-1,3995,3996,3997,-1,3995,3997,3998,-1,3998,3997,3999,-1,3998,3999,4000,-1,4000,3999,4001,-1,4000,4001,4002,-1,4002,4001,4003,-1,4002,4003,4004,-1,4004,4003,4005,-1,4004,4005,4006,-1,4007,4006,4008,-1,4008,4006,4005,-1,4007,4008,4009,-1,4007,4009,4010,-1,4010,4009,4011,-1,4010,4011,4012,-1,4012,4011,4013,-1,4012,4013,4014,-1,4014,4013,4015,-1,4014,4015,4016,-1,4016,4015,4017,-1,4016,4017,4018,-1,4018,4017,4019,-1,4018,4019,4020,-1,4021,4022,4023,-1,4023,4022,4024,-1,4025,4021,4026,-1,4026,4021,4023,-1,4025,4026,4027,-1,4025,4027,4028,-1,4028,4027,4029,-1,4028,4029,4030,-1,4030,4029,4031,-1,4030,4031,4032,-1,4032,4031,4033,-1,4032,4033,4034,-1,4034,4033,4035,-1,4034,4035,4036,-1,4036,4035,4037,-1,4036,4037,4038,-1,4039,4038,4040,-1,4040,4038,4037,-1,4039,4040,4041,-1,4039,4041,4042,-1,4042,4041,4043,-1,4042,4043,4044,-1,4044,4043,4045,-1,4044,4045,4046,-1,4046,4045,4047,-1,4046,4047,4048,-1,4048,4047,4049,-1,4048,4049,4050,-1,4050,4049,4051,-1,4050,4051,4052,-1,4053,4052,4054,-1,4054,4052,4051,-1,4055,4056,4057,-1,4057,4056,4058,-1,4059,4055,4060,-1,4060,4055,4057,-1,4061,4059,4062,-1,4062,4059,4060,-1,4061,4062,4063,-1,4063,4062,4064,-1,4063,4064,4065,-1,4065,4064,4066,-1,4065,4066,4067,-1,4067,4066,4068,-1,4067,4068,4069,-1,4069,4068,4070,-1,4069,4070,4071,-1,4071,4070,4072,-1,4071,4072,4073,-1,4073,4072,4074,-1,4075,4073,4076,-1,4076,4073,4074,-1,4075,4076,4077,-1,4077,4076,4078,-1,4077,4078,4079,-1,4079,4078,4080,-1,4079,4080,4081,-1,4081,4080,4082,-1,4081,4082,4083,-1,4083,4082,4084,-1,4083,4084,4085,-1,4085,4084,4086,-1,4085,4086,4087,-1,4087,4086,4088,-1,4089,4087,4090,-1,4090,4087,4088,-1,4089,4090,4091,-1,4089,4091,4092,-1,4092,4091,4093,-1,4092,4093,4094,-1,4094,4093,4095,-1,4094,4095,4096,-1,4096,4095,4097,-1,4096,4097,4098,-1,4098,4097,4099,-1,4098,4099,4100,-1,4100,4099,4101,-1,4100,4101,4102,-1,4103,4102,4104,-1,4104,4102,4101,-1,4103,4104,4105,-1,4103,4105,4106,-1,4106,4105,4107,-1,4106,4107,4108,-1,4052,4053,4109,-1,4039,4052,4038,-1,4038,4052,4109,-1,4038,4109,4036,-1,4036,4109,4034,-1,4110,4021,4109,-1,4109,4021,4025,-1,4109,4025,4028,-1,4059,4022,4055,-1,4055,4022,4021,-1,4055,4021,4056,-1,4056,4021,4110,-1,4028,4030,4109,-1,4109,4030,4032,-1,4109,4032,4034,-1,4111,4085,4087,-1,4112,3973,3975,-1,4044,4046,4048,-1,4113,3930,3967,-1,3967,3930,3929,-1,4039,4042,4052,-1,4052,4042,4044,-1,4052,4044,4050,-1,4050,4044,4048,-1,4063,4065,4112,-1,4112,4065,4067,-1,3979,3981,4020,-1,3929,3933,3967,-1,3967,3933,3935,-1,3967,3935,3965,-1,4108,4111,4106,-1,4106,4111,4087,-1,4106,4087,4103,-1,4103,4087,4089,-1,3935,3937,3965,-1,3965,3937,3939,-1,3965,3939,3964,-1,3964,3939,3941,-1,3964,3941,3962,-1,4067,4069,4112,-1,4112,4069,4071,-1,4112,4071,4073,-1,4085,4111,4083,-1,4083,4111,4114,-1,4083,4114,4081,-1,4112,3975,4020,-1,4020,3975,3977,-1,4020,3977,3979,-1,3993,3995,4004,-1,3946,3948,3960,-1,4063,4112,4061,-1,4061,4112,3925,-1,4061,3925,4059,-1,4059,3925,3927,-1,4059,3927,4022,-1,4114,4115,4081,-1,4081,4115,4116,-1,4081,4116,3973,-1,3973,4116,4117,-1,3973,4117,3971,-1,3971,4117,4113,-1,3971,4113,3969,-1,3969,4113,3967,-1,4092,4094,4096,-1,4073,4075,4112,-1,4112,4075,4077,-1,4112,4077,3973,-1,3973,4077,4079,-1,3973,4079,4081,-1,3981,3983,4020,-1,4020,3983,3985,-1,4020,3985,4018,-1,4018,3985,3987,-1,4018,3987,4016,-1,4016,3987,4014,-1,4007,4010,3987,-1,3987,4010,4012,-1,3987,4012,4014,-1,3991,3993,3989,-1,3989,3993,4004,-1,3989,4004,3987,-1,3987,4004,4006,-1,3987,4006,4007,-1,3995,3998,4004,-1,4004,3998,4000,-1,4004,4000,4002,-1,3962,3941,3960,-1,3960,3941,3944,-1,3960,3944,3946,-1,3960,3954,3958,-1,3958,3954,3956,-1,4096,4098,4092,-1,4092,4098,4100,-1,4092,4100,4089,-1,4089,4100,4102,-1,4089,4102,4103,-1,3948,3950,3960,-1,3960,3950,3952,-1,3960,3952,3954,-1,4057,4058,4118,-1,3970,3968,4119,-1,4041,4040,4051,-1,4051,4040,4037,-1,4051,4037,4054,-1,4033,4031,4120,-1,4120,4031,4029,-1,4054,4037,4120,-1,4120,4037,4035,-1,4120,4035,4033,-1,4060,4057,4023,-1,4023,4057,4118,-1,4023,4118,4026,-1,4026,4118,4120,-1,4026,4120,4027,-1,4027,4120,4029,-1,4121,4107,4105,-1,4047,4045,4043,-1,3943,3942,3963,-1,4013,4011,3988,-1,4072,4070,4122,-1,4122,4070,4068,-1,3963,3942,3966,-1,3942,3940,3966,-1,3966,3940,3938,-1,3966,3938,3968,-1,3968,3938,3936,-1,3932,4119,3931,-1,3931,4119,3968,-1,3931,3968,3934,-1,3934,3968,3936,-1,4041,4051,4043,-1,4043,4051,4049,-1,4043,4049,4047,-1,4013,3988,4015,-1,4084,4082,3974,-1,3974,4082,4080,-1,3949,3947,3959,-1,3986,3984,4019,-1,4019,3984,3982,-1,4019,3982,3980,-1,4123,4124,4086,-1,3957,3955,3953,-1,3963,3961,3943,-1,3943,3961,3959,-1,3943,3959,3945,-1,3945,3959,3947,-1,4003,3990,4005,-1,4005,3990,3988,-1,3986,4019,3988,-1,3988,4019,4017,-1,3988,4017,4015,-1,4124,4125,4086,-1,4086,4125,4126,-1,4086,4126,4088,-1,4088,4126,4090,-1,4078,4076,4122,-1,4122,4076,4074,-1,4122,4074,4072,-1,4003,4001,3999,-1,3999,3997,4003,-1,4003,3997,3996,-1,4003,3996,3990,-1,3990,3996,3994,-1,3990,3994,3992,-1,4011,4009,3988,-1,3988,4009,4008,-1,3988,4008,4005,-1,3970,4119,3972,-1,3972,4119,4123,-1,3972,4123,3974,-1,3974,4123,4086,-1,3974,4086,4084,-1,4080,4078,3974,-1,3974,4078,4122,-1,3974,4122,3976,-1,3976,4122,4019,-1,3976,4019,3978,-1,3978,4019,3980,-1,4068,4066,4122,-1,4122,4066,4064,-1,4122,4064,3926,-1,3926,4064,4062,-1,3926,4062,3928,-1,3928,4062,4060,-1,3928,4060,4024,-1,4024,4060,4023,-1,3957,3953,3959,-1,3959,3953,3951,-1,3959,3951,3949,-1,4097,4095,4126,-1,4105,4104,4121,-1,4121,4104,4101,-1,4121,4101,4126,-1,4126,4101,4099,-1,4126,4099,4097,-1,4095,4093,4126,-1,4126,4093,4091,-1,4126,4091,4090,-1,4127,4128,4129,-1,4127,4129,4130,-1,4130,4129,4131,-1,4130,4131,4132,-1,4132,4131,4133,-1,4132,4133,4134,-1,4134,4133,4135,-1,4134,4135,4136,-1,4136,4135,4137,-1,4136,4137,4138,-1,4138,4137,4139,-1,4138,4139,4140,-1,4141,4140,4142,-1,4142,4140,4139,-1,4143,4141,4144,-1,4144,4141,4142,-1,4145,4143,4146,-1,4146,4143,4144,-1,4147,4145,4148,-1,4148,4145,4146,-1,4147,4148,4149,-1,4149,4148,4150,-1,4149,4150,4151,-1,4151,4150,4152,-1,4151,4152,4153,-1,4153,4152,4154,-1,4153,4154,4155,-1,4155,4154,4156,-1,4155,4156,4157,-1,4157,4156,4158,-1,4159,4157,4160,-1,4160,4157,4158,-1,4161,4159,4162,-1,4162,4159,4160,-1,4163,4161,4164,-1,4164,4161,4162,-1,4165,4163,4166,-1,4166,4163,4164,-1,4167,4165,4168,-1,4168,4165,4166,-1,4169,4167,4170,-1,4170,4167,4168,-1,4171,4169,4172,-1,4172,4169,4170,-1,4173,4171,4174,-1,4174,4171,4172,-1,4175,4173,4176,-1,4176,4173,4174,-1,4175,4176,4177,-1,4175,4177,4178,-1,4178,4177,4179,-1,4178,4179,4180,-1,4180,4179,4181,-1,4180,4181,4182,-1,4182,4181,4183,-1,4182,4183,4184,-1,4184,4183,4185,-1,4184,4185,4186,-1,4186,4185,4187,-1,4186,4187,4188,-1,4188,4187,4189,-1,4188,4189,4190,-1,4191,4190,4192,-1,4192,4190,4189,-1,4193,4191,4194,-1,4194,4191,4192,-1,4195,4193,4196,-1,4196,4193,4194,-1,4195,4196,4197,-1,4197,4196,4198,-1,4197,4198,4199,-1,4199,4198,4200,-1,4199,4200,4201,-1,4201,4200,4202,-1,4201,4202,4203,-1,4203,4202,4204,-1,4203,4204,4205,-1,4205,4204,4206,-1,4205,4206,4207,-1,4207,4206,4208,-1,4207,4208,4209,-1,4209,4208,4210,-1,4209,4210,4211,-1,4211,4210,4212,-1,4211,4212,4213,-1,4213,4212,4214,-1,4213,4214,4215,-1,4215,4214,4216,-1,4215,4216,4217,-1,4217,4216,4218,-1,4217,4218,4219,-1,4219,4218,4220,-1,4221,4219,4222,-1,4222,4219,4220,-1,4223,4221,4224,-1,4224,4221,4222,-1,4127,4225,4128,-1,4128,4225,4226,-1,4140,4141,4127,-1,4163,4151,4153,-1,4227,4163,4165,-1,4149,4143,4147,-1,4147,4143,4145,-1,4221,4223,4228,-1,4225,4127,4229,-1,4229,4127,4141,-1,4229,4141,4227,-1,4227,4141,4143,-1,4227,4143,4163,-1,4163,4143,4149,-1,4163,4149,4151,-1,4159,4161,4157,-1,4157,4161,4163,-1,4157,4163,4155,-1,4155,4163,4153,-1,4197,4199,4171,-1,4186,4188,4175,-1,4132,4134,4136,-1,4221,4228,4219,-1,4219,4228,4227,-1,4219,4227,4217,-1,4127,4130,4140,-1,4140,4130,4132,-1,4140,4132,4138,-1,4138,4132,4136,-1,4171,4199,4169,-1,4178,4180,4182,-1,4188,4190,4175,-1,4175,4190,4191,-1,4175,4191,4173,-1,4173,4191,4193,-1,4173,4193,4171,-1,4171,4193,4195,-1,4171,4195,4197,-1,4178,4182,4175,-1,4175,4182,4184,-1,4175,4184,4186,-1,4211,4213,4227,-1,4227,4213,4215,-1,4227,4215,4217,-1,4199,4201,4169,-1,4169,4201,4203,-1,4169,4203,4167,-1,4167,4203,4205,-1,4167,4205,4165,-1,4165,4205,4207,-1,4165,4207,4227,-1,4227,4207,4209,-1,4227,4209,4211,-1,4166,4164,4230,-1,4164,4156,4154,-1,4152,4150,4144,-1,4144,4150,4148,-1,4144,4148,4146,-1,4129,4128,4139,-1,4139,4128,4142,-1,4154,4152,4164,-1,4164,4152,4144,-1,4164,4144,4230,-1,4230,4144,4142,-1,4230,4142,4231,-1,4231,4142,4128,-1,4231,4128,4226,-1,4194,4192,4189,-1,4162,4160,4164,-1,4164,4160,4158,-1,4164,4158,4156,-1,4135,4133,4131,-1,4187,4185,4176,-1,4129,4139,4131,-1,4131,4139,4137,-1,4131,4137,4135,-1,4185,4183,4176,-1,4176,4183,4181,-1,4176,4181,4177,-1,4177,4181,4179,-1,4200,4172,4202,-1,4202,4172,4170,-1,4220,4230,4222,-1,4222,4230,4232,-1,4222,4232,4224,-1,4220,4218,4230,-1,4230,4218,4216,-1,4230,4216,4214,-1,4200,4198,4172,-1,4172,4198,4196,-1,4172,4196,4174,-1,4174,4196,4194,-1,4174,4194,4176,-1,4176,4194,4189,-1,4176,4189,4187,-1,4214,4212,4230,-1,4230,4212,4210,-1,4230,4210,4166,-1,4166,4210,4208,-1,4166,4208,4168,-1,4168,4208,4206,-1,4168,4206,4170,-1,4170,4206,4204,-1,4170,4204,4202,-1,4233,4234,4235,-1,4235,4234,4236,-1,4237,4233,4238,-1,4238,4233,4235,-1,4237,4238,4239,-1,4237,4239,4240,-1,4240,4239,4241,-1,4240,4241,4242,-1,4242,4241,4243,-1,4242,4243,4244,-1,4244,4243,4245,-1,4244,4245,4246,-1,4246,4245,4247,-1,4246,4247,4248,-1,4249,4248,4250,-1,4250,4248,4247,-1,4251,4249,4252,-1,4252,4249,4250,-1,4251,4252,4253,-1,4251,4253,4254,-1,4254,4253,4255,-1,4254,4255,4256,-1,4256,4255,4257,-1,4256,4257,4258,-1,4258,4257,4259,-1,4258,4259,4260,-1,4260,4259,4261,-1,4260,4261,4262,-1,4262,4261,4263,-1,4262,4263,4264,-1,4265,4264,4266,-1,4266,4264,4263,-1,4265,4266,4267,-1,4265,4267,4268,-1,4268,4267,4269,-1,4268,4269,4270,-1,4270,4269,4271,-1,4270,4271,4272,-1,4272,4271,4273,-1,4272,4273,4274,-1,4274,4273,4275,-1,4274,4275,4276,-1,4276,4275,4277,-1,4276,4277,4278,-1,4279,4278,4280,-1,4280,4278,4277,-1,4279,4234,4233,-1,4249,4251,4264,-1,4279,4233,4248,-1,4248,4233,4237,-1,4248,4237,4240,-1,4240,4242,4248,-1,4248,4242,4244,-1,4248,4244,4246,-1,4248,4249,4279,-1,4279,4249,4264,-1,4279,4264,4278,-1,4278,4264,4265,-1,4278,4265,4268,-1,4256,4258,4254,-1,4254,4258,4260,-1,4254,4260,4251,-1,4251,4260,4262,-1,4251,4262,4264,-1,4268,4270,4278,-1,4278,4270,4272,-1,4278,4272,4276,-1,4276,4272,4274,-1,4235,4236,4280,-1,4235,4280,4238,-1,4267,4266,4277,-1,4241,4239,4238,-1,4277,4266,4280,-1,4280,4266,4263,-1,4280,4263,4252,-1,4241,4238,4243,-1,4275,4273,4271,-1,4263,4261,4252,-1,4252,4261,4259,-1,4252,4259,4253,-1,4253,4259,4257,-1,4253,4257,4255,-1,4252,4250,4280,-1,4280,4250,4247,-1,4280,4247,4238,-1,4238,4247,4245,-1,4238,4245,4243,-1,4275,4271,4277,-1,4277,4271,4269,-1,4277,4269,4267,-1,4281,4282,4283,-1,4283,4282,4284,-1,4285,4286,4287,-1,4287,4286,4288,-1,4289,4290,4291,-1,4289,4291,4292,-1,4292,4291,4293,-1,4292,4293,4294,-1,4294,4293,4295,-1,4294,4295,4296,-1,4296,4295,4297,-1,4296,4297,4298,-1,4298,4297,4299,-1,4298,4299,4300,-1,4300,4299,4301,-1,4300,4301,4302,-1,4303,4302,4304,-1,4304,4302,4301,-1,4303,4304,4305,-1,4303,4305,4306,-1,4306,4305,4307,-1,4306,4307,4308,-1,4308,4307,4309,-1,4308,4309,4310,-1,4310,4309,4311,-1,4310,4311,4312,-1,4312,4311,4313,-1,4312,4313,4314,-1,4315,4314,4316,-1,4316,4314,4313,-1,4286,4317,4288,-1,4288,4317,4318,-1,4294,4296,4286,-1,4315,4317,4314,-1,4314,4317,4286,-1,4286,4285,4319,-1,4294,4286,4292,-1,4296,4298,4286,-1,4286,4298,4300,-1,4286,4300,4302,-1,4320,4281,4319,-1,4319,4281,4283,-1,4319,4283,4286,-1,4286,4283,4289,-1,4286,4289,4292,-1,4302,4303,4286,-1,4286,4303,4306,-1,4286,4306,4308,-1,4308,4310,4286,-1,4286,4310,4312,-1,4286,4312,4314,-1,4282,4321,4284,-1,4284,4321,4322,-1,4305,4304,4288,-1,4288,4304,4301,-1,4288,4301,4299,-1,4288,4293,4291,-1,4322,4287,4284,-1,4284,4287,4288,-1,4284,4288,4290,-1,4290,4288,4291,-1,4318,4316,4288,-1,4288,4316,4313,-1,4288,4313,4311,-1,4299,4297,4288,-1,4288,4297,4295,-1,4288,4295,4293,-1,4311,4309,4288,-1,4288,4309,4307,-1,4288,4307,4305,-1,4323,4324,4325,-1,4325,4324,4326,-1,4327,4328,4329,-1,4327,4329,4330,-1,4330,4329,4331,-1,4330,4331,4332,-1,4332,4331,4333,-1,4332,4333,4334,-1,4334,4333,4335,-1,4334,4335,4336,-1,4336,4335,4337,-1,4336,4337,4338,-1,4338,4337,4339,-1,4338,4339,4340,-1,4341,4340,4342,-1,4342,4340,4339,-1,4343,4344,4345,-1,4345,4344,4346,-1,4347,4343,4348,-1,4348,4343,4345,-1,4349,4347,4350,-1,4350,4347,4348,-1,4351,4349,4352,-1,4352,4349,4350,-1,4353,4351,4354,-1,4354,4351,4352,-1,4355,4353,4356,-1,4356,4353,4354,-1,4357,4355,4358,-1,4358,4355,4356,-1,4357,4358,4359,-1,4359,4358,4360,-1,4359,4360,4361,-1,4361,4360,4362,-1,4361,4362,4363,-1,4363,4362,4364,-1,4363,4364,4365,-1,4365,4364,4366,-1,4365,4366,4367,-1,4367,4366,4368,-1,4367,4368,4369,-1,4369,4368,4370,-1,4369,4370,4371,-1,4371,4370,4372,-1,4371,4372,4373,-1,4373,4372,4374,-1,4373,4374,4375,-1,4375,4374,4376,-1,4375,4376,4377,-1,4377,4376,4378,-1,4377,4378,4379,-1,4379,4378,4380,-1,4379,4380,4381,-1,4381,4380,4382,-1,4383,4381,4384,-1,4384,4381,4382,-1,4385,4383,4386,-1,4386,4383,4384,-1,4387,4385,4388,-1,4388,4385,4386,-1,4389,4387,4390,-1,4390,4387,4388,-1,4389,4390,4391,-1,4389,4391,4392,-1,4392,4391,4393,-1,4392,4393,4394,-1,4394,4393,4395,-1,4394,4395,4396,-1,4396,4395,4397,-1,4396,4397,4398,-1,4398,4397,4399,-1,4398,4399,4400,-1,4400,4399,4401,-1,4400,4401,4402,-1,4403,4402,4404,-1,4404,4402,4401,-1,4405,4406,4407,-1,4407,4406,4408,-1,4409,4405,4410,-1,4410,4405,4407,-1,4411,4409,4412,-1,4412,4409,4410,-1,4413,4414,4415,-1,4415,4414,4416,-1,4417,4413,4418,-1,4418,4413,4415,-1,4419,4417,4420,-1,4420,4417,4418,-1,4421,4419,4422,-1,4422,4419,4420,-1,4423,4421,4424,-1,4424,4421,4422,-1,4425,4423,4426,-1,4426,4423,4424,-1,4427,4428,4429,-1,4429,4428,4430,-1,4431,4427,4432,-1,4432,4427,4429,-1,4433,4431,4434,-1,4434,4431,4432,-1,4435,4433,4436,-1,4436,4433,4434,-1,4435,4436,4437,-1,4437,4436,4438,-1,4437,4438,4439,-1,4439,4438,4440,-1,4439,4440,4441,-1,4441,4440,4442,-1,4441,4442,4443,-1,4443,4442,4444,-1,4443,4444,4445,-1,4445,4444,4446,-1,4445,4446,4447,-1,4447,4446,4448,-1,4327,4447,4328,-1,4328,4447,4448,-1,4423,4425,4449,-1,4423,4449,4421,-1,4351,4353,4450,-1,4411,4414,4409,-1,4409,4414,4413,-1,4451,4406,4324,-1,4324,4406,4405,-1,4419,4421,4417,-1,4417,4421,4449,-1,4417,4449,4413,-1,4413,4449,4452,-1,4413,4452,4409,-1,4402,4403,4453,-1,4400,4402,4389,-1,4389,4402,4387,-1,4454,4344,4450,-1,4450,4344,4343,-1,4450,4365,4367,-1,4435,4437,4326,-1,4389,4392,4394,-1,4353,4355,4357,-1,4402,4453,4387,-1,4387,4453,4375,-1,4387,4375,4377,-1,4435,4326,4433,-1,4437,4439,4326,-1,4326,4439,4441,-1,4326,4441,4450,-1,4450,4441,4443,-1,4450,4443,4445,-1,4343,4347,4450,-1,4450,4347,4349,-1,4450,4349,4351,-1,4394,4396,4389,-1,4389,4396,4398,-1,4389,4398,4400,-1,4367,4369,4450,-1,4450,4369,4371,-1,4450,4371,4453,-1,4453,4371,4373,-1,4453,4373,4375,-1,4383,4385,4381,-1,4381,4385,4387,-1,4381,4387,4379,-1,4379,4387,4377,-1,4445,4455,4450,-1,4450,4455,4456,-1,4450,4456,4454,-1,4357,4359,4353,-1,4353,4359,4361,-1,4353,4361,4450,-1,4450,4361,4363,-1,4450,4363,4365,-1,4326,4324,4433,-1,4433,4324,4405,-1,4433,4405,4431,-1,4431,4405,4409,-1,4431,4409,4427,-1,4427,4409,4452,-1,4427,4452,4428,-1,4447,4457,4445,-1,4445,4457,4458,-1,4445,4458,4455,-1,4447,4327,4457,-1,4457,4327,4340,-1,4457,4340,4341,-1,4327,4330,4340,-1,4340,4330,4332,-1,4340,4332,4338,-1,4338,4332,4334,-1,4338,4334,4336,-1,4415,4416,4410,-1,4410,4416,4412,-1,4408,4459,4407,-1,4407,4459,4323,-1,4426,4424,4460,-1,4460,4424,4422,-1,4460,4422,4420,-1,4345,4346,4461,-1,4434,4432,4410,-1,4429,4430,4462,-1,4350,4348,4345,-1,4380,4378,4388,-1,4420,4418,4460,-1,4460,4418,4415,-1,4460,4415,4462,-1,4462,4415,4410,-1,4462,4410,4429,-1,4429,4410,4432,-1,4354,4352,4463,-1,4463,4352,4350,-1,4388,4378,4464,-1,4370,4368,4463,-1,4356,4354,4358,-1,4358,4354,4360,-1,4464,4404,4388,-1,4388,4404,4401,-1,4388,4401,4390,-1,4390,4401,4399,-1,4390,4399,4397,-1,4350,4345,4463,-1,4463,4345,4461,-1,4463,4461,4465,-1,4386,4384,4388,-1,4388,4384,4382,-1,4388,4382,4380,-1,4378,4376,4464,-1,4464,4376,4374,-1,4464,4374,4463,-1,4463,4374,4372,-1,4463,4372,4370,-1,4397,4395,4390,-1,4390,4395,4393,-1,4390,4393,4391,-1,4465,4446,4463,-1,4463,4446,4444,-1,4463,4444,4325,-1,4325,4444,4442,-1,4325,4442,4440,-1,4465,4466,4446,-1,4446,4466,4467,-1,4446,4467,4448,-1,4448,4467,4468,-1,4448,4468,4328,-1,4328,4468,4342,-1,4440,4438,4325,-1,4325,4438,4436,-1,4325,4436,4323,-1,4323,4436,4434,-1,4323,4434,4407,-1,4407,4434,4410,-1,4368,4366,4463,-1,4463,4366,4364,-1,4463,4364,4354,-1,4354,4364,4362,-1,4354,4362,4360,-1,4331,4337,4333,-1,4333,4337,4335,-1,4342,4339,4328,-1,4328,4339,4337,-1,4328,4337,4329,-1,4329,4337,4331,-1,4469,4470,4471,-1,4469,4471,4472,-1,4472,4471,4473,-1,4472,4473,4474,-1,4474,4473,4475,-1,4474,4475,4476,-1,4476,4475,4477,-1,4476,4477,4478,-1,4478,4477,4479,-1,4478,4479,4480,-1,4480,4479,4481,-1,4480,4481,4482,-1,4482,4481,4483,-1,4482,4483,4484,-1,4484,4483,4485,-1,4484,4485,4486,-1,4486,4485,4487,-1,4486,4487,4488,-1,4488,4487,4489,-1,4488,4489,4490,-1,4490,4489,4491,-1,4490,4491,4492,-1,4493,4492,4494,-1,4494,4492,4491,-1,4495,4496,4497,-1,4497,4496,4498,-1,4499,4495,4500,-1,4500,4495,4497,-1,4499,4500,4501,-1,4499,4501,4502,-1,4502,4501,4503,-1,4502,4503,4504,-1,4504,4503,4505,-1,4504,4505,4506,-1,4506,4505,4507,-1,4506,4507,4508,-1,4508,4507,4509,-1,4508,4509,4510,-1,4469,4510,4470,-1,4470,4510,4509,-1,4504,4506,4508,-1,4472,4490,4469,-1,4469,4490,4492,-1,4469,4492,4510,-1,4472,4474,4490,-1,4490,4474,4476,-1,4490,4476,4478,-1,4482,4484,4486,-1,4493,4496,4492,-1,4492,4496,4495,-1,4492,4495,4510,-1,4510,4495,4499,-1,4510,4499,4508,-1,4508,4499,4502,-1,4508,4502,4504,-1,4478,4480,4490,-1,4490,4480,4482,-1,4490,4482,4488,-1,4488,4482,4486,-1,4501,4500,4509,-1,4509,4500,4497,-1,4509,4497,4470,-1,4485,4483,4481,-1,4479,4477,4489,-1,4489,4477,4475,-1,4489,4475,4473,-1,4498,4494,4497,-1,4497,4494,4491,-1,4497,4491,4470,-1,4470,4491,4489,-1,4470,4489,4471,-1,4471,4489,4473,-1,4479,4489,4481,-1,4481,4489,4487,-1,4481,4487,4485,-1,4507,4505,4509,-1,4509,4505,4503,-1,4509,4503,4501,-1,4511,4512,4513,-1,4513,4512,4514,-1,4511,4513,4515,-1,4511,4515,4516,-1,4516,4515,4517,-1,4516,4517,4518,-1,4518,4517,4519,-1,4518,4519,4520,-1,4520,4519,4521,-1,4520,4521,4522,-1,4522,4521,4523,-1,4522,4523,4524,-1,4524,4523,4525,-1,4524,4525,4526,-1,4526,4525,4527,-1,4526,4527,4528,-1,4528,4527,4529,-1,4528,4529,4530,-1,4530,4529,4531,-1,4530,4531,4532,-1,4532,4531,4533,-1,4532,4533,4534,-1,4535,4534,4536,-1,4536,4534,4533,-1,4535,4536,4537,-1,4535,4537,4538,-1,4538,4537,4539,-1,4538,4539,4540,-1,4540,4539,4541,-1,4540,4541,4542,-1,4542,4541,4543,-1,4542,4543,4544,-1,4544,4543,4545,-1,4544,4545,4546,-1,4546,4545,4547,-1,4546,4547,4548,-1,4549,4548,4550,-1,4550,4548,4547,-1,4551,4549,4552,-1,4552,4549,4550,-1,4551,4553,4549,-1,4549,4553,4512,-1,4549,4512,4511,-1,4528,4530,4511,-1,4530,4532,4511,-1,4511,4532,4534,-1,4511,4534,4549,-1,4549,4534,4535,-1,4549,4535,4548,-1,4528,4511,4526,-1,4526,4511,4516,-1,4526,4516,4518,-1,4518,4520,4526,-1,4526,4520,4522,-1,4526,4522,4524,-1,4540,4542,4538,-1,4538,4542,4544,-1,4538,4544,4535,-1,4535,4544,4546,-1,4535,4546,4548,-1,4554,4552,4550,-1,4536,4533,4513,-1,4513,4533,4531,-1,4531,4529,4513,-1,4513,4529,4527,-1,4513,4527,4525,-1,4514,4554,4513,-1,4513,4554,4550,-1,4513,4550,4536,-1,4536,4550,4547,-1,4536,4547,4545,-1,4545,4543,4536,-1,4536,4543,4541,-1,4536,4541,4537,-1,4537,4541,4539,-1,4519,4525,4521,-1,4521,4525,4523,-1,4519,4517,4525,-1,4525,4517,4515,-1,4525,4515,4513,-1,4555,4556,4557,-1,4557,4556,4558,-1,4559,4560,4561,-1,4561,4560,4562,-1,4563,4564,4565,-1,4563,4565,4566,-1,4566,4565,4567,-1,4566,4567,4568,-1,4568,4567,4569,-1,4568,4569,4570,-1,4570,4569,4571,-1,4570,4571,4572,-1,4572,4571,4573,-1,4572,4573,4574,-1,4574,4573,4575,-1,4574,4575,4576,-1,4577,4576,4578,-1,4578,4576,4575,-1,4577,4578,4579,-1,4577,4579,4580,-1,4580,4579,4581,-1,4580,4581,4582,-1,4582,4581,4583,-1,4582,4583,4584,-1,4584,4583,4585,-1,4584,4585,4586,-1,4586,4585,4587,-1,4586,4587,4588,-1,4589,4588,4590,-1,4590,4588,4587,-1,4560,4591,4562,-1,4562,4591,4592,-1,4568,4570,4560,-1,4589,4591,4588,-1,4588,4591,4560,-1,4560,4559,4593,-1,4568,4560,4566,-1,4570,4572,4560,-1,4560,4572,4574,-1,4560,4574,4576,-1,4594,4555,4593,-1,4593,4555,4557,-1,4593,4557,4560,-1,4560,4557,4563,-1,4560,4563,4566,-1,4576,4577,4560,-1,4560,4577,4580,-1,4560,4580,4582,-1,4582,4584,4560,-1,4560,4584,4586,-1,4560,4586,4588,-1,4556,4595,4558,-1,4558,4595,4596,-1,4579,4578,4562,-1,4562,4578,4575,-1,4562,4575,4573,-1,4562,4567,4565,-1,4596,4561,4558,-1,4558,4561,4562,-1,4558,4562,4564,-1,4564,4562,4565,-1,4592,4590,4562,-1,4562,4590,4587,-1,4562,4587,4585,-1,4573,4571,4562,-1,4562,4571,4569,-1,4562,4569,4567,-1,4585,4583,4562,-1,4562,4583,4581,-1,4562,4581,4579,-1,4597,4598,4599,-1,4599,4598,4600,-1,4601,4602,4603,-1,4601,4603,4604,-1,4604,4603,4605,-1,4604,4605,4606,-1,4606,4605,4607,-1,4606,4607,4608,-1,4608,4607,4609,-1,4608,4609,4610,-1,4610,4609,4611,-1,4610,4611,4612,-1,4612,4611,4613,-1,4612,4613,4614,-1,4615,4614,4616,-1,4616,4614,4613,-1,4617,4618,4619,-1,4619,4618,4620,-1,4621,4617,4622,-1,4622,4617,4619,-1,4623,4621,4624,-1,4624,4621,4622,-1,4625,4623,4626,-1,4626,4623,4624,-1,4627,4625,4628,-1,4628,4625,4626,-1,4629,4627,4630,-1,4630,4627,4628,-1,4631,4629,4632,-1,4632,4629,4630,-1,4631,4632,4633,-1,4633,4632,4634,-1,4633,4634,4635,-1,4635,4634,4636,-1,4635,4636,4637,-1,4637,4636,4638,-1,4637,4638,4639,-1,4639,4638,4640,-1,4639,4640,4641,-1,4641,4640,4642,-1,4641,4642,4643,-1,4643,4642,4644,-1,4643,4644,4645,-1,4645,4644,4646,-1,4645,4646,4647,-1,4647,4646,4648,-1,4647,4648,4649,-1,4649,4648,4650,-1,4649,4650,4651,-1,4651,4650,4652,-1,4651,4652,4653,-1,4653,4652,4654,-1,4653,4654,4655,-1,4655,4654,4656,-1,4657,4655,4658,-1,4658,4655,4656,-1,4659,4657,4660,-1,4660,4657,4658,-1,4661,4659,4662,-1,4662,4659,4660,-1,4663,4661,4664,-1,4664,4661,4662,-1,4663,4664,4665,-1,4663,4665,4666,-1,4666,4665,4667,-1,4666,4667,4668,-1,4668,4667,4669,-1,4668,4669,4670,-1,4670,4669,4671,-1,4670,4671,4672,-1,4672,4671,4673,-1,4672,4673,4674,-1,4674,4673,4675,-1,4674,4675,4676,-1,4677,4676,4678,-1,4678,4676,4675,-1,4679,4680,4681,-1,4681,4680,4682,-1,4683,4679,4684,-1,4684,4679,4681,-1,4685,4683,4686,-1,4686,4683,4684,-1,4687,4688,4689,-1,4689,4688,4690,-1,4691,4687,4692,-1,4692,4687,4689,-1,4693,4691,4694,-1,4694,4691,4692,-1,4695,4693,4696,-1,4696,4693,4694,-1,4697,4695,4698,-1,4698,4695,4696,-1,4699,4697,4700,-1,4700,4697,4698,-1,4701,4702,4703,-1,4703,4702,4704,-1,4705,4701,4706,-1,4706,4701,4703,-1,4707,4705,4708,-1,4708,4705,4706,-1,4709,4707,4710,-1,4710,4707,4708,-1,4709,4710,4711,-1,4711,4710,4712,-1,4711,4712,4713,-1,4713,4712,4714,-1,4713,4714,4715,-1,4715,4714,4716,-1,4715,4716,4717,-1,4717,4716,4718,-1,4717,4718,4719,-1,4719,4718,4720,-1,4719,4720,4721,-1,4721,4720,4722,-1,4601,4721,4602,-1,4602,4721,4722,-1,4697,4699,4723,-1,4697,4723,4695,-1,4724,4680,4598,-1,4598,4680,4679,-1,4625,4627,4725,-1,4685,4688,4683,-1,4683,4688,4687,-1,4693,4695,4691,-1,4691,4695,4723,-1,4691,4723,4687,-1,4687,4723,4726,-1,4687,4726,4683,-1,4676,4677,4727,-1,4674,4676,4663,-1,4663,4676,4661,-1,4709,4711,4600,-1,4728,4618,4725,-1,4725,4618,4617,-1,4725,4639,4641,-1,4709,4600,4707,-1,4663,4666,4668,-1,4627,4629,4631,-1,4676,4727,4661,-1,4661,4727,4649,-1,4661,4649,4651,-1,4711,4713,4600,-1,4600,4713,4715,-1,4600,4715,4725,-1,4725,4715,4717,-1,4725,4717,4719,-1,4617,4621,4725,-1,4725,4621,4623,-1,4725,4623,4625,-1,4668,4670,4663,-1,4663,4670,4672,-1,4663,4672,4674,-1,4641,4643,4725,-1,4725,4643,4645,-1,4725,4645,4727,-1,4727,4645,4647,-1,4727,4647,4649,-1,4657,4659,4655,-1,4655,4659,4661,-1,4655,4661,4653,-1,4653,4661,4651,-1,4600,4598,4707,-1,4707,4598,4679,-1,4707,4679,4705,-1,4705,4679,4683,-1,4705,4683,4701,-1,4701,4683,4726,-1,4701,4726,4702,-1,4614,4615,4729,-1,4729,4730,4719,-1,4719,4730,4731,-1,4719,4731,4725,-1,4725,4731,4732,-1,4725,4732,4728,-1,4631,4633,4627,-1,4627,4633,4635,-1,4627,4635,4725,-1,4725,4635,4637,-1,4725,4637,4639,-1,4719,4721,4729,-1,4729,4721,4601,-1,4729,4601,4614,-1,4614,4601,4604,-1,4614,4604,4606,-1,4608,4610,4606,-1,4606,4610,4612,-1,4606,4612,4614,-1,4682,4733,4681,-1,4681,4733,4597,-1,4689,4690,4684,-1,4684,4690,4686,-1,4700,4698,4734,-1,4734,4698,4696,-1,4734,4696,4694,-1,4619,4620,4735,-1,4708,4706,4684,-1,4703,4704,4736,-1,4624,4622,4619,-1,4654,4652,4662,-1,4694,4692,4734,-1,4734,4692,4689,-1,4734,4689,4736,-1,4736,4689,4684,-1,4736,4684,4703,-1,4703,4684,4706,-1,4628,4626,4737,-1,4737,4626,4624,-1,4662,4652,4738,-1,4644,4642,4737,-1,4630,4628,4632,-1,4632,4628,4634,-1,4738,4678,4662,-1,4662,4678,4675,-1,4662,4675,4664,-1,4664,4675,4673,-1,4664,4673,4671,-1,4624,4619,4737,-1,4737,4619,4735,-1,4737,4735,4739,-1,4714,4712,4599,-1,4599,4712,4710,-1,4599,4710,4597,-1,4597,4710,4708,-1,4597,4708,4681,-1,4681,4708,4684,-1,4660,4658,4662,-1,4662,4658,4656,-1,4662,4656,4654,-1,4652,4650,4738,-1,4738,4650,4648,-1,4738,4648,4737,-1,4737,4648,4646,-1,4737,4646,4644,-1,4671,4669,4664,-1,4664,4669,4667,-1,4664,4667,4665,-1,4739,4720,4737,-1,4737,4720,4718,-1,4737,4718,4599,-1,4599,4718,4716,-1,4599,4716,4714,-1,4739,4740,4720,-1,4720,4740,4741,-1,4720,4741,4722,-1,4722,4741,4742,-1,4722,4742,4602,-1,4602,4742,4616,-1,4642,4640,4737,-1,4737,4640,4638,-1,4737,4638,4628,-1,4628,4638,4636,-1,4628,4636,4634,-1,4607,4605,4609,-1,4609,4605,4611,-1,4616,4613,4602,-1,4602,4613,4611,-1,4602,4611,4603,-1,4603,4611,4605,-1,4743,4744,4745,-1,4743,4745,4746,-1,4746,4745,4747,-1,4746,4747,4748,-1,4748,4747,4749,-1,4748,4749,4750,-1,4750,4749,4751,-1,4750,4751,4752,-1,4752,4751,4753,-1,4752,4753,4754,-1,4754,4753,4755,-1,4754,4755,4756,-1,4756,4755,4757,-1,4756,4757,4758,-1,4758,4757,4759,-1,4758,4759,4760,-1,4760,4759,4761,-1,4760,4761,4762,-1,4762,4761,4763,-1,4762,4763,4764,-1,4764,4763,4765,-1,4764,4765,4766,-1,4767,4766,4768,-1,4768,4766,4765,-1,4769,4770,4771,-1,4771,4770,4772,-1,4773,4769,4774,-1,4774,4769,4771,-1,4773,4774,4775,-1,4773,4775,4776,-1,4776,4775,4777,-1,4776,4777,4778,-1,4778,4777,4779,-1,4778,4779,4780,-1,4780,4779,4781,-1,4780,4781,4782,-1,4782,4781,4783,-1,4782,4783,4784,-1,4743,4784,4744,-1,4744,4784,4783,-1,4784,4743,4766,-1,4778,4780,4782,-1,4746,4748,4756,-1,4746,4756,4743,-1,4743,4756,4758,-1,4743,4758,4760,-1,4760,4762,4743,-1,4743,4762,4764,-1,4743,4764,4766,-1,4767,4770,4766,-1,4766,4770,4769,-1,4766,4769,4784,-1,4784,4769,4773,-1,4784,4773,4782,-1,4782,4773,4776,-1,4782,4776,4778,-1,4748,4750,4756,-1,4756,4750,4752,-1,4756,4752,4754,-1,4775,4774,4783,-1,4783,4774,4771,-1,4783,4771,4744,-1,4761,4759,4744,-1,4772,4768,4771,-1,4771,4768,4765,-1,4771,4765,4744,-1,4744,4765,4763,-1,4744,4763,4761,-1,4759,4757,4744,-1,4744,4757,4755,-1,4744,4755,4745,-1,4745,4755,4747,-1,4753,4751,4755,-1,4755,4751,4749,-1,4755,4749,4747,-1,4781,4779,4783,-1,4783,4779,4777,-1,4783,4777,4775,-1,4785,4786,4787,-1,4787,4786,4788,-1,4785,4787,4789,-1,4785,4789,4790,-1,4790,4789,4791,-1,4790,4791,4792,-1,4792,4791,4793,-1,4792,4793,4794,-1,4794,4793,4795,-1,4794,4795,4796,-1,4796,4795,4797,-1,4796,4797,4798,-1,4798,4797,4799,-1,4798,4799,4800,-1,4800,4799,4801,-1,4800,4801,4802,-1,4802,4801,4803,-1,4802,4803,4804,-1,4804,4803,4805,-1,4804,4805,4806,-1,4806,4805,4807,-1,4806,4807,4808,-1,4809,4808,4810,-1,4810,4808,4807,-1,4809,4810,4811,-1,4809,4811,4812,-1,4812,4811,4813,-1,4812,4813,4814,-1,4814,4813,4815,-1,4814,4815,4816,-1,4816,4815,4817,-1,4816,4817,4818,-1,4818,4817,4819,-1,4818,4819,4820,-1,4820,4819,4821,-1,4820,4821,4822,-1,4823,4822,4824,-1,4824,4822,4821,-1,4825,4823,4826,-1,4826,4823,4824,-1,4825,4827,4823,-1,4823,4827,4786,-1,4823,4786,4785,-1,4802,4804,4785,-1,4804,4806,4785,-1,4785,4806,4808,-1,4785,4808,4823,-1,4823,4808,4809,-1,4823,4809,4822,-1,4802,4785,4800,-1,4800,4785,4790,-1,4800,4790,4792,-1,4792,4794,4800,-1,4800,4794,4796,-1,4800,4796,4798,-1,4814,4816,4812,-1,4812,4816,4818,-1,4812,4818,4809,-1,4809,4818,4820,-1,4809,4820,4822,-1,4828,4826,4824,-1,4810,4807,4787,-1,4787,4807,4805,-1,4787,4805,4803,-1,4803,4801,4787,-1,4787,4801,4799,-1,4787,4799,4789,-1,4788,4828,4787,-1,4787,4828,4824,-1,4787,4824,4810,-1,4810,4824,4821,-1,4810,4821,4819,-1,4799,4797,4795,-1,4819,4817,4810,-1,4810,4817,4815,-1,4810,4815,4811,-1,4811,4815,4813,-1,4795,4793,4799,-1,4799,4793,4791,-1,4799,4791,4789,-1,4829,4830,4831,-1,4831,4830,4832,-1,4833,4834,4835,-1,4835,4834,4836,-1,4837,4838,4839,-1,4837,4839,4840,-1,4840,4839,4841,-1,4840,4841,4842,-1,4842,4841,4843,-1,4842,4843,4844,-1,4844,4843,4845,-1,4844,4845,4846,-1,4846,4845,4847,-1,4846,4847,4848,-1,4848,4847,4849,-1,4848,4849,4850,-1,4851,4850,4852,-1,4852,4850,4849,-1,4851,4852,4853,-1,4851,4853,4854,-1,4854,4853,4855,-1,4854,4855,4856,-1,4856,4855,4857,-1,4856,4857,4858,-1,4858,4857,4859,-1,4858,4859,4860,-1,4860,4859,4861,-1,4860,4861,4862,-1,4863,4862,4864,-1,4864,4862,4861,-1,4834,4865,4836,-1,4836,4865,4866,-1,4842,4844,4834,-1,4863,4865,4862,-1,4862,4865,4834,-1,4834,4833,4867,-1,4842,4834,4840,-1,4844,4846,4834,-1,4834,4846,4848,-1,4834,4848,4850,-1,4868,4829,4867,-1,4867,4829,4831,-1,4867,4831,4834,-1,4834,4831,4837,-1,4834,4837,4840,-1,4850,4851,4834,-1,4834,4851,4854,-1,4834,4854,4856,-1,4856,4858,4834,-1,4834,4858,4860,-1,4834,4860,4862,-1,4830,4869,4832,-1,4832,4869,4870,-1,4853,4852,4836,-1,4836,4852,4849,-1,4836,4849,4847,-1,4836,4841,4839,-1,4870,4835,4832,-1,4832,4835,4836,-1,4832,4836,4838,-1,4838,4836,4839,-1,4866,4864,4836,-1,4836,4864,4861,-1,4836,4861,4859,-1,4847,4845,4836,-1,4836,4845,4843,-1,4836,4843,4841,-1,4859,4857,4836,-1,4836,4857,4855,-1,4836,4855,4853,-1,4871,4872,4873,-1,4873,4872,4874,-1,4875,4876,4877,-1,4875,4877,4878,-1,4878,4877,4879,-1,4878,4879,4880,-1,4880,4879,4881,-1,4880,4881,4882,-1,4882,4881,4883,-1,4882,4883,4884,-1,4884,4883,4885,-1,4884,4885,4886,-1,4886,4885,4887,-1,4886,4887,4888,-1,4889,4888,4890,-1,4890,4888,4887,-1,4891,4892,4893,-1,4893,4892,4894,-1,4895,4891,4896,-1,4896,4891,4893,-1,4897,4895,4898,-1,4898,4895,4896,-1,4899,4897,4900,-1,4900,4897,4898,-1,4901,4899,4902,-1,4902,4899,4900,-1,4903,4901,4904,-1,4904,4901,4902,-1,4905,4903,4906,-1,4906,4903,4904,-1,4905,4906,4907,-1,4907,4906,4908,-1,4907,4908,4909,-1,4909,4908,4910,-1,4909,4910,4911,-1,4911,4910,4912,-1,4911,4912,4913,-1,4913,4912,4914,-1,4913,4914,4915,-1,4915,4914,4916,-1,4915,4916,4917,-1,4917,4916,4918,-1,4917,4918,4919,-1,4919,4918,4920,-1,4919,4920,4921,-1,4921,4920,4922,-1,4921,4922,4923,-1,4923,4922,4924,-1,4923,4924,4925,-1,4925,4924,4926,-1,4925,4926,4927,-1,4927,4926,4928,-1,4927,4928,4929,-1,4929,4928,4930,-1,4931,4929,4932,-1,4932,4929,4930,-1,4933,4931,4934,-1,4934,4931,4932,-1,4935,4933,4936,-1,4936,4933,4934,-1,4937,4935,4938,-1,4938,4935,4936,-1,4937,4938,4939,-1,4937,4939,4940,-1,4940,4939,4941,-1,4940,4941,4942,-1,4942,4941,4943,-1,4942,4943,4944,-1,4944,4943,4945,-1,4944,4945,4946,-1,4946,4945,4947,-1,4946,4947,4948,-1,4948,4947,4949,-1,4948,4949,4950,-1,4951,4950,4952,-1,4952,4950,4949,-1,4953,4954,4955,-1,4955,4954,4956,-1,4957,4953,4958,-1,4958,4953,4955,-1,4959,4957,4960,-1,4960,4957,4958,-1,4961,4962,4963,-1,4963,4962,4964,-1,4965,4961,4966,-1,4966,4961,4963,-1,4967,4965,4968,-1,4968,4965,4966,-1,4969,4967,4970,-1,4970,4967,4968,-1,4971,4969,4972,-1,4972,4969,4970,-1,4973,4971,4974,-1,4974,4971,4972,-1,4975,4976,4977,-1,4977,4976,4978,-1,4979,4975,4980,-1,4980,4975,4977,-1,4981,4979,4982,-1,4982,4979,4980,-1,4983,4981,4984,-1,4984,4981,4982,-1,4983,4984,4985,-1,4985,4984,4986,-1,4985,4986,4987,-1,4987,4986,4988,-1,4987,4988,4989,-1,4989,4988,4990,-1,4989,4990,4991,-1,4991,4990,4992,-1,4991,4992,4993,-1,4993,4992,4994,-1,4993,4994,4995,-1,4995,4994,4996,-1,4875,4995,4876,-1,4876,4995,4996,-1,4971,4973,4997,-1,4971,4997,4969,-1,4998,4954,4872,-1,4872,4954,4953,-1,4899,4901,4999,-1,4959,4962,4957,-1,4957,4962,4961,-1,4967,4969,4965,-1,4965,4969,4997,-1,4965,4997,4961,-1,4961,4997,5000,-1,4961,5000,4957,-1,4950,4951,5001,-1,4948,4950,4937,-1,4937,4950,4935,-1,4983,4985,4874,-1,5002,4892,4999,-1,4999,4892,4891,-1,4999,4913,4915,-1,4983,4874,4981,-1,4937,4940,4942,-1,4901,4903,4905,-1,4950,5001,4935,-1,4935,5001,4923,-1,4935,4923,4925,-1,4985,4987,4874,-1,4874,4987,4989,-1,4874,4989,4999,-1,4999,4989,4991,-1,4999,4991,4993,-1,4891,4895,4999,-1,4999,4895,4897,-1,4999,4897,4899,-1,4942,4944,4937,-1,4937,4944,4946,-1,4937,4946,4948,-1,4915,4917,4999,-1,4999,4917,4919,-1,4999,4919,5001,-1,5001,4919,4921,-1,5001,4921,4923,-1,4931,4933,4929,-1,4929,4933,4935,-1,4929,4935,4927,-1,4927,4935,4925,-1,4874,4872,4981,-1,4981,4872,4953,-1,4981,4953,4979,-1,4979,4953,4957,-1,4979,4957,4975,-1,4975,4957,5000,-1,4975,5000,4976,-1,4888,4889,5003,-1,5003,5004,4993,-1,4993,5004,5005,-1,4993,5005,4999,-1,4999,5005,5006,-1,4999,5006,5002,-1,4905,4907,4901,-1,4901,4907,4909,-1,4901,4909,4999,-1,4999,4909,4911,-1,4999,4911,4913,-1,4993,4995,5003,-1,5003,4995,4875,-1,5003,4875,4888,-1,4888,4875,4878,-1,4888,4878,4880,-1,4882,4884,4880,-1,4880,4884,4886,-1,4880,4886,4888,-1,4956,5007,4955,-1,4955,5007,4871,-1,4963,4964,4958,-1,4958,4964,4960,-1,4974,4972,5008,-1,5008,4972,4970,-1,5008,4970,4968,-1,4893,4894,5009,-1,4982,4980,4958,-1,4977,4978,5010,-1,4898,4896,4893,-1,4928,4926,4936,-1,4968,4966,5008,-1,5008,4966,4963,-1,5008,4963,5010,-1,5010,4963,4958,-1,5010,4958,4977,-1,4977,4958,4980,-1,4902,4900,5011,-1,5011,4900,4898,-1,4936,4926,5012,-1,4918,4916,5011,-1,4904,4902,4906,-1,4906,4902,4908,-1,5012,4952,4936,-1,4936,4952,4949,-1,4936,4949,4938,-1,4938,4949,4947,-1,4938,4947,4945,-1,4898,4893,5011,-1,5011,4893,5009,-1,5011,5009,5013,-1,4877,4876,4887,-1,4934,4932,4936,-1,4936,4932,4930,-1,4936,4930,4928,-1,4926,4924,5012,-1,5012,4924,4922,-1,5012,4922,5011,-1,5011,4922,4920,-1,5011,4920,4918,-1,4945,4943,4938,-1,4938,4943,4941,-1,4938,4941,4939,-1,5013,4994,5011,-1,5011,4994,4992,-1,5011,4992,4873,-1,4873,4992,4990,-1,4873,4990,4988,-1,4988,4986,4873,-1,4873,4986,4984,-1,4873,4984,4871,-1,4871,4984,4982,-1,4871,4982,4955,-1,4955,4982,4958,-1,4916,4914,5011,-1,5011,4914,4912,-1,5011,4912,4902,-1,4902,4912,4910,-1,4902,4910,4908,-1,5013,5014,4994,-1,4994,5014,5015,-1,4994,5015,4996,-1,4996,5015,5016,-1,4996,5016,4876,-1,4876,5016,4890,-1,4876,4890,4887,-1,4883,4881,4879,-1,4877,4887,4879,-1,4879,4887,4885,-1,4879,4885,4883,-1,5017,5018,5019,-1,5017,5019,5020,-1,5020,5019,5021,-1,5020,5021,5022,-1,5022,5021,5023,-1,5022,5023,5024,-1,5024,5023,5025,-1,5024,5025,5026,-1,5026,5025,5027,-1,5026,5027,5028,-1,5028,5027,5029,-1,5028,5029,5030,-1,5030,5029,5031,-1,5030,5031,5032,-1,5032,5031,5033,-1,5032,5033,5034,-1,5034,5033,5035,-1,5034,5035,5036,-1,5036,5035,5037,-1,5036,5037,5038,-1,5038,5037,5039,-1,5038,5039,5040,-1,5041,5040,5042,-1,5042,5040,5039,-1,5043,5044,5045,-1,5045,5044,5046,-1,5047,5043,5048,-1,5048,5043,5045,-1,5047,5048,5049,-1,5047,5049,5050,-1,5050,5049,5051,-1,5050,5051,5052,-1,5052,5051,5053,-1,5052,5053,5054,-1,5054,5053,5055,-1,5054,5055,5056,-1,5056,5055,5057,-1,5056,5057,5058,-1,5017,5058,5018,-1,5018,5058,5057,-1,5020,5038,5017,-1,5017,5038,5040,-1,5017,5040,5058,-1,5020,5022,5038,-1,5038,5022,5024,-1,5038,5024,5026,-1,5041,5044,5040,-1,5040,5044,5043,-1,5040,5043,5058,-1,5058,5043,5047,-1,5058,5047,5056,-1,5056,5047,5050,-1,5056,5050,5054,-1,5054,5050,5052,-1,5026,5028,5038,-1,5038,5028,5030,-1,5038,5030,5036,-1,5036,5030,5032,-1,5036,5032,5034,-1,5048,5045,5057,-1,5057,5045,5018,-1,5021,5037,5023,-1,5023,5037,5025,-1,5046,5042,5045,-1,5045,5042,5039,-1,5045,5039,5018,-1,5018,5039,5037,-1,5018,5037,5019,-1,5019,5037,5021,-1,5057,5055,5053,-1,5033,5031,5035,-1,5035,5031,5029,-1,5035,5029,5037,-1,5037,5029,5027,-1,5037,5027,5025,-1,5053,5051,5057,-1,5057,5051,5049,-1,5057,5049,5048,-1,5059,5060,5061,-1,5061,5060,5062,-1,5059,5061,5063,-1,5059,5063,5064,-1,5064,5063,5065,-1,5064,5065,5066,-1,5066,5065,5067,-1,5066,5067,5068,-1,5068,5067,5069,-1,5068,5069,5070,-1,5070,5069,5071,-1,5070,5071,5072,-1,5072,5071,5073,-1,5072,5073,5074,-1,5074,5073,5075,-1,5074,5075,5076,-1,5076,5075,5077,-1,5076,5077,5078,-1,5078,5077,5079,-1,5078,5079,5080,-1,5080,5079,5081,-1,5080,5081,5082,-1,5083,5082,5084,-1,5084,5082,5081,-1,5083,5084,5085,-1,5083,5085,5086,-1,5086,5085,5087,-1,5086,5087,5088,-1,5088,5087,5089,-1,5088,5089,5090,-1,5090,5089,5091,-1,5090,5091,5092,-1,5092,5091,5093,-1,5092,5093,5094,-1,5094,5093,5095,-1,5094,5095,5096,-1,5097,5096,5098,-1,5098,5096,5095,-1,5099,5097,5100,-1,5100,5097,5098,-1,5099,5101,5097,-1,5097,5101,5060,-1,5097,5060,5059,-1,5076,5078,5059,-1,5078,5080,5059,-1,5059,5080,5082,-1,5059,5082,5097,-1,5097,5082,5083,-1,5097,5083,5096,-1,5076,5059,5074,-1,5074,5059,5064,-1,5074,5064,5066,-1,5066,5068,5074,-1,5074,5068,5070,-1,5074,5070,5072,-1,5088,5090,5086,-1,5086,5090,5092,-1,5086,5092,5083,-1,5083,5092,5094,-1,5083,5094,5096,-1,5102,5100,5098,-1,5084,5081,5061,-1,5061,5081,5079,-1,5061,5079,5077,-1,5077,5075,5061,-1,5061,5075,5073,-1,5061,5073,5063,-1,5062,5102,5061,-1,5061,5102,5098,-1,5061,5098,5084,-1,5084,5098,5095,-1,5084,5095,5093,-1,5073,5071,5069,-1,5093,5091,5084,-1,5084,5091,5089,-1,5084,5089,5085,-1,5085,5089,5087,-1,5069,5067,5073,-1,5073,5067,5065,-1,5073,5065,5063,-1,5103,5104,5105,-1,5105,5104,5106,-1,5107,5108,5109,-1,5109,5108,5110,-1,5111,5112,5113,-1,5111,5113,5114,-1,5114,5113,5115,-1,5114,5115,5116,-1,5116,5115,5117,-1,5116,5117,5118,-1,5118,5117,5119,-1,5118,5119,5120,-1,5120,5119,5121,-1,5120,5121,5122,-1,5122,5121,5123,-1,5122,5123,5124,-1,5125,5124,5126,-1,5126,5124,5123,-1,5125,5126,5127,-1,5125,5127,5128,-1,5128,5127,5129,-1,5128,5129,5130,-1,5130,5129,5131,-1,5130,5131,5132,-1,5132,5131,5133,-1,5132,5133,5134,-1,5134,5133,5135,-1,5134,5135,5136,-1,5137,5136,5138,-1,5138,5136,5135,-1,5108,5139,5110,-1,5110,5139,5140,-1,5116,5118,5108,-1,5137,5139,5136,-1,5136,5139,5108,-1,5108,5107,5141,-1,5116,5108,5114,-1,5118,5120,5108,-1,5108,5120,5122,-1,5108,5122,5124,-1,5142,5103,5141,-1,5141,5103,5105,-1,5141,5105,5108,-1,5108,5105,5111,-1,5108,5111,5114,-1,5124,5125,5108,-1,5108,5125,5128,-1,5108,5128,5130,-1,5130,5132,5108,-1,5108,5132,5134,-1,5108,5134,5136,-1,5104,5143,5106,-1,5106,5143,5144,-1,5127,5126,5110,-1,5110,5126,5123,-1,5110,5123,5121,-1,5110,5115,5113,-1,5144,5109,5106,-1,5106,5109,5110,-1,5106,5110,5112,-1,5112,5110,5113,-1,5140,5138,5110,-1,5110,5138,5135,-1,5110,5135,5133,-1,5121,5119,5110,-1,5110,5119,5117,-1,5110,5117,5115,-1,5133,5131,5110,-1,5110,5131,5129,-1,5110,5129,5127,-1,5145,5146,5147,-1,5147,5146,5148,-1,5149,5150,5151,-1,5149,5151,5152,-1,5152,5151,5153,-1,5152,5153,5154,-1,5154,5153,5155,-1,5154,5155,5156,-1,5156,5155,5157,-1,5156,5157,5158,-1,5158,5157,5159,-1,5158,5159,5160,-1,5160,5159,5161,-1,5160,5161,5162,-1,5163,5162,5164,-1,5164,5162,5161,-1,5165,5166,5167,-1,5167,5166,5168,-1,5169,5165,5170,-1,5170,5165,5167,-1,5171,5169,5172,-1,5172,5169,5170,-1,5173,5171,5174,-1,5174,5171,5172,-1,5175,5173,5176,-1,5176,5173,5174,-1,5177,5175,5178,-1,5178,5175,5176,-1,5179,5177,5180,-1,5180,5177,5178,-1,5179,5180,5181,-1,5181,5180,5182,-1,5181,5182,5183,-1,5183,5182,5184,-1,5183,5184,5185,-1,5185,5184,5186,-1,5185,5186,5187,-1,5187,5186,5188,-1,5187,5188,5189,-1,5189,5188,5190,-1,5189,5190,5191,-1,5191,5190,5192,-1,5191,5192,5193,-1,5193,5192,5194,-1,5193,5194,5195,-1,5195,5194,5196,-1,5195,5196,5197,-1,5197,5196,5198,-1,5197,5198,5199,-1,5199,5198,5200,-1,5199,5200,5201,-1,5201,5200,5202,-1,5201,5202,5203,-1,5203,5202,5204,-1,5205,5203,5206,-1,5206,5203,5204,-1,5207,5205,5208,-1,5208,5205,5206,-1,5209,5207,5210,-1,5210,5207,5208,-1,5211,5209,5212,-1,5212,5209,5210,-1,5211,5212,5213,-1,5211,5213,5214,-1,5214,5213,5215,-1,5214,5215,5216,-1,5216,5215,5217,-1,5216,5217,5218,-1,5218,5217,5219,-1,5218,5219,5220,-1,5220,5219,5221,-1,5220,5221,5222,-1,5222,5221,5223,-1,5222,5223,5224,-1,5225,5224,5226,-1,5226,5224,5223,-1,5227,5228,5229,-1,5229,5228,5230,-1,5231,5227,5232,-1,5232,5227,5229,-1,5233,5231,5234,-1,5234,5231,5232,-1,5235,5236,5237,-1,5237,5236,5238,-1,5239,5235,5240,-1,5240,5235,5237,-1,5241,5239,5242,-1,5242,5239,5240,-1,5243,5241,5244,-1,5244,5241,5242,-1,5245,5243,5246,-1,5246,5243,5244,-1,5247,5245,5248,-1,5248,5245,5246,-1,5249,5250,5251,-1,5251,5250,5252,-1,5253,5249,5254,-1,5254,5249,5251,-1,5255,5253,5256,-1,5256,5253,5254,-1,5257,5255,5258,-1,5258,5255,5256,-1,5257,5258,5259,-1,5259,5258,5260,-1,5259,5260,5261,-1,5261,5260,5262,-1,5261,5262,5263,-1,5263,5262,5264,-1,5263,5264,5265,-1,5265,5264,5266,-1,5265,5266,5267,-1,5267,5266,5268,-1,5267,5268,5269,-1,5269,5268,5270,-1,5149,5269,5150,-1,5150,5269,5270,-1,5245,5247,5271,-1,5245,5271,5243,-1,5173,5175,5272,-1,5233,5236,5231,-1,5231,5236,5235,-1,5241,5243,5239,-1,5239,5243,5271,-1,5239,5271,5235,-1,5235,5271,5273,-1,5235,5273,5231,-1,5273,5250,5249,-1,5274,5228,5227,-1,5273,5249,5231,-1,5231,5249,5253,-1,5231,5253,5227,-1,5227,5253,5255,-1,5227,5255,5274,-1,5224,5225,5275,-1,5222,5224,5211,-1,5211,5224,5209,-1,5276,5166,5272,-1,5272,5166,5165,-1,5272,5187,5189,-1,5257,5259,5148,-1,5277,5278,5267,-1,5211,5214,5216,-1,5175,5177,5179,-1,5224,5275,5209,-1,5209,5275,5197,-1,5209,5197,5199,-1,5259,5261,5148,-1,5148,5261,5263,-1,5148,5263,5272,-1,5272,5263,5265,-1,5272,5265,5267,-1,5165,5169,5272,-1,5272,5169,5171,-1,5272,5171,5173,-1,5216,5218,5211,-1,5211,5218,5220,-1,5211,5220,5222,-1,5189,5191,5272,-1,5272,5191,5193,-1,5272,5193,5275,-1,5275,5193,5195,-1,5275,5195,5197,-1,5205,5207,5203,-1,5203,5207,5209,-1,5203,5209,5201,-1,5201,5209,5199,-1,5267,5278,5272,-1,5272,5278,5279,-1,5272,5279,5276,-1,5179,5181,5175,-1,5175,5181,5183,-1,5175,5183,5272,-1,5272,5183,5185,-1,5272,5185,5187,-1,5257,5148,5255,-1,5255,5148,5146,-1,5255,5146,5274,-1,5277,5267,5280,-1,5280,5267,5269,-1,5280,5269,5149,-1,5163,5280,5162,-1,5162,5280,5149,-1,5162,5149,5160,-1,5160,5149,5152,-1,5152,5154,5160,-1,5160,5154,5156,-1,5160,5156,5158,-1,5237,5238,5232,-1,5232,5238,5234,-1,5248,5246,5281,-1,5281,5246,5244,-1,5281,5244,5242,-1,5167,5168,5282,-1,5251,5252,5283,-1,5172,5170,5167,-1,5254,5232,5256,-1,5256,5232,5229,-1,5202,5200,5210,-1,5242,5240,5281,-1,5281,5240,5237,-1,5281,5237,5283,-1,5283,5237,5232,-1,5283,5232,5251,-1,5251,5232,5254,-1,5176,5174,5284,-1,5284,5174,5172,-1,5210,5200,5285,-1,5192,5190,5284,-1,5178,5176,5180,-1,5180,5176,5182,-1,5285,5226,5210,-1,5210,5226,5223,-1,5210,5223,5212,-1,5212,5223,5221,-1,5212,5221,5219,-1,5172,5167,5284,-1,5284,5167,5282,-1,5284,5282,5286,-1,5208,5206,5210,-1,5210,5206,5204,-1,5210,5204,5202,-1,5200,5198,5285,-1,5285,5198,5196,-1,5285,5196,5284,-1,5284,5196,5194,-1,5284,5194,5192,-1,5219,5217,5212,-1,5212,5217,5215,-1,5212,5215,5213,-1,5286,5268,5284,-1,5284,5268,5266,-1,5284,5266,5147,-1,5147,5266,5264,-1,5147,5264,5262,-1,5286,5287,5268,-1,5268,5287,5288,-1,5268,5288,5270,-1,5270,5288,5289,-1,5270,5289,5150,-1,5150,5289,5164,-1,5262,5260,5147,-1,5147,5260,5258,-1,5147,5258,5145,-1,5145,5258,5256,-1,5145,5256,5290,-1,5290,5256,5229,-1,5290,5229,5230,-1,5190,5188,5284,-1,5284,5188,5186,-1,5284,5186,5176,-1,5176,5186,5184,-1,5176,5184,5182,-1,5153,5159,5155,-1,5155,5159,5157,-1,5164,5161,5150,-1,5150,5161,5159,-1,5150,5159,5151,-1,5151,5159,5153,-1,5291,5292,5293,-1,5291,5293,5294,-1,5294,5293,5295,-1,5294,5295,5296,-1,5296,5295,5297,-1,5296,5297,5298,-1,5298,5297,5299,-1,5298,5299,5300,-1,5300,5299,5301,-1,5300,5301,5302,-1,5302,5301,5303,-1,5302,5303,5304,-1,5304,5303,5305,-1,5304,5305,5306,-1,5306,5305,5307,-1,5306,5307,5308,-1,5308,5307,5309,-1,5308,5309,5310,-1,5310,5309,5311,-1,5310,5311,5312,-1,5312,5311,5313,-1,5312,5313,5314,-1,5315,5314,5316,-1,5316,5314,5313,-1,5317,5318,5319,-1,5319,5318,5320,-1,5321,5317,5322,-1,5322,5317,5319,-1,5321,5322,5323,-1,5321,5323,5324,-1,5324,5323,5325,-1,5324,5325,5326,-1,5326,5325,5327,-1,5326,5327,5328,-1,5328,5327,5329,-1,5328,5329,5330,-1,5330,5329,5331,-1,5330,5331,5332,-1,5291,5332,5292,-1,5292,5332,5331,-1,5332,5291,5314,-1,5326,5328,5330,-1,5294,5296,5304,-1,5308,5310,5291,-1,5291,5310,5312,-1,5291,5312,5314,-1,5315,5318,5314,-1,5314,5318,5317,-1,5314,5317,5332,-1,5332,5317,5321,-1,5332,5321,5330,-1,5330,5321,5324,-1,5330,5324,5326,-1,5296,5298,5304,-1,5304,5298,5300,-1,5304,5300,5302,-1,5294,5304,5291,-1,5291,5304,5306,-1,5291,5306,5308,-1,5323,5322,5331,-1,5331,5322,5319,-1,5331,5319,5292,-1,5320,5316,5319,-1,5319,5316,5313,-1,5319,5313,5292,-1,5292,5313,5311,-1,5292,5311,5309,-1,5292,5303,5293,-1,5293,5303,5295,-1,5309,5307,5292,-1,5292,5307,5305,-1,5292,5305,5303,-1,5301,5299,5303,-1,5303,5299,5297,-1,5303,5297,5295,-1,5329,5327,5331,-1,5331,5327,5325,-1,5331,5325,5323,-1,5333,5334,5335,-1,5335,5334,5336,-1,5333,5335,5337,-1,5333,5337,5338,-1,5338,5337,5339,-1,5338,5339,5340,-1,5340,5339,5341,-1,5340,5341,5342,-1,5342,5341,5343,-1,5342,5343,5344,-1,5344,5343,5345,-1,5344,5345,5346,-1,5346,5345,5347,-1,5346,5347,5348,-1,5348,5347,5349,-1,5348,5349,5350,-1,5350,5349,5351,-1,5350,5351,5352,-1,5352,5351,5353,-1,5352,5353,5354,-1,5354,5353,5355,-1,5354,5355,5356,-1,5357,5356,5358,-1,5358,5356,5355,-1,5357,5358,5359,-1,5357,5359,5360,-1,5360,5359,5361,-1,5360,5361,5362,-1,5362,5361,5363,-1,5362,5363,5364,-1,5364,5363,5365,-1,5364,5365,5366,-1,5366,5365,5367,-1,5366,5367,5368,-1,5368,5367,5369,-1,5368,5369,5370,-1,5371,5370,5372,-1,5372,5370,5369,-1,5373,5371,5374,-1,5374,5371,5372,-1,5373,5375,5371,-1,5371,5375,5334,-1,5371,5334,5333,-1,5350,5352,5333,-1,5352,5354,5333,-1,5333,5354,5356,-1,5333,5356,5371,-1,5371,5356,5357,-1,5371,5357,5370,-1,5350,5333,5348,-1,5348,5333,5338,-1,5348,5338,5340,-1,5340,5342,5348,-1,5348,5342,5344,-1,5348,5344,5346,-1,5362,5364,5360,-1,5360,5364,5366,-1,5360,5366,5357,-1,5357,5366,5368,-1,5357,5368,5370,-1,5376,5374,5372,-1,5358,5355,5335,-1,5335,5355,5353,-1,5353,5351,5335,-1,5335,5351,5349,-1,5335,5349,5347,-1,5336,5376,5335,-1,5335,5376,5372,-1,5335,5372,5358,-1,5358,5372,5369,-1,5358,5369,5367,-1,5367,5365,5358,-1,5358,5365,5363,-1,5358,5363,5359,-1,5359,5363,5361,-1,5341,5347,5343,-1,5343,5347,5345,-1,5341,5339,5347,-1,5347,5339,5337,-1,5347,5337,5335,-1,5377,5378,5379,-1,5379,5378,5380,-1,5381,5382,5383,-1,5383,5382,5384,-1,5385,5386,5387,-1,5385,5387,5388,-1,5388,5387,5389,-1,5388,5389,5390,-1,5390,5389,5391,-1,5390,5391,5392,-1,5392,5391,5393,-1,5392,5393,5394,-1,5394,5393,5395,-1,5394,5395,5396,-1,5396,5395,5397,-1,5396,5397,5398,-1,5399,5398,5400,-1,5400,5398,5397,-1,5399,5400,5401,-1,5399,5401,5402,-1,5402,5401,5403,-1,5402,5403,5404,-1,5404,5403,5405,-1,5404,5405,5406,-1,5406,5405,5407,-1,5406,5407,5408,-1,5408,5407,5409,-1,5408,5409,5410,-1,5411,5410,5412,-1,5412,5410,5409,-1,5382,5413,5384,-1,5384,5413,5414,-1,5390,5392,5382,-1,5411,5413,5410,-1,5410,5413,5382,-1,5382,5381,5415,-1,5390,5382,5388,-1,5392,5394,5382,-1,5382,5394,5396,-1,5382,5396,5398,-1,5416,5377,5415,-1,5415,5377,5379,-1,5415,5379,5382,-1,5382,5379,5385,-1,5382,5385,5388,-1,5398,5399,5382,-1,5382,5399,5402,-1,5382,5402,5404,-1,5404,5406,5382,-1,5382,5406,5408,-1,5382,5408,5410,-1,5378,5417,5380,-1,5380,5417,5418,-1,5401,5400,5384,-1,5384,5400,5397,-1,5384,5397,5395,-1,5384,5389,5387,-1,5418,5383,5380,-1,5380,5383,5384,-1,5380,5384,5386,-1,5386,5384,5387,-1,5414,5412,5384,-1,5384,5412,5409,-1,5384,5409,5407,-1,5395,5393,5384,-1,5384,5393,5391,-1,5384,5391,5389,-1,5407,5405,5384,-1,5384,5405,5403,-1,5384,5403,5401,-1,5419,5420,5421,-1,5421,5420,5422,-1,5423,5424,5425,-1,5423,5425,5426,-1,5426,5425,5427,-1,5426,5427,5428,-1,5428,5427,5429,-1,5428,5429,5430,-1,5430,5429,5431,-1,5430,5431,5432,-1,5432,5431,5433,-1,5432,5433,5434,-1,5434,5433,5435,-1,5434,5435,5436,-1,5437,5436,5438,-1,5438,5436,5435,-1,5439,5440,5441,-1,5441,5440,5442,-1,5443,5439,5444,-1,5444,5439,5441,-1,5445,5443,5446,-1,5446,5443,5444,-1,5447,5445,5448,-1,5448,5445,5446,-1,5449,5447,5450,-1,5450,5447,5448,-1,5451,5449,5452,-1,5452,5449,5450,-1,5453,5451,5454,-1,5454,5451,5452,-1,5453,5454,5455,-1,5455,5454,5456,-1,5455,5456,5457,-1,5457,5456,5458,-1,5457,5458,5459,-1,5459,5458,5460,-1,5459,5460,5461,-1,5461,5460,5462,-1,5461,5462,5463,-1,5463,5462,5464,-1,5463,5464,5465,-1,5465,5464,5466,-1,5465,5466,5467,-1,5467,5466,5468,-1,5467,5468,5469,-1,5469,5468,5470,-1,5469,5470,5471,-1,5471,5470,5472,-1,5471,5472,5473,-1,5473,5472,5474,-1,5473,5474,5475,-1,5475,5474,5476,-1,5475,5476,5477,-1,5477,5476,5478,-1,5479,5477,5480,-1,5480,5477,5478,-1,5481,5479,5482,-1,5482,5479,5480,-1,5483,5481,5484,-1,5484,5481,5482,-1,5485,5483,5486,-1,5486,5483,5484,-1,5485,5486,5487,-1,5485,5487,5488,-1,5488,5487,5489,-1,5488,5489,5490,-1,5490,5489,5491,-1,5490,5491,5492,-1,5492,5491,5493,-1,5492,5493,5494,-1,5494,5493,5495,-1,5494,5495,5496,-1,5496,5495,5497,-1,5496,5497,5498,-1,5499,5498,5500,-1,5500,5498,5497,-1,5501,5502,5503,-1,5503,5502,5504,-1,5505,5501,5506,-1,5506,5501,5503,-1,5507,5505,5508,-1,5508,5505,5506,-1,5509,5510,5511,-1,5511,5510,5512,-1,5513,5509,5514,-1,5514,5509,5511,-1,5515,5513,5516,-1,5516,5513,5514,-1,5517,5515,5518,-1,5518,5515,5516,-1,5519,5517,5520,-1,5520,5517,5518,-1,5521,5519,5522,-1,5522,5519,5520,-1,5523,5524,5525,-1,5525,5524,5526,-1,5527,5523,5528,-1,5528,5523,5525,-1,5529,5527,5530,-1,5530,5527,5528,-1,5531,5529,5532,-1,5532,5529,5530,-1,5531,5532,5533,-1,5533,5532,5534,-1,5533,5534,5535,-1,5535,5534,5536,-1,5535,5536,5537,-1,5537,5536,5538,-1,5537,5538,5539,-1,5539,5538,5540,-1,5539,5540,5541,-1,5541,5540,5542,-1,5541,5542,5543,-1,5543,5542,5544,-1,5423,5543,5424,-1,5424,5543,5544,-1,5519,5521,5545,-1,5519,5545,5517,-1,5546,5502,5420,-1,5420,5502,5501,-1,5447,5449,5547,-1,5507,5510,5505,-1,5505,5510,5509,-1,5515,5517,5513,-1,5513,5517,5545,-1,5513,5545,5509,-1,5509,5545,5548,-1,5509,5548,5505,-1,5498,5499,5549,-1,5496,5498,5485,-1,5485,5498,5483,-1,5550,5440,5547,-1,5547,5440,5439,-1,5547,5461,5463,-1,5531,5533,5422,-1,5485,5488,5490,-1,5449,5451,5453,-1,5498,5549,5483,-1,5483,5549,5471,-1,5483,5471,5473,-1,5531,5422,5529,-1,5533,5535,5422,-1,5422,5535,5537,-1,5422,5537,5547,-1,5547,5537,5539,-1,5547,5539,5541,-1,5439,5443,5547,-1,5547,5443,5445,-1,5547,5445,5447,-1,5490,5492,5485,-1,5485,5492,5494,-1,5485,5494,5496,-1,5463,5465,5547,-1,5547,5465,5467,-1,5547,5467,5549,-1,5549,5467,5469,-1,5549,5469,5471,-1,5479,5481,5477,-1,5477,5481,5483,-1,5477,5483,5475,-1,5475,5483,5473,-1,5541,5551,5547,-1,5547,5551,5552,-1,5547,5552,5550,-1,5453,5455,5449,-1,5449,5455,5457,-1,5449,5457,5547,-1,5547,5457,5459,-1,5547,5459,5461,-1,5422,5420,5529,-1,5529,5420,5501,-1,5529,5501,5527,-1,5527,5501,5505,-1,5527,5505,5523,-1,5523,5505,5548,-1,5523,5548,5524,-1,5543,5553,5541,-1,5541,5553,5554,-1,5541,5554,5551,-1,5543,5423,5553,-1,5553,5423,5436,-1,5553,5436,5437,-1,5423,5426,5436,-1,5436,5426,5428,-1,5436,5428,5434,-1,5434,5428,5430,-1,5434,5430,5432,-1,5504,5555,5503,-1,5503,5555,5419,-1,5511,5512,5506,-1,5506,5512,5508,-1,5522,5520,5556,-1,5556,5520,5518,-1,5556,5518,5516,-1,5441,5442,5557,-1,5530,5528,5506,-1,5525,5526,5558,-1,5446,5444,5441,-1,5476,5474,5484,-1,5516,5514,5556,-1,5556,5514,5511,-1,5556,5511,5558,-1,5558,5511,5506,-1,5558,5506,5525,-1,5525,5506,5528,-1,5450,5448,5559,-1,5559,5448,5446,-1,5484,5474,5560,-1,5466,5464,5559,-1,5452,5450,5454,-1,5454,5450,5456,-1,5560,5500,5484,-1,5484,5500,5497,-1,5484,5497,5486,-1,5486,5497,5495,-1,5486,5495,5493,-1,5446,5441,5559,-1,5559,5441,5557,-1,5559,5557,5561,-1,5482,5480,5484,-1,5484,5480,5478,-1,5484,5478,5476,-1,5474,5472,5560,-1,5560,5472,5470,-1,5560,5470,5559,-1,5559,5470,5468,-1,5559,5468,5466,-1,5493,5491,5486,-1,5486,5491,5489,-1,5486,5489,5487,-1,5561,5542,5559,-1,5559,5542,5540,-1,5559,5540,5421,-1,5421,5540,5538,-1,5421,5538,5536,-1,5561,5562,5542,-1,5542,5562,5563,-1,5542,5563,5544,-1,5544,5563,5564,-1,5544,5564,5424,-1,5424,5564,5438,-1,5536,5534,5421,-1,5421,5534,5532,-1,5421,5532,5419,-1,5419,5532,5530,-1,5419,5530,5503,-1,5503,5530,5506,-1,5464,5462,5559,-1,5559,5462,5460,-1,5559,5460,5450,-1,5450,5460,5458,-1,5450,5458,5456,-1,5427,5433,5429,-1,5429,5433,5431,-1,5438,5435,5424,-1,5424,5435,5433,-1,5424,5433,5425,-1,5425,5433,5427,-1,5565,5566,5567,-1,5565,5567,5568,-1,5568,5567,5569,-1,5568,5569,5570,-1,5570,5569,5571,-1,5570,5571,5572,-1,5572,5571,5573,-1,5572,5573,5574,-1,5574,5573,5575,-1,5574,5575,5576,-1,5576,5575,5577,-1,5576,5577,5578,-1,5578,5577,5579,-1,5578,5579,5580,-1,5580,5579,5581,-1,5580,5581,5582,-1,5582,5581,5583,-1,5582,5583,5584,-1,5584,5583,5585,-1,5584,5585,5586,-1,5586,5585,5587,-1,5586,5587,5588,-1,5589,5588,5590,-1,5590,5588,5587,-1,5591,5592,5593,-1,5593,5592,5594,-1,5595,5591,5596,-1,5596,5591,5593,-1,5595,5596,5597,-1,5595,5597,5598,-1,5598,5597,5599,-1,5598,5599,5600,-1,5600,5599,5601,-1,5600,5601,5602,-1,5602,5601,5603,-1,5602,5603,5604,-1,5604,5603,5605,-1,5604,5605,5606,-1,5565,5606,5566,-1,5566,5606,5605,-1,5606,5565,5588,-1,5600,5602,5604,-1,5568,5570,5578,-1,5582,5584,5565,-1,5565,5584,5586,-1,5565,5586,5588,-1,5589,5592,5588,-1,5588,5592,5591,-1,5588,5591,5606,-1,5606,5591,5595,-1,5606,5595,5604,-1,5604,5595,5598,-1,5604,5598,5600,-1,5570,5572,5578,-1,5578,5572,5574,-1,5578,5574,5576,-1,5568,5578,5565,-1,5565,5578,5580,-1,5565,5580,5582,-1,5597,5596,5605,-1,5605,5596,5593,-1,5605,5593,5566,-1,5594,5590,5593,-1,5593,5590,5587,-1,5593,5587,5566,-1,5566,5587,5585,-1,5566,5585,5583,-1,5566,5577,5567,-1,5567,5577,5569,-1,5583,5581,5566,-1,5566,5581,5579,-1,5566,5579,5577,-1,5575,5573,5577,-1,5577,5573,5571,-1,5577,5571,5569,-1,5603,5601,5605,-1,5605,5601,5599,-1,5605,5599,5597,-1,5607,5608,5609,-1,5609,5608,5610,-1,5607,5609,5611,-1,5607,5611,5612,-1,5612,5611,5613,-1,5612,5613,5614,-1,5614,5613,5615,-1,5614,5615,5616,-1,5616,5615,5617,-1,5616,5617,5618,-1,5618,5617,5619,-1,5618,5619,5620,-1,5620,5619,5621,-1,5620,5621,5622,-1,5622,5621,5623,-1,5622,5623,5624,-1,5624,5623,5625,-1,5624,5625,5626,-1,5626,5625,5627,-1,5626,5627,5628,-1,5628,5627,5629,-1,5628,5629,5630,-1,5631,5630,5632,-1,5632,5630,5629,-1,5631,5632,5633,-1,5631,5633,5634,-1,5634,5633,5635,-1,5634,5635,5636,-1,5636,5635,5637,-1,5636,5637,5638,-1,5638,5637,5639,-1,5638,5639,5640,-1,5640,5639,5641,-1,5640,5641,5642,-1,5642,5641,5643,-1,5642,5643,5644,-1,5645,5644,5646,-1,5646,5644,5643,-1,5647,5645,5648,-1,5648,5645,5646,-1,5647,5649,5645,-1,5645,5649,5608,-1,5645,5608,5607,-1,5624,5626,5607,-1,5626,5628,5607,-1,5607,5628,5630,-1,5607,5630,5645,-1,5645,5630,5631,-1,5645,5631,5644,-1,5624,5607,5622,-1,5622,5607,5612,-1,5622,5612,5614,-1,5614,5616,5622,-1,5622,5616,5618,-1,5622,5618,5620,-1,5636,5638,5634,-1,5634,5638,5640,-1,5634,5640,5631,-1,5631,5640,5642,-1,5631,5642,5644,-1,5650,5648,5646,-1,5632,5629,5609,-1,5609,5629,5627,-1,5627,5625,5609,-1,5609,5625,5623,-1,5609,5623,5621,-1,5610,5650,5609,-1,5609,5650,5646,-1,5609,5646,5632,-1,5632,5646,5643,-1,5632,5643,5641,-1,5641,5639,5632,-1,5632,5639,5637,-1,5632,5637,5633,-1,5633,5637,5635,-1,5615,5621,5617,-1,5617,5621,5619,-1,5615,5613,5621,-1,5621,5613,5611,-1,5621,5611,5609,-1,5651,5652,5653,-1,5653,5652,5654,-1,5655,5656,5657,-1,5657,5656,5658,-1,5659,5660,5661,-1,5659,5661,5662,-1,5662,5661,5663,-1,5662,5663,5664,-1,5664,5663,5665,-1,5664,5665,5666,-1,5666,5665,5667,-1,5666,5667,5668,-1,5668,5667,5669,-1,5668,5669,5670,-1,5670,5669,5671,-1,5670,5671,5672,-1,5673,5672,5674,-1,5674,5672,5671,-1,5673,5674,5675,-1,5673,5675,5676,-1,5676,5675,5677,-1,5676,5677,5678,-1,5678,5677,5679,-1,5678,5679,5680,-1,5680,5679,5681,-1,5680,5681,5682,-1,5682,5681,5683,-1,5682,5683,5684,-1,5685,5684,5686,-1,5686,5684,5683,-1,5656,5687,5658,-1,5658,5687,5688,-1,5664,5666,5656,-1,5685,5687,5684,-1,5684,5687,5656,-1,5656,5655,5689,-1,5664,5656,5662,-1,5666,5668,5656,-1,5656,5668,5670,-1,5656,5670,5672,-1,5690,5651,5689,-1,5689,5651,5653,-1,5689,5653,5656,-1,5656,5653,5659,-1,5656,5659,5662,-1,5672,5673,5656,-1,5656,5673,5676,-1,5656,5676,5678,-1,5678,5680,5656,-1,5656,5680,5682,-1,5656,5682,5684,-1,5652,5691,5654,-1,5654,5691,5692,-1,5675,5674,5658,-1,5658,5674,5671,-1,5658,5671,5669,-1,5658,5663,5661,-1,5692,5657,5654,-1,5654,5657,5658,-1,5654,5658,5660,-1,5660,5658,5661,-1,5688,5686,5658,-1,5658,5686,5683,-1,5658,5683,5681,-1,5669,5667,5658,-1,5658,5667,5665,-1,5658,5665,5663,-1,5681,5679,5658,-1,5658,5679,5677,-1,5658,5677,5675,-1,5693,5694,5695,-1,5695,5694,5696,-1,5697,5698,5699,-1,5697,5699,5700,-1,5700,5699,5701,-1,5700,5701,5702,-1,5702,5701,5703,-1,5702,5703,5704,-1,5704,5703,5705,-1,5704,5705,5706,-1,5706,5705,5707,-1,5706,5707,5708,-1,5708,5707,5709,-1,5708,5709,5710,-1,5711,5710,5712,-1,5712,5710,5709,-1,5713,5714,5715,-1,5715,5714,5716,-1,5717,5713,5718,-1,5718,5713,5715,-1,5719,5717,5720,-1,5720,5717,5718,-1,5721,5719,5722,-1,5722,5719,5720,-1,5723,5721,5724,-1,5724,5721,5722,-1,5725,5723,5726,-1,5726,5723,5724,-1,5727,5725,5728,-1,5728,5725,5726,-1,5727,5728,5729,-1,5729,5728,5730,-1,5729,5730,5731,-1,5731,5730,5732,-1,5731,5732,5733,-1,5733,5732,5734,-1,5733,5734,5735,-1,5735,5734,5736,-1,5735,5736,5737,-1,5737,5736,5738,-1,5737,5738,5739,-1,5739,5738,5740,-1,5739,5740,5741,-1,5741,5740,5742,-1,5741,5742,5743,-1,5743,5742,5744,-1,5743,5744,5745,-1,5745,5744,5746,-1,5745,5746,5747,-1,5747,5746,5748,-1,5747,5748,5749,-1,5749,5748,5750,-1,5749,5750,5751,-1,5751,5750,5752,-1,5753,5751,5754,-1,5754,5751,5752,-1,5755,5753,5756,-1,5756,5753,5754,-1,5757,5755,5758,-1,5758,5755,5756,-1,5759,5757,5760,-1,5760,5757,5758,-1,5759,5760,5761,-1,5759,5761,5762,-1,5762,5761,5763,-1,5762,5763,5764,-1,5764,5763,5765,-1,5764,5765,5766,-1,5766,5765,5767,-1,5766,5767,5768,-1,5768,5767,5769,-1,5768,5769,5770,-1,5770,5769,5771,-1,5770,5771,5772,-1,5773,5772,5774,-1,5774,5772,5771,-1,5775,5776,5777,-1,5777,5776,5778,-1,5779,5775,5780,-1,5780,5775,5777,-1,5781,5779,5782,-1,5782,5779,5780,-1,5783,5784,5785,-1,5785,5784,5786,-1,5787,5783,5788,-1,5788,5783,5785,-1,5789,5787,5790,-1,5790,5787,5788,-1,5791,5789,5792,-1,5792,5789,5790,-1,5793,5791,5794,-1,5794,5791,5792,-1,5795,5793,5796,-1,5796,5793,5794,-1,5797,5798,5799,-1,5799,5798,5800,-1,5801,5797,5802,-1,5802,5797,5799,-1,5803,5801,5804,-1,5804,5801,5802,-1,5805,5803,5806,-1,5806,5803,5804,-1,5805,5806,5807,-1,5807,5806,5808,-1,5807,5808,5809,-1,5809,5808,5810,-1,5809,5810,5811,-1,5811,5810,5812,-1,5811,5812,5813,-1,5813,5812,5814,-1,5813,5814,5815,-1,5815,5814,5816,-1,5815,5816,5817,-1,5817,5816,5818,-1,5697,5817,5698,-1,5698,5817,5818,-1,5793,5795,5819,-1,5793,5819,5791,-1,5721,5723,5820,-1,5781,5784,5779,-1,5779,5784,5783,-1,5789,5791,5787,-1,5787,5791,5819,-1,5787,5819,5783,-1,5783,5819,5821,-1,5783,5821,5779,-1,5821,5798,5797,-1,5822,5776,5775,-1,5821,5797,5779,-1,5779,5797,5801,-1,5779,5801,5775,-1,5775,5801,5803,-1,5775,5803,5822,-1,5772,5773,5823,-1,5770,5772,5759,-1,5759,5772,5757,-1,5805,5807,5696,-1,5824,5714,5820,-1,5820,5714,5713,-1,5820,5735,5737,-1,5759,5762,5764,-1,5723,5725,5727,-1,5772,5823,5757,-1,5757,5823,5745,-1,5757,5745,5747,-1,5807,5809,5696,-1,5696,5809,5811,-1,5696,5811,5820,-1,5820,5811,5813,-1,5820,5813,5815,-1,5713,5717,5820,-1,5820,5717,5719,-1,5820,5719,5721,-1,5764,5766,5759,-1,5759,5766,5768,-1,5759,5768,5770,-1,5737,5739,5820,-1,5820,5739,5741,-1,5820,5741,5823,-1,5823,5741,5743,-1,5823,5743,5745,-1,5753,5755,5751,-1,5751,5755,5757,-1,5751,5757,5749,-1,5749,5757,5747,-1,5805,5696,5803,-1,5803,5696,5694,-1,5803,5694,5822,-1,5727,5729,5723,-1,5723,5729,5731,-1,5723,5731,5820,-1,5820,5731,5733,-1,5820,5733,5735,-1,5710,5711,5825,-1,5825,5826,5815,-1,5815,5826,5827,-1,5815,5827,5820,-1,5820,5827,5828,-1,5820,5828,5824,-1,5815,5817,5825,-1,5825,5817,5697,-1,5825,5697,5710,-1,5710,5697,5700,-1,5710,5700,5702,-1,5704,5706,5702,-1,5702,5706,5708,-1,5702,5708,5710,-1,5785,5786,5780,-1,5780,5786,5782,-1,5796,5794,5829,-1,5829,5794,5792,-1,5829,5792,5790,-1,5715,5716,5830,-1,5799,5800,5831,-1,5720,5718,5715,-1,5802,5780,5804,-1,5804,5780,5777,-1,5750,5748,5758,-1,5790,5788,5829,-1,5829,5788,5785,-1,5829,5785,5831,-1,5831,5785,5780,-1,5831,5780,5799,-1,5799,5780,5802,-1,5724,5722,5832,-1,5832,5722,5720,-1,5758,5748,5833,-1,5740,5738,5832,-1,5726,5724,5728,-1,5728,5724,5730,-1,5833,5774,5758,-1,5758,5774,5771,-1,5758,5771,5760,-1,5760,5771,5769,-1,5760,5769,5767,-1,5810,5808,5695,-1,5695,5808,5806,-1,5695,5806,5693,-1,5693,5806,5804,-1,5693,5804,5834,-1,5834,5804,5777,-1,5834,5777,5778,-1,5756,5754,5758,-1,5758,5754,5752,-1,5758,5752,5750,-1,5748,5746,5833,-1,5833,5746,5744,-1,5833,5744,5832,-1,5832,5744,5742,-1,5832,5742,5740,-1,5767,5765,5760,-1,5760,5765,5763,-1,5760,5763,5761,-1,5720,5715,5832,-1,5832,5715,5830,-1,5832,5830,5835,-1,5738,5736,5832,-1,5832,5736,5734,-1,5832,5734,5724,-1,5724,5734,5732,-1,5724,5732,5730,-1,5835,5816,5832,-1,5832,5816,5814,-1,5832,5814,5695,-1,5695,5814,5812,-1,5695,5812,5810,-1,5835,5836,5816,-1,5816,5836,5837,-1,5816,5837,5818,-1,5818,5837,5838,-1,5818,5838,5698,-1,5698,5838,5712,-1,5703,5701,5705,-1,5705,5701,5707,-1,5712,5709,5698,-1,5698,5709,5707,-1,5698,5707,5699,-1,5699,5707,5701,-1,5839,5840,5841,-1,5839,5841,5842,-1,5842,5841,5843,-1,5842,5843,5844,-1,5844,5843,5845,-1,5844,5845,5846,-1,5846,5845,5847,-1,5846,5847,5848,-1,5848,5847,5849,-1,5848,5849,5850,-1,5850,5849,5851,-1,5850,5851,5852,-1,5852,5851,5853,-1,5852,5853,5854,-1,5854,5853,5855,-1,5854,5855,5856,-1,5856,5855,5857,-1,5856,5857,5858,-1,5858,5857,5859,-1,5858,5859,5860,-1,5860,5859,5861,-1,5860,5861,5862,-1,5863,5862,5864,-1,5864,5862,5861,-1,5865,5866,5867,-1,5867,5866,5868,-1,5869,5865,5870,-1,5870,5865,5867,-1,5869,5870,5871,-1,5869,5871,5872,-1,5872,5871,5873,-1,5872,5873,5874,-1,5874,5873,5875,-1,5874,5875,5876,-1,5876,5875,5877,-1,5876,5877,5878,-1,5878,5877,5879,-1,5878,5879,5880,-1,5839,5880,5840,-1,5840,5880,5879,-1,5874,5876,5878,-1,5842,5860,5839,-1,5839,5860,5862,-1,5839,5862,5880,-1,5842,5844,5860,-1,5860,5844,5846,-1,5860,5846,5848,-1,5863,5866,5862,-1,5862,5866,5865,-1,5862,5865,5880,-1,5880,5865,5869,-1,5880,5869,5878,-1,5878,5869,5872,-1,5878,5872,5874,-1,5848,5850,5860,-1,5860,5850,5852,-1,5860,5852,5858,-1,5858,5852,5854,-1,5858,5854,5856,-1,5871,5870,5879,-1,5879,5870,5867,-1,5879,5867,5840,-1,5843,5859,5845,-1,5845,5859,5847,-1,5868,5864,5867,-1,5867,5864,5861,-1,5867,5861,5840,-1,5840,5861,5859,-1,5840,5859,5841,-1,5841,5859,5843,-1,5855,5853,5857,-1,5857,5853,5851,-1,5857,5851,5859,-1,5859,5851,5849,-1,5859,5849,5847,-1,5877,5875,5879,-1,5879,5875,5873,-1,5879,5873,5871,-1,5881,5882,5883,-1,5883,5882,5884,-1,5881,5883,5885,-1,5881,5885,5886,-1,5886,5885,5887,-1,5886,5887,5888,-1,5888,5887,5889,-1,5888,5889,5890,-1,5890,5889,5891,-1,5890,5891,5892,-1,5892,5891,5893,-1,5892,5893,5894,-1,5894,5893,5895,-1,5894,5895,5896,-1,5896,5895,5897,-1,5896,5897,5898,-1,5898,5897,5899,-1,5898,5899,5900,-1,5900,5899,5901,-1,5900,5901,5902,-1,5902,5901,5903,-1,5902,5903,5904,-1,5905,5904,5906,-1,5906,5904,5903,-1,5905,5906,5907,-1,5905,5907,5908,-1,5908,5907,5909,-1,5908,5909,5910,-1,5910,5909,5911,-1,5910,5911,5912,-1,5912,5911,5913,-1,5912,5913,5914,-1,5914,5913,5915,-1,5914,5915,5916,-1,5916,5915,5917,-1,5916,5917,5918,-1,5919,5918,5920,-1,5920,5918,5917,-1,5921,5919,5922,-1,5922,5919,5920,-1,5921,5923,5919,-1,5919,5923,5882,-1,5919,5882,5881,-1,5898,5900,5881,-1,5900,5902,5881,-1,5881,5902,5904,-1,5881,5904,5919,-1,5919,5904,5905,-1,5919,5905,5918,-1,5898,5881,5896,-1,5896,5881,5886,-1,5896,5886,5888,-1,5888,5890,5896,-1,5896,5890,5892,-1,5896,5892,5894,-1,5910,5912,5908,-1,5908,5912,5914,-1,5908,5914,5905,-1,5905,5914,5916,-1,5905,5916,5918,-1,5924,5922,5920,-1,5906,5903,5883,-1,5883,5903,5901,-1,5883,5901,5899,-1,5899,5897,5883,-1,5883,5897,5895,-1,5883,5895,5885,-1,5884,5924,5883,-1,5883,5924,5920,-1,5883,5920,5906,-1,5906,5920,5917,-1,5906,5917,5915,-1,5895,5893,5891,-1,5915,5913,5906,-1,5906,5913,5911,-1,5906,5911,5907,-1,5907,5911,5909,-1,5891,5889,5895,-1,5895,5889,5887,-1,5895,5887,5885,-1,5925,5926,5927,-1,5927,5926,5928,-1,5929,5930,5931,-1,5931,5930,5932,-1,5933,5934,5935,-1,5933,5935,5936,-1,5936,5935,5937,-1,5936,5937,5938,-1,5938,5937,5939,-1,5938,5939,5940,-1,5940,5939,5941,-1,5940,5941,5942,-1,5942,5941,5943,-1,5942,5943,5944,-1,5944,5943,5945,-1,5944,5945,5946,-1,5947,5946,5948,-1,5948,5946,5945,-1,5947,5948,5949,-1,5947,5949,5950,-1,5950,5949,5951,-1,5950,5951,5952,-1,5952,5951,5953,-1,5952,5953,5954,-1,5954,5953,5955,-1,5954,5955,5956,-1,5956,5955,5957,-1,5956,5957,5958,-1,5959,5958,5960,-1,5960,5958,5957,-1,5930,5961,5932,-1,5932,5961,5962,-1,5938,5940,5930,-1,5959,5961,5958,-1,5958,5961,5930,-1,5930,5929,5963,-1,5938,5930,5936,-1,5940,5942,5930,-1,5930,5942,5944,-1,5930,5944,5946,-1,5964,5925,5963,-1,5963,5925,5927,-1,5963,5927,5930,-1,5930,5927,5933,-1,5930,5933,5936,-1,5946,5947,5930,-1,5930,5947,5950,-1,5930,5950,5952,-1,5952,5954,5930,-1,5930,5954,5956,-1,5930,5956,5958,-1,5926,5965,5928,-1,5928,5965,5966,-1,5949,5948,5932,-1,5932,5948,5945,-1,5932,5945,5943,-1,5932,5937,5935,-1,5966,5931,5928,-1,5928,5931,5932,-1,5928,5932,5934,-1,5934,5932,5935,-1,5962,5960,5932,-1,5932,5960,5957,-1,5932,5957,5955,-1,5943,5941,5932,-1,5932,5941,5939,-1,5932,5939,5937,-1,5955,5953,5932,-1,5932,5953,5951,-1,5932,5951,5949,-1,5967,5968,5969,-1,5969,5968,5970,-1,5971,5972,5973,-1,5971,5973,5974,-1,5974,5973,5975,-1,5974,5975,5976,-1,5976,5975,5977,-1,5976,5977,5978,-1,5978,5977,5979,-1,5978,5979,5980,-1,5980,5979,5981,-1,5980,5981,5982,-1,5982,5981,5983,-1,5982,5983,5984,-1,5985,5984,5986,-1,5986,5984,5983,-1,5987,5988,5989,-1,5989,5988,5990,-1,5991,5987,5992,-1,5992,5987,5989,-1,5993,5991,5994,-1,5994,5991,5992,-1,5995,5993,5996,-1,5996,5993,5994,-1,5997,5995,5998,-1,5998,5995,5996,-1,5999,5997,6000,-1,6000,5997,5998,-1,6001,5999,6002,-1,6002,5999,6000,-1,6001,6002,6003,-1,6003,6002,6004,-1,6003,6004,6005,-1,6005,6004,6006,-1,6005,6006,6007,-1,6007,6006,6008,-1,6007,6008,6009,-1,6009,6008,6010,-1,6009,6010,6011,-1,6011,6010,6012,-1,6011,6012,6013,-1,6013,6012,6014,-1,6013,6014,6015,-1,6015,6014,6016,-1,6015,6016,6017,-1,6017,6016,6018,-1,6017,6018,6019,-1,6019,6018,6020,-1,6019,6020,6021,-1,6021,6020,6022,-1,6021,6022,6023,-1,6023,6022,6024,-1,6023,6024,6025,-1,6025,6024,6026,-1,6027,6025,6028,-1,6028,6025,6026,-1,6029,6027,6030,-1,6030,6027,6028,-1,6031,6029,6032,-1,6032,6029,6030,-1,6033,6031,6034,-1,6034,6031,6032,-1,6033,6034,6035,-1,6033,6035,6036,-1,6036,6035,6037,-1,6036,6037,6038,-1,6038,6037,6039,-1,6038,6039,6040,-1,6040,6039,6041,-1,6040,6041,6042,-1,6042,6041,6043,-1,6042,6043,6044,-1,6044,6043,6045,-1,6044,6045,6046,-1,6047,6046,6048,-1,6048,6046,6045,-1,6049,6050,6051,-1,6051,6050,6052,-1,6053,6049,6054,-1,6054,6049,6051,-1,6055,6053,6056,-1,6056,6053,6054,-1,6057,6058,6059,-1,6059,6058,6060,-1,6061,6057,6062,-1,6062,6057,6059,-1,6063,6061,6064,-1,6064,6061,6062,-1,6065,6063,6066,-1,6066,6063,6064,-1,6067,6065,6068,-1,6068,6065,6066,-1,6069,6067,6070,-1,6070,6067,6068,-1,6071,6072,6073,-1,6073,6072,6074,-1,6075,6071,6076,-1,6076,6071,6073,-1,6077,6075,6078,-1,6078,6075,6076,-1,6079,6077,6080,-1,6080,6077,6078,-1,6079,6080,6081,-1,6081,6080,6082,-1,6081,6082,6083,-1,6083,6082,6084,-1,6083,6084,6085,-1,6085,6084,6086,-1,6085,6086,6087,-1,6087,6086,6088,-1,6087,6088,6089,-1,6089,6088,6090,-1,6089,6090,6091,-1,6091,6090,6092,-1,5971,6091,5972,-1,5972,6091,6092,-1,6067,6069,6093,-1,6067,6093,6065,-1,6094,6050,5968,-1,5968,6050,6049,-1,5995,5997,6095,-1,6055,6058,6053,-1,6053,6058,6057,-1,6063,6065,6061,-1,6061,6065,6093,-1,6061,6093,6057,-1,6057,6093,6096,-1,6057,6096,6053,-1,6046,6047,6097,-1,6044,6046,6033,-1,6033,6046,6031,-1,6079,6081,5970,-1,6098,5988,6095,-1,6095,5988,5987,-1,6095,6009,6011,-1,6079,5970,6077,-1,6033,6036,6038,-1,5997,5999,6001,-1,6046,6097,6031,-1,6031,6097,6019,-1,6031,6019,6021,-1,6081,6083,5970,-1,5970,6083,6085,-1,5970,6085,6095,-1,6095,6085,6087,-1,6095,6087,6089,-1,5987,5991,6095,-1,6095,5991,5993,-1,6095,5993,5995,-1,6038,6040,6033,-1,6033,6040,6042,-1,6033,6042,6044,-1,6011,6013,6095,-1,6095,6013,6015,-1,6095,6015,6097,-1,6097,6015,6017,-1,6097,6017,6019,-1,6027,6029,6025,-1,6025,6029,6031,-1,6025,6031,6023,-1,6023,6031,6021,-1,5970,5968,6077,-1,6077,5968,6049,-1,6077,6049,6075,-1,6075,6049,6053,-1,6075,6053,6071,-1,6071,6053,6096,-1,6071,6096,6072,-1,6001,6003,5997,-1,5997,6003,6005,-1,5997,6005,6095,-1,6095,6005,6007,-1,6095,6007,6009,-1,5984,5985,6099,-1,6099,6100,6089,-1,6089,6100,6101,-1,6089,6101,6095,-1,6095,6101,6102,-1,6095,6102,6098,-1,6089,6091,6099,-1,6099,6091,5971,-1,6099,5971,5984,-1,5984,5971,5974,-1,5984,5974,5976,-1,5978,5980,5976,-1,5976,5980,5982,-1,5976,5982,5984,-1,6052,6103,6051,-1,6051,6103,5967,-1,6059,6060,6054,-1,6054,6060,6056,-1,6070,6068,6104,-1,6104,6068,6066,-1,6104,6066,6064,-1,5989,5990,6105,-1,6078,6076,6054,-1,6073,6074,6106,-1,5994,5992,5989,-1,6024,6022,6032,-1,6064,6062,6104,-1,6104,6062,6059,-1,6104,6059,6106,-1,6106,6059,6054,-1,6106,6054,6073,-1,6073,6054,6076,-1,5998,5996,6107,-1,6107,5996,5994,-1,6032,6022,6108,-1,6014,6012,6107,-1,6000,5998,6002,-1,6002,5998,6004,-1,6108,6048,6032,-1,6032,6048,6045,-1,6032,6045,6034,-1,6034,6045,6043,-1,6034,6043,6041,-1,6084,6082,5969,-1,5969,6082,6080,-1,5969,6080,5967,-1,5967,6080,6078,-1,5967,6078,6051,-1,6051,6078,6054,-1,6030,6028,6032,-1,6032,6028,6026,-1,6032,6026,6024,-1,6022,6020,6108,-1,6108,6020,6018,-1,6108,6018,6107,-1,6107,6018,6016,-1,6107,6016,6014,-1,6041,6039,6034,-1,6034,6039,6037,-1,6034,6037,6035,-1,5994,5989,6107,-1,6107,5989,6105,-1,6107,6105,6109,-1,5973,5972,5983,-1,6012,6010,6107,-1,6107,6010,6008,-1,6107,6008,5998,-1,5998,6008,6006,-1,5998,6006,6004,-1,6109,6090,6107,-1,6107,6090,6088,-1,6107,6088,5969,-1,5969,6088,6086,-1,5969,6086,6084,-1,6109,6110,6090,-1,6090,6110,6111,-1,6090,6111,6092,-1,6092,6111,6112,-1,6092,6112,5972,-1,5972,6112,5986,-1,5972,5986,5983,-1,5979,5977,5975,-1,5973,5983,5975,-1,5975,5983,5981,-1,5975,5981,5979,-1,6113,6114,6115,-1,6113,6115,6116,-1,6116,6115,6117,-1,6116,6117,6118,-1,6118,6117,6119,-1,6118,6119,6120,-1,6120,6119,6121,-1,6120,6121,6122,-1,6122,6121,6123,-1,6122,6123,6124,-1,6124,6123,6125,-1,6124,6125,6126,-1,6126,6125,6127,-1,6126,6127,6128,-1,6128,6127,6129,-1,6128,6129,6130,-1,6130,6129,6131,-1,6130,6131,6132,-1,6132,6131,6133,-1,6132,6133,6134,-1,6134,6133,6135,-1,6134,6135,6136,-1,6137,6136,6138,-1,6138,6136,6135,-1,6139,6140,6141,-1,6141,6140,6142,-1,6143,6139,6144,-1,6144,6139,6141,-1,6143,6144,6145,-1,6143,6145,6146,-1,6146,6145,6147,-1,6146,6147,6148,-1,6148,6147,6149,-1,6148,6149,6150,-1,6150,6149,6151,-1,6150,6151,6152,-1,6152,6151,6153,-1,6152,6153,6154,-1,6113,6154,6114,-1,6114,6154,6153,-1,6154,6113,6136,-1,6116,6118,6126,-1,6116,6126,6113,-1,6113,6126,6128,-1,6113,6128,6130,-1,6130,6132,6113,-1,6113,6132,6134,-1,6113,6134,6136,-1,6137,6140,6136,-1,6136,6140,6139,-1,6136,6139,6154,-1,6154,6139,6143,-1,6154,6143,6152,-1,6152,6143,6146,-1,6152,6146,6150,-1,6150,6146,6148,-1,6118,6120,6126,-1,6126,6120,6122,-1,6126,6122,6124,-1,6144,6141,6153,-1,6153,6141,6114,-1,6131,6129,6114,-1,6142,6138,6141,-1,6141,6138,6135,-1,6141,6135,6114,-1,6114,6135,6133,-1,6114,6133,6131,-1,6129,6127,6114,-1,6114,6127,6125,-1,6114,6125,6115,-1,6115,6125,6117,-1,6153,6151,6149,-1,6123,6121,6125,-1,6125,6121,6119,-1,6125,6119,6117,-1,6149,6147,6153,-1,6153,6147,6145,-1,6153,6145,6144,-1,6155,6156,6157,-1,6157,6156,6158,-1,6155,6157,6159,-1,6155,6159,6160,-1,6160,6159,6161,-1,6160,6161,6162,-1,6162,6161,6163,-1,6162,6163,6164,-1,6164,6163,6165,-1,6164,6165,6166,-1,6166,6165,6167,-1,6166,6167,6168,-1,6168,6167,6169,-1,6168,6169,6170,-1,6170,6169,6171,-1,6170,6171,6172,-1,6172,6171,6173,-1,6172,6173,6174,-1,6174,6173,6175,-1,6174,6175,6176,-1,6176,6175,6177,-1,6176,6177,6178,-1,6179,6178,6180,-1,6180,6178,6177,-1,6179,6180,6181,-1,6179,6181,6182,-1,6182,6181,6183,-1,6182,6183,6184,-1,6184,6183,6185,-1,6184,6185,6186,-1,6186,6185,6187,-1,6186,6187,6188,-1,6188,6187,6189,-1,6188,6189,6190,-1,6190,6189,6191,-1,6190,6191,6192,-1,6193,6192,6194,-1,6194,6192,6191,-1,6195,6193,6196,-1,6196,6193,6194,-1,6195,6197,6193,-1,6193,6197,6156,-1,6193,6156,6155,-1,6172,6174,6155,-1,6174,6176,6155,-1,6155,6176,6178,-1,6155,6178,6193,-1,6193,6178,6179,-1,6193,6179,6192,-1,6172,6155,6170,-1,6170,6155,6160,-1,6170,6160,6162,-1,6162,6164,6170,-1,6170,6164,6166,-1,6170,6166,6168,-1,6184,6186,6182,-1,6182,6186,6188,-1,6182,6188,6179,-1,6179,6188,6190,-1,6179,6190,6192,-1,6198,6196,6194,-1,6180,6177,6157,-1,6157,6177,6175,-1,6157,6175,6173,-1,6173,6171,6157,-1,6157,6171,6169,-1,6157,6169,6159,-1,6158,6198,6157,-1,6157,6198,6194,-1,6157,6194,6180,-1,6180,6194,6191,-1,6180,6191,6189,-1,6169,6167,6165,-1,6189,6187,6180,-1,6180,6187,6185,-1,6180,6185,6181,-1,6181,6185,6183,-1,6165,6163,6169,-1,6169,6163,6161,-1,6169,6161,6159,-1,6199,6200,6201,-1,6201,6200,6202,-1,6203,6204,6205,-1,6205,6204,6206,-1,6207,6208,6209,-1,6207,6209,6210,-1,6210,6209,6211,-1,6210,6211,6212,-1,6212,6211,6213,-1,6212,6213,6214,-1,6214,6213,6215,-1,6214,6215,6216,-1,6216,6215,6217,-1,6216,6217,6218,-1,6218,6217,6219,-1,6218,6219,6220,-1,6221,6220,6222,-1,6222,6220,6219,-1,6221,6222,6223,-1,6221,6223,6224,-1,6224,6223,6225,-1,6224,6225,6226,-1,6226,6225,6227,-1,6226,6227,6228,-1,6228,6227,6229,-1,6228,6229,6230,-1,6230,6229,6231,-1,6230,6231,6232,-1,6233,6232,6234,-1,6234,6232,6231,-1,6204,6235,6206,-1,6206,6235,6236,-1,6212,6214,6204,-1,6233,6235,6232,-1,6232,6235,6204,-1,6204,6203,6237,-1,6212,6204,6210,-1,6214,6216,6204,-1,6204,6216,6218,-1,6204,6218,6220,-1,6238,6199,6237,-1,6237,6199,6201,-1,6237,6201,6204,-1,6204,6201,6207,-1,6204,6207,6210,-1,6220,6221,6204,-1,6204,6221,6224,-1,6204,6224,6226,-1,6226,6228,6204,-1,6204,6228,6230,-1,6204,6230,6232,-1,6200,6239,6202,-1,6202,6239,6240,-1,6223,6222,6206,-1,6206,6222,6219,-1,6206,6219,6217,-1,6206,6211,6209,-1,6240,6205,6202,-1,6202,6205,6206,-1,6202,6206,6208,-1,6208,6206,6209,-1,6236,6234,6206,-1,6206,6234,6231,-1,6206,6231,6229,-1,6217,6215,6206,-1,6206,6215,6213,-1,6206,6213,6211,-1,6229,6227,6206,-1,6206,6227,6225,-1,6206,6225,6223,-1,6241,6242,6243,-1,6243,6242,6244,-1,6245,6246,6247,-1,6245,6247,6248,-1,6248,6247,6249,-1,6248,6249,6250,-1,6250,6249,6251,-1,6250,6251,6252,-1,6252,6251,6253,-1,6252,6253,6254,-1,6254,6253,6255,-1,6254,6255,6256,-1,6256,6255,6257,-1,6256,6257,6258,-1,6259,6258,6260,-1,6260,6258,6257,-1,6261,6262,6263,-1,6263,6262,6264,-1,6265,6261,6266,-1,6266,6261,6263,-1,6267,6265,6268,-1,6268,6265,6266,-1,6269,6267,6270,-1,6270,6267,6268,-1,6271,6269,6272,-1,6272,6269,6270,-1,6273,6271,6274,-1,6274,6271,6272,-1,6275,6273,6276,-1,6276,6273,6274,-1,6275,6276,6277,-1,6277,6276,6278,-1,6277,6278,6279,-1,6279,6278,6280,-1,6279,6280,6281,-1,6281,6280,6282,-1,6281,6282,6283,-1,6283,6282,6284,-1,6283,6284,6285,-1,6285,6284,6286,-1,6285,6286,6287,-1,6287,6286,6288,-1,6287,6288,6289,-1,6289,6288,6290,-1,6289,6290,6291,-1,6291,6290,6292,-1,6291,6292,6293,-1,6293,6292,6294,-1,6293,6294,6295,-1,6295,6294,6296,-1,6295,6296,6297,-1,6297,6296,6298,-1,6297,6298,6299,-1,6299,6298,6300,-1,6301,6299,6302,-1,6302,6299,6300,-1,6303,6301,6304,-1,6304,6301,6302,-1,6305,6303,6306,-1,6306,6303,6304,-1,6307,6305,6308,-1,6308,6305,6306,-1,6307,6308,6309,-1,6307,6309,6310,-1,6310,6309,6311,-1,6310,6311,6312,-1,6312,6311,6313,-1,6312,6313,6314,-1,6314,6313,6315,-1,6314,6315,6316,-1,6316,6315,6317,-1,6316,6317,6318,-1,6318,6317,6319,-1,6318,6319,6320,-1,6321,6320,6322,-1,6322,6320,6319,-1,6323,6324,6325,-1,6325,6324,6326,-1,6327,6323,6328,-1,6328,6323,6325,-1,6329,6327,6330,-1,6330,6327,6328,-1,6331,6332,6333,-1,6333,6332,6334,-1,6335,6331,6336,-1,6336,6331,6333,-1,6337,6335,6338,-1,6338,6335,6336,-1,6339,6337,6340,-1,6340,6337,6338,-1,6341,6339,6342,-1,6342,6339,6340,-1,6343,6341,6344,-1,6344,6341,6342,-1,6345,6346,6347,-1,6347,6346,6348,-1,6349,6345,6350,-1,6350,6345,6347,-1,6351,6349,6352,-1,6352,6349,6350,-1,6353,6351,6354,-1,6354,6351,6352,-1,6353,6354,6355,-1,6355,6354,6356,-1,6355,6356,6357,-1,6357,6356,6358,-1,6357,6358,6359,-1,6359,6358,6360,-1,6359,6360,6361,-1,6361,6360,6362,-1,6361,6362,6363,-1,6363,6362,6364,-1,6363,6364,6365,-1,6365,6364,6366,-1,6245,6365,6246,-1,6246,6365,6366,-1,6341,6343,6367,-1,6341,6367,6339,-1,6269,6271,6368,-1,6329,6332,6327,-1,6327,6332,6331,-1,6369,6324,6242,-1,6242,6324,6323,-1,6337,6339,6335,-1,6335,6339,6367,-1,6335,6367,6331,-1,6331,6367,6370,-1,6331,6370,6327,-1,6320,6321,6371,-1,6318,6320,6307,-1,6307,6320,6305,-1,6372,6262,6368,-1,6368,6262,6261,-1,6368,6283,6285,-1,6353,6355,6244,-1,6373,6374,6363,-1,6307,6310,6312,-1,6271,6273,6275,-1,6320,6371,6305,-1,6305,6371,6293,-1,6305,6293,6295,-1,6353,6244,6351,-1,6355,6357,6244,-1,6244,6357,6359,-1,6244,6359,6368,-1,6368,6359,6361,-1,6368,6361,6363,-1,6261,6265,6368,-1,6368,6265,6267,-1,6368,6267,6269,-1,6312,6314,6307,-1,6307,6314,6316,-1,6307,6316,6318,-1,6285,6287,6368,-1,6368,6287,6289,-1,6368,6289,6371,-1,6371,6289,6291,-1,6371,6291,6293,-1,6301,6303,6299,-1,6299,6303,6305,-1,6299,6305,6297,-1,6297,6305,6295,-1,6363,6374,6368,-1,6368,6374,6375,-1,6368,6375,6372,-1,6275,6277,6271,-1,6271,6277,6279,-1,6271,6279,6368,-1,6368,6279,6281,-1,6368,6281,6283,-1,6244,6242,6351,-1,6351,6242,6323,-1,6351,6323,6349,-1,6349,6323,6327,-1,6349,6327,6345,-1,6345,6327,6370,-1,6345,6370,6346,-1,6373,6363,6376,-1,6376,6363,6365,-1,6376,6365,6245,-1,6259,6376,6258,-1,6258,6376,6245,-1,6258,6245,6256,-1,6256,6245,6248,-1,6248,6250,6256,-1,6256,6250,6252,-1,6256,6252,6254,-1,6333,6334,6328,-1,6328,6334,6330,-1,6326,6377,6325,-1,6325,6377,6241,-1,6344,6342,6378,-1,6378,6342,6340,-1,6378,6340,6338,-1,6263,6264,6379,-1,6268,6266,6263,-1,6352,6350,6328,-1,6347,6348,6380,-1,6298,6296,6306,-1,6306,6296,6381,-1,6288,6286,6382,-1,6272,6270,6382,-1,6382,6270,6268,-1,6338,6336,6378,-1,6378,6336,6333,-1,6378,6333,6380,-1,6380,6333,6328,-1,6380,6328,6347,-1,6347,6328,6350,-1,6274,6272,6276,-1,6276,6272,6278,-1,6381,6322,6306,-1,6306,6322,6319,-1,6306,6319,6308,-1,6308,6319,6317,-1,6308,6317,6315,-1,6268,6263,6382,-1,6382,6263,6379,-1,6382,6379,6383,-1,6304,6302,6306,-1,6306,6302,6300,-1,6306,6300,6298,-1,6296,6294,6381,-1,6381,6294,6292,-1,6381,6292,6382,-1,6382,6292,6290,-1,6382,6290,6288,-1,6315,6313,6308,-1,6308,6313,6311,-1,6308,6311,6309,-1,6383,6364,6382,-1,6382,6364,6362,-1,6382,6362,6243,-1,6243,6362,6360,-1,6243,6360,6358,-1,6286,6284,6382,-1,6382,6284,6282,-1,6382,6282,6272,-1,6272,6282,6280,-1,6272,6280,6278,-1,6358,6356,6243,-1,6243,6356,6354,-1,6243,6354,6241,-1,6241,6354,6352,-1,6241,6352,6325,-1,6325,6352,6328,-1,6383,6384,6364,-1,6364,6384,6385,-1,6364,6385,6366,-1,6366,6385,6386,-1,6366,6386,6246,-1,6246,6386,6260,-1,6249,6255,6251,-1,6251,6255,6253,-1,6260,6257,6246,-1,6246,6257,6255,-1,6246,6255,6247,-1,6247,6255,6249,-1,6387,6388,6389,-1,6387,6389,6390,-1,6390,6389,6391,-1,6390,6391,6392,-1,6392,6391,6393,-1,6392,6393,6394,-1,6394,6393,6395,-1,6394,6395,6396,-1,6396,6395,6397,-1,6396,6397,6398,-1,6398,6397,6399,-1,6398,6399,6400,-1,6400,6399,6401,-1,6400,6401,6402,-1,6402,6401,6403,-1,6402,6403,6404,-1,6404,6403,6405,-1,6404,6405,6406,-1,6406,6405,6407,-1,6406,6407,6408,-1,6408,6407,6409,-1,6408,6409,6410,-1,6411,6410,6412,-1,6412,6410,6409,-1,6413,6414,6415,-1,6415,6414,6416,-1,6417,6413,6418,-1,6418,6413,6415,-1,6417,6418,6419,-1,6417,6419,6420,-1,6420,6419,6421,-1,6420,6421,6422,-1,6422,6421,6423,-1,6422,6423,6424,-1,6424,6423,6425,-1,6424,6425,6426,-1,6426,6425,6427,-1,6426,6427,6428,-1,6387,6428,6388,-1,6388,6428,6427,-1,6422,6424,6426,-1,6390,6408,6387,-1,6387,6408,6410,-1,6387,6410,6428,-1,6390,6392,6408,-1,6408,6392,6394,-1,6408,6394,6396,-1,6400,6402,6404,-1,6411,6414,6410,-1,6410,6414,6413,-1,6410,6413,6428,-1,6428,6413,6417,-1,6428,6417,6426,-1,6426,6417,6420,-1,6426,6420,6422,-1,6396,6398,6408,-1,6408,6398,6400,-1,6408,6400,6406,-1,6406,6400,6404,-1,6419,6418,6427,-1,6427,6418,6415,-1,6427,6415,6388,-1,6403,6401,6399,-1,6397,6395,6407,-1,6407,6395,6393,-1,6407,6393,6391,-1,6416,6412,6415,-1,6415,6412,6409,-1,6415,6409,6388,-1,6388,6409,6407,-1,6388,6407,6389,-1,6389,6407,6391,-1,6397,6407,6399,-1,6399,6407,6405,-1,6399,6405,6403,-1,6425,6423,6427,-1,6427,6423,6421,-1,6427,6421,6419,-1,6429,6430,6431,-1,6431,6430,6432,-1,6429,6431,6433,-1,6429,6433,6434,-1,6434,6433,6435,-1,6434,6435,6436,-1,6436,6435,6437,-1,6436,6437,6438,-1,6438,6437,6439,-1,6438,6439,6440,-1,6440,6439,6441,-1,6440,6441,6442,-1,6442,6441,6443,-1,6442,6443,6444,-1,6444,6443,6445,-1,6444,6445,6446,-1,6446,6445,6447,-1,6446,6447,6448,-1,6448,6447,6449,-1,6448,6449,6450,-1,6450,6449,6451,-1,6450,6451,6452,-1,6453,6452,6454,-1,6454,6452,6451,-1,6453,6454,6455,-1,6453,6455,6456,-1,6456,6455,6457,-1,6456,6457,6458,-1,6458,6457,6459,-1,6458,6459,6460,-1,6460,6459,6461,-1,6460,6461,6462,-1,6462,6461,6463,-1,6462,6463,6464,-1,6464,6463,6465,-1,6464,6465,6466,-1,6467,6466,6468,-1,6468,6466,6465,-1,6469,6467,6470,-1,6470,6467,6468,-1,6469,6471,6467,-1,6467,6471,6430,-1,6467,6430,6429,-1,6446,6448,6429,-1,6448,6450,6429,-1,6429,6450,6452,-1,6429,6452,6467,-1,6467,6452,6453,-1,6467,6453,6466,-1,6446,6429,6444,-1,6444,6429,6434,-1,6444,6434,6436,-1,6436,6438,6444,-1,6444,6438,6440,-1,6444,6440,6442,-1,6458,6460,6456,-1,6456,6460,6462,-1,6456,6462,6453,-1,6453,6462,6464,-1,6453,6464,6466,-1,6472,6470,6468,-1,6454,6451,6431,-1,6431,6451,6449,-1,6449,6447,6431,-1,6431,6447,6445,-1,6431,6445,6443,-1,6432,6472,6431,-1,6431,6472,6468,-1,6431,6468,6454,-1,6454,6468,6465,-1,6454,6465,6463,-1,6463,6461,6454,-1,6454,6461,6459,-1,6454,6459,6455,-1,6455,6459,6457,-1,6437,6443,6439,-1,6439,6443,6441,-1,6437,6435,6443,-1,6443,6435,6433,-1,6443,6433,6431,-1,6473,6474,6475,-1,6475,6474,6476,-1,6477,6478,6479,-1,6479,6478,6480,-1,6481,6482,6483,-1,6481,6483,6484,-1,6484,6483,6485,-1,6484,6485,6486,-1,6486,6485,6487,-1,6486,6487,6488,-1,6488,6487,6489,-1,6488,6489,6490,-1,6490,6489,6491,-1,6490,6491,6492,-1,6492,6491,6493,-1,6492,6493,6494,-1,6495,6494,6496,-1,6496,6494,6493,-1,6495,6496,6497,-1,6495,6497,6498,-1,6498,6497,6499,-1,6498,6499,6500,-1,6500,6499,6501,-1,6500,6501,6502,-1,6502,6501,6503,-1,6502,6503,6504,-1,6504,6503,6505,-1,6504,6505,6506,-1,6507,6506,6508,-1,6508,6506,6505,-1,6478,6509,6480,-1,6480,6509,6510,-1,6486,6488,6478,-1,6507,6509,6506,-1,6506,6509,6478,-1,6478,6477,6511,-1,6486,6478,6484,-1,6488,6490,6478,-1,6478,6490,6492,-1,6478,6492,6494,-1,6512,6473,6511,-1,6511,6473,6475,-1,6511,6475,6478,-1,6478,6475,6481,-1,6478,6481,6484,-1,6494,6495,6478,-1,6478,6495,6498,-1,6478,6498,6500,-1,6500,6502,6478,-1,6478,6502,6504,-1,6478,6504,6506,-1,6474,6513,6476,-1,6476,6513,6514,-1,6497,6496,6480,-1,6480,6496,6493,-1,6480,6493,6491,-1,6480,6485,6483,-1,6514,6479,6476,-1,6476,6479,6480,-1,6476,6480,6482,-1,6482,6480,6483,-1,6510,6508,6480,-1,6480,6508,6505,-1,6480,6505,6503,-1,6491,6489,6480,-1,6480,6489,6487,-1,6480,6487,6485,-1,6503,6501,6480,-1,6480,6501,6499,-1,6480,6499,6497,-1,6515,6516,6517,-1,6517,6516,6518,-1,6519,6520,6521,-1,6519,6521,6522,-1,6522,6521,6523,-1,6522,6523,6524,-1,6524,6523,6525,-1,6524,6525,6526,-1,6526,6525,6527,-1,6526,6527,6528,-1,6528,6527,6529,-1,6528,6529,6530,-1,6530,6529,6531,-1,6530,6531,6532,-1,6533,6532,6534,-1,6534,6532,6531,-1,6535,6536,6537,-1,6537,6536,6538,-1,6539,6535,6540,-1,6540,6535,6537,-1,6541,6539,6542,-1,6542,6539,6540,-1,6543,6541,6544,-1,6544,6541,6542,-1,6545,6543,6546,-1,6546,6543,6544,-1,6547,6545,6548,-1,6548,6545,6546,-1,6549,6547,6550,-1,6550,6547,6548,-1,6549,6550,6551,-1,6551,6550,6552,-1,6551,6552,6553,-1,6553,6552,6554,-1,6553,6554,6555,-1,6555,6554,6556,-1,6555,6556,6557,-1,6557,6556,6558,-1,6557,6558,6559,-1,6559,6558,6560,-1,6559,6560,6561,-1,6561,6560,6562,-1,6561,6562,6563,-1,6563,6562,6564,-1,6563,6564,6565,-1,6565,6564,6566,-1,6565,6566,6567,-1,6567,6566,6568,-1,6567,6568,6569,-1,6569,6568,6570,-1,6569,6570,6571,-1,6571,6570,6572,-1,6571,6572,6573,-1,6573,6572,6574,-1,6575,6573,6576,-1,6576,6573,6574,-1,6577,6575,6578,-1,6578,6575,6576,-1,6579,6577,6580,-1,6580,6577,6578,-1,6581,6579,6582,-1,6582,6579,6580,-1,6581,6582,6583,-1,6581,6583,6584,-1,6584,6583,6585,-1,6584,6585,6586,-1,6586,6585,6587,-1,6586,6587,6588,-1,6588,6587,6589,-1,6588,6589,6590,-1,6590,6589,6591,-1,6590,6591,6592,-1,6592,6591,6593,-1,6592,6593,6594,-1,6595,6594,6596,-1,6596,6594,6593,-1,6597,6598,6599,-1,6599,6598,6600,-1,6601,6597,6602,-1,6602,6597,6599,-1,6603,6601,6604,-1,6604,6601,6602,-1,6605,6606,6607,-1,6607,6606,6608,-1,6609,6605,6610,-1,6610,6605,6607,-1,6611,6609,6612,-1,6612,6609,6610,-1,6613,6611,6614,-1,6614,6611,6612,-1,6615,6613,6616,-1,6616,6613,6614,-1,6617,6615,6618,-1,6618,6615,6616,-1,6619,6620,6621,-1,6621,6620,6622,-1,6623,6619,6624,-1,6624,6619,6621,-1,6625,6623,6626,-1,6626,6623,6624,-1,6627,6625,6628,-1,6628,6625,6626,-1,6627,6628,6629,-1,6629,6628,6630,-1,6629,6630,6631,-1,6631,6630,6632,-1,6631,6632,6633,-1,6633,6632,6634,-1,6633,6634,6635,-1,6635,6634,6636,-1,6635,6636,6637,-1,6637,6636,6638,-1,6637,6638,6639,-1,6639,6638,6640,-1,6519,6639,6520,-1,6520,6639,6640,-1,6615,6617,6641,-1,6615,6641,6613,-1,6543,6545,6642,-1,6603,6606,6601,-1,6601,6606,6605,-1,6643,6598,6516,-1,6516,6598,6597,-1,6611,6613,6609,-1,6609,6613,6641,-1,6609,6641,6605,-1,6605,6641,6644,-1,6605,6644,6601,-1,6594,6595,6645,-1,6592,6594,6581,-1,6581,6594,6579,-1,6646,6536,6642,-1,6642,6536,6535,-1,6642,6557,6559,-1,6627,6629,6518,-1,6581,6584,6586,-1,6545,6547,6549,-1,6594,6645,6579,-1,6579,6645,6567,-1,6579,6567,6569,-1,6627,6518,6625,-1,6629,6631,6518,-1,6518,6631,6633,-1,6518,6633,6642,-1,6642,6633,6635,-1,6642,6635,6637,-1,6535,6539,6642,-1,6642,6539,6541,-1,6642,6541,6543,-1,6586,6588,6581,-1,6581,6588,6590,-1,6581,6590,6592,-1,6559,6561,6642,-1,6642,6561,6563,-1,6642,6563,6645,-1,6645,6563,6565,-1,6645,6565,6567,-1,6575,6577,6573,-1,6573,6577,6579,-1,6573,6579,6571,-1,6571,6579,6569,-1,6637,6647,6642,-1,6642,6647,6648,-1,6642,6648,6646,-1,6549,6551,6545,-1,6545,6551,6553,-1,6545,6553,6642,-1,6642,6553,6555,-1,6642,6555,6557,-1,6518,6516,6625,-1,6625,6516,6597,-1,6625,6597,6623,-1,6623,6597,6601,-1,6623,6601,6619,-1,6619,6601,6644,-1,6619,6644,6620,-1,6639,6649,6637,-1,6637,6649,6650,-1,6637,6650,6647,-1,6639,6519,6649,-1,6649,6519,6532,-1,6649,6532,6533,-1,6519,6522,6532,-1,6532,6522,6524,-1,6532,6524,6530,-1,6530,6524,6526,-1,6530,6526,6528,-1,6607,6608,6602,-1,6602,6608,6604,-1,6600,6651,6599,-1,6599,6651,6515,-1,6618,6616,6652,-1,6652,6616,6614,-1,6652,6614,6612,-1,6537,6538,6653,-1,6542,6540,6537,-1,6626,6624,6602,-1,6621,6622,6654,-1,6572,6570,6580,-1,6580,6570,6655,-1,6562,6560,6656,-1,6546,6544,6656,-1,6656,6544,6542,-1,6612,6610,6652,-1,6652,6610,6607,-1,6652,6607,6654,-1,6654,6607,6602,-1,6654,6602,6621,-1,6621,6602,6624,-1,6548,6546,6550,-1,6550,6546,6552,-1,6655,6596,6580,-1,6580,6596,6593,-1,6580,6593,6582,-1,6582,6593,6591,-1,6582,6591,6589,-1,6578,6576,6580,-1,6580,6576,6574,-1,6580,6574,6572,-1,6570,6568,6655,-1,6655,6568,6566,-1,6655,6566,6656,-1,6656,6566,6564,-1,6656,6564,6562,-1,6589,6587,6582,-1,6582,6587,6585,-1,6582,6585,6583,-1,6542,6537,6656,-1,6656,6537,6653,-1,6656,6653,6657,-1,6560,6558,6656,-1,6656,6558,6556,-1,6656,6556,6546,-1,6546,6556,6554,-1,6546,6554,6552,-1,6657,6638,6656,-1,6656,6638,6636,-1,6656,6636,6517,-1,6517,6636,6634,-1,6517,6634,6632,-1,6657,6658,6638,-1,6638,6658,6659,-1,6638,6659,6640,-1,6640,6659,6660,-1,6640,6660,6520,-1,6520,6660,6534,-1,6632,6630,6517,-1,6517,6630,6628,-1,6517,6628,6515,-1,6515,6628,6626,-1,6515,6626,6599,-1,6599,6626,6602,-1,6523,6529,6525,-1,6525,6529,6527,-1,6534,6531,6520,-1,6520,6531,6529,-1,6520,6529,6521,-1,6521,6529,6523,-1,6661,6662,6663,-1,6661,6663,6664,-1,6664,6663,6665,-1,6664,6665,6666,-1,6666,6665,6667,-1,6666,6667,6668,-1,6668,6667,6669,-1,6668,6669,6670,-1,6670,6669,6671,-1,6670,6671,6672,-1,6672,6671,6673,-1,6672,6673,6674,-1,6674,6673,6675,-1,6674,6675,6676,-1,6676,6675,6677,-1,6676,6677,6678,-1,6678,6677,6679,-1,6678,6679,6680,-1,6680,6679,6681,-1,6680,6681,6682,-1,6682,6681,6683,-1,6682,6683,6684,-1,6685,6684,6686,-1,6686,6684,6683,-1,6687,6688,6689,-1,6689,6688,6690,-1,6691,6687,6692,-1,6692,6687,6689,-1,6691,6692,6693,-1,6691,6693,6694,-1,6694,6693,6695,-1,6694,6695,6696,-1,6696,6695,6697,-1,6696,6697,6698,-1,6698,6697,6699,-1,6698,6699,6700,-1,6700,6699,6701,-1,6700,6701,6702,-1,6661,6702,6662,-1,6662,6702,6701,-1,6702,6661,6684,-1,6696,6698,6700,-1,6664,6666,6674,-1,6664,6674,6661,-1,6661,6674,6676,-1,6661,6676,6678,-1,6678,6680,6661,-1,6661,6680,6682,-1,6661,6682,6684,-1,6685,6688,6684,-1,6684,6688,6687,-1,6684,6687,6702,-1,6702,6687,6691,-1,6702,6691,6700,-1,6700,6691,6694,-1,6700,6694,6696,-1,6666,6668,6674,-1,6674,6668,6670,-1,6674,6670,6672,-1,6693,6692,6701,-1,6701,6692,6689,-1,6701,6689,6662,-1,6679,6677,6662,-1,6690,6686,6689,-1,6689,6686,6683,-1,6689,6683,6662,-1,6662,6683,6681,-1,6662,6681,6679,-1,6677,6675,6662,-1,6662,6675,6673,-1,6662,6673,6663,-1,6663,6673,6665,-1,6671,6669,6673,-1,6673,6669,6667,-1,6673,6667,6665,-1,6699,6697,6701,-1,6701,6697,6695,-1,6701,6695,6693,-1,6703,6704,6705,-1,6705,6704,6706,-1,6703,6705,6707,-1,6703,6707,6708,-1,6708,6707,6709,-1,6708,6709,6710,-1,6710,6709,6711,-1,6710,6711,6712,-1,6712,6711,6713,-1,6712,6713,6714,-1,6714,6713,6715,-1,6714,6715,6716,-1,6716,6715,6717,-1,6716,6717,6718,-1,6718,6717,6719,-1,6718,6719,6720,-1,6720,6719,6721,-1,6720,6721,6722,-1,6722,6721,6723,-1,6722,6723,6724,-1,6724,6723,6725,-1,6724,6725,6726,-1,6727,6726,6728,-1,6728,6726,6725,-1,6727,6728,6729,-1,6727,6729,6730,-1,6730,6729,6731,-1,6730,6731,6732,-1,6732,6731,6733,-1,6732,6733,6734,-1,6734,6733,6735,-1,6734,6735,6736,-1,6736,6735,6737,-1,6736,6737,6738,-1,6738,6737,6739,-1,6738,6739,6740,-1,6741,6740,6742,-1,6742,6740,6739,-1,6743,6741,6744,-1,6744,6741,6742,-1,6743,6745,6741,-1,6741,6745,6704,-1,6741,6704,6703,-1,6720,6722,6703,-1,6722,6724,6703,-1,6703,6724,6726,-1,6703,6726,6741,-1,6741,6726,6727,-1,6741,6727,6740,-1,6720,6703,6718,-1,6718,6703,6708,-1,6718,6708,6710,-1,6710,6712,6718,-1,6718,6712,6714,-1,6718,6714,6716,-1,6732,6734,6730,-1,6730,6734,6736,-1,6730,6736,6727,-1,6727,6736,6738,-1,6727,6738,6740,-1,6746,6744,6742,-1,6728,6725,6705,-1,6705,6725,6723,-1,6723,6721,6705,-1,6705,6721,6719,-1,6705,6719,6717,-1,6706,6746,6705,-1,6705,6746,6742,-1,6705,6742,6728,-1,6728,6742,6739,-1,6728,6739,6737,-1,6737,6735,6728,-1,6728,6735,6733,-1,6728,6733,6729,-1,6729,6733,6731,-1,6711,6717,6713,-1,6713,6717,6715,-1,6711,6709,6717,-1,6717,6709,6707,-1,6717,6707,6705,-1,6747,6748,6749,-1,6749,6748,6750,-1,6751,6752,6753,-1,6753,6752,6754,-1,6755,6756,6757,-1,6755,6757,6758,-1,6758,6757,6759,-1,6758,6759,6760,-1,6760,6759,6761,-1,6760,6761,6762,-1,6762,6761,6763,-1,6762,6763,6764,-1,6764,6763,6765,-1,6764,6765,6766,-1,6766,6765,6767,-1,6766,6767,6768,-1,6769,6768,6770,-1,6770,6768,6767,-1,6769,6770,6771,-1,6769,6771,6772,-1,6772,6771,6773,-1,6772,6773,6774,-1,6774,6773,6775,-1,6774,6775,6776,-1,6776,6775,6777,-1,6776,6777,6778,-1,6778,6777,6779,-1,6778,6779,6780,-1,6781,6780,6782,-1,6782,6780,6779,-1,6752,6783,6754,-1,6754,6783,6784,-1,6760,6762,6752,-1,6781,6783,6780,-1,6780,6783,6752,-1,6752,6751,6785,-1,6760,6752,6758,-1,6762,6764,6752,-1,6752,6764,6766,-1,6752,6766,6768,-1,6786,6747,6785,-1,6785,6747,6749,-1,6785,6749,6752,-1,6752,6749,6755,-1,6752,6755,6758,-1,6768,6769,6752,-1,6752,6769,6772,-1,6752,6772,6774,-1,6774,6776,6752,-1,6752,6776,6778,-1,6752,6778,6780,-1,6748,6787,6750,-1,6750,6787,6788,-1,6771,6770,6754,-1,6754,6770,6767,-1,6754,6767,6765,-1,6754,6759,6757,-1,6788,6753,6750,-1,6750,6753,6754,-1,6750,6754,6756,-1,6756,6754,6757,-1,6784,6782,6754,-1,6754,6782,6779,-1,6754,6779,6777,-1,6765,6763,6754,-1,6754,6763,6761,-1,6754,6761,6759,-1,6777,6775,6754,-1,6754,6775,6773,-1,6754,6773,6771,-1,6789,6790,6791,-1,6791,6790,6792,-1,6793,6794,6795,-1,6793,6795,6796,-1,6796,6795,6797,-1,6796,6797,6798,-1,6798,6797,6799,-1,6798,6799,6800,-1,6800,6799,6801,-1,6800,6801,6802,-1,6802,6801,6803,-1,6802,6803,6804,-1,6804,6803,6805,-1,6804,6805,6806,-1,6807,6806,6808,-1,6808,6806,6805,-1,6809,6810,6811,-1,6811,6810,6812,-1,6813,6809,6814,-1,6814,6809,6811,-1,6815,6813,6816,-1,6816,6813,6814,-1,6817,6815,6818,-1,6818,6815,6816,-1,6819,6817,6820,-1,6820,6817,6818,-1,6821,6819,6822,-1,6822,6819,6820,-1,6823,6821,6824,-1,6824,6821,6822,-1,6823,6824,6825,-1,6825,6824,6826,-1,6825,6826,6827,-1,6827,6826,6828,-1,6827,6828,6829,-1,6829,6828,6830,-1,6829,6830,6831,-1,6831,6830,6832,-1,6831,6832,6833,-1,6833,6832,6834,-1,6833,6834,6835,-1,6835,6834,6836,-1,6835,6836,6837,-1,6837,6836,6838,-1,6837,6838,6839,-1,6839,6838,6840,-1,6839,6840,6841,-1,6841,6840,6842,-1,6841,6842,6843,-1,6843,6842,6844,-1,6843,6844,6845,-1,6845,6844,6846,-1,6845,6846,6847,-1,6847,6846,6848,-1,6849,6847,6850,-1,6850,6847,6848,-1,6851,6849,6852,-1,6852,6849,6850,-1,6853,6851,6854,-1,6854,6851,6852,-1,6855,6853,6856,-1,6856,6853,6854,-1,6855,6856,6857,-1,6855,6857,6858,-1,6858,6857,6859,-1,6858,6859,6860,-1,6860,6859,6861,-1,6860,6861,6862,-1,6862,6861,6863,-1,6862,6863,6864,-1,6864,6863,6865,-1,6864,6865,6866,-1,6866,6865,6867,-1,6866,6867,6868,-1,6869,6868,6870,-1,6870,6868,6867,-1,6871,6872,6873,-1,6873,6872,6874,-1,6875,6871,6876,-1,6876,6871,6873,-1,6877,6875,6878,-1,6878,6875,6876,-1,6879,6880,6881,-1,6881,6880,6882,-1,6883,6879,6884,-1,6884,6879,6881,-1,6885,6883,6886,-1,6886,6883,6884,-1,6887,6885,6888,-1,6888,6885,6886,-1,6889,6887,6890,-1,6890,6887,6888,-1,6891,6889,6892,-1,6892,6889,6890,-1,6893,6894,6895,-1,6895,6894,6896,-1,6897,6893,6898,-1,6898,6893,6895,-1,6899,6897,6900,-1,6900,6897,6898,-1,6901,6899,6902,-1,6902,6899,6900,-1,6901,6902,6903,-1,6903,6902,6904,-1,6903,6904,6905,-1,6905,6904,6906,-1,6905,6906,6907,-1,6907,6906,6908,-1,6907,6908,6909,-1,6909,6908,6910,-1,6909,6910,6911,-1,6911,6910,6912,-1,6911,6912,6913,-1,6913,6912,6914,-1,6793,6913,6794,-1,6794,6913,6914,-1,6889,6891,6915,-1,6889,6915,6887,-1,6916,6872,6790,-1,6790,6872,6871,-1,6817,6819,6917,-1,6877,6880,6875,-1,6875,6880,6879,-1,6885,6887,6883,-1,6883,6887,6915,-1,6883,6915,6879,-1,6879,6915,6918,-1,6879,6918,6875,-1,6868,6869,6919,-1,6866,6868,6855,-1,6855,6868,6853,-1,6901,6903,6792,-1,6920,6810,6917,-1,6917,6810,6809,-1,6917,6831,6833,-1,6901,6792,6899,-1,6855,6858,6860,-1,6819,6821,6823,-1,6868,6919,6853,-1,6853,6919,6841,-1,6853,6841,6843,-1,6903,6905,6792,-1,6792,6905,6907,-1,6792,6907,6917,-1,6917,6907,6909,-1,6917,6909,6911,-1,6809,6813,6917,-1,6917,6813,6815,-1,6917,6815,6817,-1,6860,6862,6855,-1,6855,6862,6864,-1,6855,6864,6866,-1,6833,6835,6917,-1,6917,6835,6837,-1,6917,6837,6919,-1,6919,6837,6839,-1,6919,6839,6841,-1,6849,6851,6847,-1,6847,6851,6853,-1,6847,6853,6845,-1,6845,6853,6843,-1,6792,6790,6899,-1,6899,6790,6871,-1,6899,6871,6897,-1,6897,6871,6875,-1,6897,6875,6893,-1,6893,6875,6918,-1,6893,6918,6894,-1,6806,6807,6921,-1,6921,6922,6911,-1,6911,6922,6923,-1,6911,6923,6917,-1,6917,6923,6924,-1,6917,6924,6920,-1,6823,6825,6819,-1,6819,6825,6827,-1,6819,6827,6917,-1,6917,6827,6829,-1,6917,6829,6831,-1,6911,6913,6921,-1,6921,6913,6793,-1,6921,6793,6806,-1,6806,6793,6796,-1,6806,6796,6798,-1,6800,6802,6798,-1,6798,6802,6804,-1,6798,6804,6806,-1,6874,6925,6873,-1,6873,6925,6789,-1,6881,6882,6876,-1,6876,6882,6878,-1,6892,6890,6926,-1,6926,6890,6888,-1,6926,6888,6886,-1,6811,6812,6927,-1,6816,6814,6811,-1,6900,6898,6876,-1,6895,6896,6928,-1,6846,6844,6854,-1,6854,6844,6929,-1,6836,6834,6930,-1,6820,6818,6930,-1,6930,6818,6816,-1,6886,6884,6926,-1,6926,6884,6881,-1,6926,6881,6928,-1,6928,6881,6876,-1,6928,6876,6895,-1,6895,6876,6898,-1,6822,6820,6824,-1,6824,6820,6826,-1,6929,6870,6854,-1,6854,6870,6867,-1,6854,6867,6856,-1,6856,6867,6865,-1,6856,6865,6863,-1,6852,6850,6854,-1,6854,6850,6848,-1,6854,6848,6846,-1,6844,6842,6929,-1,6929,6842,6840,-1,6929,6840,6930,-1,6930,6840,6838,-1,6930,6838,6836,-1,6863,6861,6856,-1,6856,6861,6859,-1,6856,6859,6857,-1,6816,6811,6930,-1,6930,6811,6927,-1,6930,6927,6931,-1,6795,6794,6805,-1,6906,6904,6791,-1,6791,6904,6902,-1,6791,6902,6789,-1,6789,6902,6900,-1,6789,6900,6873,-1,6873,6900,6876,-1,6834,6832,6930,-1,6930,6832,6830,-1,6930,6830,6820,-1,6820,6830,6828,-1,6820,6828,6826,-1,6931,6912,6930,-1,6930,6912,6910,-1,6930,6910,6791,-1,6791,6910,6908,-1,6791,6908,6906,-1,6931,6932,6912,-1,6912,6932,6933,-1,6912,6933,6914,-1,6914,6933,6934,-1,6914,6934,6794,-1,6794,6934,6808,-1,6794,6808,6805,-1,6801,6799,6797,-1,6795,6805,6797,-1,6797,6805,6803,-1,6797,6803,6801,-1,6935,6936,6937,-1,6935,6937,6938,-1,6938,6937,6939,-1,6938,6939,6940,-1,6940,6939,6941,-1,6940,6941,6942,-1,6942,6941,6943,-1,6942,6943,6944,-1,6944,6943,6945,-1,6944,6945,6946,-1,6946,6945,6947,-1,6946,6947,6948,-1,6948,6947,6949,-1,6948,6949,6950,-1,6950,6949,6951,-1,6950,6951,6952,-1,6952,6951,6953,-1,6952,6953,6954,-1,6954,6953,6955,-1,6954,6955,6956,-1,6956,6955,6957,-1,6956,6957,6958,-1,6959,6958,6960,-1,6960,6958,6957,-1,6961,6962,6963,-1,6963,6962,6964,-1,6965,6961,6966,-1,6966,6961,6963,-1,6965,6966,6967,-1,6965,6967,6968,-1,6968,6967,6969,-1,6968,6969,6970,-1,6970,6969,6971,-1,6970,6971,6972,-1,6972,6971,6973,-1,6972,6973,6974,-1,6974,6973,6975,-1,6974,6975,6976,-1,6935,6976,6936,-1,6936,6976,6975,-1,6970,6972,6974,-1,6938,6956,6935,-1,6935,6956,6958,-1,6935,6958,6976,-1,6938,6940,6956,-1,6956,6940,6942,-1,6956,6942,6944,-1,6948,6950,6952,-1,6959,6962,6958,-1,6958,6962,6961,-1,6958,6961,6976,-1,6976,6961,6965,-1,6976,6965,6974,-1,6974,6965,6968,-1,6974,6968,6970,-1,6944,6946,6956,-1,6956,6946,6948,-1,6956,6948,6954,-1,6954,6948,6952,-1,6967,6966,6975,-1,6975,6966,6963,-1,6975,6963,6936,-1,6951,6949,6947,-1,6945,6943,6955,-1,6955,6943,6941,-1,6955,6941,6939,-1,6964,6960,6963,-1,6963,6960,6957,-1,6963,6957,6936,-1,6936,6957,6955,-1,6936,6955,6937,-1,6937,6955,6939,-1,6945,6955,6947,-1,6947,6955,6953,-1,6947,6953,6951,-1,6973,6971,6975,-1,6975,6971,6969,-1,6975,6969,6967,-1,6977,6978,6979,-1,6979,6978,6980,-1,6977,6979,6981,-1,6977,6981,6982,-1,6982,6981,6983,-1,6982,6983,6984,-1,6984,6983,6985,-1,6984,6985,6986,-1,6986,6985,6987,-1,6986,6987,6988,-1,6988,6987,6989,-1,6988,6989,6990,-1,6990,6989,6991,-1,6990,6991,6992,-1,6992,6991,6993,-1,6992,6993,6994,-1,6994,6993,6995,-1,6994,6995,6996,-1,6996,6995,6997,-1,6996,6997,6998,-1,6998,6997,6999,-1,6998,6999,7000,-1,7001,7000,7002,-1,7002,7000,6999,-1,7001,7002,7003,-1,7001,7003,7004,-1,7004,7003,7005,-1,7004,7005,7006,-1,7006,7005,7007,-1,7006,7007,7008,-1,7008,7007,7009,-1,7008,7009,7010,-1,7010,7009,7011,-1,7010,7011,7012,-1,7012,7011,7013,-1,7012,7013,7014,-1,7015,7014,7016,-1,7016,7014,7013,-1,7017,7015,7018,-1,7018,7015,7016,-1,7017,7019,7015,-1,7015,7019,6978,-1,7015,6978,6977,-1,6994,6996,6977,-1,6996,6998,6977,-1,6977,6998,7000,-1,6977,7000,7015,-1,7015,7000,7001,-1,7015,7001,7014,-1,6994,6977,6992,-1,6992,6977,6982,-1,6992,6982,6984,-1,6984,6986,6992,-1,6992,6986,6988,-1,6992,6988,6990,-1,7006,7008,7004,-1,7004,7008,7010,-1,7004,7010,7001,-1,7001,7010,7012,-1,7001,7012,7014,-1,7020,7018,7016,-1,7002,6999,6979,-1,6979,6999,6997,-1,6979,6997,6995,-1,6995,6993,6979,-1,6979,6993,6991,-1,6979,6991,6981,-1,6980,7020,6979,-1,6979,7020,7016,-1,6979,7016,7002,-1,7002,7016,7013,-1,7002,7013,7011,-1,6991,6989,6987,-1,7011,7009,7002,-1,7002,7009,7007,-1,7002,7007,7003,-1,7003,7007,7005,-1,6987,6985,6991,-1,6991,6985,6983,-1,6991,6983,6981,-1,7021,7022,7023,-1,7023,7022,7024,-1,7025,7026,7027,-1,7027,7026,7028,-1,7029,7030,7031,-1,7029,7031,7032,-1,7032,7031,7033,-1,7032,7033,7034,-1,7034,7033,7035,-1,7034,7035,7036,-1,7036,7035,7037,-1,7036,7037,7038,-1,7038,7037,7039,-1,7038,7039,7040,-1,7040,7039,7041,-1,7040,7041,7042,-1,7043,7042,7044,-1,7044,7042,7041,-1,7043,7044,7045,-1,7043,7045,7046,-1,7046,7045,7047,-1,7046,7047,7048,-1,7048,7047,7049,-1,7048,7049,7050,-1,7050,7049,7051,-1,7050,7051,7052,-1,7052,7051,7053,-1,7052,7053,7054,-1,7055,7054,7056,-1,7056,7054,7053,-1,7026,7057,7028,-1,7028,7057,7058,-1,7034,7036,7026,-1,7055,7057,7054,-1,7054,7057,7026,-1,7026,7025,7059,-1,7034,7026,7032,-1,7036,7038,7026,-1,7026,7038,7040,-1,7026,7040,7042,-1,7060,7021,7059,-1,7059,7021,7023,-1,7059,7023,7026,-1,7026,7023,7029,-1,7026,7029,7032,-1,7042,7043,7026,-1,7026,7043,7046,-1,7026,7046,7048,-1,7048,7050,7026,-1,7026,7050,7052,-1,7026,7052,7054,-1,7022,7061,7024,-1,7024,7061,7062,-1,7045,7044,7028,-1,7028,7044,7041,-1,7028,7041,7039,-1,7028,7033,7031,-1,7062,7027,7024,-1,7024,7027,7028,-1,7024,7028,7030,-1,7030,7028,7031,-1,7058,7056,7028,-1,7028,7056,7053,-1,7028,7053,7051,-1,7039,7037,7028,-1,7028,7037,7035,-1,7028,7035,7033,-1,7051,7049,7028,-1,7028,7049,7047,-1,7028,7047,7045,-1,7063,7064,7065,-1,7065,7064,7066,-1,7067,7068,7069,-1,7067,7069,7070,-1,7070,7069,7071,-1,7070,7071,7072,-1,7072,7071,7073,-1,7072,7073,7074,-1,7074,7073,7075,-1,7074,7075,7076,-1,7076,7075,7077,-1,7076,7077,7078,-1,7078,7077,7079,-1,7078,7079,7080,-1,7081,7080,7082,-1,7082,7080,7079,-1,7083,7084,7085,-1,7085,7084,7086,-1,7087,7083,7088,-1,7088,7083,7085,-1,7089,7087,7090,-1,7090,7087,7088,-1,7091,7089,7092,-1,7092,7089,7090,-1,7093,7091,7094,-1,7094,7091,7092,-1,7095,7093,7096,-1,7096,7093,7094,-1,7097,7095,7098,-1,7098,7095,7096,-1,7097,7098,7099,-1,7099,7098,7100,-1,7099,7100,7101,-1,7101,7100,7102,-1,7101,7102,7103,-1,7103,7102,7104,-1,7103,7104,7105,-1,7105,7104,7106,-1,7105,7106,7107,-1,7107,7106,7108,-1,7107,7108,7109,-1,7109,7108,7110,-1,7109,7110,7111,-1,7111,7110,7112,-1,7111,7112,7113,-1,7113,7112,7114,-1,7113,7114,7115,-1,7115,7114,7116,-1,7115,7116,7117,-1,7117,7116,7118,-1,7117,7118,7119,-1,7119,7118,7120,-1,7119,7120,7121,-1,7121,7120,7122,-1,7123,7121,7124,-1,7124,7121,7122,-1,7125,7123,7126,-1,7126,7123,7124,-1,7127,7125,7128,-1,7128,7125,7126,-1,7129,7127,7130,-1,7130,7127,7128,-1,7129,7130,7131,-1,7129,7131,7132,-1,7132,7131,7133,-1,7132,7133,7134,-1,7134,7133,7135,-1,7134,7135,7136,-1,7136,7135,7137,-1,7136,7137,7138,-1,7138,7137,7139,-1,7138,7139,7140,-1,7140,7139,7141,-1,7140,7141,7142,-1,7143,7142,7144,-1,7144,7142,7141,-1,7145,7146,7147,-1,7147,7146,7148,-1,7149,7145,7150,-1,7150,7145,7147,-1,7151,7149,7152,-1,7152,7149,7150,-1,7153,7154,7155,-1,7155,7154,7156,-1,7157,7153,7158,-1,7158,7153,7155,-1,7159,7157,7160,-1,7160,7157,7158,-1,7161,7159,7162,-1,7162,7159,7160,-1,7163,7161,7164,-1,7164,7161,7162,-1,7165,7163,7166,-1,7166,7163,7164,-1,7167,7168,7169,-1,7169,7168,7170,-1,7171,7167,7172,-1,7172,7167,7169,-1,7173,7171,7174,-1,7174,7171,7172,-1,7175,7173,7176,-1,7176,7173,7174,-1,7175,7176,7177,-1,7177,7176,7178,-1,7177,7178,7179,-1,7179,7178,7180,-1,7179,7180,7181,-1,7181,7180,7182,-1,7181,7182,7183,-1,7183,7182,7184,-1,7183,7184,7185,-1,7185,7184,7186,-1,7185,7186,7187,-1,7187,7186,7188,-1,7067,7187,7068,-1,7068,7187,7188,-1,7163,7165,7189,-1,7163,7189,7161,-1,7091,7093,7190,-1,7151,7154,7149,-1,7149,7154,7153,-1,7159,7161,7157,-1,7157,7161,7189,-1,7157,7189,7153,-1,7153,7189,7191,-1,7153,7191,7149,-1,7191,7168,7167,-1,7192,7146,7145,-1,7191,7167,7149,-1,7149,7167,7171,-1,7149,7171,7145,-1,7145,7171,7173,-1,7145,7173,7192,-1,7142,7143,7193,-1,7140,7142,7129,-1,7129,7142,7127,-1,7175,7177,7066,-1,7194,7084,7190,-1,7190,7084,7083,-1,7190,7105,7107,-1,7129,7132,7134,-1,7093,7095,7097,-1,7142,7193,7127,-1,7127,7193,7115,-1,7127,7115,7117,-1,7177,7179,7066,-1,7066,7179,7181,-1,7066,7181,7190,-1,7190,7181,7183,-1,7190,7183,7185,-1,7083,7087,7190,-1,7190,7087,7089,-1,7190,7089,7091,-1,7134,7136,7129,-1,7129,7136,7138,-1,7129,7138,7140,-1,7107,7109,7190,-1,7190,7109,7111,-1,7190,7111,7193,-1,7193,7111,7113,-1,7193,7113,7115,-1,7123,7125,7121,-1,7121,7125,7127,-1,7121,7127,7119,-1,7119,7127,7117,-1,7175,7066,7173,-1,7173,7066,7064,-1,7173,7064,7192,-1,7080,7081,7195,-1,7195,7196,7185,-1,7185,7196,7197,-1,7185,7197,7190,-1,7190,7197,7198,-1,7190,7198,7194,-1,7097,7099,7093,-1,7093,7099,7101,-1,7093,7101,7190,-1,7190,7101,7103,-1,7190,7103,7105,-1,7185,7187,7195,-1,7195,7187,7067,-1,7195,7067,7080,-1,7080,7067,7070,-1,7080,7070,7072,-1,7074,7076,7072,-1,7072,7076,7078,-1,7072,7078,7080,-1,7155,7156,7150,-1,7150,7156,7152,-1,7166,7164,7199,-1,7199,7164,7162,-1,7199,7162,7160,-1,7085,7086,7200,-1,7090,7088,7085,-1,7169,7170,7201,-1,7120,7118,7128,-1,7172,7150,7174,-1,7174,7150,7147,-1,7128,7118,7202,-1,7110,7108,7203,-1,7094,7092,7203,-1,7203,7092,7090,-1,7160,7158,7199,-1,7199,7158,7155,-1,7199,7155,7201,-1,7201,7155,7150,-1,7201,7150,7169,-1,7169,7150,7172,-1,7096,7094,7098,-1,7098,7094,7100,-1,7202,7144,7128,-1,7128,7144,7141,-1,7128,7141,7130,-1,7130,7141,7139,-1,7130,7139,7137,-1,7126,7124,7128,-1,7128,7124,7122,-1,7128,7122,7120,-1,7118,7116,7202,-1,7202,7116,7114,-1,7202,7114,7203,-1,7203,7114,7112,-1,7203,7112,7110,-1,7137,7135,7130,-1,7130,7135,7133,-1,7130,7133,7131,-1,7090,7085,7203,-1,7203,7085,7200,-1,7203,7200,7204,-1,7069,7068,7079,-1,7108,7106,7203,-1,7203,7106,7104,-1,7203,7104,7094,-1,7094,7104,7102,-1,7094,7102,7100,-1,7204,7186,7203,-1,7203,7186,7184,-1,7203,7184,7065,-1,7065,7184,7182,-1,7065,7182,7180,-1,7180,7178,7065,-1,7065,7178,7176,-1,7065,7176,7063,-1,7063,7176,7174,-1,7063,7174,7205,-1,7205,7174,7147,-1,7205,7147,7148,-1,7204,7206,7186,-1,7186,7206,7207,-1,7186,7207,7188,-1,7188,7207,7208,-1,7188,7208,7068,-1,7068,7208,7082,-1,7068,7082,7079,-1,7075,7073,7071,-1,7069,7079,7071,-1,7071,7079,7077,-1,7071,7077,7075,-1,7209,7210,7211,-1,7209,7211,7212,-1,7212,7211,7213,-1,7212,7213,7214,-1,7214,7213,7215,-1,7214,7215,7216,-1,7216,7215,7217,-1,7216,7217,7218,-1,7218,7217,7219,-1,7218,7219,7220,-1,7220,7219,7221,-1,7220,7221,7222,-1,7222,7221,7223,-1,7222,7223,7224,-1,7224,7223,7225,-1,7224,7225,7226,-1,7226,7225,7227,-1,7226,7227,7228,-1,7228,7227,7229,-1,7228,7229,7230,-1,7230,7229,7231,-1,7230,7231,7232,-1,7233,7232,7234,-1,7234,7232,7231,-1,7235,7236,7237,-1,7237,7236,7238,-1,7239,7235,7240,-1,7240,7235,7237,-1,7239,7240,7241,-1,7239,7241,7242,-1,7242,7241,7243,-1,7242,7243,7244,-1,7244,7243,7245,-1,7244,7245,7246,-1,7246,7245,7247,-1,7246,7247,7248,-1,7248,7247,7249,-1,7248,7249,7250,-1,7209,7250,7210,-1,7210,7250,7249,-1,7250,7209,7232,-1,7212,7214,7222,-1,7226,7228,7209,-1,7209,7228,7230,-1,7209,7230,7232,-1,7233,7236,7232,-1,7232,7236,7235,-1,7232,7235,7250,-1,7250,7235,7239,-1,7250,7239,7248,-1,7248,7239,7242,-1,7248,7242,7246,-1,7246,7242,7244,-1,7214,7216,7222,-1,7222,7216,7218,-1,7222,7218,7220,-1,7212,7222,7209,-1,7209,7222,7224,-1,7209,7224,7226,-1,7240,7237,7249,-1,7249,7237,7210,-1,7238,7234,7237,-1,7237,7234,7231,-1,7237,7231,7210,-1,7210,7231,7229,-1,7210,7229,7227,-1,7210,7221,7211,-1,7211,7221,7213,-1,7249,7247,7245,-1,7227,7225,7210,-1,7210,7225,7223,-1,7210,7223,7221,-1,7219,7217,7221,-1,7221,7217,7215,-1,7221,7215,7213,-1,7245,7243,7249,-1,7249,7243,7241,-1,7249,7241,7240,-1,7251,7252,7253,-1,7253,7252,7254,-1,7251,7253,7255,-1,7251,7255,7256,-1,7256,7255,7257,-1,7256,7257,7258,-1,7258,7257,7259,-1,7258,7259,7260,-1,7260,7259,7261,-1,7260,7261,7262,-1,7262,7261,7263,-1,7262,7263,7264,-1,7264,7263,7265,-1,7264,7265,7266,-1,7266,7265,7267,-1,7266,7267,7268,-1,7268,7267,7269,-1,7268,7269,7270,-1,7270,7269,7271,-1,7270,7271,7272,-1,7272,7271,7273,-1,7272,7273,7274,-1,7275,7274,7276,-1,7276,7274,7273,-1,7275,7276,7277,-1,7275,7277,7278,-1,7278,7277,7279,-1,7278,7279,7280,-1,7280,7279,7281,-1,7280,7281,7282,-1,7282,7281,7283,-1,7282,7283,7284,-1,7284,7283,7285,-1,7284,7285,7286,-1,7286,7285,7287,-1,7286,7287,7288,-1,7289,7288,7290,-1,7290,7288,7287,-1,7291,7289,7292,-1,7292,7289,7290,-1,7291,7293,7289,-1,7289,7293,7252,-1,7289,7252,7251,-1,7268,7270,7251,-1,7270,7272,7251,-1,7251,7272,7274,-1,7251,7274,7289,-1,7289,7274,7275,-1,7289,7275,7288,-1,7268,7251,7266,-1,7266,7251,7256,-1,7266,7256,7258,-1,7258,7260,7266,-1,7266,7260,7262,-1,7266,7262,7264,-1,7280,7282,7278,-1,7278,7282,7284,-1,7278,7284,7275,-1,7275,7284,7286,-1,7275,7286,7288,-1,7294,7292,7290,-1,7276,7273,7253,-1,7253,7273,7271,-1,7253,7271,7269,-1,7269,7267,7253,-1,7253,7267,7265,-1,7253,7265,7255,-1,7254,7294,7253,-1,7253,7294,7290,-1,7253,7290,7276,-1,7276,7290,7287,-1,7276,7287,7285,-1,7265,7263,7261,-1,7285,7283,7276,-1,7276,7283,7281,-1,7276,7281,7277,-1,7277,7281,7279,-1,7261,7259,7265,-1,7265,7259,7257,-1,7265,7257,7255,-1,
        ]
    }
}
Shape{
    appearance Appearance {
        material  Material 	{
            diffuseColor 0.0 0.0 0.0
            specularColor 0.0 0.0 0.0
            ambientIntensity 0.0
            transparency 0.0
            shininess 0.5
        }
    }
    geometry IndexedFaceSet {
        ccw TRUE
        solid FALSE
        coord DEF co Coordinate {
            point [
                0.2218 -0.5271 0.4567, 0.2193 -0.5303 0.4567, 0.2237 -0.534 0.4567, 0.2182 -0.5313 0.4567, 0.2186 -0.5377 0.4567, 0.215 -0.5333 0.4567, 0.2131 -0.5398 0.4567, 0.2108 -0.5347 0.4567, 0.2051 -0.5408 0.4567, 0.205 -0.5353 0.4567, 0.1919 -0.5408 0.4567, 0.1981 -0.5353 0.4567, 0.1919 -0.4927 0.4567, 0.1981 -0.4982 0.4567, 0.2056 -0.4927 0.4567, 0.2053 -0.4982 0.4567, 0.2137 -0.4937 0.4567, 0.2114 -0.4989 0.4567, 0.2194 -0.496 0.4567, 0.2155 -0.5004 0.4567, 0.2237 -0.4991 0.4567, 0.2192 -0.5028 0.4567, 0.2259 -0.5013 0.4567, 0.2208 -0.5044 0.4567, 0.2288 -0.5057 0.4567, 0.2226 -0.5072 0.4567, 0.2304 -0.5105 0.4567, 0.2239 -0.5108 0.4567, 0.231 -0.5161 0.4567, 0.2245 -0.5163 0.4567, 0.2308 -0.5197 0.4567, 0.2243 -0.519 0.4567, 0.2295 -0.5253 0.4567, 0.2234 -0.5235 0.4567, 0.227 -0.5302 0.4567, 0.2237 -0.534 0.4528, 0.227 -0.5302 0.4528, 0.2295 -0.5253 0.4528, 0.2308 -0.5197 0.4528, 0.231 -0.5161 0.4528, 0.2304 -0.5105 0.4528, 0.2288 -0.5057 0.4528, 0.2259 -0.5013 0.4528, 0.2237 -0.4991 0.4528, 0.2194 -0.496 0.4528, 0.2137 -0.4937 0.4528, 0.2056 -0.4927 0.4528, 0.1919 -0.4927 0.4528, 0.1919 -0.5408 0.4528, 0.2051 -0.5408 0.4528, 0.2131 -0.5398 0.4528, 0.2186 -0.5377 0.4528, 0.2192 -0.5028 0.4528, 0.2208 -0.5044 0.4528, 0.2226 -0.5072 0.4528, 0.2239 -0.5108 0.4528, 0.2245 -0.5163 0.4528, 0.2053 -0.4982 0.4528, 0.2114 -0.4989 0.4528, 0.2155 -0.5004 0.4528, 0.1981 -0.4982 0.4528, 0.1981 -0.5353 0.4528, 0.205 -0.5353 0.4528, 0.2193 -0.5303 0.4528, 0.2182 -0.5313 0.4528, 0.215 -0.5333 0.4528, 0.2108 -0.5347 0.4528, 0.2243 -0.519 0.4528, 0.2234 -0.5235 0.4528, 0.2218 -0.5271 0.4528
            ]
        }
        coordIndex [
            0,1,2,-1,2,1,3,-1,2,3,4,-1,4,3,5,-1,4,5,6,-1,6,5,7,-1,6,7,8,-1,8,7,9,-1,8,9,10,-1,10,9,11,-1,10,11,12,-1,12,11,13,-1,12,13,14,-1,14,13,15,-1,14,15,16,-1,16,15,17,-1,16,17,18,-1,18,17,19,-1,18,19,20,-1,20,19,21,-1,20,21,22,-1,22,21,23,-1,22,23,24,-1,24,23,25,-1,24,25,26,-1,26,25,27,-1,26,27,28,-1,28,27,29,-1,28,29,30,-1,30,29,31,-1,30,31,32,-1,32,31,33,-1,32,33,34,-1,34,33,0,-1,34,0,2,-1,2,35,36,-1,2,36,34,-1,34,36,37,-1,34,37,32,-1,32,37,38,-1,32,38,30,-1,30,38,39,-1,30,39,28,-1,28,39,40,-1,28,40,26,-1,26,40,41,-1,26,41,24,-1,24,41,42,-1,24,42,22,-1,22,42,43,-1,22,43,20,-1,20,43,44,-1,20,44,18,-1,18,44,45,-1,18,45,16,-1,16,45,46,-1,16,46,14,-1,12,14,47,-1,47,14,46,-1,10,12,48,-1,48,12,47,-1,8,10,49,-1,49,10,48,-1,8,49,50,-1,8,50,6,-1,6,50,51,-1,6,51,4,-1,4,51,35,-1,4,35,2,-1,21,52,53,-1,21,53,23,-1,23,53,54,-1,23,54,25,-1,25,54,55,-1,25,55,27,-1,27,55,56,-1,27,56,29,-1,15,57,58,-1,15,58,17,-1,17,58,59,-1,17,59,19,-1,19,59,52,-1,19,52,21,-1,15,13,57,-1,57,13,60,-1,13,11,60,-1,60,11,61,-1,11,9,61,-1,61,9,62,-1,1,63,64,-1,1,64,3,-1,3,64,65,-1,3,65,5,-1,5,65,66,-1,5,66,7,-1,7,66,62,-1,7,62,9,-1,29,56,67,-1,29,67,31,-1,31,67,68,-1,31,68,33,-1,33,68,69,-1,33,69,0,-1,0,69,63,-1,0,63,1,-1,
        ]
    }
}
Shape{
    appearance Appearance {
        material  Material 	{
            diffuseColor 0.5882352941176471 0.5725490196078431 0.5254901960784314
            specularColor 0.043137254901960784 0.0392156862745098 0.0392156862745098
            ambientIntensity 0.8167
            transparency 0.0
            shininess 0.5
        }
    }
    geometry IndexedFaceSet {
        ccw TRUE
        solid FALSE
        coord DEF co Coordinate {
            point [
                0.1981 -0.4982 0.4528, 0.1981 -0.5353 0.4528, 0.2053 -0.4982 0.4528, 0.205 -0.5353 0.4528, 0.2108 -0.5347 0.4528, 0.215 -0.5333 0.4528, 0.2182 -0.5313 0.4528, 0.2193 -0.5303 0.4528, 0.2218 -0.5271 0.4528, 0.2234 -0.5235 0.4528, 0.2243 -0.519 0.4528, 0.2245 -0.5163 0.4528, 0.2239 -0.5108 0.4528, 0.2226 -0.5072 0.4528, 0.2208 -0.5044 0.4528, 0.2192 -0.5028 0.4528, 0.2114 -0.4989 0.4528, 0.2155 -0.5004 0.4528
            ]
        }
        coordIndex [
            0,1,2,-1,2,1,3,-1,2,3,4,-1,4,5,2,-1,2,5,6,-1,2,6,7,-1,7,8,2,-1,2,8,9,-1,2,9,10,-1,10,11,2,-1,2,11,12,-1,2,12,13,-1,13,14,2,-1,2,14,15,-1,2,15,16,-1,16,15,17,-1,
        ]
    }
}
Shape{
    appearance Appearance {
        material  Material 	{
            diffuseColor 0.0 0.0 0.0
            specularColor 0.0 0.0 0.0
            ambientIntensity 0.0
            transparency 0.0
            shininess 0.5
        }
    }
    geometry IndexedFaceSet {
        ccw TRUE
        solid FALSE
        coord DEF co Coordinate {
            point [
                0.1348 -0.5323 0.4567, 0.1348 -0.5323 0.4528, 0.1344 -0.5339 0.4528, 0.1344 -0.5339 0.4567, 0.1341 -0.5351 0.4528, 0.1341 -0.5351 0.4567, 0.134 -0.5351 0.4567, 0.134 -0.5351 0.4528, 0.1332 -0.5322 0.4567, 0.1332 -0.5322 0.4528, 0.1242 -0.5064 0.4567, 0.1272 -0.5148 0.4528, 0.1242 -0.5064 0.4528, 0.1175 -0.5064 0.4567, 0.1175 -0.5064 0.4528, 0.131 -0.5407 0.4567, 0.1272 -0.531 0.4528, 0.131 -0.5407 0.4528, 0.1283 -0.5469 0.4528, 0.1283 -0.5469 0.4567, 0.1308 -0.5412 0.4528, 0.1272 -0.5491 0.4528, 0.1272 -0.5491 0.4567, 0.1272 -0.5491 0.4528, 0.126 -0.5503 0.4567, 0.126 -0.5503 0.4528, 0.1249 -0.5511 0.4528, 0.1249 -0.5511 0.4567, 0.1236 -0.5516 0.4528, 0.1236 -0.5516 0.4567, 0.1222 -0.5518 0.4528, 0.1222 -0.5518 0.4567, 0.12 -0.5515 0.4528, 0.12 -0.5515 0.4567, 0.1188 -0.5511 0.4528, 0.1188 -0.5511 0.4567, 0.1188 -0.5564 0.4567, 0.1188 -0.5564 0.4528, 0.1213 -0.5569 0.4528, 0.1213 -0.5569 0.4567, 0.1226 -0.5569 0.4528, 0.1226 -0.5569 0.4567, 0.1251 -0.5566 0.4528, 0.1251 -0.5566 0.4567, 0.1272 -0.5559 0.4528, 0.1274 -0.5557 0.4567, 0.1274 -0.5557 0.4528, 0.1295 -0.5543 0.4528, 0.1295 -0.5543 0.4567, 0.13 -0.5539 0.4528, 0.13 -0.5539 0.4567, 0.1322 -0.5513 0.4528, 0.1322 -0.5513 0.4567, 0.1349 -0.5459 0.4528, 0.1349 -0.5459 0.4567, 0.1505 -0.5064 0.4528, 0.1505 -0.5064 0.4567, 0.1368 -0.5412 0.4528, 0.1442 -0.5064 0.4567, 0.1442 -0.5064 0.4528, 0.1005 -0.5416 0.4528, 0.1042 -0.5412 0.4528, 0.1005 -0.5416 0.4567, 0.1057 -0.541 0.4567, 0.1057 -0.541 0.4528, 0.1089 -0.5398 0.4528, 0.1089 -0.5398 0.4567, 0.1105 -0.5388 0.4528, 0.1105 -0.5388 0.4567, 0.1122 -0.5373 0.4528, 0.1122 -0.5373 0.4567, 0.1134 -0.5358 0.4528, 0.1134 -0.5358 0.4567, 0.1141 -0.5338 0.4528, 0.1141 -0.5338 0.4567, 0.1144 -0.5314 0.4528, 0.1144 -0.5314 0.4567, 0.1141 -0.5292 0.4528, 0.1141 -0.5292 0.4567, 0.1135 -0.5274 0.4528, 0.1135 -0.5274 0.4567, 0.1124 -0.5258 0.4528, 0.1124 -0.5258 0.4567, 0.1109 -0.5245 0.4528, 0.1109 -0.5245 0.4567, 0.1069 -0.5223 0.4528, 0.1069 -0.5223 0.4567, 0.1046 -0.5213 0.4528, 0.1046 -0.5213 0.4567, 0.1009 -0.5197 0.4528, 0.1009 -0.5197 0.4567, 0.0988 -0.5184 0.4528, 0.0988 -0.5184 0.4567, 0.0982 -0.5177 0.4528, 0.0982 -0.5177 0.4567, 0.0977 -0.5169 0.4528, 0.0977 -0.5169 0.4567, 0.0975 -0.516 0.4528, 0.0975 -0.516 0.4567, 0.0974 -0.5152 0.4528, 0.0974 -0.5152 0.4567, 0.0976 -0.5142 0.4528, 0.0976 -0.5142 0.4567, 0.0979 -0.5134 0.4528, 0.0979 -0.5134 0.4567, 0.0984 -0.5126 0.4528, 0.0984 -0.5126 0.4567, 0.0993 -0.5118 0.4528, 0.0993 -0.5118 0.4567, 0.1006 -0.5111 0.4528, 0.1006 -0.5111 0.4567, 0.1022 -0.5107 0.4528, 0.1022 -0.5107 0.4567, 0.104 -0.5106 0.4528, 0.104 -0.5106 0.4567, 0.108 -0.511 0.4528, 0.108 -0.511 0.4567, 0.1114 -0.5122 0.4528, 0.1114 -0.5122 0.4567, 0.1127 -0.513 0.4528, 0.1127 -0.513 0.4567, 0.1127 -0.5072 0.4567, 0.1127 -0.5072 0.4528, 0.1083 -0.5059 0.4528, 0.1083 -0.5059 0.4567, 0.1046 -0.5057 0.4528, 0.1046 -0.5057 0.4567, 0.0998 -0.5062 0.4528, 0.0998 -0.5062 0.4567, 0.0966 -0.5075 0.4528, 0.0966 -0.5075 0.4567, 0.0951 -0.5084 0.4528, 0.0951 -0.5084 0.4567, 0.094 -0.5094 0.4528, 0.0933 -0.51 0.4567, 0.0933 -0.51 0.4528, 0.0922 -0.5116 0.4528, 0.0922 -0.5116 0.4567, 0.0915 -0.5136 0.4528, 0.0915 -0.5136 0.4567, 0.0912 -0.5157 0.4528, 0.0912 -0.5157 0.4567, 0.0915 -0.518 0.4528, 0.0915 -0.518 0.4567, 0.0922 -0.5199 0.4528, 0.0922 -0.5199 0.4567, 0.093 -0.5211 0.4528, 0.093 -0.5211 0.4567, 0.1004 -0.5257 0.4528, 0.1004 -0.5257 0.4567, 0.0968 -0.524 0.4567, 0.0939 -0.5222 0.4528, 0.0939 -0.5222 0.4567, 0.094 -0.5222 0.4528, 0.0968 -0.524 0.4528, 0.1043 -0.5273 0.4528, 0.1043 -0.5273 0.4567, 0.1067 -0.5288 0.4528, 0.1067 -0.5288 0.4567, 0.1074 -0.5295 0.4528, 0.1074 -0.5295 0.4567, 0.1079 -0.5303 0.4528, 0.1079 -0.5303 0.4567, 0.1081 -0.5313 0.4528, 0.1081 -0.5313 0.4567, 0.1082 -0.532 0.4528, 0.1082 -0.532 0.4567, 0.1081 -0.5332 0.4528, 0.1081 -0.5332 0.4567, 0.1078 -0.534 0.4528, 0.1078 -0.534 0.4567, 0.1073 -0.5348 0.4528, 0.1073 -0.5348 0.4567, 0.1066 -0.5354 0.4528, 0.1066 -0.5354 0.4567, 0.106 -0.5357 0.4528, 0.106 -0.5357 0.4567, 0.1045 -0.5363 0.4528, 0.1045 -0.5363 0.4567, 0.1014 -0.5367 0.4528, 0.1014 -0.5367 0.4567, 0.1011 -0.5367 0.4528, 0.1011 -0.5367 0.4567, 0.0912 -0.5333 0.4528, 0.0912 -0.5333 0.4567, 0.0936 -0.5348 0.4567, 0.0973 -0.5362 0.4528, 0.0973 -0.5362 0.4567, 0.094 -0.535 0.4528, 0.0936 -0.5348 0.4528, 0.0912 -0.5396 0.4567, 0.0912 -0.5396 0.4528, 0.094 -0.5405 0.4528, 0.0954 -0.541 0.4567, 0.0966 -0.5412 0.4528, 0.0954 -0.541 0.4528, 0.077 -0.5408 0.4567, 0.0831 -0.5408 0.4567, 0.077 -0.5355 0.4567, 0.0831 -0.5187 0.4567, 0.077 -0.519 0.4567, 0.064 -0.5261 0.4567, 0.0655 -0.5254 0.4567, 0.069 -0.5246 0.4567, 0.077 -0.5235 0.4567, 0.077 -0.5268 0.4567, 0.0768 -0.5163 0.4567, 0.0825 -0.5137 0.4567, 0.0762 -0.5141 0.4567, 0.0815 -0.5111 0.4567, 0.0755 -0.5129 0.4567, 0.0802 -0.5092 0.4567, 0.0746 -0.5119 0.4567, 0.079 -0.5081 0.4567, 0.0735 -0.5113 0.4567, 0.0771 -0.5069 0.4567, 0.0721 -0.5108 0.4567, 0.0746 -0.5061 0.4567, 0.0701 -0.5106 0.4567, 0.0707 -0.5057 0.4567, 0.0667 -0.5109 0.4567, 0.0652 -0.5062 0.4567, 0.0629 -0.5121 0.4567, 0.0607 -0.5078 0.4567, 0.0588 -0.5147 0.4567, 0.0588 -0.5089 0.4567, 0.077 -0.5272 0.4567, 0.0766 -0.5299 0.4567, 0.0758 -0.5321 0.4567, 0.0769 -0.5355 0.4567, 0.0745 -0.5338 0.4567, 0.0759 -0.5369 0.4567, 0.0737 -0.5346 0.4567, 0.074 -0.5389 0.4567, 0.072 -0.5357 0.4567, 0.0719 -0.5403 0.4567, 0.0702 -0.5364 0.4567, 0.0695 -0.5412 0.4567, 0.0679 -0.5366 0.4567, 0.0664 -0.5416 0.4567, 0.0659 -0.5364 0.4567, 0.0628 -0.5412 0.4567, 0.0645 -0.5359 0.4567, 0.0605 -0.5403 0.4567, 0.0633 -0.5351 0.4567, 0.0584 -0.5389 0.4567, 0.0628 -0.5346 0.4567, 0.0669 -0.5204 0.4567, 0.062 -0.5216 0.4567, 0.0632 -0.5267 0.4567, 0.0595 -0.523 0.4567, 0.0625 -0.5276 0.4567, 0.0578 -0.5246 0.4567, 0.0619 -0.5288 0.4567, 0.0565 -0.5265 0.4567, 0.0616 -0.5301 0.4567, 0.0558 -0.5287 0.4567, 0.0616 -0.5311 0.4567, 0.0555 -0.5316 0.4567, 0.0617 -0.5325 0.4567, 0.0558 -0.5343 0.4567, 0.0621 -0.5336 0.4567, 0.0565 -0.5363 0.4567, 0.0578 -0.5382 0.4567, 0.0701 -0.5106 0.4528, 0.0721 -0.5108 0.4528, 0.0735 -0.5113 0.4528, 0.0746 -0.5119 0.4528, 0.0755 -0.5129 0.4528, 0.0762 -0.5141 0.4528, 0.0768 -0.5163 0.4528, 0.077 -0.519 0.4528, 0.0669 -0.5204 0.4528, 0.062 -0.5216 0.4528, 0.0595 -0.523 0.4528, 0.0578 -0.5246 0.4528, 0.0565 -0.5265 0.4528, 0.0558 -0.5287 0.4528, 0.0555 -0.5316 0.4528, 0.0558 -0.5343 0.4528, 0.0565 -0.5363 0.4528, 0.0578 -0.5382 0.4528, 0.0584 -0.5389 0.4528, 0.0664 -0.5416 0.4528, 0.0629 -0.5412 0.4528, 0.0628 -0.5412 0.4528, 0.0605 -0.5403 0.4528, 0.0695 -0.5412 0.4528, 0.0696 -0.5412 0.4528, 0.0719 -0.5403 0.4528, 0.074 -0.5389 0.4528, 0.0759 -0.5369 0.4528, 0.0769 -0.5355 0.4528, 0.077 -0.5355 0.4528, 0.077 -0.5408 0.4528, 0.0831 -0.5408 0.4528, 0.0831 -0.5187 0.4528, 0.0825 -0.5137 0.4528, 0.0815 -0.5111 0.4528, 0.0802 -0.5092 0.4528, 0.079 -0.5081 0.4528, 0.0771 -0.5069 0.4528, 0.0746 -0.5061 0.4528, 0.0707 -0.5057 0.4528, 0.0652 -0.5062 0.4528, 0.0607 -0.5078 0.4528, 0.0588 -0.5089 0.4528, 0.0588 -0.5147 0.4528, 0.0629 -0.5121 0.4528, 0.0667 -0.5109 0.4528, 0.0745 -0.5338 0.4528, 0.0737 -0.5346 0.4528, 0.072 -0.5357 0.4528, 0.0702 -0.5364 0.4528, 0.0679 -0.5366 0.4528, 0.077 -0.5268 0.4528, 0.077 -0.5272 0.4528, 0.0766 -0.5299 0.4528, 0.0758 -0.5321 0.4528, 0.077 -0.5235 0.4528, 0.069 -0.5246 0.4528, 0.0632 -0.5267 0.4528, 0.064 -0.5261 0.4528, 0.0655 -0.5254 0.4528, 0.0616 -0.5311 0.4528, 0.0616 -0.5301 0.4528, 0.0619 -0.5288 0.4528, 0.0625 -0.5276 0.4528, 0.0633 -0.5351 0.4528, 0.0628 -0.5346 0.4528, 0.0621 -0.5336 0.4528, 0.0617 -0.5325 0.4528, 0.0659 -0.5364 0.4528, 0.0645 -0.5359 0.4528
            ]
        }
        coordIndex [
            0,1,2,-1,0,2,3,-1,3,2,4,-1,3,4,5,-1,6,5,7,-1,7,5,4,-1,8,6,9,-1,9,6,7,-1,8,9,10,-1,10,9,11,-1,10,11,12,-1,13,10,14,-1,14,10,12,-1,13,14,15,-1,15,14,16,-1,15,16,17,-1,18,19,20,-1,20,19,15,-1,20,15,17,-1,19,18,21,-1,19,21,22,-1,22,21,23,-1,22,23,24,-1,23,25,24,-1,24,25,26,-1,24,26,27,-1,27,26,28,-1,27,28,29,-1,29,28,30,-1,29,30,31,-1,31,30,32,-1,31,32,33,-1,33,32,34,-1,33,34,35,-1,36,35,37,-1,37,35,34,-1,36,37,38,-1,36,38,39,-1,39,38,40,-1,39,40,41,-1,41,40,42,-1,41,42,43,-1,43,42,44,-1,43,44,45,-1,44,46,45,-1,45,46,47,-1,45,47,48,-1,48,47,49,-1,48,49,50,-1,50,49,51,-1,50,51,52,-1,52,51,53,-1,52,53,54,-1,55,56,57,-1,57,56,54,-1,57,54,53,-1,58,56,59,-1,59,56,55,-1,0,58,1,-1,1,58,59,-1,3,5,54,-1,56,58,54,-1,54,58,0,-1,54,0,3,-1,10,13,8,-1,8,13,15,-1,8,15,6,-1,52,22,50,-1,50,22,24,-1,35,36,33,-1,33,36,39,-1,33,39,31,-1,31,39,41,-1,31,41,29,-1,29,41,43,-1,29,43,27,-1,27,43,45,-1,27,45,24,-1,24,45,48,-1,24,48,50,-1,5,6,54,-1,54,6,15,-1,54,15,52,-1,52,15,19,-1,52,19,22,-1,60,61,62,-1,62,61,63,-1,61,64,63,-1,63,64,65,-1,63,65,66,-1,66,65,67,-1,66,67,68,-1,68,67,69,-1,68,69,70,-1,70,69,71,-1,70,71,72,-1,72,71,73,-1,72,73,74,-1,74,73,75,-1,74,75,76,-1,76,75,77,-1,76,77,78,-1,78,77,79,-1,78,79,80,-1,80,79,81,-1,80,81,82,-1,82,81,83,-1,82,83,84,-1,84,83,85,-1,84,85,86,-1,86,85,87,-1,86,87,88,-1,88,87,89,-1,88,89,90,-1,90,89,91,-1,90,91,92,-1,92,91,93,-1,92,93,94,-1,94,93,95,-1,94,95,96,-1,96,95,97,-1,96,97,98,-1,98,97,99,-1,98,99,100,-1,100,99,101,-1,100,101,102,-1,102,101,103,-1,102,103,104,-1,104,103,105,-1,104,105,106,-1,106,105,107,-1,106,107,108,-1,108,107,109,-1,108,109,110,-1,110,109,111,-1,110,111,112,-1,112,111,113,-1,112,113,114,-1,114,113,115,-1,114,115,116,-1,116,115,117,-1,116,117,118,-1,118,117,119,-1,118,119,120,-1,121,120,122,-1,122,120,119,-1,121,122,123,-1,121,123,124,-1,124,123,125,-1,124,125,126,-1,126,125,127,-1,126,127,128,-1,128,127,129,-1,128,129,130,-1,130,129,131,-1,130,131,132,-1,131,133,132,-1,132,133,134,-1,133,135,134,-1,134,135,136,-1,134,136,137,-1,137,136,138,-1,137,138,139,-1,139,138,140,-1,139,140,141,-1,141,140,142,-1,141,142,143,-1,143,142,144,-1,143,144,145,-1,145,144,146,-1,145,146,147,-1,148,149,150,-1,147,146,151,-1,147,151,152,-1,152,151,153,-1,152,153,150,-1,150,153,154,-1,150,154,148,-1,149,148,155,-1,149,155,156,-1,156,155,157,-1,156,157,158,-1,158,157,159,-1,158,159,160,-1,160,159,161,-1,160,161,162,-1,162,161,163,-1,162,163,164,-1,164,163,165,-1,164,165,166,-1,166,165,167,-1,166,167,168,-1,168,167,169,-1,168,169,170,-1,170,169,171,-1,170,171,172,-1,172,171,173,-1,172,173,174,-1,174,173,175,-1,174,175,176,-1,176,175,177,-1,176,177,178,-1,178,177,179,-1,178,179,180,-1,180,179,181,-1,180,181,182,-1,183,184,185,-1,182,181,186,-1,182,186,187,-1,187,186,188,-1,187,188,185,-1,185,188,189,-1,185,189,183,-1,190,184,191,-1,191,184,183,-1,191,192,190,-1,190,192,193,-1,60,62,194,-1,194,62,193,-1,194,193,195,-1,195,193,192,-1,106,108,130,-1,130,108,128,-1,156,88,149,-1,149,88,90,-1,66,68,172,-1,172,68,70,-1,172,70,170,-1,170,70,72,-1,170,72,168,-1,168,72,74,-1,168,74,166,-1,166,74,76,-1,166,76,164,-1,164,76,78,-1,164,78,162,-1,162,78,80,-1,162,80,160,-1,160,80,82,-1,160,82,158,-1,158,82,84,-1,158,84,156,-1,156,84,86,-1,156,86,88,-1,62,182,193,-1,193,182,187,-1,193,187,190,-1,190,187,185,-1,190,185,184,-1,108,110,128,-1,128,110,112,-1,128,112,126,-1,126,112,114,-1,126,114,124,-1,124,114,116,-1,124,116,121,-1,121,116,118,-1,121,118,120,-1,172,174,66,-1,66,174,176,-1,66,176,63,-1,63,176,178,-1,63,178,62,-1,62,178,180,-1,62,180,182,-1,130,132,106,-1,106,132,134,-1,106,134,104,-1,104,134,137,-1,104,137,102,-1,102,137,139,-1,102,139,100,-1,100,139,141,-1,100,141,98,-1,98,141,143,-1,98,143,96,-1,96,143,145,-1,96,145,94,-1,94,145,147,-1,94,147,92,-1,92,147,152,-1,92,152,90,-1,90,152,150,-1,90,150,149,-1,196,197,198,-1,198,197,199,-1,200,201,202,-1,203,204,199,-1,199,204,205,-1,202,203,200,-1,200,203,199,-1,200,199,206,-1,206,199,207,-1,206,207,208,-1,208,207,209,-1,208,209,210,-1,210,209,211,-1,210,211,212,-1,212,211,213,-1,212,213,214,-1,214,213,215,-1,214,215,216,-1,216,215,217,-1,216,217,218,-1,218,217,219,-1,218,219,220,-1,220,219,221,-1,220,221,222,-1,222,221,223,-1,222,223,224,-1,224,223,225,-1,205,226,199,-1,199,226,227,-1,199,227,198,-1,198,227,228,-1,198,228,229,-1,229,228,230,-1,229,230,231,-1,231,230,232,-1,231,232,233,-1,233,232,234,-1,233,234,235,-1,235,234,236,-1,235,236,237,-1,237,236,238,-1,237,238,239,-1,239,238,240,-1,239,240,241,-1,241,240,242,-1,241,242,243,-1,243,242,244,-1,243,244,245,-1,245,244,246,-1,200,247,201,-1,201,247,248,-1,201,248,249,-1,249,248,250,-1,249,250,251,-1,251,250,252,-1,251,252,253,-1,253,252,254,-1,253,254,255,-1,255,254,256,-1,255,256,257,-1,257,256,258,-1,257,258,259,-1,259,258,260,-1,259,260,261,-1,261,260,262,-1,261,262,246,-1,246,262,263,-1,246,263,245,-1,218,264,265,-1,218,265,216,-1,216,265,266,-1,216,266,214,-1,214,266,267,-1,214,267,212,-1,212,267,268,-1,212,268,210,-1,210,268,269,-1,210,269,208,-1,208,269,270,-1,208,270,206,-1,206,270,271,-1,206,271,200,-1,247,200,272,-1,272,200,271,-1,247,272,273,-1,247,273,248,-1,248,273,274,-1,248,274,250,-1,250,274,275,-1,250,275,252,-1,252,275,276,-1,252,276,254,-1,254,276,277,-1,254,277,256,-1,256,277,278,-1,256,278,258,-1,258,278,279,-1,258,279,260,-1,260,279,280,-1,260,280,262,-1,262,280,281,-1,262,281,263,-1,263,281,282,-1,263,282,245,-1,283,239,284,-1,284,239,241,-1,284,241,285,-1,285,241,243,-1,285,243,286,-1,286,243,245,-1,286,245,282,-1,239,283,287,-1,239,287,237,-1,237,287,288,-1,237,288,235,-1,288,289,235,-1,235,289,290,-1,235,290,233,-1,233,290,291,-1,233,291,231,-1,231,291,292,-1,231,292,229,-1,198,229,293,-1,293,229,292,-1,196,198,294,-1,294,198,293,-1,197,196,295,-1,295,196,294,-1,199,197,296,-1,296,197,295,-1,199,296,297,-1,199,297,207,-1,207,297,298,-1,207,298,209,-1,209,298,299,-1,209,299,211,-1,211,299,300,-1,211,300,213,-1,213,300,301,-1,213,301,215,-1,215,301,302,-1,215,302,217,-1,217,302,303,-1,217,303,219,-1,219,303,304,-1,219,304,221,-1,221,304,305,-1,221,305,223,-1,223,305,306,-1,223,306,225,-1,224,225,307,-1,307,225,306,-1,224,307,308,-1,224,308,222,-1,222,308,309,-1,222,309,220,-1,220,309,264,-1,220,264,218,-1,230,310,311,-1,230,311,232,-1,232,311,312,-1,232,312,234,-1,234,312,313,-1,234,313,236,-1,236,313,314,-1,236,314,238,-1,205,315,316,-1,205,316,226,-1,226,316,317,-1,226,317,227,-1,227,317,318,-1,227,318,228,-1,228,318,310,-1,228,310,230,-1,205,204,315,-1,315,204,319,-1,204,203,319,-1,319,203,320,-1,249,321,322,-1,249,322,201,-1,201,322,323,-1,201,323,202,-1,202,323,320,-1,202,320,203,-1,257,324,325,-1,257,325,255,-1,255,325,326,-1,255,326,253,-1,253,326,327,-1,253,327,251,-1,251,327,321,-1,251,321,249,-1,244,328,329,-1,244,329,246,-1,246,329,330,-1,246,330,261,-1,261,330,331,-1,261,331,259,-1,259,331,324,-1,259,324,257,-1,238,314,332,-1,238,332,240,-1,240,332,333,-1,240,333,242,-1,242,333,328,-1,242,328,244,-1,
        ]
    }
}
Shape{
    appearance Appearance {
        material  Material 	{
            diffuseColor 0.5882352941176471 0.5725490196078431 0.5254901960784314
            specularColor 0.043137254901960784 0.0392156862745098 0.0392156862745098
            ambientIntensity 0.8167
            transparency 0.0
            shininess 0.5
        }
    }
    geometry IndexedFaceSet {
        ccw TRUE
        solid FALSE
        coord DEF co Coordinate {
            point [
                0.077 -0.5235 0.4528, 0.069 -0.5246 0.4528, 0.077 -0.5268 0.4528, 0.0655 -0.5254 0.4528, 0.064 -0.5261 0.4528, 0.0632 -0.5267 0.4528, 0.077 -0.5272 0.4528, 0.0766 -0.5299 0.4528, 0.0625 -0.5276 0.4528, 0.0758 -0.5321 0.4528, 0.0628 -0.5346 0.4528, 0.0633 -0.5351 0.4528, 0.0737 -0.5346 0.4528, 0.0621 -0.5336 0.4528, 0.072 -0.5357 0.4528, 0.0702 -0.5364 0.4528, 0.0679 -0.5366 0.4528, 0.0619 -0.5288 0.4528, 0.0616 -0.5301 0.4528, 0.0745 -0.5338 0.4528, 0.0616 -0.5311 0.4528, 0.0617 -0.5325 0.4528, 0.0645 -0.5359 0.4528, 0.0659 -0.5364 0.4528
            ]
        }
        coordIndex [
            0,1,2,-1,2,1,3,-1,3,4,2,-1,2,4,5,-1,2,5,6,-1,6,5,7,-1,7,5,8,-1,7,8,9,-1,10,11,12,-1,10,12,13,-1,14,12,15,-1,15,12,16,-1,8,17,9,-1,9,17,18,-1,9,18,19,-1,19,18,20,-1,19,20,12,-1,12,20,21,-1,12,21,13,-1,11,22,12,-1,12,22,23,-1,12,23,16,-1,
        ]
    }
}
Shape{
    appearance Appearance {
        material  Material 	{
            diffuseColor 0.0 0.0 0.0
            specularColor 0.0 0.0 0.0
            ambientIntensity 0.0
            transparency 0.0
            shininess 0.5
        }
    }
    geometry IndexedFaceSet {
        ccw TRUE
        solid FALSE
        coord DEF co Coordinate {
            point [
                -0.1883 -0.5476 0.4567, -0.1832 -0.5539 0.4567, -0.1914 -0.5174 0.4567, -0.1974 -0.458 0.4567, -0.1898 -0.454 0.4567, -0.1915 -0.4329 0.4567, -0.1702 -0.432 0.4567, -0.1596 -0.4569 0.4567, -0.1544 -0.4461 0.4567, -0.1988 -0.5128 0.4567, -0.1961 -0.5389 0.4567, -0.1917 -0.5402 0.4567, -0.1781 -0.4313 0.4567, -0.1568 -0.5166 0.4567, -0.1536 -0.5178 0.4567, -0.1251 -0.5259 0.4567, -0.1509 -0.5196 0.4567, -0.1487 -0.5221 0.4567, -0.0773 -0.5006 0.4567, -0.0879 -0.4825 0.4567, -0.1337 -0.5064 0.4567, -0.1596 -0.5163 0.4567, -0.163 -0.5168 0.4567, -0.1675 -0.4958 0.4567, -0.1659 -0.5179 0.4567, -0.175 -0.4987 0.4567, -0.1686 -0.5198 0.4567, -0.182 -0.5036 0.4567, -0.17 -0.5213 0.4567, -0.1876 -0.51 0.4567, -0.1717 -0.5241 0.4567, -0.1727 -0.5273 0.4567, -0.1729 -0.5306 0.4567, -0.1469 -0.4971 0.4567, -0.1551 -0.4951 0.4567, -0.1593 -0.4948 0.4567, -0.1472 -0.5249 0.4567, -0.1464 -0.5281 0.4567, -0.1251 -0.5293 0.4567, -0.1464 -0.5312 0.4567, -0.1253 -0.5329 0.4567, -0.066 -0.4668 0.4567, -0.0633 -0.4668 0.4567, -0.0493 -0.4484 0.4567, -0.0568 -0.4676 0.4567, -0.0476 -0.4489 0.4567, -0.0508 -0.4699 0.4567, -0.0375 -0.454 0.4567, -0.0282 -0.4618 0.4567, -0.1632 -0.4238 0.4567, -0.1467 -0.4369 0.4567, -0.1552 -0.4169 0.4567, -0.1376 -0.4303 0.4567, -0.1468 -0.4118 0.4567, -0.1813 -0.452 0.4567, -0.1777 -0.4518 0.4567, -0.1741 -0.4315 0.4567, -0.1696 -0.4528 0.4567, -0.162 -0.4556 0.4567, -0.1396 -0.501 0.4567, -0.0281 -0.5256 0.4567, -0.044 -0.512 0.4567, -0.0374 -0.5334 0.4567, -0.049 -0.5161 0.4567, -0.0478 -0.5385 0.4567, -0.0551 -0.5189 0.4567, -0.0592 -0.5409 0.4567, -0.0612 -0.5201 0.4567, -0.0793 -0.5409 0.4567, -0.0766 -0.5201 0.4567, -0.0813 -0.5406 0.4567, -0.1723 -0.5338 0.4567, -0.1709 -0.5367 0.4567, -0.0455 -0.4736 0.4567, -0.0416 -0.478 0.4567, -0.0212 -0.4715 0.4567, -0.0384 -0.4838 0.4567, -0.017 -0.4819 0.4567, -0.0368 -0.4904 0.4567, -0.0155 -0.4931 0.4567, -0.0366 -0.4934 0.4567, -0.017 -0.5053 0.4567, -0.0375 -0.5001 0.4567, -0.0213 -0.5161 0.4567, -0.0398 -0.5062 0.4567, -0.0436 -0.5115 0.4567, -0.0677 -0.4214 0.4567, -0.0811 -0.437 0.4567, -0.0564 -0.4345 0.4567, -0.0734 -0.4462 0.4567, -0.0681 -0.4572 0.4567, -0.2109 -0.4776 0.4567, -0.2333 -0.4834 0.4567, -0.2119 -0.4859 0.4567, -0.2334 -0.4866 0.4567, -0.2115 -0.4913 0.4567, -0.2317 -0.5 0.4567, -0.209 -0.4996 0.4567, -0.2268 -0.5127 0.4567, -0.205 -0.5065 0.4567, -0.2191 -0.5239 0.4567, -0.2084 -0.5329 0.4567, -0.1273 -0.5414 0.4567, -0.1472 -0.5345 0.4567, -0.1314 -0.549 0.4567, -0.1488 -0.5374 0.4567, -0.1366 -0.5548 0.4567, -0.1506 -0.5395 0.4567, -0.1434 -0.5595 0.4567, -0.1532 -0.5414 0.4567, -0.151 -0.5625 0.4567, -0.1562 -0.5425 0.4567, -0.1593 -0.5635 0.4567, -0.1596 -0.543 0.4567, -0.1606 -0.5635 0.4567, -0.1602 -0.543 0.4567, -0.1686 -0.5622 0.4567, -0.1633 -0.5425 0.4567, -0.1765 -0.5589 0.4567, -0.1664 -0.5411 0.4567, -0.169 -0.5391 0.4567, -0.1311 -0.4057 0.4567, -0.1264 -0.4257 0.4567, -0.1142 -0.4036 0.4567, -0.1138 -0.4241 0.4567, -0.1001 -0.4051 0.4567, -0.1022 -0.4255 0.4567, -0.083 -0.4111 0.4567, -0.0915 -0.4296 0.4567, -0.0819 -0.4363 0.4567, -0.2042 -0.4379 0.4567, -0.215 -0.4455 0.4567, -0.2032 -0.4632 0.4567, -0.2173 -0.4477 0.4567, -0.2079 -0.47 0.4567, -0.2256 -0.4582 0.4567, -0.231 -0.4705 0.4567, -0.0783 -0.5198 0.4567, -0.0865 -0.5373 0.4567, -0.0857 -0.5382 0.4567, -0.0773 -0.52 0.4567, -0.0835 -0.5397 0.4567, -0.0892 -0.5303 0.4567, -0.0889 -0.5329 0.4567, -0.088 -0.5352 0.4567, -0.0813 -0.5201 0.4567, -0.0836 -0.521 0.4567, -0.0892 -0.529 0.4567, -0.0857 -0.5225 0.4567, -0.0872 -0.5241 0.4567, -0.0885 -0.5264 0.4567, -0.0787 -0.5198 0.4567, -0.0155 -0.4931 0.4528, -0.017 -0.4819 0.4528, -0.0182 -0.479 0.4528, -0.0212 -0.4715 0.4528, -0.0282 -0.4618 0.4528, -0.0375 -0.454 0.4528, -0.0476 -0.4489 0.4528, -0.0493 -0.4484 0.4528, -0.0564 -0.4345 0.4528, -0.0677 -0.4214 0.4528, -0.0756 -0.4161 0.4528, -0.083 -0.4111 0.4528, -0.1001 -0.4051 0.4528, -0.1142 -0.4036 0.4528, -0.1552 -0.4169 0.4528, -0.1538 -0.4161 0.4528, -0.1468 -0.4118 0.4528, -0.1311 -0.4057 0.4528, -0.1632 -0.4238 0.4528, -0.1702 -0.432 0.4528, -0.1741 -0.4315 0.4528, -0.1781 -0.4313 0.4528, -0.1915 -0.4329 0.4528, -0.2042 -0.4379 0.4528, -0.215 -0.4455 0.4528, -0.2173 -0.4477 0.4528, -0.231 -0.4705 0.4528, -0.2256 -0.4582 0.4528, -0.2325 -0.479 0.4528, -0.2333 -0.4834 0.4528, -0.2334 -0.4866 0.4528, -0.2317 -0.5 0.4528, -0.2268 -0.5127 0.4528, -0.2191 -0.5239 0.4528, -0.2084 -0.5329 0.4528, -0.1961 -0.5389 0.4528, -0.1917 -0.5402 0.4528, -0.1913 -0.5412 0.4528, -0.1883 -0.5476 0.4528, -0.1832 -0.5539 0.4528, -0.1765 -0.5589 0.4528, -0.1734 -0.5602 0.4528, -0.1686 -0.5622 0.4528, -0.1606 -0.5635 0.4528, -0.1593 -0.5635 0.4528, -0.1251 -0.5293 0.4528, -0.151 -0.5625 0.4528, -0.1451 -0.5602 0.4528, -0.1434 -0.5595 0.4528, -0.1366 -0.5548 0.4528, -0.1314 -0.549 0.4528, -0.1273 -0.5414 0.4528, -0.1273 -0.5412 0.4528, -0.1253 -0.5329 0.4528, -0.1251 -0.5259 0.4528, -0.0773 -0.5006 0.4528, -0.0879 -0.4825 0.4528, -0.1337 -0.5064 0.4528, -0.1396 -0.501 0.4528, -0.1469 -0.4971 0.4528, -0.1551 -0.4951 0.4528, -0.1593 -0.4948 0.4528, -0.1675 -0.4958 0.4528, -0.175 -0.4987 0.4528, -0.182 -0.5036 0.4528, -0.1876 -0.51 0.4528, -0.1914 -0.5174 0.4528, -0.1988 -0.5128 0.4528, -0.205 -0.5065 0.4528, -0.209 -0.4996 0.4528, -0.2115 -0.4913 0.4528, -0.2119 -0.4859 0.4528, -0.211 -0.479 0.4528, -0.2109 -0.4776 0.4528, -0.2079 -0.47 0.4528, -0.2032 -0.4632 0.4528, -0.1974 -0.458 0.4528, -0.1898 -0.454 0.4528, -0.1813 -0.452 0.4528, -0.1777 -0.4518 0.4528, -0.1696 -0.4528 0.4528, -0.162 -0.4556 0.4528, -0.1596 -0.4569 0.4528, -0.1544 -0.4461 0.4528, -0.1467 -0.4369 0.4528, -0.1376 -0.4303 0.4528, -0.1264 -0.4257 0.4528, -0.1138 -0.4241 0.4528, -0.1022 -0.4255 0.4528, -0.0915 -0.4296 0.4528, -0.0819 -0.4363 0.4528, -0.0811 -0.437 0.4528, -0.0734 -0.4462 0.4528, -0.0681 -0.4572 0.4528, -0.066 -0.4668 0.4528, -0.0633 -0.4668 0.4528, -0.0568 -0.4676 0.4528, -0.0508 -0.4699 0.4528, -0.0455 -0.4736 0.4528, -0.0416 -0.478 0.4528, -0.041 -0.479 0.4528, -0.0384 -0.4838 0.4528, -0.0368 -0.4904 0.4528, -0.0366 -0.4934 0.4528, -0.0375 -0.5001 0.4528, -0.0398 -0.5062 0.4528, -0.0436 -0.5115 0.4528, -0.044 -0.512 0.4528, -0.049 -0.5161 0.4528, -0.0551 -0.5189 0.4528, -0.0612 -0.5201 0.4528, -0.0766 -0.5201 0.4528, -0.0773 -0.52 0.4528, -0.0783 -0.5198 0.4528, -0.0787 -0.5198 0.4528, -0.0813 -0.5201 0.4528, -0.0836 -0.521 0.4528, -0.0857 -0.5225 0.4528, -0.0872 -0.5241 0.4528, -0.0885 -0.5264 0.4528, -0.0892 -0.529 0.4528, -0.0892 -0.5303 0.4528, -0.0889 -0.5329 0.4528, -0.088 -0.5352 0.4528, -0.0865 -0.5373 0.4528, -0.0857 -0.5382 0.4528, -0.0835 -0.5397 0.4528, -0.0813 -0.5406 0.4528, -0.0793 -0.5409 0.4528, -0.0592 -0.5409 0.4528, -0.0478 -0.5385 0.4528, -0.0374 -0.5334 0.4528, -0.0281 -0.5256 0.4528, -0.0213 -0.5161 0.4528, -0.017 -0.5053 0.4528, -0.1596 -0.5163 0.4528, -0.1568 -0.5166 0.4528, -0.1536 -0.5178 0.4528, -0.1509 -0.5196 0.4528, -0.1487 -0.5221 0.4528, -0.1472 -0.5249 0.4528, -0.1464 -0.5281 0.4528, -0.1464 -0.5312 0.4528, -0.1472 -0.5345 0.4528, -0.1488 -0.5374 0.4528, -0.1506 -0.5395 0.4528, -0.1532 -0.5414 0.4528, -0.1562 -0.5425 0.4528, -0.1596 -0.543 0.4528, -0.1602 -0.543 0.4528, -0.1633 -0.5425 0.4528, -0.1664 -0.5411 0.4528, -0.169 -0.5391 0.4528, -0.1709 -0.5367 0.4528, -0.1723 -0.5338 0.4528, -0.1729 -0.5306 0.4528, -0.1727 -0.5273 0.4528, -0.1717 -0.5241 0.4528, -0.17 -0.5213 0.4528, -0.1686 -0.5198 0.4528, -0.1659 -0.5179 0.4528, -0.163 -0.5168 0.4528
            ]
        }
        coordIndex [
            0,1,2,-1,3,4,5,-1,6,7,8,-1,9,10,2,-1,2,10,11,-1,2,11,0,-1,5,4,12,-1,13,14,15,-1,15,14,16,-1,15,16,17,-1,18,19,15,-1,15,19,20,-1,15,20,13,-1,13,20,21,-1,22,23,24,-1,24,23,25,-1,24,25,26,-1,26,25,27,-1,26,27,28,-1,28,27,29,-1,28,29,30,-1,30,29,2,-1,30,2,31,-1,31,2,32,-1,33,34,22,-1,22,34,35,-1,22,35,23,-1,17,36,15,-1,15,36,37,-1,15,37,38,-1,38,37,39,-1,38,39,40,-1,41,42,43,-1,43,42,44,-1,43,44,45,-1,45,44,46,-1,45,46,47,-1,47,46,48,-1,6,8,49,-1,49,8,50,-1,49,50,51,-1,51,50,52,-1,51,52,53,-1,4,54,12,-1,12,54,55,-1,12,55,56,-1,56,55,57,-1,56,57,6,-1,6,57,58,-1,6,58,7,-1,21,20,22,-1,22,20,59,-1,22,59,33,-1,60,61,62,-1,62,61,63,-1,62,63,64,-1,64,63,65,-1,64,65,66,-1,66,65,67,-1,66,67,68,-1,68,67,69,-1,68,69,70,-1,32,2,71,-1,71,2,1,-1,71,1,72,-1,46,73,48,-1,48,73,74,-1,48,74,75,-1,75,74,76,-1,75,76,77,-1,77,76,78,-1,77,78,79,-1,79,78,80,-1,79,80,81,-1,81,80,82,-1,81,82,83,-1,83,82,84,-1,83,84,60,-1,60,84,85,-1,60,85,61,-1,86,87,88,-1,88,87,89,-1,88,89,43,-1,43,89,90,-1,43,90,41,-1,91,92,93,-1,93,92,94,-1,93,94,95,-1,95,94,96,-1,95,96,97,-1,97,96,98,-1,97,98,99,-1,99,98,100,-1,99,100,9,-1,9,100,101,-1,9,101,10,-1,40,39,102,-1,102,39,103,-1,102,103,104,-1,104,103,105,-1,104,105,106,-1,106,105,107,-1,106,107,108,-1,108,107,109,-1,108,109,110,-1,110,109,111,-1,110,111,112,-1,112,111,113,-1,112,113,114,-1,114,113,115,-1,114,115,116,-1,116,115,117,-1,116,117,118,-1,118,117,119,-1,118,119,1,-1,1,119,120,-1,1,120,72,-1,53,52,121,-1,121,52,122,-1,121,122,123,-1,123,122,124,-1,123,124,125,-1,125,124,126,-1,125,126,127,-1,127,126,128,-1,127,128,86,-1,86,128,129,-1,86,129,87,-1,5,130,3,-1,3,130,131,-1,3,131,132,-1,132,131,133,-1,132,133,134,-1,134,133,135,-1,134,135,91,-1,91,135,136,-1,91,136,92,-1,137,138,139,-1,69,140,70,-1,70,140,137,-1,70,137,141,-1,141,137,139,-1,142,143,137,-1,137,143,144,-1,137,144,138,-1,145,146,147,-1,146,148,147,-1,147,148,149,-1,147,149,150,-1,142,137,147,-1,147,137,151,-1,147,151,145,-1,79,152,153,-1,79,153,77,-1,77,153,154,-1,77,154,75,-1,154,155,75,-1,75,155,156,-1,75,156,48,-1,48,156,157,-1,48,157,47,-1,47,157,158,-1,47,158,45,-1,45,158,159,-1,45,159,43,-1,43,159,160,-1,43,160,88,-1,88,160,161,-1,88,161,86,-1,86,161,127,-1,127,161,162,-1,162,163,127,-1,127,163,164,-1,127,164,125,-1,125,164,165,-1,125,165,123,-1,166,51,167,-1,167,51,53,-1,167,53,168,-1,168,53,121,-1,168,121,169,-1,169,121,123,-1,169,123,165,-1,51,166,170,-1,51,170,49,-1,49,170,171,-1,49,171,6,-1,6,171,172,-1,6,172,56,-1,56,172,173,-1,56,173,12,-1,12,173,174,-1,12,174,5,-1,5,174,175,-1,5,175,130,-1,130,175,176,-1,130,176,131,-1,131,176,177,-1,131,177,133,-1,178,135,179,-1,179,135,133,-1,179,133,177,-1,180,92,178,-1,178,92,136,-1,178,136,135,-1,180,181,92,-1,92,181,182,-1,92,182,94,-1,94,182,183,-1,94,183,96,-1,96,183,184,-1,96,184,98,-1,98,184,185,-1,98,185,100,-1,100,185,186,-1,100,186,101,-1,101,186,187,-1,101,187,10,-1,10,187,188,-1,10,188,11,-1,11,188,189,-1,11,189,0,-1,189,190,0,-1,0,190,191,-1,0,191,1,-1,1,191,192,-1,1,192,118,-1,118,192,193,-1,118,193,116,-1,193,194,116,-1,116,194,195,-1,116,195,114,-1,114,195,196,-1,114,196,112,-1,197,38,40,-1,112,196,198,-1,112,198,110,-1,110,198,199,-1,110,199,108,-1,199,200,108,-1,108,200,201,-1,108,201,106,-1,106,201,202,-1,106,202,104,-1,104,202,203,-1,104,203,102,-1,102,203,204,-1,102,204,40,-1,40,204,205,-1,40,205,197,-1,15,38,206,-1,206,38,197,-1,18,15,207,-1,207,15,206,-1,19,18,208,-1,208,18,207,-1,20,19,209,-1,209,19,208,-1,20,209,210,-1,20,210,59,-1,59,210,211,-1,59,211,33,-1,33,211,212,-1,33,212,34,-1,34,212,213,-1,34,213,35,-1,35,213,214,-1,35,214,23,-1,23,214,215,-1,23,215,25,-1,25,215,216,-1,25,216,27,-1,27,216,217,-1,27,217,29,-1,29,217,218,-1,29,218,2,-1,2,218,219,-1,2,219,9,-1,9,219,220,-1,9,220,99,-1,99,220,221,-1,99,221,97,-1,97,221,222,-1,97,222,95,-1,95,222,223,-1,95,223,93,-1,223,224,93,-1,93,224,91,-1,224,225,91,-1,91,225,226,-1,91,226,134,-1,134,226,227,-1,134,227,132,-1,132,227,228,-1,132,228,3,-1,3,228,229,-1,3,229,4,-1,4,229,230,-1,4,230,54,-1,54,230,231,-1,54,231,55,-1,55,231,232,-1,55,232,57,-1,57,232,233,-1,57,233,58,-1,58,233,234,-1,58,234,7,-1,7,234,235,-1,7,235,8,-1,8,235,236,-1,8,236,50,-1,50,236,237,-1,50,237,52,-1,52,237,238,-1,52,238,122,-1,122,238,239,-1,122,239,124,-1,124,239,240,-1,124,240,126,-1,126,240,241,-1,126,241,128,-1,128,241,242,-1,128,242,129,-1,129,242,243,-1,129,243,87,-1,87,243,244,-1,87,244,89,-1,89,244,245,-1,89,245,90,-1,90,245,246,-1,90,246,41,-1,42,41,247,-1,247,41,246,-1,42,247,248,-1,42,248,44,-1,44,248,249,-1,44,249,46,-1,46,249,250,-1,46,250,73,-1,73,250,251,-1,73,251,74,-1,74,251,252,-1,74,252,76,-1,252,253,76,-1,76,253,254,-1,76,254,78,-1,78,254,255,-1,78,255,80,-1,80,255,256,-1,80,256,82,-1,82,256,257,-1,82,257,84,-1,84,257,258,-1,84,258,85,-1,85,258,259,-1,85,259,61,-1,61,259,260,-1,61,260,63,-1,63,260,261,-1,63,261,65,-1,65,261,262,-1,65,262,67,-1,69,67,263,-1,263,67,262,-1,69,263,264,-1,69,264,140,-1,140,264,265,-1,140,265,137,-1,137,265,266,-1,137,266,151,-1,151,266,267,-1,151,267,145,-1,145,267,268,-1,145,268,146,-1,146,268,269,-1,146,269,148,-1,148,269,270,-1,148,270,149,-1,149,270,271,-1,149,271,150,-1,150,271,272,-1,150,272,147,-1,147,272,273,-1,147,273,142,-1,142,273,274,-1,142,274,143,-1,143,274,275,-1,143,275,144,-1,144,275,276,-1,144,276,138,-1,138,276,277,-1,138,277,139,-1,139,277,278,-1,139,278,141,-1,141,278,279,-1,141,279,70,-1,70,279,280,-1,70,280,68,-1,66,68,281,-1,281,68,280,-1,66,281,282,-1,66,282,64,-1,64,282,283,-1,64,283,62,-1,62,283,284,-1,62,284,60,-1,60,284,285,-1,60,285,83,-1,83,285,286,-1,83,286,81,-1,81,286,152,-1,81,152,79,-1,21,287,288,-1,21,288,13,-1,13,288,289,-1,13,289,14,-1,14,289,290,-1,14,290,16,-1,16,290,291,-1,16,291,17,-1,17,291,292,-1,17,292,36,-1,36,292,293,-1,36,293,37,-1,37,293,294,-1,37,294,39,-1,39,294,295,-1,39,295,103,-1,103,295,296,-1,103,296,105,-1,105,296,297,-1,105,297,107,-1,107,297,298,-1,107,298,109,-1,109,298,299,-1,109,299,111,-1,111,299,300,-1,111,300,113,-1,113,300,301,-1,113,301,115,-1,115,301,302,-1,115,302,117,-1,117,302,303,-1,117,303,119,-1,119,303,304,-1,119,304,120,-1,120,304,305,-1,120,305,72,-1,72,305,306,-1,72,306,71,-1,71,306,307,-1,71,307,32,-1,32,307,308,-1,32,308,31,-1,31,308,309,-1,31,309,30,-1,30,309,310,-1,30,310,28,-1,28,310,311,-1,28,311,26,-1,26,311,312,-1,26,312,24,-1,24,312,313,-1,24,313,22,-1,22,313,287,-1,22,287,21,-1,
        ]
    }
}
Shape{
    appearance Appearance {
        material  Material 	{
            diffuseColor 0.5882352941176471 0.5725490196078431 0.5254901960784314
            specularColor 0.043137254901960784 0.0392156862745098 0.0392156862745098
            ambientIntensity 0.8167
            transparency 0.0
            shininess 0.5
        }
    }
    geometry IndexedFaceSet {
        ccw TRUE
        solid FALSE
        coord DEF co Coordinate {
            point [
                -0.1602 -0.543 0.4528, -0.1686 -0.5198 0.4528, -0.17 -0.5213 0.4528, -0.1562 -0.5425 0.4528, -0.1532 -0.5414 0.4528, -0.1568 -0.5166 0.4528, -0.1596 -0.5163 0.4528, -0.163 -0.5168 0.4528, -0.1659 -0.5179 0.4528, -0.1723 -0.5338 0.4528, -0.1709 -0.5367 0.4528, -0.169 -0.5391 0.4528, -0.1596 -0.543 0.4528, -0.1717 -0.5241 0.4528, -0.1727 -0.5273 0.4528, -0.1729 -0.5306 0.4528, -0.1664 -0.5411 0.4528, -0.1633 -0.5425 0.4528, -0.1506 -0.5395 0.4528, -0.1488 -0.5374 0.4528, -0.1472 -0.5345 0.4528, -0.1464 -0.5312 0.4528, -0.1464 -0.5281 0.4528, -0.1472 -0.5249 0.4528, -0.1487 -0.5221 0.4528, -0.1509 -0.5196 0.4528, -0.1536 -0.5178 0.4528
            ]
        }
        coordIndex [
            0,1,2,-1,3,4,5,-1,6,7,0,-1,0,7,8,-1,0,8,1,-1,9,10,2,-1,2,10,11,-1,6,0,5,-1,5,0,12,-1,5,12,3,-1,13,14,2,-1,2,14,15,-1,2,15,9,-1,11,16,2,-1,2,16,17,-1,2,17,0,-1,4,18,5,-1,5,18,19,-1,5,19,20,-1,20,21,5,-1,5,21,22,-1,5,22,23,-1,23,24,5,-1,5,24,25,-1,5,25,26,-1,
        ]
    }
}
Shape{
    appearance Appearance {
        material  Material 	{
            diffuseColor 0.0 0.0 0.0
            specularColor 0.0 0.0 0.0
            ambientIntensity 0.0
            transparency 0.0
            shininess 0.5
        }
    }
    geometry IndexedFaceSet {
        ccw TRUE
        solid FALSE
        coord DEF co Coordinate {
            point [
                0.1617 -0.4509 0.4567, 0.1592 -0.4541 0.4567, 0.1636 -0.4578 0.4567, 0.1581 -0.455 0.4567, 0.1585 -0.4615 0.4567, 0.1548 -0.4571 0.4567, 0.153 -0.4636 0.4567, 0.1506 -0.4585 0.4567, 0.1449 -0.4645 0.4567, 0.1449 -0.4591 0.4567, 0.1317 -0.4645 0.4567, 0.1379 -0.4591 0.4567, 0.1317 -0.4165 0.4567, 0.1379 -0.422 0.4567, 0.1454 -0.4165 0.4567, 0.1452 -0.422 0.4567, 0.1535 -0.4175 0.4567, 0.1512 -0.4227 0.4567, 0.1592 -0.4198 0.4567, 0.1554 -0.4242 0.4567, 0.1636 -0.4229 0.4567, 0.159 -0.4265 0.4567, 0.1658 -0.4251 0.4567, 0.1606 -0.4282 0.4567, 0.1686 -0.4295 0.4567, 0.1624 -0.431 0.4567, 0.1702 -0.4342 0.4567, 0.1637 -0.4346 0.4567, 0.1708 -0.4399 0.4567, 0.1643 -0.4401 0.4567, 0.1706 -0.4435 0.4567, 0.1642 -0.4428 0.4567, 0.1693 -0.449 0.4567, 0.1633 -0.4473 0.4567, 0.1669 -0.4539 0.4567, 0.1636 -0.4578 0.4528, 0.1669 -0.4539 0.4528, 0.1693 -0.449 0.4528, 0.1706 -0.4435 0.4528, 0.1708 -0.4399 0.4528, 0.1702 -0.4342 0.4528, 0.1686 -0.4295 0.4528, 0.1658 -0.4251 0.4528, 0.1636 -0.4229 0.4528, 0.1454 -0.4165 0.4528, 0.1592 -0.4198 0.4528, 0.1537 -0.4176 0.4528, 0.1535 -0.4175 0.4528, 0.1317 -0.4165 0.4528, 0.1317 -0.4645 0.4528, 0.1449 -0.4645 0.4528, 0.153 -0.4636 0.4528, 0.1537 -0.4633 0.4528, 0.1585 -0.4615 0.4528, 0.159 -0.4265 0.4528, 0.1606 -0.4282 0.4528, 0.1624 -0.431 0.4528, 0.1637 -0.4346 0.4528, 0.1643 -0.4401 0.4528, 0.1452 -0.422 0.4528, 0.1512 -0.4227 0.4528, 0.1554 -0.4242 0.4528, 0.1379 -0.422 0.4528, 0.1379 -0.4591 0.4528, 0.1449 -0.4591 0.4528, 0.1592 -0.4541 0.4528, 0.1581 -0.455 0.4528, 0.1548 -0.4571 0.4528, 0.1506 -0.4585 0.4528, 0.1642 -0.4428 0.4528, 0.1633 -0.4473 0.4528, 0.1617 -0.4509 0.4528
            ]
        }
        coordIndex [
            0,1,2,-1,2,1,3,-1,2,3,4,-1,4,3,5,-1,4,5,6,-1,6,5,7,-1,6,7,8,-1,8,7,9,-1,8,9,10,-1,10,9,11,-1,10,11,12,-1,12,11,13,-1,12,13,14,-1,14,13,15,-1,14,15,16,-1,16,15,17,-1,16,17,18,-1,18,17,19,-1,18,19,20,-1,20,19,21,-1,20,21,22,-1,22,21,23,-1,22,23,24,-1,24,23,25,-1,24,25,26,-1,26,25,27,-1,26,27,28,-1,28,27,29,-1,28,29,30,-1,30,29,31,-1,30,31,32,-1,32,31,33,-1,32,33,34,-1,34,33,0,-1,34,0,2,-1,2,35,36,-1,2,36,34,-1,34,36,37,-1,34,37,32,-1,32,37,38,-1,32,38,30,-1,30,38,39,-1,30,39,28,-1,28,39,40,-1,28,40,26,-1,26,40,41,-1,26,41,24,-1,24,41,42,-1,24,42,22,-1,22,42,43,-1,22,43,20,-1,44,14,16,-1,20,43,45,-1,20,45,18,-1,18,45,46,-1,18,46,16,-1,16,46,47,-1,16,47,44,-1,12,14,48,-1,48,14,44,-1,10,12,49,-1,49,12,48,-1,8,10,50,-1,50,10,49,-1,35,2,4,-1,8,50,51,-1,8,51,6,-1,6,51,52,-1,6,52,4,-1,4,52,53,-1,4,53,35,-1,21,54,55,-1,21,55,23,-1,23,55,56,-1,23,56,25,-1,25,56,57,-1,25,57,27,-1,27,57,58,-1,27,58,29,-1,15,59,60,-1,15,60,17,-1,17,60,61,-1,17,61,19,-1,19,61,54,-1,19,54,21,-1,15,13,59,-1,59,13,62,-1,13,11,62,-1,62,11,63,-1,11,9,63,-1,63,9,64,-1,1,65,66,-1,1,66,3,-1,3,66,67,-1,3,67,5,-1,5,67,68,-1,5,68,7,-1,7,68,64,-1,7,64,9,-1,29,58,69,-1,29,69,31,-1,31,69,70,-1,31,70,33,-1,33,70,71,-1,33,71,0,-1,0,71,65,-1,0,65,1,-1,
        ]
    }
}
Shape{
    appearance Appearance {
        material  Material 	{
            diffuseColor 0.5882352941176471 0.5725490196078431 0.5254901960784314
            specularColor 0.043137254901960784 0.0392156862745098 0.0392156862745098
            ambientIntensity 0.8167
            transparency 0.0
            shininess 0.5
        }
    }
    geometry IndexedFaceSet {
        ccw TRUE
        solid FALSE
        coord DEF co Coordinate {
            point [
                0.1379 -0.422 0.4528, 0.1379 -0.4591 0.4528, 0.1452 -0.422 0.4528, 0.1449 -0.4591 0.4528, 0.1506 -0.4585 0.4528, 0.1548 -0.4571 0.4528, 0.1581 -0.455 0.4528, 0.1592 -0.4541 0.4528, 0.1617 -0.4509 0.4528, 0.1633 -0.4473 0.4528, 0.1642 -0.4428 0.4528, 0.1643 -0.4401 0.4528, 0.1637 -0.4346 0.4528, 0.1624 -0.431 0.4528, 0.1606 -0.4282 0.4528, 0.159 -0.4265 0.4528, 0.1512 -0.4227 0.4528, 0.1554 -0.4242 0.4528
            ]
        }
        coordIndex [
            0,1,2,-1,2,1,3,-1,2,3,4,-1,4,5,2,-1,2,5,6,-1,2,6,7,-1,7,8,2,-1,2,8,9,-1,2,9,10,-1,10,11,2,-1,2,11,12,-1,2,12,13,-1,13,14,2,-1,2,14,15,-1,2,15,16,-1,16,15,17,-1,
        ]
    }
}
Shape{
    appearance Appearance {
        material  Material 	{
            diffuseColor 0.0 0.0 0.0
            specularColor 0.0 0.0 0.0
            ambientIntensity 0.0
            transparency 0.0
            shininess 0.5
        }
    }
    geometry IndexedFaceSet {
        ccw TRUE
        solid FALSE
        coord DEF co Coordinate {
            point [
                0.0748 -0.4598 0.4567, 0.0748 -0.4598 0.4528, 0.07 -0.4593 0.4528, 0.07 -0.4593 0.4567, 0.0666 -0.458 0.4528, 0.0666 -0.458 0.4567, 0.0634 -0.4557 0.4528, 0.0634 -0.4557 0.4567, 0.0624 -0.4548 0.4528, 0.0624 -0.4548 0.4567, 0.06 -0.4513 0.4528, 0.06 -0.4513 0.4567, 0.0585 -0.4474 0.4528, 0.0585 -0.4474 0.4567, 0.0577 -0.4415 0.4528, 0.0577 -0.4415 0.4567, 0.0577 -0.4411 0.4528, 0.0577 -0.4411 0.4567, 0.0583 -0.4354 0.4528, 0.0583 -0.4354 0.4567, 0.0597 -0.431 0.4528, 0.0597 -0.431 0.4567, 0.0619 -0.4275 0.4528, 0.0619 -0.4275 0.4567, 0.0627 -0.4266 0.4528, 0.0627 -0.4266 0.4567, 0.0662 -0.4238 0.4528, 0.0662 -0.4238 0.4567, 0.07 -0.4221 0.4528, 0.07 -0.4221 0.4567, 0.0742 -0.4213 0.4528, 0.0742 -0.4213 0.4567, 0.0758 -0.4213 0.4528, 0.0758 -0.4213 0.4567, 0.0812 -0.4219 0.4528, 0.0812 -0.4219 0.4567, 0.0861 -0.4236 0.4528, 0.0861 -0.4236 0.4567, 0.0872 -0.4241 0.4528, 0.0872 -0.4241 0.4567, 0.0872 -0.4177 0.4567, 0.0872 -0.4177 0.4528, 0.0758 -0.4157 0.4528, 0.0758 -0.4157 0.4567, 0.0764 -0.4157 0.4567, 0.0826 -0.4163 0.4528, 0.0826 -0.4163 0.4567, 0.0806 -0.4161 0.4528, 0.0764 -0.4157 0.4528, 0.0724 -0.4161 0.4528, 0.0689 -0.4165 0.4567, 0.0689 -0.4165 0.4528, 0.0639 -0.4185 0.4528, 0.0639 -0.4185 0.4567, 0.0592 -0.4217 0.4528, 0.0592 -0.4217 0.4567, 0.0581 -0.4228 0.4528, 0.0581 -0.4228 0.4567, 0.0549 -0.4268 0.4528, 0.0549 -0.4268 0.4567, 0.0533 -0.4303 0.4528, 0.0525 -0.4321 0.4567, 0.0525 -0.4321 0.4528, 0.0513 -0.4382 0.4528, 0.0513 -0.4382 0.4567, 0.0512 -0.4414 0.4528, 0.0512 -0.4414 0.4567, 0.0521 -0.4492 0.4528, 0.0521 -0.4492 0.4567, 0.0533 -0.4523 0.4528, 0.054 -0.4542 0.4567, 0.054 -0.4542 0.4528, 0.0569 -0.4583 0.4528, 0.0569 -0.4583 0.4567, 0.0574 -0.4588 0.4528, 0.0574 -0.4588 0.4567, 0.061 -0.4619 0.4528, 0.061 -0.4619 0.4567, 0.0656 -0.4641 0.4528, 0.0656 -0.4641 0.4567, 0.0707 -0.4652 0.4528, 0.0707 -0.4652 0.4567, 0.0739 -0.4654 0.4528, 0.0739 -0.4654 0.4567, 0.0812 -0.4647 0.4528, 0.0812 -0.4647 0.4567, 0.0863 -0.463 0.4528, 0.0863 -0.463 0.4567, 0.0872 -0.4626 0.4528, 0.0872 -0.4626 0.4567, 0.0872 -0.4566 0.4567, 0.0872 -0.4566 0.4528, 0.0828 -0.4586 0.4528, 0.0828 -0.4586 0.4567, 0.0774 -0.4597 0.4528, 0.0774 -0.4597 0.4567, 0.2471 -0.5222 0.4567, 0.2451 -0.5276 0.4567, 0.2632 -0.5222 0.4567, 0.2651 -0.5276 0.4567, 0.2543 -0.5022 0.4567, 0.2519 -0.4927 0.4567, 0.2336 -0.5408 0.4567, 0.2405 -0.5408 0.4567, 0.2547 -0.5008 0.4567, 0.255 -0.4989 0.4567, 0.2586 -0.4927 0.4567, 0.2552 -0.4989 0.4567, 0.2556 -0.5009 0.4567, 0.2559 -0.5022 0.4567, 0.2769 -0.5408 0.4567, 0.27 -0.5408 0.4567, 0.2519 -0.4927 0.4528, 0.2586 -0.4927 0.4528, 0.2336 -0.5408 0.4528, 0.2405 -0.5408 0.4528, 0.2451 -0.5276 0.4528, 0.2651 -0.5276 0.4528, 0.27 -0.5408 0.4528, 0.2769 -0.5408 0.4528, 0.2543 -0.5022 0.4528, 0.2547 -0.5008 0.4528, 0.255 -0.4989 0.4528, 0.2471 -0.5222 0.4528, 0.2632 -0.5222 0.4528, 0.2559 -0.5022 0.4528, 0.2552 -0.4989 0.4528, 0.2556 -0.5009 0.4528
            ]
        }
        coordIndex [
            0,1,2,-1,0,2,3,-1,3,2,4,-1,3,4,5,-1,5,4,6,-1,5,6,7,-1,7,6,8,-1,7,8,9,-1,9,8,10,-1,9,10,11,-1,11,10,12,-1,11,12,13,-1,13,12,14,-1,13,14,15,-1,15,14,16,-1,15,16,17,-1,17,16,18,-1,17,18,19,-1,19,18,20,-1,19,20,21,-1,21,20,22,-1,21,22,23,-1,23,22,24,-1,23,24,25,-1,25,24,26,-1,25,26,27,-1,27,26,28,-1,27,28,29,-1,29,28,30,-1,29,30,31,-1,31,30,32,-1,31,32,33,-1,33,32,34,-1,33,34,35,-1,35,34,36,-1,35,36,37,-1,37,36,38,-1,37,38,39,-1,40,39,41,-1,41,39,38,-1,42,43,44,-1,40,41,45,-1,40,45,46,-1,46,45,47,-1,46,47,44,-1,44,47,48,-1,44,48,42,-1,43,42,49,-1,43,49,50,-1,49,51,50,-1,50,51,52,-1,50,52,53,-1,53,52,54,-1,53,54,55,-1,55,54,56,-1,55,56,57,-1,57,56,58,-1,57,58,59,-1,59,58,60,-1,59,60,61,-1,60,62,61,-1,61,62,63,-1,61,63,64,-1,64,63,65,-1,64,65,66,-1,66,65,67,-1,66,67,68,-1,68,67,69,-1,68,69,70,-1,69,71,70,-1,70,71,72,-1,70,72,73,-1,73,72,74,-1,73,74,75,-1,75,74,76,-1,75,76,77,-1,77,76,78,-1,77,78,79,-1,79,78,80,-1,79,80,81,-1,81,80,82,-1,81,82,83,-1,83,82,84,-1,83,84,85,-1,85,84,86,-1,85,86,87,-1,87,86,88,-1,87,88,89,-1,90,89,91,-1,91,89,88,-1,90,91,92,-1,90,92,93,-1,93,92,94,-1,93,94,95,-1,95,94,1,-1,95,1,0,-1,37,39,40,-1,27,29,50,-1,11,13,68,-1,19,21,59,-1,50,29,43,-1,37,40,35,-1,68,13,66,-1,59,21,57,-1,29,31,43,-1,43,31,33,-1,43,33,44,-1,44,33,35,-1,44,35,46,-1,46,35,40,-1,50,53,27,-1,27,53,55,-1,27,55,25,-1,25,55,57,-1,25,57,23,-1,23,57,21,-1,68,70,11,-1,11,70,73,-1,11,73,9,-1,9,73,75,-1,9,75,7,-1,7,75,77,-1,7,77,5,-1,5,77,79,-1,5,79,3,-1,3,79,81,-1,3,81,0,-1,0,81,83,-1,0,83,95,-1,95,83,85,-1,95,85,93,-1,93,85,87,-1,93,87,90,-1,90,87,89,-1,13,15,66,-1,66,15,17,-1,66,17,64,-1,64,17,19,-1,64,19,61,-1,61,19,59,-1,96,97,98,-1,98,97,99,-1,100,101,96,-1,96,101,102,-1,96,102,97,-1,97,102,103,-1,100,104,101,-1,101,104,105,-1,101,105,106,-1,106,105,107,-1,106,107,108,-1,108,109,106,-1,106,109,98,-1,106,98,110,-1,110,98,99,-1,110,99,111,-1,101,106,112,-1,112,106,113,-1,102,101,114,-1,114,101,112,-1,103,102,115,-1,115,102,114,-1,97,103,116,-1,116,103,115,-1,99,97,117,-1,117,97,116,-1,111,99,118,-1,118,99,117,-1,110,111,119,-1,119,111,118,-1,106,110,113,-1,113,110,119,-1,100,120,121,-1,100,121,104,-1,104,121,122,-1,104,122,105,-1,100,96,120,-1,120,96,123,-1,96,98,123,-1,123,98,124,-1,98,109,124,-1,124,109,125,-1,107,126,127,-1,107,127,108,-1,108,127,125,-1,108,125,109,-1,107,105,126,-1,126,105,122,-1,
        ]
    }
}
Shape{
    appearance Appearance {
        material  Material 	{
            diffuseColor 0.5882352941176471 0.5725490196078431 0.5254901960784314
            specularColor 0.043137254901960784 0.0392156862745098 0.0392156862745098
            ambientIntensity 0.8167
            transparency 0.0
            shininess 0.5
        }
    }
    geometry IndexedFaceSet {
        ccw TRUE
        solid FALSE
        coord DEF co Coordinate {
            point [
                0.2552 -0.4989 0.4528, 0.255 -0.4989 0.4528, 0.2556 -0.5009 0.4528, 0.2547 -0.5008 0.4528, 0.2559 -0.5022 0.4528, 0.2543 -0.5022 0.4528, 0.2632 -0.5222 0.4528, 0.2471 -0.5222 0.4528
            ]
        }
        coordIndex [
            0,1,2,-1,2,1,3,-1,2,3,4,-1,4,3,5,-1,4,5,6,-1,6,5,7,-1,
        ]
    }
}
Shape{
    appearance Appearance {
        material  Material 	{
            diffuseColor 0.0 0.0 0.0
            specularColor 0.0 0.0 0.0
            ambientIntensity 0.0
            transparency 0.0
            shininess 0.5
        }
    }
    geometry IndexedFaceSet {
        ccw TRUE
        solid FALSE
        coord DEF co Coordinate {
            point [
                0.1828 -0.5353 0.4567, 0.1828 -0.5353 0.4528, 0.1631 -0.5353 0.4567, 0.1721 -0.5353 0.4528, 0.1631 -0.5353 0.4528, 0.1631 -0.5191 0.4567, 0.1631 -0.5191 0.4528, 0.1803 -0.5191 0.4567, 0.1721 -0.5191 0.4528, 0.1803 -0.5191 0.4528, 0.1803 -0.5136 0.4567, 0.1803 -0.5136 0.4528, 0.1631 -0.5136 0.4528, 0.1631 -0.5136 0.4567, 0.1721 -0.5136 0.4528, 0.1631 -0.4982 0.4567, 0.1631 -0.4982 0.4528, 0.1817 -0.4982 0.4528, 0.1817 -0.4982 0.4567, 0.1721 -0.4982 0.4528, 0.1817 -0.4927 0.4567, 0.1817 -0.4927 0.4528, 0.1569 -0.4927 0.4528, 0.1569 -0.4927 0.4567, 0.1721 -0.4927 0.4528, 0.1569 -0.5408 0.4567, 0.1569 -0.5408 0.4528, 0.1828 -0.5408 0.4567, 0.1721 -0.5408 0.4528, 0.1828 -0.5408 0.4528, 0.0301 -0.5353 0.4567, 0.0497 -0.5353 0.4567, 0.0301 -0.5353 0.4528, 0.0497 -0.5353 0.4528, 0.0301 -0.5191 0.4567, 0.0301 -0.5191 0.4528, 0.0473 -0.5191 0.4567, 0.0473 -0.5191 0.4528, 0.0473 -0.5136 0.4567, 0.0473 -0.5136 0.4528, 0.0301 -0.5136 0.4567, 0.0301 -0.5136 0.4528, 0.0301 -0.4982 0.4567, 0.0301 -0.4982 0.4528, 0.0486 -0.4982 0.4567, 0.0486 -0.4982 0.4528, 0.0486 -0.4927 0.4567, 0.0486 -0.4927 0.4528, 0.0239 -0.4927 0.4567, 0.0239 -0.4927 0.4528, 0.0239 -0.5408 0.4567, 0.0239 -0.5408 0.4528, 0.0497 -0.5408 0.4567, 0.0497 -0.5408 0.4528, 0.1869 -0.446 0.4567, 0.1849 -0.4514 0.4567, 0.203 -0.446 0.4567, 0.2049 -0.4514 0.4567, 0.1941 -0.426 0.4567, 0.1918 -0.4165 0.4567, 0.1735 -0.4645 0.4567, 0.1803 -0.4645 0.4567, 0.1945 -0.4246 0.4567, 0.1949 -0.4226 0.4567, 0.1984 -0.4165 0.4567, 0.195 -0.4226 0.4567, 0.1954 -0.4247 0.4567, 0.1958 -0.426 0.4567, 0.2167 -0.4645 0.4567, 0.2098 -0.4645 0.4567, 0.1918 -0.4165 0.4528, 0.1984 -0.4165 0.4528, 0.1735 -0.4645 0.4528, 0.1873 -0.4282 0.4528, 0.1803 -0.4645 0.4528, 0.1849 -0.4514 0.4528, 0.2049 -0.4514 0.4528, 0.1873 -0.4514 0.4528, 0.2098 -0.4645 0.4528, 0.2167 -0.4645 0.4528, 0.1941 -0.426 0.4528, 0.1945 -0.4246 0.4528, 0.1949 -0.4226 0.4528, 0.1869 -0.446 0.4528, 0.203 -0.446 0.4528, 0.1958 -0.426 0.4528, 0.195 -0.4226 0.4528, 0.1954 -0.4247 0.4528
            ]
        }
        coordIndex [
            0,1,2,-1,2,1,3,-1,2,3,4,-1,5,2,6,-1,6,2,4,-1,5,6,7,-1,7,6,8,-1,7,8,9,-1,10,7,11,-1,11,7,9,-1,12,13,14,-1,14,13,10,-1,14,10,11,-1,15,13,16,-1,16,13,12,-1,17,18,19,-1,19,18,15,-1,19,15,16,-1,20,18,21,-1,21,18,17,-1,22,23,24,-1,24,23,20,-1,24,20,21,-1,25,23,26,-1,26,23,22,-1,25,26,27,-1,27,26,28,-1,27,28,29,-1,0,27,1,-1,1,27,29,-1,25,27,0,-1,0,2,25,-1,25,2,5,-1,25,5,23,-1,18,20,15,-1,15,20,23,-1,15,23,13,-1,13,23,5,-1,13,5,10,-1,10,5,7,-1,30,31,32,-1,32,31,33,-1,34,30,35,-1,35,30,32,-1,36,34,37,-1,37,34,35,-1,38,36,39,-1,39,36,37,-1,40,38,41,-1,41,38,39,-1,42,40,43,-1,43,40,41,-1,44,42,45,-1,45,42,43,-1,46,44,47,-1,47,44,45,-1,48,46,49,-1,49,46,47,-1,50,48,51,-1,51,48,49,-1,52,50,53,-1,53,50,51,-1,31,52,33,-1,33,52,53,-1,50,52,31,-1,31,30,50,-1,50,30,34,-1,50,34,48,-1,44,46,42,-1,42,46,48,-1,42,48,40,-1,40,48,34,-1,40,34,38,-1,38,34,36,-1,54,55,56,-1,56,55,57,-1,58,59,54,-1,54,59,60,-1,54,60,55,-1,55,60,61,-1,58,62,59,-1,59,62,63,-1,59,63,64,-1,64,63,65,-1,64,65,66,-1,66,67,64,-1,64,67,56,-1,64,56,68,-1,68,56,57,-1,68,57,69,-1,59,64,70,-1,70,64,71,-1,72,60,73,-1,73,60,59,-1,73,59,70,-1,61,60,74,-1,74,60,72,-1,55,61,75,-1,75,61,74,-1,76,57,77,-1,77,57,55,-1,77,55,75,-1,69,57,78,-1,78,57,76,-1,68,69,79,-1,79,69,78,-1,64,68,71,-1,71,68,79,-1,58,80,81,-1,58,81,62,-1,62,81,82,-1,62,82,63,-1,58,54,80,-1,80,54,83,-1,54,56,83,-1,83,56,84,-1,56,67,84,-1,84,67,85,-1,65,86,87,-1,65,87,66,-1,66,87,85,-1,66,85,67,-1,65,63,86,-1,86,63,82,-1,
        ]
    }
}
Shape{
    appearance Appearance {
        material  Material 	{
            diffuseColor 0.5882352941176471 0.5725490196078431 0.5254901960784314
            specularColor 0.043137254901960784 0.0392156862745098 0.0392156862745098
            ambientIntensity 0.8167
            transparency 0.0
            shininess 0.5
        }
    }
    geometry IndexedFaceSet {
        ccw TRUE
        solid FALSE
        coord DEF co Coordinate {
            point [
                0.195 -0.4226 0.4528, 0.1949 -0.4226 0.4528, 0.1954 -0.4247 0.4528, 0.1945 -0.4246 0.4528, 0.1958 -0.426 0.4528, 0.1941 -0.426 0.4528, 0.203 -0.446 0.4528, 0.1869 -0.446 0.4528
            ]
        }
        coordIndex [
            0,1,2,-1,2,1,3,-1,2,3,4,-1,4,3,5,-1,4,5,6,-1,6,5,7,-1,
        ]
    }
}
Shape{
    appearance Appearance {
        material  Material 	{
            diffuseColor 0.0 0.0 0.0
            specularColor 0.0 0.0 0.0
            ambientIntensity 0.0
            transparency 0.0
            shininess 0.5
        }
    }
    geometry IndexedFaceSet {
        ccw TRUE
        solid FALSE
        coord DEF co Coordinate {
            point [
                0.103 -0.4591 0.4528, 0.103 -0.4591 0.4567, 0.116 -0.4591 0.4528, 0.1226 -0.4591 0.4567, 0.1226 -0.4591 0.4528, 0.103 -0.4429 0.4567, 0.103 -0.4429 0.4528, 0.1202 -0.4429 0.4567, 0.116 -0.4429 0.4528, 0.1202 -0.4429 0.4528, 0.1202 -0.4374 0.4567, 0.1202 -0.4374 0.4528, 0.103 -0.4374 0.4528, 0.103 -0.4374 0.4567, 0.116 -0.4374 0.4528, 0.103 -0.422 0.4567, 0.103 -0.422 0.4528, 0.1215 -0.422 0.4567, 0.116 -0.422 0.4528, 0.1215 -0.422 0.4528, 0.1215 -0.4165 0.4567, 0.1215 -0.4165 0.4528, 0.0968 -0.4165 0.4528, 0.0968 -0.4165 0.4567, 0.116 -0.4165 0.4528, 0.0968 -0.4645 0.4567, 0.0968 -0.4645 0.4528, 0.1226 -0.4645 0.4567, 0.116 -0.4645 0.4528, 0.1226 -0.4645 0.4528, 0.0301 -0.4591 0.4567, 0.0492 -0.4591 0.4567, 0.0301 -0.4591 0.4528, 0.0492 -0.4591 0.4528, 0.0301 -0.4165 0.4567, 0.0301 -0.4165 0.4528, 0.0239 -0.4165 0.4567, 0.0239 -0.4165 0.4528, 0.0239 -0.4645 0.4567, 0.0239 -0.4645 0.4528, 0.0492 -0.4645 0.4567, 0.0492 -0.4645 0.4528
            ]
        }
        coordIndex [
            0,1,2,-1,2,1,3,-1,2,3,4,-1,5,1,6,-1,6,1,0,-1,5,6,7,-1,7,6,8,-1,7,8,9,-1,10,7,11,-1,11,7,9,-1,12,13,14,-1,14,13,10,-1,14,10,11,-1,15,13,16,-1,16,13,12,-1,15,16,17,-1,17,16,18,-1,17,18,19,-1,20,17,21,-1,21,17,19,-1,22,23,24,-1,24,23,20,-1,24,20,21,-1,25,23,26,-1,26,23,22,-1,25,26,27,-1,27,26,28,-1,27,28,29,-1,3,27,4,-1,4,27,29,-1,25,27,3,-1,3,1,25,-1,25,1,5,-1,25,5,23,-1,17,20,15,-1,15,20,23,-1,15,23,13,-1,13,23,5,-1,13,5,10,-1,10,5,7,-1,30,31,32,-1,32,31,33,-1,34,30,35,-1,35,30,32,-1,36,34,37,-1,37,34,35,-1,38,36,39,-1,39,36,37,-1,40,38,41,-1,41,38,39,-1,31,40,33,-1,33,40,41,-1,34,36,30,-1,30,36,38,-1,30,38,31,-1,31,38,40,-1,
        ]
    }
}