#VRML V2.0 utf8
# 3D model generated by easyeda2kicad.py (https://github.com/uPesy/easyeda2kicad.py)

Shape{
    appearance Appearance {
        material  Material 	{
            diffuseColor 0.25098039215686274 0.25098039215686274 0.25098039215686274
            specularColor 0.12549019607843137 0.12549019607843137 0.12549019607843137
            ambientIntensity 0.251
            transparency 0.0
            shininess 0.5
        }
    }
    geometry IndexedFaceSet {
        ccw TRUE
        solid FALSE
        coord DEF co Coordinate {
            point [
                -2.498 -0.2574 0.4344, -2.498 -0.2574 0.5144, -2.498 -0.2498 0.5372, -2.498 -0.85 0.5372, -2.498 -0.85 0.5607, -2.498 -0.2498 0.5607, -2.498 -0.1144 0.4341, -2.498 -0.1108 0.4337, -2.498 -0.1309 0.4337, -2.498 -0.2874 0.5614, -2.498 -0.2792 0.5833, -2.498 -0.2498 0.5833, -2.498 0.1248 0.5791, -2.498 0.1093 0.566, -2.498 0.0553 0.6421, -2.498 0.1883 0.6421, -2.498 0.1752 0.6333, -2.498 0.1564 0.6115, -2.498 0.1445 0.5884, -2.498 0.1417 0.5875, -2.498 0.307 0.6494, -2.498 0.2808 0.6595, -2.498 0.6507 0.7992, -2.498 0.2006 0.6504, -2.498 0.0553 0.7992, -2.498 0.2292 0.6605, -2.498 0.2526 0.6629, -2.498 0.3187 0.6421, -2.498 0.6507 0.6421, -2.498 0.3209 0.6407, -2.498 0.6507 0.5607, -2.498 0.4432 0.5607, -2.498 0.4383 0.5719, -2.498 0.4246 0.5895, -2.498 0.3815 0.6141, -2.498 0.3591 0.6168, -2.498 0.3343 0.6293, -2.498 0.3525 0.6165, -2.498 0.346 0.6157, -2.498 0.4207 0.5931, -2.498 0.4026 0.6059, -2.498 0.4097 0.4474, -2.498 0.4274 0.4626, -2.498 0.6507 0.4337, -2.498 0.3891 0.4374, -2.498 0.4404 0.4811, -2.498 0.4485 0.5023, -2.498 0.6507 0.5372, -2.498 0.4513 0.5246, -2.498 0.4511 0.53, -2.498 0.4499 0.5372, -2.498 0.4473 0.5514, -2.498 0.3819 0.4352, -2.498 0.3811 0.4337, -2.498 0.3761 0.423, -2.498 0.6507 0.402, -2.498 0.3676 0.4125, -2.498 0.3565 0.4041, -2.498 0.3042 0.402, -2.498 0.3139 0.3982, -2.498 0.0553 0.2992, -2.498 0.3278 0.3965, -2.498 0.3299 0.3966, -2.498 0.6507 0.2992, -2.498 0.3433 0.3986, -2.498 0.3513 0.402, -2.498 0.2745 0.4337, -2.498 0.2745 0.4333, -2.498 0.0553 0.402, -2.498 0.2813 0.4207, -2.498 0.2899 0.411, -2.498 0.3012 0.4031, -2.498 0.0907 0.5324, -2.498 0.0881 0.5138, -2.498 0.0553 0.5372, -2.498 0.2017 0.4673, -2.498 0.1978 0.4688, -2.498 0.1911 0.5013, -2.498 0.1092 0.4597, -2.498 0.1246 0.4466, -2.498 0.0553 0.4337, -2.498 0.2851 0.4916, -2.498 0.2088 0.5314, -2.498 0.2951 0.5007, -2.498 0.3071 0.5071, -2.498 0.2052 0.4648, -2.498 0.0978 0.4755, -2.498 0.0907 0.4935, -2.498 0.1934 0.4694, -2.498 0.1929 0.4693, -2.498 0.1912 0.469, -2.498 0.4106 0.5029, -2.498 0.4039 0.4915, -2.498 0.375 0.4856, -2.498 0.3937 0.481, -2.498 0.3813 0.4734, -2.498 0.354 0.5044, -2.498 0.414 0.5372, -2.498 0.3656 0.4963, -2.498 0.4154 0.5257, -2.498 0.4147 0.5168, -2.498 0.3414 0.5093, -2.498 0.3278 0.5109, -2.498 0.3209 0.5105, -2.498 0.2111 0.4517, -2.498 0.2109 0.454, -2.498 0.2708 0.4591, -2.498 0.2098 0.4583, -2.498 0.2076 0.4622, -2.498 0.1978 0.4346, -2.498 0.2015 0.4361, -2.498 0.2052 0.4387, -2.498 0.2065 0.4401, -2.498 0.209 0.4436, -2.498 0.2105 0.4475, -2.498 0.2712 0.4474, -2.498 0.2708 0.4534, -2.498 0.1341 0.4841, -2.498 0.1281 0.4931, -2.498 0.1245 0.5034, -2.498 0.1234 0.5132, -2.498 0.1237 0.5182, -2.498 0.142 0.4381, -2.498 0.161 0.4341, -2.498 0.1946 0.4341, -2.498 0.19 0.4688, -2.498 0.1644 0.4688, -2.498 0.1581 0.4697, -2.498 0.1476 0.4735, -2.498 0.1385 0.4796, -2.498 0.1678 0.5576, -2.498 0.1724 0.5576, -2.498 0.1307 0.5372, -2.498 0.1581 0.5566, -2.498 0.1263 0.5291, -2.498 0.4137 0.5396, -2.498 0.4088 0.5523, -2.498 0.1316 0.539, -2.498 0.1391 0.5471, -2.498 0.1481 0.553, -2.498 0.1847 0.592, -2.498 0.1976 0.6073, -2.498 0.3283 0.5741, -2.498 0.1989 0.6084, -2.498 0.2149 0.6195, -2.498 0.3196 0.5922, -2.498 0.403 0.5607, -2.498 0.3322 0.5763, -2.498 0.173 0.5607, -2.498 0.1759 0.5737, -2.498 0.345 0.581, -2.498 0.3585 0.5827, -2.498 0.3646 0.5824, -2.498 0.3068 0.6074, -2.498 0.2327 0.6264, -2.498 0.2916 0.6185, -2.498 0.2521 0.6288, -2.498 0.2731 0.6261, -2.498 0.3786 0.579, -2.498 0.3913 0.5722, -2.498 0.4009 0.5636, -2.498 0.1055 0.5607, -2.498 0.0553 0.5607, -2.498 0.0977 0.5498, -2.498 0.0927 0.5372, -2.498 -0.2988 0.5614, -2.498 -0.2683 0.6415, -2.498 -0.85 0.6421, -2.498 -0.2498 0.6421, -2.498 -0.2459 0.5833, -2.498 -0.2382 0.5614, -2.498 -0.2245 0.5607, -2.498 -0.2268 0.5614, -2.498 -0.2245 0.6421, -2.498 -0.2498 0.622, -2.498 -0.2573 0.6415, -2.498 -0.1309 0.5975, -2.498 -0.1093 0.5975, -2.498 -0.1309 0.5705, -2.498 -0.1093 0.5705, -2.498 -0.1496 0.6421, -2.498 -0.1309 0.6421, -2.498 -0.1402 0.6415, -2.498 -0.1309 0.6415, -2.498 -0.1379 0.5975, -2.498 -0.142 0.5705, -2.498 -0.1379 0.6066, -2.498 -0.1402 0.6323, -2.498 -0.1309 0.6066, -2.498 -0.1309 0.6323, -2.498 -0.1093 0.6323, -2.498 -0.1093 0.6066, -2.498 -0.0989 0.5614, -2.498 -0.0943 0.5607, -2.498 -0.1309 0.5607, -2.498 -0.1496 0.5607, -2.498 -0.142 0.5614, -2.498 -0.1309 0.5614, -2.498 -0.0989 0.6415, -2.498 -0.0943 0.6421, -2.498 -0.0722 0.6421, -2.498 -0.075 0.6419, -2.498 -0.0829 0.6395, -2.498 -0.0829 0.6287, -2.498 -0.0829 0.5746, -2.498 -0.0829 0.5647, -2.498 -0.0816 0.564, -2.498 -0.073 0.5612, -2.498 -0.0678 0.5607, -2.498 -0.0659 0.5694, -2.498 -0.075 0.5711, -2.498 -0.0338 0.5998, -2.498 -0.0338 0.6005, -2.498 -0.0412 0.6235, -2.498 -0.0375 0.6178, -2.498 -0.0349 0.6107, -2.498 -0.0736 0.6324, -2.498 -0.0641 0.6335, -2.498 -0.0605 0.6333, -2.498 -0.0536 0.6319, -2.498 -0.0351 0.5899, -2.498 -0.0376 0.5834, -2.498 -0.0417 0.5777, -2.498 -0.049 0.5722, -2.498 -0.0548 0.5701, -2.498 -0.0622 0.5693, -2.498 -0.0818 0.6293, -2.498 -0.0473 0.6289, -2.498 -0.0422 0.6246, -2.498 -0.0436 0.5758, -2.498 -0.025 0.6149, -2.498 -0.0266 0.6184, -2.498 -0.0266 0.6421, -2.498 -0.0289 0.6237, -2.498 -0.045 0.6387, -2.498 -0.0536 0.6417, -2.498 -0.0577 0.6421, -2.498 -0.0266 0.7992, -2.498 -0.0639 0.6428, -2.498 -0.0943 0.7992, -2.498 -0.0647 0.6428, -2.498 -0.0345 0.631, -2.498 -0.0371 0.6334, -2.498 -0.0231 0.6045, -2.498 -0.0218 0.6421, -2.498 -0.023 0.5999, -2.498 -0.0218 0.5607, -2.498 -0.0241 0.5888, -2.498 -0.0266 0.5815, -2.498 -0.0266 0.5372, -2.498 -0.0538 0.5607, -2.498 -0.0266 0.5607, -2.498 -0.0475 0.562, -2.498 -0.0399 0.5655, -2.498 -0.0332 0.571, -2.498 -0.0315 0.5729, -2.498 -0.0271 0.58, -2.498 -0.0943 0.5372, -2.498 -0.0608 0.56, -2.498 -0.0562 0.5602, -2.498 -0.2201 0.5878, -2.498 -0.2161 0.5796, -2.498 -0.2103 0.5726, -2.498 -0.1938 0.6421, -2.498 -0.1938 0.6396, -2.498 -0.2024 0.6363, -2.498 -0.1938 0.5635, -2.498 -0.1938 0.5607, -2.498 -0.2017 0.5665, -2.498 -0.2094 0.5719, -2.498 -0.2103 0.6309, -2.498 -0.2136 0.6275, -2.498 -0.2184 0.6204, -2.498 -0.2212 0.6126, -2.498 -0.2223 0.6025, -2.498 -0.2221 0.5972, -2.498 -0.18 0.6415, -2.498 -0.1928 0.64, -2.498 -0.1925 0.563, -2.498 -0.1792 0.5614, -2.498 -0.1571 0.5614, -2.498 -0.1571 0.6415, -2.498 -0.0575 0.4351, -2.498 -0.0537 0.4337, -2.498 -0.0661 0.4344, -2.498 -0.0342 0.4616, -2.498 -0.0357 0.4778, -2.498 -0.0322 0.4588, -2.498 -0.0308 0.4552, -2.498 -0.0611 0.4374, -2.498 -0.0423 0.4337, -2.498 -0.0384 0.4352, -2.498 -0.0266 0.4337, -2.498 -0.0318 0.4417, -2.498 -0.0306 0.4451, -2.498 -0.0357 0.4875, -2.498 -0.0382 0.489, -2.498 -0.0656 0.4911, -2.498 -0.0913 0.4829, -2.498 -0.0932 0.4856, -2.498 -0.0373 0.4643, -2.498 -0.0416 0.4665, -2.498 -0.0422 0.4819, -2.498 -0.0491 0.4683, -2.498 -0.0579 0.4844, -2.498 -0.0545 0.4847, -2.498 -0.0484 0.4841, -2.498 -0.035 0.4375, -2.498 -0.0339 0.4387, -2.498 -0.0661 0.4432, -2.498 -0.0658 0.4432, -2.498 -0.0642 0.4408, -2.498 -0.069 0.4892, -2.498 -0.0717 0.4866, -2.498 -0.0901 0.4797, -2.498 -0.0737 0.4834, -2.498 -0.0753 0.4788, -2.498 -0.0457 0.4918, -2.498 -0.0554 0.4929, -2.498 -0.0614 0.4923, -2.498 -0.0301 0.4497, -2.498 -0.0302 0.4509, -2.498 -0.0942 0.4654, -2.498 -0.0897 0.4467, -2.498 -0.0943 0.4653, -2.498 -0.0936 0.4443, -2.498 -0.0943 0.444, -2.498 -0.0926 0.4671, -2.498 -0.0913 0.4692, -2.498 -0.0761 0.4712, -2.498 -0.0902 0.4722, -2.498 -0.0897 0.4761, -2.498 -0.0661 0.4707, -2.498 -0.0657 0.4752, -2.498 -0.0647 0.4787, -2.498 -0.0635 0.4808, -2.498 -0.062 0.4824, -2.498 -0.0602 0.4836, -2.498 -0.0534 0.4336, -2.498 -0.0943 0.402, -2.498 -0.0266 0.402, -2.498 -0.0483 0.433, -2.498 -0.0425 0.4337, -2.498 -0.0897 0.4364, -2.498 -0.0761 0.4344, -2.498 -0.0943 0.4348, -2.498 -0.0943 0.4337, -2.498 -0.0969 0.4339, -2.498 -0.0986 0.4337, -2.498 -0.1052 0.433, -2.498 -0.1309 0.402, -2.498 -0.1256 0.4903, -2.498 -0.1256 0.4806, -2.498 -0.0962 0.4883, -2.498 -0.0991 0.4901, -2.498 -0.0943 0.4867, -2.498 -0.1278 0.4459, -2.498 -0.1266 0.4427, -2.498 -0.1247 0.4401, -2.498 -0.1046 0.4921, -2.498 -0.112 0.4929, -2.498 -0.1309 0.5372, -2.498 -0.1175 0.4925, -2.498 -0.1249 0.4594, -2.498 -0.1268 0.4566, -2.498 -0.1279 0.4537, -2.498 -0.1283 0.4499, -2.498 -0.1219 0.4376, -2.498 -0.1196 0.4362, -2.498 -0.111 0.4847, -2.498 -0.1081 0.4845, -2.498 -0.1001 0.477, -2.498 -0.1054 0.4838, -2.498 -0.1031 0.4826, -2.498 -0.1002 0.4757, -2.498 -0.1006 0.4741, -2.498 -0.1013 0.4728, -2.498 -0.1023 0.4717, -2.498 -0.1058 0.4695, -2.498 -0.1176 0.484, -2.498 -0.112 0.4668, -2.498 -0.1233 0.4819, -2.498 -0.1159 0.4652, -2.498 -0.1226 0.4615, -2.498 -0.1016 0.4813, -2.498 -0.1008 0.48, -2.498 -0.1003 0.4786, -2.498 -0.0999 0.4419, -2.498 -0.1049 0.4595, -2.498 -0.0989 0.4622, -2.498 -0.1062 0.4412, -2.498 -0.1066 0.4412, -2.498 -0.1115 0.4567, -2.498 -0.1118 0.4418, -2.498 -0.118 0.4489, -2.498 -0.1179 0.4502, -2.498 -0.1143 0.4427, -2.498 -0.1153 0.4433, -2.498 -0.1164 0.4443, -2.498 -0.1173 0.4456, -2.498 -0.1178 0.447, -2.498 -0.1174 0.4518, -2.498 -0.1167 0.4531, -2.498 -0.1154 0.4544, -2.498 -0.178 0.4916, -2.498 -0.1884 0.4916, -2.498 -0.1938 0.5372, -2.498 -0.1597 0.4486, -2.498 -0.1609 0.4439, -2.498 -0.1612 0.4439, -2.498 -0.1496 0.5372, -2.498 -0.1496 0.4776, -2.498 -0.1624 0.4485, -2.498 -0.1616 0.4458, -2.498 -0.1496 0.4507, -2.498 -0.1335 0.4916, -2.498 -0.1447 0.4916, -2.498 -0.1556 0.4337, -2.498 -0.156 0.4345, -2.498 -0.1496 0.4205, -2.498 -0.1496 0.4205, -2.498 -0.1496 0.4337, -2.498 -0.1516 0.4241, -2.498 -0.1356 0.4172, -2.498 -0.1356 0.4083, -2.498 -0.1376 0.4165, -2.498 -0.1413 0.416, -2.498 -0.1437 0.4163, -2.498 -0.1496 0.4092, -2.498 -0.1461 0.4079, -2.498 -0.1496 0.402, -2.498 -0.1421 0.4074, -2.498 -0.1398 0.4075, -2.498 -0.1459 0.4171, -2.498 -0.1477 0.4184, -2.498 -0.1625 0.4257, -2.498 -0.1579 0.4169, -2.498 -0.1938 0.402, -2.498 -0.1656 0.4337, -2.498 -0.1542 0.4125, -2.498 -0.1536 0.4119, -2.498 -0.1501 0.4094, -2.498 -0.2245 0.4704, -2.498 -0.2096 0.4704, -2.498 -0.2245 0.4435, -2.498 -0.2096 0.4435, -2.498 -0.2423 0.4435, -2.498 -0.2423 0.4344, -2.498 -0.2498 0.4337, -2.498 -0.2245 0.4337, -2.498 -0.2405 0.5144, -2.498 -0.2405 0.5052, -2.498 -0.2382 0.4704, -2.498 -0.2382 0.4796, -2.498 -0.2245 0.5052, -2.498 -0.2245 0.4796, -2.498 -0.2096 0.5052, -2.498 -0.2096 0.4796, -2.498 -0.2245 0.4344, -2.498 -0.1992 0.4344, -2.498 -0.1938 0.4337, -2.498 -0.1992 0.5144, -2.498 -0.2245 0.5144, -2.498 -0.2245 0.5372, -2.498 -0.1309 0.7992, -2.498 -0.1496 0.7992, -2.498 -0.1938 0.7992, -2.498 -0.2245 0.7992, -2.498 -0.2498 0.7992, -2.498 -0.85 0.7992, -2.498 -0.0218 0.7992, -2.498 0.0122 0.6415, -2.498 0.0225 0.6415, -2.498 0.0225 0.5614, -2.498 -0.0197 0.5614, -2.498 -0.0197 0.5705, -2.498 0.0122 0.5705, -2.498 -0.0218 0.5372, -2.498 -0.2794 0.4344, -2.498 -0.3575 0.5144, -2.498 -0.3686 0.5144, -2.498 -0.3877 0.4344, -2.498 -0.3991 0.4344, -2.498 -0.85 0.4337, -2.498 -0.327 0.4344, -2.498 -0.3164 0.4526, -2.498 -0.3105 0.4456, -2.498 -0.2928 0.436, -2.498 -0.3385 0.4344, -2.498 -0.3462 0.4563, -2.498 -0.3795 0.4563, -2.498 -0.3105 0.5038, -2.498 -0.3139 0.5005, -2.498 -0.3187 0.4934, -2.498 -0.3215 0.4856, -2.498 -0.3097 0.4448, -2.498 -0.302 0.4395, -2.498 -0.2803 0.5144, -2.498 -0.2931 0.5129, -2.498 -0.3027 0.5093, -2.498 -0.3226 0.4754, -2.498 -0.3223 0.4702, -2.498 -0.3204 0.4608, -2.498 -0.0218 0.4337, -2.498 -0.0187 0.5144, -2.498 -0.0187 0.5052, -2.498 -0.0205 0.4435, -2.498 -0.0205 0.4344, -2.498 0.0225 0.4344, -2.498 0.0225 0.5144, -2.498 0.0122 0.4704, -2.498 0.0122 0.4435, -2.498 -0.0164 0.4704, -2.498 -0.0164 0.4796, -2.498 0.0122 0.4796, -2.498 0.0122 0.5052, -2.498 -0.2245 0.402, -2.498 -0.2498 0.402, -2.498 -0.85 0.402, -2.498 -0.0218 0.402, -2.498 -0.0218 0.2992, -2.498 -0.0266 0.2992, -2.498 -0.0943 0.2992, -2.498 -0.1309 0.2992, -2.498 -0.1496 0.2992, -2.498 -0.1938 0.2992, -2.498 -0.2245 0.2992, -2.498 -0.2498 0.2992, -2.498 -0.85 0.2992, -2.498 0.85 0.7992, -2.498 0.85 0.6421, -2.498 0.85 0.5607, -2.498 0.85 0.5372, -2.498 0.85 0.4337, -2.498 0.85 0.402, -2.498 0.85 0.2992, 2.502 -0.85 0.2992, 2.502 0.85 0.2992, 2.502 -0.85 0.7992, 2.502 0.85 0.7992
            ]
        }
        coordIndex [
            0,1,2,-1,3,4,5,-1,6,7,8,-1,9,10,11,-1,12,13,14,-1,15,16,14,-1,14,16,17,-1,17,18,14,-1,14,18,19,-1,14,19,12,-1,20,21,22,-1,15,14,23,-1,23,14,24,-1,23,24,25,-1,22,21,24,-1,24,21,26,-1,24,26,25,-1,20,22,27,-1,27,22,28,-1,27,28,29,-1,30,31,28,-1,28,31,32,-1,28,32,33,-1,28,34,29,-1,29,34,35,-1,29,35,36,-1,36,35,37,-1,36,37,38,-1,33,39,28,-1,28,39,40,-1,28,40,34,-1,41,42,43,-1,41,43,44,-1,42,45,43,-1,43,45,46,-1,43,46,47,-1,47,46,48,-1,48,49,47,-1,47,49,50,-1,47,50,30,-1,30,50,51,-1,30,51,31,-1,52,44,53,-1,53,44,43,-1,53,43,54,-1,54,43,55,-1,54,55,56,-1,56,55,57,-1,58,59,60,-1,59,61,60,-1,60,61,62,-1,60,62,63,-1,63,62,64,-1,63,64,55,-1,55,64,65,-1,55,65,57,-1,66,67,68,-1,68,67,69,-1,69,70,68,-1,68,70,71,-1,68,71,58,-1,72,73,74,-1,75,76,77,-1,78,79,80,-1,81,82,83,-1,83,82,84,-1,75,77,85,-1,78,80,86,-1,74,73,80,-1,80,73,87,-1,80,87,86,-1,76,88,77,-1,77,88,89,-1,77,89,90,-1,91,92,93,-1,93,92,94,-1,93,94,95,-1,96,97,98,-1,98,97,99,-1,98,99,93,-1,93,99,100,-1,93,100,91,-1,96,101,97,-1,97,101,102,-1,97,102,82,-1,82,102,103,-1,82,103,84,-1,104,105,106,-1,106,105,107,-1,106,107,77,-1,77,107,108,-1,77,108,85,-1,109,110,66,-1,66,110,111,-1,66,111,112,-1,112,113,66,-1,66,113,114,-1,66,114,115,-1,115,114,104,-1,115,104,116,-1,116,104,106,-1,117,118,77,-1,77,118,119,-1,77,119,82,-1,82,119,120,-1,82,120,121,-1,79,122,80,-1,80,122,123,-1,80,123,66,-1,66,123,124,-1,66,124,109,-1,90,125,77,-1,77,125,126,-1,77,126,127,-1,127,128,77,-1,77,128,129,-1,77,129,117,-1,130,131,132,-1,130,132,133,-1,121,134,82,-1,82,134,132,-1,82,132,97,-1,97,132,131,-1,97,131,135,-1,135,131,136,-1,137,138,132,-1,132,138,139,-1,132,139,133,-1,140,141,142,-1,141,143,142,-1,142,143,144,-1,142,144,145,-1,146,142,147,-1,136,131,146,-1,146,131,148,-1,146,148,142,-1,142,148,149,-1,142,149,140,-1,147,150,146,-1,146,150,151,-1,146,151,152,-1,145,144,153,-1,153,144,154,-1,153,154,155,-1,155,154,156,-1,155,156,157,-1,158,159,152,-1,152,159,160,-1,152,160,146,-1,13,161,162,-1,162,161,163,-1,162,163,74,-1,74,163,164,-1,74,164,72,-1,9,5,165,-1,165,5,4,-1,165,4,166,-1,166,4,167,-1,166,167,168,-1,9,11,5,-1,5,11,169,-1,5,169,170,-1,171,172,173,-1,173,172,174,-1,173,174,168,-1,168,174,175,-1,168,175,166,-1,176,177,178,-1,178,177,179,-1,180,181,182,-1,182,181,183,-1,176,178,184,-1,184,178,185,-1,184,185,186,-1,186,185,187,-1,186,187,188,-1,187,189,188,-1,188,189,190,-1,188,190,191,-1,192,193,194,-1,182,187,180,-1,180,187,185,-1,180,185,195,-1,195,185,196,-1,195,196,194,-1,194,196,197,-1,194,197,192,-1,183,181,198,-1,198,181,199,-1,198,199,192,-1,200,201,199,-1,199,201,202,-1,199,202,203,-1,204,205,193,-1,205,206,193,-1,193,206,207,-1,193,207,208,-1,209,210,211,-1,211,210,204,-1,211,204,212,-1,213,214,204,-1,204,214,215,-1,204,215,212,-1,216,217,204,-1,204,217,218,-1,204,218,219,-1,220,221,222,-1,223,224,211,-1,211,224,225,-1,211,225,209,-1,192,199,193,-1,193,199,203,-1,193,203,204,-1,204,203,226,-1,204,226,216,-1,219,227,204,-1,204,227,228,-1,204,228,213,-1,220,222,211,-1,211,222,229,-1,211,229,223,-1,230,231,232,-1,232,231,233,-1,234,235,232,-1,232,235,236,-1,232,236,237,-1,237,236,238,-1,237,238,239,-1,239,238,240,-1,239,240,200,-1,233,241,232,-1,232,241,242,-1,232,242,234,-1,243,244,245,-1,245,244,246,-1,245,246,247,-1,247,246,248,-1,249,250,251,-1,251,250,252,-1,251,252,253,-1,253,254,251,-1,251,254,255,-1,251,255,256,-1,257,258,249,-1,249,258,259,-1,249,259,250,-1,260,261,171,-1,171,261,262,-1,263,264,173,-1,173,264,265,-1,266,267,268,-1,268,267,171,-1,268,171,269,-1,269,171,262,-1,265,270,173,-1,173,270,271,-1,173,271,272,-1,272,273,173,-1,173,273,274,-1,173,274,171,-1,171,274,275,-1,171,275,260,-1,180,276,263,-1,263,276,277,-1,263,277,264,-1,266,278,267,-1,267,278,279,-1,267,279,195,-1,195,279,280,-1,195,280,180,-1,180,280,281,-1,180,281,276,-1,282,283,284,-1,285,286,287,-1,287,286,288,-1,282,284,289,-1,290,291,292,-1,292,293,294,-1,249,295,296,-1,297,298,299,-1,285,300,286,-1,286,300,301,-1,286,301,302,-1,302,301,303,-1,304,305,303,-1,303,305,306,-1,303,306,302,-1,291,307,292,-1,292,307,308,-1,292,308,293,-1,309,310,284,-1,284,310,311,-1,284,311,289,-1,297,312,298,-1,298,312,313,-1,298,313,314,-1,314,313,315,-1,314,315,316,-1,296,317,249,-1,249,317,318,-1,249,318,319,-1,294,320,292,-1,292,320,321,-1,292,321,249,-1,249,321,288,-1,249,288,295,-1,295,288,286,-1,322,323,324,-1,324,323,325,-1,324,325,326,-1,327,328,329,-1,329,328,330,-1,329,330,316,-1,316,330,331,-1,316,331,314,-1,332,333,303,-1,303,333,334,-1,303,334,335,-1,335,336,303,-1,303,336,337,-1,303,337,304,-1,283,338,339,-1,339,338,340,-1,340,338,341,-1,340,341,342,-1,322,327,323,-1,323,327,329,-1,323,329,343,-1,343,329,344,-1,343,344,345,-1,345,344,346,-1,345,346,347,-1,347,346,348,-1,349,348,339,-1,339,348,346,-1,339,346,283,-1,283,346,344,-1,283,344,284,-1,349,339,7,-1,7,339,350,-1,7,350,8,-1,351,352,8,-1,353,354,257,-1,319,297,249,-1,249,297,299,-1,249,299,257,-1,257,299,355,-1,257,355,353,-1,356,357,8,-1,8,357,358,-1,354,359,257,-1,257,359,360,-1,257,360,361,-1,361,360,362,-1,361,362,351,-1,363,364,352,-1,352,364,365,-1,352,365,8,-1,8,365,366,-1,8,366,356,-1,358,367,8,-1,8,367,368,-1,8,368,6,-1,369,370,371,-1,371,370,372,-1,371,372,373,-1,371,374,369,-1,369,374,375,-1,369,375,376,-1,376,377,369,-1,369,377,378,-1,369,378,379,-1,379,378,380,-1,379,380,381,-1,381,380,382,-1,381,382,352,-1,352,382,383,-1,352,383,363,-1,384,385,373,-1,373,385,386,-1,373,386,371,-1,387,388,326,-1,326,388,389,-1,326,389,324,-1,387,390,388,-1,388,390,391,-1,388,391,392,-1,392,391,393,-1,392,394,395,-1,393,396,392,-1,392,396,397,-1,392,397,398,-1,398,399,392,-1,392,399,400,-1,392,400,394,-1,395,401,392,-1,392,401,402,-1,392,402,403,-1,404,405,406,-1,407,408,409,-1,406,410,404,-1,404,410,411,-1,404,411,412,-1,412,411,407,-1,412,407,413,-1,413,407,409,-1,414,415,8,-1,351,8,361,-1,361,8,415,-1,361,415,410,-1,410,415,416,-1,410,416,411,-1,417,418,414,-1,419,420,421,-1,421,420,422,-1,421,422,417,-1,417,414,421,-1,421,414,8,-1,421,8,423,-1,423,8,350,-1,423,350,424,-1,423,425,421,-1,421,425,426,-1,421,426,427,-1,428,429,430,-1,430,429,431,-1,430,431,350,-1,350,431,432,-1,350,432,424,-1,427,433,421,-1,421,433,434,-1,421,434,419,-1,435,436,437,-1,435,437,438,-1,436,439,437,-1,437,439,440,-1,437,440,430,-1,430,440,441,-1,430,441,428,-1,442,443,444,-1,444,443,445,-1,446,447,448,-1,448,447,449,-1,2,450,451,-1,442,444,452,-1,452,444,446,-1,452,446,453,-1,451,454,455,-1,455,454,456,-1,455,456,457,-1,447,458,449,-1,449,458,459,-1,449,459,460,-1,460,459,461,-1,450,2,462,-1,462,2,463,-1,462,463,461,-1,461,463,406,-1,461,406,460,-1,460,406,405,-1,460,405,438,-1,200,199,239,-1,239,199,181,-1,239,181,464,-1,464,181,180,-1,464,180,465,-1,465,180,263,-1,465,263,466,-1,466,263,173,-1,466,173,467,-1,467,173,168,-1,467,168,468,-1,468,168,167,-1,468,167,469,-1,237,470,232,-1,232,470,244,-1,232,244,230,-1,230,244,243,-1,470,24,244,-1,244,24,14,-1,244,14,471,-1,471,14,472,-1,13,162,14,-1,14,162,473,-1,14,473,472,-1,474,246,475,-1,475,246,244,-1,475,244,476,-1,476,244,471,-1,2,171,463,-1,463,171,267,-1,463,267,406,-1,406,267,195,-1,406,195,410,-1,410,195,194,-1,410,194,361,-1,361,194,193,-1,361,193,257,-1,257,193,208,-1,257,208,258,-1,474,473,246,-1,246,473,162,-1,246,162,477,-1,477,162,74,-1,478,0,448,-1,448,0,2,-1,448,2,446,-1,446,2,451,-1,446,451,453,-1,453,451,455,-1,2,479,480,-1,481,448,482,-1,482,448,483,-1,482,483,480,-1,480,483,3,-1,480,3,2,-1,2,3,5,-1,2,5,171,-1,171,5,170,-1,171,170,172,-1,484,485,486,-1,487,478,484,-1,484,478,448,-1,484,448,488,-1,488,448,481,-1,488,481,489,-1,489,481,490,-1,491,492,479,-1,479,492,493,-1,479,493,494,-1,486,495,484,-1,484,495,496,-1,484,496,487,-1,1,497,2,-1,2,497,498,-1,2,498,479,-1,479,498,499,-1,479,499,491,-1,494,500,479,-1,479,500,501,-1,479,501,484,-1,484,501,502,-1,484,502,485,-1,256,248,251,-1,251,248,246,-1,251,246,249,-1,249,246,477,-1,249,477,292,-1,292,477,503,-1,504,505,477,-1,477,505,506,-1,477,506,503,-1,503,506,507,-1,503,507,508,-1,504,477,509,-1,509,477,74,-1,509,74,508,-1,508,74,80,-1,508,80,503,-1,510,511,512,-1,512,511,506,-1,512,506,513,-1,513,506,505,-1,513,505,514,-1,514,505,515,-1,438,437,460,-1,460,437,516,-1,460,516,449,-1,449,516,517,-1,449,517,448,-1,448,517,518,-1,448,518,483,-1,66,68,80,-1,80,68,519,-1,80,519,503,-1,503,519,340,-1,503,340,292,-1,292,340,342,-1,292,342,290,-1,58,60,68,-1,68,60,520,-1,68,520,519,-1,519,520,521,-1,519,521,340,-1,340,521,522,-1,340,522,339,-1,339,522,523,-1,339,523,350,-1,350,523,524,-1,350,524,430,-1,430,524,525,-1,430,525,437,-1,437,525,526,-1,437,526,516,-1,516,526,527,-1,516,527,517,-1,517,527,528,-1,517,528,518,-1,22,529,28,-1,28,529,530,-1,28,530,30,-1,30,530,531,-1,30,531,47,-1,47,531,532,-1,47,532,43,-1,43,532,533,-1,43,533,55,-1,55,533,534,-1,55,534,63,-1,63,534,535,-1,536,537,538,-1,538,537,539,-1,
        ]
    }
}
Shape{
    appearance Appearance {
        material  Material 	{
            diffuseColor 0.7529411764705882 0.7529411764705882 0.7529411764705882
            specularColor 0.3764705882352941 0.3764705882352941 0.3764705882352941
            ambientIntensity 0.7529
            transparency 0.0
            shininess 0.5
        }
    }
    geometry IndexedFaceSet {
        ccw TRUE
        solid FALSE
        coord DEF co Coordinate {
            point [
                2.0577 0.4443 -1.9685, 2.127 0.375 -1.8485, 1.9462 0.4443 -1.9685, 1.877 0.375 -1.8485, 2.127 0.625 -1.8485, 2.0577 0.5557 -1.9685, 1.9462 0.5557 -1.9685, 1.877 0.625 -1.8485, 1.9462 -0.5557 -1.9685, 1.877 -0.625 -1.8485, 1.9462 -0.4443 -1.9685, 1.877 -0.375 -1.8485, 2.127 -0.625 -1.8485, 2.0577 -0.5557 -1.9685, 2.0577 -0.4443 -1.9685, 2.127 -0.375 -1.8485, 2.127 0.375 3.1792, 2.0577 0.4443 3.2992, 1.877 0.375 3.1792, 1.9462 0.4443 3.2992, 2.0577 0.5557 3.2992, 2.127 0.625 3.1792, 1.877 0.625 3.1792, 1.9462 0.5557 3.2992, 2.127 -0.375 3.1792, 2.0577 -0.4443 3.2992, 2.127 -0.625 3.1792, 2.0577 -0.5557 3.2992, 1.9462 -0.4443 3.2992, 1.877 -0.375 3.1792, 1.877 -0.625 3.1792, 1.9462 -0.5557 3.2992, 1.0577 0.4443 -1.9685, 1.127 0.375 -1.8485, 0.9463 0.4443 -1.9685, 0.877 0.375 -1.8485, 1.127 0.625 -1.8485, 1.0577 0.5557 -1.9685, 0.9463 0.5557 -1.9685, 0.877 0.625 -1.8485, 0.9463 -0.5557 -1.9685, 0.877 -0.625 -1.8485, 0.9463 -0.4443 -1.9685, 0.877 -0.375 -1.8485, 1.127 -0.625 -1.8485, 1.0577 -0.5557 -1.9685, 1.0577 -0.4443 -1.9685, 1.127 -0.375 -1.8485, 1.127 0.375 3.1792, 1.0577 0.4443 3.2992, 0.877 0.375 3.1792, 0.9463 0.4443 3.2992, 1.0577 0.5557 3.2992, 1.127 0.625 3.1792, 0.877 0.625 3.1792, 0.9463 0.5557 3.2992, 1.127 -0.375 3.1792, 1.0577 -0.4443 3.2992, 1.127 -0.625 3.1792, 1.0577 -0.5557 3.2992, 0.9463 -0.4443 3.2992, 0.877 -0.375 3.1792, 0.877 -0.625 3.1792, 0.9463 -0.5557 3.2992, 0.0577 0.4443 -1.9685, 0.127 0.375 -1.8485, -0.0537 0.4443 -1.9685, -0.123 0.375 -1.8485, 0.127 0.625 -1.8485, 0.0577 0.5557 -1.9685, -0.0537 0.5557 -1.9685, -0.123 0.625 -1.8485, -0.0537 -0.5557 -1.9685, -0.123 -0.625 -1.8485, -0.0537 -0.4443 -1.9685, -0.123 -0.375 -1.8485, 0.127 -0.625 -1.8485, 0.0577 -0.5557 -1.9685, 0.0577 -0.4443 -1.9685, 0.127 -0.375 -1.8485, 0.127 0.375 3.1792, 0.0577 0.4443 3.2992, -0.123 0.375 3.1792, -0.0537 0.4443 3.2992, 0.0577 0.5557 3.2992, 0.127 0.625 3.1792, -0.123 0.625 3.1792, -0.0537 0.5557 3.2992, 0.127 -0.375 3.1792, 0.0577 -0.4443 3.2992, 0.127 -0.625 3.1792, 0.0577 -0.5557 3.2992, -0.0537 -0.4443 3.2992, -0.123 -0.375 3.1792, -0.123 -0.625 3.1792, -0.0537 -0.5557 3.2992, -0.9423 0.4443 -1.9685, -0.873 0.375 -1.8485, -1.0537 0.4443 -1.9685, -1.123 0.375 -1.8485, -0.873 0.625 -1.8485, -0.9423 0.5557 -1.9685, -1.0537 0.5557 -1.9685, -1.123 0.625 -1.8485, -1.0537 -0.5557 -1.9685, -1.123 -0.625 -1.8485, -1.0537 -0.4443 -1.9685, -1.123 -0.375 -1.8485, -0.873 -0.625 -1.8485, -0.9423 -0.5557 -1.9685, -0.9423 -0.4443 -1.9685, -0.873 -0.375 -1.8485, -0.873 0.375 3.1792, -0.9423 0.4443 3.2992, -1.123 0.375 3.1792, -1.0537 0.4443 3.2992, -0.9423 0.5557 3.2992, -0.873 0.625 3.1792, -1.123 0.625 3.1792, -1.0537 0.5557 3.2992, -0.873 -0.375 3.1792, -0.9423 -0.4443 3.2992, -0.873 -0.625 3.1792, -0.9423 -0.5557 3.2992, -1.0537 -0.4443 3.2992, -1.123 -0.375 3.1792, -1.123 -0.625 3.1792, -1.0537 -0.5557 3.2992, 1.877 0.625 0.0992, 2.127 0.625 0.0992, 1.877 0.375 0.0992, 2.127 0.375 0.0992, 2.127 0.375 0.9992, 2.127 0.625 0.9992, 1.877 0.375 0.9992, 1.877 0.625 0.9992, 1.877 -0.625 0.0992, 1.877 -0.375 0.0992, 2.127 -0.625 0.0992, 2.127 -0.375 0.0992, 2.127 -0.375 0.9992, 1.877 -0.375 0.9992, 2.127 -0.625 0.9992, 1.877 -0.625 0.9992, 0.877 0.625 0.0992, 1.127 0.625 0.0992, 0.877 0.375 0.0992, 1.127 0.375 0.0992, 1.127 0.375 0.9992, 1.127 0.625 0.9992, 0.877 0.375 0.9992, 0.877 0.625 0.9992, 0.877 -0.625 0.0992, 0.877 -0.375 0.0992, 1.127 -0.625 0.0992, 1.127 -0.375 0.0992, 1.127 -0.375 0.9992, 0.877 -0.375 0.9992, 1.127 -0.625 0.9992, 0.877 -0.625 0.9992, -0.123 0.625 0.0992, 0.127 0.625 0.0992, -0.123 0.375 0.0992, 0.127 0.375 0.0992, 0.127 0.375 0.9992, 0.127 0.625 0.9992, -0.123 0.375 0.9992, -0.123 0.625 0.9992, -0.123 -0.625 0.0992, -0.123 -0.375 0.0992, 0.127 -0.625 0.0992, 0.127 -0.375 0.0992, 0.127 -0.375 0.9992, -0.123 -0.375 0.9992, 0.127 -0.625 0.9992, -0.123 -0.625 0.9992, -1.123 0.625 0.0992, -0.873 0.625 0.0992, -1.123 0.375 0.0992, -0.873 0.375 0.0992, -0.873 0.375 0.9992, -0.873 0.625 0.9992, -1.123 0.375 0.9992, -1.123 0.625 0.9992, -1.123 -0.625 0.0992, -1.123 -0.375 0.0992, -0.873 -0.625 0.0992, -0.873 -0.375 0.0992, -0.873 -0.375 0.9992, -1.123 -0.375 0.9992, -0.873 -0.625 0.9992, -1.123 -0.625 0.9992, -1.9423 0.4443 -1.9685, -1.873 0.375 -1.8485, -2.0537 0.4443 -1.9685, -2.123 0.375 -1.8485, -1.873 0.625 -1.8485, -1.9423 0.5557 -1.9685, -2.0537 0.5557 -1.9685, -2.123 0.625 -1.8485, -2.0537 -0.5557 -1.9685, -2.123 -0.625 -1.8485, -2.0537 -0.4443 -1.9685, -2.123 -0.375 -1.8485, -1.873 -0.625 -1.8485, -1.9423 -0.5557 -1.9685, -1.9423 -0.4443 -1.9685, -1.873 -0.375 -1.8485, -1.873 0.375 3.1792, -1.9423 0.4443 3.2992, -2.123 0.375 3.1792, -2.0537 0.4443 3.2992, -1.9423 0.5557 3.2992, -1.873 0.625 3.1792, -2.123 0.625 3.1792, -2.0537 0.5557 3.2992, -1.873 -0.375 3.1792, -1.9423 -0.4443 3.2992, -1.873 -0.625 3.1792, -1.9423 -0.5557 3.2992, -2.0537 -0.4443 3.2992, -2.123 -0.375 3.1792, -2.123 -0.625 3.1792, -2.0537 -0.5557 3.2992, -2.123 0.625 0.0992, -1.873 0.625 0.0992, -2.123 0.375 0.0992, -1.873 0.375 0.0992, -1.873 0.375 0.9992, -1.873 0.625 0.9992, -2.123 0.375 0.9992, -2.123 0.625 0.9992, -2.123 -0.625 0.0992, -2.123 -0.375 0.0992, -1.873 -0.625 0.0992, -1.873 -0.375 0.0992, -1.873 -0.375 0.9992, -2.123 -0.375 0.9992, -1.873 -0.625 0.9992, -2.123 -0.625 0.9992
            ]
        }
        coordIndex [
            0,1,2,-1,2,1,3,-1,1,0,4,-1,4,0,5,-1,2,3,6,-1,6,3,7,-1,6,7,5,-1,5,7,4,-1,8,9,10,-1,10,9,11,-1,9,8,12,-1,12,8,13,-1,10,11,14,-1,14,11,15,-1,14,15,13,-1,13,15,12,-1,16,17,18,-1,18,17,19,-1,17,16,20,-1,20,16,21,-1,18,19,22,-1,22,19,23,-1,22,23,21,-1,21,23,20,-1,24,25,26,-1,26,25,27,-1,25,24,28,-1,28,24,29,-1,26,27,30,-1,30,27,31,-1,30,31,29,-1,29,31,28,-1,32,33,34,-1,34,33,35,-1,33,32,36,-1,36,32,37,-1,34,35,38,-1,38,35,39,-1,38,39,37,-1,37,39,36,-1,40,41,42,-1,42,41,43,-1,41,40,44,-1,44,40,45,-1,42,43,46,-1,46,43,47,-1,46,47,45,-1,45,47,44,-1,48,49,50,-1,50,49,51,-1,49,48,52,-1,52,48,53,-1,50,51,54,-1,54,51,55,-1,54,55,53,-1,53,55,52,-1,56,57,58,-1,58,57,59,-1,57,56,60,-1,60,56,61,-1,58,59,62,-1,62,59,63,-1,62,63,61,-1,61,63,60,-1,64,65,66,-1,66,65,67,-1,65,64,68,-1,68,64,69,-1,66,67,70,-1,70,67,71,-1,70,71,69,-1,69,71,68,-1,72,73,74,-1,74,73,75,-1,73,72,76,-1,76,72,77,-1,74,75,78,-1,78,75,79,-1,78,79,77,-1,77,79,76,-1,80,81,82,-1,82,81,83,-1,81,80,84,-1,84,80,85,-1,82,83,86,-1,86,83,87,-1,86,87,85,-1,85,87,84,-1,88,89,90,-1,90,89,91,-1,89,88,92,-1,92,88,93,-1,90,91,94,-1,94,91,95,-1,94,95,93,-1,93,95,92,-1,96,97,98,-1,98,97,99,-1,97,96,100,-1,100,96,101,-1,98,99,102,-1,102,99,103,-1,102,103,101,-1,101,103,100,-1,104,105,106,-1,106,105,107,-1,105,104,108,-1,108,104,109,-1,106,107,110,-1,110,107,111,-1,110,111,109,-1,109,111,108,-1,112,113,114,-1,114,113,115,-1,113,112,116,-1,116,112,117,-1,114,115,118,-1,118,115,119,-1,118,119,117,-1,117,119,116,-1,120,121,122,-1,122,121,123,-1,121,120,124,-1,124,120,125,-1,122,123,126,-1,126,123,127,-1,126,127,125,-1,125,127,124,-1,2,6,0,-1,0,6,5,-1,7,128,4,-1,4,128,129,-1,3,130,7,-1,7,130,128,-1,1,131,3,-1,3,131,130,-1,4,129,1,-1,1,129,131,-1,16,132,21,-1,21,132,133,-1,18,134,16,-1,16,134,132,-1,22,135,18,-1,18,135,134,-1,21,133,22,-1,22,133,135,-1,17,20,19,-1,19,20,23,-1,10,14,8,-1,8,14,13,-1,9,136,11,-1,11,136,137,-1,12,138,9,-1,9,138,136,-1,15,139,12,-1,12,139,138,-1,11,137,15,-1,15,137,139,-1,24,140,29,-1,29,140,141,-1,26,142,24,-1,24,142,140,-1,30,143,26,-1,26,143,142,-1,29,141,30,-1,30,141,143,-1,25,28,27,-1,27,28,31,-1,34,38,32,-1,32,38,37,-1,39,144,36,-1,36,144,145,-1,35,146,39,-1,39,146,144,-1,33,147,35,-1,35,147,146,-1,36,145,33,-1,33,145,147,-1,48,148,53,-1,53,148,149,-1,50,150,48,-1,48,150,148,-1,54,151,50,-1,50,151,150,-1,53,149,54,-1,54,149,151,-1,49,52,51,-1,51,52,55,-1,42,46,40,-1,40,46,45,-1,41,152,43,-1,43,152,153,-1,44,154,41,-1,41,154,152,-1,47,155,44,-1,44,155,154,-1,43,153,47,-1,47,153,155,-1,56,156,61,-1,61,156,157,-1,58,158,56,-1,56,158,156,-1,62,159,58,-1,58,159,158,-1,61,157,62,-1,62,157,159,-1,57,60,59,-1,59,60,63,-1,66,70,64,-1,64,70,69,-1,71,160,68,-1,68,160,161,-1,67,162,71,-1,71,162,160,-1,65,163,67,-1,67,163,162,-1,68,161,65,-1,65,161,163,-1,80,164,85,-1,85,164,165,-1,82,166,80,-1,80,166,164,-1,86,167,82,-1,82,167,166,-1,85,165,86,-1,86,165,167,-1,81,84,83,-1,83,84,87,-1,74,78,72,-1,72,78,77,-1,73,168,75,-1,75,168,169,-1,76,170,73,-1,73,170,168,-1,79,171,76,-1,76,171,170,-1,75,169,79,-1,79,169,171,-1,88,172,93,-1,93,172,173,-1,90,174,88,-1,88,174,172,-1,94,175,90,-1,90,175,174,-1,93,173,94,-1,94,173,175,-1,89,92,91,-1,91,92,95,-1,98,102,96,-1,96,102,101,-1,103,176,100,-1,100,176,177,-1,99,178,103,-1,103,178,176,-1,97,179,99,-1,99,179,178,-1,100,177,97,-1,97,177,179,-1,112,180,117,-1,117,180,181,-1,114,182,112,-1,112,182,180,-1,118,183,114,-1,114,183,182,-1,117,181,118,-1,118,181,183,-1,113,116,115,-1,115,116,119,-1,106,110,104,-1,104,110,109,-1,105,184,107,-1,107,184,185,-1,108,186,105,-1,105,186,184,-1,111,187,108,-1,108,187,186,-1,107,185,111,-1,111,185,187,-1,120,188,125,-1,125,188,189,-1,122,190,120,-1,120,190,188,-1,126,191,122,-1,122,191,190,-1,125,189,126,-1,126,189,191,-1,121,124,123,-1,123,124,127,-1,192,193,194,-1,194,193,195,-1,193,192,196,-1,196,192,197,-1,194,195,198,-1,198,195,199,-1,198,199,197,-1,197,199,196,-1,200,201,202,-1,202,201,203,-1,201,200,204,-1,204,200,205,-1,202,203,206,-1,206,203,207,-1,206,207,205,-1,205,207,204,-1,208,209,210,-1,210,209,211,-1,209,208,212,-1,212,208,213,-1,210,211,214,-1,214,211,215,-1,214,215,213,-1,213,215,212,-1,216,217,218,-1,218,217,219,-1,217,216,220,-1,220,216,221,-1,218,219,222,-1,222,219,223,-1,222,223,221,-1,221,223,220,-1,194,198,192,-1,192,198,197,-1,199,224,196,-1,196,224,225,-1,195,226,199,-1,199,226,224,-1,193,227,195,-1,195,227,226,-1,196,225,193,-1,193,225,227,-1,208,228,213,-1,213,228,229,-1,210,230,208,-1,208,230,228,-1,214,231,210,-1,210,231,230,-1,213,229,214,-1,214,229,231,-1,209,212,211,-1,211,212,215,-1,202,206,200,-1,200,206,205,-1,201,232,203,-1,203,232,233,-1,204,234,201,-1,201,234,232,-1,207,235,204,-1,204,235,234,-1,203,233,207,-1,207,233,235,-1,216,236,221,-1,221,236,237,-1,218,238,216,-1,216,238,236,-1,222,239,218,-1,218,239,238,-1,221,237,222,-1,222,237,239,-1,217,220,219,-1,219,220,223,-1,
        ]
    }
}
Shape{
    appearance Appearance {
        material  Material 	{
            diffuseColor 0.25098039215686274 0.25098039215686274 0.25098039215686274
            specularColor 0.12549019607843137 0.12549019607843137 0.12549019607843137
            ambientIntensity 0.251
            transparency 0.0
            shininess 0.5
        }
    }
    geometry IndexedFaceSet {
        ccw TRUE
        solid FALSE
        coord DEF co Coordinate {
            point [
                1.812 -0.82 -0.0008, 1.812 -0.8356 0.001, 1.8002 -0.834 0.001, 1.812 -0.8504 0.0061, 1.7963 -0.8483 0.0061, 1.812 -0.8636 0.0145, 1.7929 -0.8611 0.0145, 1.812 -0.8747 0.0256, 1.79 -0.8718 0.0256, 1.812 -0.8831 0.0388, 1.7879 -0.8799 0.0388, 1.812 -0.8882 0.0536, 1.7865 -0.8849 0.0536, 1.812 -0.89 0.0692, 1.7861 -0.8866 0.0692, 1.762 -0.8766 0.0692, 1.7628 -0.8751 0.0536, 1.7413 -0.8607 0.0692, 1.7425 -0.8595 0.0536, 1.7254 -0.84 0.0692, 1.7269 -0.8391 0.0536, 1.7154 -0.8159 0.0692, 1.7171 -0.8154 0.0536, 1.712 -0.79 0.0692, 1.7137 -0.79 0.0536, 1.7154 -0.7641 0.0692, 1.7171 -0.7646 0.0536, 1.7254 -0.74 0.0692, 1.7269 -0.7409 0.0536, 1.7413 -0.7193 0.0692, 1.7425 -0.7205 0.0536, 1.762 -0.7034 0.0692, 1.7628 -0.7049 0.0536, 1.7861 -0.6934 0.0692, 1.7865 -0.6951 0.0536, 1.812 -0.69 0.0692, 1.812 -0.6918 0.0536, 1.7654 -0.8706 0.0388, 1.7462 -0.8558 0.0388, 1.7314 -0.8365 0.0388, 1.7221 -0.8141 0.0388, 1.7189 -0.79 0.0388, 1.7221 -0.7659 0.0388, 1.7314 -0.7435 0.0388, 1.7462 -0.7242 0.0388, 1.7654 -0.7094 0.0388, 1.7879 -0.7001 0.0388, 1.812 -0.6969 0.0388, 1.7696 -0.8634 0.0256, 1.7521 -0.8499 0.0256, 1.7386 -0.8324 0.0256, 1.7301 -0.8119 0.0256, 1.7272 -0.79 0.0256, 1.7301 -0.7681 0.0256, 1.7386 -0.7476 0.0256, 1.7521 -0.7301 0.0256, 1.7696 -0.7166 0.0256, 1.79 -0.7082 0.0256, 1.812 -0.7053 0.0256, 1.7751 -0.8538 0.0145, 1.7599 -0.8421 0.0145, 1.7482 -0.8268 0.0145, 1.7408 -0.8091 0.0145, 1.7383 -0.79 0.0145, 1.7408 -0.7709 0.0145, 1.7482 -0.7532 0.0145, 1.7599 -0.7379 0.0145, 1.7751 -0.7262 0.0145, 1.7929 -0.7189 0.0145, 1.812 -0.7164 0.0145, 1.7818 -0.8423 0.0061, 1.7693 -0.8327 0.0061, 1.7597 -0.8202 0.0061, 1.7537 -0.8056 0.0061, 1.7516 -0.79 0.0061, 1.7537 -0.7744 0.0061, 1.7597 -0.7598 0.0061, 1.7693 -0.7473 0.0061, 1.7818 -0.7377 0.0061, 1.7963 -0.7317 0.0061, 1.812 -0.7296 0.0061, 1.7892 -0.8295 0.001, 1.7797 -0.8222 0.001, 1.7725 -0.8128 0.001, 1.7679 -0.8018 0.001, 1.7664 -0.79 0.001, 1.7679 -0.7782 0.001, 1.7725 -0.7672 0.001, 1.7797 -0.7578 0.001, 1.7892 -0.7505 0.001, 1.8002 -0.746 0.001, 1.812 -0.7444 0.001, 1.8042 -0.819 -0.0008, 1.797 -0.816 -0.0008, 1.7908 -0.8112 -0.0008, 1.786 -0.805 -0.0008, 1.783 -0.7978 -0.0008, 1.782 -0.79 -0.0008, 1.783 -0.7822 -0.0008, 1.786 -0.775 -0.0008, 1.7908 -0.7688 -0.0008, 1.797 -0.764 -0.0008, 1.8042 -0.761 -0.0008, 1.812 -0.76 -0.0008, 2.192 -0.69 0.0692, 2.192 -0.6918 0.0536, 2.1665 -0.6951 0.0536, 2.192 -0.6969 0.0388, 2.1679 -0.7001 0.0388, 2.192 -0.7053 0.0256, 2.17 -0.7082 0.0256, 2.192 -0.7164 0.0145, 2.1729 -0.7189 0.0145, 2.192 -0.7296 0.0061, 2.1763 -0.7317 0.0061, 2.192 -0.7444 0.001, 2.1802 -0.746 0.001, 2.192 -0.76 -0.0008, 2.1842 -0.761 -0.0008, 2.177 -0.764 -0.0008, 2.1692 -0.7505 0.001, 2.1708 -0.7688 -0.0008, 2.1597 -0.7578 0.001, 2.166 -0.775 -0.0008, 2.1525 -0.7672 0.001, 2.163 -0.7822 -0.0008, 2.1479 -0.7782 0.001, 2.162 -0.79 -0.0008, 2.1464 -0.79 0.001, 2.163 -0.7978 -0.0008, 2.1479 -0.8018 0.001, 2.166 -0.805 -0.0008, 2.1525 -0.8128 0.001, 2.1708 -0.8112 -0.0008, 2.1597 -0.8222 0.001, 2.177 -0.816 -0.0008, 2.1692 -0.8295 0.001, 2.1842 -0.819 -0.0008, 2.1802 -0.834 0.001, 2.192 -0.82 -0.0008, 2.192 -0.8356 0.001, 2.1618 -0.7377 0.0061, 2.1493 -0.7473 0.0061, 2.1397 -0.7598 0.0061, 2.1337 -0.7744 0.0061, 2.1316 -0.79 0.0061, 2.1337 -0.8056 0.0061, 2.1397 -0.8202 0.0061, 2.1493 -0.8327 0.0061, 2.1618 -0.8423 0.0061, 2.1763 -0.8483 0.0061, 2.192 -0.8504 0.0061, 2.1551 -0.7262 0.0145, 2.1399 -0.7379 0.0145, 2.1282 -0.7532 0.0145, 2.1208 -0.7709 0.0145, 2.1183 -0.79 0.0145, 2.1208 -0.8091 0.0145, 2.1282 -0.8268 0.0145, 2.1399 -0.8421 0.0145, 2.1551 -0.8538 0.0145, 2.1729 -0.8611 0.0145, 2.192 -0.8636 0.0145, 2.1496 -0.7166 0.0256, 2.1321 -0.7301 0.0256, 2.1186 -0.7476 0.0256, 2.1101 -0.7681 0.0256, 2.1072 -0.79 0.0256, 2.1101 -0.8119 0.0256, 2.1186 -0.8324 0.0256, 2.1321 -0.8499 0.0256, 2.1496 -0.8634 0.0256, 2.17 -0.8718 0.0256, 2.192 -0.8747 0.0256, 2.1454 -0.7094 0.0388, 2.1262 -0.7242 0.0388, 2.1114 -0.7435 0.0388, 2.1021 -0.7659 0.0388, 2.0989 -0.79 0.0388, 2.1021 -0.8141 0.0388, 2.1114 -0.8365 0.0388, 2.1262 -0.8558 0.0388, 2.1454 -0.8706 0.0388, 2.1679 -0.8799 0.0388, 2.192 -0.8831 0.0388, 2.1428 -0.7049 0.0536, 2.1225 -0.7205 0.0536, 2.1069 -0.7409 0.0536, 2.0971 -0.7646 0.0536, 2.0937 -0.79 0.0536, 2.0971 -0.8154 0.0536, 2.1069 -0.8391 0.0536, 2.1225 -0.8595 0.0536, 2.1428 -0.8751 0.0536, 2.1665 -0.8849 0.0536, 2.192 -0.8882 0.0536, 2.1661 -0.6934 0.0692, 2.142 -0.7034 0.0692, 2.1213 -0.7193 0.0692, 2.1054 -0.74 0.0692, 2.0954 -0.7641 0.0692, 2.092 -0.79 0.0692, 2.0954 -0.8159 0.0692, 2.1054 -0.84 0.0692, 2.1213 -0.8607 0.0692, 2.142 -0.8766 0.0692, 2.1661 -0.8866 0.0692, 2.192 -0.89 0.0692, 1.812 0.89 0.0692, 1.812 0.8882 0.0536, 1.7865 0.8849 0.0536, 1.812 0.8831 0.0388, 1.7879 0.8799 0.0388, 1.812 0.8747 0.0256, 1.79 0.8718 0.0256, 1.812 0.8636 0.0145, 1.7929 0.8611 0.0145, 1.812 0.8504 0.0061, 1.7963 0.8483 0.0061, 1.812 0.8356 0.001, 1.8002 0.834 0.001, 1.812 0.82 -0.0008, 1.8042 0.819 -0.0008, 1.797 0.816 -0.0008, 1.7892 0.8295 0.001, 1.7908 0.8112 -0.0008, 1.7797 0.8222 0.001, 1.786 0.805 -0.0008, 1.7725 0.8128 0.001, 1.783 0.7978 -0.0008, 1.7679 0.8018 0.001, 1.782 0.79 -0.0008, 1.7664 0.79 0.001, 1.783 0.7822 -0.0008, 1.7679 0.7782 0.001, 1.786 0.775 -0.0008, 1.7725 0.7672 0.001, 1.7908 0.7688 -0.0008, 1.7797 0.7578 0.001, 1.797 0.764 -0.0008, 1.7892 0.7505 0.001, 1.8042 0.761 -0.0008, 1.8002 0.746 0.001, 1.812 0.76 -0.0008, 1.812 0.7444 0.001, 1.7818 0.8423 0.0061, 1.7693 0.8327 0.0061, 1.7597 0.8202 0.0061, 1.7537 0.8056 0.0061, 1.7516 0.79 0.0061, 1.7537 0.7744 0.0061, 1.7597 0.7598 0.0061, 1.7693 0.7473 0.0061, 1.7818 0.7377 0.0061, 1.7963 0.7317 0.0061, 1.812 0.7296 0.0061, 1.7751 0.8538 0.0145, 1.7599 0.8421 0.0145, 1.7482 0.8268 0.0145, 1.7408 0.8091 0.0145, 1.7383 0.79 0.0145, 1.7408 0.7709 0.0145, 1.7482 0.7532 0.0145, 1.7599 0.7379 0.0145, 1.7751 0.7262 0.0145, 1.7929 0.7189 0.0145, 1.812 0.7164 0.0145, 1.7696 0.8634 0.0256, 1.7521 0.8499 0.0256, 1.7386 0.8324 0.0256, 1.7301 0.8119 0.0256, 1.7272 0.79 0.0256, 1.7301 0.7681 0.0256, 1.7386 0.7476 0.0256, 1.7521 0.7301 0.0256, 1.7696 0.7166 0.0256, 1.79 0.7082 0.0256, 1.812 0.7053 0.0256, 1.7654 0.8706 0.0388, 1.7462 0.8558 0.0388, 1.7314 0.8365 0.0388, 1.7221 0.8141 0.0388, 1.7189 0.79 0.0388, 1.7221 0.7659 0.0388, 1.7314 0.7435 0.0388, 1.7462 0.7242 0.0388, 1.7654 0.7094 0.0388, 1.7879 0.7001 0.0388, 1.812 0.6969 0.0388, 1.7628 0.8751 0.0536, 1.7425 0.8595 0.0536, 1.7269 0.8391 0.0536, 1.7171 0.8154 0.0536, 1.7137 0.79 0.0536, 1.7171 0.7646 0.0536, 1.7269 0.7409 0.0536, 1.7425 0.7205 0.0536, 1.7628 0.7049 0.0536, 1.7865 0.6951 0.0536, 1.812 0.6918 0.0536, 1.7861 0.8866 0.0692, 1.762 0.8766 0.0692, 1.7413 0.8607 0.0692, 1.7254 0.84 0.0692, 1.7154 0.8159 0.0692, 1.712 0.79 0.0692, 1.7154 0.7641 0.0692, 1.7254 0.74 0.0692, 1.7413 0.7193 0.0692, 1.762 0.7034 0.0692, 1.7861 0.6934 0.0692, 1.812 0.69 0.0692, 2.192 0.76 -0.0008, 2.192 0.7444 0.001, 2.1802 0.746 0.001, 2.192 0.7296 0.0061, 2.1763 0.7317 0.0061, 2.192 0.7164 0.0145, 2.1729 0.7189 0.0145, 2.192 0.7053 0.0256, 2.17 0.7082 0.0256, 2.192 0.6969 0.0388, 2.1679 0.7001 0.0388, 2.192 0.6918 0.0536, 2.1665 0.6951 0.0536, 2.192 0.69 0.0692, 2.1661 0.6934 0.0692, 2.142 0.7034 0.0692, 2.1428 0.7049 0.0536, 2.1213 0.7193 0.0692, 2.1225 0.7205 0.0536, 2.1054 0.74 0.0692, 2.1069 0.7409 0.0536, 2.0954 0.7641 0.0692, 2.0971 0.7646 0.0536, 2.092 0.79 0.0692, 2.0937 0.79 0.0536, 2.0954 0.8159 0.0692, 2.0971 0.8154 0.0536, 2.1054 0.84 0.0692, 2.1069 0.8391 0.0536, 2.1213 0.8607 0.0692, 2.1225 0.8595 0.0536, 2.142 0.8766 0.0692, 2.1428 0.8751 0.0536, 2.1661 0.8866 0.0692, 2.1665 0.8849 0.0536, 2.192 0.89 0.0692, 2.192 0.8882 0.0536, 2.1454 0.7094 0.0388, 2.1262 0.7242 0.0388, 2.1114 0.7435 0.0388, 2.1021 0.7659 0.0388, 2.0989 0.79 0.0388, 2.1021 0.8141 0.0388, 2.1114 0.8365 0.0388, 2.1262 0.8558 0.0388, 2.1454 0.8706 0.0388, 2.1679 0.8799 0.0388, 2.192 0.8831 0.0388, 2.1496 0.7166 0.0256, 2.1321 0.7301 0.0256, 2.1186 0.7476 0.0256, 2.1101 0.7681 0.0256, 2.1072 0.79 0.0256, 2.1101 0.8119 0.0256, 2.1186 0.8324 0.0256, 2.1321 0.8499 0.0256, 2.1496 0.8634 0.0256, 2.17 0.8718 0.0256, 2.192 0.8747 0.0256, 2.1551 0.7262 0.0145, 2.1399 0.7379 0.0145, 2.1282 0.7532 0.0145, 2.1208 0.7709 0.0145, 2.1183 0.79 0.0145, 2.1208 0.8091 0.0145, 2.1282 0.8268 0.0145, 2.1399 0.8421 0.0145, 2.1551 0.8538 0.0145, 2.1729 0.8611 0.0145, 2.192 0.8636 0.0145, 2.1618 0.7377 0.0061, 2.1493 0.7473 0.0061, 2.1397 0.7598 0.0061, 2.1337 0.7744 0.0061, 2.1316 0.79 0.0061, 2.1337 0.8056 0.0061, 2.1397 0.8202 0.0061, 2.1493 0.8327 0.0061, 2.1618 0.8423 0.0061, 2.1763 0.8483 0.0061, 2.192 0.8504 0.0061, 2.1692 0.7505 0.001, 2.1597 0.7578 0.001, 2.1525 0.7672 0.001, 2.1479 0.7782 0.001, 2.1464 0.79 0.001, 2.1479 0.8018 0.001, 2.1525 0.8128 0.001, 2.1597 0.8222 0.001, 2.1692 0.8295 0.001, 2.1802 0.834 0.001, 2.192 0.8356 0.001, 2.1842 0.761 -0.0008, 2.177 0.764 -0.0008, 2.1708 0.7688 -0.0008, 2.166 0.775 -0.0008, 2.163 0.7822 -0.0008, 2.162 0.79 -0.0008, 2.163 0.7978 -0.0008, 2.166 0.805 -0.0008, 2.1708 0.8112 -0.0008, 2.177 0.816 -0.0008, 2.1842 0.819 -0.0008, 2.192 0.82 -0.0008, 0.812 -0.82 -0.0008, 0.812 -0.8356 0.001, 0.8002 -0.834 0.001, 0.812 -0.8504 0.0061, 0.7963 -0.8483 0.0061, 0.812 -0.8636 0.0145, 0.7929 -0.8611 0.0145, 0.812 -0.8747 0.0256, 0.79 -0.8718 0.0256, 0.812 -0.8831 0.0388, 0.7879 -0.8799 0.0388, 0.812 -0.8882 0.0536, 0.7865 -0.8849 0.0536, 0.812 -0.89 0.0692, 0.7861 -0.8866 0.0692, 0.762 -0.8766 0.0692, 0.7628 -0.8751 0.0536, 0.7413 -0.8607 0.0692, 0.7425 -0.8595 0.0536, 0.7254 -0.84 0.0692, 0.7269 -0.8391 0.0536, 0.7154 -0.8159 0.0692, 0.7171 -0.8154 0.0536, 0.712 -0.79 0.0692, 0.7137 -0.79 0.0536, 0.7154 -0.7641 0.0692, 0.7171 -0.7646 0.0536, 0.7254 -0.74 0.0692, 0.7269 -0.7409 0.0536, 0.7413 -0.7193 0.0692, 0.7425 -0.7205 0.0536, 0.762 -0.7034 0.0692, 0.7628 -0.7049 0.0536, 0.7861 -0.6934 0.0692, 0.7865 -0.6951 0.0536, 0.812 -0.69 0.0692, 0.812 -0.6918 0.0536, 0.7654 -0.8706 0.0388, 0.7462 -0.8558 0.0388, 0.7314 -0.8365 0.0388, 0.7221 -0.8141 0.0388, 0.7189 -0.79 0.0388, 0.7221 -0.7659 0.0388, 0.7314 -0.7435 0.0388, 0.7462 -0.7242 0.0388, 0.7654 -0.7094 0.0388, 0.7879 -0.7001 0.0388, 0.812 -0.6969 0.0388, 0.7696 -0.8634 0.0256, 0.7521 -0.8499 0.0256, 0.7386 -0.8324 0.0256, 0.7301 -0.8119 0.0256, 0.7272 -0.79 0.0256, 0.7301 -0.7681 0.0256, 0.7386 -0.7476 0.0256, 0.7521 -0.7301 0.0256, 0.7696 -0.7166 0.0256, 0.79 -0.7082 0.0256, 0.812 -0.7053 0.0256, 0.7751 -0.8538 0.0145, 0.7599 -0.8421 0.0145, 0.7482 -0.8268 0.0145, 0.7408 -0.8091 0.0145, 0.7383 -0.79 0.0145, 0.7408 -0.7709 0.0145, 0.7482 -0.7532 0.0145, 0.7599 -0.7379 0.0145, 0.7751 -0.7262 0.0145, 0.7929 -0.7189 0.0145, 0.812 -0.7164 0.0145, 0.7818 -0.8423 0.0061, 0.7693 -0.8327 0.0061, 0.7597 -0.8202 0.0061, 0.7537 -0.8056 0.0061, 0.7516 -0.79 0.0061, 0.7537 -0.7744 0.0061, 0.7597 -0.7598 0.0061, 0.7693 -0.7473 0.0061, 0.7818 -0.7377 0.0061, 0.7963 -0.7317 0.0061, 0.812 -0.7296 0.0061, 0.7892 -0.8295 0.001, 0.7797 -0.8222 0.001, 0.7725 -0.8128 0.001, 0.7679 -0.8018 0.001, 0.7664 -0.79 0.001, 0.7679 -0.7782 0.001, 0.7725 -0.7672 0.001, 0.7797 -0.7578 0.001, 0.7892 -0.7505 0.001, 0.8002 -0.746 0.001, 0.812 -0.7444 0.001, 0.8042 -0.819 -0.0008, 0.797 -0.816 -0.0008, 0.7908 -0.8112 -0.0008, 0.786 -0.805 -0.0008, 0.783 -0.7978 -0.0008, 0.782 -0.79 -0.0008, 0.783 -0.7822 -0.0008, 0.786 -0.775 -0.0008, 0.7908 -0.7688 -0.0008, 0.797 -0.764 -0.0008, 0.8042 -0.761 -0.0008, 0.812 -0.76 -0.0008, 1.192 -0.69 0.0692, 1.192 -0.6918 0.0536, 1.1665 -0.6951 0.0536, 1.192 -0.6969 0.0388, 1.1679 -0.7001 0.0388, 1.192 -0.7053 0.0256, 1.17 -0.7082 0.0256, 1.192 -0.7164 0.0145, 1.1729 -0.7189 0.0145, 1.192 -0.7296 0.0061, 1.1763 -0.7317 0.0061, 1.192 -0.7444 0.001, 1.1802 -0.746 0.001, 1.192 -0.76 -0.0008, 1.1842 -0.761 -0.0008, 1.177 -0.764 -0.0008, 1.1692 -0.7505 0.001, 1.1708 -0.7688 -0.0008, 1.1597 -0.7578 0.001, 1.166 -0.775 -0.0008, 1.1525 -0.7672 0.001, 1.163 -0.7822 -0.0008, 1.1479 -0.7782 0.001, 1.162 -0.79 -0.0008, 1.1464 -0.79 0.001, 1.163 -0.7978 -0.0008, 1.1479 -0.8018 0.001, 1.166 -0.805 -0.0008, 1.1525 -0.8128 0.001, 1.1708 -0.8112 -0.0008, 1.1597 -0.8222 0.001, 1.177 -0.816 -0.0008, 1.1692 -0.8295 0.001, 1.1842 -0.819 -0.0008, 1.1802 -0.834 0.001, 1.192 -0.82 -0.0008, 1.192 -0.8356 0.001, 1.1618 -0.7377 0.0061, 1.1493 -0.7473 0.0061, 1.1397 -0.7598 0.0061, 1.1337 -0.7744 0.0061, 1.1316 -0.79 0.0061, 1.1337 -0.8056 0.0061, 1.1397 -0.8202 0.0061, 1.1493 -0.8327 0.0061, 1.1618 -0.8423 0.0061, 1.1763 -0.8483 0.0061, 1.192 -0.8504 0.0061, 1.1551 -0.7262 0.0145, 1.1399 -0.7379 0.0145, 1.1282 -0.7532 0.0145, 1.1208 -0.7709 0.0145, 1.1183 -0.79 0.0145, 1.1208 -0.8091 0.0145, 1.1282 -0.8268 0.0145, 1.1399 -0.8421 0.0145, 1.1551 -0.8538 0.0145, 1.1729 -0.8611 0.0145, 1.192 -0.8636 0.0145, 1.1496 -0.7166 0.0256, 1.1321 -0.7301 0.0256, 1.1186 -0.7476 0.0256, 1.1101 -0.7681 0.0256, 1.1072 -0.79 0.0256, 1.1101 -0.8119 0.0256, 1.1186 -0.8324 0.0256, 1.1321 -0.8499 0.0256, 1.1496 -0.8634 0.0256, 1.17 -0.8718 0.0256, 1.192 -0.8747 0.0256, 1.1454 -0.7094 0.0388, 1.1262 -0.7242 0.0388, 1.1114 -0.7435 0.0388, 1.1021 -0.7659 0.0388, 1.0989 -0.79 0.0388, 1.1021 -0.8141 0.0388, 1.1114 -0.8365 0.0388, 1.1262 -0.8558 0.0388, 1.1454 -0.8706 0.0388, 1.1679 -0.8799 0.0388, 1.192 -0.8831 0.0388, 1.1428 -0.7049 0.0536, 1.1225 -0.7205 0.0536, 1.1069 -0.7409 0.0536, 1.0971 -0.7646 0.0536, 1.0937 -0.79 0.0536, 1.0971 -0.8154 0.0536, 1.1069 -0.8391 0.0536, 1.1225 -0.8595 0.0536, 1.1428 -0.8751 0.0536, 1.1665 -0.8849 0.0536, 1.192 -0.8882 0.0536, 1.1661 -0.6934 0.0692, 1.142 -0.7034 0.0692, 1.1213 -0.7193 0.0692, 1.1054 -0.74 0.0692, 1.0954 -0.7641 0.0692, 1.092 -0.79 0.0692, 1.0954 -0.8159 0.0692, 1.1054 -0.84 0.0692, 1.1213 -0.8607 0.0692, 1.142 -0.8766 0.0692, 1.1661 -0.8866 0.0692, 1.192 -0.89 0.0692, 0.812 0.89 0.0692, 0.812 0.8882 0.0536, 0.7865 0.8849 0.0536, 0.812 0.8831 0.0388, 0.7879 0.8799 0.0388, 0.812 0.8747 0.0256, 0.79 0.8718 0.0256, 0.812 0.8636 0.0145, 0.7929 0.8611 0.0145, 0.812 0.8504 0.0061, 0.7963 0.8483 0.0061, 0.812 0.8356 0.001, 0.8002 0.834 0.001, 0.812 0.82 -0.0008, 0.8042 0.819 -0.0008, 0.797 0.816 -0.0008, 0.7892 0.8295 0.001, 0.7908 0.8112 -0.0008, 0.7797 0.8222 0.001, 0.786 0.805 -0.0008, 0.7725 0.8128 0.001, 0.783 0.7978 -0.0008, 0.7679 0.8018 0.001, 0.782 0.79 -0.0008, 0.7664 0.79 0.001, 0.783 0.7822 -0.0008, 0.7679 0.7782 0.001, 0.786 0.775 -0.0008, 0.7725 0.7672 0.001, 0.7908 0.7688 -0.0008, 0.7797 0.7578 0.001, 0.797 0.764 -0.0008, 0.7892 0.7505 0.001, 0.8042 0.761 -0.0008, 0.8002 0.746 0.001, 0.812 0.76 -0.0008, 0.812 0.7444 0.001, 0.7818 0.8423 0.0061, 0.7693 0.8327 0.0061, 0.7597 0.8202 0.0061, 0.7537 0.8056 0.0061, 0.7516 0.79 0.0061, 0.7537 0.7744 0.0061, 0.7597 0.7598 0.0061, 0.7693 0.7473 0.0061, 0.7818 0.7377 0.0061, 0.7963 0.7317 0.0061, 0.812 0.7296 0.0061, 0.7751 0.8538 0.0145, 0.7599 0.8421 0.0145, 0.7482 0.8268 0.0145, 0.7408 0.8091 0.0145, 0.7383 0.79 0.0145, 0.7408 0.7709 0.0145, 0.7482 0.7532 0.0145, 0.7599 0.7379 0.0145, 0.7751 0.7262 0.0145, 0.7929 0.7189 0.0145, 0.812 0.7164 0.0145, 0.7696 0.8634 0.0256, 0.7521 0.8499 0.0256, 0.7386 0.8324 0.0256, 0.7301 0.8119 0.0256, 0.7272 0.79 0.0256, 0.7301 0.7681 0.0256, 0.7386 0.7476 0.0256, 0.7521 0.7301 0.0256, 0.7696 0.7166 0.0256, 0.79 0.7082 0.0256, 0.812 0.7053 0.0256, 0.7654 0.8706 0.0388, 0.7462 0.8558 0.0388, 0.7314 0.8365 0.0388, 0.7221 0.8141 0.0388, 0.7189 0.79 0.0388, 0.7221 0.7659 0.0388, 0.7314 0.7435 0.0388, 0.7462 0.7242 0.0388, 0.7654 0.7094 0.0388, 0.7879 0.7001 0.0388, 0.812 0.6969 0.0388, 0.7628 0.8751 0.0536, 0.7425 0.8595 0.0536, 0.7269 0.8391 0.0536, 0.7171 0.8154 0.0536, 0.7137 0.79 0.0536, 0.7171 0.7646 0.0536, 0.7269 0.7409 0.0536, 0.7425 0.7205 0.0536, 0.7628 0.7049 0.0536, 0.7865 0.6951 0.0536, 0.812 0.6918 0.0536, 0.7861 0.8866 0.0692, 0.762 0.8766 0.0692, 0.7413 0.8607 0.0692, 0.7254 0.84 0.0692, 0.7154 0.8159 0.0692, 0.712 0.79 0.0692, 0.7154 0.7641 0.0692, 0.7254 0.74 0.0692, 0.7413 0.7193 0.0692, 0.762 0.7034 0.0692, 0.7861 0.6934 0.0692, 0.812 0.69 0.0692, 1.192 0.76 -0.0008, 1.192 0.7444 0.001, 1.1802 0.746 0.001, 1.192 0.7296 0.0061, 1.1763 0.7317 0.0061, 1.192 0.7164 0.0145, 1.1729 0.7189 0.0145, 1.192 0.7053 0.0256, 1.17 0.7082 0.0256, 1.192 0.6969 0.0388, 1.1679 0.7001 0.0388, 1.192 0.6918 0.0536, 1.1665 0.6951 0.0536, 1.192 0.69 0.0692, 1.1661 0.6934 0.0692, 1.142 0.7034 0.0692, 1.1428 0.7049 0.0536, 1.1213 0.7193 0.0692, 1.1225 0.7205 0.0536, 1.1054 0.74 0.0692, 1.1069 0.7409 0.0536, 1.0954 0.7641 0.0692, 1.0971 0.7646 0.0536, 1.092 0.79 0.0692, 1.0937 0.79 0.0536, 1.0954 0.8159 0.0692, 1.0971 0.8154 0.0536, 1.1054 0.84 0.0692, 1.1069 0.8391 0.0536, 1.1213 0.8607 0.0692, 1.1225 0.8595 0.0536, 1.142 0.8766 0.0692, 1.1428 0.8751 0.0536, 1.1661 0.8866 0.0692, 1.1665 0.8849 0.0536, 1.192 0.89 0.0692, 1.192 0.8882 0.0536, 1.1454 0.7094 0.0388, 1.1262 0.7242 0.0388, 1.1114 0.7435 0.0388, 1.1021 0.7659 0.0388, 1.0989 0.79 0.0388, 1.1021 0.8141 0.0388, 1.1114 0.8365 0.0388, 1.1262 0.8558 0.0388, 1.1454 0.8706 0.0388, 1.1679 0.8799 0.0388, 1.192 0.8831 0.0388, 1.1496 0.7166 0.0256, 1.1321 0.7301 0.0256, 1.1186 0.7476 0.0256, 1.1101 0.7681 0.0256, 1.1072 0.79 0.0256, 1.1101 0.8119 0.0256, 1.1186 0.8324 0.0256, 1.1321 0.8499 0.0256, 1.1496 0.8634 0.0256, 1.17 0.8718 0.0256, 1.192 0.8747 0.0256, 1.1551 0.7262 0.0145, 1.1399 0.7379 0.0145, 1.1282 0.7532 0.0145, 1.1208 0.7709 0.0145, 1.1183 0.79 0.0145, 1.1208 0.8091 0.0145, 1.1282 0.8268 0.0145, 1.1399 0.8421 0.0145, 1.1551 0.8538 0.0145, 1.1729 0.8611 0.0145, 1.192 0.8636 0.0145, 1.1618 0.7377 0.0061, 1.1493 0.7473 0.0061, 1.1397 0.7598 0.0061, 1.1337 0.7744 0.0061, 1.1316 0.79 0.0061, 1.1337 0.8056 0.0061, 1.1397 0.8202 0.0061, 1.1493 0.8327 0.0061, 1.1618 0.8423 0.0061, 1.1763 0.8483 0.0061, 1.192 0.8504 0.0061, 1.1692 0.7505 0.001, 1.1597 0.7578 0.001, 1.1525 0.7672 0.001, 1.1479 0.7782 0.001, 1.1464 0.79 0.001, 1.1479 0.8018 0.001, 1.1525 0.8128 0.001, 1.1597 0.8222 0.001, 1.1692 0.8295 0.001, 1.1802 0.834 0.001, 1.192 0.8356 0.001, 1.1842 0.761 -0.0008, 1.177 0.764 -0.0008, 1.1708 0.7688 -0.0008, 1.166 0.775 -0.0008, 1.163 0.7822 -0.0008, 1.162 0.79 -0.0008, 1.163 0.7978 -0.0008, 1.166 0.805 -0.0008, 1.1708 0.8112 -0.0008, 1.177 0.816 -0.0008, 1.1842 0.819 -0.0008, 1.192 0.82 -0.0008, -0.188 -0.82 -0.0008, -0.188 -0.8356 0.001, -0.1998 -0.834 0.001, -0.188 -0.8504 0.0061, -0.2037 -0.8483 0.0061, -0.188 -0.8636 0.0145, -0.2071 -0.8611 0.0145, -0.188 -0.8747 0.0256, -0.21 -0.8718 0.0256, -0.188 -0.8831 0.0388, -0.2121 -0.8799 0.0388, -0.188 -0.8882 0.0536, -0.2135 -0.8849 0.0536, -0.188 -0.89 0.0692, -0.2139 -0.8866 0.0692, -0.238 -0.8766 0.0692, -0.2372 -0.8751 0.0536, -0.2587 -0.8607 0.0692, -0.2575 -0.8595 0.0536, -0.2746 -0.84 0.0692, -0.2731 -0.8391 0.0536, -0.2846 -0.8159 0.0692, -0.2829 -0.8154 0.0536, -0.288 -0.79 0.0692, -0.2863 -0.79 0.0536, -0.2846 -0.7641 0.0692, -0.2829 -0.7646 0.0536, -0.2746 -0.74 0.0692, -0.2731 -0.7409 0.0536, -0.2587 -0.7193 0.0692, -0.2575 -0.7205 0.0536, -0.238 -0.7034 0.0692, -0.2372 -0.7049 0.0536, -0.2139 -0.6934 0.0692, -0.2135 -0.6951 0.0536, -0.188 -0.69 0.0692, -0.188 -0.6918 0.0536, -0.2346 -0.8706 0.0388, -0.2538 -0.8558 0.0388, -0.2686 -0.8365 0.0388, -0.2779 -0.8141 0.0388, -0.2811 -0.79 0.0388, -0.2779 -0.7659 0.0388, -0.2686 -0.7435 0.0388, -0.2538 -0.7242 0.0388, -0.2346 -0.7094 0.0388, -0.2121 -0.7001 0.0388, -0.188 -0.6969 0.0388, -0.2304 -0.8634 0.0256, -0.2479 -0.8499 0.0256, -0.2614 -0.8324 0.0256, -0.2699 -0.8119 0.0256, -0.2728 -0.79 0.0256, -0.2699 -0.7681 0.0256, -0.2614 -0.7476 0.0256, -0.2479 -0.7301 0.0256, -0.2304 -0.7166 0.0256, -0.21 -0.7082 0.0256, -0.188 -0.7053 0.0256, -0.2249 -0.8538 0.0145, -0.2401 -0.8421 0.0145, -0.2518 -0.8268 0.0145, -0.2592 -0.8091 0.0145, -0.2617 -0.79 0.0145, -0.2592 -0.7709 0.0145, -0.2518 -0.7532 0.0145, -0.2401 -0.7379 0.0145, -0.2249 -0.7262 0.0145, -0.2071 -0.7189 0.0145, -0.188 -0.7164 0.0145, -0.2182 -0.8423 0.0061, -0.2307 -0.8327 0.0061, -0.2403 -0.8202 0.0061, -0.2463 -0.8056 0.0061, -0.2484 -0.79 0.0061, -0.2463 -0.7744 0.0061, -0.2403 -0.7598 0.0061, -0.2307 -0.7473 0.0061, -0.2182 -0.7377 0.0061, -0.2037 -0.7317 0.0061, -0.188 -0.7296 0.0061, -0.2108 -0.8295 0.001, -0.2203 -0.8222 0.001, -0.2275 -0.8128 0.001, -0.2321 -0.8018 0.001, -0.2336 -0.79 0.001, -0.2321 -0.7782 0.001, -0.2275 -0.7672 0.001, -0.2203 -0.7578 0.001, -0.2108 -0.7505 0.001, -0.1998 -0.746 0.001, -0.188 -0.7444 0.001, -0.1958 -0.819 -0.0008, -0.203 -0.816 -0.0008, -0.2092 -0.8112 -0.0008, -0.214 -0.805 -0.0008, -0.217 -0.7978 -0.0008, -0.218 -0.79 -0.0008, -0.217 -0.7822 -0.0008, -0.214 -0.775 -0.0008, -0.2092 -0.7688 -0.0008, -0.203 -0.764 -0.0008, -0.1958 -0.761 -0.0008, -0.188 -0.76 -0.0008, 0.192 -0.69 0.0692, 0.192 -0.6918 0.0536, 0.1665 -0.6951 0.0536, 0.192 -0.6969 0.0388, 0.1679 -0.7001 0.0388, 0.192 -0.7053 0.0256, 0.17 -0.7082 0.0256, 0.192 -0.7164 0.0145, 0.1729 -0.7189 0.0145, 0.192 -0.7296 0.0061, 0.1763 -0.7317 0.0061, 0.192 -0.7444 0.001, 0.1802 -0.746 0.001, 0.192 -0.76 -0.0008, 0.1842 -0.761 -0.0008, 0.177 -0.764 -0.0008, 0.1692 -0.7505 0.001, 0.1708 -0.7688 -0.0008, 0.1597 -0.7578 0.001, 0.166 -0.775 -0.0008, 0.1525 -0.7672 0.001, 0.163 -0.7822 -0.0008, 0.1479 -0.7782 0.001, 0.162 -0.79 -0.0008, 0.1464 -0.79 0.001, 0.163 -0.7978 -0.0008, 0.1479 -0.8018 0.001, 0.166 -0.805 -0.0008, 0.1525 -0.8128 0.001, 0.1708 -0.8112 -0.0008, 0.1597 -0.8222 0.001, 0.177 -0.816 -0.0008, 0.1692 -0.8295 0.001, 0.1842 -0.819 -0.0008, 0.1802 -0.834 0.001, 0.192 -0.82 -0.0008, 0.192 -0.8356 0.001, 0.1618 -0.7377 0.0061, 0.1493 -0.7473 0.0061, 0.1397 -0.7598 0.0061, 0.1337 -0.7744 0.0061, 0.1316 -0.79 0.0061, 0.1337 -0.8056 0.0061, 0.1397 -0.8202 0.0061, 0.1493 -0.8327 0.0061, 0.1618 -0.8423 0.0061, 0.1763 -0.8483 0.0061, 0.192 -0.8504 0.0061, 0.1551 -0.7262 0.0145, 0.1399 -0.7379 0.0145, 0.1282 -0.7532 0.0145, 0.1208 -0.7709 0.0145, 0.1183 -0.79 0.0145, 0.1208 -0.8091 0.0145, 0.1282 -0.8268 0.0145, 0.1399 -0.8421 0.0145, 0.1551 -0.8538 0.0145, 0.1729 -0.8611 0.0145, 0.192 -0.8636 0.0145, 0.1496 -0.7166 0.0256, 0.1321 -0.7301 0.0256, 0.1186 -0.7476 0.0256, 0.1101 -0.7681 0.0256, 0.1072 -0.79 0.0256, 0.1101 -0.8119 0.0256, 0.1186 -0.8324 0.0256, 0.1321 -0.8499 0.0256, 0.1496 -0.8634 0.0256, 0.17 -0.8718 0.0256, 0.192 -0.8747 0.0256, 0.1454 -0.7094 0.0388, 0.1262 -0.7242 0.0388, 0.1114 -0.7435 0.0388, 0.1021 -0.7659 0.0388, 0.0989 -0.79 0.0388, 0.1021 -0.8141 0.0388, 0.1114 -0.8365 0.0388, 0.1262 -0.8558 0.0388, 0.1454 -0.8706 0.0388, 0.1679 -0.8799 0.0388, 0.192 -0.8831 0.0388, 0.1428 -0.7049 0.0536, 0.1225 -0.7205 0.0536, 0.1069 -0.7409 0.0536, 0.0971 -0.7646 0.0536, 0.0937 -0.79 0.0536, 0.0971 -0.8154 0.0536, 0.1069 -0.8391 0.0536, 0.1225 -0.8595 0.0536, 0.1428 -0.8751 0.0536, 0.1665 -0.8849 0.0536, 0.192 -0.8882 0.0536, 0.1661 -0.6934 0.0692, 0.142 -0.7034 0.0692, 0.1213 -0.7193 0.0692, 0.1054 -0.74 0.0692, 0.0954 -0.7641 0.0692, 0.092 -0.79 0.0692, 0.0954 -0.8159 0.0692, 0.1054 -0.84 0.0692, 0.1213 -0.8607 0.0692, 0.142 -0.8766 0.0692, 0.1661 -0.8866 0.0692, 0.192 -0.89 0.0692, -0.188 0.89 0.0692, -0.188 0.8882 0.0536, -0.2135 0.8849 0.0536, -0.188 0.8831 0.0388, -0.2121 0.8799 0.0388, -0.188 0.8747 0.0256, -0.21 0.8718 0.0256, -0.188 0.8636 0.0145, -0.2071 0.8611 0.0145, -0.188 0.8504 0.0061, -0.2037 0.8483 0.0061, -0.188 0.8356 0.001, -0.1998 0.834 0.001, -0.188 0.82 -0.0008, -0.1958 0.819 -0.0008, -0.203 0.816 -0.0008, -0.2108 0.8295 0.001, -0.2092 0.8112 -0.0008, -0.2203 0.8222 0.001, -0.214 0.805 -0.0008, -0.2275 0.8128 0.001, -0.217 0.7978 -0.0008, -0.2321 0.8018 0.001, -0.218 0.79 -0.0008, -0.2336 0.79 0.001, -0.217 0.7822 -0.0008, -0.2321 0.7782 0.001, -0.214 0.775 -0.0008, -0.2275 0.7672 0.001, -0.2092 0.7688 -0.0008, -0.2203 0.7578 0.001, -0.203 0.764 -0.0008, -0.2108 0.7505 0.001, -0.1958 0.761 -0.0008, -0.1998 0.746 0.001, -0.188 0.76 -0.0008, -0.188 0.7444 0.001, -0.2182 0.8423 0.0061, -0.2307 0.8327 0.0061, -0.2403 0.8202 0.0061, -0.2463 0.8056 0.0061, -0.2484 0.79 0.0061, -0.2463 0.7744 0.0061, -0.2403 0.7598 0.0061, -0.2307 0.7473 0.0061, -0.2182 0.7377 0.0061, -0.2037 0.7317 0.0061, -0.188 0.7296 0.0061, -0.2249 0.8538 0.0145, -0.2401 0.8421 0.0145, -0.2518 0.8268 0.0145, -0.2592 0.8091 0.0145, -0.2617 0.79 0.0145, -0.2592 0.7709 0.0145, -0.2518 0.7532 0.0145, -0.2401 0.7379 0.0145, -0.2249 0.7262 0.0145, -0.2071 0.7189 0.0145, -0.188 0.7164 0.0145, -0.2304 0.8634 0.0256, -0.2479 0.8499 0.0256, -0.2614 0.8324 0.0256, -0.2699 0.8119 0.0256, -0.2728 0.79 0.0256, -0.2699 0.7681 0.0256, -0.2614 0.7476 0.0256, -0.2479 0.7301 0.0256, -0.2304 0.7166 0.0256, -0.21 0.7082 0.0256, -0.188 0.7053 0.0256, -0.2346 0.8706 0.0388, -0.2538 0.8558 0.0388, -0.2686 0.8365 0.0388, -0.2779 0.8141 0.0388, -0.2811 0.79 0.0388, -0.2779 0.7659 0.0388, -0.2686 0.7435 0.0388, -0.2538 0.7242 0.0388, -0.2346 0.7094 0.0388, -0.2121 0.7001 0.0388, -0.188 0.6969 0.0388, -0.2372 0.8751 0.0536, -0.2575 0.8595 0.0536, -0.2731 0.8391 0.0536, -0.2829 0.8154 0.0536, -0.2863 0.79 0.0536, -0.2829 0.7646 0.0536, -0.2731 0.7409 0.0536, -0.2575 0.7205 0.0536, -0.2372 0.7049 0.0536, -0.2135 0.6951 0.0536, -0.188 0.6918 0.0536, -0.2139 0.8866 0.0692, -0.238 0.8766 0.0692, -0.2587 0.8607 0.0692, -0.2746 0.84 0.0692, -0.2846 0.8159 0.0692, -0.288 0.79 0.0692, -0.2846 0.7641 0.0692, -0.2746 0.74 0.0692, -0.2587 0.7193 0.0692, -0.238 0.7034 0.0692, -0.2139 0.6934 0.0692, -0.188 0.69 0.0692, 0.192 0.76 -0.0008, 0.192 0.7444 0.001, 0.1802 0.746 0.001, 0.192 0.7296 0.0061, 0.1763 0.7317 0.0061, 0.192 0.7164 0.0145, 0.1729 0.7189 0.0145, 0.192 0.7053 0.0256, 0.17 0.7082 0.0256, 0.192 0.6969 0.0388, 0.1679 0.7001 0.0388, 0.192 0.6918 0.0536, 0.1665 0.6951 0.0536, 0.192 0.69 0.0692, 0.1661 0.6934 0.0692, 0.142 0.7034 0.0692, 0.1428 0.7049 0.0536, 0.1213 0.7193 0.0692, 0.1225 0.7205 0.0536, 0.1054 0.74 0.0692, 0.1069 0.7409 0.0536, 0.0954 0.7641 0.0692, 0.0971 0.7646 0.0536, 0.092 0.79 0.0692, 0.0937 0.79 0.0536, 0.0954 0.8159 0.0692, 0.0971 0.8154 0.0536, 0.1054 0.84 0.0692, 0.1069 0.8391 0.0536, 0.1213 0.8607 0.0692, 0.1225 0.8595 0.0536, 0.142 0.8766 0.0692, 0.1428 0.8751 0.0536, 0.1661 0.8866 0.0692, 0.1665 0.8849 0.0536, 0.192 0.89 0.0692, 0.192 0.8882 0.0536, 0.1454 0.7094 0.0388, 0.1262 0.7242 0.0388, 0.1114 0.7435 0.0388, 0.1021 0.7659 0.0388, 0.0989 0.79 0.0388, 0.1021 0.8141 0.0388, 0.1114 0.8365 0.0388, 0.1262 0.8558 0.0388, 0.1454 0.8706 0.0388, 0.1679 0.8799 0.0388, 0.192 0.8831 0.0388, 0.1496 0.7166 0.0256, 0.1321 0.7301 0.0256, 0.1186 0.7476 0.0256, 0.1101 0.7681 0.0256, 0.1072 0.79 0.0256, 0.1101 0.8119 0.0256, 0.1186 0.8324 0.0256, 0.1321 0.8499 0.0256, 0.1496 0.8634 0.0256, 0.17 0.8718 0.0256, 0.192 0.8747 0.0256, 0.1551 0.7262 0.0145, 0.1399 0.7379 0.0145, 0.1282 0.7532 0.0145, 0.1208 0.7709 0.0145, 0.1183 0.79 0.0145, 0.1208 0.8091 0.0145, 0.1282 0.8268 0.0145, 0.1399 0.8421 0.0145, 0.1551 0.8538 0.0145, 0.1729 0.8611 0.0145, 0.192 0.8636 0.0145, 0.1618 0.7377 0.0061, 0.1493 0.7473 0.0061, 0.1397 0.7598 0.0061, 0.1337 0.7744 0.0061, 0.1316 0.79 0.0061, 0.1337 0.8056 0.0061, 0.1397 0.8202 0.0061, 0.1493 0.8327 0.0061, 0.1618 0.8423 0.0061, 0.1763 0.8483 0.0061, 0.192 0.8504 0.0061, 0.1692 0.7505 0.001, 0.1597 0.7578 0.001, 0.1525 0.7672 0.001, 0.1479 0.7782 0.001, 0.1464 0.79 0.001, 0.1479 0.8018 0.001, 0.1525 0.8128 0.001, 0.1597 0.8222 0.001, 0.1692 0.8295 0.001, 0.1802 0.834 0.001, 0.192 0.8356 0.001, 0.1842 0.761 -0.0008, 0.177 0.764 -0.0008, 0.1708 0.7688 -0.0008, 0.166 0.775 -0.0008, 0.163 0.7822 -0.0008, 0.162 0.79 -0.0008, 0.163 0.7978 -0.0008, 0.166 0.805 -0.0008, 0.1708 0.8112 -0.0008, 0.177 0.816 -0.0008, 0.1842 0.819 -0.0008, 0.192 0.82 -0.0008, -1.188 -0.82 -0.0008, -1.188 -0.8356 0.001, -1.1998 -0.834 0.001, -1.188 -0.8504 0.0061, -1.2037 -0.8483 0.0061, -1.188 -0.8636 0.0145, -1.2071 -0.8611 0.0145, -1.188 -0.8747 0.0256, -1.21 -0.8718 0.0256, -1.188 -0.8831 0.0388, -1.2121 -0.8799 0.0388, -1.188 -0.8882 0.0536, -1.2135 -0.8849 0.0536, -1.188 -0.89 0.0692, -1.2139 -0.8866 0.0692, -1.238 -0.8766 0.0692, -1.2372 -0.8751 0.0536, -1.2587 -0.8607 0.0692, -1.2575 -0.8595 0.0536, -1.2746 -0.84 0.0692, -1.2731 -0.8391 0.0536, -1.2846 -0.8159 0.0692, -1.2829 -0.8154 0.0536, -1.288 -0.79 0.0692, -1.2863 -0.79 0.0536, -1.2846 -0.7641 0.0692, -1.2829 -0.7646 0.0536, -1.2746 -0.74 0.0692, -1.2731 -0.7409 0.0536, -1.2587 -0.7193 0.0692, -1.2575 -0.7205 0.0536, -1.238 -0.7034 0.0692, -1.2372 -0.7049 0.0536, -1.2139 -0.6934 0.0692, -1.2135 -0.6951 0.0536, -1.188 -0.69 0.0692, -1.188 -0.6918 0.0536, -1.2346 -0.8706 0.0388, -1.2538 -0.8558 0.0388, -1.2686 -0.8365 0.0388, -1.2779 -0.8141 0.0388, -1.2811 -0.79 0.0388, -1.2779 -0.7659 0.0388, -1.2686 -0.7435 0.0388, -1.2538 -0.7242 0.0388, -1.2346 -0.7094 0.0388, -1.2121 -0.7001 0.0388, -1.188 -0.6969 0.0388, -1.2304 -0.8634 0.0256, -1.2479 -0.8499 0.0256, -1.2614 -0.8324 0.0256, -1.2699 -0.8119 0.0256, -1.2728 -0.79 0.0256, -1.2699 -0.7681 0.0256, -1.2614 -0.7476 0.0256, -1.2479 -0.7301 0.0256, -1.2304 -0.7166 0.0256, -1.21 -0.7082 0.0256, -1.188 -0.7053 0.0256, -1.2249 -0.8538 0.0145, -1.2401 -0.8421 0.0145, -1.2518 -0.8268 0.0145, -1.2592 -0.8091 0.0145, -1.2617 -0.79 0.0145, -1.2592 -0.7709 0.0145, -1.2518 -0.7532 0.0145, -1.2401 -0.7379 0.0145, -1.2249 -0.7262 0.0145, -1.2071 -0.7189 0.0145, -1.188 -0.7164 0.0145, -1.2182 -0.8423 0.0061, -1.2307 -0.8327 0.0061, -1.2403 -0.8202 0.0061, -1.2463 -0.8056 0.0061, -1.2484 -0.79 0.0061, -1.2463 -0.7744 0.0061, -1.2403 -0.7598 0.0061, -1.2307 -0.7473 0.0061, -1.2182 -0.7377 0.0061, -1.2037 -0.7317 0.0061, -1.188 -0.7296 0.0061, -1.2108 -0.8295 0.001, -1.2203 -0.8222 0.001, -1.2275 -0.8128 0.001, -1.2321 -0.8018 0.001, -1.2336 -0.79 0.001, -1.2321 -0.7782 0.001, -1.2275 -0.7672 0.001, -1.2203 -0.7578 0.001, -1.2108 -0.7505 0.001, -1.1998 -0.746 0.001, -1.188 -0.7444 0.001, -1.1958 -0.819 -0.0008, -1.203 -0.816 -0.0008, -1.2092 -0.8112 -0.0008, -1.214 -0.805 -0.0008, -1.217 -0.7978 -0.0008, -1.218 -0.79 -0.0008, -1.217 -0.7822 -0.0008, -1.214 -0.775 -0.0008, -1.2092 -0.7688 -0.0008, -1.203 -0.764 -0.0008, -1.1958 -0.761 -0.0008, -1.188 -0.76 -0.0008, -0.808 -0.69 0.0692, -0.808 -0.6918 0.0536, -0.8335 -0.6951 0.0536, -0.808 -0.6969 0.0388, -0.8321 -0.7001 0.0388, -0.808 -0.7053 0.0256, -0.83 -0.7082 0.0256, -0.808 -0.7164 0.0145, -0.8271 -0.7189 0.0145, -0.808 -0.7296 0.0061, -0.8237 -0.7317 0.0061, -0.808 -0.7444 0.001, -0.8198 -0.746 0.001, -0.808 -0.76 -0.0008, -0.8158 -0.761 -0.0008, -0.823 -0.764 -0.0008, -0.8308 -0.7505 0.001, -0.8292 -0.7688 -0.0008, -0.8403 -0.7578 0.001, -0.834 -0.775 -0.0008, -0.8475 -0.7672 0.001, -0.837 -0.7822 -0.0008, -0.8521 -0.7782 0.001, -0.838 -0.79 -0.0008, -0.8536 -0.79 0.001, -0.837 -0.7978 -0.0008, -0.8521 -0.8018 0.001, -0.834 -0.805 -0.0008, -0.8475 -0.8128 0.001, -0.8292 -0.8112 -0.0008, -0.8403 -0.8222 0.001, -0.823 -0.816 -0.0008, -0.8308 -0.8295 0.001, -0.8158 -0.819 -0.0008, -0.8198 -0.834 0.001, -0.808 -0.82 -0.0008, -0.808 -0.8356 0.001, -0.8382 -0.7377 0.0061, -0.8507 -0.7473 0.0061, -0.8603 -0.7598 0.0061, -0.8663 -0.7744 0.0061, -0.8684 -0.79 0.0061, -0.8663 -0.8056 0.0061, -0.8603 -0.8202 0.0061, -0.8507 -0.8327 0.0061, -0.8382 -0.8423 0.0061, -0.8237 -0.8483 0.0061, -0.808 -0.8504 0.0061, -0.8449 -0.7262 0.0145, -0.8601 -0.7379 0.0145, -0.8718 -0.7532 0.0145, -0.8792 -0.7709 0.0145, -0.8817 -0.79 0.0145, -0.8792 -0.8091 0.0145, -0.8718 -0.8268 0.0145, -0.8601 -0.8421 0.0145, -0.8449 -0.8538 0.0145, -0.8271 -0.8611 0.0145, -0.808 -0.8636 0.0145, -0.8504 -0.7166 0.0256, -0.8679 -0.7301 0.0256, -0.8814 -0.7476 0.0256, -0.8899 -0.7681 0.0256, -0.8928 -0.79 0.0256, -0.8899 -0.8119 0.0256, -0.8814 -0.8324 0.0256, -0.8679 -0.8499 0.0256, -0.8504 -0.8634 0.0256, -0.83 -0.8718 0.0256, -0.808 -0.8747 0.0256, -0.8546 -0.7094 0.0388, -0.8738 -0.7242 0.0388, -0.8886 -0.7435 0.0388, -0.8979 -0.7659 0.0388, -0.9011 -0.79 0.0388, -0.8979 -0.8141 0.0388, -0.8886 -0.8365 0.0388, -0.8738 -0.8558 0.0388, -0.8546 -0.8706 0.0388, -0.8321 -0.8799 0.0388, -0.808 -0.8831 0.0388, -0.8572 -0.7049 0.0536, -0.8775 -0.7205 0.0536, -0.8931 -0.7409 0.0536, -0.9029 -0.7646 0.0536, -0.9063 -0.79 0.0536, -0.9029 -0.8154 0.0536, -0.8931 -0.8391 0.0536, -0.8775 -0.8595 0.0536, -0.8572 -0.8751 0.0536, -0.8335 -0.8849 0.0536, -0.808 -0.8882 0.0536, -0.8339 -0.6934 0.0692, -0.858 -0.7034 0.0692, -0.8787 -0.7193 0.0692, -0.8946 -0.74 0.0692, -0.9046 -0.7641 0.0692, -0.908 -0.79 0.0692, -0.9046 -0.8159 0.0692, -0.8946 -0.84 0.0692, -0.8787 -0.8607 0.0692, -0.858 -0.8766 0.0692, -0.8339 -0.8866 0.0692, -0.808 -0.89 0.0692, -1.188 0.89 0.0692, -1.188 0.8882 0.0536, -1.2135 0.8849 0.0536, -1.188 0.8831 0.0388, -1.2121 0.8799 0.0388, -1.188 0.8747 0.0256, -1.21 0.8718 0.0256, -1.188 0.8636 0.0145, -1.2071 0.8611 0.0145, -1.188 0.8504 0.0061, -1.2037 0.8483 0.0061, -1.188 0.8356 0.001, -1.1998 0.834 0.001, -1.188 0.82 -0.0008, -1.1958 0.819 -0.0008, -1.203 0.816 -0.0008, -1.2108 0.8295 0.001, -1.2092 0.8112 -0.0008, -1.2203 0.8222 0.001, -1.214 0.805 -0.0008, -1.2275 0.8128 0.001, -1.217 0.7978 -0.0008, -1.2321 0.8018 0.001, -1.218 0.79 -0.0008, -1.2336 0.79 0.001, -1.217 0.7822 -0.0008, -1.2321 0.7782 0.001, -1.214 0.775 -0.0008, -1.2275 0.7672 0.001, -1.2092 0.7688 -0.0008, -1.2203 0.7578 0.001, -1.203 0.764 -0.0008, -1.2108 0.7505 0.001, -1.1958 0.761 -0.0008, -1.1998 0.746 0.001, -1.188 0.76 -0.0008, -1.188 0.7444 0.001, -1.2182 0.8423 0.0061, -1.2307 0.8327 0.0061, -1.2403 0.8202 0.0061, -1.2463 0.8056 0.0061, -1.2484 0.79 0.0061, -1.2463 0.7744 0.0061, -1.2403 0.7598 0.0061, -1.2307 0.7473 0.0061, -1.2182 0.7377 0.0061, -1.2037 0.7317 0.0061, -1.188 0.7296 0.0061, -1.2249 0.8538 0.0145, -1.2401 0.8421 0.0145, -1.2518 0.8268 0.0145, -1.2592 0.8091 0.0145, -1.2617 0.79 0.0145, -1.2592 0.7709 0.0145, -1.2518 0.7532 0.0145, -1.2401 0.7379 0.0145, -1.2249 0.7262 0.0145, -1.2071 0.7189 0.0145, -1.188 0.7164 0.0145, -1.2304 0.8634 0.0256, -1.2479 0.8499 0.0256, -1.2614 0.8324 0.0256, -1.2699 0.8119 0.0256, -1.2728 0.79 0.0256, -1.2699 0.7681 0.0256, -1.2614 0.7476 0.0256, -1.2479 0.7301 0.0256, -1.2304 0.7166 0.0256, -1.21 0.7082 0.0256, -1.188 0.7053 0.0256, -1.2346 0.8706 0.0388, -1.2538 0.8558 0.0388, -1.2686 0.8365 0.0388, -1.2779 0.8141 0.0388, -1.2811 0.79 0.0388, -1.2779 0.7659 0.0388, -1.2686 0.7435 0.0388, -1.2538 0.7242 0.0388, -1.2346 0.7094 0.0388, -1.2121 0.7001 0.0388, -1.188 0.6969 0.0388, -1.2372 0.8751 0.0536, -1.2575 0.8595 0.0536, -1.2731 0.8391 0.0536, -1.2829 0.8154 0.0536, -1.2863 0.79 0.0536, -1.2829 0.7646 0.0536, -1.2731 0.7409 0.0536, -1.2575 0.7205 0.0536, -1.2372 0.7049 0.0536, -1.2135 0.6951 0.0536, -1.188 0.6918 0.0536, -1.2139 0.8866 0.0692, -1.238 0.8766 0.0692, -1.2587 0.8607 0.0692, -1.2746 0.84 0.0692, -1.2846 0.8159 0.0692, -1.288 0.79 0.0692, -1.2846 0.7641 0.0692, -1.2746 0.74 0.0692, -1.2587 0.7193 0.0692, -1.238 0.7034 0.0692, -1.2139 0.6934 0.0692, -1.188 0.69 0.0692, -0.808 0.76 -0.0008, -0.808 0.7444 0.001, -0.8198 0.746 0.001, -0.808 0.7296 0.0061, -0.8237 0.7317 0.0061, -0.808 0.7164 0.0145, -0.8271 0.7189 0.0145, -0.808 0.7053 0.0256, -0.83 0.7082 0.0256, -0.808 0.6969 0.0388, -0.8321 0.7001 0.0388, -0.808 0.6918 0.0536, -0.8335 0.6951 0.0536, -0.808 0.69 0.0692, -0.8339 0.6934 0.0692, -0.858 0.7034 0.0692, -0.8572 0.7049 0.0536, -0.8787 0.7193 0.0692, -0.8775 0.7205 0.0536, -0.8946 0.74 0.0692, -0.8931 0.7409 0.0536, -0.9046 0.7641 0.0692, -0.9029 0.7646 0.0536, -0.908 0.79 0.0692, -0.9063 0.79 0.0536, -0.9046 0.8159 0.0692, -0.9029 0.8154 0.0536, -0.8946 0.84 0.0692, -0.8931 0.8391 0.0536, -0.8787 0.8607 0.0692, -0.8775 0.8595 0.0536, -0.858 0.8766 0.0692, -0.8572 0.8751 0.0536, -0.8339 0.8866 0.0692, -0.8335 0.8849 0.0536, -0.808 0.89 0.0692, -0.808 0.8882 0.0536, -0.8546 0.7094 0.0388, -0.8738 0.7242 0.0388, -0.8886 0.7435 0.0388, -0.8979 0.7659 0.0388, -0.9011 0.79 0.0388, -0.8979 0.8141 0.0388, -0.8886 0.8365 0.0388, -0.8738 0.8558 0.0388, -0.8546 0.8706 0.0388, -0.8321 0.8799 0.0388, -0.808 0.8831 0.0388, -0.8504 0.7166 0.0256, -0.8679 0.7301 0.0256, -0.8814 0.7476 0.0256, -0.8899 0.7681 0.0256, -0.8928 0.79 0.0256, -0.8899 0.8119 0.0256, -0.8814 0.8324 0.0256, -0.8679 0.8499 0.0256, -0.8504 0.8634 0.0256, -0.83 0.8718 0.0256, -0.808 0.8747 0.0256, -0.8449 0.7262 0.0145, -0.8601 0.7379 0.0145, -0.8718 0.7532 0.0145, -0.8792 0.7709 0.0145, -0.8817 0.79 0.0145, -0.8792 0.8091 0.0145, -0.8718 0.8268 0.0145, -0.8601 0.8421 0.0145, -0.8449 0.8538 0.0145, -0.8271 0.8611 0.0145, -0.808 0.8636 0.0145, -0.8382 0.7377 0.0061, -0.8507 0.7473 0.0061, -0.8603 0.7598 0.0061, -0.8663 0.7744 0.0061, -0.8684 0.79 0.0061, -0.8663 0.8056 0.0061, -0.8603 0.8202 0.0061, -0.8507 0.8327 0.0061, -0.8382 0.8423 0.0061, -0.8237 0.8483 0.0061, -0.808 0.8504 0.0061, -0.8308 0.7505 0.001, -0.8403 0.7578 0.001, -0.8475 0.7672 0.001, -0.8521 0.7782 0.001, -0.8536 0.79 0.001, -0.8521 0.8018 0.001, -0.8475 0.8128 0.001, -0.8403 0.8222 0.001, -0.8308 0.8295 0.001, -0.8198 0.834 0.001, -0.808 0.8356 0.001, -0.8158 0.761 -0.0008, -0.823 0.764 -0.0008, -0.8292 0.7688 -0.0008, -0.834 0.775 -0.0008, -0.837 0.7822 -0.0008, -0.838 0.79 -0.0008, -0.837 0.7978 -0.0008, -0.834 0.805 -0.0008, -0.8292 0.8112 -0.0008, -0.823 0.816 -0.0008, -0.8158 0.819 -0.0008, -0.808 0.82 -0.0008, 1.842 0.79 -0.0008, 1.8332 0.7688 -0.0008, 1.8379 0.775 -0.0008, 1.8409 0.7822 -0.0008, 1.8332 0.8112 -0.0008, 1.8379 0.805 -0.0008, 1.827 0.816 -0.0008, 1.8197 0.819 -0.0008, 1.8409 0.7978 -0.0008, 1.827 0.764 -0.0008, 1.8197 0.761 -0.0008, 1.812 0.69 0.0992, 1.7945 0.6923 0.0992, 1.812 0.89 0.0992, 1.7945 0.8877 0.0992, 1.7861 0.8866 0.0992, 1.762 0.8766 0.0992, 1.7413 0.8607 0.0992, 1.7254 0.84 0.0992, 1.7154 0.8159 0.0992, 1.712 0.79 0.0992, 1.7154 0.7641 0.0992, 1.7254 0.74 0.0992, 1.7413 0.7193 0.0992, 1.762 0.7034 0.0992, 1.7861 0.6934 0.0992, 2.222 0.79 -0.0008, 2.1997 0.761 -0.0008, 2.1997 0.819 -0.0008, 2.2209 0.7822 -0.0008, 2.218 0.775 -0.0008, 2.207 0.764 -0.0008, 2.2132 0.7688 -0.0008, 2.207 0.816 -0.0008, 2.2132 0.8112 -0.0008, 2.218 0.805 -0.0008, 2.2209 0.7978 -0.0008, 2.192 0.69 0.0992, 2.1661 0.6934 0.0992, 2.142 0.7034 0.0992, 2.1213 0.7193 0.0992, 2.1054 0.74 0.0992, 2.0954 0.7641 0.0992, 2.092 0.79 0.0992, 2.0954 0.8159 0.0992, 2.1054 0.84 0.0992, 2.1213 0.8607 0.0992, 2.142 0.8766 0.0992, 2.1661 0.8866 0.0992, 2.192 0.89 0.0992, 1.8409 -0.7978 -0.0008, 1.8379 -0.805 -0.0008, 1.8332 -0.8112 -0.0008, 1.827 -0.816 -0.0008, 1.8197 -0.819 -0.0008, 1.842 -0.79 -0.0008, 1.8197 -0.761 -0.0008, 1.827 -0.764 -0.0008, 1.8332 -0.7688 -0.0008, 1.8379 -0.775 -0.0008, 1.8409 -0.7822 -0.0008, 1.812 -0.89 0.0992, 1.7945 -0.8877 0.0992, 1.812 -0.69 0.0992, 1.7945 -0.6923 0.0992, 1.7861 -0.6934 0.0992, 1.762 -0.7034 0.0992, 1.7413 -0.7193 0.0992, 1.7254 -0.74 0.0992, 1.7154 -0.7641 0.0992, 1.712 -0.79 0.0992, 1.7154 -0.8159 0.0992, 1.7254 -0.84 0.0992, 1.7413 -0.8607 0.0992, 1.762 -0.8766 0.0992, 1.7861 -0.8866 0.0992, 2.222 -0.79 -0.0008, 2.218 -0.805 -0.0008, 2.2132 -0.8112 -0.0008, 2.207 -0.816 -0.0008, 2.1997 -0.819 -0.0008, 2.1997 -0.761 -0.0008, 2.207 -0.764 -0.0008, 2.2132 -0.7688 -0.0008, 2.218 -0.775 -0.0008, 2.2209 -0.7822 -0.0008, 2.2209 -0.7978 -0.0008, 2.192 -0.89 0.0992, 2.1661 -0.8866 0.0992, 2.142 -0.8766 0.0992, 2.1213 -0.8607 0.0992, 2.1054 -0.84 0.0992, 2.0954 -0.8159 0.0992, 2.092 -0.79 0.0992, 2.0954 -0.7641 0.0992, 2.1054 -0.74 0.0992, 2.1213 -0.7193 0.0992, 2.142 -0.7034 0.0992, 2.1661 -0.6934 0.0992, 2.192 -0.69 0.0992, 0.842 0.79 -0.0008, 0.8332 0.7688 -0.0008, 0.8379 0.775 -0.0008, 0.8409 0.7822 -0.0008, 0.8332 0.8112 -0.0008, 0.8379 0.805 -0.0008, 0.827 0.816 -0.0008, 0.8197 0.819 -0.0008, 0.8409 0.7978 -0.0008, 0.827 0.764 -0.0008, 0.8197 0.761 -0.0008, 0.812 0.69 0.0992, 0.7945 0.6923 0.0992, 0.812 0.89 0.0992, 0.7945 0.8877 0.0992, 0.7861 0.8866 0.0992, 0.762 0.8766 0.0992, 0.7413 0.8607 0.0992, 0.7254 0.84 0.0992, 0.7154 0.8159 0.0992, 0.712 0.79 0.0992, 0.7154 0.7641 0.0992, 0.7254 0.74 0.0992, 0.7413 0.7193 0.0992, 0.762 0.7034 0.0992, 0.7861 0.6934 0.0992, 1.222 0.79 -0.0008, 1.1997 0.761 -0.0008, 1.1997 0.819 -0.0008, 1.2209 0.7822 -0.0008, 1.2179 0.775 -0.0008, 1.207 0.764 -0.0008, 1.2132 0.7688 -0.0008, 1.207 0.816 -0.0008, 1.2132 0.8112 -0.0008, 1.2179 0.805 -0.0008, 1.2209 0.7978 -0.0008, 1.192 0.69 0.0992, 1.1661 0.6934 0.0992, 1.142 0.7034 0.0992, 1.1213 0.7193 0.0992, 1.1054 0.74 0.0992, 1.0954 0.7641 0.0992, 1.092 0.79 0.0992, 1.0954 0.8159 0.0992, 1.1054 0.84 0.0992, 1.1213 0.8607 0.0992, 1.142 0.8766 0.0992, 1.1661 0.8866 0.0992, 1.192 0.89 0.0992, 0.8409 -0.7978 -0.0008, 0.8379 -0.805 -0.0008, 0.8332 -0.8112 -0.0008, 0.827 -0.816 -0.0008, 0.8197 -0.819 -0.0008, 0.842 -0.79 -0.0008, 0.8197 -0.761 -0.0008, 0.827 -0.764 -0.0008, 0.8332 -0.7688 -0.0008, 0.8379 -0.775 -0.0008, 0.8409 -0.7822 -0.0008, 0.812 -0.89 0.0992, 0.7945 -0.8877 0.0992, 0.812 -0.69 0.0992, 0.7945 -0.6923 0.0992, 0.7861 -0.6934 0.0992, 0.762 -0.7034 0.0992, 0.7413 -0.7193 0.0992, 0.7254 -0.74 0.0992, 0.7154 -0.7641 0.0992, 0.712 -0.79 0.0992, 0.7154 -0.8159 0.0992, 0.7254 -0.84 0.0992, 0.7413 -0.8607 0.0992, 0.762 -0.8766 0.0992, 0.7861 -0.8866 0.0992, 1.222 -0.79 -0.0008, 1.2179 -0.805 -0.0008, 1.2132 -0.8112 -0.0008, 1.207 -0.816 -0.0008, 1.1997 -0.819 -0.0008, 1.1997 -0.761 -0.0008, 1.207 -0.764 -0.0008, 1.2132 -0.7688 -0.0008, 1.2179 -0.775 -0.0008, 1.2209 -0.7822 -0.0008, 1.2209 -0.7978 -0.0008, 1.192 -0.89 0.0992, 1.1661 -0.8866 0.0992, 1.142 -0.8766 0.0992, 1.1213 -0.8607 0.0992, 1.1054 -0.84 0.0992, 1.0954 -0.8159 0.0992, 1.092 -0.79 0.0992, 1.0954 -0.7641 0.0992, 1.1054 -0.74 0.0992, 1.1213 -0.7193 0.0992, 1.142 -0.7034 0.0992, 1.1661 -0.6934 0.0992, 1.192 -0.69 0.0992, -0.158 0.79 -0.0008, -0.1668 0.7688 -0.0008, -0.162 0.775 -0.0008, -0.1591 0.7822 -0.0008, -0.1668 0.8112 -0.0008, -0.162 0.805 -0.0008, -0.173 0.816 -0.0008, -0.1803 0.819 -0.0008, -0.1591 0.7978 -0.0008, -0.173 0.764 -0.0008, -0.1803 0.761 -0.0008, -0.188 0.69 0.0992, -0.2055 0.6923 0.0992, -0.188 0.89 0.0992, -0.2055 0.8877 0.0992, -0.2139 0.8866 0.0992, -0.238 0.8766 0.0992, -0.2587 0.8607 0.0992, -0.2746 0.84 0.0992, -0.2846 0.8159 0.0992, -0.288 0.79 0.0992, -0.2846 0.7641 0.0992, -0.2746 0.74 0.0992, -0.2587 0.7193 0.0992, -0.238 0.7034 0.0992, -0.2139 0.6934 0.0992, 0.222 0.79 -0.0008, 0.1997 0.761 -0.0008, 0.1997 0.819 -0.0008, 0.2209 0.7822 -0.0008, 0.2179 0.775 -0.0008, 0.207 0.764 -0.0008, 0.2132 0.7688 -0.0008, 0.207 0.816 -0.0008, 0.2132 0.8112 -0.0008, 0.2179 0.805 -0.0008, 0.2209 0.7978 -0.0008, 0.192 0.69 0.0992, 0.1661 0.6934 0.0992, 0.142 0.7034 0.0992, 0.1213 0.7193 0.0992, 0.1054 0.74 0.0992, 0.0954 0.7641 0.0992, 0.092 0.79 0.0992, 0.0954 0.8159 0.0992, 0.1054 0.84 0.0992, 0.1213 0.8607 0.0992, 0.142 0.8766 0.0992, 0.1661 0.8866 0.0992, 0.192 0.89 0.0992, -0.1591 -0.7978 -0.0008, -0.162 -0.805 -0.0008, -0.1668 -0.8112 -0.0008, -0.173 -0.816 -0.0008, -0.1803 -0.819 -0.0008, -0.158 -0.79 -0.0008, -0.1803 -0.761 -0.0008, -0.173 -0.764 -0.0008, -0.1668 -0.7688 -0.0008, -0.162 -0.775 -0.0008, -0.1591 -0.7822 -0.0008, -0.188 -0.89 0.0992, -0.2055 -0.8877 0.0992, -0.188 -0.69 0.0992, -0.2055 -0.6923 0.0992, -0.2139 -0.6934 0.0992, -0.238 -0.7034 0.0992, -0.2587 -0.7193 0.0992, -0.2746 -0.74 0.0992, -0.2846 -0.7641 0.0992, -0.288 -0.79 0.0992, -0.2846 -0.8159 0.0992, -0.2746 -0.84 0.0992, -0.2587 -0.8607 0.0992, -0.238 -0.8766 0.0992, -0.2139 -0.8866 0.0992, 0.222 -0.79 -0.0008, 0.2179 -0.805 -0.0008, 0.2132 -0.8112 -0.0008, 0.207 -0.816 -0.0008, 0.1997 -0.819 -0.0008, 0.1997 -0.761 -0.0008, 0.207 -0.764 -0.0008, 0.2132 -0.7688 -0.0008, 0.2179 -0.775 -0.0008, 0.2209 -0.7822 -0.0008, 0.2209 -0.7978 -0.0008, 0.192 -0.89 0.0992, 0.1661 -0.8866 0.0992, 0.142 -0.8766 0.0992, 0.1213 -0.8607 0.0992, 0.1054 -0.84 0.0992, 0.0954 -0.8159 0.0992, 0.092 -0.79 0.0992, 0.0954 -0.7641 0.0992, 0.1054 -0.74 0.0992, 0.1213 -0.7193 0.0992, 0.142 -0.7034 0.0992, 0.1661 -0.6934 0.0992, 0.192 -0.69 0.0992, -1.158 0.79 -0.0008, -1.1668 0.7688 -0.0008, -1.1621 0.775 -0.0008, -1.1591 0.7822 -0.0008, -1.1668 0.8112 -0.0008, -1.1621 0.805 -0.0008, -1.173 0.816 -0.0008, -1.1803 0.819 -0.0008, -1.1591 0.7978 -0.0008, -1.173 0.764 -0.0008, -1.1803 0.761 -0.0008, -1.188 0.69 0.0992, -1.2055 0.6923 0.0992, -1.188 0.89 0.0992, -1.2055 0.8877 0.0992, -1.2139 0.8866 0.0992, -1.238 0.8766 0.0992, -1.2587 0.8607 0.0992, -1.2746 0.84 0.0992, -1.2846 0.8159 0.0992, -1.288 0.79 0.0992, -1.2846 0.7641 0.0992, -1.2746 0.74 0.0992, -1.2587 0.7193 0.0992, -1.238 0.7034 0.0992, -1.2139 0.6934 0.0992, -0.778 0.79 -0.0008, -0.8003 0.761 -0.0008, -0.8003 0.819 -0.0008, -0.7791 0.7822 -0.0008, -0.7821 0.775 -0.0008, -0.793 0.764 -0.0008, -0.7868 0.7688 -0.0008, -0.793 0.816 -0.0008, -0.7868 0.8112 -0.0008, -0.7821 0.805 -0.0008, -0.7791 0.7978 -0.0008, -0.808 0.69 0.0992, -0.8339 0.6934 0.0992, -0.858 0.7034 0.0992, -0.8787 0.7193 0.0992, -0.8946 0.74 0.0992, -0.9046 0.7641 0.0992, -0.908 0.79 0.0992, -0.9046 0.8159 0.0992, -0.8946 0.84 0.0992, -0.8787 0.8607 0.0992, -0.858 0.8766 0.0992, -0.8339 0.8866 0.0992, -0.808 0.89 0.0992, -1.1591 -0.7978 -0.0008, -1.1621 -0.805 -0.0008, -1.1668 -0.8112 -0.0008, -1.173 -0.816 -0.0008, -1.1803 -0.819 -0.0008, -1.158 -0.79 -0.0008, -1.1803 -0.761 -0.0008, -1.173 -0.764 -0.0008, -1.1668 -0.7688 -0.0008, -1.1621 -0.775 -0.0008, -1.1591 -0.7822 -0.0008, -1.188 -0.89 0.0992, -1.2055 -0.8877 0.0992, -1.188 -0.69 0.0992, -1.2055 -0.6923 0.0992, -1.2139 -0.6934 0.0992, -1.238 -0.7034 0.0992, -1.2587 -0.7193 0.0992, -1.2746 -0.74 0.0992, -1.2846 -0.7641 0.0992, -1.288 -0.79 0.0992, -1.2846 -0.8159 0.0992, -1.2746 -0.84 0.0992, -1.2587 -0.8607 0.0992, -1.238 -0.8766 0.0992, -1.2139 -0.8866 0.0992, -0.778 -0.79 -0.0008, -0.7821 -0.805 -0.0008, -0.7868 -0.8112 -0.0008, -0.793 -0.816 -0.0008, -0.8003 -0.819 -0.0008, -0.8003 -0.761 -0.0008, -0.793 -0.764 -0.0008, -0.7868 -0.7688 -0.0008, -0.7821 -0.775 -0.0008, -0.7791 -0.7822 -0.0008, -0.7791 -0.7978 -0.0008, -0.808 -0.89 0.0992, -0.8339 -0.8866 0.0992, -0.858 -0.8766 0.0992, -0.8787 -0.8607 0.0992, -0.8946 -0.84 0.0992, -0.9046 -0.8159 0.0992, -0.908 -0.79 0.0992, -0.9046 -0.7641 0.0992, -0.8946 -0.74 0.0992, -0.8787 -0.7193 0.0992, -0.858 -0.7034 0.0992, -0.8339 -0.6934 0.0992, -0.808 -0.69 0.0992, -2.188 -0.82 -0.0008, -2.188 -0.8356 0.001, -2.1998 -0.834 0.001, -2.188 -0.8504 0.0061, -2.2037 -0.8483 0.0061, -2.188 -0.8636 0.0145, -2.2071 -0.8611 0.0145, -2.188 -0.8747 0.0256, -2.21 -0.8718 0.0256, -2.188 -0.8831 0.0388, -2.2121 -0.8799 0.0388, -2.188 -0.8882 0.0536, -2.2135 -0.8849 0.0536, -2.188 -0.89 0.0692, -2.2139 -0.8866 0.0692, -2.238 -0.8766 0.0692, -2.2372 -0.8751 0.0536, -2.2587 -0.8607 0.0692, -2.2575 -0.8595 0.0536, -2.2746 -0.84 0.0692, -2.2731 -0.8391 0.0536, -2.2846 -0.8159 0.0692, -2.2829 -0.8154 0.0536, -2.288 -0.79 0.0692, -2.2863 -0.79 0.0536, -2.2846 -0.7641 0.0692, -2.2829 -0.7646 0.0536, -2.2746 -0.74 0.0692, -2.2731 -0.7409 0.0536, -2.2587 -0.7193 0.0692, -2.2575 -0.7205 0.0536, -2.238 -0.7034 0.0692, -2.2372 -0.7049 0.0536, -2.2139 -0.6934 0.0692, -2.2135 -0.6951 0.0536, -2.188 -0.69 0.0692, -2.188 -0.6918 0.0536, -2.2346 -0.8706 0.0388, -2.2538 -0.8558 0.0388, -2.2686 -0.8365 0.0388, -2.2779 -0.8141 0.0388, -2.2811 -0.79 0.0388, -2.2779 -0.7659 0.0388, -2.2686 -0.7435 0.0388, -2.2538 -0.7242 0.0388, -2.2346 -0.7094 0.0388, -2.2121 -0.7001 0.0388, -2.188 -0.6969 0.0388, -2.2304 -0.8634 0.0256, -2.2479 -0.8499 0.0256, -2.2614 -0.8324 0.0256, -2.2699 -0.8119 0.0256, -2.2728 -0.79 0.0256, -2.2699 -0.7681 0.0256, -2.2614 -0.7476 0.0256, -2.2479 -0.7301 0.0256, -2.2304 -0.7166 0.0256, -2.21 -0.7082 0.0256, -2.188 -0.7053 0.0256, -2.2249 -0.8538 0.0145, -2.2401 -0.8421 0.0145, -2.2518 -0.8268 0.0145, -2.2592 -0.8091 0.0145, -2.2617 -0.79 0.0145, -2.2592 -0.7709 0.0145, -2.2518 -0.7532 0.0145, -2.2401 -0.7379 0.0145, -2.2249 -0.7262 0.0145, -2.2071 -0.7189 0.0145, -2.188 -0.7164 0.0145, -2.2182 -0.8423 0.0061, -2.2307 -0.8327 0.0061, -2.2403 -0.8202 0.0061, -2.2463 -0.8056 0.0061, -2.2484 -0.79 0.0061, -2.2463 -0.7744 0.0061, -2.2403 -0.7598 0.0061, -2.2307 -0.7473 0.0061, -2.2182 -0.7377 0.0061, -2.2037 -0.7317 0.0061, -2.188 -0.7296 0.0061, -2.2108 -0.8295 0.001, -2.2203 -0.8222 0.001, -2.2275 -0.8128 0.001, -2.2321 -0.8018 0.001, -2.2336 -0.79 0.001, -2.2321 -0.7782 0.001, -2.2275 -0.7672 0.001, -2.2203 -0.7578 0.001, -2.2108 -0.7505 0.001, -2.1998 -0.746 0.001, -2.188 -0.7444 0.001, -2.1958 -0.819 -0.0008, -2.203 -0.816 -0.0008, -2.2092 -0.8112 -0.0008, -2.214 -0.805 -0.0008, -2.217 -0.7978 -0.0008, -2.218 -0.79 -0.0008, -2.217 -0.7822 -0.0008, -2.214 -0.775 -0.0008, -2.2092 -0.7688 -0.0008, -2.203 -0.764 -0.0008, -2.1958 -0.761 -0.0008, -2.188 -0.76 -0.0008, -1.808 -0.69 0.0692, -1.808 -0.6918 0.0536, -1.8335 -0.6951 0.0536, -1.808 -0.6969 0.0388, -1.8321 -0.7001 0.0388, -1.808 -0.7053 0.0256, -1.83 -0.7082 0.0256, -1.808 -0.7164 0.0145, -1.8271 -0.7189 0.0145, -1.808 -0.7296 0.0061, -1.8237 -0.7317 0.0061, -1.808 -0.7444 0.001, -1.8198 -0.746 0.001, -1.808 -0.76 -0.0008, -1.8158 -0.761 -0.0008, -1.823 -0.764 -0.0008, -1.8308 -0.7505 0.001, -1.8292 -0.7688 -0.0008, -1.8403 -0.7578 0.001, -1.834 -0.775 -0.0008, -1.8475 -0.7672 0.001, -1.837 -0.7822 -0.0008, -1.8521 -0.7782 0.001, -1.838 -0.79 -0.0008, -1.8536 -0.79 0.001, -1.837 -0.7978 -0.0008, -1.8521 -0.8018 0.001, -1.834 -0.805 -0.0008, -1.8475 -0.8128 0.001, -1.8292 -0.8112 -0.0008, -1.8403 -0.8222 0.001, -1.823 -0.816 -0.0008, -1.8308 -0.8295 0.001, -1.8158 -0.819 -0.0008, -1.8198 -0.834 0.001, -1.808 -0.82 -0.0008, -1.808 -0.8356 0.001, -1.8382 -0.7377 0.0061, -1.8507 -0.7473 0.0061, -1.8603 -0.7598 0.0061, -1.8663 -0.7744 0.0061, -1.8684 -0.79 0.0061, -1.8663 -0.8056 0.0061, -1.8603 -0.8202 0.0061, -1.8507 -0.8327 0.0061, -1.8382 -0.8423 0.0061, -1.8237 -0.8483 0.0061, -1.808 -0.8504 0.0061, -1.8449 -0.7262 0.0145, -1.8601 -0.7379 0.0145, -1.8718 -0.7532 0.0145, -1.8792 -0.7709 0.0145, -1.8817 -0.79 0.0145, -1.8792 -0.8091 0.0145, -1.8718 -0.8268 0.0145, -1.8601 -0.8421 0.0145, -1.8449 -0.8538 0.0145, -1.8271 -0.8611 0.0145, -1.808 -0.8636 0.0145, -1.8504 -0.7166 0.0256, -1.8679 -0.7301 0.0256, -1.8814 -0.7476 0.0256, -1.8899 -0.7681 0.0256, -1.8928 -0.79 0.0256, -1.8899 -0.8119 0.0256, -1.8814 -0.8324 0.0256, -1.8679 -0.8499 0.0256, -1.8504 -0.8634 0.0256, -1.83 -0.8718 0.0256, -1.808 -0.8747 0.0256, -1.8546 -0.7094 0.0388, -1.8738 -0.7242 0.0388, -1.8886 -0.7435 0.0388, -1.8979 -0.7659 0.0388, -1.9011 -0.79 0.0388, -1.8979 -0.8141 0.0388, -1.8886 -0.8365 0.0388, -1.8738 -0.8558 0.0388, -1.8546 -0.8706 0.0388, -1.8321 -0.8799 0.0388, -1.808 -0.8831 0.0388, -1.8572 -0.7049 0.0536, -1.8775 -0.7205 0.0536, -1.8931 -0.7409 0.0536, -1.9029 -0.7646 0.0536, -1.9063 -0.79 0.0536, -1.9029 -0.8154 0.0536, -1.8931 -0.8391 0.0536, -1.8775 -0.8595 0.0536, -1.8572 -0.8751 0.0536, -1.8335 -0.8849 0.0536, -1.808 -0.8882 0.0536, -1.8339 -0.6934 0.0692, -1.858 -0.7034 0.0692, -1.8787 -0.7193 0.0692, -1.8946 -0.74 0.0692, -1.9046 -0.7641 0.0692, -1.908 -0.79 0.0692, -1.9046 -0.8159 0.0692, -1.8946 -0.84 0.0692, -1.8787 -0.8607 0.0692, -1.858 -0.8766 0.0692, -1.8339 -0.8866 0.0692, -1.808 -0.89 0.0692, -2.188 0.89 0.0692, -2.188 0.8882 0.0536, -2.2135 0.8849 0.0536, -2.188 0.8831 0.0388, -2.2121 0.8799 0.0388, -2.188 0.8747 0.0256, -2.21 0.8718 0.0256, -2.188 0.8636 0.0145, -2.2071 0.8611 0.0145, -2.188 0.8504 0.0061, -2.2037 0.8483 0.0061, -2.188 0.8356 0.001, -2.1998 0.834 0.001, -2.188 0.82 -0.0008, -2.1958 0.819 -0.0008, -2.203 0.816 -0.0008, -2.2108 0.8295 0.001, -2.2092 0.8112 -0.0008, -2.2203 0.8222 0.001, -2.214 0.805 -0.0008, -2.2275 0.8128 0.001, -2.217 0.7978 -0.0008, -2.2321 0.8018 0.001, -2.218 0.79 -0.0008, -2.2336 0.79 0.001, -2.217 0.7822 -0.0008, -2.2321 0.7782 0.001, -2.214 0.775 -0.0008, -2.2275 0.7672 0.001, -2.2092 0.7688 -0.0008, -2.2203 0.7578 0.001, -2.203 0.764 -0.0008, -2.2108 0.7505 0.001, -2.1958 0.761 -0.0008, -2.1998 0.746 0.001, -2.188 0.76 -0.0008, -2.188 0.7444 0.001, -2.2182 0.8423 0.0061, -2.2307 0.8327 0.0061, -2.2403 0.8202 0.0061, -2.2463 0.8056 0.0061, -2.2484 0.79 0.0061, -2.2463 0.7744 0.0061, -2.2403 0.7598 0.0061, -2.2307 0.7473 0.0061, -2.2182 0.7377 0.0061, -2.2037 0.7317 0.0061, -2.188 0.7296 0.0061, -2.2249 0.8538 0.0145, -2.2401 0.8421 0.0145, -2.2518 0.8268 0.0145, -2.2592 0.8091 0.0145, -2.2617 0.79 0.0145, -2.2592 0.7709 0.0145, -2.2518 0.7532 0.0145, -2.2401 0.7379 0.0145, -2.2249 0.7262 0.0145, -2.2071 0.7189 0.0145, -2.188 0.7164 0.0145, -2.2304 0.8634 0.0256, -2.2479 0.8499 0.0256, -2.2614 0.8324 0.0256, -2.2699 0.8119 0.0256, -2.2728 0.79 0.0256, -2.2699 0.7681 0.0256, -2.2614 0.7476 0.0256, -2.2479 0.7301 0.0256, -2.2304 0.7166 0.0256, -2.21 0.7082 0.0256, -2.188 0.7053 0.0256, -2.2346 0.8706 0.0388, -2.2538 0.8558 0.0388, -2.2686 0.8365 0.0388, -2.2779 0.8141 0.0388, -2.2811 0.79 0.0388, -2.2779 0.7659 0.0388, -2.2686 0.7435 0.0388, -2.2538 0.7242 0.0388, -2.2346 0.7094 0.0388, -2.2121 0.7001 0.0388, -2.188 0.6969 0.0388, -2.2372 0.8751 0.0536, -2.2575 0.8595 0.0536, -2.2731 0.8391 0.0536, -2.2829 0.8154 0.0536, -2.2863 0.79 0.0536, -2.2829 0.7646 0.0536, -2.2731 0.7409 0.0536, -2.2575 0.7205 0.0536, -2.2372 0.7049 0.0536, -2.2135 0.6951 0.0536, -2.188 0.6918 0.0536, -2.2139 0.8866 0.0692, -2.238 0.8766 0.0692, -2.2587 0.8607 0.0692, -2.2746 0.84 0.0692, -2.2846 0.8159 0.0692, -2.288 0.79 0.0692, -2.2846 0.7641 0.0692, -2.2746 0.74 0.0692, -2.2587 0.7193 0.0692, -2.238 0.7034 0.0692, -2.2139 0.6934 0.0692, -2.188 0.69 0.0692, -1.808 0.76 -0.0008, -1.808 0.7444 0.001, -1.8198 0.746 0.001, -1.808 0.7296 0.0061, -1.8237 0.7317 0.0061, -1.808 0.7164 0.0145, -1.8271 0.7189 0.0145, -1.808 0.7053 0.0256, -1.83 0.7082 0.0256, -1.808 0.6969 0.0388, -1.8321 0.7001 0.0388, -1.808 0.6918 0.0536, -1.8335 0.6951 0.0536, -1.808 0.69 0.0692, -1.8339 0.6934 0.0692, -1.858 0.7034 0.0692, -1.8572 0.7049 0.0536, -1.8787 0.7193 0.0692, -1.8775 0.7205 0.0536, -1.8946 0.74 0.0692, -1.8931 0.7409 0.0536, -1.9046 0.7641 0.0692, -1.9029 0.7646 0.0536, -1.908 0.79 0.0692, -1.9063 0.79 0.0536, -1.9046 0.8159 0.0692, -1.9029 0.8154 0.0536, -1.8946 0.84 0.0692, -1.8931 0.8391 0.0536, -1.8787 0.8607 0.0692, -1.8775 0.8595 0.0536, -1.858 0.8766 0.0692, -1.8572 0.8751 0.0536, -1.8339 0.8866 0.0692, -1.8335 0.8849 0.0536, -1.808 0.89 0.0692, -1.808 0.8882 0.0536, -1.8546 0.7094 0.0388, -1.8738 0.7242 0.0388, -1.8886 0.7435 0.0388, -1.8979 0.7659 0.0388, -1.9011 0.79 0.0388, -1.8979 0.8141 0.0388, -1.8886 0.8365 0.0388, -1.8738 0.8558 0.0388, -1.8546 0.8706 0.0388, -1.8321 0.8799 0.0388, -1.808 0.8831 0.0388, -1.8504 0.7166 0.0256, -1.8679 0.7301 0.0256, -1.8814 0.7476 0.0256, -1.8899 0.7681 0.0256, -1.8928 0.79 0.0256, -1.8899 0.8119 0.0256, -1.8814 0.8324 0.0256, -1.8679 0.8499 0.0256, -1.8504 0.8634 0.0256, -1.83 0.8718 0.0256, -1.808 0.8747 0.0256, -1.8449 0.7262 0.0145, -1.8601 0.7379 0.0145, -1.8718 0.7532 0.0145, -1.8792 0.7709 0.0145, -1.8817 0.79 0.0145, -1.8792 0.8091 0.0145, -1.8718 0.8268 0.0145, -1.8601 0.8421 0.0145, -1.8449 0.8538 0.0145, -1.8271 0.8611 0.0145, -1.808 0.8636 0.0145, -1.8382 0.7377 0.0061, -1.8507 0.7473 0.0061, -1.8603 0.7598 0.0061, -1.8663 0.7744 0.0061, -1.8684 0.79 0.0061, -1.8663 0.8056 0.0061, -1.8603 0.8202 0.0061, -1.8507 0.8327 0.0061, -1.8382 0.8423 0.0061, -1.8237 0.8483 0.0061, -1.808 0.8504 0.0061, -1.8308 0.7505 0.001, -1.8403 0.7578 0.001, -1.8475 0.7672 0.001, -1.8521 0.7782 0.001, -1.8536 0.79 0.001, -1.8521 0.8018 0.001, -1.8475 0.8128 0.001, -1.8403 0.8222 0.001, -1.8308 0.8295 0.001, -1.8198 0.834 0.001, -1.808 0.8356 0.001, -1.8158 0.761 -0.0008, -1.823 0.764 -0.0008, -1.8292 0.7688 -0.0008, -1.834 0.775 -0.0008, -1.837 0.7822 -0.0008, -1.838 0.79 -0.0008, -1.837 0.7978 -0.0008, -1.834 0.805 -0.0008, -1.8292 0.8112 -0.0008, -1.823 0.816 -0.0008, -1.8158 0.819 -0.0008, -1.808 0.82 -0.0008, -2.158 0.79 -0.0008, -2.1668 0.7688 -0.0008, -2.1621 0.775 -0.0008, -2.1591 0.7822 -0.0008, -2.1668 0.8112 -0.0008, -2.1621 0.805 -0.0008, -2.173 0.816 -0.0008, -2.1803 0.819 -0.0008, -2.1591 0.7978 -0.0008, -2.173 0.764 -0.0008, -2.1803 0.761 -0.0008, -2.188 0.69 0.0992, -2.2055 0.6923 0.0992, -2.188 0.89 0.0992, -2.2055 0.8877 0.0992, -2.2139 0.8866 0.0992, -2.238 0.8766 0.0992, -2.2587 0.8607 0.0992, -2.2746 0.84 0.0992, -2.2846 0.8159 0.0992, -2.288 0.79 0.0992, -2.2846 0.7641 0.0992, -2.2746 0.74 0.0992, -2.2587 0.7193 0.0992, -2.238 0.7034 0.0992, -2.2139 0.6934 0.0992, -1.7791 0.7822 -0.0008, -1.7821 0.775 -0.0008, -1.793 0.816 -0.0008, -1.7868 0.8112 -0.0008, -1.7821 0.805 -0.0008, -1.793 0.764 -0.0008, -1.7868 0.7688 -0.0008, -1.778 0.79 -0.0008, -1.8003 0.819 -0.0008, -1.7791 0.7978 -0.0008, -1.8003 0.761 -0.0008, -1.808 0.69 0.0992, -1.8339 0.6934 0.0992, -1.858 0.7034 0.0992, -1.8787 0.7193 0.0992, -1.8946 0.74 0.0992, -1.9046 0.7641 0.0992, -1.908 0.79 0.0992, -1.9046 0.8159 0.0992, -1.8946 0.84 0.0992, -1.8787 0.8607 0.0992, -1.858 0.8766 0.0992, -1.8339 0.8866 0.0992, -1.808 0.89 0.0992, -2.1591 -0.7978 -0.0008, -2.1621 -0.805 -0.0008, -2.1668 -0.8112 -0.0008, -2.173 -0.816 -0.0008, -2.1803 -0.819 -0.0008, -2.158 -0.79 -0.0008, -2.1803 -0.761 -0.0008, -2.173 -0.764 -0.0008, -2.1668 -0.7688 -0.0008, -2.1621 -0.775 -0.0008, -2.1591 -0.7822 -0.0008, -2.188 -0.89 0.0992, -2.2055 -0.8877 0.0992, -2.188 -0.69 0.0992, -2.2055 -0.6923 0.0992, -2.2139 -0.6934 0.0992, -2.238 -0.7034 0.0992, -2.2587 -0.7193 0.0992, -2.2746 -0.74 0.0992, -2.2846 -0.7641 0.0992, -2.288 -0.79 0.0992, -2.2846 -0.8159 0.0992, -2.2746 -0.84 0.0992, -2.2587 -0.8607 0.0992, -2.238 -0.8766 0.0992, -2.2139 -0.8866 0.0992, -1.793 -0.764 -0.0008, -1.7868 -0.7688 -0.0008, -1.7821 -0.775 -0.0008, -1.7791 -0.7822 -0.0008, -1.778 -0.79 -0.0008, -1.7791 -0.7978 -0.0008, -1.7821 -0.805 -0.0008, -1.7868 -0.8112 -0.0008, -1.793 -0.816 -0.0008, -1.8003 -0.819 -0.0008, -1.8003 -0.761 -0.0008, -1.808 -0.89 0.0992, -1.8339 -0.8866 0.0992, -1.858 -0.8766 0.0992, -1.8787 -0.8607 0.0992, -1.8946 -0.84 0.0992, -1.9046 -0.8159 0.0992, -1.908 -0.79 0.0992, -1.9046 -0.7641 0.0992, -1.8946 -0.74 0.0992, -1.8787 -0.7193 0.0992, -1.858 -0.7034 0.0992, -1.8339 -0.6934 0.0992, -1.808 -0.69 0.0992, 2.502 -0.85 0.2992, 2.502 -0.85 0.7992, 2.402 -1.0 0.0992, 2.402 -1.0 0.9992, 2.402 1.0 0.0992, 2.402 1.0 0.9992, 2.502 0.85 0.2992, 2.502 0.85 0.7992, 1.602 -1.0 0.0992, 1.602 -1.0 0.9992, 1.502 -0.85 0.2992, 1.502 -0.85 0.7992, 1.402 -1.0 0.0992, 1.402 -1.0 0.9992, 1.502 0.85 0.2992, 1.502 0.85 0.7992, 1.602 1.0 0.0992, 1.602 1.0 0.9992, 1.402 1.0 0.0992, 1.402 1.0 0.9992, 0.602 -1.0 0.0992, 0.602 -1.0 0.9992, 0.502 -0.85 0.2992, 0.502 -0.85 0.7992, 0.402 -1.0 0.0992, 0.402 -1.0 0.9992, 0.502 0.85 0.2992, 0.502 0.85 0.7992, 0.602 1.0 0.0992, 0.602 1.0 0.9992, 0.402 1.0 0.0992, 0.402 1.0 0.9992, -0.398 -1.0 0.0992, -0.398 -1.0 0.9992, -0.498 -0.85 0.2992, -0.498 -0.85 0.7992, -0.598 -1.0 0.0992, -0.598 -1.0 0.9992, -0.498 0.85 0.2992, -0.498 0.85 0.7992, -0.398 1.0 0.0992, -0.398 1.0 0.9992, -0.598 1.0 0.0992, -0.598 1.0 0.9992, -2.398 -1.0 0.0992, -2.398 -1.0 0.9992, -2.498 -0.85 0.2992, -2.498 -0.85 0.7992, -2.498 0.85 0.2992, -2.498 0.85 0.7992, -2.398 1.0 0.0992, -2.398 1.0 0.9992, 2.402 -0.945 0.0992, 2.402 -0.6575 0.0992, 2.402 0.0 0.0992, 2.402 0.6575 0.0992, 1.602 -0.945 0.0992, 1.602 0.6575 0.0992, 1.602 0.0 0.0992, 1.602 -0.6575 0.0992, 1.402 -0.945 0.0992, 1.402 -0.6575 0.0992, 1.402 0.0 0.0992, 1.402 0.6575 0.0992, 0.602 -0.945 0.0992, 0.602 0.6575 0.0992, 0.602 0.0 0.0992, 0.602 -0.6575 0.0992, 0.402 -0.945 0.0992, 0.402 -0.6575 0.0992, 0.402 0.0 0.0992, 0.402 0.6575 0.0992, -0.398 -0.945 0.0992, -0.398 0.6575 0.0992, -0.398 0.0 0.0992, -0.398 -0.6575 0.0992, -0.598 -0.945 0.0992, -0.598 -0.6575 0.0992, -0.598 0.0 0.0992, -0.598 0.6575 0.0992, -1.398 -1.0 0.0992, -1.398 -1.0 0.9992, -1.498 -0.85 0.2992, -1.498 -0.85 0.7992, -1.598 -1.0 0.0992, -1.598 -1.0 0.9992, -1.498 0.85 0.2992, -1.498 0.85 0.7992, -1.398 1.0 0.0992, -1.398 1.0 0.9992, -1.598 1.0 0.0992, -1.598 1.0 0.9992, -2.398 -0.945 0.0992, -2.398 0.6575 0.0992, -2.398 0.0 0.0992, -2.398 -0.6575 0.0992, -1.398 -0.945 0.0992, -1.398 0.6575 0.0992, -1.398 0.0 0.0992, -1.398 -0.6575 0.0992, -1.598 -0.945 0.0992, -1.598 -0.6575 0.0992, -1.598 0.0 0.0992, -1.598 0.6575 0.0992, -2.123 0.375 0.9992, -2.123 0.625 0.9992, -1.873 0.375 0.9992, -1.873 0.625 0.9992, -2.123 -0.375 0.9992, -1.873 -0.375 0.9992, -1.873 -0.625 0.9992, -2.123 -0.625 0.9992, -2.2055 -1.0 0.0992, -1.7905 -1.0 0.0992, -1.998 -1.0 0.0992, -2.2055 1.0 0.0992, -1.7905 1.0 0.0992, -1.998 1.0 0.0992, -1.123 0.375 0.9992, -1.123 0.625 0.9992, -0.873 0.375 0.9992, -0.873 0.625 0.9992, -1.123 -0.375 0.9992, -0.873 -0.375 0.9992, -0.873 -0.625 0.9992, -1.123 -0.625 0.9992, -0.7905 1.0 0.0992, -1.2055 1.0 0.0992, -0.998 1.0 0.0992, -0.7905 -1.0 0.0992, -1.2055 -1.0 0.0992, -0.998 -1.0 0.0992, -0.123 -0.375 0.9992, 0.127 0.375 0.9992, 0.127 0.625 0.9992, -0.123 0.625 0.9992, -0.123 0.375 0.9992, 0.127 -0.375 0.9992, 0.127 -0.625 0.9992, -0.123 -0.625 0.9992, 1.127 0.625 0.9992, 0.877 0.625 0.9992, 0.877 0.375 0.9992, 0.877 -0.375 0.9992, 1.127 0.375 0.9992, 1.127 -0.375 0.9992, 1.127 -0.625 0.9992, 0.877 -0.625 0.9992, 1.877 -0.375 0.9992, 2.127 0.375 0.9992, 2.127 0.625 0.9992, 1.877 0.625 0.9992, 1.877 0.375 0.9992, 2.127 -0.375 0.9992, 2.127 -0.625 0.9992, 1.877 -0.625 0.9992, 0.2095 1.0 0.0992, -0.2055 1.0 0.0992, 0.002 1.0 0.0992, 0.2095 -1.0 0.0992, -0.2055 -1.0 0.0992, 0.002 -1.0 0.0992, 1.2095 1.0 0.0992, 0.7945 1.0 0.0992, 1.002 1.0 0.0992, 1.2095 -1.0 0.0992, 0.7945 -1.0 0.0992, 1.002 -1.0 0.0992, 2.2095 1.0 0.0992, 1.7945 1.0 0.0992, 2.002 1.0 0.0992, 2.2095 -1.0 0.0992, 1.7945 -1.0 0.0992, 2.002 -1.0 0.0992, -1.998 0.6575 0.0992, -1.7905 0.6575 0.0992, -1.7905 0.8877 0.0992, -1.7114 0.7641 0.0992, -1.708 0.79 0.0992, -1.7905 0.6923 0.0992, -1.7821 0.6934 0.0992, -1.7114 0.8159 0.0992, -1.7214 0.84 0.0992, -1.758 0.7034 0.0992, -1.7373 0.7193 0.0992, -1.7214 0.74 0.0992, -1.7373 0.8607 0.0992, -1.758 0.8766 0.0992, -1.7821 0.8866 0.0992, -1.998 -0.6575 0.0992, -1.998 -0.945 0.0992, -1.7905 -0.6575 0.0992, -1.7905 -0.945 0.0992, -1.758 -0.7034 0.0992, -1.7821 -0.6934 0.0992, -1.7905 -0.6923 0.0992, -1.708 -0.79 0.0992, -1.7114 -0.8159 0.0992, -1.7214 -0.84 0.0992, -1.7373 -0.8607 0.0992, -1.7905 -0.8877 0.0992, -1.7821 -0.8866 0.0992, -1.758 -0.8766 0.0992, -1.7114 -0.7641 0.0992, -1.7214 -0.74 0.0992, -1.7373 -0.7193 0.0992, -2.2055 0.6575 0.0992, -2.123 0.625 0.0992, -2.123 0.375 0.0992, -1.998 0.625 0.0992, -1.873 0.625 0.0992, -1.873 0.375 0.0992, -1.7905 0.0 0.0992, -1.998 0.375 0.0992, -1.998 0.0 0.0992, -2.2055 0.0 0.0992, -2.0914 -0.7641 0.0992, -2.1014 -0.74 0.0992, -2.1173 -0.8607 0.0992, -2.1014 -0.84 0.0992, -2.0914 -0.8159 0.0992, -2.088 -0.79 0.0992, -2.2055 -0.6575 0.0992, -2.1621 -0.6934 0.0992, -2.2055 -0.945 0.0992, -2.1621 -0.8866 0.0992, -2.138 -0.8766 0.0992, -2.1173 -0.7193 0.0992, -2.138 -0.7034 0.0992, -2.0914 0.7641 0.0992, -2.088 0.79 0.0992, -2.0914 0.8159 0.0992, -2.1014 0.84 0.0992, -2.1621 0.6934 0.0992, -2.138 0.7034 0.0992, -2.1173 0.7193 0.0992, -2.1014 0.74 0.0992, -2.1173 0.8607 0.0992, -2.138 0.8766 0.0992, -2.1621 0.8866 0.0992, -1.873 -0.375 0.0992, -1.998 -0.375 0.0992, -2.123 -0.375 0.0992, -2.123 -0.625 0.0992, -1.998 -0.625 0.0992, -1.873 -0.625 0.0992, -0.998 0.6575 0.0992, -0.7905 0.6575 0.0992, -0.7905 0.8877 0.0992, -0.7114 0.7641 0.0992, -0.708 0.79 0.0992, -0.7905 0.6923 0.0992, -0.7821 0.6934 0.0992, -0.7114 0.8159 0.0992, -0.7214 0.84 0.0992, -0.758 0.7034 0.0992, -0.7373 0.7193 0.0992, -0.7214 0.74 0.0992, -0.7373 0.8607 0.0992, -0.758 0.8766 0.0992, -0.7821 0.8866 0.0992, -0.998 -0.6575 0.0992, -0.998 -0.945 0.0992, -0.7905 -0.6575 0.0992, -0.7905 -0.945 0.0992, -0.708 -0.79 0.0992, -0.7114 -0.8159 0.0992, -0.7214 -0.84 0.0992, -0.7373 -0.8607 0.0992, -0.7114 -0.7641 0.0992, -0.7214 -0.74 0.0992, -0.7373 -0.7193 0.0992, -0.7905 -0.8877 0.0992, -0.7821 -0.8866 0.0992, -0.758 -0.8766 0.0992, -0.758 -0.7034 0.0992, -0.7821 -0.6934 0.0992, -0.7905 -0.6923 0.0992, -1.2055 0.6575 0.0992, -1.123 0.625 0.0992, -1.123 0.375 0.0992, -0.998 0.625 0.0992, -0.873 0.625 0.0992, -0.873 0.375 0.0992, -0.7905 0.0 0.0992, -0.998 0.375 0.0992, -0.998 0.0 0.0992, -1.2055 0.0 0.0992, -1.0914 -0.7641 0.0992, -1.1014 -0.74 0.0992, -1.1173 -0.8607 0.0992, -1.1014 -0.84 0.0992, -1.0914 -0.8159 0.0992, -1.088 -0.79 0.0992, -1.2055 -0.6575 0.0992, -1.1621 -0.6934 0.0992, -1.2055 -0.945 0.0992, -1.1621 -0.8866 0.0992, -1.138 -0.8766 0.0992, -1.1173 -0.7193 0.0992, -1.138 -0.7034 0.0992, -1.0914 0.7641 0.0992, -1.088 0.79 0.0992, -1.0914 0.8159 0.0992, -1.1014 0.84 0.0992, -1.1621 0.6934 0.0992, -1.138 0.7034 0.0992, -1.1173 0.7193 0.0992, -1.1014 0.74 0.0992, -1.1173 0.8607 0.0992, -1.138 0.8766 0.0992, -1.1621 0.8866 0.0992, -0.873 -0.375 0.0992, -0.998 -0.375 0.0992, -1.123 -0.375 0.0992, -1.123 -0.625 0.0992, -0.998 -0.625 0.0992, -0.873 -0.625 0.0992, 0.002 0.6575 0.0992, 0.2095 0.6575 0.0992, 0.2095 0.8877 0.0992, 0.2886 0.7641 0.0992, 0.292 0.79 0.0992, 0.2095 0.6923 0.0992, 0.2179 0.6934 0.0992, 0.2886 0.8159 0.0992, 0.2786 0.84 0.0992, 0.242 0.7034 0.0992, 0.2627 0.7193 0.0992, 0.2786 0.74 0.0992, 0.2627 0.8607 0.0992, 0.242 0.8766 0.0992, 0.2179 0.8866 0.0992, 0.002 -0.6575 0.0992, 0.002 -0.945 0.0992, 0.2095 -0.6575 0.0992, 0.2095 -0.945 0.0992, 0.292 -0.79 0.0992, 0.2886 -0.8159 0.0992, 0.2786 -0.84 0.0992, 0.2627 -0.8607 0.0992, 0.2886 -0.7641 0.0992, 0.2786 -0.74 0.0992, 0.2627 -0.7193 0.0992, 0.2095 -0.8877 0.0992, 0.2179 -0.8866 0.0992, 0.242 -0.8766 0.0992, 0.242 -0.7034 0.0992, 0.2179 -0.6934 0.0992, 0.2095 -0.6923 0.0992, -0.2055 0.6575 0.0992, -0.123 0.625 0.0992, -0.123 0.375 0.0992, 0.002 0.625 0.0992, 0.127 0.625 0.0992, 0.127 0.375 0.0992, 0.2095 0.0 0.0992, 0.002 0.375 0.0992, 0.002 0.0 0.0992, -0.2055 0.0 0.0992, -0.0914 -0.7641 0.0992, -0.1014 -0.74 0.0992, -0.1173 -0.8607 0.0992, -0.1014 -0.84 0.0992, -0.0914 -0.8159 0.0992, -0.088 -0.79 0.0992, -0.2055 -0.6575 0.0992, -0.1622 -0.6934 0.0992, -0.2055 -0.945 0.0992, -0.1622 -0.8866 0.0992, -0.138 -0.8766 0.0992, -0.1173 -0.7193 0.0992, -0.138 -0.7034 0.0992, -0.0914 0.7641 0.0992, -0.088 0.79 0.0992, -0.0914 0.8159 0.0992, -0.1014 0.84 0.0992, -0.1622 0.6934 0.0992, -0.138 0.7034 0.0992, -0.1173 0.7193 0.0992, -0.1014 0.74 0.0992, -0.1173 0.8607 0.0992, -0.138 0.8766 0.0992, -0.1622 0.8866 0.0992, 0.127 -0.375 0.0992, 0.002 -0.375 0.0992, -0.123 -0.375 0.0992, -0.123 -0.625 0.0992, 0.002 -0.625 0.0992, 0.127 -0.625 0.0992, 1.002 0.6575 0.0992, 1.2095 0.6575 0.0992, 1.2095 0.8877 0.0992, 1.2886 0.7641 0.0992, 1.292 0.79 0.0992, 1.2095 0.6923 0.0992, 1.2178 0.6934 0.0992, 1.2886 0.8159 0.0992, 1.2786 0.84 0.0992, 1.242 0.7034 0.0992, 1.2627 0.7193 0.0992, 1.2786 0.74 0.0992, 1.2627 0.8607 0.0992, 1.242 0.8766 0.0992, 1.2178 0.8866 0.0992, 1.002 -0.6575 0.0992, 1.002 -0.945 0.0992, 1.2095 -0.6575 0.0992, 1.2095 -0.945 0.0992, 1.292 -0.79 0.0992, 1.2886 -0.8159 0.0992, 1.2786 -0.84 0.0992, 1.2627 -0.8607 0.0992, 1.2886 -0.7641 0.0992, 1.2786 -0.74 0.0992, 1.2627 -0.7193 0.0992, 1.2095 -0.8877 0.0992, 1.2178 -0.8866 0.0992, 1.242 -0.8766 0.0992, 1.242 -0.7034 0.0992, 1.2178 -0.6934 0.0992, 1.2095 -0.6923 0.0992, 0.7945 0.6575 0.0992, 0.877 0.625 0.0992, 0.877 0.375 0.0992, 1.002 0.625 0.0992, 1.127 0.625 0.0992, 1.127 0.375 0.0992, 1.2095 0.0 0.0992, 1.002 0.375 0.0992, 1.002 0.0 0.0992, 0.7945 0.0 0.0992, 0.9086 -0.7641 0.0992, 0.8986 -0.74 0.0992, 0.8827 -0.8607 0.0992, 0.8986 -0.84 0.0992, 0.9086 -0.8159 0.0992, 0.912 -0.79 0.0992, 0.7945 -0.6575 0.0992, 0.8378 -0.6934 0.0992, 0.7945 -0.945 0.0992, 0.8378 -0.8866 0.0992, 0.862 -0.8766 0.0992, 0.8827 -0.7193 0.0992, 0.862 -0.7034 0.0992, 0.9086 0.7641 0.0992, 0.912 0.79 0.0992, 0.9086 0.8159 0.0992, 0.8986 0.84 0.0992, 0.8378 0.6934 0.0992, 0.862 0.7034 0.0992, 0.8827 0.7193 0.0992, 0.8986 0.74 0.0992, 0.8827 0.8607 0.0992, 0.862 0.8766 0.0992, 0.8378 0.8866 0.0992, 1.127 -0.375 0.0992, 1.002 -0.375 0.0992, 0.877 -0.375 0.0992, 0.877 -0.625 0.0992, 1.002 -0.625 0.0992, 1.127 -0.625 0.0992, 2.002 0.6575 0.0992, 2.2095 0.6575 0.0992, 2.2095 0.8877 0.0992, 2.2886 0.7641 0.0992, 2.292 0.79 0.0992, 2.2095 0.6923 0.0992, 2.2178 0.6934 0.0992, 2.2886 0.8159 0.0992, 2.2786 0.84 0.0992, 2.242 0.7034 0.0992, 2.2627 0.7193 0.0992, 2.2786 0.74 0.0992, 2.2627 0.8607 0.0992, 2.242 0.8766 0.0992, 2.2178 0.8866 0.0992, 2.002 -0.6575 0.0992, 2.002 -0.945 0.0992, 2.2095 -0.6575 0.0992, 2.2095 -0.945 0.0992, 2.292 -0.79 0.0992, 2.2886 -0.8159 0.0992, 2.2786 -0.84 0.0992, 2.2627 -0.8607 0.0992, 2.2886 -0.7641 0.0992, 2.2786 -0.74 0.0992, 2.2627 -0.7193 0.0992, 2.2095 -0.8877 0.0992, 2.2178 -0.8866 0.0992, 2.242 -0.8766 0.0992, 2.242 -0.7034 0.0992, 2.2178 -0.6934 0.0992, 2.2095 -0.6923 0.0992, 1.7945 0.6575 0.0992, 1.877 0.625 0.0992, 1.877 0.375 0.0992, 2.002 0.625 0.0992, 2.127 0.625 0.0992, 2.127 0.375 0.0992, 2.2095 0.0 0.0992, 2.002 0.375 0.0992, 2.002 0.0 0.0992, 1.7945 0.0 0.0992, 1.9086 -0.7641 0.0992, 1.8986 -0.74 0.0992, 1.8827 -0.8607 0.0992, 1.8986 -0.84 0.0992, 1.9086 -0.8159 0.0992, 1.912 -0.79 0.0992, 1.7945 -0.6575 0.0992, 1.8379 -0.6934 0.0992, 1.7945 -0.945 0.0992, 1.8379 -0.8866 0.0992, 1.862 -0.8766 0.0992, 1.8827 -0.7193 0.0992, 1.862 -0.7034 0.0992, 1.9086 0.7641 0.0992, 1.912 0.79 0.0992, 1.9086 0.8159 0.0992, 1.8986 0.84 0.0992, 1.8379 0.6934 0.0992, 1.862 0.7034 0.0992, 1.8827 0.7193 0.0992, 1.8986 0.74 0.0992, 1.8827 0.8607 0.0992, 1.862 0.8766 0.0992, 1.8379 0.8866 0.0992, 2.127 -0.375 0.0992, 2.002 -0.375 0.0992, 1.877 -0.375 0.0992, 1.877 -0.625 0.0992, 2.002 -0.625 0.0992, 2.127 -0.625 0.0992, -1.7821 -0.6934 0.0692, -1.7821 -0.8866 0.0692, -1.758 -0.8766 0.0692, -1.7373 -0.8607 0.0692, -1.7214 -0.84 0.0692, -1.7114 -0.8159 0.0692, -1.708 -0.79 0.0692, -1.7114 -0.7641 0.0692, -1.7214 -0.74 0.0692, -1.7373 -0.7193 0.0692, -1.758 -0.7034 0.0692, -2.1621 -0.6934 0.0692, -2.138 -0.7034 0.0692, -2.1173 -0.7193 0.0692, -2.1014 -0.74 0.0692, -2.0914 -0.7641 0.0692, -2.088 -0.79 0.0692, -2.0914 -0.8159 0.0692, -2.1014 -0.84 0.0692, -2.1173 -0.8607 0.0692, -2.138 -0.8766 0.0692, -2.1621 -0.8866 0.0692, -1.7821 0.8866 0.0692, -1.7821 0.6934 0.0692, -1.758 0.7034 0.0692, -1.7373 0.7193 0.0692, -1.7214 0.74 0.0692, -1.7114 0.7641 0.0692, -1.708 0.79 0.0692, -1.7114 0.8159 0.0692, -1.7214 0.84 0.0692, -1.7373 0.8607 0.0692, -1.758 0.8766 0.0692, -2.1621 0.8866 0.0692, -2.138 0.8766 0.0692, -2.1173 0.8607 0.0692, -2.1014 0.84 0.0692, -2.0914 0.8159 0.0692, -2.088 0.79 0.0692, -2.0914 0.7641 0.0692, -2.1014 0.74 0.0692, -2.1173 0.7193 0.0692, -2.138 0.7034 0.0692, -2.1621 0.6934 0.0692, -1.7962 0.834 0.001, -1.7924 0.8483 0.0061, -1.789 0.8611 0.0145, -1.7861 0.8718 0.0256, -1.7839 0.8799 0.0388, -1.7826 0.8849 0.0536, -1.7589 0.8751 0.0536, -1.7386 0.8595 0.0536, -1.7229 0.8391 0.0536, -1.7131 0.8154 0.0536, -1.7098 0.79 0.0536, -1.7131 0.7646 0.0536, -1.7229 0.7409 0.0536, -1.7386 0.7205 0.0536, -1.7589 0.7049 0.0536, -1.7826 0.6951 0.0536, -1.7615 0.8706 0.0388, -1.7422 0.8558 0.0388, -1.7274 0.8365 0.0388, -1.7181 0.8141 0.0388, -1.715 0.79 0.0388, -1.7181 0.7659 0.0388, -1.7274 0.7435 0.0388, -1.7422 0.7242 0.0388, -1.7615 0.7094 0.0388, -1.7839 0.7001 0.0388, -1.7657 0.8634 0.0256, -1.7481 0.8499 0.0256, -1.7347 0.8324 0.0256, -1.7262 0.8119 0.0256, -1.7233 0.79 0.0256, -1.7262 0.7681 0.0256, -1.7347 0.7476 0.0256, -1.7481 0.7301 0.0256, -1.7657 0.7166 0.0256, -1.7861 0.7082 0.0256, -1.7712 0.8538 0.0145, -1.756 0.8421 0.0145, -1.7443 0.8268 0.0145, -1.7369 0.8091 0.0145, -1.7344 0.79 0.0145, -1.7369 0.7709 0.0145, -1.7443 0.7532 0.0145, -1.756 0.7379 0.0145, -1.7712 0.7262 0.0145, -1.789 0.7189 0.0145, -1.7778 0.8423 0.0061, -1.7653 0.8327 0.0061, -1.7557 0.8202 0.0061, -1.7497 0.8056 0.0061, -1.7477 0.79 0.0061, -1.7497 0.7744 0.0061, -1.7557 0.7598 0.0061, -1.7653 0.7473 0.0061, -1.7778 0.7377 0.0061, -1.7924 0.7317 0.0061, -1.7852 0.8295 0.001, -1.7758 0.8222 0.001, -1.7686 0.8128 0.001, -1.764 0.8018 0.001, -1.7625 0.79 0.001, -1.764 0.7782 0.001, -1.7686 0.7672 0.001, -1.7758 0.7578 0.001, -1.7852 0.7505 0.001, -1.7962 0.746 0.001, -2.1626 0.6951 0.0536, -2.1639 0.7001 0.0388, -2.1661 0.7082 0.0256, -2.169 0.7189 0.0145, -2.1724 0.7317 0.0061, -2.1762 0.746 0.001, -2.1652 0.7505 0.001, -2.1558 0.7578 0.001, -2.1486 0.7672 0.001, -2.144 0.7782 0.001, -2.1425 0.79 0.001, -2.144 0.8018 0.001, -2.1486 0.8128 0.001, -2.1558 0.8222 0.001, -2.1652 0.8295 0.001, -2.1762 0.834 0.001, -2.1578 0.7377 0.0061, -2.1453 0.7473 0.0061, -2.1357 0.7598 0.0061, -2.1297 0.7744 0.0061, -2.1277 0.79 0.0061, -2.1297 0.8056 0.0061, -2.1357 0.8202 0.0061, -2.1453 0.8327 0.0061, -2.1578 0.8423 0.0061, -2.1724 0.8483 0.0061, -2.1512 0.7262 0.0145, -2.136 0.7379 0.0145, -2.1243 0.7532 0.0145, -2.1169 0.7709 0.0145, -2.1144 0.79 0.0145, -2.1169 0.8091 0.0145, -2.1243 0.8268 0.0145, -2.136 0.8421 0.0145, -2.1512 0.8538 0.0145, -2.169 0.8611 0.0145, -2.1457 0.7166 0.0256, -2.1281 0.7301 0.0256, -2.1147 0.7476 0.0256, -2.1062 0.7681 0.0256, -2.1033 0.79 0.0256, -2.1062 0.8119 0.0256, -2.1147 0.8324 0.0256, -2.1281 0.8499 0.0256, -2.1457 0.8634 0.0256, -2.1661 0.8718 0.0256, -2.1415 0.7094 0.0388, -2.1222 0.7242 0.0388, -2.1074 0.7435 0.0388, -2.0981 0.7659 0.0388, -2.095 0.79 0.0388, -2.0981 0.8141 0.0388, -2.1074 0.8365 0.0388, -2.1222 0.8558 0.0388, -2.1415 0.8706 0.0388, -2.1639 0.8799 0.0388, -2.1389 0.7049 0.0536, -2.1186 0.7205 0.0536, -2.1029 0.7409 0.0536, -2.0931 0.7646 0.0536, -2.0898 0.79 0.0536, -2.0931 0.8154 0.0536, -2.1029 0.8391 0.0536, -2.1186 0.8595 0.0536, -2.1389 0.8751 0.0536, -2.1626 0.8849 0.0536, -1.7826 -0.8849 0.0536, -1.7839 -0.8799 0.0388, -1.7861 -0.8718 0.0256, -1.789 -0.8611 0.0145, -1.7924 -0.8483 0.0061, -1.7962 -0.834 0.001, -1.7852 -0.8295 0.001, -1.7758 -0.8222 0.001, -1.7686 -0.8128 0.001, -1.764 -0.8018 0.001, -1.7625 -0.79 0.001, -1.764 -0.7782 0.001, -1.7686 -0.7672 0.001, -1.7758 -0.7578 0.001, -1.7852 -0.7505 0.001, -1.7962 -0.746 0.001, -1.7778 -0.8423 0.0061, -1.7653 -0.8327 0.0061, -1.7557 -0.8202 0.0061, -1.7497 -0.8056 0.0061, -1.7477 -0.79 0.0061, -1.7497 -0.7744 0.0061, -1.7557 -0.7598 0.0061, -1.7653 -0.7473 0.0061, -1.7778 -0.7377 0.0061, -1.7924 -0.7317 0.0061, -1.7712 -0.8538 0.0145, -1.756 -0.8421 0.0145, -1.7443 -0.8268 0.0145, -1.7369 -0.8091 0.0145, -1.7344 -0.79 0.0145, -1.7369 -0.7709 0.0145, -1.7443 -0.7532 0.0145, -1.756 -0.7379 0.0145, -1.7712 -0.7262 0.0145, -1.789 -0.7189 0.0145, -1.7657 -0.8634 0.0256, -1.7481 -0.8499 0.0256, -1.7347 -0.8324 0.0256, -1.7262 -0.8119 0.0256, -1.7233 -0.79 0.0256, -1.7262 -0.7681 0.0256, -1.7347 -0.7476 0.0256, -1.7481 -0.7301 0.0256, -1.7657 -0.7166 0.0256, -1.7861 -0.7082 0.0256, -1.7615 -0.8706 0.0388, -1.7422 -0.8558 0.0388, -1.7274 -0.8365 0.0388, -1.7181 -0.8141 0.0388, -1.715 -0.79 0.0388, -1.7181 -0.7659 0.0388, -1.7274 -0.7435 0.0388, -1.7422 -0.7242 0.0388, -1.7615 -0.7094 0.0388, -1.7839 -0.7001 0.0388, -1.7589 -0.8751 0.0536, -1.7386 -0.8595 0.0536, -1.7229 -0.8391 0.0536, -1.7131 -0.8154 0.0536, -1.7098 -0.79 0.0536, -1.7131 -0.7646 0.0536, -1.7229 -0.7409 0.0536, -1.7386 -0.7205 0.0536, -1.7589 -0.7049 0.0536, -1.7826 -0.6951 0.0536, -2.1762 -0.746 0.001, -2.1724 -0.7317 0.0061, -2.169 -0.7189 0.0145, -2.1661 -0.7082 0.0256, -2.1639 -0.7001 0.0388, -2.1626 -0.6951 0.0536, -2.1389 -0.7049 0.0536, -2.1186 -0.7205 0.0536, -2.1029 -0.7409 0.0536, -2.0931 -0.7646 0.0536, -2.0898 -0.79 0.0536, -2.0931 -0.8154 0.0536, -2.1029 -0.8391 0.0536, -2.1186 -0.8595 0.0536, -2.1389 -0.8751 0.0536, -2.1626 -0.8849 0.0536, -2.1415 -0.7094 0.0388, -2.1222 -0.7242 0.0388, -2.1074 -0.7435 0.0388, -2.0981 -0.7659 0.0388, -2.095 -0.79 0.0388, -2.0981 -0.8141 0.0388, -2.1074 -0.8365 0.0388, -2.1222 -0.8558 0.0388, -2.1415 -0.8706 0.0388, -2.1639 -0.8799 0.0388, -2.1457 -0.7166 0.0256, -2.1281 -0.7301 0.0256, -2.1147 -0.7476 0.0256, -2.1062 -0.7681 0.0256, -2.1033 -0.79 0.0256, -2.1062 -0.8119 0.0256, -2.1147 -0.8324 0.0256, -2.1281 -0.8499 0.0256, -2.1457 -0.8634 0.0256, -2.1661 -0.8718 0.0256, -2.1512 -0.7262 0.0145, -2.136 -0.7379 0.0145, -2.1243 -0.7532 0.0145, -2.1169 -0.7709 0.0145, -2.1144 -0.79 0.0145, -2.1169 -0.8091 0.0145, -2.1243 -0.8268 0.0145, -2.136 -0.8421 0.0145, -2.1512 -0.8538 0.0145, -2.169 -0.8611 0.0145, -2.1578 -0.7377 0.0061, -2.1453 -0.7473 0.0061, -2.1357 -0.7598 0.0061, -2.1297 -0.7744 0.0061, -2.1277 -0.79 0.0061, -2.1297 -0.8056 0.0061, -2.1357 -0.8202 0.0061, -2.1453 -0.8327 0.0061, -2.1578 -0.8423 0.0061, -2.1724 -0.8483 0.0061, -2.1652 -0.7505 0.001, -2.1558 -0.7578 0.001, -2.1486 -0.7672 0.001, -2.144 -0.7782 0.001, -2.1425 -0.79 0.001, -2.144 -0.8018 0.001, -2.1486 -0.8128 0.001, -2.1558 -0.8222 0.001, -2.1652 -0.8295 0.001, -2.1762 -0.834 0.001, -0.7821 -0.6934 0.0692, -0.7821 -0.8866 0.0692, -0.758 -0.8766 0.0692, -0.7373 -0.8607 0.0692, -0.7214 -0.84 0.0692, -0.7114 -0.8159 0.0692, -0.708 -0.79 0.0692, -0.7114 -0.7641 0.0692, -0.7214 -0.74 0.0692, -0.7373 -0.7193 0.0692, -0.758 -0.7034 0.0692, -1.1621 -0.6934 0.0692, -1.138 -0.7034 0.0692, -1.1173 -0.7193 0.0692, -1.1014 -0.74 0.0692, -1.0914 -0.7641 0.0692, -1.088 -0.79 0.0692, -1.0914 -0.8159 0.0692, -1.1014 -0.84 0.0692, -1.1173 -0.8607 0.0692, -1.138 -0.8766 0.0692, -1.1621 -0.8866 0.0692, -0.7821 0.8866 0.0692, -0.7821 0.6934 0.0692, -0.758 0.7034 0.0692, -0.7373 0.7193 0.0692, -0.7214 0.74 0.0692, -0.7114 0.7641 0.0692, -0.708 0.79 0.0692, -0.7114 0.8159 0.0692, -0.7214 0.84 0.0692, -0.7373 0.8607 0.0692, -0.758 0.8766 0.0692, -1.1621 0.8866 0.0692, -1.138 0.8766 0.0692, -1.1173 0.8607 0.0692, -1.1014 0.84 0.0692, -1.0914 0.8159 0.0692, -1.088 0.79 0.0692, -1.0914 0.7641 0.0692, -1.1014 0.74 0.0692, -1.1173 0.7193 0.0692, -1.138 0.7034 0.0692, -1.1621 0.6934 0.0692, 0.2179 -0.6934 0.0692, 0.2179 -0.8866 0.0692, 0.242 -0.8766 0.0692, 0.2627 -0.8607 0.0692, 0.2786 -0.84 0.0692, 0.2886 -0.8159 0.0692, 0.292 -0.79 0.0692, 0.2886 -0.7641 0.0692, 0.2786 -0.74 0.0692, 0.2627 -0.7193 0.0692, 0.242 -0.7034 0.0692, -0.1622 -0.6934 0.0692, -0.138 -0.7034 0.0692, -0.1173 -0.7193 0.0692, -0.1014 -0.74 0.0692, -0.0914 -0.7641 0.0692, -0.088 -0.79 0.0692, -0.0914 -0.8159 0.0692, -0.1014 -0.84 0.0692, -0.1173 -0.8607 0.0692, -0.138 -0.8766 0.0692, -0.1622 -0.8866 0.0692, 0.2179 0.8866 0.0692, 0.2179 0.6934 0.0692, 0.242 0.7034 0.0692, 0.2627 0.7193 0.0692, 0.2786 0.74 0.0692, 0.2886 0.7641 0.0692, 0.292 0.79 0.0692, 0.2886 0.8159 0.0692, 0.2786 0.84 0.0692, 0.2627 0.8607 0.0692, 0.242 0.8766 0.0692, -0.1622 0.8866 0.0692, -0.138 0.8766 0.0692, -0.1173 0.8607 0.0692, -0.1014 0.84 0.0692, -0.0914 0.8159 0.0692, -0.088 0.79 0.0692, -0.0914 0.7641 0.0692, -0.1014 0.74 0.0692, -0.1173 0.7193 0.0692, -0.138 0.7034 0.0692, -0.1622 0.6934 0.0692, 1.2178 -0.6934 0.0692, 1.2178 -0.8866 0.0692, 1.242 -0.8766 0.0692, 1.2627 -0.8607 0.0692, 1.2786 -0.84 0.0692, 1.2886 -0.8159 0.0692, 1.292 -0.79 0.0692, 1.2886 -0.7641 0.0692, 1.2786 -0.74 0.0692, 1.2627 -0.7193 0.0692, 1.242 -0.7034 0.0692, 0.8378 -0.6934 0.0692, 0.862 -0.7034 0.0692, 0.8827 -0.7193 0.0692, 0.8986 -0.74 0.0692, 0.9086 -0.7641 0.0692, 0.912 -0.79 0.0692, 0.9086 -0.8159 0.0692, 0.8986 -0.84 0.0692, 0.8827 -0.8607 0.0692, 0.862 -0.8766 0.0692, 0.8378 -0.8866 0.0692, 1.2178 0.8866 0.0692, 1.2178 0.6934 0.0692, 1.242 0.7034 0.0692, 1.2627 0.7193 0.0692, 1.2786 0.74 0.0692, 1.2886 0.7641 0.0692, 1.292 0.79 0.0692, 1.2886 0.8159 0.0692, 1.2786 0.84 0.0692, 1.2627 0.8607 0.0692, 1.242 0.8766 0.0692, 0.8378 0.8866 0.0692, 0.862 0.8766 0.0692, 0.8827 0.8607 0.0692, 0.8986 0.84 0.0692, 0.9086 0.8159 0.0692, 0.912 0.79 0.0692, 0.9086 0.7641 0.0692, 0.8986 0.74 0.0692, 0.8827 0.7193 0.0692, 0.862 0.7034 0.0692, 0.8378 0.6934 0.0692, 2.2178 -0.6934 0.0692, 2.2178 -0.8866 0.0692, 2.242 -0.8766 0.0692, 2.2627 -0.8607 0.0692, 2.2786 -0.84 0.0692, 2.2886 -0.8159 0.0692, 2.292 -0.79 0.0692, 2.2886 -0.7641 0.0692, 2.2786 -0.74 0.0692, 2.2627 -0.7193 0.0692, 2.242 -0.7034 0.0692, 1.8379 -0.6934 0.0692, 1.862 -0.7034 0.0692, 1.8827 -0.7193 0.0692, 1.8986 -0.74 0.0692, 1.9086 -0.7641 0.0692, 1.912 -0.79 0.0692, 1.9086 -0.8159 0.0692, 1.8986 -0.84 0.0692, 1.8827 -0.8607 0.0692, 1.862 -0.8766 0.0692, 1.8379 -0.8866 0.0692, 2.2178 0.8866 0.0692, 2.2178 0.6934 0.0692, 2.242 0.7034 0.0692, 2.2627 0.7193 0.0692, 2.2786 0.74 0.0692, 2.2886 0.7641 0.0692, 2.292 0.79 0.0692, 2.2886 0.8159 0.0692, 2.2786 0.84 0.0692, 2.2627 0.8607 0.0692, 2.242 0.8766 0.0692, 1.8379 0.8866 0.0692, 1.862 0.8766 0.0692, 1.8827 0.8607 0.0692, 1.8986 0.84 0.0692, 1.9086 0.8159 0.0692, 1.912 0.79 0.0692, 1.9086 0.7641 0.0692, 1.8986 0.74 0.0692, 1.8827 0.7193 0.0692, 1.862 0.7034 0.0692, 1.8379 0.6934 0.0692, -0.7962 0.834 0.001, -0.7924 0.8483 0.0061, -0.789 0.8611 0.0145, -0.7861 0.8718 0.0256, -0.7839 0.8799 0.0388, -0.7826 0.8849 0.0536, -0.7589 0.8751 0.0536, -0.7386 0.8595 0.0536, -0.7229 0.8391 0.0536, -0.7131 0.8154 0.0536, -0.7098 0.79 0.0536, -0.7131 0.7646 0.0536, -0.7229 0.7409 0.0536, -0.7386 0.7205 0.0536, -0.7589 0.7049 0.0536, -0.7826 0.6951 0.0536, -0.7615 0.8706 0.0388, -0.7422 0.8558 0.0388, -0.7274 0.8365 0.0388, -0.7181 0.8141 0.0388, -0.715 0.79 0.0388, -0.7181 0.7659 0.0388, -0.7274 0.7435 0.0388, -0.7422 0.7242 0.0388, -0.7615 0.7094 0.0388, -0.7839 0.7001 0.0388, -0.7657 0.8634 0.0256, -0.7481 0.8499 0.0256, -0.7347 0.8324 0.0256, -0.7262 0.8119 0.0256, -0.7233 0.79 0.0256, -0.7262 0.7681 0.0256, -0.7347 0.7476 0.0256, -0.7481 0.7301 0.0256, -0.7657 0.7166 0.0256, -0.7861 0.7082 0.0256, -0.7712 0.8538 0.0145, -0.756 0.8421 0.0145, -0.7443 0.8268 0.0145, -0.7369 0.8091 0.0145, -0.7344 0.79 0.0145, -0.7369 0.7709 0.0145, -0.7443 0.7532 0.0145, -0.756 0.7379 0.0145, -0.7712 0.7262 0.0145, -0.789 0.7189 0.0145, -0.7778 0.8423 0.0061, -0.7653 0.8327 0.0061, -0.7557 0.8202 0.0061, -0.7497 0.8056 0.0061, -0.7477 0.79 0.0061, -0.7497 0.7744 0.0061, -0.7557 0.7598 0.0061, -0.7653 0.7473 0.0061, -0.7778 0.7377 0.0061, -0.7924 0.7317 0.0061, -0.7852 0.8295 0.001, -0.7758 0.8222 0.001, -0.7686 0.8128 0.001, -0.764 0.8018 0.001, -0.7625 0.79 0.001, -0.764 0.7782 0.001, -0.7686 0.7672 0.001, -0.7758 0.7578 0.001, -0.7852 0.7505 0.001, -0.7962 0.746 0.001, -1.1626 0.6951 0.0536, -1.1639 0.7001 0.0388, -1.1661 0.7082 0.0256, -1.169 0.7189 0.0145, -1.1724 0.7317 0.0061, -1.1762 0.746 0.001, -1.1652 0.7505 0.001, -1.1558 0.7578 0.001, -1.1486 0.7672 0.001, -1.144 0.7782 0.001, -1.1425 0.79 0.001, -1.144 0.8018 0.001, -1.1486 0.8128 0.001, -1.1558 0.8222 0.001, -1.1652 0.8295 0.001, -1.1762 0.834 0.001, -1.1578 0.7377 0.0061, -1.1453 0.7473 0.0061, -1.1357 0.7598 0.0061, -1.1297 0.7744 0.0061, -1.1277 0.79 0.0061, -1.1297 0.8056 0.0061, -1.1357 0.8202 0.0061, -1.1453 0.8327 0.0061, -1.1578 0.8423 0.0061, -1.1724 0.8483 0.0061, -1.1512 0.7262 0.0145, -1.136 0.7379 0.0145, -1.1243 0.7532 0.0145, -1.1169 0.7709 0.0145, -1.1144 0.79 0.0145, -1.1169 0.8091 0.0145, -1.1243 0.8268 0.0145, -1.136 0.8421 0.0145, -1.1512 0.8538 0.0145, -1.169 0.8611 0.0145, -1.1457 0.7166 0.0256, -1.1281 0.7301 0.0256, -1.1147 0.7476 0.0256, -1.1062 0.7681 0.0256, -1.1033 0.79 0.0256, -1.1062 0.8119 0.0256, -1.1147 0.8324 0.0256, -1.1281 0.8499 0.0256, -1.1457 0.8634 0.0256, -1.1661 0.8718 0.0256, -1.1415 0.7094 0.0388, -1.1222 0.7242 0.0388, -1.1074 0.7435 0.0388, -1.0981 0.7659 0.0388, -1.095 0.79 0.0388, -1.0981 0.8141 0.0388, -1.1074 0.8365 0.0388, -1.1222 0.8558 0.0388, -1.1415 0.8706 0.0388, -1.1639 0.8799 0.0388, -1.1389 0.7049 0.0536, -1.1186 0.7205 0.0536, -1.1029 0.7409 0.0536, -1.0931 0.7646 0.0536, -1.0898 0.79 0.0536, -1.0931 0.8154 0.0536, -1.1029 0.8391 0.0536, -1.1186 0.8595 0.0536, -1.1389 0.8751 0.0536, -1.1626 0.8849 0.0536, -0.7826 -0.8849 0.0536, -0.7839 -0.8799 0.0388, -0.7861 -0.8718 0.0256, -0.789 -0.8611 0.0145, -0.7924 -0.8483 0.0061, -0.7962 -0.834 0.001, -0.7852 -0.8295 0.001, -0.7758 -0.8222 0.001, -0.7686 -0.8128 0.001, -0.764 -0.8018 0.001, -0.7625 -0.79 0.001, -0.764 -0.7782 0.001, -0.7686 -0.7672 0.001, -0.7758 -0.7578 0.001, -0.7852 -0.7505 0.001, -0.7962 -0.746 0.001, -0.7778 -0.8423 0.0061, -0.7653 -0.8327 0.0061, -0.7557 -0.8202 0.0061, -0.7497 -0.8056 0.0061, -0.7477 -0.79 0.0061, -0.7497 -0.7744 0.0061, -0.7557 -0.7598 0.0061, -0.7653 -0.7473 0.0061, -0.7778 -0.7377 0.0061, -0.7924 -0.7317 0.0061, -0.7712 -0.8538 0.0145, -0.756 -0.8421 0.0145, -0.7443 -0.8268 0.0145, -0.7369 -0.8091 0.0145, -0.7344 -0.79 0.0145, -0.7369 -0.7709 0.0145, -0.7443 -0.7532 0.0145, -0.756 -0.7379 0.0145, -0.7712 -0.7262 0.0145, -0.789 -0.7189 0.0145, -0.7657 -0.8634 0.0256, -0.7481 -0.8499 0.0256, -0.7347 -0.8324 0.0256, -0.7262 -0.8119 0.0256, -0.7233 -0.79 0.0256, -0.7262 -0.7681 0.0256, -0.7347 -0.7476 0.0256, -0.7481 -0.7301 0.0256, -0.7657 -0.7166 0.0256, -0.7861 -0.7082 0.0256, -0.7615 -0.8706 0.0388, -0.7422 -0.8558 0.0388, -0.7274 -0.8365 0.0388, -0.7181 -0.8141 0.0388, -0.715 -0.79 0.0388, -0.7181 -0.7659 0.0388, -0.7274 -0.7435 0.0388, -0.7422 -0.7242 0.0388, -0.7615 -0.7094 0.0388, -0.7839 -0.7001 0.0388, -0.7589 -0.8751 0.0536, -0.7386 -0.8595 0.0536, -0.7229 -0.8391 0.0536, -0.7131 -0.8154 0.0536, -0.7098 -0.79 0.0536, -0.7131 -0.7646 0.0536, -0.7229 -0.7409 0.0536, -0.7386 -0.7205 0.0536, -0.7589 -0.7049 0.0536, -0.7826 -0.6951 0.0536, -1.1762 -0.746 0.001, -1.1724 -0.7317 0.0061, -1.169 -0.7189 0.0145, -1.1661 -0.7082 0.0256, -1.1639 -0.7001 0.0388, -1.1626 -0.6951 0.0536, -1.1389 -0.7049 0.0536, -1.1186 -0.7205 0.0536, -1.1029 -0.7409 0.0536, -1.0931 -0.7646 0.0536, -1.0898 -0.79 0.0536, -1.0931 -0.8154 0.0536, -1.1029 -0.8391 0.0536, -1.1186 -0.8595 0.0536, -1.1389 -0.8751 0.0536, -1.1626 -0.8849 0.0536, -1.1415 -0.7094 0.0388, -1.1222 -0.7242 0.0388, -1.1074 -0.7435 0.0388, -1.0981 -0.7659 0.0388, -1.095 -0.79 0.0388, -1.0981 -0.8141 0.0388, -1.1074 -0.8365 0.0388, -1.1222 -0.8558 0.0388, -1.1415 -0.8706 0.0388, -1.1639 -0.8799 0.0388, -1.1457 -0.7166 0.0256, -1.1281 -0.7301 0.0256, -1.1147 -0.7476 0.0256, -1.1062 -0.7681 0.0256, -1.1033 -0.79 0.0256, -1.1062 -0.8119 0.0256, -1.1147 -0.8324 0.0256, -1.1281 -0.8499 0.0256, -1.1457 -0.8634 0.0256, -1.1661 -0.8718 0.0256, -1.1512 -0.7262 0.0145, -1.136 -0.7379 0.0145, -1.1243 -0.7532 0.0145, -1.1169 -0.7709 0.0145, -1.1144 -0.79 0.0145, -1.1169 -0.8091 0.0145, -1.1243 -0.8268 0.0145, -1.136 -0.8421 0.0145, -1.1512 -0.8538 0.0145, -1.169 -0.8611 0.0145, -1.1578 -0.7377 0.0061, -1.1453 -0.7473 0.0061, -1.1357 -0.7598 0.0061, -1.1297 -0.7744 0.0061, -1.1277 -0.79 0.0061, -1.1297 -0.8056 0.0061, -1.1357 -0.8202 0.0061, -1.1453 -0.8327 0.0061, -1.1578 -0.8423 0.0061, -1.1724 -0.8483 0.0061, -1.1652 -0.7505 0.001, -1.1558 -0.7578 0.001, -1.1486 -0.7672 0.001, -1.144 -0.7782 0.001, -1.1425 -0.79 0.001, -1.144 -0.8018 0.001, -1.1486 -0.8128 0.001, -1.1558 -0.8222 0.001, -1.1652 -0.8295 0.001, -1.1762 -0.834 0.001, 0.2038 0.834 0.001, 0.2076 0.8483 0.0061, 0.211 0.8611 0.0145, 0.2139 0.8718 0.0256, 0.2161 0.8799 0.0388, 0.2174 0.8849 0.0536, 0.2411 0.8751 0.0536, 0.2614 0.8595 0.0536, 0.2771 0.8391 0.0536, 0.2869 0.8154 0.0536, 0.2902 0.79 0.0536, 0.2869 0.7646 0.0536, 0.2771 0.7409 0.0536, 0.2614 0.7205 0.0536, 0.2411 0.7049 0.0536, 0.2174 0.6951 0.0536, 0.2385 0.8706 0.0388, 0.2578 0.8558 0.0388, 0.2726 0.8365 0.0388, 0.2819 0.8141 0.0388, 0.285 0.79 0.0388, 0.2819 0.7659 0.0388, 0.2726 0.7435 0.0388, 0.2578 0.7242 0.0388, 0.2385 0.7094 0.0388, 0.2161 0.7001 0.0388, 0.2343 0.8634 0.0256, 0.2519 0.8499 0.0256, 0.2653 0.8324 0.0256, 0.2738 0.8119 0.0256, 0.2767 0.79 0.0256, 0.2738 0.7681 0.0256, 0.2653 0.7476 0.0256, 0.2519 0.7301 0.0256, 0.2343 0.7166 0.0256, 0.2139 0.7082 0.0256, 0.2288 0.8538 0.0145, 0.244 0.8421 0.0145, 0.2557 0.8268 0.0145, 0.2631 0.8091 0.0145, 0.2656 0.79 0.0145, 0.2631 0.7709 0.0145, 0.2557 0.7532 0.0145, 0.244 0.7379 0.0145, 0.2288 0.7262 0.0145, 0.211 0.7189 0.0145, 0.2222 0.8423 0.0061, 0.2347 0.8327 0.0061, 0.2443 0.8202 0.0061, 0.2503 0.8056 0.0061, 0.2523 0.79 0.0061, 0.2503 0.7744 0.0061, 0.2443 0.7598 0.0061, 0.2347 0.7473 0.0061, 0.2222 0.7377 0.0061, 0.2076 0.7317 0.0061, 0.2148 0.8295 0.001, 0.2242 0.8222 0.001, 0.2314 0.8128 0.001, 0.236 0.8018 0.001, 0.2375 0.79 0.001, 0.236 0.7782 0.001, 0.2314 0.7672 0.001, 0.2242 0.7578 0.001, 0.2148 0.7505 0.001, 0.2038 0.746 0.001, -0.1626 0.6951 0.0536, -0.1639 0.7001 0.0388, -0.1661 0.7082 0.0256, -0.169 0.7189 0.0145, -0.1724 0.7317 0.0061, -0.1762 0.746 0.001, -0.1652 0.7505 0.001, -0.1558 0.7578 0.001, -0.1486 0.7672 0.001, -0.144 0.7782 0.001, -0.1425 0.79 0.001, -0.144 0.8018 0.001, -0.1486 0.8128 0.001, -0.1558 0.8222 0.001, -0.1652 0.8295 0.001, -0.1762 0.834 0.001, -0.1578 0.7377 0.0061, -0.1453 0.7473 0.0061, -0.1357 0.7598 0.0061, -0.1297 0.7744 0.0061, -0.1277 0.79 0.0061, -0.1297 0.8056 0.0061, -0.1357 0.8202 0.0061, -0.1453 0.8327 0.0061, -0.1578 0.8423 0.0061, -0.1724 0.8483 0.0061, -0.1512 0.7262 0.0145, -0.136 0.7379 0.0145, -0.1243 0.7532 0.0145, -0.1169 0.7709 0.0145, -0.1144 0.79 0.0145, -0.1169 0.8091 0.0145, -0.1243 0.8268 0.0145, -0.136 0.8421 0.0145, -0.1512 0.8538 0.0145, -0.169 0.8611 0.0145, -0.1457 0.7166 0.0256, -0.1281 0.7301 0.0256, -0.1147 0.7476 0.0256, -0.1062 0.7681 0.0256, -0.1033 0.79 0.0256, -0.1062 0.8119 0.0256, -0.1147 0.8324 0.0256, -0.1281 0.8499 0.0256, -0.1457 0.8634 0.0256, -0.1661 0.8718 0.0256, -0.1415 0.7094 0.0388, -0.1222 0.7242 0.0388, -0.1074 0.7435 0.0388, -0.0981 0.7659 0.0388, -0.095 0.79 0.0388, -0.0981 0.8141 0.0388, -0.1074 0.8365 0.0388, -0.1222 0.8558 0.0388, -0.1415 0.8706 0.0388, -0.1639 0.8799 0.0388, -0.1389 0.7049 0.0536, -0.1186 0.7205 0.0536, -0.1029 0.7409 0.0536, -0.0931 0.7646 0.0536, -0.0898 0.79 0.0536, -0.0931 0.8154 0.0536, -0.1029 0.8391 0.0536, -0.1186 0.8595 0.0536, -0.1389 0.8751 0.0536, -0.1626 0.8849 0.0536, 0.2174 -0.8849 0.0536, 0.2161 -0.8799 0.0388, 0.2139 -0.8718 0.0256, 0.211 -0.8611 0.0145, 0.2076 -0.8483 0.0061, 0.2038 -0.834 0.001, 0.2148 -0.8295 0.001, 0.2242 -0.8222 0.001, 0.2314 -0.8128 0.001, 0.236 -0.8018 0.001, 0.2375 -0.79 0.001, 0.236 -0.7782 0.001, 0.2314 -0.7672 0.001, 0.2242 -0.7578 0.001, 0.2148 -0.7505 0.001, 0.2038 -0.746 0.001, 0.2222 -0.8423 0.0061, 0.2347 -0.8327 0.0061, 0.2443 -0.8202 0.0061, 0.2503 -0.8056 0.0061, 0.2523 -0.79 0.0061, 0.2503 -0.7744 0.0061, 0.2443 -0.7598 0.0061, 0.2347 -0.7473 0.0061, 0.2222 -0.7377 0.0061, 0.2076 -0.7317 0.0061, 0.2288 -0.8538 0.0145, 0.244 -0.8421 0.0145, 0.2557 -0.8268 0.0145, 0.2631 -0.8091 0.0145, 0.2656 -0.79 0.0145, 0.2631 -0.7709 0.0145, 0.2557 -0.7532 0.0145, 0.244 -0.7379 0.0145, 0.2288 -0.7262 0.0145, 0.211 -0.7189 0.0145, 0.2343 -0.8634 0.0256, 0.2519 -0.8499 0.0256, 0.2653 -0.8324 0.0256, 0.2738 -0.8119 0.0256, 0.2767 -0.79 0.0256, 0.2738 -0.7681 0.0256, 0.2653 -0.7476 0.0256, 0.2519 -0.7301 0.0256, 0.2343 -0.7166 0.0256, 0.2139 -0.7082 0.0256, 0.2385 -0.8706 0.0388, 0.2578 -0.8558 0.0388, 0.2726 -0.8365 0.0388, 0.2819 -0.8141 0.0388, 0.285 -0.79 0.0388, 0.2819 -0.7659 0.0388, 0.2726 -0.7435 0.0388, 0.2578 -0.7242 0.0388, 0.2385 -0.7094 0.0388, 0.2161 -0.7001 0.0388, 0.2411 -0.8751 0.0536, 0.2614 -0.8595 0.0536, 0.2771 -0.8391 0.0536, 0.2869 -0.8154 0.0536, 0.2902 -0.79 0.0536, 0.2869 -0.7646 0.0536, 0.2771 -0.7409 0.0536, 0.2614 -0.7205 0.0536, 0.2411 -0.7049 0.0536, 0.2174 -0.6951 0.0536, -0.1762 -0.746 0.001, -0.1724 -0.7317 0.0061, -0.169 -0.7189 0.0145, -0.1661 -0.7082 0.0256, -0.1639 -0.7001 0.0388, -0.1626 -0.6951 0.0536, -0.1389 -0.7049 0.0536, -0.1186 -0.7205 0.0536, -0.1029 -0.7409 0.0536, -0.0931 -0.7646 0.0536, -0.0898 -0.79 0.0536, -0.0931 -0.8154 0.0536, -0.1029 -0.8391 0.0536, -0.1186 -0.8595 0.0536, -0.1389 -0.8751 0.0536, -0.1626 -0.8849 0.0536, -0.1415 -0.7094 0.0388, -0.1222 -0.7242 0.0388, -0.1074 -0.7435 0.0388, -0.0981 -0.7659 0.0388, -0.095 -0.79 0.0388, -0.0981 -0.8141 0.0388, -0.1074 -0.8365 0.0388, -0.1222 -0.8558 0.0388, -0.1415 -0.8706 0.0388, -0.1639 -0.8799 0.0388, -0.1457 -0.7166 0.0256, -0.1281 -0.7301 0.0256, -0.1147 -0.7476 0.0256, -0.1062 -0.7681 0.0256, -0.1033 -0.79 0.0256, -0.1062 -0.8119 0.0256, -0.1147 -0.8324 0.0256, -0.1281 -0.8499 0.0256, -0.1457 -0.8634 0.0256, -0.1661 -0.8718 0.0256, -0.1512 -0.7262 0.0145, -0.136 -0.7379 0.0145, -0.1243 -0.7532 0.0145, -0.1169 -0.7709 0.0145, -0.1144 -0.79 0.0145, -0.1169 -0.8091 0.0145, -0.1243 -0.8268 0.0145, -0.136 -0.8421 0.0145, -0.1512 -0.8538 0.0145, -0.169 -0.8611 0.0145, -0.1578 -0.7377 0.0061, -0.1453 -0.7473 0.0061, -0.1357 -0.7598 0.0061, -0.1297 -0.7744 0.0061, -0.1277 -0.79 0.0061, -0.1297 -0.8056 0.0061, -0.1357 -0.8202 0.0061, -0.1453 -0.8327 0.0061, -0.1578 -0.8423 0.0061, -0.1724 -0.8483 0.0061, -0.1652 -0.7505 0.001, -0.1558 -0.7578 0.001, -0.1486 -0.7672 0.001, -0.144 -0.7782 0.001, -0.1425 -0.79 0.001, -0.144 -0.8018 0.001, -0.1486 -0.8128 0.001, -0.1558 -0.8222 0.001, -0.1652 -0.8295 0.001, -0.1762 -0.834 0.001, 1.2038 0.834 0.001, 1.2076 0.8483 0.0061, 1.211 0.8611 0.0145, 1.2139 0.8718 0.0256, 1.2161 0.8799 0.0388, 1.2174 0.8849 0.0536, 1.2411 0.8751 0.0536, 1.2614 0.8595 0.0536, 1.2771 0.8391 0.0536, 1.2869 0.8154 0.0536, 1.2902 0.79 0.0536, 1.2869 0.7646 0.0536, 1.2771 0.7409 0.0536, 1.2614 0.7205 0.0536, 1.2411 0.7049 0.0536, 1.2174 0.6951 0.0536, 1.2385 0.8706 0.0388, 1.2578 0.8558 0.0388, 1.2726 0.8365 0.0388, 1.2819 0.8141 0.0388, 1.285 0.79 0.0388, 1.2819 0.7659 0.0388, 1.2726 0.7435 0.0388, 1.2578 0.7242 0.0388, 1.2385 0.7094 0.0388, 1.2161 0.7001 0.0388, 1.2343 0.8634 0.0256, 1.2519 0.8499 0.0256, 1.2653 0.8324 0.0256, 1.2738 0.8119 0.0256, 1.2767 0.79 0.0256, 1.2738 0.7681 0.0256, 1.2653 0.7476 0.0256, 1.2519 0.7301 0.0256, 1.2343 0.7166 0.0256, 1.2139 0.7082 0.0256, 1.2288 0.8538 0.0145, 1.244 0.8421 0.0145, 1.2557 0.8268 0.0145, 1.2631 0.8091 0.0145, 1.2656 0.79 0.0145, 1.2631 0.7709 0.0145, 1.2557 0.7532 0.0145, 1.244 0.7379 0.0145, 1.2288 0.7262 0.0145, 1.211 0.7189 0.0145, 1.2222 0.8423 0.0061, 1.2347 0.8327 0.0061, 1.2443 0.8202 0.0061, 1.2503 0.8056 0.0061, 1.2523 0.79 0.0061, 1.2503 0.7744 0.0061, 1.2443 0.7598 0.0061, 1.2347 0.7473 0.0061, 1.2222 0.7377 0.0061, 1.2076 0.7317 0.0061, 1.2148 0.8295 0.001, 1.2242 0.8222 0.001, 1.2314 0.8128 0.001, 1.236 0.8018 0.001, 1.2375 0.79 0.001, 1.236 0.7782 0.001, 1.2314 0.7672 0.001, 1.2242 0.7578 0.001, 1.2148 0.7505 0.001, 1.2038 0.746 0.001, 0.8374 0.6951 0.0536, 0.8361 0.7001 0.0388, 0.8339 0.7082 0.0256, 0.831 0.7189 0.0145, 0.8276 0.7317 0.0061, 0.8238 0.746 0.001, 0.8348 0.7505 0.001, 0.8442 0.7578 0.001, 0.8514 0.7672 0.001, 0.856 0.7782 0.001, 0.8575 0.79 0.001, 0.856 0.8018 0.001, 0.8514 0.8128 0.001, 0.8442 0.8222 0.001, 0.8348 0.8295 0.001, 0.8238 0.834 0.001, 0.8422 0.7377 0.0061, 0.8547 0.7473 0.0061, 0.8643 0.7598 0.0061, 0.8703 0.7744 0.0061, 0.8723 0.79 0.0061, 0.8703 0.8056 0.0061, 0.8643 0.8202 0.0061, 0.8547 0.8327 0.0061, 0.8422 0.8423 0.0061, 0.8276 0.8483 0.0061, 0.8488 0.7262 0.0145, 0.864 0.7379 0.0145, 0.8757 0.7532 0.0145, 0.8831 0.7709 0.0145, 0.8856 0.79 0.0145, 0.8831 0.8091 0.0145, 0.8757 0.8268 0.0145, 0.864 0.8421 0.0145, 0.8488 0.8538 0.0145, 0.831 0.8611 0.0145, 0.8543 0.7166 0.0256, 0.8719 0.7301 0.0256, 0.8853 0.7476 0.0256, 0.8938 0.7681 0.0256, 0.8967 0.79 0.0256, 0.8938 0.8119 0.0256, 0.8853 0.8324 0.0256, 0.8719 0.8499 0.0256, 0.8543 0.8634 0.0256, 0.8339 0.8718 0.0256, 0.8585 0.7094 0.0388, 0.8778 0.7242 0.0388, 0.8926 0.7435 0.0388, 0.9019 0.7659 0.0388, 0.905 0.79 0.0388, 0.9019 0.8141 0.0388, 0.8926 0.8365 0.0388, 0.8778 0.8558 0.0388, 0.8585 0.8706 0.0388, 0.8361 0.8799 0.0388, 0.8611 0.7049 0.0536, 0.8814 0.7205 0.0536, 0.8971 0.7409 0.0536, 0.9069 0.7646 0.0536, 0.9102 0.79 0.0536, 0.9069 0.8154 0.0536, 0.8971 0.8391 0.0536, 0.8814 0.8595 0.0536, 0.8611 0.8751 0.0536, 0.8374 0.8849 0.0536, 1.2174 -0.8849 0.0536, 1.2161 -0.8799 0.0388, 1.2139 -0.8718 0.0256, 1.211 -0.8611 0.0145, 1.2076 -0.8483 0.0061, 1.2038 -0.834 0.001, 1.2148 -0.8295 0.001, 1.2242 -0.8222 0.001, 1.2314 -0.8128 0.001, 1.236 -0.8018 0.001, 1.2375 -0.79 0.001, 1.236 -0.7782 0.001, 1.2314 -0.7672 0.001, 1.2242 -0.7578 0.001, 1.2148 -0.7505 0.001, 1.2038 -0.746 0.001, 1.2222 -0.8423 0.0061, 1.2347 -0.8327 0.0061, 1.2443 -0.8202 0.0061, 1.2503 -0.8056 0.0061, 1.2523 -0.79 0.0061, 1.2503 -0.7744 0.0061, 1.2443 -0.7598 0.0061, 1.2347 -0.7473 0.0061, 1.2222 -0.7377 0.0061, 1.2076 -0.7317 0.0061, 1.2288 -0.8538 0.0145, 1.244 -0.8421 0.0145, 1.2557 -0.8268 0.0145, 1.2631 -0.8091 0.0145, 1.2656 -0.79 0.0145, 1.2631 -0.7709 0.0145, 1.2557 -0.7532 0.0145, 1.244 -0.7379 0.0145, 1.2288 -0.7262 0.0145, 1.211 -0.7189 0.0145, 1.2343 -0.8634 0.0256, 1.2519 -0.8499 0.0256, 1.2653 -0.8324 0.0256, 1.2738 -0.8119 0.0256, 1.2767 -0.79 0.0256, 1.2738 -0.7681 0.0256, 1.2653 -0.7476 0.0256, 1.2519 -0.7301 0.0256, 1.2343 -0.7166 0.0256, 1.2139 -0.7082 0.0256, 1.2385 -0.8706 0.0388, 1.2578 -0.8558 0.0388, 1.2726 -0.8365 0.0388, 1.2819 -0.8141 0.0388, 1.285 -0.79 0.0388, 1.2819 -0.7659 0.0388, 1.2726 -0.7435 0.0388, 1.2578 -0.7242 0.0388, 1.2385 -0.7094 0.0388, 1.2161 -0.7001 0.0388, 1.2411 -0.8751 0.0536, 1.2614 -0.8595 0.0536, 1.2771 -0.8391 0.0536, 1.2869 -0.8154 0.0536, 1.2902 -0.79 0.0536, 1.2869 -0.7646 0.0536, 1.2771 -0.7409 0.0536, 1.2614 -0.7205 0.0536, 1.2411 -0.7049 0.0536, 1.2174 -0.6951 0.0536, 0.8238 -0.746 0.001, 0.8276 -0.7317 0.0061, 0.831 -0.7189 0.0145, 0.8339 -0.7082 0.0256, 0.8361 -0.7001 0.0388, 0.8374 -0.6951 0.0536, 0.8611 -0.7049 0.0536, 0.8814 -0.7205 0.0536, 0.8971 -0.7409 0.0536, 0.9069 -0.7646 0.0536, 0.9102 -0.79 0.0536, 0.9069 -0.8154 0.0536, 0.8971 -0.8391 0.0536, 0.8814 -0.8595 0.0536, 0.8611 -0.8751 0.0536, 0.8374 -0.8849 0.0536, 0.8585 -0.7094 0.0388, 0.8778 -0.7242 0.0388, 0.8926 -0.7435 0.0388, 0.9019 -0.7659 0.0388, 0.905 -0.79 0.0388, 0.9019 -0.8141 0.0388, 0.8926 -0.8365 0.0388, 0.8778 -0.8558 0.0388, 0.8585 -0.8706 0.0388, 0.8361 -0.8799 0.0388, 0.8543 -0.7166 0.0256, 0.8719 -0.7301 0.0256, 0.8853 -0.7476 0.0256, 0.8938 -0.7681 0.0256, 0.8967 -0.79 0.0256, 0.8938 -0.8119 0.0256, 0.8853 -0.8324 0.0256, 0.8719 -0.8499 0.0256, 0.8543 -0.8634 0.0256, 0.8339 -0.8718 0.0256, 0.8488 -0.7262 0.0145, 0.864 -0.7379 0.0145, 0.8757 -0.7532 0.0145, 0.8831 -0.7709 0.0145, 0.8856 -0.79 0.0145, 0.8831 -0.8091 0.0145, 0.8757 -0.8268 0.0145, 0.864 -0.8421 0.0145, 0.8488 -0.8538 0.0145, 0.831 -0.8611 0.0145, 0.8422 -0.7377 0.0061, 0.8547 -0.7473 0.0061, 0.8643 -0.7598 0.0061, 0.8703 -0.7744 0.0061, 0.8723 -0.79 0.0061, 0.8703 -0.8056 0.0061, 0.8643 -0.8202 0.0061, 0.8547 -0.8327 0.0061, 0.8422 -0.8423 0.0061, 0.8276 -0.8483 0.0061, 0.8348 -0.7505 0.001, 0.8442 -0.7578 0.001, 0.8514 -0.7672 0.001, 0.856 -0.7782 0.001, 0.8575 -0.79 0.001, 0.856 -0.8018 0.001, 0.8514 -0.8128 0.001, 0.8442 -0.8222 0.001, 0.8348 -0.8295 0.001, 0.8238 -0.834 0.001, 2.2038 0.834 0.001, 2.2076 0.8483 0.0061, 2.211 0.8611 0.0145, 2.2139 0.8718 0.0256, 2.2161 0.8799 0.0388, 2.2174 0.8849 0.0536, 2.2411 0.8751 0.0536, 2.2614 0.8595 0.0536, 2.2771 0.8391 0.0536, 2.2869 0.8154 0.0536, 2.2902 0.79 0.0536, 2.2869 0.7646 0.0536, 2.2771 0.7409 0.0536, 2.2614 0.7205 0.0536, 2.2411 0.7049 0.0536, 2.2174 0.6951 0.0536, 2.2385 0.8706 0.0388, 2.2578 0.8558 0.0388, 2.2726 0.8365 0.0388, 2.2819 0.8141 0.0388, 2.285 0.79 0.0388, 2.2819 0.7659 0.0388, 2.2726 0.7435 0.0388, 2.2578 0.7242 0.0388, 2.2385 0.7094 0.0388, 2.2161 0.7001 0.0388, 2.2343 0.8634 0.0256, 2.2519 0.8499 0.0256, 2.2653 0.8324 0.0256, 2.2738 0.8119 0.0256, 2.2767 0.79 0.0256, 2.2738 0.7681 0.0256, 2.2653 0.7476 0.0256, 2.2519 0.7301 0.0256, 2.2343 0.7166 0.0256, 2.2139 0.7082 0.0256, 2.2288 0.8538 0.0145, 2.244 0.8421 0.0145, 2.2557 0.8268 0.0145, 2.2631 0.8091 0.0145, 2.2656 0.79 0.0145, 2.2631 0.7709 0.0145, 2.2557 0.7532 0.0145, 2.244 0.7379 0.0145, 2.2288 0.7262 0.0145, 2.211 0.7189 0.0145, 2.2222 0.8423 0.0061, 2.2347 0.8327 0.0061, 2.2443 0.8202 0.0061, 2.2503 0.8056 0.0061, 2.2523 0.79 0.0061, 2.2503 0.7744 0.0061, 2.2443 0.7598 0.0061, 2.2347 0.7473 0.0061, 2.2222 0.7377 0.0061, 2.2076 0.7317 0.0061, 2.2148 0.8295 0.001, 2.2242 0.8222 0.001, 2.2314 0.8128 0.001, 2.236 0.8018 0.001, 2.2375 0.79 0.001, 2.236 0.7782 0.001, 2.2314 0.7672 0.001, 2.2242 0.7578 0.001, 2.2148 0.7505 0.001, 2.2038 0.746 0.001, 1.8374 0.6951 0.0536, 1.8361 0.7001 0.0388, 1.8339 0.7082 0.0256, 1.831 0.7189 0.0145, 1.8276 0.7317 0.0061, 1.8238 0.746 0.001, 1.8348 0.7505 0.001, 1.8442 0.7578 0.001, 1.8514 0.7672 0.001, 1.856 0.7782 0.001, 1.8575 0.79 0.001, 1.856 0.8018 0.001, 1.8514 0.8128 0.001, 1.8442 0.8222 0.001, 1.8348 0.8295 0.001, 1.8238 0.834 0.001, 1.8422 0.7377 0.0061, 1.8547 0.7473 0.0061, 1.8643 0.7598 0.0061, 1.8703 0.7744 0.0061, 1.8723 0.79 0.0061, 1.8703 0.8056 0.0061, 1.8643 0.8202 0.0061, 1.8547 0.8327 0.0061, 1.8422 0.8423 0.0061, 1.8276 0.8483 0.0061, 1.8488 0.7262 0.0145, 1.864 0.7379 0.0145, 1.8757 0.7532 0.0145, 1.8831 0.7709 0.0145, 1.8856 0.79 0.0145, 1.8831 0.8091 0.0145, 1.8757 0.8268 0.0145, 1.864 0.8421 0.0145, 1.8488 0.8538 0.0145, 1.831 0.8611 0.0145, 1.8543 0.7166 0.0256, 1.8719 0.7301 0.0256, 1.8853 0.7476 0.0256, 1.8938 0.7681 0.0256, 1.8967 0.79 0.0256, 1.8938 0.8119 0.0256, 1.8853 0.8324 0.0256, 1.8719 0.8499 0.0256, 1.8543 0.8634 0.0256, 1.8339 0.8718 0.0256, 1.8585 0.7094 0.0388, 1.8778 0.7242 0.0388, 1.8926 0.7435 0.0388, 1.9019 0.7659 0.0388, 1.905 0.79 0.0388, 1.9019 0.8141 0.0388, 1.8926 0.8365 0.0388, 1.8778 0.8558 0.0388, 1.8585 0.8706 0.0388, 1.8361 0.8799 0.0388, 1.8611 0.7049 0.0536, 1.8814 0.7205 0.0536, 1.8971 0.7409 0.0536, 1.9069 0.7646 0.0536, 1.9102 0.79 0.0536, 1.9069 0.8154 0.0536, 1.8971 0.8391 0.0536, 1.8814 0.8595 0.0536, 1.8611 0.8751 0.0536, 1.8374 0.8849 0.0536, 2.2174 -0.8849 0.0536, 2.2161 -0.8799 0.0388, 2.2139 -0.8718 0.0256, 2.211 -0.8611 0.0145, 2.2076 -0.8483 0.0061, 2.2038 -0.834 0.001, 2.2148 -0.8295 0.001, 2.2242 -0.8222 0.001, 2.2314 -0.8128 0.001, 2.236 -0.8018 0.001, 2.2375 -0.79 0.001, 2.236 -0.7782 0.001, 2.2314 -0.7672 0.001, 2.2242 -0.7578 0.001, 2.2148 -0.7505 0.001, 2.2038 -0.746 0.001, 2.2222 -0.8423 0.0061, 2.2347 -0.8327 0.0061, 2.2443 -0.8202 0.0061, 2.2503 -0.8056 0.0061, 2.2523 -0.79 0.0061, 2.2503 -0.7744 0.0061, 2.2443 -0.7598 0.0061, 2.2347 -0.7473 0.0061, 2.2222 -0.7377 0.0061, 2.2076 -0.7317 0.0061, 2.2288 -0.8538 0.0145, 2.244 -0.8421 0.0145, 2.2557 -0.8268 0.0145, 2.2631 -0.8091 0.0145, 2.2656 -0.79 0.0145, 2.2631 -0.7709 0.0145, 2.2557 -0.7532 0.0145, 2.244 -0.7379 0.0145, 2.2288 -0.7262 0.0145, 2.211 -0.7189 0.0145, 2.2343 -0.8634 0.0256, 2.2519 -0.8499 0.0256, 2.2653 -0.8324 0.0256, 2.2738 -0.8119 0.0256, 2.2767 -0.79 0.0256, 2.2738 -0.7681 0.0256, 2.2653 -0.7476 0.0256, 2.2519 -0.7301 0.0256, 2.2343 -0.7166 0.0256, 2.2139 -0.7082 0.0256, 2.2385 -0.8706 0.0388, 2.2578 -0.8558 0.0388, 2.2726 -0.8365 0.0388, 2.2819 -0.8141 0.0388, 2.285 -0.79 0.0388, 2.2819 -0.7659 0.0388, 2.2726 -0.7435 0.0388, 2.2578 -0.7242 0.0388, 2.2385 -0.7094 0.0388, 2.2161 -0.7001 0.0388, 2.2411 -0.8751 0.0536, 2.2614 -0.8595 0.0536, 2.2771 -0.8391 0.0536, 2.2869 -0.8154 0.0536, 2.2902 -0.79 0.0536, 2.2869 -0.7646 0.0536, 2.2771 -0.7409 0.0536, 2.2614 -0.7205 0.0536, 2.2411 -0.7049 0.0536, 2.2174 -0.6951 0.0536, 1.8238 -0.746 0.001, 1.8276 -0.7317 0.0061, 1.831 -0.7189 0.0145, 1.8339 -0.7082 0.0256, 1.8361 -0.7001 0.0388, 1.8374 -0.6951 0.0536, 1.8611 -0.7049 0.0536, 1.8814 -0.7205 0.0536, 1.8971 -0.7409 0.0536, 1.9069 -0.7646 0.0536, 1.9102 -0.79 0.0536, 1.9069 -0.8154 0.0536, 1.8971 -0.8391 0.0536, 1.8814 -0.8595 0.0536, 1.8611 -0.8751 0.0536, 1.8374 -0.8849 0.0536, 1.8585 -0.7094 0.0388, 1.8778 -0.7242 0.0388, 1.8926 -0.7435 0.0388, 1.9019 -0.7659 0.0388, 1.905 -0.79 0.0388, 1.9019 -0.8141 0.0388, 1.8926 -0.8365 0.0388, 1.8778 -0.8558 0.0388, 1.8585 -0.8706 0.0388, 1.8361 -0.8799 0.0388, 1.8543 -0.7166 0.0256, 1.8719 -0.7301 0.0256, 1.8853 -0.7476 0.0256, 1.8938 -0.7681 0.0256, 1.8967 -0.79 0.0256, 1.8938 -0.8119 0.0256, 1.8853 -0.8324 0.0256, 1.8719 -0.8499 0.0256, 1.8543 -0.8634 0.0256, 1.8339 -0.8718 0.0256, 1.8488 -0.7262 0.0145, 1.864 -0.7379 0.0145, 1.8757 -0.7532 0.0145, 1.8831 -0.7709 0.0145, 1.8856 -0.79 0.0145, 1.8831 -0.8091 0.0145, 1.8757 -0.8268 0.0145, 1.864 -0.8421 0.0145, 1.8488 -0.8538 0.0145, 1.831 -0.8611 0.0145, 1.8422 -0.7377 0.0061, 1.8547 -0.7473 0.0061, 1.8643 -0.7598 0.0061, 1.8703 -0.7744 0.0061, 1.8723 -0.79 0.0061, 1.8703 -0.8056 0.0061, 1.8643 -0.8202 0.0061, 1.8547 -0.8327 0.0061, 1.8422 -0.8423 0.0061, 1.8276 -0.8483 0.0061, 1.8348 -0.7505 0.001, 1.8442 -0.7578 0.001, 1.8514 -0.7672 0.001, 1.856 -0.7782 0.001, 1.8575 -0.79 0.001, 1.856 -0.8018 0.001, 1.8514 -0.8128 0.001, 1.8442 -0.8222 0.001, 1.8348 -0.8295 0.001, 1.8238 -0.834 0.001
            ]
        }
        coordIndex [
            0,1,2,-1,1,3,4,-1,3,5,6,-1,5,7,8,-1,7,9,10,-1,9,11,12,-1,11,13,14,-1,11,14,12,-1,12,14,15,-1,12,15,16,-1,16,15,17,-1,16,17,18,-1,18,17,19,-1,18,19,20,-1,20,19,21,-1,20,21,22,-1,22,21,23,-1,22,23,24,-1,24,23,25,-1,24,25,26,-1,26,25,27,-1,26,27,28,-1,28,27,29,-1,28,29,30,-1,30,29,31,-1,30,31,32,-1,32,31,33,-1,32,33,34,-1,34,33,35,-1,34,35,36,-1,9,12,10,-1,10,12,16,-1,10,16,37,-1,37,16,18,-1,37,18,38,-1,38,18,20,-1,38,20,39,-1,39,20,22,-1,39,22,40,-1,40,22,24,-1,40,24,41,-1,41,24,26,-1,41,26,42,-1,42,26,28,-1,42,28,43,-1,43,28,30,-1,43,30,44,-1,44,30,32,-1,44,32,45,-1,45,32,34,-1,45,34,46,-1,46,34,36,-1,46,36,47,-1,7,10,8,-1,8,10,37,-1,8,37,48,-1,48,37,38,-1,48,38,49,-1,49,38,39,-1,49,39,50,-1,50,39,40,-1,50,40,51,-1,51,40,41,-1,51,41,52,-1,52,41,42,-1,52,42,53,-1,53,42,43,-1,53,43,54,-1,54,43,44,-1,54,44,55,-1,55,44,45,-1,55,45,56,-1,56,45,46,-1,56,46,57,-1,57,46,47,-1,57,47,58,-1,5,8,6,-1,6,8,48,-1,6,48,59,-1,59,48,49,-1,59,49,60,-1,60,49,50,-1,60,50,61,-1,61,50,51,-1,61,51,62,-1,62,51,52,-1,62,52,63,-1,63,52,53,-1,63,53,64,-1,64,53,54,-1,64,54,65,-1,65,54,55,-1,65,55,66,-1,66,55,56,-1,66,56,67,-1,67,56,57,-1,67,57,68,-1,68,57,58,-1,68,58,69,-1,3,6,4,-1,4,6,59,-1,4,59,70,-1,70,59,60,-1,70,60,71,-1,71,60,61,-1,71,61,72,-1,72,61,62,-1,72,62,73,-1,73,62,63,-1,73,63,74,-1,74,63,64,-1,74,64,75,-1,75,64,65,-1,75,65,76,-1,76,65,66,-1,76,66,77,-1,77,66,67,-1,77,67,78,-1,78,67,68,-1,78,68,79,-1,79,68,69,-1,79,69,80,-1,1,4,2,-1,2,4,70,-1,2,70,81,-1,81,70,71,-1,81,71,82,-1,82,71,72,-1,82,72,83,-1,83,72,73,-1,83,73,84,-1,84,73,74,-1,84,74,85,-1,85,74,75,-1,85,75,86,-1,86,75,76,-1,86,76,87,-1,87,76,77,-1,87,77,88,-1,88,77,78,-1,88,78,89,-1,89,78,79,-1,89,79,90,-1,90,79,80,-1,90,80,91,-1,0,2,92,-1,92,2,81,-1,92,81,93,-1,93,81,82,-1,93,82,94,-1,94,82,83,-1,94,83,95,-1,95,83,84,-1,95,84,96,-1,96,84,85,-1,96,85,97,-1,97,85,86,-1,97,86,98,-1,98,86,87,-1,98,87,99,-1,99,87,88,-1,99,88,100,-1,100,88,89,-1,100,89,101,-1,101,89,90,-1,101,90,102,-1,102,90,91,-1,102,91,103,-1,104,105,106,-1,105,107,108,-1,107,109,110,-1,109,111,112,-1,111,113,114,-1,113,115,116,-1,115,117,118,-1,115,118,116,-1,116,118,119,-1,116,119,120,-1,120,119,121,-1,120,121,122,-1,122,121,123,-1,122,123,124,-1,124,123,125,-1,124,125,126,-1,126,125,127,-1,126,127,128,-1,128,127,129,-1,128,129,130,-1,130,129,131,-1,130,131,132,-1,132,131,133,-1,132,133,134,-1,134,133,135,-1,134,135,136,-1,136,135,137,-1,136,137,138,-1,138,137,139,-1,138,139,140,-1,113,116,114,-1,114,116,120,-1,114,120,141,-1,141,120,122,-1,141,122,142,-1,142,122,124,-1,142,124,143,-1,143,124,126,-1,143,126,144,-1,144,126,128,-1,144,128,145,-1,145,128,130,-1,145,130,146,-1,146,130,132,-1,146,132,147,-1,147,132,134,-1,147,134,148,-1,148,134,136,-1,148,136,149,-1,149,136,138,-1,149,138,150,-1,150,138,140,-1,150,140,151,-1,111,114,112,-1,112,114,141,-1,112,141,152,-1,152,141,142,-1,152,142,153,-1,153,142,143,-1,153,143,154,-1,154,143,144,-1,154,144,155,-1,155,144,145,-1,155,145,156,-1,156,145,146,-1,156,146,157,-1,157,146,147,-1,157,147,158,-1,158,147,148,-1,158,148,159,-1,159,148,149,-1,159,149,160,-1,160,149,150,-1,160,150,161,-1,161,150,151,-1,161,151,162,-1,109,112,110,-1,110,112,152,-1,110,152,163,-1,163,152,153,-1,163,153,164,-1,164,153,154,-1,164,154,165,-1,165,154,155,-1,165,155,166,-1,166,155,156,-1,166,156,167,-1,167,156,157,-1,167,157,168,-1,168,157,158,-1,168,158,169,-1,169,158,159,-1,169,159,170,-1,170,159,160,-1,170,160,171,-1,171,160,161,-1,171,161,172,-1,172,161,162,-1,172,162,173,-1,107,110,108,-1,108,110,163,-1,108,163,174,-1,174,163,164,-1,174,164,175,-1,175,164,165,-1,175,165,176,-1,176,165,166,-1,176,166,177,-1,177,166,167,-1,177,167,178,-1,178,167,168,-1,178,168,179,-1,179,168,169,-1,179,169,180,-1,180,169,170,-1,180,170,181,-1,181,170,171,-1,181,171,182,-1,182,171,172,-1,182,172,183,-1,183,172,173,-1,183,173,184,-1,105,108,106,-1,106,108,174,-1,106,174,185,-1,185,174,175,-1,185,175,186,-1,186,175,176,-1,186,176,187,-1,187,176,177,-1,187,177,188,-1,188,177,178,-1,188,178,189,-1,189,178,179,-1,189,179,190,-1,190,179,180,-1,190,180,191,-1,191,180,181,-1,191,181,192,-1,192,181,182,-1,192,182,193,-1,193,182,183,-1,193,183,194,-1,194,183,184,-1,194,184,195,-1,104,106,196,-1,196,106,185,-1,196,185,197,-1,197,185,186,-1,197,186,198,-1,198,186,187,-1,198,187,199,-1,199,187,188,-1,199,188,200,-1,200,188,189,-1,200,189,201,-1,201,189,190,-1,201,190,202,-1,202,190,191,-1,202,191,203,-1,203,191,192,-1,203,192,204,-1,204,192,193,-1,204,193,205,-1,205,193,194,-1,205,194,206,-1,206,194,195,-1,206,195,207,-1,208,209,210,-1,209,211,212,-1,211,213,214,-1,213,215,216,-1,215,217,218,-1,217,219,220,-1,219,221,222,-1,219,222,220,-1,220,222,223,-1,220,223,224,-1,224,223,225,-1,224,225,226,-1,226,225,227,-1,226,227,228,-1,228,227,229,-1,228,229,230,-1,230,229,231,-1,230,231,232,-1,232,231,233,-1,232,233,234,-1,234,233,235,-1,234,235,236,-1,236,235,237,-1,236,237,238,-1,238,237,239,-1,238,239,240,-1,240,239,241,-1,240,241,242,-1,242,241,243,-1,242,243,244,-1,217,220,218,-1,218,220,224,-1,218,224,245,-1,245,224,226,-1,245,226,246,-1,246,226,228,-1,246,228,247,-1,247,228,230,-1,247,230,248,-1,248,230,232,-1,248,232,249,-1,249,232,234,-1,249,234,250,-1,250,234,236,-1,250,236,251,-1,251,236,238,-1,251,238,252,-1,252,238,240,-1,252,240,253,-1,253,240,242,-1,253,242,254,-1,254,242,244,-1,254,244,255,-1,215,218,216,-1,216,218,245,-1,216,245,256,-1,256,245,246,-1,256,246,257,-1,257,246,247,-1,257,247,258,-1,258,247,248,-1,258,248,259,-1,259,248,249,-1,259,249,260,-1,260,249,250,-1,260,250,261,-1,261,250,251,-1,261,251,262,-1,262,251,252,-1,262,252,263,-1,263,252,253,-1,263,253,264,-1,264,253,254,-1,264,254,265,-1,265,254,255,-1,265,255,266,-1,213,216,214,-1,214,216,256,-1,214,256,267,-1,267,256,257,-1,267,257,268,-1,268,257,258,-1,268,258,269,-1,269,258,259,-1,269,259,270,-1,270,259,260,-1,270,260,271,-1,271,260,261,-1,271,261,272,-1,272,261,262,-1,272,262,273,-1,273,262,263,-1,273,263,274,-1,274,263,264,-1,274,264,275,-1,275,264,265,-1,275,265,276,-1,276,265,266,-1,276,266,277,-1,211,214,212,-1,212,214,267,-1,212,267,278,-1,278,267,268,-1,278,268,279,-1,279,268,269,-1,279,269,280,-1,280,269,270,-1,280,270,281,-1,281,270,271,-1,281,271,282,-1,282,271,272,-1,282,272,283,-1,283,272,273,-1,283,273,284,-1,284,273,274,-1,284,274,285,-1,285,274,275,-1,285,275,286,-1,286,275,276,-1,286,276,287,-1,287,276,277,-1,287,277,288,-1,209,212,210,-1,210,212,278,-1,210,278,289,-1,289,278,279,-1,289,279,290,-1,290,279,280,-1,290,280,291,-1,291,280,281,-1,291,281,292,-1,292,281,282,-1,292,282,293,-1,293,282,283,-1,293,283,294,-1,294,283,284,-1,294,284,295,-1,295,284,285,-1,295,285,296,-1,296,285,286,-1,296,286,297,-1,297,286,287,-1,297,287,298,-1,298,287,288,-1,298,288,299,-1,208,210,300,-1,300,210,289,-1,300,289,301,-1,301,289,290,-1,301,290,302,-1,302,290,291,-1,302,291,303,-1,303,291,292,-1,303,292,304,-1,304,292,293,-1,304,293,305,-1,305,293,294,-1,305,294,306,-1,306,294,295,-1,306,295,307,-1,307,295,296,-1,307,296,308,-1,308,296,297,-1,308,297,309,-1,309,297,298,-1,309,298,310,-1,310,298,299,-1,310,299,311,-1,312,313,314,-1,313,315,316,-1,315,317,318,-1,317,319,320,-1,319,321,322,-1,321,323,324,-1,323,325,326,-1,323,326,324,-1,324,326,327,-1,324,327,328,-1,328,327,329,-1,328,329,330,-1,330,329,331,-1,330,331,332,-1,332,331,333,-1,332,333,334,-1,334,333,335,-1,334,335,336,-1,336,335,337,-1,336,337,338,-1,338,337,339,-1,338,339,340,-1,340,339,341,-1,340,341,342,-1,342,341,343,-1,342,343,344,-1,344,343,345,-1,344,345,346,-1,346,345,347,-1,346,347,348,-1,321,324,322,-1,322,324,328,-1,322,328,349,-1,349,328,330,-1,349,330,350,-1,350,330,332,-1,350,332,351,-1,351,332,334,-1,351,334,352,-1,352,334,336,-1,352,336,353,-1,353,336,338,-1,353,338,354,-1,354,338,340,-1,354,340,355,-1,355,340,342,-1,355,342,356,-1,356,342,344,-1,356,344,357,-1,357,344,346,-1,357,346,358,-1,358,346,348,-1,358,348,359,-1,319,322,320,-1,320,322,349,-1,320,349,360,-1,360,349,350,-1,360,350,361,-1,361,350,351,-1,361,351,362,-1,362,351,352,-1,362,352,363,-1,363,352,353,-1,363,353,364,-1,364,353,354,-1,364,354,365,-1,365,354,355,-1,365,355,366,-1,366,355,356,-1,366,356,367,-1,367,356,357,-1,367,357,368,-1,368,357,358,-1,368,358,369,-1,369,358,359,-1,369,359,370,-1,317,320,318,-1,318,320,360,-1,318,360,371,-1,371,360,361,-1,371,361,372,-1,372,361,362,-1,372,362,373,-1,373,362,363,-1,373,363,374,-1,374,363,364,-1,374,364,375,-1,375,364,365,-1,375,365,376,-1,376,365,366,-1,376,366,377,-1,377,366,367,-1,377,367,378,-1,378,367,368,-1,378,368,379,-1,379,368,369,-1,379,369,380,-1,380,369,370,-1,380,370,381,-1,315,318,316,-1,316,318,371,-1,316,371,382,-1,382,371,372,-1,382,372,383,-1,383,372,373,-1,383,373,384,-1,384,373,374,-1,384,374,385,-1,385,374,375,-1,385,375,386,-1,386,375,376,-1,386,376,387,-1,387,376,377,-1,387,377,388,-1,388,377,378,-1,388,378,389,-1,389,378,379,-1,389,379,390,-1,390,379,380,-1,390,380,391,-1,391,380,381,-1,391,381,392,-1,313,316,314,-1,314,316,382,-1,314,382,393,-1,393,382,383,-1,393,383,394,-1,394,383,384,-1,394,384,395,-1,395,384,385,-1,395,385,396,-1,396,385,386,-1,396,386,397,-1,397,386,387,-1,397,387,398,-1,398,387,388,-1,398,388,399,-1,399,388,389,-1,399,389,400,-1,400,389,390,-1,400,390,401,-1,401,390,391,-1,401,391,402,-1,402,391,392,-1,402,392,403,-1,312,314,404,-1,404,314,393,-1,404,393,405,-1,405,393,394,-1,405,394,406,-1,406,394,395,-1,406,395,407,-1,407,395,396,-1,407,396,408,-1,408,396,397,-1,408,397,409,-1,409,397,398,-1,409,398,410,-1,410,398,399,-1,410,399,411,-1,411,399,400,-1,411,400,412,-1,412,400,401,-1,412,401,413,-1,413,401,402,-1,413,402,414,-1,414,402,403,-1,414,403,415,-1,416,417,418,-1,417,419,420,-1,419,421,422,-1,421,423,424,-1,423,425,426,-1,425,427,428,-1,427,429,430,-1,427,430,428,-1,428,430,431,-1,428,431,432,-1,432,431,433,-1,432,433,434,-1,434,433,435,-1,434,435,436,-1,436,435,437,-1,436,437,438,-1,438,437,439,-1,438,439,440,-1,440,439,441,-1,440,441,442,-1,442,441,443,-1,442,443,444,-1,444,443,445,-1,444,445,446,-1,446,445,447,-1,446,447,448,-1,448,447,449,-1,448,449,450,-1,450,449,451,-1,450,451,452,-1,425,428,426,-1,426,428,432,-1,426,432,453,-1,453,432,434,-1,453,434,454,-1,454,434,436,-1,454,436,455,-1,455,436,438,-1,455,438,456,-1,456,438,440,-1,456,440,457,-1,457,440,442,-1,457,442,458,-1,458,442,444,-1,458,444,459,-1,459,444,446,-1,459,446,460,-1,460,446,448,-1,460,448,461,-1,461,448,450,-1,461,450,462,-1,462,450,452,-1,462,452,463,-1,423,426,424,-1,424,426,453,-1,424,453,464,-1,464,453,454,-1,464,454,465,-1,465,454,455,-1,465,455,466,-1,466,455,456,-1,466,456,467,-1,467,456,457,-1,467,457,468,-1,468,457,458,-1,468,458,469,-1,469,458,459,-1,469,459,470,-1,470,459,460,-1,470,460,471,-1,471,460,461,-1,471,461,472,-1,472,461,462,-1,472,462,473,-1,473,462,463,-1,473,463,474,-1,421,424,422,-1,422,424,464,-1,422,464,475,-1,475,464,465,-1,475,465,476,-1,476,465,466,-1,476,466,477,-1,477,466,467,-1,477,467,478,-1,478,467,468,-1,478,468,479,-1,479,468,469,-1,479,469,480,-1,480,469,470,-1,480,470,481,-1,481,470,471,-1,481,471,482,-1,482,471,472,-1,482,472,483,-1,483,472,473,-1,483,473,484,-1,484,473,474,-1,484,474,485,-1,419,422,420,-1,420,422,475,-1,420,475,486,-1,486,475,476,-1,486,476,487,-1,487,476,477,-1,487,477,488,-1,488,477,478,-1,488,478,489,-1,489,478,479,-1,489,479,490,-1,490,479,480,-1,490,480,491,-1,491,480,481,-1,491,481,492,-1,492,481,482,-1,492,482,493,-1,493,482,483,-1,493,483,494,-1,494,483,484,-1,494,484,495,-1,495,484,485,-1,495,485,496,-1,417,420,418,-1,418,420,486,-1,418,486,497,-1,497,486,487,-1,497,487,498,-1,498,487,488,-1,498,488,499,-1,499,488,489,-1,499,489,500,-1,500,489,490,-1,500,490,501,-1,501,490,491,-1,501,491,502,-1,502,491,492,-1,502,492,503,-1,503,492,493,-1,503,493,504,-1,504,493,494,-1,504,494,505,-1,505,494,495,-1,505,495,506,-1,506,495,496,-1,506,496,507,-1,416,418,508,-1,508,418,497,-1,508,497,509,-1,509,497,498,-1,509,498,510,-1,510,498,499,-1,510,499,511,-1,511,499,500,-1,511,500,512,-1,512,500,501,-1,512,501,513,-1,513,501,502,-1,513,502,514,-1,514,502,503,-1,514,503,515,-1,515,503,504,-1,515,504,516,-1,516,504,505,-1,516,505,517,-1,517,505,506,-1,517,506,518,-1,518,506,507,-1,518,507,519,-1,520,521,522,-1,521,523,524,-1,523,525,526,-1,525,527,528,-1,527,529,530,-1,529,531,532,-1,531,533,534,-1,531,534,532,-1,532,534,535,-1,532,535,536,-1,536,535,537,-1,536,537,538,-1,538,537,539,-1,538,539,540,-1,540,539,541,-1,540,541,542,-1,542,541,543,-1,542,543,544,-1,544,543,545,-1,544,545,546,-1,546,545,547,-1,546,547,548,-1,548,547,549,-1,548,549,550,-1,550,549,551,-1,550,551,552,-1,552,551,553,-1,552,553,554,-1,554,553,555,-1,554,555,556,-1,529,532,530,-1,530,532,536,-1,530,536,557,-1,557,536,538,-1,557,538,558,-1,558,538,540,-1,558,540,559,-1,559,540,542,-1,559,542,560,-1,560,542,544,-1,560,544,561,-1,561,544,546,-1,561,546,562,-1,562,546,548,-1,562,548,563,-1,563,548,550,-1,563,550,564,-1,564,550,552,-1,564,552,565,-1,565,552,554,-1,565,554,566,-1,566,554,556,-1,566,556,567,-1,527,530,528,-1,528,530,557,-1,528,557,568,-1,568,557,558,-1,568,558,569,-1,569,558,559,-1,569,559,570,-1,570,559,560,-1,570,560,571,-1,571,560,561,-1,571,561,572,-1,572,561,562,-1,572,562,573,-1,573,562,563,-1,573,563,574,-1,574,563,564,-1,574,564,575,-1,575,564,565,-1,575,565,576,-1,576,565,566,-1,576,566,577,-1,577,566,567,-1,577,567,578,-1,525,528,526,-1,526,528,568,-1,526,568,579,-1,579,568,569,-1,579,569,580,-1,580,569,570,-1,580,570,581,-1,581,570,571,-1,581,571,582,-1,582,571,572,-1,582,572,583,-1,583,572,573,-1,583,573,584,-1,584,573,574,-1,584,574,585,-1,585,574,575,-1,585,575,586,-1,586,575,576,-1,586,576,587,-1,587,576,577,-1,587,577,588,-1,588,577,578,-1,588,578,589,-1,523,526,524,-1,524,526,579,-1,524,579,590,-1,590,579,580,-1,590,580,591,-1,591,580,581,-1,591,581,592,-1,592,581,582,-1,592,582,593,-1,593,582,583,-1,593,583,594,-1,594,583,584,-1,594,584,595,-1,595,584,585,-1,595,585,596,-1,596,585,586,-1,596,586,597,-1,597,586,587,-1,597,587,598,-1,598,587,588,-1,598,588,599,-1,599,588,589,-1,599,589,600,-1,521,524,522,-1,522,524,590,-1,522,590,601,-1,601,590,591,-1,601,591,602,-1,602,591,592,-1,602,592,603,-1,603,592,593,-1,603,593,604,-1,604,593,594,-1,604,594,605,-1,605,594,595,-1,605,595,606,-1,606,595,596,-1,606,596,607,-1,607,596,597,-1,607,597,608,-1,608,597,598,-1,608,598,609,-1,609,598,599,-1,609,599,610,-1,610,599,600,-1,610,600,611,-1,520,522,612,-1,612,522,601,-1,612,601,613,-1,613,601,602,-1,613,602,614,-1,614,602,603,-1,614,603,615,-1,615,603,604,-1,615,604,616,-1,616,604,605,-1,616,605,617,-1,617,605,606,-1,617,606,618,-1,618,606,607,-1,618,607,619,-1,619,607,608,-1,619,608,620,-1,620,608,609,-1,620,609,621,-1,621,609,610,-1,621,610,622,-1,622,610,611,-1,622,611,623,-1,624,625,626,-1,625,627,628,-1,627,629,630,-1,629,631,632,-1,631,633,634,-1,633,635,636,-1,635,637,638,-1,635,638,636,-1,636,638,639,-1,636,639,640,-1,640,639,641,-1,640,641,642,-1,642,641,643,-1,642,643,644,-1,644,643,645,-1,644,645,646,-1,646,645,647,-1,646,647,648,-1,648,647,649,-1,648,649,650,-1,650,649,651,-1,650,651,652,-1,652,651,653,-1,652,653,654,-1,654,653,655,-1,654,655,656,-1,656,655,657,-1,656,657,658,-1,658,657,659,-1,658,659,660,-1,633,636,634,-1,634,636,640,-1,634,640,661,-1,661,640,642,-1,661,642,662,-1,662,642,644,-1,662,644,663,-1,663,644,646,-1,663,646,664,-1,664,646,648,-1,664,648,665,-1,665,648,650,-1,665,650,666,-1,666,650,652,-1,666,652,667,-1,667,652,654,-1,667,654,668,-1,668,654,656,-1,668,656,669,-1,669,656,658,-1,669,658,670,-1,670,658,660,-1,670,660,671,-1,631,634,632,-1,632,634,661,-1,632,661,672,-1,672,661,662,-1,672,662,673,-1,673,662,663,-1,673,663,674,-1,674,663,664,-1,674,664,675,-1,675,664,665,-1,675,665,676,-1,676,665,666,-1,676,666,677,-1,677,666,667,-1,677,667,678,-1,678,667,668,-1,678,668,679,-1,679,668,669,-1,679,669,680,-1,680,669,670,-1,680,670,681,-1,681,670,671,-1,681,671,682,-1,629,632,630,-1,630,632,672,-1,630,672,683,-1,683,672,673,-1,683,673,684,-1,684,673,674,-1,684,674,685,-1,685,674,675,-1,685,675,686,-1,686,675,676,-1,686,676,687,-1,687,676,677,-1,687,677,688,-1,688,677,678,-1,688,678,689,-1,689,678,679,-1,689,679,690,-1,690,679,680,-1,690,680,691,-1,691,680,681,-1,691,681,692,-1,692,681,682,-1,692,682,693,-1,627,630,628,-1,628,630,683,-1,628,683,694,-1,694,683,684,-1,694,684,695,-1,695,684,685,-1,695,685,696,-1,696,685,686,-1,696,686,697,-1,697,686,687,-1,697,687,698,-1,698,687,688,-1,698,688,699,-1,699,688,689,-1,699,689,700,-1,700,689,690,-1,700,690,701,-1,701,690,691,-1,701,691,702,-1,702,691,692,-1,702,692,703,-1,703,692,693,-1,703,693,704,-1,625,628,626,-1,626,628,694,-1,626,694,705,-1,705,694,695,-1,705,695,706,-1,706,695,696,-1,706,696,707,-1,707,696,697,-1,707,697,708,-1,708,697,698,-1,708,698,709,-1,709,698,699,-1,709,699,710,-1,710,699,700,-1,710,700,711,-1,711,700,701,-1,711,701,712,-1,712,701,702,-1,712,702,713,-1,713,702,703,-1,713,703,714,-1,714,703,704,-1,714,704,715,-1,624,626,716,-1,716,626,705,-1,716,705,717,-1,717,705,706,-1,717,706,718,-1,718,706,707,-1,718,707,719,-1,719,707,708,-1,719,708,720,-1,720,708,709,-1,720,709,721,-1,721,709,710,-1,721,710,722,-1,722,710,711,-1,722,711,723,-1,723,711,712,-1,723,712,724,-1,724,712,713,-1,724,713,725,-1,725,713,714,-1,725,714,726,-1,726,714,715,-1,726,715,727,-1,728,729,730,-1,729,731,732,-1,731,733,734,-1,733,735,736,-1,735,737,738,-1,737,739,740,-1,739,741,742,-1,739,742,740,-1,740,742,743,-1,740,743,744,-1,744,743,745,-1,744,745,746,-1,746,745,747,-1,746,747,748,-1,748,747,749,-1,748,749,750,-1,750,749,751,-1,750,751,752,-1,752,751,753,-1,752,753,754,-1,754,753,755,-1,754,755,756,-1,756,755,757,-1,756,757,758,-1,758,757,759,-1,758,759,760,-1,760,759,761,-1,760,761,762,-1,762,761,763,-1,762,763,764,-1,737,740,738,-1,738,740,744,-1,738,744,765,-1,765,744,746,-1,765,746,766,-1,766,746,748,-1,766,748,767,-1,767,748,750,-1,767,750,768,-1,768,750,752,-1,768,752,769,-1,769,752,754,-1,769,754,770,-1,770,754,756,-1,770,756,771,-1,771,756,758,-1,771,758,772,-1,772,758,760,-1,772,760,773,-1,773,760,762,-1,773,762,774,-1,774,762,764,-1,774,764,775,-1,735,738,736,-1,736,738,765,-1,736,765,776,-1,776,765,766,-1,776,766,777,-1,777,766,767,-1,777,767,778,-1,778,767,768,-1,778,768,779,-1,779,768,769,-1,779,769,780,-1,780,769,770,-1,780,770,781,-1,781,770,771,-1,781,771,782,-1,782,771,772,-1,782,772,783,-1,783,772,773,-1,783,773,784,-1,784,773,774,-1,784,774,785,-1,785,774,775,-1,785,775,786,-1,733,736,734,-1,734,736,776,-1,734,776,787,-1,787,776,777,-1,787,777,788,-1,788,777,778,-1,788,778,789,-1,789,778,779,-1,789,779,790,-1,790,779,780,-1,790,780,791,-1,791,780,781,-1,791,781,792,-1,792,781,782,-1,792,782,793,-1,793,782,783,-1,793,783,794,-1,794,783,784,-1,794,784,795,-1,795,784,785,-1,795,785,796,-1,796,785,786,-1,796,786,797,-1,731,734,732,-1,732,734,787,-1,732,787,798,-1,798,787,788,-1,798,788,799,-1,799,788,789,-1,799,789,800,-1,800,789,790,-1,800,790,801,-1,801,790,791,-1,801,791,802,-1,802,791,792,-1,802,792,803,-1,803,792,793,-1,803,793,804,-1,804,793,794,-1,804,794,805,-1,805,794,795,-1,805,795,806,-1,806,795,796,-1,806,796,807,-1,807,796,797,-1,807,797,808,-1,729,732,730,-1,730,732,798,-1,730,798,809,-1,809,798,799,-1,809,799,810,-1,810,799,800,-1,810,800,811,-1,811,800,801,-1,811,801,812,-1,812,801,802,-1,812,802,813,-1,813,802,803,-1,813,803,814,-1,814,803,804,-1,814,804,815,-1,815,804,805,-1,815,805,816,-1,816,805,806,-1,816,806,817,-1,817,806,807,-1,817,807,818,-1,818,807,808,-1,818,808,819,-1,728,730,820,-1,820,730,809,-1,820,809,821,-1,821,809,810,-1,821,810,822,-1,822,810,811,-1,822,811,823,-1,823,811,812,-1,823,812,824,-1,824,812,813,-1,824,813,825,-1,825,813,814,-1,825,814,826,-1,826,814,815,-1,826,815,827,-1,827,815,816,-1,827,816,828,-1,828,816,817,-1,828,817,829,-1,829,817,818,-1,829,818,830,-1,830,818,819,-1,830,819,831,-1,832,833,834,-1,833,835,836,-1,835,837,838,-1,837,839,840,-1,839,841,842,-1,841,843,844,-1,843,845,846,-1,843,846,844,-1,844,846,847,-1,844,847,848,-1,848,847,849,-1,848,849,850,-1,850,849,851,-1,850,851,852,-1,852,851,853,-1,852,853,854,-1,854,853,855,-1,854,855,856,-1,856,855,857,-1,856,857,858,-1,858,857,859,-1,858,859,860,-1,860,859,861,-1,860,861,862,-1,862,861,863,-1,862,863,864,-1,864,863,865,-1,864,865,866,-1,866,865,867,-1,866,867,868,-1,841,844,842,-1,842,844,848,-1,842,848,869,-1,869,848,850,-1,869,850,870,-1,870,850,852,-1,870,852,871,-1,871,852,854,-1,871,854,872,-1,872,854,856,-1,872,856,873,-1,873,856,858,-1,873,858,874,-1,874,858,860,-1,874,860,875,-1,875,860,862,-1,875,862,876,-1,876,862,864,-1,876,864,877,-1,877,864,866,-1,877,866,878,-1,878,866,868,-1,878,868,879,-1,839,842,840,-1,840,842,869,-1,840,869,880,-1,880,869,870,-1,880,870,881,-1,881,870,871,-1,881,871,882,-1,882,871,872,-1,882,872,883,-1,883,872,873,-1,883,873,884,-1,884,873,874,-1,884,874,885,-1,885,874,875,-1,885,875,886,-1,886,875,876,-1,886,876,887,-1,887,876,877,-1,887,877,888,-1,888,877,878,-1,888,878,889,-1,889,878,879,-1,889,879,890,-1,837,840,838,-1,838,840,880,-1,838,880,891,-1,891,880,881,-1,891,881,892,-1,892,881,882,-1,892,882,893,-1,893,882,883,-1,893,883,894,-1,894,883,884,-1,894,884,895,-1,895,884,885,-1,895,885,896,-1,896,885,886,-1,896,886,897,-1,897,886,887,-1,897,887,898,-1,898,887,888,-1,898,888,899,-1,899,888,889,-1,899,889,900,-1,900,889,890,-1,900,890,901,-1,835,838,836,-1,836,838,891,-1,836,891,902,-1,902,891,892,-1,902,892,903,-1,903,892,893,-1,903,893,904,-1,904,893,894,-1,904,894,905,-1,905,894,895,-1,905,895,906,-1,906,895,896,-1,906,896,907,-1,907,896,897,-1,907,897,908,-1,908,897,898,-1,908,898,909,-1,909,898,899,-1,909,899,910,-1,910,899,900,-1,910,900,911,-1,911,900,901,-1,911,901,912,-1,833,836,834,-1,834,836,902,-1,834,902,913,-1,913,902,903,-1,913,903,914,-1,914,903,904,-1,914,904,915,-1,915,904,905,-1,915,905,916,-1,916,905,906,-1,916,906,917,-1,917,906,907,-1,917,907,918,-1,918,907,908,-1,918,908,919,-1,919,908,909,-1,919,909,920,-1,920,909,910,-1,920,910,921,-1,921,910,911,-1,921,911,922,-1,922,911,912,-1,922,912,923,-1,832,834,924,-1,924,834,913,-1,924,913,925,-1,925,913,914,-1,925,914,926,-1,926,914,915,-1,926,915,927,-1,927,915,916,-1,927,916,928,-1,928,916,917,-1,928,917,929,-1,929,917,918,-1,929,918,930,-1,930,918,919,-1,930,919,931,-1,931,919,920,-1,931,920,932,-1,932,920,921,-1,932,921,933,-1,933,921,922,-1,933,922,934,-1,934,922,923,-1,934,923,935,-1,936,937,938,-1,937,939,940,-1,939,941,942,-1,941,943,944,-1,943,945,946,-1,945,947,948,-1,947,949,950,-1,947,950,948,-1,948,950,951,-1,948,951,952,-1,952,951,953,-1,952,953,954,-1,954,953,955,-1,954,955,956,-1,956,955,957,-1,956,957,958,-1,958,957,959,-1,958,959,960,-1,960,959,961,-1,960,961,962,-1,962,961,963,-1,962,963,964,-1,964,963,965,-1,964,965,966,-1,966,965,967,-1,966,967,968,-1,968,967,969,-1,968,969,970,-1,970,969,971,-1,970,971,972,-1,945,948,946,-1,946,948,952,-1,946,952,973,-1,973,952,954,-1,973,954,974,-1,974,954,956,-1,974,956,975,-1,975,956,958,-1,975,958,976,-1,976,958,960,-1,976,960,977,-1,977,960,962,-1,977,962,978,-1,978,962,964,-1,978,964,979,-1,979,964,966,-1,979,966,980,-1,980,966,968,-1,980,968,981,-1,981,968,970,-1,981,970,982,-1,982,970,972,-1,982,972,983,-1,943,946,944,-1,944,946,973,-1,944,973,984,-1,984,973,974,-1,984,974,985,-1,985,974,975,-1,985,975,986,-1,986,975,976,-1,986,976,987,-1,987,976,977,-1,987,977,988,-1,988,977,978,-1,988,978,989,-1,989,978,979,-1,989,979,990,-1,990,979,980,-1,990,980,991,-1,991,980,981,-1,991,981,992,-1,992,981,982,-1,992,982,993,-1,993,982,983,-1,993,983,994,-1,941,944,942,-1,942,944,984,-1,942,984,995,-1,995,984,985,-1,995,985,996,-1,996,985,986,-1,996,986,997,-1,997,986,987,-1,997,987,998,-1,998,987,988,-1,998,988,999,-1,999,988,989,-1,999,989,1000,-1,1000,989,990,-1,1000,990,1001,-1,1001,990,991,-1,1001,991,1002,-1,1002,991,992,-1,1002,992,1003,-1,1003,992,993,-1,1003,993,1004,-1,1004,993,994,-1,1004,994,1005,-1,939,942,940,-1,940,942,995,-1,940,995,1006,-1,1006,995,996,-1,1006,996,1007,-1,1007,996,997,-1,1007,997,1008,-1,1008,997,998,-1,1008,998,1009,-1,1009,998,999,-1,1009,999,1010,-1,1010,999,1000,-1,1010,1000,1011,-1,1011,1000,1001,-1,1011,1001,1012,-1,1012,1001,1002,-1,1012,1002,1013,-1,1013,1002,1003,-1,1013,1003,1014,-1,1014,1003,1004,-1,1014,1004,1015,-1,1015,1004,1005,-1,1015,1005,1016,-1,937,940,938,-1,938,940,1006,-1,938,1006,1017,-1,1017,1006,1007,-1,1017,1007,1018,-1,1018,1007,1008,-1,1018,1008,1019,-1,1019,1008,1009,-1,1019,1009,1020,-1,1020,1009,1010,-1,1020,1010,1021,-1,1021,1010,1011,-1,1021,1011,1022,-1,1022,1011,1012,-1,1022,1012,1023,-1,1023,1012,1013,-1,1023,1013,1024,-1,1024,1013,1014,-1,1024,1014,1025,-1,1025,1014,1015,-1,1025,1015,1026,-1,1026,1015,1016,-1,1026,1016,1027,-1,936,938,1028,-1,1028,938,1017,-1,1028,1017,1029,-1,1029,1017,1018,-1,1029,1018,1030,-1,1030,1018,1019,-1,1030,1019,1031,-1,1031,1019,1020,-1,1031,1020,1032,-1,1032,1020,1021,-1,1032,1021,1033,-1,1033,1021,1022,-1,1033,1022,1034,-1,1034,1022,1023,-1,1034,1023,1035,-1,1035,1023,1024,-1,1035,1024,1036,-1,1036,1024,1025,-1,1036,1025,1037,-1,1037,1025,1026,-1,1037,1026,1038,-1,1038,1026,1027,-1,1038,1027,1039,-1,1040,1041,1042,-1,1041,1043,1044,-1,1043,1045,1046,-1,1045,1047,1048,-1,1047,1049,1050,-1,1049,1051,1052,-1,1051,1053,1054,-1,1051,1054,1052,-1,1052,1054,1055,-1,1052,1055,1056,-1,1056,1055,1057,-1,1056,1057,1058,-1,1058,1057,1059,-1,1058,1059,1060,-1,1060,1059,1061,-1,1060,1061,1062,-1,1062,1061,1063,-1,1062,1063,1064,-1,1064,1063,1065,-1,1064,1065,1066,-1,1066,1065,1067,-1,1066,1067,1068,-1,1068,1067,1069,-1,1068,1069,1070,-1,1070,1069,1071,-1,1070,1071,1072,-1,1072,1071,1073,-1,1072,1073,1074,-1,1074,1073,1075,-1,1074,1075,1076,-1,1049,1052,1050,-1,1050,1052,1056,-1,1050,1056,1077,-1,1077,1056,1058,-1,1077,1058,1078,-1,1078,1058,1060,-1,1078,1060,1079,-1,1079,1060,1062,-1,1079,1062,1080,-1,1080,1062,1064,-1,1080,1064,1081,-1,1081,1064,1066,-1,1081,1066,1082,-1,1082,1066,1068,-1,1082,1068,1083,-1,1083,1068,1070,-1,1083,1070,1084,-1,1084,1070,1072,-1,1084,1072,1085,-1,1085,1072,1074,-1,1085,1074,1086,-1,1086,1074,1076,-1,1086,1076,1087,-1,1047,1050,1048,-1,1048,1050,1077,-1,1048,1077,1088,-1,1088,1077,1078,-1,1088,1078,1089,-1,1089,1078,1079,-1,1089,1079,1090,-1,1090,1079,1080,-1,1090,1080,1091,-1,1091,1080,1081,-1,1091,1081,1092,-1,1092,1081,1082,-1,1092,1082,1093,-1,1093,1082,1083,-1,1093,1083,1094,-1,1094,1083,1084,-1,1094,1084,1095,-1,1095,1084,1085,-1,1095,1085,1096,-1,1096,1085,1086,-1,1096,1086,1097,-1,1097,1086,1087,-1,1097,1087,1098,-1,1045,1048,1046,-1,1046,1048,1088,-1,1046,1088,1099,-1,1099,1088,1089,-1,1099,1089,1100,-1,1100,1089,1090,-1,1100,1090,1101,-1,1101,1090,1091,-1,1101,1091,1102,-1,1102,1091,1092,-1,1102,1092,1103,-1,1103,1092,1093,-1,1103,1093,1104,-1,1104,1093,1094,-1,1104,1094,1105,-1,1105,1094,1095,-1,1105,1095,1106,-1,1106,1095,1096,-1,1106,1096,1107,-1,1107,1096,1097,-1,1107,1097,1108,-1,1108,1097,1098,-1,1108,1098,1109,-1,1043,1046,1044,-1,1044,1046,1099,-1,1044,1099,1110,-1,1110,1099,1100,-1,1110,1100,1111,-1,1111,1100,1101,-1,1111,1101,1112,-1,1112,1101,1102,-1,1112,1102,1113,-1,1113,1102,1103,-1,1113,1103,1114,-1,1114,1103,1104,-1,1114,1104,1115,-1,1115,1104,1105,-1,1115,1105,1116,-1,1116,1105,1106,-1,1116,1106,1117,-1,1117,1106,1107,-1,1117,1107,1118,-1,1118,1107,1108,-1,1118,1108,1119,-1,1119,1108,1109,-1,1119,1109,1120,-1,1041,1044,1042,-1,1042,1044,1110,-1,1042,1110,1121,-1,1121,1110,1111,-1,1121,1111,1122,-1,1122,1111,1112,-1,1122,1112,1123,-1,1123,1112,1113,-1,1123,1113,1124,-1,1124,1113,1114,-1,1124,1114,1125,-1,1125,1114,1115,-1,1125,1115,1126,-1,1126,1115,1116,-1,1126,1116,1127,-1,1127,1116,1117,-1,1127,1117,1128,-1,1128,1117,1118,-1,1128,1118,1129,-1,1129,1118,1119,-1,1129,1119,1130,-1,1130,1119,1120,-1,1130,1120,1131,-1,1040,1042,1132,-1,1132,1042,1121,-1,1132,1121,1133,-1,1133,1121,1122,-1,1133,1122,1134,-1,1134,1122,1123,-1,1134,1123,1135,-1,1135,1123,1124,-1,1135,1124,1136,-1,1136,1124,1125,-1,1136,1125,1137,-1,1137,1125,1126,-1,1137,1126,1138,-1,1138,1126,1127,-1,1138,1127,1139,-1,1139,1127,1128,-1,1139,1128,1140,-1,1140,1128,1129,-1,1140,1129,1141,-1,1141,1129,1130,-1,1141,1130,1142,-1,1142,1130,1131,-1,1142,1131,1143,-1,1144,1145,1146,-1,1145,1147,1148,-1,1147,1149,1150,-1,1149,1151,1152,-1,1151,1153,1154,-1,1153,1155,1156,-1,1155,1157,1158,-1,1155,1158,1156,-1,1156,1158,1159,-1,1156,1159,1160,-1,1160,1159,1161,-1,1160,1161,1162,-1,1162,1161,1163,-1,1162,1163,1164,-1,1164,1163,1165,-1,1164,1165,1166,-1,1166,1165,1167,-1,1166,1167,1168,-1,1168,1167,1169,-1,1168,1169,1170,-1,1170,1169,1171,-1,1170,1171,1172,-1,1172,1171,1173,-1,1172,1173,1174,-1,1174,1173,1175,-1,1174,1175,1176,-1,1176,1175,1177,-1,1176,1177,1178,-1,1178,1177,1179,-1,1178,1179,1180,-1,1153,1156,1154,-1,1154,1156,1160,-1,1154,1160,1181,-1,1181,1160,1162,-1,1181,1162,1182,-1,1182,1162,1164,-1,1182,1164,1183,-1,1183,1164,1166,-1,1183,1166,1184,-1,1184,1166,1168,-1,1184,1168,1185,-1,1185,1168,1170,-1,1185,1170,1186,-1,1186,1170,1172,-1,1186,1172,1187,-1,1187,1172,1174,-1,1187,1174,1188,-1,1188,1174,1176,-1,1188,1176,1189,-1,1189,1176,1178,-1,1189,1178,1190,-1,1190,1178,1180,-1,1190,1180,1191,-1,1151,1154,1152,-1,1152,1154,1181,-1,1152,1181,1192,-1,1192,1181,1182,-1,1192,1182,1193,-1,1193,1182,1183,-1,1193,1183,1194,-1,1194,1183,1184,-1,1194,1184,1195,-1,1195,1184,1185,-1,1195,1185,1196,-1,1196,1185,1186,-1,1196,1186,1197,-1,1197,1186,1187,-1,1197,1187,1198,-1,1198,1187,1188,-1,1198,1188,1199,-1,1199,1188,1189,-1,1199,1189,1200,-1,1200,1189,1190,-1,1200,1190,1201,-1,1201,1190,1191,-1,1201,1191,1202,-1,1149,1152,1150,-1,1150,1152,1192,-1,1150,1192,1203,-1,1203,1192,1193,-1,1203,1193,1204,-1,1204,1193,1194,-1,1204,1194,1205,-1,1205,1194,1195,-1,1205,1195,1206,-1,1206,1195,1196,-1,1206,1196,1207,-1,1207,1196,1197,-1,1207,1197,1208,-1,1208,1197,1198,-1,1208,1198,1209,-1,1209,1198,1199,-1,1209,1199,1210,-1,1210,1199,1200,-1,1210,1200,1211,-1,1211,1200,1201,-1,1211,1201,1212,-1,1212,1201,1202,-1,1212,1202,1213,-1,1147,1150,1148,-1,1148,1150,1203,-1,1148,1203,1214,-1,1214,1203,1204,-1,1214,1204,1215,-1,1215,1204,1205,-1,1215,1205,1216,-1,1216,1205,1206,-1,1216,1206,1217,-1,1217,1206,1207,-1,1217,1207,1218,-1,1218,1207,1208,-1,1218,1208,1219,-1,1219,1208,1209,-1,1219,1209,1220,-1,1220,1209,1210,-1,1220,1210,1221,-1,1221,1210,1211,-1,1221,1211,1222,-1,1222,1211,1212,-1,1222,1212,1223,-1,1223,1212,1213,-1,1223,1213,1224,-1,1145,1148,1146,-1,1146,1148,1214,-1,1146,1214,1225,-1,1225,1214,1215,-1,1225,1215,1226,-1,1226,1215,1216,-1,1226,1216,1227,-1,1227,1216,1217,-1,1227,1217,1228,-1,1228,1217,1218,-1,1228,1218,1229,-1,1229,1218,1219,-1,1229,1219,1230,-1,1230,1219,1220,-1,1230,1220,1231,-1,1231,1220,1221,-1,1231,1221,1232,-1,1232,1221,1222,-1,1232,1222,1233,-1,1233,1222,1223,-1,1233,1223,1234,-1,1234,1223,1224,-1,1234,1224,1235,-1,1144,1146,1236,-1,1236,1146,1225,-1,1236,1225,1237,-1,1237,1225,1226,-1,1237,1226,1238,-1,1238,1226,1227,-1,1238,1227,1239,-1,1239,1227,1228,-1,1239,1228,1240,-1,1240,1228,1229,-1,1240,1229,1241,-1,1241,1229,1230,-1,1241,1230,1242,-1,1242,1230,1231,-1,1242,1231,1243,-1,1243,1231,1232,-1,1243,1232,1244,-1,1244,1232,1233,-1,1244,1233,1245,-1,1245,1233,1234,-1,1245,1234,1246,-1,1246,1234,1235,-1,1246,1235,1247,-1,1248,1249,1250,-1,1249,1251,1252,-1,1251,1253,1254,-1,1253,1255,1256,-1,1255,1257,1258,-1,1257,1259,1260,-1,1259,1261,1262,-1,1259,1262,1260,-1,1260,1262,1263,-1,1260,1263,1264,-1,1264,1263,1265,-1,1264,1265,1266,-1,1266,1265,1267,-1,1266,1267,1268,-1,1268,1267,1269,-1,1268,1269,1270,-1,1270,1269,1271,-1,1270,1271,1272,-1,1272,1271,1273,-1,1272,1273,1274,-1,1274,1273,1275,-1,1274,1275,1276,-1,1276,1275,1277,-1,1276,1277,1278,-1,1278,1277,1279,-1,1278,1279,1280,-1,1280,1279,1281,-1,1280,1281,1282,-1,1282,1281,1283,-1,1282,1283,1284,-1,1257,1260,1258,-1,1258,1260,1264,-1,1258,1264,1285,-1,1285,1264,1266,-1,1285,1266,1286,-1,1286,1266,1268,-1,1286,1268,1287,-1,1287,1268,1270,-1,1287,1270,1288,-1,1288,1270,1272,-1,1288,1272,1289,-1,1289,1272,1274,-1,1289,1274,1290,-1,1290,1274,1276,-1,1290,1276,1291,-1,1291,1276,1278,-1,1291,1278,1292,-1,1292,1278,1280,-1,1292,1280,1293,-1,1293,1280,1282,-1,1293,1282,1294,-1,1294,1282,1284,-1,1294,1284,1295,-1,1255,1258,1256,-1,1256,1258,1285,-1,1256,1285,1296,-1,1296,1285,1286,-1,1296,1286,1297,-1,1297,1286,1287,-1,1297,1287,1298,-1,1298,1287,1288,-1,1298,1288,1299,-1,1299,1288,1289,-1,1299,1289,1300,-1,1300,1289,1290,-1,1300,1290,1301,-1,1301,1290,1291,-1,1301,1291,1302,-1,1302,1291,1292,-1,1302,1292,1303,-1,1303,1292,1293,-1,1303,1293,1304,-1,1304,1293,1294,-1,1304,1294,1305,-1,1305,1294,1295,-1,1305,1295,1306,-1,1253,1256,1254,-1,1254,1256,1296,-1,1254,1296,1307,-1,1307,1296,1297,-1,1307,1297,1308,-1,1308,1297,1298,-1,1308,1298,1309,-1,1309,1298,1299,-1,1309,1299,1310,-1,1310,1299,1300,-1,1310,1300,1311,-1,1311,1300,1301,-1,1311,1301,1312,-1,1312,1301,1302,-1,1312,1302,1313,-1,1313,1302,1303,-1,1313,1303,1314,-1,1314,1303,1304,-1,1314,1304,1315,-1,1315,1304,1305,-1,1315,1305,1316,-1,1316,1305,1306,-1,1316,1306,1317,-1,1251,1254,1252,-1,1252,1254,1307,-1,1252,1307,1318,-1,1318,1307,1308,-1,1318,1308,1319,-1,1319,1308,1309,-1,1319,1309,1320,-1,1320,1309,1310,-1,1320,1310,1321,-1,1321,1310,1311,-1,1321,1311,1322,-1,1322,1311,1312,-1,1322,1312,1323,-1,1323,1312,1313,-1,1323,1313,1324,-1,1324,1313,1314,-1,1324,1314,1325,-1,1325,1314,1315,-1,1325,1315,1326,-1,1326,1315,1316,-1,1326,1316,1327,-1,1327,1316,1317,-1,1327,1317,1328,-1,1249,1252,1250,-1,1250,1252,1318,-1,1250,1318,1329,-1,1329,1318,1319,-1,1329,1319,1330,-1,1330,1319,1320,-1,1330,1320,1331,-1,1331,1320,1321,-1,1331,1321,1332,-1,1332,1321,1322,-1,1332,1322,1333,-1,1333,1322,1323,-1,1333,1323,1334,-1,1334,1323,1324,-1,1334,1324,1335,-1,1335,1324,1325,-1,1335,1325,1336,-1,1336,1325,1326,-1,1336,1326,1337,-1,1337,1326,1327,-1,1337,1327,1338,-1,1338,1327,1328,-1,1338,1328,1339,-1,1248,1250,1340,-1,1340,1250,1329,-1,1340,1329,1341,-1,1341,1329,1330,-1,1341,1330,1342,-1,1342,1330,1331,-1,1342,1331,1343,-1,1343,1331,1332,-1,1343,1332,1344,-1,1344,1332,1333,-1,1344,1333,1345,-1,1345,1333,1334,-1,1345,1334,1346,-1,1346,1334,1335,-1,1346,1335,1347,-1,1347,1335,1336,-1,1347,1336,1348,-1,1348,1336,1337,-1,1348,1337,1349,-1,1349,1337,1338,-1,1349,1338,1350,-1,1350,1338,1339,-1,1350,1339,1351,-1,1352,1353,1354,-1,1353,1355,1356,-1,1355,1357,1358,-1,1357,1359,1360,-1,1359,1361,1362,-1,1361,1363,1364,-1,1363,1365,1366,-1,1363,1366,1364,-1,1364,1366,1367,-1,1364,1367,1368,-1,1368,1367,1369,-1,1368,1369,1370,-1,1370,1369,1371,-1,1370,1371,1372,-1,1372,1371,1373,-1,1372,1373,1374,-1,1374,1373,1375,-1,1374,1375,1376,-1,1376,1375,1377,-1,1376,1377,1378,-1,1378,1377,1379,-1,1378,1379,1380,-1,1380,1379,1381,-1,1380,1381,1382,-1,1382,1381,1383,-1,1382,1383,1384,-1,1384,1383,1385,-1,1384,1385,1386,-1,1386,1385,1387,-1,1386,1387,1388,-1,1361,1364,1362,-1,1362,1364,1368,-1,1362,1368,1389,-1,1389,1368,1370,-1,1389,1370,1390,-1,1390,1370,1372,-1,1390,1372,1391,-1,1391,1372,1374,-1,1391,1374,1392,-1,1392,1374,1376,-1,1392,1376,1393,-1,1393,1376,1378,-1,1393,1378,1394,-1,1394,1378,1380,-1,1394,1380,1395,-1,1395,1380,1382,-1,1395,1382,1396,-1,1396,1382,1384,-1,1396,1384,1397,-1,1397,1384,1386,-1,1397,1386,1398,-1,1398,1386,1388,-1,1398,1388,1399,-1,1359,1362,1360,-1,1360,1362,1389,-1,1360,1389,1400,-1,1400,1389,1390,-1,1400,1390,1401,-1,1401,1390,1391,-1,1401,1391,1402,-1,1402,1391,1392,-1,1402,1392,1403,-1,1403,1392,1393,-1,1403,1393,1404,-1,1404,1393,1394,-1,1404,1394,1405,-1,1405,1394,1395,-1,1405,1395,1406,-1,1406,1395,1396,-1,1406,1396,1407,-1,1407,1396,1397,-1,1407,1397,1408,-1,1408,1397,1398,-1,1408,1398,1409,-1,1409,1398,1399,-1,1409,1399,1410,-1,1357,1360,1358,-1,1358,1360,1400,-1,1358,1400,1411,-1,1411,1400,1401,-1,1411,1401,1412,-1,1412,1401,1402,-1,1412,1402,1413,-1,1413,1402,1403,-1,1413,1403,1414,-1,1414,1403,1404,-1,1414,1404,1415,-1,1415,1404,1405,-1,1415,1405,1416,-1,1416,1405,1406,-1,1416,1406,1417,-1,1417,1406,1407,-1,1417,1407,1418,-1,1418,1407,1408,-1,1418,1408,1419,-1,1419,1408,1409,-1,1419,1409,1420,-1,1420,1409,1410,-1,1420,1410,1421,-1,1355,1358,1356,-1,1356,1358,1411,-1,1356,1411,1422,-1,1422,1411,1412,-1,1422,1412,1423,-1,1423,1412,1413,-1,1423,1413,1424,-1,1424,1413,1414,-1,1424,1414,1425,-1,1425,1414,1415,-1,1425,1415,1426,-1,1426,1415,1416,-1,1426,1416,1427,-1,1427,1416,1417,-1,1427,1417,1428,-1,1428,1417,1418,-1,1428,1418,1429,-1,1429,1418,1419,-1,1429,1419,1430,-1,1430,1419,1420,-1,1430,1420,1431,-1,1431,1420,1421,-1,1431,1421,1432,-1,1353,1356,1354,-1,1354,1356,1422,-1,1354,1422,1433,-1,1433,1422,1423,-1,1433,1423,1434,-1,1434,1423,1424,-1,1434,1424,1435,-1,1435,1424,1425,-1,1435,1425,1436,-1,1436,1425,1426,-1,1436,1426,1437,-1,1437,1426,1427,-1,1437,1427,1438,-1,1438,1427,1428,-1,1438,1428,1439,-1,1439,1428,1429,-1,1439,1429,1440,-1,1440,1429,1430,-1,1440,1430,1441,-1,1441,1430,1431,-1,1441,1431,1442,-1,1442,1431,1432,-1,1442,1432,1443,-1,1352,1354,1444,-1,1444,1354,1433,-1,1444,1433,1445,-1,1445,1433,1434,-1,1445,1434,1446,-1,1446,1434,1435,-1,1446,1435,1447,-1,1447,1435,1436,-1,1447,1436,1448,-1,1448,1436,1437,-1,1448,1437,1449,-1,1449,1437,1438,-1,1449,1438,1450,-1,1450,1438,1439,-1,1450,1439,1451,-1,1451,1439,1440,-1,1451,1440,1452,-1,1452,1440,1441,-1,1452,1441,1453,-1,1453,1441,1442,-1,1453,1442,1454,-1,1454,1442,1443,-1,1454,1443,1455,-1,1456,1457,1458,-1,1457,1459,1460,-1,1459,1461,1462,-1,1461,1463,1464,-1,1463,1465,1466,-1,1465,1467,1468,-1,1467,1469,1470,-1,1467,1470,1468,-1,1468,1470,1471,-1,1468,1471,1472,-1,1472,1471,1473,-1,1472,1473,1474,-1,1474,1473,1475,-1,1474,1475,1476,-1,1476,1475,1477,-1,1476,1477,1478,-1,1478,1477,1479,-1,1478,1479,1480,-1,1480,1479,1481,-1,1480,1481,1482,-1,1482,1481,1483,-1,1482,1483,1484,-1,1484,1483,1485,-1,1484,1485,1486,-1,1486,1485,1487,-1,1486,1487,1488,-1,1488,1487,1489,-1,1488,1489,1490,-1,1490,1489,1491,-1,1490,1491,1492,-1,1465,1468,1466,-1,1466,1468,1472,-1,1466,1472,1493,-1,1493,1472,1474,-1,1493,1474,1494,-1,1494,1474,1476,-1,1494,1476,1495,-1,1495,1476,1478,-1,1495,1478,1496,-1,1496,1478,1480,-1,1496,1480,1497,-1,1497,1480,1482,-1,1497,1482,1498,-1,1498,1482,1484,-1,1498,1484,1499,-1,1499,1484,1486,-1,1499,1486,1500,-1,1500,1486,1488,-1,1500,1488,1501,-1,1501,1488,1490,-1,1501,1490,1502,-1,1502,1490,1492,-1,1502,1492,1503,-1,1463,1466,1464,-1,1464,1466,1493,-1,1464,1493,1504,-1,1504,1493,1494,-1,1504,1494,1505,-1,1505,1494,1495,-1,1505,1495,1506,-1,1506,1495,1496,-1,1506,1496,1507,-1,1507,1496,1497,-1,1507,1497,1508,-1,1508,1497,1498,-1,1508,1498,1509,-1,1509,1498,1499,-1,1509,1499,1510,-1,1510,1499,1500,-1,1510,1500,1511,-1,1511,1500,1501,-1,1511,1501,1512,-1,1512,1501,1502,-1,1512,1502,1513,-1,1513,1502,1503,-1,1513,1503,1514,-1,1461,1464,1462,-1,1462,1464,1504,-1,1462,1504,1515,-1,1515,1504,1505,-1,1515,1505,1516,-1,1516,1505,1506,-1,1516,1506,1517,-1,1517,1506,1507,-1,1517,1507,1518,-1,1518,1507,1508,-1,1518,1508,1519,-1,1519,1508,1509,-1,1519,1509,1520,-1,1520,1509,1510,-1,1520,1510,1521,-1,1521,1510,1511,-1,1521,1511,1522,-1,1522,1511,1512,-1,1522,1512,1523,-1,1523,1512,1513,-1,1523,1513,1524,-1,1524,1513,1514,-1,1524,1514,1525,-1,1459,1462,1460,-1,1460,1462,1515,-1,1460,1515,1526,-1,1526,1515,1516,-1,1526,1516,1527,-1,1527,1516,1517,-1,1527,1517,1528,-1,1528,1517,1518,-1,1528,1518,1529,-1,1529,1518,1519,-1,1529,1519,1530,-1,1530,1519,1520,-1,1530,1520,1531,-1,1531,1520,1521,-1,1531,1521,1532,-1,1532,1521,1522,-1,1532,1522,1533,-1,1533,1522,1523,-1,1533,1523,1534,-1,1534,1523,1524,-1,1534,1524,1535,-1,1535,1524,1525,-1,1535,1525,1536,-1,1457,1460,1458,-1,1458,1460,1526,-1,1458,1526,1537,-1,1537,1526,1527,-1,1537,1527,1538,-1,1538,1527,1528,-1,1538,1528,1539,-1,1539,1528,1529,-1,1539,1529,1540,-1,1540,1529,1530,-1,1540,1530,1541,-1,1541,1530,1531,-1,1541,1531,1542,-1,1542,1531,1532,-1,1542,1532,1543,-1,1543,1532,1533,-1,1543,1533,1544,-1,1544,1533,1534,-1,1544,1534,1545,-1,1545,1534,1535,-1,1545,1535,1546,-1,1546,1535,1536,-1,1546,1536,1547,-1,1456,1458,1548,-1,1548,1458,1537,-1,1548,1537,1549,-1,1549,1537,1538,-1,1549,1538,1550,-1,1550,1538,1539,-1,1550,1539,1551,-1,1551,1539,1540,-1,1551,1540,1552,-1,1552,1540,1541,-1,1552,1541,1553,-1,1553,1541,1542,-1,1553,1542,1554,-1,1554,1542,1543,-1,1554,1543,1555,-1,1555,1543,1544,-1,1555,1544,1556,-1,1556,1544,1545,-1,1556,1545,1557,-1,1557,1545,1546,-1,1557,1546,1558,-1,1558,1546,1547,-1,1558,1547,1559,-1,1560,1561,1562,-1,1561,1563,1564,-1,1563,1565,1566,-1,1565,1567,1568,-1,1567,1569,1570,-1,1569,1571,1572,-1,1571,1573,1574,-1,1571,1574,1572,-1,1572,1574,1575,-1,1572,1575,1576,-1,1576,1575,1577,-1,1576,1577,1578,-1,1578,1577,1579,-1,1578,1579,1580,-1,1580,1579,1581,-1,1580,1581,1582,-1,1582,1581,1583,-1,1582,1583,1584,-1,1584,1583,1585,-1,1584,1585,1586,-1,1586,1585,1587,-1,1586,1587,1588,-1,1588,1587,1589,-1,1588,1589,1590,-1,1590,1589,1591,-1,1590,1591,1592,-1,1592,1591,1593,-1,1592,1593,1594,-1,1594,1593,1595,-1,1594,1595,1596,-1,1569,1572,1570,-1,1570,1572,1576,-1,1570,1576,1597,-1,1597,1576,1578,-1,1597,1578,1598,-1,1598,1578,1580,-1,1598,1580,1599,-1,1599,1580,1582,-1,1599,1582,1600,-1,1600,1582,1584,-1,1600,1584,1601,-1,1601,1584,1586,-1,1601,1586,1602,-1,1602,1586,1588,-1,1602,1588,1603,-1,1603,1588,1590,-1,1603,1590,1604,-1,1604,1590,1592,-1,1604,1592,1605,-1,1605,1592,1594,-1,1605,1594,1606,-1,1606,1594,1596,-1,1606,1596,1607,-1,1567,1570,1568,-1,1568,1570,1597,-1,1568,1597,1608,-1,1608,1597,1598,-1,1608,1598,1609,-1,1609,1598,1599,-1,1609,1599,1610,-1,1610,1599,1600,-1,1610,1600,1611,-1,1611,1600,1601,-1,1611,1601,1612,-1,1612,1601,1602,-1,1612,1602,1613,-1,1613,1602,1603,-1,1613,1603,1614,-1,1614,1603,1604,-1,1614,1604,1615,-1,1615,1604,1605,-1,1615,1605,1616,-1,1616,1605,1606,-1,1616,1606,1617,-1,1617,1606,1607,-1,1617,1607,1618,-1,1565,1568,1566,-1,1566,1568,1608,-1,1566,1608,1619,-1,1619,1608,1609,-1,1619,1609,1620,-1,1620,1609,1610,-1,1620,1610,1621,-1,1621,1610,1611,-1,1621,1611,1622,-1,1622,1611,1612,-1,1622,1612,1623,-1,1623,1612,1613,-1,1623,1613,1624,-1,1624,1613,1614,-1,1624,1614,1625,-1,1625,1614,1615,-1,1625,1615,1626,-1,1626,1615,1616,-1,1626,1616,1627,-1,1627,1616,1617,-1,1627,1617,1628,-1,1628,1617,1618,-1,1628,1618,1629,-1,1563,1566,1564,-1,1564,1566,1619,-1,1564,1619,1630,-1,1630,1619,1620,-1,1630,1620,1631,-1,1631,1620,1621,-1,1631,1621,1632,-1,1632,1621,1622,-1,1632,1622,1633,-1,1633,1622,1623,-1,1633,1623,1634,-1,1634,1623,1624,-1,1634,1624,1635,-1,1635,1624,1625,-1,1635,1625,1636,-1,1636,1625,1626,-1,1636,1626,1637,-1,1637,1626,1627,-1,1637,1627,1638,-1,1638,1627,1628,-1,1638,1628,1639,-1,1639,1628,1629,-1,1639,1629,1640,-1,1561,1564,1562,-1,1562,1564,1630,-1,1562,1630,1641,-1,1641,1630,1631,-1,1641,1631,1642,-1,1642,1631,1632,-1,1642,1632,1643,-1,1643,1632,1633,-1,1643,1633,1644,-1,1644,1633,1634,-1,1644,1634,1645,-1,1645,1634,1635,-1,1645,1635,1646,-1,1646,1635,1636,-1,1646,1636,1647,-1,1647,1636,1637,-1,1647,1637,1648,-1,1648,1637,1638,-1,1648,1638,1649,-1,1649,1638,1639,-1,1649,1639,1650,-1,1650,1639,1640,-1,1650,1640,1651,-1,1560,1562,1652,-1,1652,1562,1641,-1,1652,1641,1653,-1,1653,1641,1642,-1,1653,1642,1654,-1,1654,1642,1643,-1,1654,1643,1655,-1,1655,1643,1644,-1,1655,1644,1656,-1,1656,1644,1645,-1,1656,1645,1657,-1,1657,1645,1646,-1,1657,1646,1658,-1,1658,1646,1647,-1,1658,1647,1659,-1,1659,1647,1648,-1,1659,1648,1660,-1,1660,1648,1649,-1,1660,1649,1661,-1,1661,1649,1650,-1,1661,1650,1662,-1,1662,1650,1651,-1,1662,1651,1663,-1,229,227,1664,-1,227,225,1664,-1,1664,225,223,-1,1664,223,222,-1,1665,1664,1666,-1,1666,1664,1667,-1,1664,243,241,-1,1668,1669,1670,-1,1670,1669,1671,-1,222,221,1664,-1,1664,221,1671,-1,1664,1671,1672,-1,1672,1671,1669,-1,1665,1673,1664,-1,1664,1673,1674,-1,1664,1674,243,-1,241,239,1664,-1,1664,239,237,-1,1664,237,235,-1,235,233,1664,-1,1664,233,231,-1,1664,231,229,-1,1675,1676,311,-1,311,1676,310,-1,1677,208,1678,-1,1678,208,300,-1,1678,300,1679,-1,1679,300,301,-1,1679,301,1680,-1,1680,301,302,-1,1680,302,1681,-1,1681,302,303,-1,1681,303,1682,-1,1682,303,304,-1,1682,304,1683,-1,1683,304,305,-1,1683,305,1684,-1,1684,305,306,-1,1684,306,1685,-1,1685,306,307,-1,1685,307,1686,-1,1686,307,308,-1,1686,308,1687,-1,1687,308,309,-1,1687,309,1688,-1,1688,309,310,-1,1688,310,1689,-1,1689,310,1676,-1,404,1690,312,-1,312,1690,1691,-1,404,405,1690,-1,1690,405,406,-1,1690,406,407,-1,412,409,411,-1,411,409,410,-1,409,415,1692,-1,1690,1693,1691,-1,1691,1693,1694,-1,1691,1694,1695,-1,1695,1694,1696,-1,412,413,409,-1,409,413,414,-1,409,414,415,-1,1692,1697,409,-1,409,1697,1698,-1,409,1698,1699,-1,407,408,1690,-1,1690,408,409,-1,1690,409,1700,-1,1700,409,1699,-1,325,1701,1702,-1,325,1702,326,-1,326,1702,1703,-1,326,1703,327,-1,327,1703,1704,-1,327,1704,329,-1,329,1704,1705,-1,329,1705,331,-1,331,1705,1706,-1,331,1706,333,-1,333,1706,1707,-1,333,1707,335,-1,335,1707,1708,-1,335,1708,337,-1,337,1708,1709,-1,337,1709,339,-1,339,1709,1710,-1,339,1710,341,-1,341,1710,1711,-1,341,1711,343,-1,343,1711,1712,-1,343,1712,345,-1,345,1712,1713,-1,345,1713,347,-1,1714,1715,97,-1,1715,1716,97,-1,97,1716,1717,-1,97,1717,1718,-1,99,100,1719,-1,1719,100,101,-1,1719,101,102,-1,1718,0,97,-1,97,0,92,-1,97,92,93,-1,93,94,97,-1,97,94,95,-1,97,95,96,-1,1714,97,1719,-1,1719,97,98,-1,1719,98,99,-1,102,103,1719,-1,1719,103,1720,-1,1719,1720,1721,-1,1721,1722,1719,-1,1719,1722,1723,-1,1719,1723,1724,-1,1725,1726,13,-1,13,1726,14,-1,1727,35,1728,-1,1728,35,33,-1,1728,33,1729,-1,1729,33,31,-1,1729,31,1730,-1,1730,31,29,-1,1730,29,1731,-1,1731,29,27,-1,1731,27,1732,-1,1732,27,25,-1,1732,25,1733,-1,1733,25,23,-1,1733,23,1734,-1,1734,23,21,-1,1734,21,1735,-1,1735,21,19,-1,1735,19,1736,-1,1736,19,17,-1,1736,17,1737,-1,1737,17,15,-1,1737,15,1738,-1,1738,15,14,-1,1738,14,1739,-1,1739,14,1726,-1,125,123,1740,-1,123,121,1740,-1,1740,121,119,-1,1740,119,118,-1,1741,1742,127,-1,127,1742,1743,-1,127,1743,1744,-1,118,117,1740,-1,1740,117,1745,-1,1740,1745,1746,-1,1746,1747,1740,-1,1740,1747,1748,-1,1740,1748,1749,-1,125,1740,127,-1,127,1740,1750,-1,127,1750,1741,-1,1744,139,127,-1,127,139,137,-1,127,137,135,-1,135,133,127,-1,127,133,131,-1,127,131,129,-1,207,1751,1752,-1,207,1752,206,-1,206,1752,1753,-1,206,1753,205,-1,205,1753,1754,-1,205,1754,204,-1,204,1754,1755,-1,204,1755,203,-1,203,1755,1756,-1,203,1756,202,-1,202,1756,1757,-1,202,1757,201,-1,201,1757,1758,-1,201,1758,200,-1,200,1758,1759,-1,200,1759,199,-1,199,1759,1760,-1,199,1760,198,-1,198,1760,1761,-1,198,1761,197,-1,197,1761,1762,-1,197,1762,196,-1,196,1762,1763,-1,196,1763,104,-1,645,643,1764,-1,643,641,1764,-1,1764,641,639,-1,1764,639,638,-1,1765,1764,1766,-1,1766,1764,1767,-1,1764,659,657,-1,1768,1769,1770,-1,1770,1769,1771,-1,638,637,1764,-1,1764,637,1771,-1,1764,1771,1772,-1,1772,1771,1769,-1,1765,1773,1764,-1,1764,1773,1774,-1,1764,1774,659,-1,657,655,1764,-1,1764,655,653,-1,1764,653,651,-1,651,649,1764,-1,1764,649,647,-1,1764,647,645,-1,1775,1776,727,-1,727,1776,726,-1,1777,624,1778,-1,1778,624,716,-1,1778,716,1779,-1,1779,716,717,-1,1779,717,1780,-1,1780,717,718,-1,1780,718,1781,-1,1781,718,719,-1,1781,719,1782,-1,1782,719,720,-1,1782,720,1783,-1,1783,720,721,-1,1783,721,1784,-1,1784,721,722,-1,1784,722,1785,-1,1785,722,723,-1,1785,723,1786,-1,1786,723,724,-1,1786,724,1787,-1,1787,724,725,-1,1787,725,1788,-1,1788,725,726,-1,1788,726,1789,-1,1789,726,1776,-1,820,1790,728,-1,728,1790,1791,-1,820,821,1790,-1,1790,821,822,-1,1790,822,823,-1,828,825,827,-1,827,825,826,-1,825,831,1792,-1,1790,1793,1791,-1,1791,1793,1794,-1,1791,1794,1795,-1,1795,1794,1796,-1,828,829,825,-1,825,829,830,-1,825,830,831,-1,1792,1797,825,-1,825,1797,1798,-1,825,1798,1799,-1,823,824,1790,-1,1790,824,825,-1,1790,825,1800,-1,1800,825,1799,-1,741,1801,1802,-1,741,1802,742,-1,742,1802,1803,-1,742,1803,743,-1,743,1803,1804,-1,743,1804,745,-1,745,1804,1805,-1,745,1805,747,-1,747,1805,1806,-1,747,1806,749,-1,749,1806,1807,-1,749,1807,751,-1,751,1807,1808,-1,751,1808,753,-1,753,1808,1809,-1,753,1809,755,-1,755,1809,1810,-1,755,1810,757,-1,757,1810,1811,-1,757,1811,759,-1,759,1811,1812,-1,759,1812,761,-1,761,1812,1813,-1,761,1813,763,-1,1814,1815,513,-1,1815,1816,513,-1,513,1816,1817,-1,513,1817,1818,-1,515,516,1819,-1,1819,516,517,-1,1819,517,518,-1,1818,416,513,-1,513,416,508,-1,513,508,509,-1,509,510,513,-1,513,510,511,-1,513,511,512,-1,1814,513,1819,-1,1819,513,514,-1,1819,514,515,-1,518,519,1819,-1,1819,519,1820,-1,1819,1820,1821,-1,1821,1822,1819,-1,1819,1822,1823,-1,1819,1823,1824,-1,1825,1826,429,-1,429,1826,430,-1,1827,451,1828,-1,1828,451,449,-1,1828,449,1829,-1,1829,449,447,-1,1829,447,1830,-1,1830,447,445,-1,1830,445,1831,-1,1831,445,443,-1,1831,443,1832,-1,1832,443,441,-1,1832,441,1833,-1,1833,441,439,-1,1833,439,1834,-1,1834,439,437,-1,1834,437,1835,-1,1835,437,435,-1,1835,435,1836,-1,1836,435,433,-1,1836,433,1837,-1,1837,433,431,-1,1837,431,1838,-1,1838,431,430,-1,1838,430,1839,-1,1839,430,1826,-1,541,539,1840,-1,539,537,1840,-1,1840,537,535,-1,1840,535,534,-1,1841,1842,543,-1,543,1842,1843,-1,543,1843,1844,-1,534,533,1840,-1,1840,533,1845,-1,1840,1845,1846,-1,1846,1847,1840,-1,1840,1847,1848,-1,1840,1848,1849,-1,541,1840,543,-1,543,1840,1850,-1,543,1850,1841,-1,1844,555,543,-1,543,555,553,-1,543,553,551,-1,551,549,543,-1,543,549,547,-1,543,547,545,-1,623,1851,1852,-1,623,1852,622,-1,622,1852,1853,-1,622,1853,621,-1,621,1853,1854,-1,621,1854,620,-1,620,1854,1855,-1,620,1855,619,-1,619,1855,1856,-1,619,1856,618,-1,618,1856,1857,-1,618,1857,617,-1,617,1857,1858,-1,617,1858,616,-1,616,1858,1859,-1,616,1859,615,-1,615,1859,1860,-1,615,1860,614,-1,614,1860,1861,-1,614,1861,613,-1,613,1861,1862,-1,613,1862,612,-1,612,1862,1863,-1,612,1863,520,-1,1061,1059,1864,-1,1059,1057,1864,-1,1864,1057,1055,-1,1864,1055,1054,-1,1865,1864,1866,-1,1866,1864,1867,-1,1864,1075,1073,-1,1868,1869,1870,-1,1870,1869,1871,-1,1054,1053,1864,-1,1864,1053,1871,-1,1864,1871,1872,-1,1872,1871,1869,-1,1865,1873,1864,-1,1864,1873,1874,-1,1864,1874,1075,-1,1073,1071,1864,-1,1864,1071,1069,-1,1864,1069,1067,-1,1067,1065,1864,-1,1864,1065,1063,-1,1864,1063,1061,-1,1875,1876,1143,-1,1143,1876,1142,-1,1877,1040,1878,-1,1878,1040,1132,-1,1878,1132,1879,-1,1879,1132,1133,-1,1879,1133,1880,-1,1880,1133,1134,-1,1880,1134,1881,-1,1881,1134,1135,-1,1881,1135,1882,-1,1882,1135,1136,-1,1882,1136,1883,-1,1883,1136,1137,-1,1883,1137,1884,-1,1884,1137,1138,-1,1884,1138,1885,-1,1885,1138,1139,-1,1885,1139,1886,-1,1886,1139,1140,-1,1886,1140,1887,-1,1887,1140,1141,-1,1887,1141,1888,-1,1888,1141,1142,-1,1888,1142,1889,-1,1889,1142,1876,-1,1236,1890,1144,-1,1144,1890,1891,-1,1236,1237,1890,-1,1890,1237,1238,-1,1890,1238,1239,-1,1244,1241,1243,-1,1243,1241,1242,-1,1241,1247,1892,-1,1890,1893,1891,-1,1891,1893,1894,-1,1891,1894,1895,-1,1895,1894,1896,-1,1244,1245,1241,-1,1241,1245,1246,-1,1241,1246,1247,-1,1892,1897,1241,-1,1241,1897,1898,-1,1241,1898,1899,-1,1239,1240,1890,-1,1890,1240,1241,-1,1890,1241,1900,-1,1900,1241,1899,-1,1157,1901,1902,-1,1157,1902,1158,-1,1158,1902,1903,-1,1158,1903,1159,-1,1159,1903,1904,-1,1159,1904,1161,-1,1161,1904,1905,-1,1161,1905,1163,-1,1163,1905,1906,-1,1163,1906,1165,-1,1165,1906,1907,-1,1165,1907,1167,-1,1167,1907,1908,-1,1167,1908,1169,-1,1169,1908,1909,-1,1169,1909,1171,-1,1171,1909,1910,-1,1171,1910,1173,-1,1173,1910,1911,-1,1173,1911,1175,-1,1175,1911,1912,-1,1175,1912,1177,-1,1177,1912,1913,-1,1177,1913,1179,-1,1914,1915,929,-1,1915,1916,929,-1,929,1916,1917,-1,929,1917,1918,-1,931,932,1919,-1,1919,932,933,-1,1919,933,934,-1,1918,832,929,-1,929,832,924,-1,929,924,925,-1,925,926,929,-1,929,926,927,-1,929,927,928,-1,1914,929,1919,-1,1919,929,930,-1,1919,930,931,-1,934,935,1919,-1,1919,935,1920,-1,1919,1920,1921,-1,1921,1922,1919,-1,1919,1922,1923,-1,1919,1923,1924,-1,1925,1926,845,-1,845,1926,846,-1,1927,867,1928,-1,1928,867,865,-1,1928,865,1929,-1,1929,865,863,-1,1929,863,1930,-1,1930,863,861,-1,1930,861,1931,-1,1931,861,859,-1,1931,859,1932,-1,1932,859,857,-1,1932,857,1933,-1,1933,857,855,-1,1933,855,1934,-1,1934,855,853,-1,1934,853,1935,-1,1935,853,851,-1,1935,851,1936,-1,1936,851,849,-1,1936,849,1937,-1,1937,849,847,-1,1937,847,1938,-1,1938,847,846,-1,1938,846,1939,-1,1939,846,1926,-1,957,955,1940,-1,955,953,1940,-1,1940,953,951,-1,1940,951,950,-1,1941,1942,959,-1,959,1942,1943,-1,959,1943,1944,-1,950,949,1940,-1,1940,949,1945,-1,1940,1945,1946,-1,1946,1947,1940,-1,1940,1947,1948,-1,1940,1948,1949,-1,957,1940,959,-1,959,1940,1950,-1,959,1950,1941,-1,1944,971,959,-1,959,971,969,-1,959,969,967,-1,967,965,959,-1,959,965,963,-1,959,963,961,-1,1039,1951,1952,-1,1039,1952,1038,-1,1038,1952,1953,-1,1038,1953,1037,-1,1037,1953,1954,-1,1037,1954,1036,-1,1036,1954,1955,-1,1036,1955,1035,-1,1035,1955,1956,-1,1035,1956,1034,-1,1034,1956,1957,-1,1034,1957,1033,-1,1033,1957,1958,-1,1033,1958,1032,-1,1032,1958,1959,-1,1032,1959,1031,-1,1031,1959,1960,-1,1031,1960,1030,-1,1030,1960,1961,-1,1030,1961,1029,-1,1029,1961,1962,-1,1029,1962,1028,-1,1028,1962,1963,-1,1028,1963,936,-1,1477,1475,1964,-1,1475,1473,1964,-1,1964,1473,1471,-1,1964,1471,1470,-1,1965,1964,1966,-1,1966,1964,1967,-1,1964,1491,1489,-1,1968,1969,1970,-1,1970,1969,1971,-1,1470,1469,1964,-1,1964,1469,1971,-1,1964,1971,1972,-1,1972,1971,1969,-1,1965,1973,1964,-1,1964,1973,1974,-1,1964,1974,1491,-1,1489,1487,1964,-1,1964,1487,1485,-1,1964,1485,1483,-1,1483,1481,1964,-1,1964,1481,1479,-1,1964,1479,1477,-1,1975,1976,1559,-1,1559,1976,1558,-1,1977,1456,1978,-1,1978,1456,1548,-1,1978,1548,1979,-1,1979,1548,1549,-1,1979,1549,1980,-1,1980,1549,1550,-1,1980,1550,1981,-1,1981,1550,1551,-1,1981,1551,1982,-1,1982,1551,1552,-1,1982,1552,1983,-1,1983,1552,1553,-1,1983,1553,1984,-1,1984,1553,1554,-1,1984,1554,1985,-1,1985,1554,1555,-1,1985,1555,1986,-1,1986,1555,1556,-1,1986,1556,1987,-1,1987,1556,1557,-1,1987,1557,1988,-1,1988,1557,1558,-1,1988,1558,1989,-1,1989,1558,1976,-1,1652,1990,1560,-1,1560,1990,1991,-1,1652,1653,1990,-1,1990,1653,1654,-1,1990,1654,1655,-1,1660,1657,1659,-1,1659,1657,1658,-1,1657,1663,1992,-1,1990,1993,1991,-1,1991,1993,1994,-1,1991,1994,1995,-1,1995,1994,1996,-1,1660,1661,1657,-1,1657,1661,1662,-1,1657,1662,1663,-1,1992,1997,1657,-1,1657,1997,1998,-1,1657,1998,1999,-1,1655,1656,1990,-1,1990,1656,1657,-1,1990,1657,2000,-1,2000,1657,1999,-1,1573,2001,2002,-1,1573,2002,1574,-1,1574,2002,2003,-1,1574,2003,1575,-1,1575,2003,2004,-1,1575,2004,1577,-1,1577,2004,2005,-1,1577,2005,1579,-1,1579,2005,2006,-1,1579,2006,1581,-1,1581,2006,2007,-1,1581,2007,1583,-1,1583,2007,2008,-1,1583,2008,1585,-1,1585,2008,2009,-1,1585,2009,1587,-1,1587,2009,2010,-1,1587,2010,1589,-1,1589,2010,2011,-1,1589,2011,1591,-1,1591,2011,2012,-1,1591,2012,1593,-1,1593,2012,2013,-1,1593,2013,1595,-1,2014,2015,1345,-1,2015,2016,1345,-1,1345,2016,2017,-1,1345,2017,2018,-1,1347,1348,2019,-1,2019,1348,1349,-1,2019,1349,1350,-1,2018,1248,1345,-1,1345,1248,1340,-1,1345,1340,1341,-1,1341,1342,1345,-1,1345,1342,1343,-1,1345,1343,1344,-1,2014,1345,2019,-1,2019,1345,1346,-1,2019,1346,1347,-1,1350,1351,2019,-1,2019,1351,2020,-1,2019,2020,2021,-1,2021,2022,2019,-1,2019,2022,2023,-1,2019,2023,2024,-1,2025,2026,1261,-1,1261,2026,1262,-1,2027,1283,2028,-1,2028,1283,1281,-1,2028,1281,2029,-1,2029,1281,1279,-1,2029,1279,2030,-1,2030,1279,1277,-1,2030,1277,2031,-1,2031,1277,1275,-1,2031,1275,2032,-1,2032,1275,1273,-1,2032,1273,2033,-1,2033,1273,1271,-1,2033,1271,2034,-1,2034,1271,1269,-1,2034,1269,2035,-1,2035,1269,1267,-1,2035,1267,2036,-1,2036,1267,1265,-1,2036,1265,2037,-1,2037,1265,1263,-1,2037,1263,2038,-1,2038,1263,1262,-1,2038,1262,2039,-1,2039,1262,2026,-1,1373,1371,2040,-1,1371,1369,2040,-1,2040,1369,1367,-1,2040,1367,1366,-1,2041,2042,1375,-1,1375,2042,2043,-1,1375,2043,2044,-1,1366,1365,2040,-1,2040,1365,2045,-1,2040,2045,2046,-1,2046,2047,2040,-1,2040,2047,2048,-1,2040,2048,2049,-1,1373,2040,1375,-1,1375,2040,2050,-1,1375,2050,2041,-1,2044,1387,1375,-1,1375,1387,1385,-1,1375,1385,1383,-1,1383,1381,1375,-1,1375,1381,1379,-1,1375,1379,1377,-1,1455,2051,2052,-1,1455,2052,1454,-1,1454,2052,2053,-1,1454,2053,1453,-1,1453,2053,2054,-1,1453,2054,1452,-1,1452,2054,2055,-1,1452,2055,1451,-1,1451,2055,2056,-1,1451,2056,1450,-1,1450,2056,2057,-1,1450,2057,1449,-1,1449,2057,2058,-1,1449,2058,1448,-1,1448,2058,2059,-1,1448,2059,1447,-1,1447,2059,2060,-1,1447,2060,1446,-1,1446,2060,2061,-1,1446,2061,1445,-1,1445,2061,2062,-1,1445,2062,1444,-1,1444,2062,2063,-1,1444,2063,1352,-1,2064,2065,2066,-1,2065,2067,2068,-1,2067,2069,2070,-1,2069,2071,2072,-1,2071,2073,2074,-1,2073,2075,2076,-1,2075,2077,2078,-1,2075,2078,2076,-1,2076,2078,2079,-1,2076,2079,2080,-1,2080,2079,2081,-1,2080,2081,2082,-1,2082,2081,2083,-1,2082,2083,2084,-1,2084,2083,2085,-1,2084,2085,2086,-1,2086,2085,2087,-1,2086,2087,2088,-1,2088,2087,2089,-1,2088,2089,2090,-1,2090,2089,2091,-1,2090,2091,2092,-1,2092,2091,2093,-1,2092,2093,2094,-1,2094,2093,2095,-1,2094,2095,2096,-1,2096,2095,2097,-1,2096,2097,2098,-1,2098,2097,2099,-1,2098,2099,2100,-1,2073,2076,2074,-1,2074,2076,2080,-1,2074,2080,2101,-1,2101,2080,2082,-1,2101,2082,2102,-1,2102,2082,2084,-1,2102,2084,2103,-1,2103,2084,2086,-1,2103,2086,2104,-1,2104,2086,2088,-1,2104,2088,2105,-1,2105,2088,2090,-1,2105,2090,2106,-1,2106,2090,2092,-1,2106,2092,2107,-1,2107,2092,2094,-1,2107,2094,2108,-1,2108,2094,2096,-1,2108,2096,2109,-1,2109,2096,2098,-1,2109,2098,2110,-1,2110,2098,2100,-1,2110,2100,2111,-1,2071,2074,2072,-1,2072,2074,2101,-1,2072,2101,2112,-1,2112,2101,2102,-1,2112,2102,2113,-1,2113,2102,2103,-1,2113,2103,2114,-1,2114,2103,2104,-1,2114,2104,2115,-1,2115,2104,2105,-1,2115,2105,2116,-1,2116,2105,2106,-1,2116,2106,2117,-1,2117,2106,2107,-1,2117,2107,2118,-1,2118,2107,2108,-1,2118,2108,2119,-1,2119,2108,2109,-1,2119,2109,2120,-1,2120,2109,2110,-1,2120,2110,2121,-1,2121,2110,2111,-1,2121,2111,2122,-1,2069,2072,2070,-1,2070,2072,2112,-1,2070,2112,2123,-1,2123,2112,2113,-1,2123,2113,2124,-1,2124,2113,2114,-1,2124,2114,2125,-1,2125,2114,2115,-1,2125,2115,2126,-1,2126,2115,2116,-1,2126,2116,2127,-1,2127,2116,2117,-1,2127,2117,2128,-1,2128,2117,2118,-1,2128,2118,2129,-1,2129,2118,2119,-1,2129,2119,2130,-1,2130,2119,2120,-1,2130,2120,2131,-1,2131,2120,2121,-1,2131,2121,2132,-1,2132,2121,2122,-1,2132,2122,2133,-1,2067,2070,2068,-1,2068,2070,2123,-1,2068,2123,2134,-1,2134,2123,2124,-1,2134,2124,2135,-1,2135,2124,2125,-1,2135,2125,2136,-1,2136,2125,2126,-1,2136,2126,2137,-1,2137,2126,2127,-1,2137,2127,2138,-1,2138,2127,2128,-1,2138,2128,2139,-1,2139,2128,2129,-1,2139,2129,2140,-1,2140,2129,2130,-1,2140,2130,2141,-1,2141,2130,2131,-1,2141,2131,2142,-1,2142,2131,2132,-1,2142,2132,2143,-1,2143,2132,2133,-1,2143,2133,2144,-1,2065,2068,2066,-1,2066,2068,2134,-1,2066,2134,2145,-1,2145,2134,2135,-1,2145,2135,2146,-1,2146,2135,2136,-1,2146,2136,2147,-1,2147,2136,2137,-1,2147,2137,2148,-1,2148,2137,2138,-1,2148,2138,2149,-1,2149,2138,2139,-1,2149,2139,2150,-1,2150,2139,2140,-1,2150,2140,2151,-1,2151,2140,2141,-1,2151,2141,2152,-1,2152,2141,2142,-1,2152,2142,2153,-1,2153,2142,2143,-1,2153,2143,2154,-1,2154,2143,2144,-1,2154,2144,2155,-1,2064,2066,2156,-1,2156,2066,2145,-1,2156,2145,2157,-1,2157,2145,2146,-1,2157,2146,2158,-1,2158,2146,2147,-1,2158,2147,2159,-1,2159,2147,2148,-1,2159,2148,2160,-1,2160,2148,2149,-1,2160,2149,2161,-1,2161,2149,2150,-1,2161,2150,2162,-1,2162,2150,2151,-1,2162,2151,2163,-1,2163,2151,2152,-1,2163,2152,2164,-1,2164,2152,2153,-1,2164,2153,2165,-1,2165,2153,2154,-1,2165,2154,2166,-1,2166,2154,2155,-1,2166,2155,2167,-1,2168,2169,2170,-1,2169,2171,2172,-1,2171,2173,2174,-1,2173,2175,2176,-1,2175,2177,2178,-1,2177,2179,2180,-1,2179,2181,2182,-1,2179,2182,2180,-1,2180,2182,2183,-1,2180,2183,2184,-1,2184,2183,2185,-1,2184,2185,2186,-1,2186,2185,2187,-1,2186,2187,2188,-1,2188,2187,2189,-1,2188,2189,2190,-1,2190,2189,2191,-1,2190,2191,2192,-1,2192,2191,2193,-1,2192,2193,2194,-1,2194,2193,2195,-1,2194,2195,2196,-1,2196,2195,2197,-1,2196,2197,2198,-1,2198,2197,2199,-1,2198,2199,2200,-1,2200,2199,2201,-1,2200,2201,2202,-1,2202,2201,2203,-1,2202,2203,2204,-1,2177,2180,2178,-1,2178,2180,2184,-1,2178,2184,2205,-1,2205,2184,2186,-1,2205,2186,2206,-1,2206,2186,2188,-1,2206,2188,2207,-1,2207,2188,2190,-1,2207,2190,2208,-1,2208,2190,2192,-1,2208,2192,2209,-1,2209,2192,2194,-1,2209,2194,2210,-1,2210,2194,2196,-1,2210,2196,2211,-1,2211,2196,2198,-1,2211,2198,2212,-1,2212,2198,2200,-1,2212,2200,2213,-1,2213,2200,2202,-1,2213,2202,2214,-1,2214,2202,2204,-1,2214,2204,2215,-1,2175,2178,2176,-1,2176,2178,2205,-1,2176,2205,2216,-1,2216,2205,2206,-1,2216,2206,2217,-1,2217,2206,2207,-1,2217,2207,2218,-1,2218,2207,2208,-1,2218,2208,2219,-1,2219,2208,2209,-1,2219,2209,2220,-1,2220,2209,2210,-1,2220,2210,2221,-1,2221,2210,2211,-1,2221,2211,2222,-1,2222,2211,2212,-1,2222,2212,2223,-1,2223,2212,2213,-1,2223,2213,2224,-1,2224,2213,2214,-1,2224,2214,2225,-1,2225,2214,2215,-1,2225,2215,2226,-1,2173,2176,2174,-1,2174,2176,2216,-1,2174,2216,2227,-1,2227,2216,2217,-1,2227,2217,2228,-1,2228,2217,2218,-1,2228,2218,2229,-1,2229,2218,2219,-1,2229,2219,2230,-1,2230,2219,2220,-1,2230,2220,2231,-1,2231,2220,2221,-1,2231,2221,2232,-1,2232,2221,2222,-1,2232,2222,2233,-1,2233,2222,2223,-1,2233,2223,2234,-1,2234,2223,2224,-1,2234,2224,2235,-1,2235,2224,2225,-1,2235,2225,2236,-1,2236,2225,2226,-1,2236,2226,2237,-1,2171,2174,2172,-1,2172,2174,2227,-1,2172,2227,2238,-1,2238,2227,2228,-1,2238,2228,2239,-1,2239,2228,2229,-1,2239,2229,2240,-1,2240,2229,2230,-1,2240,2230,2241,-1,2241,2230,2231,-1,2241,2231,2242,-1,2242,2231,2232,-1,2242,2232,2243,-1,2243,2232,2233,-1,2243,2233,2244,-1,2244,2233,2234,-1,2244,2234,2245,-1,2245,2234,2235,-1,2245,2235,2246,-1,2246,2235,2236,-1,2246,2236,2247,-1,2247,2236,2237,-1,2247,2237,2248,-1,2169,2172,2170,-1,2170,2172,2238,-1,2170,2238,2249,-1,2249,2238,2239,-1,2249,2239,2250,-1,2250,2239,2240,-1,2250,2240,2251,-1,2251,2240,2241,-1,2251,2241,2252,-1,2252,2241,2242,-1,2252,2242,2253,-1,2253,2242,2243,-1,2253,2243,2254,-1,2254,2243,2244,-1,2254,2244,2255,-1,2255,2244,2245,-1,2255,2245,2256,-1,2256,2245,2246,-1,2256,2246,2257,-1,2257,2246,2247,-1,2257,2247,2258,-1,2258,2247,2248,-1,2258,2248,2259,-1,2168,2170,2260,-1,2260,2170,2249,-1,2260,2249,2261,-1,2261,2249,2250,-1,2261,2250,2262,-1,2262,2250,2251,-1,2262,2251,2263,-1,2263,2251,2252,-1,2263,2252,2264,-1,2264,2252,2253,-1,2264,2253,2265,-1,2265,2253,2254,-1,2265,2254,2266,-1,2266,2254,2255,-1,2266,2255,2267,-1,2267,2255,2256,-1,2267,2256,2268,-1,2268,2256,2257,-1,2268,2257,2269,-1,2269,2257,2258,-1,2269,2258,2270,-1,2270,2258,2259,-1,2270,2259,2271,-1,2272,2273,2274,-1,2273,2275,2276,-1,2275,2277,2278,-1,2277,2279,2280,-1,2279,2281,2282,-1,2281,2283,2284,-1,2283,2285,2286,-1,2283,2286,2284,-1,2284,2286,2287,-1,2284,2287,2288,-1,2288,2287,2289,-1,2288,2289,2290,-1,2290,2289,2291,-1,2290,2291,2292,-1,2292,2291,2293,-1,2292,2293,2294,-1,2294,2293,2295,-1,2294,2295,2296,-1,2296,2295,2297,-1,2296,2297,2298,-1,2298,2297,2299,-1,2298,2299,2300,-1,2300,2299,2301,-1,2300,2301,2302,-1,2302,2301,2303,-1,2302,2303,2304,-1,2304,2303,2305,-1,2304,2305,2306,-1,2306,2305,2307,-1,2306,2307,2308,-1,2281,2284,2282,-1,2282,2284,2288,-1,2282,2288,2309,-1,2309,2288,2290,-1,2309,2290,2310,-1,2310,2290,2292,-1,2310,2292,2311,-1,2311,2292,2294,-1,2311,2294,2312,-1,2312,2294,2296,-1,2312,2296,2313,-1,2313,2296,2298,-1,2313,2298,2314,-1,2314,2298,2300,-1,2314,2300,2315,-1,2315,2300,2302,-1,2315,2302,2316,-1,2316,2302,2304,-1,2316,2304,2317,-1,2317,2304,2306,-1,2317,2306,2318,-1,2318,2306,2308,-1,2318,2308,2319,-1,2279,2282,2280,-1,2280,2282,2309,-1,2280,2309,2320,-1,2320,2309,2310,-1,2320,2310,2321,-1,2321,2310,2311,-1,2321,2311,2322,-1,2322,2311,2312,-1,2322,2312,2323,-1,2323,2312,2313,-1,2323,2313,2324,-1,2324,2313,2314,-1,2324,2314,2325,-1,2325,2314,2315,-1,2325,2315,2326,-1,2326,2315,2316,-1,2326,2316,2327,-1,2327,2316,2317,-1,2327,2317,2328,-1,2328,2317,2318,-1,2328,2318,2329,-1,2329,2318,2319,-1,2329,2319,2330,-1,2277,2280,2278,-1,2278,2280,2320,-1,2278,2320,2331,-1,2331,2320,2321,-1,2331,2321,2332,-1,2332,2321,2322,-1,2332,2322,2333,-1,2333,2322,2323,-1,2333,2323,2334,-1,2334,2323,2324,-1,2334,2324,2335,-1,2335,2324,2325,-1,2335,2325,2336,-1,2336,2325,2326,-1,2336,2326,2337,-1,2337,2326,2327,-1,2337,2327,2338,-1,2338,2327,2328,-1,2338,2328,2339,-1,2339,2328,2329,-1,2339,2329,2340,-1,2340,2329,2330,-1,2340,2330,2341,-1,2275,2278,2276,-1,2276,2278,2331,-1,2276,2331,2342,-1,2342,2331,2332,-1,2342,2332,2343,-1,2343,2332,2333,-1,2343,2333,2344,-1,2344,2333,2334,-1,2344,2334,2345,-1,2345,2334,2335,-1,2345,2335,2346,-1,2346,2335,2336,-1,2346,2336,2347,-1,2347,2336,2337,-1,2347,2337,2348,-1,2348,2337,2338,-1,2348,2338,2349,-1,2349,2338,2339,-1,2349,2339,2350,-1,2350,2339,2340,-1,2350,2340,2351,-1,2351,2340,2341,-1,2351,2341,2352,-1,2273,2276,2274,-1,2274,2276,2342,-1,2274,2342,2353,-1,2353,2342,2343,-1,2353,2343,2354,-1,2354,2343,2344,-1,2354,2344,2355,-1,2355,2344,2345,-1,2355,2345,2356,-1,2356,2345,2346,-1,2356,2346,2357,-1,2357,2346,2347,-1,2357,2347,2358,-1,2358,2347,2348,-1,2358,2348,2359,-1,2359,2348,2349,-1,2359,2349,2360,-1,2360,2349,2350,-1,2360,2350,2361,-1,2361,2350,2351,-1,2361,2351,2362,-1,2362,2351,2352,-1,2362,2352,2363,-1,2272,2274,2364,-1,2364,2274,2353,-1,2364,2353,2365,-1,2365,2353,2354,-1,2365,2354,2366,-1,2366,2354,2355,-1,2366,2355,2367,-1,2367,2355,2356,-1,2367,2356,2368,-1,2368,2356,2357,-1,2368,2357,2369,-1,2369,2357,2358,-1,2369,2358,2370,-1,2370,2358,2359,-1,2370,2359,2371,-1,2371,2359,2360,-1,2371,2360,2372,-1,2372,2360,2361,-1,2372,2361,2373,-1,2373,2361,2362,-1,2373,2362,2374,-1,2374,2362,2363,-1,2374,2363,2375,-1,2376,2377,2378,-1,2377,2379,2380,-1,2379,2381,2382,-1,2381,2383,2384,-1,2383,2385,2386,-1,2385,2387,2388,-1,2387,2389,2390,-1,2387,2390,2388,-1,2388,2390,2391,-1,2388,2391,2392,-1,2392,2391,2393,-1,2392,2393,2394,-1,2394,2393,2395,-1,2394,2395,2396,-1,2396,2395,2397,-1,2396,2397,2398,-1,2398,2397,2399,-1,2398,2399,2400,-1,2400,2399,2401,-1,2400,2401,2402,-1,2402,2401,2403,-1,2402,2403,2404,-1,2404,2403,2405,-1,2404,2405,2406,-1,2406,2405,2407,-1,2406,2407,2408,-1,2408,2407,2409,-1,2408,2409,2410,-1,2410,2409,2411,-1,2410,2411,2412,-1,2385,2388,2386,-1,2386,2388,2392,-1,2386,2392,2413,-1,2413,2392,2394,-1,2413,2394,2414,-1,2414,2394,2396,-1,2414,2396,2415,-1,2415,2396,2398,-1,2415,2398,2416,-1,2416,2398,2400,-1,2416,2400,2417,-1,2417,2400,2402,-1,2417,2402,2418,-1,2418,2402,2404,-1,2418,2404,2419,-1,2419,2404,2406,-1,2419,2406,2420,-1,2420,2406,2408,-1,2420,2408,2421,-1,2421,2408,2410,-1,2421,2410,2422,-1,2422,2410,2412,-1,2422,2412,2423,-1,2383,2386,2384,-1,2384,2386,2413,-1,2384,2413,2424,-1,2424,2413,2414,-1,2424,2414,2425,-1,2425,2414,2415,-1,2425,2415,2426,-1,2426,2415,2416,-1,2426,2416,2427,-1,2427,2416,2417,-1,2427,2417,2428,-1,2428,2417,2418,-1,2428,2418,2429,-1,2429,2418,2419,-1,2429,2419,2430,-1,2430,2419,2420,-1,2430,2420,2431,-1,2431,2420,2421,-1,2431,2421,2432,-1,2432,2421,2422,-1,2432,2422,2433,-1,2433,2422,2423,-1,2433,2423,2434,-1,2381,2384,2382,-1,2382,2384,2424,-1,2382,2424,2435,-1,2435,2424,2425,-1,2435,2425,2436,-1,2436,2425,2426,-1,2436,2426,2437,-1,2437,2426,2427,-1,2437,2427,2438,-1,2438,2427,2428,-1,2438,2428,2439,-1,2439,2428,2429,-1,2439,2429,2440,-1,2440,2429,2430,-1,2440,2430,2441,-1,2441,2430,2431,-1,2441,2431,2442,-1,2442,2431,2432,-1,2442,2432,2443,-1,2443,2432,2433,-1,2443,2433,2444,-1,2444,2433,2434,-1,2444,2434,2445,-1,2379,2382,2380,-1,2380,2382,2435,-1,2380,2435,2446,-1,2446,2435,2436,-1,2446,2436,2447,-1,2447,2436,2437,-1,2447,2437,2448,-1,2448,2437,2438,-1,2448,2438,2449,-1,2449,2438,2439,-1,2449,2439,2450,-1,2450,2439,2440,-1,2450,2440,2451,-1,2451,2440,2441,-1,2451,2441,2452,-1,2452,2441,2442,-1,2452,2442,2453,-1,2453,2442,2443,-1,2453,2443,2454,-1,2454,2443,2444,-1,2454,2444,2455,-1,2455,2444,2445,-1,2455,2445,2456,-1,2377,2380,2378,-1,2378,2380,2446,-1,2378,2446,2457,-1,2457,2446,2447,-1,2457,2447,2458,-1,2458,2447,2448,-1,2458,2448,2459,-1,2459,2448,2449,-1,2459,2449,2460,-1,2460,2449,2450,-1,2460,2450,2461,-1,2461,2450,2451,-1,2461,2451,2462,-1,2462,2451,2452,-1,2462,2452,2463,-1,2463,2452,2453,-1,2463,2453,2464,-1,2464,2453,2454,-1,2464,2454,2465,-1,2465,2454,2455,-1,2465,2455,2466,-1,2466,2455,2456,-1,2466,2456,2467,-1,2376,2378,2468,-1,2468,2378,2457,-1,2468,2457,2469,-1,2469,2457,2458,-1,2469,2458,2470,-1,2470,2458,2459,-1,2470,2459,2471,-1,2471,2459,2460,-1,2471,2460,2472,-1,2472,2460,2461,-1,2472,2461,2473,-1,2473,2461,2462,-1,2473,2462,2474,-1,2474,2462,2463,-1,2474,2463,2475,-1,2475,2463,2464,-1,2475,2464,2476,-1,2476,2464,2465,-1,2476,2465,2477,-1,2477,2465,2466,-1,2477,2466,2478,-1,2478,2466,2467,-1,2478,2467,2479,-1,2293,2291,2480,-1,2291,2289,2480,-1,2480,2289,2287,-1,2480,2287,2286,-1,2481,2480,2482,-1,2482,2480,2483,-1,2480,2307,2305,-1,2484,2485,2486,-1,2486,2485,2487,-1,2286,2285,2480,-1,2480,2285,2487,-1,2480,2487,2488,-1,2488,2487,2485,-1,2481,2489,2480,-1,2480,2489,2490,-1,2480,2490,2307,-1,2305,2303,2480,-1,2480,2303,2301,-1,2480,2301,2299,-1,2299,2297,2480,-1,2480,2297,2295,-1,2480,2295,2293,-1,2491,2492,2375,-1,2375,2492,2374,-1,2493,2272,2494,-1,2494,2272,2364,-1,2494,2364,2495,-1,2495,2364,2365,-1,2495,2365,2496,-1,2496,2365,2366,-1,2496,2366,2497,-1,2497,2366,2367,-1,2497,2367,2498,-1,2498,2367,2368,-1,2498,2368,2499,-1,2499,2368,2369,-1,2499,2369,2500,-1,2500,2369,2370,-1,2500,2370,2501,-1,2501,2370,2371,-1,2501,2371,2502,-1,2502,2371,2372,-1,2502,2372,2503,-1,2503,2372,2373,-1,2503,2373,2504,-1,2504,2373,2374,-1,2504,2374,2505,-1,2505,2374,2492,-1,2506,2507,2477,-1,2508,2509,2510,-1,2475,2476,2511,-1,2511,2476,2477,-1,2511,2477,2512,-1,2512,2477,2507,-1,2506,2477,2513,-1,2513,2477,2478,-1,2513,2478,2479,-1,2479,2514,2513,-1,2513,2514,2508,-1,2513,2508,2515,-1,2515,2508,2510,-1,2516,2376,2473,-1,2473,2376,2468,-1,2473,2468,2469,-1,2469,2470,2473,-1,2473,2470,2471,-1,2473,2471,2472,-1,2516,2473,2511,-1,2511,2473,2474,-1,2511,2474,2475,-1,2389,2517,2518,-1,2389,2518,2390,-1,2390,2518,2519,-1,2390,2519,2391,-1,2391,2519,2520,-1,2391,2520,2393,-1,2393,2520,2521,-1,2393,2521,2395,-1,2395,2521,2522,-1,2395,2522,2397,-1,2397,2522,2523,-1,2397,2523,2399,-1,2399,2523,2524,-1,2399,2524,2401,-1,2401,2524,2525,-1,2401,2525,2403,-1,2403,2525,2526,-1,2403,2526,2405,-1,2405,2526,2527,-1,2405,2527,2407,-1,2407,2527,2528,-1,2407,2528,2409,-1,2409,2528,2529,-1,2409,2529,2411,-1,2530,2531,2161,-1,2531,2532,2161,-1,2161,2532,2533,-1,2161,2533,2534,-1,2163,2164,2535,-1,2535,2164,2165,-1,2535,2165,2166,-1,2534,2064,2161,-1,2161,2064,2156,-1,2161,2156,2157,-1,2157,2158,2161,-1,2161,2158,2159,-1,2161,2159,2160,-1,2530,2161,2535,-1,2535,2161,2162,-1,2535,2162,2163,-1,2166,2167,2535,-1,2535,2167,2536,-1,2535,2536,2537,-1,2537,2538,2535,-1,2535,2538,2539,-1,2535,2539,2540,-1,2541,2542,2077,-1,2077,2542,2078,-1,2543,2099,2544,-1,2544,2099,2097,-1,2544,2097,2545,-1,2545,2097,2095,-1,2545,2095,2546,-1,2546,2095,2093,-1,2546,2093,2547,-1,2547,2093,2091,-1,2547,2091,2548,-1,2548,2091,2089,-1,2548,2089,2549,-1,2549,2089,2087,-1,2549,2087,2550,-1,2550,2087,2085,-1,2550,2085,2551,-1,2551,2085,2083,-1,2551,2083,2552,-1,2552,2083,2081,-1,2552,2081,2553,-1,2553,2081,2079,-1,2553,2079,2554,-1,2554,2079,2078,-1,2554,2078,2555,-1,2555,2078,2542,-1,2556,2557,2191,-1,2191,2557,2558,-1,2191,2558,2559,-1,2559,2560,2191,-1,2191,2560,2561,-1,2191,2561,2562,-1,2562,2563,2191,-1,2191,2563,2564,-1,2191,2564,2565,-1,2191,2189,2187,-1,2187,2185,2191,-1,2191,2185,2183,-1,2191,2183,2182,-1,2182,2181,2191,-1,2191,2181,2566,-1,2191,2566,2556,-1,2565,2203,2191,-1,2191,2203,2201,-1,2191,2201,2199,-1,2199,2197,2191,-1,2191,2197,2195,-1,2191,2195,2193,-1,2271,2567,2568,-1,2271,2568,2270,-1,2270,2568,2569,-1,2270,2569,2269,-1,2269,2569,2570,-1,2269,2570,2268,-1,2268,2570,2571,-1,2268,2571,2267,-1,2267,2571,2572,-1,2267,2572,2266,-1,2266,2572,2573,-1,2266,2573,2265,-1,2265,2573,2574,-1,2265,2574,2264,-1,2264,2574,2575,-1,2264,2575,2263,-1,2263,2575,2576,-1,2263,2576,2262,-1,2262,2576,2577,-1,2262,2577,2261,-1,2261,2577,2578,-1,2261,2578,2260,-1,2260,2578,2579,-1,2260,2579,2168,-1,2580,2581,2582,-1,2582,2581,2583,-1,2584,2585,2586,-1,2586,2585,2587,-1,2588,2589,2590,-1,2590,2589,2591,-1,2590,2591,2592,-1,2592,2591,2593,-1,2594,2595,2596,-1,2596,2595,2597,-1,2598,2599,2594,-1,2594,2599,2595,-1,2600,2601,2602,-1,2602,2601,2603,-1,2602,2603,2604,-1,2604,2603,2605,-1,2606,2607,2608,-1,2608,2607,2609,-1,2610,2611,2606,-1,2606,2611,2607,-1,2612,2613,2614,-1,2614,2613,2615,-1,2614,2615,2616,-1,2616,2615,2617,-1,2618,2619,2620,-1,2620,2619,2621,-1,2622,2623,2618,-1,2618,2623,2619,-1,2624,2625,2626,-1,2626,2625,2627,-1,2628,2629,2630,-1,2630,2629,2631,-1,2580,2582,2632,-1,2632,2633,2580,-1,2580,2633,2634,-1,2580,2634,2586,-1,2586,2634,2635,-1,2586,2635,2584,-1,2581,2587,2583,-1,2583,2587,2585,-1,2636,2588,2590,-1,2596,2637,2594,-1,2594,2637,2638,-1,2594,2638,2590,-1,2590,2638,2639,-1,2590,2639,2636,-1,2590,2592,2640,-1,2640,2641,2590,-1,2590,2641,2642,-1,2590,2642,2594,-1,2594,2642,2643,-1,2594,2643,2598,-1,2591,2595,2593,-1,2593,2595,2599,-1,2589,2597,2591,-1,2591,2597,2595,-1,2644,2600,2602,-1,2608,2645,2606,-1,2606,2645,2646,-1,2606,2646,2602,-1,2602,2646,2647,-1,2602,2647,2644,-1,2602,2604,2648,-1,2648,2649,2602,-1,2602,2649,2650,-1,2602,2650,2606,-1,2606,2650,2651,-1,2606,2651,2610,-1,2603,2607,2605,-1,2605,2607,2611,-1,2601,2609,2603,-1,2603,2609,2607,-1,2652,2612,2614,-1,2620,2653,2618,-1,2618,2653,2654,-1,2618,2654,2614,-1,2614,2654,2655,-1,2614,2655,2652,-1,2614,2616,2656,-1,2656,2657,2614,-1,2614,2657,2658,-1,2614,2658,2618,-1,2618,2658,2659,-1,2618,2659,2622,-1,2615,2619,2617,-1,2617,2619,2623,-1,2613,2621,2615,-1,2615,2621,2619,-1,2660,2661,2662,-1,2662,2661,2663,-1,2662,2663,2664,-1,2664,2663,2665,-1,2666,2667,2668,-1,2668,2667,2669,-1,2670,2671,2666,-1,2666,2671,2667,-1,2672,2624,2626,-1,2630,2673,2628,-1,2628,2673,2674,-1,2628,2674,2626,-1,2626,2674,2675,-1,2626,2675,2672,-1,2625,2631,2627,-1,2627,2631,2629,-1,2676,2660,2662,-1,2668,2677,2666,-1,2666,2677,2678,-1,2666,2678,2662,-1,2662,2678,2679,-1,2662,2679,2676,-1,2662,2664,2680,-1,2680,2681,2662,-1,2662,2681,2682,-1,2662,2682,2666,-1,2666,2682,2683,-1,2666,2683,2670,-1,2671,2665,2667,-1,2667,2665,2663,-1,2661,2669,2663,-1,2663,2669,2667,-1,2684,2685,2631,-1,2686,2665,2671,-1,2631,2685,2671,-1,2671,2685,2687,-1,2671,2687,2686,-1,2631,2625,2684,-1,2684,2625,2688,-1,2684,2688,2686,-1,2686,2688,2689,-1,2686,2689,2665,-1,2665,2689,2690,-1,2665,2690,2625,-1,2625,2690,2691,-1,2625,2691,2688,-1,2625,2624,2692,-1,2664,2665,2693,-1,2693,2665,2625,-1,2693,2625,2694,-1,2694,2625,2692,-1,2695,2630,2631,-1,2671,2670,2696,-1,2671,2696,2631,-1,2631,2696,2697,-1,2631,2697,2695,-1,2698,2699,2669,-1,2700,2617,2623,-1,2669,2699,2623,-1,2623,2699,2701,-1,2623,2701,2700,-1,2669,2661,2698,-1,2698,2661,2702,-1,2698,2702,2700,-1,2700,2702,2703,-1,2700,2703,2617,-1,2617,2703,2704,-1,2617,2704,2661,-1,2661,2704,2705,-1,2661,2705,2702,-1,2623,2622,2706,-1,2668,2669,2707,-1,2707,2669,2623,-1,2707,2623,2708,-1,2708,2623,2706,-1,2709,2616,2617,-1,2661,2660,2710,-1,2661,2710,2617,-1,2617,2710,2711,-1,2617,2711,2709,-1,2712,2621,2613,-1,2605,2611,2713,-1,2713,2611,2714,-1,2714,2611,2715,-1,2715,2611,2621,-1,2715,2621,2716,-1,2716,2621,2712,-1,2716,2712,2713,-1,2713,2712,2717,-1,2713,2717,2605,-1,2605,2717,2718,-1,2605,2718,2613,-1,2613,2718,2719,-1,2613,2719,2712,-1,2720,2599,2721,-1,2721,2599,2609,-1,2721,2609,2722,-1,2609,2601,2722,-1,2722,2601,2723,-1,2722,2723,2724,-1,2724,2723,2725,-1,2720,2724,2599,-1,2599,2724,2725,-1,2599,2725,2593,-1,2593,2725,2726,-1,2593,2726,2601,-1,2601,2726,2727,-1,2601,2727,2723,-1,2728,2597,2589,-1,2583,2585,2729,-1,2729,2585,2730,-1,2730,2585,2731,-1,2731,2585,2597,-1,2731,2597,2732,-1,2732,2597,2728,-1,2732,2728,2729,-1,2729,2728,2733,-1,2729,2733,2583,-1,2583,2733,2734,-1,2583,2734,2589,-1,2589,2734,2735,-1,2589,2735,2728,-1,2611,2610,2736,-1,2620,2621,2737,-1,2737,2621,2611,-1,2737,2611,2738,-1,2738,2611,2736,-1,2739,2604,2605,-1,2613,2612,2740,-1,2613,2740,2605,-1,2605,2740,2741,-1,2605,2741,2739,-1,2599,2598,2742,-1,2608,2609,2743,-1,2743,2609,2599,-1,2743,2599,2744,-1,2744,2599,2742,-1,2745,2592,2593,-1,2601,2600,2746,-1,2601,2746,2593,-1,2593,2746,2747,-1,2593,2747,2745,-1,2585,2584,2748,-1,2596,2597,2749,-1,2749,2597,2585,-1,2749,2585,2750,-1,2750,2585,2748,-1,2751,2582,2583,-1,2589,2588,2752,-1,2589,2752,2583,-1,2583,2752,2753,-1,2583,2753,2751,-1,2522,2521,2754,-1,2526,2525,2697,-1,2697,2525,2524,-1,2697,2524,2754,-1,2754,2524,2523,-1,2754,2523,2522,-1,2755,2754,2518,-1,2756,2529,2696,-1,2696,2529,2528,-1,2696,2528,2697,-1,2697,2528,2527,-1,2697,2527,2526,-1,2521,2520,2754,-1,2754,2520,2519,-1,2754,2519,2518,-1,2757,2758,2683,-1,2518,2517,2755,-1,2755,2517,2759,-1,2755,2759,2760,-1,2683,2758,2670,-1,2670,2758,2761,-1,2670,2761,2762,-1,2763,2764,2683,-1,2683,2764,2765,-1,2683,2765,2757,-1,2762,2766,2670,-1,2670,2766,2767,-1,2670,2767,2696,-1,2696,2767,2768,-1,2696,2768,2756,-1,2574,2573,2769,-1,2769,2573,2770,-1,2770,2573,2572,-1,2770,2572,2571,-1,2771,2579,2769,-1,2769,2579,2578,-1,2769,2578,2577,-1,2577,2576,2769,-1,2769,2576,2575,-1,2769,2575,2574,-1,2571,2570,2770,-1,2770,2570,2569,-1,2770,2569,2772,-1,2772,2569,2568,-1,2772,2568,2567,-1,2773,2774,2771,-1,2771,2774,2775,-1,2771,2775,2579,-1,2776,2681,2777,-1,2777,2681,2680,-1,2777,2680,2778,-1,2778,2680,2779,-1,2567,2780,2772,-1,2772,2780,2781,-1,2772,2781,2680,-1,2680,2781,2782,-1,2680,2782,2779,-1,2776,2783,2681,-1,2681,2783,2784,-1,2681,2784,2785,-1,2786,2787,2788,-1,2787,2786,2789,-1,2789,2786,2754,-1,2789,2754,2790,-1,2790,2754,2755,-1,2790,2755,2791,-1,2791,2755,2792,-1,2791,2792,2793,-1,2793,2792,2794,-1,2793,2794,2788,-1,2788,2794,2795,-1,2788,2795,2786,-1,2796,2797,2769,-1,2798,2799,2770,-1,2770,2799,2800,-1,2770,2800,2769,-1,2769,2800,2801,-1,2769,2801,2796,-1,2802,2769,2803,-1,2542,2541,2804,-1,2804,2541,2805,-1,2804,2805,2770,-1,2770,2805,2806,-1,2770,2806,2798,-1,2797,2807,2769,-1,2769,2807,2808,-1,2769,2808,2803,-1,2803,2543,2802,-1,2802,2543,2544,-1,2802,2544,2545,-1,2545,2546,2675,-1,2675,2546,2547,-1,2675,2547,2548,-1,2548,2549,2675,-1,2675,2549,2550,-1,2675,2550,2672,-1,2672,2550,2551,-1,2672,2551,2552,-1,2552,2553,2672,-1,2672,2553,2554,-1,2672,2554,2804,-1,2804,2554,2555,-1,2804,2555,2542,-1,2809,2810,2754,-1,2754,2810,2697,-1,2697,2810,2811,-1,2697,2811,2812,-1,2505,2492,2786,-1,2786,2492,2491,-1,2786,2491,2754,-1,2754,2491,2813,-1,2754,2813,2814,-1,2814,2815,2754,-1,2754,2815,2816,-1,2754,2816,2809,-1,2812,2817,2697,-1,2697,2817,2818,-1,2697,2818,2695,-1,2695,2818,2819,-1,2695,2819,2493,-1,2497,2498,2630,-1,2630,2498,2499,-1,2630,2499,2673,-1,2673,2499,2500,-1,2673,2500,2501,-1,2493,2494,2695,-1,2695,2494,2495,-1,2695,2495,2630,-1,2630,2495,2496,-1,2630,2496,2497,-1,2501,2502,2673,-1,2673,2502,2503,-1,2673,2503,2504,-1,2681,2792,2682,-1,2682,2792,2755,-1,2682,2755,2683,-1,2683,2755,2760,-1,2683,2760,2763,-1,2785,2773,2681,-1,2681,2773,2771,-1,2681,2771,2792,-1,2792,2771,2820,-1,2792,2820,2794,-1,2794,2820,2821,-1,2794,2821,2795,-1,2795,2821,2822,-1,2795,2822,2802,-1,2802,2822,2823,-1,2802,2823,2769,-1,2769,2823,2824,-1,2769,2824,2771,-1,2771,2824,2825,-1,2771,2825,2820,-1,2545,2675,2802,-1,2802,2675,2674,-1,2802,2674,2795,-1,2795,2674,2673,-1,2795,2673,2786,-1,2786,2673,2504,-1,2786,2504,2505,-1,2680,2664,2772,-1,2772,2664,2693,-1,2772,2693,2770,-1,2770,2693,2694,-1,2770,2694,2804,-1,2804,2694,2692,-1,2804,2692,2672,-1,2672,2692,2624,-1,2006,2005,2826,-1,2010,2009,2708,-1,2708,2009,2008,-1,2708,2008,2826,-1,2826,2008,2007,-1,2826,2007,2006,-1,2827,2826,2002,-1,2828,2013,2706,-1,2706,2013,2012,-1,2706,2012,2708,-1,2708,2012,2011,-1,2708,2011,2010,-1,2005,2004,2826,-1,2826,2004,2003,-1,2826,2003,2002,-1,2829,2830,2659,-1,2002,2001,2827,-1,2827,2001,2831,-1,2827,2831,2832,-1,2659,2830,2622,-1,2622,2830,2833,-1,2622,2833,2834,-1,2835,2836,2659,-1,2659,2836,2837,-1,2659,2837,2829,-1,2834,2838,2622,-1,2622,2838,2839,-1,2622,2839,2706,-1,2706,2839,2840,-1,2706,2840,2828,-1,2058,2057,2841,-1,2841,2057,2842,-1,2842,2057,2056,-1,2842,2056,2055,-1,2843,2063,2841,-1,2841,2063,2062,-1,2841,2062,2061,-1,2061,2060,2841,-1,2841,2060,2059,-1,2841,2059,2058,-1,2055,2054,2842,-1,2842,2054,2053,-1,2842,2053,2844,-1,2844,2053,2052,-1,2844,2052,2051,-1,2845,2657,2846,-1,2846,2657,2656,-1,2846,2656,2847,-1,2847,2656,2848,-1,2845,2849,2657,-1,2657,2849,2850,-1,2657,2850,2851,-1,2051,2852,2844,-1,2844,2852,2853,-1,2844,2853,2656,-1,2656,2853,2854,-1,2656,2854,2848,-1,2855,2856,2843,-1,2843,2856,2857,-1,2843,2857,2063,-1,2858,2859,2860,-1,2859,2858,2861,-1,2861,2858,2826,-1,2861,2826,2862,-1,2862,2826,2827,-1,2862,2827,2863,-1,2863,2827,2864,-1,2863,2864,2865,-1,2865,2864,2866,-1,2865,2866,2860,-1,2860,2866,2867,-1,2860,2867,2858,-1,2868,2869,2841,-1,2870,2871,2842,-1,2842,2871,2872,-1,2842,2872,2841,-1,2841,2872,2873,-1,2841,2873,2868,-1,2874,2841,2875,-1,2026,2025,2876,-1,2876,2025,2877,-1,2876,2877,2842,-1,2842,2877,2878,-1,2842,2878,2870,-1,2869,2879,2841,-1,2841,2879,2880,-1,2841,2880,2875,-1,2875,2027,2874,-1,2874,2027,2028,-1,2874,2028,2029,-1,2029,2030,2679,-1,2679,2030,2031,-1,2679,2031,2032,-1,2032,2033,2679,-1,2679,2033,2034,-1,2679,2034,2676,-1,2676,2034,2035,-1,2676,2035,2036,-1,2036,2037,2676,-1,2676,2037,2038,-1,2676,2038,2876,-1,2876,2038,2039,-1,2876,2039,2026,-1,2881,2882,2826,-1,2826,2882,2708,-1,2708,2882,2883,-1,2708,2883,2884,-1,1989,1976,2858,-1,2858,1976,1975,-1,2858,1975,2826,-1,2826,1975,2885,-1,2826,2885,2886,-1,2886,2887,2826,-1,2826,2887,2888,-1,2826,2888,2881,-1,2884,2889,2708,-1,2708,2889,2890,-1,2708,2890,2707,-1,2707,2890,2891,-1,2707,2891,1977,-1,1981,1982,2668,-1,2668,1982,1983,-1,2668,1983,2677,-1,2677,1983,1984,-1,2677,1984,1985,-1,1977,1978,2707,-1,2707,1978,1979,-1,2707,1979,2668,-1,2668,1979,1980,-1,2668,1980,1981,-1,1985,1986,2677,-1,2677,1986,1987,-1,2677,1987,1988,-1,2657,2864,2658,-1,2658,2864,2827,-1,2658,2827,2659,-1,2659,2827,2832,-1,2659,2832,2835,-1,2851,2855,2657,-1,2657,2855,2843,-1,2657,2843,2864,-1,2864,2843,2892,-1,2864,2892,2866,-1,2866,2892,2893,-1,2866,2893,2867,-1,2867,2893,2894,-1,2867,2894,2874,-1,2874,2894,2895,-1,2874,2895,2841,-1,2841,2895,2896,-1,2841,2896,2843,-1,2843,2896,2897,-1,2843,2897,2892,-1,2029,2679,2874,-1,2874,2679,2678,-1,2874,2678,2867,-1,2867,2678,2677,-1,2867,2677,2858,-1,2858,2677,1988,-1,2858,1988,1989,-1,2656,2616,2844,-1,2844,2616,2709,-1,2844,2709,2842,-1,2842,2709,2711,-1,2842,2711,2876,-1,2876,2711,2710,-1,2876,2710,2676,-1,2676,2710,2660,-1,1906,1905,2898,-1,1910,1909,2738,-1,2738,1909,1908,-1,2738,1908,2898,-1,2898,1908,1907,-1,2898,1907,1906,-1,2899,2898,1902,-1,2900,1913,2736,-1,2736,1913,1912,-1,2736,1912,2738,-1,2738,1912,1911,-1,2738,1911,1910,-1,1905,1904,2898,-1,2898,1904,1903,-1,2898,1903,1902,-1,2901,2902,2651,-1,1902,1901,2899,-1,2899,1901,2903,-1,2899,2903,2904,-1,2651,2902,2610,-1,2610,2902,2905,-1,2610,2905,2906,-1,2907,2908,2651,-1,2651,2908,2909,-1,2651,2909,2901,-1,2906,2910,2610,-1,2610,2910,2911,-1,2610,2911,2736,-1,2736,2911,2912,-1,2736,2912,2900,-1,1958,1957,2913,-1,2913,1957,2914,-1,2914,1957,1956,-1,2914,1956,1955,-1,2915,1963,2913,-1,2913,1963,1962,-1,2913,1962,1961,-1,1961,1960,2913,-1,2913,1960,1959,-1,2913,1959,1958,-1,1955,1954,2914,-1,2914,1954,1953,-1,2914,1953,2916,-1,2916,1953,1952,-1,2916,1952,1951,-1,2917,2649,2918,-1,2918,2649,2648,-1,2918,2648,2919,-1,2919,2648,2920,-1,2917,2921,2649,-1,2649,2921,2922,-1,2649,2922,2923,-1,1951,2924,2916,-1,2916,2924,2925,-1,2916,2925,2648,-1,2648,2925,2926,-1,2648,2926,2920,-1,2927,2928,2915,-1,2915,2928,2929,-1,2915,2929,1963,-1,2930,2931,2932,-1,2931,2930,2933,-1,2933,2930,2898,-1,2933,2898,2934,-1,2934,2898,2899,-1,2934,2899,2935,-1,2935,2899,2936,-1,2935,2936,2937,-1,2937,2936,2938,-1,2937,2938,2932,-1,2932,2938,2939,-1,2932,2939,2930,-1,2940,2941,2913,-1,2942,2943,2914,-1,2914,2943,2944,-1,2914,2944,2913,-1,2913,2944,2945,-1,2913,2945,2940,-1,2946,2913,2947,-1,1926,1925,2948,-1,2948,1925,2949,-1,2948,2949,2914,-1,2914,2949,2950,-1,2914,2950,2942,-1,2941,2951,2913,-1,2913,2951,2952,-1,2913,2952,2947,-1,2947,1927,2946,-1,2946,1927,1928,-1,2946,1928,1929,-1,1929,1930,2655,-1,2655,1930,1931,-1,2655,1931,1932,-1,1932,1933,2655,-1,2655,1933,1934,-1,2655,1934,2652,-1,2652,1934,1935,-1,2652,1935,1936,-1,1936,1937,2652,-1,2652,1937,1938,-1,2652,1938,2948,-1,2948,1938,1939,-1,2948,1939,1926,-1,2953,2954,2898,-1,2898,2954,2738,-1,2738,2954,2955,-1,2738,2955,2956,-1,1889,1876,2930,-1,2930,1876,1875,-1,2930,1875,2898,-1,2898,1875,2957,-1,2898,2957,2958,-1,2958,2959,2898,-1,2898,2959,2960,-1,2898,2960,2953,-1,2956,2961,2738,-1,2738,2961,2962,-1,2738,2962,2737,-1,2737,2962,2963,-1,2737,2963,1877,-1,1881,1882,2620,-1,2620,1882,1883,-1,2620,1883,2653,-1,2653,1883,1884,-1,2653,1884,1885,-1,1877,1878,2737,-1,2737,1878,1879,-1,2737,1879,2620,-1,2620,1879,1880,-1,2620,1880,1881,-1,1885,1886,2653,-1,2653,1886,1887,-1,2653,1887,1888,-1,2649,2936,2650,-1,2650,2936,2899,-1,2650,2899,2651,-1,2651,2899,2904,-1,2651,2904,2907,-1,2923,2927,2649,-1,2649,2927,2915,-1,2649,2915,2936,-1,2936,2915,2964,-1,2936,2964,2938,-1,2938,2964,2965,-1,2938,2965,2939,-1,2939,2965,2966,-1,2939,2966,2946,-1,2946,2966,2967,-1,2946,2967,2913,-1,2913,2967,2968,-1,2913,2968,2915,-1,2915,2968,2969,-1,2915,2969,2964,-1,1929,2655,2946,-1,2946,2655,2654,-1,2946,2654,2939,-1,2939,2654,2653,-1,2939,2653,2930,-1,2930,2653,1888,-1,2930,1888,1889,-1,2648,2604,2916,-1,2916,2604,2739,-1,2916,2739,2914,-1,2914,2739,2741,-1,2914,2741,2948,-1,2948,2741,2740,-1,2948,2740,2652,-1,2652,2740,2612,-1,1806,1805,2970,-1,1810,1809,2744,-1,2744,1809,1808,-1,2744,1808,2970,-1,2970,1808,1807,-1,2970,1807,1806,-1,2971,2970,1802,-1,2972,1813,2742,-1,2742,1813,1812,-1,2742,1812,2744,-1,2744,1812,1811,-1,2744,1811,1810,-1,1805,1804,2970,-1,2970,1804,1803,-1,2970,1803,1802,-1,2973,2974,2643,-1,1802,1801,2971,-1,2971,1801,2975,-1,2971,2975,2976,-1,2643,2974,2598,-1,2598,2974,2977,-1,2598,2977,2978,-1,2979,2980,2643,-1,2643,2980,2981,-1,2643,2981,2973,-1,2978,2982,2598,-1,2598,2982,2983,-1,2598,2983,2742,-1,2742,2983,2984,-1,2742,2984,2972,-1,1858,1857,2985,-1,2985,1857,2986,-1,2986,1857,1856,-1,2986,1856,1855,-1,2987,1863,2985,-1,2985,1863,1862,-1,2985,1862,1861,-1,1861,1860,2985,-1,2985,1860,1859,-1,2985,1859,1858,-1,1855,1854,2986,-1,2986,1854,1853,-1,2986,1853,2988,-1,2988,1853,1852,-1,2988,1852,1851,-1,2989,2641,2990,-1,2990,2641,2640,-1,2990,2640,2991,-1,2991,2640,2992,-1,2989,2993,2641,-1,2641,2993,2994,-1,2641,2994,2995,-1,1851,2996,2988,-1,2988,2996,2997,-1,2988,2997,2640,-1,2640,2997,2998,-1,2640,2998,2992,-1,2999,3000,2987,-1,2987,3000,3001,-1,2987,3001,1863,-1,3002,3003,3004,-1,3003,3002,3005,-1,3005,3002,2970,-1,3005,2970,3006,-1,3006,2970,2971,-1,3006,2971,3007,-1,3007,2971,3008,-1,3007,3008,3009,-1,3009,3008,3010,-1,3009,3010,3004,-1,3004,3010,3011,-1,3004,3011,3002,-1,3012,3013,2985,-1,3014,3015,2986,-1,2986,3015,3016,-1,2986,3016,2985,-1,2985,3016,3017,-1,2985,3017,3012,-1,3018,2985,3019,-1,1826,1825,3020,-1,3020,1825,3021,-1,3020,3021,2986,-1,2986,3021,3022,-1,2986,3022,3014,-1,3013,3023,2985,-1,2985,3023,3024,-1,2985,3024,3019,-1,3019,1827,3018,-1,3018,1827,1828,-1,3018,1828,1829,-1,1829,1830,2647,-1,2647,1830,1831,-1,2647,1831,1832,-1,1832,1833,2647,-1,2647,1833,1834,-1,2647,1834,2644,-1,2644,1834,1835,-1,2644,1835,1836,-1,1836,1837,2644,-1,2644,1837,1838,-1,2644,1838,3020,-1,3020,1838,1839,-1,3020,1839,1826,-1,3025,3026,2970,-1,2970,3026,2744,-1,2744,3026,3027,-1,2744,3027,3028,-1,1789,1776,3002,-1,3002,1776,1775,-1,3002,1775,2970,-1,2970,1775,3029,-1,2970,3029,3030,-1,3030,3031,2970,-1,2970,3031,3032,-1,2970,3032,3025,-1,3028,3033,2744,-1,2744,3033,3034,-1,2744,3034,2743,-1,2743,3034,3035,-1,2743,3035,1777,-1,1781,1782,2608,-1,2608,1782,1783,-1,2608,1783,2645,-1,2645,1783,1784,-1,2645,1784,1785,-1,1777,1778,2743,-1,2743,1778,1779,-1,2743,1779,2608,-1,2608,1779,1780,-1,2608,1780,1781,-1,1785,1786,2645,-1,2645,1786,1787,-1,2645,1787,1788,-1,2641,3008,2642,-1,2642,3008,2971,-1,2642,2971,2643,-1,2643,2971,2976,-1,2643,2976,2979,-1,2995,2999,2641,-1,2641,2999,2987,-1,2641,2987,3008,-1,3008,2987,3036,-1,3008,3036,3010,-1,3010,3036,3037,-1,3010,3037,3011,-1,3011,3037,3038,-1,3011,3038,3018,-1,3018,3038,3039,-1,3018,3039,2985,-1,2985,3039,3040,-1,2985,3040,2987,-1,2987,3040,3041,-1,2987,3041,3036,-1,1829,2647,3018,-1,3018,2647,2646,-1,3018,2646,3011,-1,3011,2646,2645,-1,3011,2645,3002,-1,3002,2645,1788,-1,3002,1788,1789,-1,2640,2592,2988,-1,2988,2592,2745,-1,2988,2745,2986,-1,2986,2745,2747,-1,2986,2747,3020,-1,3020,2747,2746,-1,3020,2746,2644,-1,2644,2746,2600,-1,1706,1705,3042,-1,1710,1709,2750,-1,2750,1709,1708,-1,2750,1708,3042,-1,3042,1708,1707,-1,3042,1707,1706,-1,3043,3042,1702,-1,3044,1713,2748,-1,2748,1713,1712,-1,2748,1712,2750,-1,2750,1712,1711,-1,2750,1711,1710,-1,1705,1704,3042,-1,3042,1704,1703,-1,3042,1703,1702,-1,3045,3046,2635,-1,1702,1701,3043,-1,3043,1701,3047,-1,3043,3047,3048,-1,2635,3046,2584,-1,2584,3046,3049,-1,2584,3049,3050,-1,3051,3052,2635,-1,2635,3052,3053,-1,2635,3053,3045,-1,3050,3054,2584,-1,2584,3054,3055,-1,2584,3055,2748,-1,2748,3055,3056,-1,2748,3056,3044,-1,1758,1757,3057,-1,3057,1757,3058,-1,3058,1757,1756,-1,3058,1756,1755,-1,3059,1763,3057,-1,3057,1763,1762,-1,3057,1762,1761,-1,1761,1760,3057,-1,3057,1760,1759,-1,3057,1759,1758,-1,1755,1754,3058,-1,3058,1754,1753,-1,3058,1753,3060,-1,3060,1753,1752,-1,3060,1752,1751,-1,3061,2633,3062,-1,3062,2633,2632,-1,3062,2632,3063,-1,3063,2632,3064,-1,3061,3065,2633,-1,2633,3065,3066,-1,2633,3066,3067,-1,1751,3068,3060,-1,3060,3068,3069,-1,3060,3069,2632,-1,2632,3069,3070,-1,2632,3070,3064,-1,3071,3072,3059,-1,3059,3072,3073,-1,3059,3073,1763,-1,3074,3075,3076,-1,3075,3074,3077,-1,3077,3074,3042,-1,3077,3042,3078,-1,3078,3042,3043,-1,3078,3043,3079,-1,3079,3043,3080,-1,3079,3080,3081,-1,3081,3080,3082,-1,3081,3082,3076,-1,3076,3082,3083,-1,3076,3083,3074,-1,3084,3085,3057,-1,3086,3087,3058,-1,3058,3087,3088,-1,3058,3088,3057,-1,3057,3088,3089,-1,3057,3089,3084,-1,3090,3057,3091,-1,1726,1725,3092,-1,3092,1725,3093,-1,3092,3093,3058,-1,3058,3093,3094,-1,3058,3094,3086,-1,3085,3095,3057,-1,3057,3095,3096,-1,3057,3096,3091,-1,3091,1727,3090,-1,3090,1727,1728,-1,3090,1728,1729,-1,1729,1730,2639,-1,2639,1730,1731,-1,2639,1731,1732,-1,1732,1733,2639,-1,2639,1733,1734,-1,2639,1734,2636,-1,2636,1734,1735,-1,2636,1735,1736,-1,1736,1737,2636,-1,2636,1737,1738,-1,2636,1738,3092,-1,3092,1738,1739,-1,3092,1739,1726,-1,3097,3098,3042,-1,3042,3098,2750,-1,2750,3098,3099,-1,2750,3099,3100,-1,1689,1676,3074,-1,3074,1676,1675,-1,3074,1675,3042,-1,3042,1675,3101,-1,3042,3101,3102,-1,3102,3103,3042,-1,3042,3103,3104,-1,3042,3104,3097,-1,3100,3105,2750,-1,2750,3105,3106,-1,2750,3106,2749,-1,2749,3106,3107,-1,2749,3107,1677,-1,1681,1682,2596,-1,2596,1682,1683,-1,2596,1683,2637,-1,2637,1683,1684,-1,2637,1684,1685,-1,1677,1678,2749,-1,2749,1678,1679,-1,2749,1679,2596,-1,2596,1679,1680,-1,2596,1680,1681,-1,1685,1686,2637,-1,2637,1686,1687,-1,2637,1687,1688,-1,2633,3080,2634,-1,2634,3080,3043,-1,2634,3043,2635,-1,2635,3043,3048,-1,2635,3048,3051,-1,3067,3071,2633,-1,2633,3071,3059,-1,2633,3059,3080,-1,3080,3059,3108,-1,3080,3108,3082,-1,3082,3108,3109,-1,3082,3109,3083,-1,3083,3109,3110,-1,3083,3110,3090,-1,3090,3110,3111,-1,3090,3111,3057,-1,3057,3111,3112,-1,3057,3112,3059,-1,3059,3112,3113,-1,3059,3113,3108,-1,1729,2639,3090,-1,3090,2639,2638,-1,3090,2638,3083,-1,3083,2638,2637,-1,3083,2637,3074,-1,3074,2637,1688,-1,3074,1688,1689,-1,2632,2582,3060,-1,3060,2582,2751,-1,3060,2751,3058,-1,3058,2751,2753,-1,3058,2753,3092,-1,3092,2753,2752,-1,3092,2752,2636,-1,2636,2752,2588,-1,2579,2775,2168,-1,2168,2775,3114,-1,2567,2271,2780,-1,2780,2271,3115,-1,2780,3115,2781,-1,2781,3115,3116,-1,2781,3116,2782,-1,2782,3116,3117,-1,2782,3117,2779,-1,2779,3117,3118,-1,2779,3118,2778,-1,2778,3118,3119,-1,2778,3119,2777,-1,2777,3119,3120,-1,2777,3120,2776,-1,2776,3120,3121,-1,2776,3121,2783,-1,2783,3121,3122,-1,2783,3122,2784,-1,2784,3122,3123,-1,2784,3123,2785,-1,2785,3123,3124,-1,2785,3124,2773,-1,2773,3124,3114,-1,2773,3114,2774,-1,2774,3114,2775,-1,2099,2543,2803,-1,2099,2803,3125,-1,3125,2803,2808,-1,3125,2808,3126,-1,3126,2808,2807,-1,3126,2807,3127,-1,3127,2807,2797,-1,3127,2797,3128,-1,3128,2797,2796,-1,3128,2796,3129,-1,3129,2796,2801,-1,3129,2801,3130,-1,3130,2801,2800,-1,3130,2800,3131,-1,3131,2800,2799,-1,3131,2799,3132,-1,3132,2799,2798,-1,3132,2798,3133,-1,3133,2798,2806,-1,3133,2806,3134,-1,3134,2806,2805,-1,3134,2805,3135,-1,3135,2805,2541,-1,3135,2541,2077,-1,2529,2756,2411,-1,2411,2756,3136,-1,2517,2389,2759,-1,2759,2389,3137,-1,2759,3137,2760,-1,2760,3137,3138,-1,2760,3138,2763,-1,2763,3138,3139,-1,2763,3139,2764,-1,2764,3139,3140,-1,2764,3140,2765,-1,2765,3140,3141,-1,2765,3141,2757,-1,2757,3141,3142,-1,2757,3142,2758,-1,2758,3142,3143,-1,2758,3143,2761,-1,2761,3143,3144,-1,2761,3144,2762,-1,2762,3144,3145,-1,2762,3145,2766,-1,2766,3145,3146,-1,2766,3146,2767,-1,2767,3146,3136,-1,2767,3136,2768,-1,2768,3136,2756,-1,2272,2493,2819,-1,2272,2819,3147,-1,3147,2819,2818,-1,3147,2818,3148,-1,3148,2818,2817,-1,3148,2817,3149,-1,3149,2817,2812,-1,3149,2812,3150,-1,3150,2812,2811,-1,3150,2811,3151,-1,3151,2811,2810,-1,3151,2810,3152,-1,3152,2810,2809,-1,3152,2809,3153,-1,3153,2809,2816,-1,3153,2816,3154,-1,3154,2816,2815,-1,3154,2815,3155,-1,3155,2815,2814,-1,3155,2814,3156,-1,3156,2814,2813,-1,3156,2813,3157,-1,3157,2813,2491,-1,3157,2491,2375,-1,2479,2467,3158,-1,2467,2456,3159,-1,2456,2445,3160,-1,2445,2434,3161,-1,2434,2423,3162,-1,2423,2412,3163,-1,2412,2411,3136,-1,2412,3136,3163,-1,3163,3136,3146,-1,3163,3146,3164,-1,3164,3146,3145,-1,3164,3145,3165,-1,3165,3145,3144,-1,3165,3144,3166,-1,3166,3144,3143,-1,3166,3143,3167,-1,3167,3143,3142,-1,3167,3142,3168,-1,3168,3142,3141,-1,3168,3141,3169,-1,3169,3141,3140,-1,3169,3140,3170,-1,3170,3140,3139,-1,3170,3139,3171,-1,3171,3139,3138,-1,3171,3138,3172,-1,3172,3138,3137,-1,3172,3137,3173,-1,3173,3137,2389,-1,3173,2389,2387,-1,2423,3163,3162,-1,3162,3163,3164,-1,3162,3164,3174,-1,3174,3164,3165,-1,3174,3165,3175,-1,3175,3165,3166,-1,3175,3166,3176,-1,3176,3166,3167,-1,3176,3167,3177,-1,3177,3167,3168,-1,3177,3168,3178,-1,3178,3168,3169,-1,3178,3169,3179,-1,3179,3169,3170,-1,3179,3170,3180,-1,3180,3170,3171,-1,3180,3171,3181,-1,3181,3171,3172,-1,3181,3172,3182,-1,3182,3172,3173,-1,3182,3173,3183,-1,3183,3173,2387,-1,3183,2387,2385,-1,2434,3162,3161,-1,3161,3162,3174,-1,3161,3174,3184,-1,3184,3174,3175,-1,3184,3175,3185,-1,3185,3175,3176,-1,3185,3176,3186,-1,3186,3176,3177,-1,3186,3177,3187,-1,3187,3177,3178,-1,3187,3178,3188,-1,3188,3178,3179,-1,3188,3179,3189,-1,3189,3179,3180,-1,3189,3180,3190,-1,3190,3180,3181,-1,3190,3181,3191,-1,3191,3181,3182,-1,3191,3182,3192,-1,3192,3182,3183,-1,3192,3183,3193,-1,3193,3183,2385,-1,3193,2385,2383,-1,2445,3161,3160,-1,3160,3161,3184,-1,3160,3184,3194,-1,3194,3184,3185,-1,3194,3185,3195,-1,3195,3185,3186,-1,3195,3186,3196,-1,3196,3186,3187,-1,3196,3187,3197,-1,3197,3187,3188,-1,3197,3188,3198,-1,3198,3188,3189,-1,3198,3189,3199,-1,3199,3189,3190,-1,3199,3190,3200,-1,3200,3190,3191,-1,3200,3191,3201,-1,3201,3191,3192,-1,3201,3192,3202,-1,3202,3192,3193,-1,3202,3193,3203,-1,3203,3193,2383,-1,3203,2383,2381,-1,2456,3160,3159,-1,3159,3160,3194,-1,3159,3194,3204,-1,3204,3194,3195,-1,3204,3195,3205,-1,3205,3195,3196,-1,3205,3196,3206,-1,3206,3196,3197,-1,3206,3197,3207,-1,3207,3197,3198,-1,3207,3198,3208,-1,3208,3198,3199,-1,3208,3199,3209,-1,3209,3199,3200,-1,3209,3200,3210,-1,3210,3200,3201,-1,3210,3201,3211,-1,3211,3201,3202,-1,3211,3202,3212,-1,3212,3202,3203,-1,3212,3203,3213,-1,3213,3203,2381,-1,3213,2381,2379,-1,2467,3159,3158,-1,3158,3159,3204,-1,3158,3204,3214,-1,3214,3204,3205,-1,3214,3205,3215,-1,3215,3205,3206,-1,3215,3206,3216,-1,3216,3206,3207,-1,3216,3207,3217,-1,3217,3207,3208,-1,3217,3208,3218,-1,3218,3208,3209,-1,3218,3209,3219,-1,3219,3209,3210,-1,3219,3210,3220,-1,3220,3210,3211,-1,3220,3211,3221,-1,3221,3211,3212,-1,3221,3212,3222,-1,3222,3212,3213,-1,3222,3213,3223,-1,3223,3213,2379,-1,3223,2379,2377,-1,2479,3158,2514,-1,2514,3158,3214,-1,2514,3214,2508,-1,2508,3214,3215,-1,2508,3215,2509,-1,2509,3215,3216,-1,2509,3216,2510,-1,2510,3216,3217,-1,2510,3217,2515,-1,2515,3217,3218,-1,2515,3218,2513,-1,2513,3218,3219,-1,2513,3219,2506,-1,2506,3219,3220,-1,2506,3220,2507,-1,2507,3220,3221,-1,2507,3221,2512,-1,2512,3221,3222,-1,2512,3222,2511,-1,2511,3222,3223,-1,2511,3223,2516,-1,2516,3223,2377,-1,2516,2377,2376,-1,2375,2363,3224,-1,2363,2352,3225,-1,2352,2341,3226,-1,2341,2330,3227,-1,2330,2319,3228,-1,2319,2308,3229,-1,2308,2307,2490,-1,2308,2490,3229,-1,3229,2490,2489,-1,3229,2489,3230,-1,3230,2489,2481,-1,3230,2481,3231,-1,3231,2481,2482,-1,3231,2482,3232,-1,3232,2482,2483,-1,3232,2483,3233,-1,3233,2483,2480,-1,3233,2480,3234,-1,3234,2480,2488,-1,3234,2488,3235,-1,3235,2488,2485,-1,3235,2485,3236,-1,3236,2485,2484,-1,3236,2484,3237,-1,3237,2484,2486,-1,3237,2486,3238,-1,3238,2486,2487,-1,3238,2487,3239,-1,3239,2487,2285,-1,3239,2285,2283,-1,2319,3229,3228,-1,3228,3229,3230,-1,3228,3230,3240,-1,3240,3230,3231,-1,3240,3231,3241,-1,3241,3231,3232,-1,3241,3232,3242,-1,3242,3232,3233,-1,3242,3233,3243,-1,3243,3233,3234,-1,3243,3234,3244,-1,3244,3234,3235,-1,3244,3235,3245,-1,3245,3235,3236,-1,3245,3236,3246,-1,3246,3236,3237,-1,3246,3237,3247,-1,3247,3237,3238,-1,3247,3238,3248,-1,3248,3238,3239,-1,3248,3239,3249,-1,3249,3239,2283,-1,3249,2283,2281,-1,2330,3228,3227,-1,3227,3228,3240,-1,3227,3240,3250,-1,3250,3240,3241,-1,3250,3241,3251,-1,3251,3241,3242,-1,3251,3242,3252,-1,3252,3242,3243,-1,3252,3243,3253,-1,3253,3243,3244,-1,3253,3244,3254,-1,3254,3244,3245,-1,3254,3245,3255,-1,3255,3245,3246,-1,3255,3246,3256,-1,3256,3246,3247,-1,3256,3247,3257,-1,3257,3247,3248,-1,3257,3248,3258,-1,3258,3248,3249,-1,3258,3249,3259,-1,3259,3249,2281,-1,3259,2281,2279,-1,2341,3227,3226,-1,3226,3227,3250,-1,3226,3250,3260,-1,3260,3250,3251,-1,3260,3251,3261,-1,3261,3251,3252,-1,3261,3252,3262,-1,3262,3252,3253,-1,3262,3253,3263,-1,3263,3253,3254,-1,3263,3254,3264,-1,3264,3254,3255,-1,3264,3255,3265,-1,3265,3255,3256,-1,3265,3256,3266,-1,3266,3256,3257,-1,3266,3257,3267,-1,3267,3257,3258,-1,3267,3258,3268,-1,3268,3258,3259,-1,3268,3259,3269,-1,3269,3259,2279,-1,3269,2279,2277,-1,2352,3226,3225,-1,3225,3226,3260,-1,3225,3260,3270,-1,3270,3260,3261,-1,3270,3261,3271,-1,3271,3261,3262,-1,3271,3262,3272,-1,3272,3262,3263,-1,3272,3263,3273,-1,3273,3263,3264,-1,3273,3264,3274,-1,3274,3264,3265,-1,3274,3265,3275,-1,3275,3265,3266,-1,3275,3266,3276,-1,3276,3266,3267,-1,3276,3267,3277,-1,3277,3267,3268,-1,3277,3268,3278,-1,3278,3268,3269,-1,3278,3269,3279,-1,3279,3269,2277,-1,3279,2277,2275,-1,2363,3225,3224,-1,3224,3225,3270,-1,3224,3270,3280,-1,3280,3270,3271,-1,3280,3271,3281,-1,3281,3271,3272,-1,3281,3272,3282,-1,3282,3272,3273,-1,3282,3273,3283,-1,3283,3273,3274,-1,3283,3274,3284,-1,3284,3274,3275,-1,3284,3275,3285,-1,3285,3275,3276,-1,3285,3276,3286,-1,3286,3276,3277,-1,3286,3277,3287,-1,3287,3277,3278,-1,3287,3278,3288,-1,3288,3278,3279,-1,3288,3279,3289,-1,3289,3279,2275,-1,3289,2275,2273,-1,2375,3224,3157,-1,3157,3224,3280,-1,3157,3280,3156,-1,3156,3280,3281,-1,3156,3281,3155,-1,3155,3281,3282,-1,3155,3282,3154,-1,3154,3282,3283,-1,3154,3283,3153,-1,3153,3283,3284,-1,3153,3284,3152,-1,3152,3284,3285,-1,3152,3285,3151,-1,3151,3285,3286,-1,3151,3286,3150,-1,3150,3286,3287,-1,3150,3287,3149,-1,3149,3287,3288,-1,3149,3288,3148,-1,3148,3288,3289,-1,3148,3289,3147,-1,3147,3289,2273,-1,3147,2273,2272,-1,2271,2259,3290,-1,2259,2248,3291,-1,2248,2237,3292,-1,2237,2226,3293,-1,2226,2215,3294,-1,2215,2204,3295,-1,2204,2203,2565,-1,2204,2565,3295,-1,3295,2565,2564,-1,3295,2564,3296,-1,3296,2564,2563,-1,3296,2563,3297,-1,3297,2563,2562,-1,3297,2562,3298,-1,3298,2562,2561,-1,3298,2561,3299,-1,3299,2561,2560,-1,3299,2560,3300,-1,3300,2560,2559,-1,3300,2559,3301,-1,3301,2559,2558,-1,3301,2558,3302,-1,3302,2558,2557,-1,3302,2557,3303,-1,3303,2557,2556,-1,3303,2556,3304,-1,3304,2556,2566,-1,3304,2566,3305,-1,3305,2566,2181,-1,3305,2181,2179,-1,2215,3295,3294,-1,3294,3295,3296,-1,3294,3296,3306,-1,3306,3296,3297,-1,3306,3297,3307,-1,3307,3297,3298,-1,3307,3298,3308,-1,3308,3298,3299,-1,3308,3299,3309,-1,3309,3299,3300,-1,3309,3300,3310,-1,3310,3300,3301,-1,3310,3301,3311,-1,3311,3301,3302,-1,3311,3302,3312,-1,3312,3302,3303,-1,3312,3303,3313,-1,3313,3303,3304,-1,3313,3304,3314,-1,3314,3304,3305,-1,3314,3305,3315,-1,3315,3305,2179,-1,3315,2179,2177,-1,2226,3294,3293,-1,3293,3294,3306,-1,3293,3306,3316,-1,3316,3306,3307,-1,3316,3307,3317,-1,3317,3307,3308,-1,3317,3308,3318,-1,3318,3308,3309,-1,3318,3309,3319,-1,3319,3309,3310,-1,3319,3310,3320,-1,3320,3310,3311,-1,3320,3311,3321,-1,3321,3311,3312,-1,3321,3312,3322,-1,3322,3312,3313,-1,3322,3313,3323,-1,3323,3313,3314,-1,3323,3314,3324,-1,3324,3314,3315,-1,3324,3315,3325,-1,3325,3315,2177,-1,3325,2177,2175,-1,2237,3293,3292,-1,3292,3293,3316,-1,3292,3316,3326,-1,3326,3316,3317,-1,3326,3317,3327,-1,3327,3317,3318,-1,3327,3318,3328,-1,3328,3318,3319,-1,3328,3319,3329,-1,3329,3319,3320,-1,3329,3320,3330,-1,3330,3320,3321,-1,3330,3321,3331,-1,3331,3321,3322,-1,3331,3322,3332,-1,3332,3322,3323,-1,3332,3323,3333,-1,3333,3323,3324,-1,3333,3324,3334,-1,3334,3324,3325,-1,3334,3325,3335,-1,3335,3325,2175,-1,3335,2175,2173,-1,2248,3292,3291,-1,3291,3292,3326,-1,3291,3326,3336,-1,3336,3326,3327,-1,3336,3327,3337,-1,3337,3327,3328,-1,3337,3328,3338,-1,3338,3328,3329,-1,3338,3329,3339,-1,3339,3329,3330,-1,3339,3330,3340,-1,3340,3330,3331,-1,3340,3331,3341,-1,3341,3331,3332,-1,3341,3332,3342,-1,3342,3332,3333,-1,3342,3333,3343,-1,3343,3333,3334,-1,3343,3334,3344,-1,3344,3334,3335,-1,3344,3335,3345,-1,3345,3335,2173,-1,3345,2173,2171,-1,2259,3291,3290,-1,3290,3291,3336,-1,3290,3336,3346,-1,3346,3336,3337,-1,3346,3337,3347,-1,3347,3337,3338,-1,3347,3338,3348,-1,3348,3338,3339,-1,3348,3339,3349,-1,3349,3339,3340,-1,3349,3340,3350,-1,3350,3340,3341,-1,3350,3341,3351,-1,3351,3341,3342,-1,3351,3342,3352,-1,3352,3342,3343,-1,3352,3343,3353,-1,3353,3343,3344,-1,3353,3344,3354,-1,3354,3344,3345,-1,3354,3345,3355,-1,3355,3345,2171,-1,3355,2171,2169,-1,2271,3290,3115,-1,3115,3290,3346,-1,3115,3346,3116,-1,3116,3346,3347,-1,3116,3347,3117,-1,3117,3347,3348,-1,3117,3348,3118,-1,3118,3348,3349,-1,3118,3349,3119,-1,3119,3349,3350,-1,3119,3350,3120,-1,3120,3350,3351,-1,3120,3351,3121,-1,3121,3351,3352,-1,3121,3352,3122,-1,3122,3352,3353,-1,3122,3353,3123,-1,3123,3353,3354,-1,3123,3354,3124,-1,3124,3354,3355,-1,3124,3355,3114,-1,3114,3355,2169,-1,3114,2169,2168,-1,2167,2155,3356,-1,2155,2144,3357,-1,2144,2133,3358,-1,2133,2122,3359,-1,2122,2111,3360,-1,2111,2100,3361,-1,2100,2099,3125,-1,2100,3125,3361,-1,3361,3125,3126,-1,3361,3126,3362,-1,3362,3126,3127,-1,3362,3127,3363,-1,3363,3127,3128,-1,3363,3128,3364,-1,3364,3128,3129,-1,3364,3129,3365,-1,3365,3129,3130,-1,3365,3130,3366,-1,3366,3130,3131,-1,3366,3131,3367,-1,3367,3131,3132,-1,3367,3132,3368,-1,3368,3132,3133,-1,3368,3133,3369,-1,3369,3133,3134,-1,3369,3134,3370,-1,3370,3134,3135,-1,3370,3135,3371,-1,3371,3135,2077,-1,3371,2077,2075,-1,2111,3361,3360,-1,3360,3361,3362,-1,3360,3362,3372,-1,3372,3362,3363,-1,3372,3363,3373,-1,3373,3363,3364,-1,3373,3364,3374,-1,3374,3364,3365,-1,3374,3365,3375,-1,3375,3365,3366,-1,3375,3366,3376,-1,3376,3366,3367,-1,3376,3367,3377,-1,3377,3367,3368,-1,3377,3368,3378,-1,3378,3368,3369,-1,3378,3369,3379,-1,3379,3369,3370,-1,3379,3370,3380,-1,3380,3370,3371,-1,3380,3371,3381,-1,3381,3371,2075,-1,3381,2075,2073,-1,2122,3360,3359,-1,3359,3360,3372,-1,3359,3372,3382,-1,3382,3372,3373,-1,3382,3373,3383,-1,3383,3373,3374,-1,3383,3374,3384,-1,3384,3374,3375,-1,3384,3375,3385,-1,3385,3375,3376,-1,3385,3376,3386,-1,3386,3376,3377,-1,3386,3377,3387,-1,3387,3377,3378,-1,3387,3378,3388,-1,3388,3378,3379,-1,3388,3379,3389,-1,3389,3379,3380,-1,3389,3380,3390,-1,3390,3380,3381,-1,3390,3381,3391,-1,3391,3381,2073,-1,3391,2073,2071,-1,2133,3359,3358,-1,3358,3359,3382,-1,3358,3382,3392,-1,3392,3382,3383,-1,3392,3383,3393,-1,3393,3383,3384,-1,3393,3384,3394,-1,3394,3384,3385,-1,3394,3385,3395,-1,3395,3385,3386,-1,3395,3386,3396,-1,3396,3386,3387,-1,3396,3387,3397,-1,3397,3387,3388,-1,3397,3388,3398,-1,3398,3388,3389,-1,3398,3389,3399,-1,3399,3389,3390,-1,3399,3390,3400,-1,3400,3390,3391,-1,3400,3391,3401,-1,3401,3391,2071,-1,3401,2071,2069,-1,2144,3358,3357,-1,3357,3358,3392,-1,3357,3392,3402,-1,3402,3392,3393,-1,3402,3393,3403,-1,3403,3393,3394,-1,3403,3394,3404,-1,3404,3394,3395,-1,3404,3395,3405,-1,3405,3395,3396,-1,3405,3396,3406,-1,3406,3396,3397,-1,3406,3397,3407,-1,3407,3397,3398,-1,3407,3398,3408,-1,3408,3398,3399,-1,3408,3399,3409,-1,3409,3399,3400,-1,3409,3400,3410,-1,3410,3400,3401,-1,3410,3401,3411,-1,3411,3401,2069,-1,3411,2069,2067,-1,2155,3357,3356,-1,3356,3357,3402,-1,3356,3402,3412,-1,3412,3402,3403,-1,3412,3403,3413,-1,3413,3403,3404,-1,3413,3404,3414,-1,3414,3404,3405,-1,3414,3405,3415,-1,3415,3405,3406,-1,3415,3406,3416,-1,3416,3406,3407,-1,3416,3407,3417,-1,3417,3407,3408,-1,3417,3408,3418,-1,3418,3408,3409,-1,3418,3409,3419,-1,3419,3409,3410,-1,3419,3410,3420,-1,3420,3410,3411,-1,3420,3411,3421,-1,3421,3411,2067,-1,3421,2067,2065,-1,2167,3356,2536,-1,2536,3356,3412,-1,2536,3412,2537,-1,2537,3412,3413,-1,2537,3413,2538,-1,2538,3413,3414,-1,2538,3414,2539,-1,2539,3414,3415,-1,2539,3415,2540,-1,2540,3415,3416,-1,2540,3416,2535,-1,2535,3416,3417,-1,2535,3417,2530,-1,2530,3417,3418,-1,2530,3418,2531,-1,2531,3418,3419,-1,2531,3419,2532,-1,2532,3419,3420,-1,2532,3420,2533,-1,2533,3420,3421,-1,2533,3421,2534,-1,2534,3421,2065,-1,2534,2065,2064,-1,2063,2857,1352,-1,1352,2857,3422,-1,2051,1455,2852,-1,2852,1455,3423,-1,2852,3423,2853,-1,2853,3423,3424,-1,2853,3424,2854,-1,2854,3424,3425,-1,2854,3425,2848,-1,2848,3425,3426,-1,2848,3426,2847,-1,2847,3426,3427,-1,2847,3427,2846,-1,2846,3427,3428,-1,2846,3428,2845,-1,2845,3428,3429,-1,2845,3429,2849,-1,2849,3429,3430,-1,2849,3430,2850,-1,2850,3430,3431,-1,2850,3431,2851,-1,2851,3431,3432,-1,2851,3432,2855,-1,2855,3432,3422,-1,2855,3422,2856,-1,2856,3422,2857,-1,1283,2027,2875,-1,1283,2875,3433,-1,3433,2875,2880,-1,3433,2880,3434,-1,3434,2880,2879,-1,3434,2879,3435,-1,3435,2879,2869,-1,3435,2869,3436,-1,3436,2869,2868,-1,3436,2868,3437,-1,3437,2868,2873,-1,3437,2873,3438,-1,3438,2873,2872,-1,3438,2872,3439,-1,3439,2872,2871,-1,3439,2871,3440,-1,3440,2871,2870,-1,3440,2870,3441,-1,3441,2870,2878,-1,3441,2878,3442,-1,3442,2878,2877,-1,3442,2877,3443,-1,3443,2877,2025,-1,3443,2025,1261,-1,2013,2828,1595,-1,1595,2828,3444,-1,2001,1573,2831,-1,2831,1573,3445,-1,2831,3445,2832,-1,2832,3445,3446,-1,2832,3446,2835,-1,2835,3446,3447,-1,2835,3447,2836,-1,2836,3447,3448,-1,2836,3448,2837,-1,2837,3448,3449,-1,2837,3449,2829,-1,2829,3449,3450,-1,2829,3450,2830,-1,2830,3450,3451,-1,2830,3451,2833,-1,2833,3451,3452,-1,2833,3452,2834,-1,2834,3452,3453,-1,2834,3453,2838,-1,2838,3453,3454,-1,2838,3454,2839,-1,2839,3454,3444,-1,2839,3444,2840,-1,2840,3444,2828,-1,1456,1977,2891,-1,1456,2891,3455,-1,3455,2891,2890,-1,3455,2890,3456,-1,3456,2890,2889,-1,3456,2889,3457,-1,3457,2889,2884,-1,3457,2884,3458,-1,3458,2884,2883,-1,3458,2883,3459,-1,3459,2883,2882,-1,3459,2882,3460,-1,3460,2882,2881,-1,3460,2881,3461,-1,3461,2881,2888,-1,3461,2888,3462,-1,3462,2888,2887,-1,3462,2887,3463,-1,3463,2887,2886,-1,3463,2886,3464,-1,3464,2886,2885,-1,3464,2885,3465,-1,3465,2885,1975,-1,3465,1975,1559,-1,1963,2929,936,-1,936,2929,3466,-1,1951,1039,2924,-1,2924,1039,3467,-1,2924,3467,2925,-1,2925,3467,3468,-1,2925,3468,2926,-1,2926,3468,3469,-1,2926,3469,2920,-1,2920,3469,3470,-1,2920,3470,2919,-1,2919,3470,3471,-1,2919,3471,2918,-1,2918,3471,3472,-1,2918,3472,2917,-1,2917,3472,3473,-1,2917,3473,2921,-1,2921,3473,3474,-1,2921,3474,2922,-1,2922,3474,3475,-1,2922,3475,2923,-1,2923,3475,3476,-1,2923,3476,2927,-1,2927,3476,3466,-1,2927,3466,2928,-1,2928,3466,2929,-1,867,1927,2947,-1,867,2947,3477,-1,3477,2947,2952,-1,3477,2952,3478,-1,3478,2952,2951,-1,3478,2951,3479,-1,3479,2951,2941,-1,3479,2941,3480,-1,3480,2941,2940,-1,3480,2940,3481,-1,3481,2940,2945,-1,3481,2945,3482,-1,3482,2945,2944,-1,3482,2944,3483,-1,3483,2944,2943,-1,3483,2943,3484,-1,3484,2943,2942,-1,3484,2942,3485,-1,3485,2942,2950,-1,3485,2950,3486,-1,3486,2950,2949,-1,3486,2949,3487,-1,3487,2949,1925,-1,3487,1925,845,-1,1913,2900,1179,-1,1179,2900,3488,-1,1901,1157,2903,-1,2903,1157,3489,-1,2903,3489,2904,-1,2904,3489,3490,-1,2904,3490,2907,-1,2907,3490,3491,-1,2907,3491,2908,-1,2908,3491,3492,-1,2908,3492,2909,-1,2909,3492,3493,-1,2909,3493,2901,-1,2901,3493,3494,-1,2901,3494,2902,-1,2902,3494,3495,-1,2902,3495,2905,-1,2905,3495,3496,-1,2905,3496,2906,-1,2906,3496,3497,-1,2906,3497,2910,-1,2910,3497,3498,-1,2910,3498,2911,-1,2911,3498,3488,-1,2911,3488,2912,-1,2912,3488,2900,-1,1040,1877,2963,-1,1040,2963,3499,-1,3499,2963,2962,-1,3499,2962,3500,-1,3500,2962,2961,-1,3500,2961,3501,-1,3501,2961,2956,-1,3501,2956,3502,-1,3502,2956,2955,-1,3502,2955,3503,-1,3503,2955,2954,-1,3503,2954,3504,-1,3504,2954,2953,-1,3504,2953,3505,-1,3505,2953,2960,-1,3505,2960,3506,-1,3506,2960,2959,-1,3506,2959,3507,-1,3507,2959,2958,-1,3507,2958,3508,-1,3508,2958,2957,-1,3508,2957,3509,-1,3509,2957,1875,-1,3509,1875,1143,-1,1863,3001,520,-1,520,3001,3510,-1,1851,623,2996,-1,2996,623,3511,-1,2996,3511,2997,-1,2997,3511,3512,-1,2997,3512,2998,-1,2998,3512,3513,-1,2998,3513,2992,-1,2992,3513,3514,-1,2992,3514,2991,-1,2991,3514,3515,-1,2991,3515,2990,-1,2990,3515,3516,-1,2990,3516,2989,-1,2989,3516,3517,-1,2989,3517,2993,-1,2993,3517,3518,-1,2993,3518,2994,-1,2994,3518,3519,-1,2994,3519,2995,-1,2995,3519,3520,-1,2995,3520,2999,-1,2999,3520,3510,-1,2999,3510,3000,-1,3000,3510,3001,-1,451,1827,3019,-1,451,3019,3521,-1,3521,3019,3024,-1,3521,3024,3522,-1,3522,3024,3023,-1,3522,3023,3523,-1,3523,3023,3013,-1,3523,3013,3524,-1,3524,3013,3012,-1,3524,3012,3525,-1,3525,3012,3017,-1,3525,3017,3526,-1,3526,3017,3016,-1,3526,3016,3527,-1,3527,3016,3015,-1,3527,3015,3528,-1,3528,3015,3014,-1,3528,3014,3529,-1,3529,3014,3022,-1,3529,3022,3530,-1,3530,3022,3021,-1,3530,3021,3531,-1,3531,3021,1825,-1,3531,1825,429,-1,1813,2972,763,-1,763,2972,3532,-1,1801,741,2975,-1,2975,741,3533,-1,2975,3533,2976,-1,2976,3533,3534,-1,2976,3534,2979,-1,2979,3534,3535,-1,2979,3535,2980,-1,2980,3535,3536,-1,2980,3536,2981,-1,2981,3536,3537,-1,2981,3537,2973,-1,2973,3537,3538,-1,2973,3538,2974,-1,2974,3538,3539,-1,2974,3539,2977,-1,2977,3539,3540,-1,2977,3540,2978,-1,2978,3540,3541,-1,2978,3541,2982,-1,2982,3541,3542,-1,2982,3542,2983,-1,2983,3542,3532,-1,2983,3532,2984,-1,2984,3532,2972,-1,624,1777,3035,-1,624,3035,3543,-1,3543,3035,3034,-1,3543,3034,3544,-1,3544,3034,3033,-1,3544,3033,3545,-1,3545,3033,3028,-1,3545,3028,3546,-1,3546,3028,3027,-1,3546,3027,3547,-1,3547,3027,3026,-1,3547,3026,3548,-1,3548,3026,3025,-1,3548,3025,3549,-1,3549,3025,3032,-1,3549,3032,3550,-1,3550,3032,3031,-1,3550,3031,3551,-1,3551,3031,3030,-1,3551,3030,3552,-1,3552,3030,3029,-1,3552,3029,3553,-1,3553,3029,1775,-1,3553,1775,727,-1,1763,3073,104,-1,104,3073,3554,-1,1751,207,3068,-1,3068,207,3555,-1,3068,3555,3069,-1,3069,3555,3556,-1,3069,3556,3070,-1,3070,3556,3557,-1,3070,3557,3064,-1,3064,3557,3558,-1,3064,3558,3063,-1,3063,3558,3559,-1,3063,3559,3062,-1,3062,3559,3560,-1,3062,3560,3061,-1,3061,3560,3561,-1,3061,3561,3065,-1,3065,3561,3562,-1,3065,3562,3066,-1,3066,3562,3563,-1,3066,3563,3067,-1,3067,3563,3564,-1,3067,3564,3071,-1,3071,3564,3554,-1,3071,3554,3072,-1,3072,3554,3073,-1,35,1727,3091,-1,35,3091,3565,-1,3565,3091,3096,-1,3565,3096,3566,-1,3566,3096,3095,-1,3566,3095,3567,-1,3567,3095,3085,-1,3567,3085,3568,-1,3568,3085,3084,-1,3568,3084,3569,-1,3569,3084,3089,-1,3569,3089,3570,-1,3570,3089,3088,-1,3570,3088,3571,-1,3571,3088,3087,-1,3571,3087,3572,-1,3572,3087,3086,-1,3572,3086,3573,-1,3573,3086,3094,-1,3573,3094,3574,-1,3574,3094,3093,-1,3574,3093,3575,-1,3575,3093,1725,-1,3575,1725,13,-1,1713,3044,347,-1,347,3044,3576,-1,1701,325,3047,-1,3047,325,3577,-1,3047,3577,3048,-1,3048,3577,3578,-1,3048,3578,3051,-1,3051,3578,3579,-1,3051,3579,3052,-1,3052,3579,3580,-1,3052,3580,3053,-1,3053,3580,3581,-1,3053,3581,3045,-1,3045,3581,3582,-1,3045,3582,3046,-1,3046,3582,3583,-1,3046,3583,3049,-1,3049,3583,3584,-1,3049,3584,3050,-1,3050,3584,3585,-1,3050,3585,3054,-1,3054,3585,3586,-1,3054,3586,3055,-1,3055,3586,3576,-1,3055,3576,3056,-1,3056,3576,3044,-1,208,1677,3107,-1,208,3107,3587,-1,3587,3107,3106,-1,3587,3106,3588,-1,3588,3106,3105,-1,3588,3105,3589,-1,3589,3105,3100,-1,3589,3100,3590,-1,3590,3100,3099,-1,3590,3099,3591,-1,3591,3099,3098,-1,3591,3098,3592,-1,3592,3098,3097,-1,3592,3097,3593,-1,3593,3097,3104,-1,3593,3104,3594,-1,3594,3104,3103,-1,3594,3103,3595,-1,3595,3103,3102,-1,3595,3102,3596,-1,3596,3102,3101,-1,3596,3101,3597,-1,3597,3101,1675,-1,3597,1675,311,-1,1663,1651,3598,-1,1651,1640,3599,-1,1640,1629,3600,-1,1629,1618,3601,-1,1618,1607,3602,-1,1607,1596,3603,-1,1596,1595,3444,-1,1596,3444,3603,-1,3603,3444,3454,-1,3603,3454,3604,-1,3604,3454,3453,-1,3604,3453,3605,-1,3605,3453,3452,-1,3605,3452,3606,-1,3606,3452,3451,-1,3606,3451,3607,-1,3607,3451,3450,-1,3607,3450,3608,-1,3608,3450,3449,-1,3608,3449,3609,-1,3609,3449,3448,-1,3609,3448,3610,-1,3610,3448,3447,-1,3610,3447,3611,-1,3611,3447,3446,-1,3611,3446,3612,-1,3612,3446,3445,-1,3612,3445,3613,-1,3613,3445,1573,-1,3613,1573,1571,-1,1607,3603,3602,-1,3602,3603,3604,-1,3602,3604,3614,-1,3614,3604,3605,-1,3614,3605,3615,-1,3615,3605,3606,-1,3615,3606,3616,-1,3616,3606,3607,-1,3616,3607,3617,-1,3617,3607,3608,-1,3617,3608,3618,-1,3618,3608,3609,-1,3618,3609,3619,-1,3619,3609,3610,-1,3619,3610,3620,-1,3620,3610,3611,-1,3620,3611,3621,-1,3621,3611,3612,-1,3621,3612,3622,-1,3622,3612,3613,-1,3622,3613,3623,-1,3623,3613,1571,-1,3623,1571,1569,-1,1618,3602,3601,-1,3601,3602,3614,-1,3601,3614,3624,-1,3624,3614,3615,-1,3624,3615,3625,-1,3625,3615,3616,-1,3625,3616,3626,-1,3626,3616,3617,-1,3626,3617,3627,-1,3627,3617,3618,-1,3627,3618,3628,-1,3628,3618,3619,-1,3628,3619,3629,-1,3629,3619,3620,-1,3629,3620,3630,-1,3630,3620,3621,-1,3630,3621,3631,-1,3631,3621,3622,-1,3631,3622,3632,-1,3632,3622,3623,-1,3632,3623,3633,-1,3633,3623,1569,-1,3633,1569,1567,-1,1629,3601,3600,-1,3600,3601,3624,-1,3600,3624,3634,-1,3634,3624,3625,-1,3634,3625,3635,-1,3635,3625,3626,-1,3635,3626,3636,-1,3636,3626,3627,-1,3636,3627,3637,-1,3637,3627,3628,-1,3637,3628,3638,-1,3638,3628,3629,-1,3638,3629,3639,-1,3639,3629,3630,-1,3639,3630,3640,-1,3640,3630,3631,-1,3640,3631,3641,-1,3641,3631,3632,-1,3641,3632,3642,-1,3642,3632,3633,-1,3642,3633,3643,-1,3643,3633,1567,-1,3643,1567,1565,-1,1640,3600,3599,-1,3599,3600,3634,-1,3599,3634,3644,-1,3644,3634,3635,-1,3644,3635,3645,-1,3645,3635,3636,-1,3645,3636,3646,-1,3646,3636,3637,-1,3646,3637,3647,-1,3647,3637,3638,-1,3647,3638,3648,-1,3648,3638,3639,-1,3648,3639,3649,-1,3649,3639,3640,-1,3649,3640,3650,-1,3650,3640,3641,-1,3650,3641,3651,-1,3651,3641,3642,-1,3651,3642,3652,-1,3652,3642,3643,-1,3652,3643,3653,-1,3653,3643,1565,-1,3653,1565,1563,-1,1651,3599,3598,-1,3598,3599,3644,-1,3598,3644,3654,-1,3654,3644,3645,-1,3654,3645,3655,-1,3655,3645,3646,-1,3655,3646,3656,-1,3656,3646,3647,-1,3656,3647,3657,-1,3657,3647,3648,-1,3657,3648,3658,-1,3658,3648,3649,-1,3658,3649,3659,-1,3659,3649,3650,-1,3659,3650,3660,-1,3660,3650,3651,-1,3660,3651,3661,-1,3661,3651,3652,-1,3661,3652,3662,-1,3662,3652,3653,-1,3662,3653,3663,-1,3663,3653,1563,-1,3663,1563,1561,-1,1663,3598,1992,-1,1992,3598,3654,-1,1992,3654,1997,-1,1997,3654,3655,-1,1997,3655,1998,-1,1998,3655,3656,-1,1998,3656,1999,-1,1999,3656,3657,-1,1999,3657,2000,-1,2000,3657,3658,-1,2000,3658,1990,-1,1990,3658,3659,-1,1990,3659,1993,-1,1993,3659,3660,-1,1993,3660,1994,-1,1994,3660,3661,-1,1994,3661,1996,-1,1996,3661,3662,-1,1996,3662,1995,-1,1995,3662,3663,-1,1995,3663,1991,-1,1991,3663,1561,-1,1991,1561,1560,-1,1559,1547,3664,-1,1547,1536,3665,-1,1536,1525,3666,-1,1525,1514,3667,-1,1514,1503,3668,-1,1503,1492,3669,-1,1492,1491,1974,-1,1492,1974,3669,-1,3669,1974,1973,-1,3669,1973,3670,-1,3670,1973,1965,-1,3670,1965,3671,-1,3671,1965,1966,-1,3671,1966,3672,-1,3672,1966,1967,-1,3672,1967,3673,-1,3673,1967,1964,-1,3673,1964,3674,-1,3674,1964,1972,-1,3674,1972,3675,-1,3675,1972,1969,-1,3675,1969,3676,-1,3676,1969,1968,-1,3676,1968,3677,-1,3677,1968,1970,-1,3677,1970,3678,-1,3678,1970,1971,-1,3678,1971,3679,-1,3679,1971,1469,-1,3679,1469,1467,-1,1503,3669,3668,-1,3668,3669,3670,-1,3668,3670,3680,-1,3680,3670,3671,-1,3680,3671,3681,-1,3681,3671,3672,-1,3681,3672,3682,-1,3682,3672,3673,-1,3682,3673,3683,-1,3683,3673,3674,-1,3683,3674,3684,-1,3684,3674,3675,-1,3684,3675,3685,-1,3685,3675,3676,-1,3685,3676,3686,-1,3686,3676,3677,-1,3686,3677,3687,-1,3687,3677,3678,-1,3687,3678,3688,-1,3688,3678,3679,-1,3688,3679,3689,-1,3689,3679,1467,-1,3689,1467,1465,-1,1514,3668,3667,-1,3667,3668,3680,-1,3667,3680,3690,-1,3690,3680,3681,-1,3690,3681,3691,-1,3691,3681,3682,-1,3691,3682,3692,-1,3692,3682,3683,-1,3692,3683,3693,-1,3693,3683,3684,-1,3693,3684,3694,-1,3694,3684,3685,-1,3694,3685,3695,-1,3695,3685,3686,-1,3695,3686,3696,-1,3696,3686,3687,-1,3696,3687,3697,-1,3697,3687,3688,-1,3697,3688,3698,-1,3698,3688,3689,-1,3698,3689,3699,-1,3699,3689,1465,-1,3699,1465,1463,-1,1525,3667,3666,-1,3666,3667,3690,-1,3666,3690,3700,-1,3700,3690,3691,-1,3700,3691,3701,-1,3701,3691,3692,-1,3701,3692,3702,-1,3702,3692,3693,-1,3702,3693,3703,-1,3703,3693,3694,-1,3703,3694,3704,-1,3704,3694,3695,-1,3704,3695,3705,-1,3705,3695,3696,-1,3705,3696,3706,-1,3706,3696,3697,-1,3706,3697,3707,-1,3707,3697,3698,-1,3707,3698,3708,-1,3708,3698,3699,-1,3708,3699,3709,-1,3709,3699,1463,-1,3709,1463,1461,-1,1536,3666,3665,-1,3665,3666,3700,-1,3665,3700,3710,-1,3710,3700,3701,-1,3710,3701,3711,-1,3711,3701,3702,-1,3711,3702,3712,-1,3712,3702,3703,-1,3712,3703,3713,-1,3713,3703,3704,-1,3713,3704,3714,-1,3714,3704,3705,-1,3714,3705,3715,-1,3715,3705,3706,-1,3715,3706,3716,-1,3716,3706,3707,-1,3716,3707,3717,-1,3717,3707,3708,-1,3717,3708,3718,-1,3718,3708,3709,-1,3718,3709,3719,-1,3719,3709,1461,-1,3719,1461,1459,-1,1547,3665,3664,-1,3664,3665,3710,-1,3664,3710,3720,-1,3720,3710,3711,-1,3720,3711,3721,-1,3721,3711,3712,-1,3721,3712,3722,-1,3722,3712,3713,-1,3722,3713,3723,-1,3723,3713,3714,-1,3723,3714,3724,-1,3724,3714,3715,-1,3724,3715,3725,-1,3725,3715,3716,-1,3725,3716,3726,-1,3726,3716,3717,-1,3726,3717,3727,-1,3727,3717,3718,-1,3727,3718,3728,-1,3728,3718,3719,-1,3728,3719,3729,-1,3729,3719,1459,-1,3729,1459,1457,-1,1559,3664,3465,-1,3465,3664,3720,-1,3465,3720,3464,-1,3464,3720,3721,-1,3464,3721,3463,-1,3463,3721,3722,-1,3463,3722,3462,-1,3462,3722,3723,-1,3462,3723,3461,-1,3461,3723,3724,-1,3461,3724,3460,-1,3460,3724,3725,-1,3460,3725,3459,-1,3459,3725,3726,-1,3459,3726,3458,-1,3458,3726,3727,-1,3458,3727,3457,-1,3457,3727,3728,-1,3457,3728,3456,-1,3456,3728,3729,-1,3456,3729,3455,-1,3455,3729,1457,-1,3455,1457,1456,-1,1455,1443,3730,-1,1443,1432,3731,-1,1432,1421,3732,-1,1421,1410,3733,-1,1410,1399,3734,-1,1399,1388,3735,-1,1388,1387,2044,-1,1388,2044,3735,-1,3735,2044,2043,-1,3735,2043,3736,-1,3736,2043,2042,-1,3736,2042,3737,-1,3737,2042,2041,-1,3737,2041,3738,-1,3738,2041,2050,-1,3738,2050,3739,-1,3739,2050,2040,-1,3739,2040,3740,-1,3740,2040,2049,-1,3740,2049,3741,-1,3741,2049,2048,-1,3741,2048,3742,-1,3742,2048,2047,-1,3742,2047,3743,-1,3743,2047,2046,-1,3743,2046,3744,-1,3744,2046,2045,-1,3744,2045,3745,-1,3745,2045,1365,-1,3745,1365,1363,-1,1399,3735,3734,-1,3734,3735,3736,-1,3734,3736,3746,-1,3746,3736,3737,-1,3746,3737,3747,-1,3747,3737,3738,-1,3747,3738,3748,-1,3748,3738,3739,-1,3748,3739,3749,-1,3749,3739,3740,-1,3749,3740,3750,-1,3750,3740,3741,-1,3750,3741,3751,-1,3751,3741,3742,-1,3751,3742,3752,-1,3752,3742,3743,-1,3752,3743,3753,-1,3753,3743,3744,-1,3753,3744,3754,-1,3754,3744,3745,-1,3754,3745,3755,-1,3755,3745,1363,-1,3755,1363,1361,-1,1410,3734,3733,-1,3733,3734,3746,-1,3733,3746,3756,-1,3756,3746,3747,-1,3756,3747,3757,-1,3757,3747,3748,-1,3757,3748,3758,-1,3758,3748,3749,-1,3758,3749,3759,-1,3759,3749,3750,-1,3759,3750,3760,-1,3760,3750,3751,-1,3760,3751,3761,-1,3761,3751,3752,-1,3761,3752,3762,-1,3762,3752,3753,-1,3762,3753,3763,-1,3763,3753,3754,-1,3763,3754,3764,-1,3764,3754,3755,-1,3764,3755,3765,-1,3765,3755,1361,-1,3765,1361,1359,-1,1421,3733,3732,-1,3732,3733,3756,-1,3732,3756,3766,-1,3766,3756,3757,-1,3766,3757,3767,-1,3767,3757,3758,-1,3767,3758,3768,-1,3768,3758,3759,-1,3768,3759,3769,-1,3769,3759,3760,-1,3769,3760,3770,-1,3770,3760,3761,-1,3770,3761,3771,-1,3771,3761,3762,-1,3771,3762,3772,-1,3772,3762,3763,-1,3772,3763,3773,-1,3773,3763,3764,-1,3773,3764,3774,-1,3774,3764,3765,-1,3774,3765,3775,-1,3775,3765,1359,-1,3775,1359,1357,-1,1432,3732,3731,-1,3731,3732,3766,-1,3731,3766,3776,-1,3776,3766,3767,-1,3776,3767,3777,-1,3777,3767,3768,-1,3777,3768,3778,-1,3778,3768,3769,-1,3778,3769,3779,-1,3779,3769,3770,-1,3779,3770,3780,-1,3780,3770,3771,-1,3780,3771,3781,-1,3781,3771,3772,-1,3781,3772,3782,-1,3782,3772,3773,-1,3782,3773,3783,-1,3783,3773,3774,-1,3783,3774,3784,-1,3784,3774,3775,-1,3784,3775,3785,-1,3785,3775,1357,-1,3785,1357,1355,-1,1443,3731,3730,-1,3730,3731,3776,-1,3730,3776,3786,-1,3786,3776,3777,-1,3786,3777,3787,-1,3787,3777,3778,-1,3787,3778,3788,-1,3788,3778,3779,-1,3788,3779,3789,-1,3789,3779,3780,-1,3789,3780,3790,-1,3790,3780,3781,-1,3790,3781,3791,-1,3791,3781,3782,-1,3791,3782,3792,-1,3792,3782,3783,-1,3792,3783,3793,-1,3793,3783,3784,-1,3793,3784,3794,-1,3794,3784,3785,-1,3794,3785,3795,-1,3795,3785,1355,-1,3795,1355,1353,-1,1455,3730,3423,-1,3423,3730,3786,-1,3423,3786,3424,-1,3424,3786,3787,-1,3424,3787,3425,-1,3425,3787,3788,-1,3425,3788,3426,-1,3426,3788,3789,-1,3426,3789,3427,-1,3427,3789,3790,-1,3427,3790,3428,-1,3428,3790,3791,-1,3428,3791,3429,-1,3429,3791,3792,-1,3429,3792,3430,-1,3430,3792,3793,-1,3430,3793,3431,-1,3431,3793,3794,-1,3431,3794,3432,-1,3432,3794,3795,-1,3432,3795,3422,-1,3422,3795,1353,-1,3422,1353,1352,-1,1351,1339,3796,-1,1339,1328,3797,-1,1328,1317,3798,-1,1317,1306,3799,-1,1306,1295,3800,-1,1295,1284,3801,-1,1284,1283,3433,-1,1284,3433,3801,-1,3801,3433,3434,-1,3801,3434,3802,-1,3802,3434,3435,-1,3802,3435,3803,-1,3803,3435,3436,-1,3803,3436,3804,-1,3804,3436,3437,-1,3804,3437,3805,-1,3805,3437,3438,-1,3805,3438,3806,-1,3806,3438,3439,-1,3806,3439,3807,-1,3807,3439,3440,-1,3807,3440,3808,-1,3808,3440,3441,-1,3808,3441,3809,-1,3809,3441,3442,-1,3809,3442,3810,-1,3810,3442,3443,-1,3810,3443,3811,-1,3811,3443,1261,-1,3811,1261,1259,-1,1295,3801,3800,-1,3800,3801,3802,-1,3800,3802,3812,-1,3812,3802,3803,-1,3812,3803,3813,-1,3813,3803,3804,-1,3813,3804,3814,-1,3814,3804,3805,-1,3814,3805,3815,-1,3815,3805,3806,-1,3815,3806,3816,-1,3816,3806,3807,-1,3816,3807,3817,-1,3817,3807,3808,-1,3817,3808,3818,-1,3818,3808,3809,-1,3818,3809,3819,-1,3819,3809,3810,-1,3819,3810,3820,-1,3820,3810,3811,-1,3820,3811,3821,-1,3821,3811,1259,-1,3821,1259,1257,-1,1306,3800,3799,-1,3799,3800,3812,-1,3799,3812,3822,-1,3822,3812,3813,-1,3822,3813,3823,-1,3823,3813,3814,-1,3823,3814,3824,-1,3824,3814,3815,-1,3824,3815,3825,-1,3825,3815,3816,-1,3825,3816,3826,-1,3826,3816,3817,-1,3826,3817,3827,-1,3827,3817,3818,-1,3827,3818,3828,-1,3828,3818,3819,-1,3828,3819,3829,-1,3829,3819,3820,-1,3829,3820,3830,-1,3830,3820,3821,-1,3830,3821,3831,-1,3831,3821,1257,-1,3831,1257,1255,-1,1317,3799,3798,-1,3798,3799,3822,-1,3798,3822,3832,-1,3832,3822,3823,-1,3832,3823,3833,-1,3833,3823,3824,-1,3833,3824,3834,-1,3834,3824,3825,-1,3834,3825,3835,-1,3835,3825,3826,-1,3835,3826,3836,-1,3836,3826,3827,-1,3836,3827,3837,-1,3837,3827,3828,-1,3837,3828,3838,-1,3838,3828,3829,-1,3838,3829,3839,-1,3839,3829,3830,-1,3839,3830,3840,-1,3840,3830,3831,-1,3840,3831,3841,-1,3841,3831,1255,-1,3841,1255,1253,-1,1328,3798,3797,-1,3797,3798,3832,-1,3797,3832,3842,-1,3842,3832,3833,-1,3842,3833,3843,-1,3843,3833,3834,-1,3843,3834,3844,-1,3844,3834,3835,-1,3844,3835,3845,-1,3845,3835,3836,-1,3845,3836,3846,-1,3846,3836,3837,-1,3846,3837,3847,-1,3847,3837,3838,-1,3847,3838,3848,-1,3848,3838,3839,-1,3848,3839,3849,-1,3849,3839,3840,-1,3849,3840,3850,-1,3850,3840,3841,-1,3850,3841,3851,-1,3851,3841,1253,-1,3851,1253,1251,-1,1339,3797,3796,-1,3796,3797,3842,-1,3796,3842,3852,-1,3852,3842,3843,-1,3852,3843,3853,-1,3853,3843,3844,-1,3853,3844,3854,-1,3854,3844,3845,-1,3854,3845,3855,-1,3855,3845,3846,-1,3855,3846,3856,-1,3856,3846,3847,-1,3856,3847,3857,-1,3857,3847,3848,-1,3857,3848,3858,-1,3858,3848,3849,-1,3858,3849,3859,-1,3859,3849,3850,-1,3859,3850,3860,-1,3860,3850,3851,-1,3860,3851,3861,-1,3861,3851,1251,-1,3861,1251,1249,-1,1351,3796,2020,-1,2020,3796,3852,-1,2020,3852,2021,-1,2021,3852,3853,-1,2021,3853,2022,-1,2022,3853,3854,-1,2022,3854,2023,-1,2023,3854,3855,-1,2023,3855,2024,-1,2024,3855,3856,-1,2024,3856,2019,-1,2019,3856,3857,-1,2019,3857,2014,-1,2014,3857,3858,-1,2014,3858,2015,-1,2015,3858,3859,-1,2015,3859,2016,-1,2016,3859,3860,-1,2016,3860,2017,-1,2017,3860,3861,-1,2017,3861,2018,-1,2018,3861,1249,-1,2018,1249,1248,-1,1247,1235,3862,-1,1235,1224,3863,-1,1224,1213,3864,-1,1213,1202,3865,-1,1202,1191,3866,-1,1191,1180,3867,-1,1180,1179,3488,-1,1180,3488,3867,-1,3867,3488,3498,-1,3867,3498,3868,-1,3868,3498,3497,-1,3868,3497,3869,-1,3869,3497,3496,-1,3869,3496,3870,-1,3870,3496,3495,-1,3870,3495,3871,-1,3871,3495,3494,-1,3871,3494,3872,-1,3872,3494,3493,-1,3872,3493,3873,-1,3873,3493,3492,-1,3873,3492,3874,-1,3874,3492,3491,-1,3874,3491,3875,-1,3875,3491,3490,-1,3875,3490,3876,-1,3876,3490,3489,-1,3876,3489,3877,-1,3877,3489,1157,-1,3877,1157,1155,-1,1191,3867,3866,-1,3866,3867,3868,-1,3866,3868,3878,-1,3878,3868,3869,-1,3878,3869,3879,-1,3879,3869,3870,-1,3879,3870,3880,-1,3880,3870,3871,-1,3880,3871,3881,-1,3881,3871,3872,-1,3881,3872,3882,-1,3882,3872,3873,-1,3882,3873,3883,-1,3883,3873,3874,-1,3883,3874,3884,-1,3884,3874,3875,-1,3884,3875,3885,-1,3885,3875,3876,-1,3885,3876,3886,-1,3886,3876,3877,-1,3886,3877,3887,-1,3887,3877,1155,-1,3887,1155,1153,-1,1202,3866,3865,-1,3865,3866,3878,-1,3865,3878,3888,-1,3888,3878,3879,-1,3888,3879,3889,-1,3889,3879,3880,-1,3889,3880,3890,-1,3890,3880,3881,-1,3890,3881,3891,-1,3891,3881,3882,-1,3891,3882,3892,-1,3892,3882,3883,-1,3892,3883,3893,-1,3893,3883,3884,-1,3893,3884,3894,-1,3894,3884,3885,-1,3894,3885,3895,-1,3895,3885,3886,-1,3895,3886,3896,-1,3896,3886,3887,-1,3896,3887,3897,-1,3897,3887,1153,-1,3897,1153,1151,-1,1213,3865,3864,-1,3864,3865,3888,-1,3864,3888,3898,-1,3898,3888,3889,-1,3898,3889,3899,-1,3899,3889,3890,-1,3899,3890,3900,-1,3900,3890,3891,-1,3900,3891,3901,-1,3901,3891,3892,-1,3901,3892,3902,-1,3902,3892,3893,-1,3902,3893,3903,-1,3903,3893,3894,-1,3903,3894,3904,-1,3904,3894,3895,-1,3904,3895,3905,-1,3905,3895,3896,-1,3905,3896,3906,-1,3906,3896,3897,-1,3906,3897,3907,-1,3907,3897,1151,-1,3907,1151,1149,-1,1224,3864,3863,-1,3863,3864,3898,-1,3863,3898,3908,-1,3908,3898,3899,-1,3908,3899,3909,-1,3909,3899,3900,-1,3909,3900,3910,-1,3910,3900,3901,-1,3910,3901,3911,-1,3911,3901,3902,-1,3911,3902,3912,-1,3912,3902,3903,-1,3912,3903,3913,-1,3913,3903,3904,-1,3913,3904,3914,-1,3914,3904,3905,-1,3914,3905,3915,-1,3915,3905,3906,-1,3915,3906,3916,-1,3916,3906,3907,-1,3916,3907,3917,-1,3917,3907,1149,-1,3917,1149,1147,-1,1235,3863,3862,-1,3862,3863,3908,-1,3862,3908,3918,-1,3918,3908,3909,-1,3918,3909,3919,-1,3919,3909,3910,-1,3919,3910,3920,-1,3920,3910,3911,-1,3920,3911,3921,-1,3921,3911,3912,-1,3921,3912,3922,-1,3922,3912,3913,-1,3922,3913,3923,-1,3923,3913,3914,-1,3923,3914,3924,-1,3924,3914,3915,-1,3924,3915,3925,-1,3925,3915,3916,-1,3925,3916,3926,-1,3926,3916,3917,-1,3926,3917,3927,-1,3927,3917,1147,-1,3927,1147,1145,-1,1247,3862,1892,-1,1892,3862,3918,-1,1892,3918,1897,-1,1897,3918,3919,-1,1897,3919,1898,-1,1898,3919,3920,-1,1898,3920,1899,-1,1899,3920,3921,-1,1899,3921,1900,-1,1900,3921,3922,-1,1900,3922,1890,-1,1890,3922,3923,-1,1890,3923,1893,-1,1893,3923,3924,-1,1893,3924,1894,-1,1894,3924,3925,-1,1894,3925,1896,-1,1896,3925,3926,-1,1896,3926,1895,-1,1895,3926,3927,-1,1895,3927,1891,-1,1891,3927,1145,-1,1891,1145,1144,-1,1143,1131,3928,-1,1131,1120,3929,-1,1120,1109,3930,-1,1109,1098,3931,-1,1098,1087,3932,-1,1087,1076,3933,-1,1076,1075,1874,-1,1076,1874,3933,-1,3933,1874,1873,-1,3933,1873,3934,-1,3934,1873,1865,-1,3934,1865,3935,-1,3935,1865,1866,-1,3935,1866,3936,-1,3936,1866,1867,-1,3936,1867,3937,-1,3937,1867,1864,-1,3937,1864,3938,-1,3938,1864,1872,-1,3938,1872,3939,-1,3939,1872,1869,-1,3939,1869,3940,-1,3940,1869,1868,-1,3940,1868,3941,-1,3941,1868,1870,-1,3941,1870,3942,-1,3942,1870,1871,-1,3942,1871,3943,-1,3943,1871,1053,-1,3943,1053,1051,-1,1087,3933,3932,-1,3932,3933,3934,-1,3932,3934,3944,-1,3944,3934,3935,-1,3944,3935,3945,-1,3945,3935,3936,-1,3945,3936,3946,-1,3946,3936,3937,-1,3946,3937,3947,-1,3947,3937,3938,-1,3947,3938,3948,-1,3948,3938,3939,-1,3948,3939,3949,-1,3949,3939,3940,-1,3949,3940,3950,-1,3950,3940,3941,-1,3950,3941,3951,-1,3951,3941,3942,-1,3951,3942,3952,-1,3952,3942,3943,-1,3952,3943,3953,-1,3953,3943,1051,-1,3953,1051,1049,-1,1098,3932,3931,-1,3931,3932,3944,-1,3931,3944,3954,-1,3954,3944,3945,-1,3954,3945,3955,-1,3955,3945,3946,-1,3955,3946,3956,-1,3956,3946,3947,-1,3956,3947,3957,-1,3957,3947,3948,-1,3957,3948,3958,-1,3958,3948,3949,-1,3958,3949,3959,-1,3959,3949,3950,-1,3959,3950,3960,-1,3960,3950,3951,-1,3960,3951,3961,-1,3961,3951,3952,-1,3961,3952,3962,-1,3962,3952,3953,-1,3962,3953,3963,-1,3963,3953,1049,-1,3963,1049,1047,-1,1109,3931,3930,-1,3930,3931,3954,-1,3930,3954,3964,-1,3964,3954,3955,-1,3964,3955,3965,-1,3965,3955,3956,-1,3965,3956,3966,-1,3966,3956,3957,-1,3966,3957,3967,-1,3967,3957,3958,-1,3967,3958,3968,-1,3968,3958,3959,-1,3968,3959,3969,-1,3969,3959,3960,-1,3969,3960,3970,-1,3970,3960,3961,-1,3970,3961,3971,-1,3971,3961,3962,-1,3971,3962,3972,-1,3972,3962,3963,-1,3972,3963,3973,-1,3973,3963,1047,-1,3973,1047,1045,-1,1120,3930,3929,-1,3929,3930,3964,-1,3929,3964,3974,-1,3974,3964,3965,-1,3974,3965,3975,-1,3975,3965,3966,-1,3975,3966,3976,-1,3976,3966,3967,-1,3976,3967,3977,-1,3977,3967,3968,-1,3977,3968,3978,-1,3978,3968,3969,-1,3978,3969,3979,-1,3979,3969,3970,-1,3979,3970,3980,-1,3980,3970,3971,-1,3980,3971,3981,-1,3981,3971,3972,-1,3981,3972,3982,-1,3982,3972,3973,-1,3982,3973,3983,-1,3983,3973,1045,-1,3983,1045,1043,-1,1131,3929,3928,-1,3928,3929,3974,-1,3928,3974,3984,-1,3984,3974,3975,-1,3984,3975,3985,-1,3985,3975,3976,-1,3985,3976,3986,-1,3986,3976,3977,-1,3986,3977,3987,-1,3987,3977,3978,-1,3987,3978,3988,-1,3988,3978,3979,-1,3988,3979,3989,-1,3989,3979,3980,-1,3989,3980,3990,-1,3990,3980,3981,-1,3990,3981,3991,-1,3991,3981,3982,-1,3991,3982,3992,-1,3992,3982,3983,-1,3992,3983,3993,-1,3993,3983,1043,-1,3993,1043,1041,-1,1143,3928,3509,-1,3509,3928,3984,-1,3509,3984,3508,-1,3508,3984,3985,-1,3508,3985,3507,-1,3507,3985,3986,-1,3507,3986,3506,-1,3506,3986,3987,-1,3506,3987,3505,-1,3505,3987,3988,-1,3505,3988,3504,-1,3504,3988,3989,-1,3504,3989,3503,-1,3503,3989,3990,-1,3503,3990,3502,-1,3502,3990,3991,-1,3502,3991,3501,-1,3501,3991,3992,-1,3501,3992,3500,-1,3500,3992,3993,-1,3500,3993,3499,-1,3499,3993,1041,-1,3499,1041,1040,-1,1039,1027,3994,-1,1027,1016,3995,-1,1016,1005,3996,-1,1005,994,3997,-1,994,983,3998,-1,983,972,3999,-1,972,971,1944,-1,972,1944,3999,-1,3999,1944,1943,-1,3999,1943,4000,-1,4000,1943,1942,-1,4000,1942,4001,-1,4001,1942,1941,-1,4001,1941,4002,-1,4002,1941,1950,-1,4002,1950,4003,-1,4003,1950,1940,-1,4003,1940,4004,-1,4004,1940,1949,-1,4004,1949,4005,-1,4005,1949,1948,-1,4005,1948,4006,-1,4006,1948,1947,-1,4006,1947,4007,-1,4007,1947,1946,-1,4007,1946,4008,-1,4008,1946,1945,-1,4008,1945,4009,-1,4009,1945,949,-1,4009,949,947,-1,983,3999,3998,-1,3998,3999,4000,-1,3998,4000,4010,-1,4010,4000,4001,-1,4010,4001,4011,-1,4011,4001,4002,-1,4011,4002,4012,-1,4012,4002,4003,-1,4012,4003,4013,-1,4013,4003,4004,-1,4013,4004,4014,-1,4014,4004,4005,-1,4014,4005,4015,-1,4015,4005,4006,-1,4015,4006,4016,-1,4016,4006,4007,-1,4016,4007,4017,-1,4017,4007,4008,-1,4017,4008,4018,-1,4018,4008,4009,-1,4018,4009,4019,-1,4019,4009,947,-1,4019,947,945,-1,994,3998,3997,-1,3997,3998,4010,-1,3997,4010,4020,-1,4020,4010,4011,-1,4020,4011,4021,-1,4021,4011,4012,-1,4021,4012,4022,-1,4022,4012,4013,-1,4022,4013,4023,-1,4023,4013,4014,-1,4023,4014,4024,-1,4024,4014,4015,-1,4024,4015,4025,-1,4025,4015,4016,-1,4025,4016,4026,-1,4026,4016,4017,-1,4026,4017,4027,-1,4027,4017,4018,-1,4027,4018,4028,-1,4028,4018,4019,-1,4028,4019,4029,-1,4029,4019,945,-1,4029,945,943,-1,1005,3997,3996,-1,3996,3997,4020,-1,3996,4020,4030,-1,4030,4020,4021,-1,4030,4021,4031,-1,4031,4021,4022,-1,4031,4022,4032,-1,4032,4022,4023,-1,4032,4023,4033,-1,4033,4023,4024,-1,4033,4024,4034,-1,4034,4024,4025,-1,4034,4025,4035,-1,4035,4025,4026,-1,4035,4026,4036,-1,4036,4026,4027,-1,4036,4027,4037,-1,4037,4027,4028,-1,4037,4028,4038,-1,4038,4028,4029,-1,4038,4029,4039,-1,4039,4029,943,-1,4039,943,941,-1,1016,3996,3995,-1,3995,3996,4030,-1,3995,4030,4040,-1,4040,4030,4031,-1,4040,4031,4041,-1,4041,4031,4032,-1,4041,4032,4042,-1,4042,4032,4033,-1,4042,4033,4043,-1,4043,4033,4034,-1,4043,4034,4044,-1,4044,4034,4035,-1,4044,4035,4045,-1,4045,4035,4036,-1,4045,4036,4046,-1,4046,4036,4037,-1,4046,4037,4047,-1,4047,4037,4038,-1,4047,4038,4048,-1,4048,4038,4039,-1,4048,4039,4049,-1,4049,4039,941,-1,4049,941,939,-1,1027,3995,3994,-1,3994,3995,4040,-1,3994,4040,4050,-1,4050,4040,4041,-1,4050,4041,4051,-1,4051,4041,4042,-1,4051,4042,4052,-1,4052,4042,4043,-1,4052,4043,4053,-1,4053,4043,4044,-1,4053,4044,4054,-1,4054,4044,4045,-1,4054,4045,4055,-1,4055,4045,4046,-1,4055,4046,4056,-1,4056,4046,4047,-1,4056,4047,4057,-1,4057,4047,4048,-1,4057,4048,4058,-1,4058,4048,4049,-1,4058,4049,4059,-1,4059,4049,939,-1,4059,939,937,-1,1039,3994,3467,-1,3467,3994,4050,-1,3467,4050,3468,-1,3468,4050,4051,-1,3468,4051,3469,-1,3469,4051,4052,-1,3469,4052,3470,-1,3470,4052,4053,-1,3470,4053,3471,-1,3471,4053,4054,-1,3471,4054,3472,-1,3472,4054,4055,-1,3472,4055,3473,-1,3473,4055,4056,-1,3473,4056,3474,-1,3474,4056,4057,-1,3474,4057,3475,-1,3475,4057,4058,-1,3475,4058,3476,-1,3476,4058,4059,-1,3476,4059,3466,-1,3466,4059,937,-1,3466,937,936,-1,935,923,4060,-1,923,912,4061,-1,912,901,4062,-1,901,890,4063,-1,890,879,4064,-1,879,868,4065,-1,868,867,3477,-1,868,3477,4065,-1,4065,3477,3478,-1,4065,3478,4066,-1,4066,3478,3479,-1,4066,3479,4067,-1,4067,3479,3480,-1,4067,3480,4068,-1,4068,3480,3481,-1,4068,3481,4069,-1,4069,3481,3482,-1,4069,3482,4070,-1,4070,3482,3483,-1,4070,3483,4071,-1,4071,3483,3484,-1,4071,3484,4072,-1,4072,3484,3485,-1,4072,3485,4073,-1,4073,3485,3486,-1,4073,3486,4074,-1,4074,3486,3487,-1,4074,3487,4075,-1,4075,3487,845,-1,4075,845,843,-1,879,4065,4064,-1,4064,4065,4066,-1,4064,4066,4076,-1,4076,4066,4067,-1,4076,4067,4077,-1,4077,4067,4068,-1,4077,4068,4078,-1,4078,4068,4069,-1,4078,4069,4079,-1,4079,4069,4070,-1,4079,4070,4080,-1,4080,4070,4071,-1,4080,4071,4081,-1,4081,4071,4072,-1,4081,4072,4082,-1,4082,4072,4073,-1,4082,4073,4083,-1,4083,4073,4074,-1,4083,4074,4084,-1,4084,4074,4075,-1,4084,4075,4085,-1,4085,4075,843,-1,4085,843,841,-1,890,4064,4063,-1,4063,4064,4076,-1,4063,4076,4086,-1,4086,4076,4077,-1,4086,4077,4087,-1,4087,4077,4078,-1,4087,4078,4088,-1,4088,4078,4079,-1,4088,4079,4089,-1,4089,4079,4080,-1,4089,4080,4090,-1,4090,4080,4081,-1,4090,4081,4091,-1,4091,4081,4082,-1,4091,4082,4092,-1,4092,4082,4083,-1,4092,4083,4093,-1,4093,4083,4084,-1,4093,4084,4094,-1,4094,4084,4085,-1,4094,4085,4095,-1,4095,4085,841,-1,4095,841,839,-1,901,4063,4062,-1,4062,4063,4086,-1,4062,4086,4096,-1,4096,4086,4087,-1,4096,4087,4097,-1,4097,4087,4088,-1,4097,4088,4098,-1,4098,4088,4089,-1,4098,4089,4099,-1,4099,4089,4090,-1,4099,4090,4100,-1,4100,4090,4091,-1,4100,4091,4101,-1,4101,4091,4092,-1,4101,4092,4102,-1,4102,4092,4093,-1,4102,4093,4103,-1,4103,4093,4094,-1,4103,4094,4104,-1,4104,4094,4095,-1,4104,4095,4105,-1,4105,4095,839,-1,4105,839,837,-1,912,4062,4061,-1,4061,4062,4096,-1,4061,4096,4106,-1,4106,4096,4097,-1,4106,4097,4107,-1,4107,4097,4098,-1,4107,4098,4108,-1,4108,4098,4099,-1,4108,4099,4109,-1,4109,4099,4100,-1,4109,4100,4110,-1,4110,4100,4101,-1,4110,4101,4111,-1,4111,4101,4102,-1,4111,4102,4112,-1,4112,4102,4103,-1,4112,4103,4113,-1,4113,4103,4104,-1,4113,4104,4114,-1,4114,4104,4105,-1,4114,4105,4115,-1,4115,4105,837,-1,4115,837,835,-1,923,4061,4060,-1,4060,4061,4106,-1,4060,4106,4116,-1,4116,4106,4107,-1,4116,4107,4117,-1,4117,4107,4108,-1,4117,4108,4118,-1,4118,4108,4109,-1,4118,4109,4119,-1,4119,4109,4110,-1,4119,4110,4120,-1,4120,4110,4111,-1,4120,4111,4121,-1,4121,4111,4112,-1,4121,4112,4122,-1,4122,4112,4113,-1,4122,4113,4123,-1,4123,4113,4114,-1,4123,4114,4124,-1,4124,4114,4115,-1,4124,4115,4125,-1,4125,4115,835,-1,4125,835,833,-1,935,4060,1920,-1,1920,4060,4116,-1,1920,4116,1921,-1,1921,4116,4117,-1,1921,4117,1922,-1,1922,4117,4118,-1,1922,4118,1923,-1,1923,4118,4119,-1,1923,4119,1924,-1,1924,4119,4120,-1,1924,4120,1919,-1,1919,4120,4121,-1,1919,4121,1914,-1,1914,4121,4122,-1,1914,4122,1915,-1,1915,4122,4123,-1,1915,4123,1916,-1,1916,4123,4124,-1,1916,4124,1917,-1,1917,4124,4125,-1,1917,4125,1918,-1,1918,4125,833,-1,1918,833,832,-1,831,819,4126,-1,819,808,4127,-1,808,797,4128,-1,797,786,4129,-1,786,775,4130,-1,775,764,4131,-1,764,763,3532,-1,764,3532,4131,-1,4131,3532,3542,-1,4131,3542,4132,-1,4132,3542,3541,-1,4132,3541,4133,-1,4133,3541,3540,-1,4133,3540,4134,-1,4134,3540,3539,-1,4134,3539,4135,-1,4135,3539,3538,-1,4135,3538,4136,-1,4136,3538,3537,-1,4136,3537,4137,-1,4137,3537,3536,-1,4137,3536,4138,-1,4138,3536,3535,-1,4138,3535,4139,-1,4139,3535,3534,-1,4139,3534,4140,-1,4140,3534,3533,-1,4140,3533,4141,-1,4141,3533,741,-1,4141,741,739,-1,775,4131,4130,-1,4130,4131,4132,-1,4130,4132,4142,-1,4142,4132,4133,-1,4142,4133,4143,-1,4143,4133,4134,-1,4143,4134,4144,-1,4144,4134,4135,-1,4144,4135,4145,-1,4145,4135,4136,-1,4145,4136,4146,-1,4146,4136,4137,-1,4146,4137,4147,-1,4147,4137,4138,-1,4147,4138,4148,-1,4148,4138,4139,-1,4148,4139,4149,-1,4149,4139,4140,-1,4149,4140,4150,-1,4150,4140,4141,-1,4150,4141,4151,-1,4151,4141,739,-1,4151,739,737,-1,786,4130,4129,-1,4129,4130,4142,-1,4129,4142,4152,-1,4152,4142,4143,-1,4152,4143,4153,-1,4153,4143,4144,-1,4153,4144,4154,-1,4154,4144,4145,-1,4154,4145,4155,-1,4155,4145,4146,-1,4155,4146,4156,-1,4156,4146,4147,-1,4156,4147,4157,-1,4157,4147,4148,-1,4157,4148,4158,-1,4158,4148,4149,-1,4158,4149,4159,-1,4159,4149,4150,-1,4159,4150,4160,-1,4160,4150,4151,-1,4160,4151,4161,-1,4161,4151,737,-1,4161,737,735,-1,797,4129,4128,-1,4128,4129,4152,-1,4128,4152,4162,-1,4162,4152,4153,-1,4162,4153,4163,-1,4163,4153,4154,-1,4163,4154,4164,-1,4164,4154,4155,-1,4164,4155,4165,-1,4165,4155,4156,-1,4165,4156,4166,-1,4166,4156,4157,-1,4166,4157,4167,-1,4167,4157,4158,-1,4167,4158,4168,-1,4168,4158,4159,-1,4168,4159,4169,-1,4169,4159,4160,-1,4169,4160,4170,-1,4170,4160,4161,-1,4170,4161,4171,-1,4171,4161,735,-1,4171,735,733,-1,808,4128,4127,-1,4127,4128,4162,-1,4127,4162,4172,-1,4172,4162,4163,-1,4172,4163,4173,-1,4173,4163,4164,-1,4173,4164,4174,-1,4174,4164,4165,-1,4174,4165,4175,-1,4175,4165,4166,-1,4175,4166,4176,-1,4176,4166,4167,-1,4176,4167,4177,-1,4177,4167,4168,-1,4177,4168,4178,-1,4178,4168,4169,-1,4178,4169,4179,-1,4179,4169,4170,-1,4179,4170,4180,-1,4180,4170,4171,-1,4180,4171,4181,-1,4181,4171,733,-1,4181,733,731,-1,819,4127,4126,-1,4126,4127,4172,-1,4126,4172,4182,-1,4182,4172,4173,-1,4182,4173,4183,-1,4183,4173,4174,-1,4183,4174,4184,-1,4184,4174,4175,-1,4184,4175,4185,-1,4185,4175,4176,-1,4185,4176,4186,-1,4186,4176,4177,-1,4186,4177,4187,-1,4187,4177,4178,-1,4187,4178,4188,-1,4188,4178,4179,-1,4188,4179,4189,-1,4189,4179,4180,-1,4189,4180,4190,-1,4190,4180,4181,-1,4190,4181,4191,-1,4191,4181,731,-1,4191,731,729,-1,831,4126,1792,-1,1792,4126,4182,-1,1792,4182,1797,-1,1797,4182,4183,-1,1797,4183,1798,-1,1798,4183,4184,-1,1798,4184,1799,-1,1799,4184,4185,-1,1799,4185,1800,-1,1800,4185,4186,-1,1800,4186,1790,-1,1790,4186,4187,-1,1790,4187,1793,-1,1793,4187,4188,-1,1793,4188,1794,-1,1794,4188,4189,-1,1794,4189,1796,-1,1796,4189,4190,-1,1796,4190,1795,-1,1795,4190,4191,-1,1795,4191,1791,-1,1791,4191,729,-1,1791,729,728,-1,727,715,4192,-1,715,704,4193,-1,704,693,4194,-1,693,682,4195,-1,682,671,4196,-1,671,660,4197,-1,660,659,1774,-1,660,1774,4197,-1,4197,1774,1773,-1,4197,1773,4198,-1,4198,1773,1765,-1,4198,1765,4199,-1,4199,1765,1766,-1,4199,1766,4200,-1,4200,1766,1767,-1,4200,1767,4201,-1,4201,1767,1764,-1,4201,1764,4202,-1,4202,1764,1772,-1,4202,1772,4203,-1,4203,1772,1769,-1,4203,1769,4204,-1,4204,1769,1768,-1,4204,1768,4205,-1,4205,1768,1770,-1,4205,1770,4206,-1,4206,1770,1771,-1,4206,1771,4207,-1,4207,1771,637,-1,4207,637,635,-1,671,4197,4196,-1,4196,4197,4198,-1,4196,4198,4208,-1,4208,4198,4199,-1,4208,4199,4209,-1,4209,4199,4200,-1,4209,4200,4210,-1,4210,4200,4201,-1,4210,4201,4211,-1,4211,4201,4202,-1,4211,4202,4212,-1,4212,4202,4203,-1,4212,4203,4213,-1,4213,4203,4204,-1,4213,4204,4214,-1,4214,4204,4205,-1,4214,4205,4215,-1,4215,4205,4206,-1,4215,4206,4216,-1,4216,4206,4207,-1,4216,4207,4217,-1,4217,4207,635,-1,4217,635,633,-1,682,4196,4195,-1,4195,4196,4208,-1,4195,4208,4218,-1,4218,4208,4209,-1,4218,4209,4219,-1,4219,4209,4210,-1,4219,4210,4220,-1,4220,4210,4211,-1,4220,4211,4221,-1,4221,4211,4212,-1,4221,4212,4222,-1,4222,4212,4213,-1,4222,4213,4223,-1,4223,4213,4214,-1,4223,4214,4224,-1,4224,4214,4215,-1,4224,4215,4225,-1,4225,4215,4216,-1,4225,4216,4226,-1,4226,4216,4217,-1,4226,4217,4227,-1,4227,4217,633,-1,4227,633,631,-1,693,4195,4194,-1,4194,4195,4218,-1,4194,4218,4228,-1,4228,4218,4219,-1,4228,4219,4229,-1,4229,4219,4220,-1,4229,4220,4230,-1,4230,4220,4221,-1,4230,4221,4231,-1,4231,4221,4222,-1,4231,4222,4232,-1,4232,4222,4223,-1,4232,4223,4233,-1,4233,4223,4224,-1,4233,4224,4234,-1,4234,4224,4225,-1,4234,4225,4235,-1,4235,4225,4226,-1,4235,4226,4236,-1,4236,4226,4227,-1,4236,4227,4237,-1,4237,4227,631,-1,4237,631,629,-1,704,4194,4193,-1,4193,4194,4228,-1,4193,4228,4238,-1,4238,4228,4229,-1,4238,4229,4239,-1,4239,4229,4230,-1,4239,4230,4240,-1,4240,4230,4231,-1,4240,4231,4241,-1,4241,4231,4232,-1,4241,4232,4242,-1,4242,4232,4233,-1,4242,4233,4243,-1,4243,4233,4234,-1,4243,4234,4244,-1,4244,4234,4235,-1,4244,4235,4245,-1,4245,4235,4236,-1,4245,4236,4246,-1,4246,4236,4237,-1,4246,4237,4247,-1,4247,4237,629,-1,4247,629,627,-1,715,4193,4192,-1,4192,4193,4238,-1,4192,4238,4248,-1,4248,4238,4239,-1,4248,4239,4249,-1,4249,4239,4240,-1,4249,4240,4250,-1,4250,4240,4241,-1,4250,4241,4251,-1,4251,4241,4242,-1,4251,4242,4252,-1,4252,4242,4243,-1,4252,4243,4253,-1,4253,4243,4244,-1,4253,4244,4254,-1,4254,4244,4245,-1,4254,4245,4255,-1,4255,4245,4246,-1,4255,4246,4256,-1,4256,4246,4247,-1,4256,4247,4257,-1,4257,4247,627,-1,4257,627,625,-1,727,4192,3553,-1,3553,4192,4248,-1,3553,4248,3552,-1,3552,4248,4249,-1,3552,4249,3551,-1,3551,4249,4250,-1,3551,4250,3550,-1,3550,4250,4251,-1,3550,4251,3549,-1,3549,4251,4252,-1,3549,4252,3548,-1,3548,4252,4253,-1,3548,4253,3547,-1,3547,4253,4254,-1,3547,4254,3546,-1,3546,4254,4255,-1,3546,4255,3545,-1,3545,4255,4256,-1,3545,4256,3544,-1,3544,4256,4257,-1,3544,4257,3543,-1,3543,4257,625,-1,3543,625,624,-1,623,611,4258,-1,611,600,4259,-1,600,589,4260,-1,589,578,4261,-1,578,567,4262,-1,567,556,4263,-1,556,555,1844,-1,556,1844,4263,-1,4263,1844,1843,-1,4263,1843,4264,-1,4264,1843,1842,-1,4264,1842,4265,-1,4265,1842,1841,-1,4265,1841,4266,-1,4266,1841,1850,-1,4266,1850,4267,-1,4267,1850,1840,-1,4267,1840,4268,-1,4268,1840,1849,-1,4268,1849,4269,-1,4269,1849,1848,-1,4269,1848,4270,-1,4270,1848,1847,-1,4270,1847,4271,-1,4271,1847,1846,-1,4271,1846,4272,-1,4272,1846,1845,-1,4272,1845,4273,-1,4273,1845,533,-1,4273,533,531,-1,567,4263,4262,-1,4262,4263,4264,-1,4262,4264,4274,-1,4274,4264,4265,-1,4274,4265,4275,-1,4275,4265,4266,-1,4275,4266,4276,-1,4276,4266,4267,-1,4276,4267,4277,-1,4277,4267,4268,-1,4277,4268,4278,-1,4278,4268,4269,-1,4278,4269,4279,-1,4279,4269,4270,-1,4279,4270,4280,-1,4280,4270,4271,-1,4280,4271,4281,-1,4281,4271,4272,-1,4281,4272,4282,-1,4282,4272,4273,-1,4282,4273,4283,-1,4283,4273,531,-1,4283,531,529,-1,578,4262,4261,-1,4261,4262,4274,-1,4261,4274,4284,-1,4284,4274,4275,-1,4284,4275,4285,-1,4285,4275,4276,-1,4285,4276,4286,-1,4286,4276,4277,-1,4286,4277,4287,-1,4287,4277,4278,-1,4287,4278,4288,-1,4288,4278,4279,-1,4288,4279,4289,-1,4289,4279,4280,-1,4289,4280,4290,-1,4290,4280,4281,-1,4290,4281,4291,-1,4291,4281,4282,-1,4291,4282,4292,-1,4292,4282,4283,-1,4292,4283,4293,-1,4293,4283,529,-1,4293,529,527,-1,589,4261,4260,-1,4260,4261,4284,-1,4260,4284,4294,-1,4294,4284,4285,-1,4294,4285,4295,-1,4295,4285,4286,-1,4295,4286,4296,-1,4296,4286,4287,-1,4296,4287,4297,-1,4297,4287,4288,-1,4297,4288,4298,-1,4298,4288,4289,-1,4298,4289,4299,-1,4299,4289,4290,-1,4299,4290,4300,-1,4300,4290,4291,-1,4300,4291,4301,-1,4301,4291,4292,-1,4301,4292,4302,-1,4302,4292,4293,-1,4302,4293,4303,-1,4303,4293,527,-1,4303,527,525,-1,600,4260,4259,-1,4259,4260,4294,-1,4259,4294,4304,-1,4304,4294,4295,-1,4304,4295,4305,-1,4305,4295,4296,-1,4305,4296,4306,-1,4306,4296,4297,-1,4306,4297,4307,-1,4307,4297,4298,-1,4307,4298,4308,-1,4308,4298,4299,-1,4308,4299,4309,-1,4309,4299,4300,-1,4309,4300,4310,-1,4310,4300,4301,-1,4310,4301,4311,-1,4311,4301,4302,-1,4311,4302,4312,-1,4312,4302,4303,-1,4312,4303,4313,-1,4313,4303,525,-1,4313,525,523,-1,611,4259,4258,-1,4258,4259,4304,-1,4258,4304,4314,-1,4314,4304,4305,-1,4314,4305,4315,-1,4315,4305,4306,-1,4315,4306,4316,-1,4316,4306,4307,-1,4316,4307,4317,-1,4317,4307,4308,-1,4317,4308,4318,-1,4318,4308,4309,-1,4318,4309,4319,-1,4319,4309,4310,-1,4319,4310,4320,-1,4320,4310,4311,-1,4320,4311,4321,-1,4321,4311,4312,-1,4321,4312,4322,-1,4322,4312,4313,-1,4322,4313,4323,-1,4323,4313,523,-1,4323,523,521,-1,623,4258,3511,-1,3511,4258,4314,-1,3511,4314,3512,-1,3512,4314,4315,-1,3512,4315,3513,-1,3513,4315,4316,-1,3513,4316,3514,-1,3514,4316,4317,-1,3514,4317,3515,-1,3515,4317,4318,-1,3515,4318,3516,-1,3516,4318,4319,-1,3516,4319,3517,-1,3517,4319,4320,-1,3517,4320,3518,-1,3518,4320,4321,-1,3518,4321,3519,-1,3519,4321,4322,-1,3519,4322,3520,-1,3520,4322,4323,-1,3520,4323,3510,-1,3510,4323,521,-1,3510,521,520,-1,519,507,4324,-1,507,496,4325,-1,496,485,4326,-1,485,474,4327,-1,474,463,4328,-1,463,452,4329,-1,452,451,3521,-1,452,3521,4329,-1,4329,3521,3522,-1,4329,3522,4330,-1,4330,3522,3523,-1,4330,3523,4331,-1,4331,3523,3524,-1,4331,3524,4332,-1,4332,3524,3525,-1,4332,3525,4333,-1,4333,3525,3526,-1,4333,3526,4334,-1,4334,3526,3527,-1,4334,3527,4335,-1,4335,3527,3528,-1,4335,3528,4336,-1,4336,3528,3529,-1,4336,3529,4337,-1,4337,3529,3530,-1,4337,3530,4338,-1,4338,3530,3531,-1,4338,3531,4339,-1,4339,3531,429,-1,4339,429,427,-1,463,4329,4328,-1,4328,4329,4330,-1,4328,4330,4340,-1,4340,4330,4331,-1,4340,4331,4341,-1,4341,4331,4332,-1,4341,4332,4342,-1,4342,4332,4333,-1,4342,4333,4343,-1,4343,4333,4334,-1,4343,4334,4344,-1,4344,4334,4335,-1,4344,4335,4345,-1,4345,4335,4336,-1,4345,4336,4346,-1,4346,4336,4337,-1,4346,4337,4347,-1,4347,4337,4338,-1,4347,4338,4348,-1,4348,4338,4339,-1,4348,4339,4349,-1,4349,4339,427,-1,4349,427,425,-1,474,4328,4327,-1,4327,4328,4340,-1,4327,4340,4350,-1,4350,4340,4341,-1,4350,4341,4351,-1,4351,4341,4342,-1,4351,4342,4352,-1,4352,4342,4343,-1,4352,4343,4353,-1,4353,4343,4344,-1,4353,4344,4354,-1,4354,4344,4345,-1,4354,4345,4355,-1,4355,4345,4346,-1,4355,4346,4356,-1,4356,4346,4347,-1,4356,4347,4357,-1,4357,4347,4348,-1,4357,4348,4358,-1,4358,4348,4349,-1,4358,4349,4359,-1,4359,4349,425,-1,4359,425,423,-1,485,4327,4326,-1,4326,4327,4350,-1,4326,4350,4360,-1,4360,4350,4351,-1,4360,4351,4361,-1,4361,4351,4352,-1,4361,4352,4362,-1,4362,4352,4353,-1,4362,4353,4363,-1,4363,4353,4354,-1,4363,4354,4364,-1,4364,4354,4355,-1,4364,4355,4365,-1,4365,4355,4356,-1,4365,4356,4366,-1,4366,4356,4357,-1,4366,4357,4367,-1,4367,4357,4358,-1,4367,4358,4368,-1,4368,4358,4359,-1,4368,4359,4369,-1,4369,4359,423,-1,4369,423,421,-1,496,4326,4325,-1,4325,4326,4360,-1,4325,4360,4370,-1,4370,4360,4361,-1,4370,4361,4371,-1,4371,4361,4362,-1,4371,4362,4372,-1,4372,4362,4363,-1,4372,4363,4373,-1,4373,4363,4364,-1,4373,4364,4374,-1,4374,4364,4365,-1,4374,4365,4375,-1,4375,4365,4366,-1,4375,4366,4376,-1,4376,4366,4367,-1,4376,4367,4377,-1,4377,4367,4368,-1,4377,4368,4378,-1,4378,4368,4369,-1,4378,4369,4379,-1,4379,4369,421,-1,4379,421,419,-1,507,4325,4324,-1,4324,4325,4370,-1,4324,4370,4380,-1,4380,4370,4371,-1,4380,4371,4381,-1,4381,4371,4372,-1,4381,4372,4382,-1,4382,4372,4373,-1,4382,4373,4383,-1,4383,4373,4374,-1,4383,4374,4384,-1,4384,4374,4375,-1,4384,4375,4385,-1,4385,4375,4376,-1,4385,4376,4386,-1,4386,4376,4377,-1,4386,4377,4387,-1,4387,4377,4378,-1,4387,4378,4388,-1,4388,4378,4379,-1,4388,4379,4389,-1,4389,4379,419,-1,4389,419,417,-1,519,4324,1820,-1,1820,4324,4380,-1,1820,4380,1821,-1,1821,4380,4381,-1,1821,4381,1822,-1,1822,4381,4382,-1,1822,4382,1823,-1,1823,4382,4383,-1,1823,4383,1824,-1,1824,4383,4384,-1,1824,4384,1819,-1,1819,4384,4385,-1,1819,4385,1814,-1,1814,4385,4386,-1,1814,4386,1815,-1,1815,4386,4387,-1,1815,4387,1816,-1,1816,4387,4388,-1,1816,4388,1817,-1,1817,4388,4389,-1,1817,4389,1818,-1,1818,4389,417,-1,1818,417,416,-1,415,403,4390,-1,403,392,4391,-1,392,381,4392,-1,381,370,4393,-1,370,359,4394,-1,359,348,4395,-1,348,347,3576,-1,348,3576,4395,-1,4395,3576,3586,-1,4395,3586,4396,-1,4396,3586,3585,-1,4396,3585,4397,-1,4397,3585,3584,-1,4397,3584,4398,-1,4398,3584,3583,-1,4398,3583,4399,-1,4399,3583,3582,-1,4399,3582,4400,-1,4400,3582,3581,-1,4400,3581,4401,-1,4401,3581,3580,-1,4401,3580,4402,-1,4402,3580,3579,-1,4402,3579,4403,-1,4403,3579,3578,-1,4403,3578,4404,-1,4404,3578,3577,-1,4404,3577,4405,-1,4405,3577,325,-1,4405,325,323,-1,359,4395,4394,-1,4394,4395,4396,-1,4394,4396,4406,-1,4406,4396,4397,-1,4406,4397,4407,-1,4407,4397,4398,-1,4407,4398,4408,-1,4408,4398,4399,-1,4408,4399,4409,-1,4409,4399,4400,-1,4409,4400,4410,-1,4410,4400,4401,-1,4410,4401,4411,-1,4411,4401,4402,-1,4411,4402,4412,-1,4412,4402,4403,-1,4412,4403,4413,-1,4413,4403,4404,-1,4413,4404,4414,-1,4414,4404,4405,-1,4414,4405,4415,-1,4415,4405,323,-1,4415,323,321,-1,370,4394,4393,-1,4393,4394,4406,-1,4393,4406,4416,-1,4416,4406,4407,-1,4416,4407,4417,-1,4417,4407,4408,-1,4417,4408,4418,-1,4418,4408,4409,-1,4418,4409,4419,-1,4419,4409,4410,-1,4419,4410,4420,-1,4420,4410,4411,-1,4420,4411,4421,-1,4421,4411,4412,-1,4421,4412,4422,-1,4422,4412,4413,-1,4422,4413,4423,-1,4423,4413,4414,-1,4423,4414,4424,-1,4424,4414,4415,-1,4424,4415,4425,-1,4425,4415,321,-1,4425,321,319,-1,381,4393,4392,-1,4392,4393,4416,-1,4392,4416,4426,-1,4426,4416,4417,-1,4426,4417,4427,-1,4427,4417,4418,-1,4427,4418,4428,-1,4428,4418,4419,-1,4428,4419,4429,-1,4429,4419,4420,-1,4429,4420,4430,-1,4430,4420,4421,-1,4430,4421,4431,-1,4431,4421,4422,-1,4431,4422,4432,-1,4432,4422,4423,-1,4432,4423,4433,-1,4433,4423,4424,-1,4433,4424,4434,-1,4434,4424,4425,-1,4434,4425,4435,-1,4435,4425,319,-1,4435,319,317,-1,392,4392,4391,-1,4391,4392,4426,-1,4391,4426,4436,-1,4436,4426,4427,-1,4436,4427,4437,-1,4437,4427,4428,-1,4437,4428,4438,-1,4438,4428,4429,-1,4438,4429,4439,-1,4439,4429,4430,-1,4439,4430,4440,-1,4440,4430,4431,-1,4440,4431,4441,-1,4441,4431,4432,-1,4441,4432,4442,-1,4442,4432,4433,-1,4442,4433,4443,-1,4443,4433,4434,-1,4443,4434,4444,-1,4444,4434,4435,-1,4444,4435,4445,-1,4445,4435,317,-1,4445,317,315,-1,403,4391,4390,-1,4390,4391,4436,-1,4390,4436,4446,-1,4446,4436,4437,-1,4446,4437,4447,-1,4447,4437,4438,-1,4447,4438,4448,-1,4448,4438,4439,-1,4448,4439,4449,-1,4449,4439,4440,-1,4449,4440,4450,-1,4450,4440,4441,-1,4450,4441,4451,-1,4451,4441,4442,-1,4451,4442,4452,-1,4452,4442,4443,-1,4452,4443,4453,-1,4453,4443,4444,-1,4453,4444,4454,-1,4454,4444,4445,-1,4454,4445,4455,-1,4455,4445,315,-1,4455,315,313,-1,415,4390,1692,-1,1692,4390,4446,-1,1692,4446,1697,-1,1697,4446,4447,-1,1697,4447,1698,-1,1698,4447,4448,-1,1698,4448,1699,-1,1699,4448,4449,-1,1699,4449,1700,-1,1700,4449,4450,-1,1700,4450,1690,-1,1690,4450,4451,-1,1690,4451,1693,-1,1693,4451,4452,-1,1693,4452,1694,-1,1694,4452,4453,-1,1694,4453,1696,-1,1696,4453,4454,-1,1696,4454,1695,-1,1695,4454,4455,-1,1695,4455,1691,-1,1691,4455,313,-1,1691,313,312,-1,311,299,4456,-1,299,288,4457,-1,288,277,4458,-1,277,266,4459,-1,266,255,4460,-1,255,244,4461,-1,244,243,1674,-1,244,1674,4461,-1,4461,1674,1673,-1,4461,1673,4462,-1,4462,1673,1665,-1,4462,1665,4463,-1,4463,1665,1666,-1,4463,1666,4464,-1,4464,1666,1667,-1,4464,1667,4465,-1,4465,1667,1664,-1,4465,1664,4466,-1,4466,1664,1672,-1,4466,1672,4467,-1,4467,1672,1669,-1,4467,1669,4468,-1,4468,1669,1668,-1,4468,1668,4469,-1,4469,1668,1670,-1,4469,1670,4470,-1,4470,1670,1671,-1,4470,1671,4471,-1,4471,1671,221,-1,4471,221,219,-1,255,4461,4460,-1,4460,4461,4462,-1,4460,4462,4472,-1,4472,4462,4463,-1,4472,4463,4473,-1,4473,4463,4464,-1,4473,4464,4474,-1,4474,4464,4465,-1,4474,4465,4475,-1,4475,4465,4466,-1,4475,4466,4476,-1,4476,4466,4467,-1,4476,4467,4477,-1,4477,4467,4468,-1,4477,4468,4478,-1,4478,4468,4469,-1,4478,4469,4479,-1,4479,4469,4470,-1,4479,4470,4480,-1,4480,4470,4471,-1,4480,4471,4481,-1,4481,4471,219,-1,4481,219,217,-1,266,4460,4459,-1,4459,4460,4472,-1,4459,4472,4482,-1,4482,4472,4473,-1,4482,4473,4483,-1,4483,4473,4474,-1,4483,4474,4484,-1,4484,4474,4475,-1,4484,4475,4485,-1,4485,4475,4476,-1,4485,4476,4486,-1,4486,4476,4477,-1,4486,4477,4487,-1,4487,4477,4478,-1,4487,4478,4488,-1,4488,4478,4479,-1,4488,4479,4489,-1,4489,4479,4480,-1,4489,4480,4490,-1,4490,4480,4481,-1,4490,4481,4491,-1,4491,4481,217,-1,4491,217,215,-1,277,4459,4458,-1,4458,4459,4482,-1,4458,4482,4492,-1,4492,4482,4483,-1,4492,4483,4493,-1,4493,4483,4484,-1,4493,4484,4494,-1,4494,4484,4485,-1,4494,4485,4495,-1,4495,4485,4486,-1,4495,4486,4496,-1,4496,4486,4487,-1,4496,4487,4497,-1,4497,4487,4488,-1,4497,4488,4498,-1,4498,4488,4489,-1,4498,4489,4499,-1,4499,4489,4490,-1,4499,4490,4500,-1,4500,4490,4491,-1,4500,4491,4501,-1,4501,4491,215,-1,4501,215,213,-1,288,4458,4457,-1,4457,4458,4492,-1,4457,4492,4502,-1,4502,4492,4493,-1,4502,4493,4503,-1,4503,4493,4494,-1,4503,4494,4504,-1,4504,4494,4495,-1,4504,4495,4505,-1,4505,4495,4496,-1,4505,4496,4506,-1,4506,4496,4497,-1,4506,4497,4507,-1,4507,4497,4498,-1,4507,4498,4508,-1,4508,4498,4499,-1,4508,4499,4509,-1,4509,4499,4500,-1,4509,4500,4510,-1,4510,4500,4501,-1,4510,4501,4511,-1,4511,4501,213,-1,4511,213,211,-1,299,4457,4456,-1,4456,4457,4502,-1,4456,4502,4512,-1,4512,4502,4503,-1,4512,4503,4513,-1,4513,4503,4504,-1,4513,4504,4514,-1,4514,4504,4505,-1,4514,4505,4515,-1,4515,4505,4506,-1,4515,4506,4516,-1,4516,4506,4507,-1,4516,4507,4517,-1,4517,4507,4508,-1,4517,4508,4518,-1,4518,4508,4509,-1,4518,4509,4519,-1,4519,4509,4510,-1,4519,4510,4520,-1,4520,4510,4511,-1,4520,4511,4521,-1,4521,4511,211,-1,4521,211,209,-1,311,4456,3597,-1,3597,4456,4512,-1,3597,4512,3596,-1,3596,4512,4513,-1,3596,4513,3595,-1,3595,4513,4514,-1,3595,4514,3594,-1,3594,4514,4515,-1,3594,4515,3593,-1,3593,4515,4516,-1,3593,4516,3592,-1,3592,4516,4517,-1,3592,4517,3591,-1,3591,4517,4518,-1,3591,4518,3590,-1,3590,4518,4519,-1,3590,4519,3589,-1,3589,4519,4520,-1,3589,4520,3588,-1,3588,4520,4521,-1,3588,4521,3587,-1,3587,4521,209,-1,3587,209,208,-1,207,195,4522,-1,195,184,4523,-1,184,173,4524,-1,173,162,4525,-1,162,151,4526,-1,151,140,4527,-1,140,139,1744,-1,140,1744,4527,-1,4527,1744,1743,-1,4527,1743,4528,-1,4528,1743,1742,-1,4528,1742,4529,-1,4529,1742,1741,-1,4529,1741,4530,-1,4530,1741,1750,-1,4530,1750,4531,-1,4531,1750,1740,-1,4531,1740,4532,-1,4532,1740,1749,-1,4532,1749,4533,-1,4533,1749,1748,-1,4533,1748,4534,-1,4534,1748,1747,-1,4534,1747,4535,-1,4535,1747,1746,-1,4535,1746,4536,-1,4536,1746,1745,-1,4536,1745,4537,-1,4537,1745,117,-1,4537,117,115,-1,151,4527,4526,-1,4526,4527,4528,-1,4526,4528,4538,-1,4538,4528,4529,-1,4538,4529,4539,-1,4539,4529,4530,-1,4539,4530,4540,-1,4540,4530,4531,-1,4540,4531,4541,-1,4541,4531,4532,-1,4541,4532,4542,-1,4542,4532,4533,-1,4542,4533,4543,-1,4543,4533,4534,-1,4543,4534,4544,-1,4544,4534,4535,-1,4544,4535,4545,-1,4545,4535,4536,-1,4545,4536,4546,-1,4546,4536,4537,-1,4546,4537,4547,-1,4547,4537,115,-1,4547,115,113,-1,162,4526,4525,-1,4525,4526,4538,-1,4525,4538,4548,-1,4548,4538,4539,-1,4548,4539,4549,-1,4549,4539,4540,-1,4549,4540,4550,-1,4550,4540,4541,-1,4550,4541,4551,-1,4551,4541,4542,-1,4551,4542,4552,-1,4552,4542,4543,-1,4552,4543,4553,-1,4553,4543,4544,-1,4553,4544,4554,-1,4554,4544,4545,-1,4554,4545,4555,-1,4555,4545,4546,-1,4555,4546,4556,-1,4556,4546,4547,-1,4556,4547,4557,-1,4557,4547,113,-1,4557,113,111,-1,173,4525,4524,-1,4524,4525,4548,-1,4524,4548,4558,-1,4558,4548,4549,-1,4558,4549,4559,-1,4559,4549,4550,-1,4559,4550,4560,-1,4560,4550,4551,-1,4560,4551,4561,-1,4561,4551,4552,-1,4561,4552,4562,-1,4562,4552,4553,-1,4562,4553,4563,-1,4563,4553,4554,-1,4563,4554,4564,-1,4564,4554,4555,-1,4564,4555,4565,-1,4565,4555,4556,-1,4565,4556,4566,-1,4566,4556,4557,-1,4566,4557,4567,-1,4567,4557,111,-1,4567,111,109,-1,184,4524,4523,-1,4523,4524,4558,-1,4523,4558,4568,-1,4568,4558,4559,-1,4568,4559,4569,-1,4569,4559,4560,-1,4569,4560,4570,-1,4570,4560,4561,-1,4570,4561,4571,-1,4571,4561,4562,-1,4571,4562,4572,-1,4572,4562,4563,-1,4572,4563,4573,-1,4573,4563,4564,-1,4573,4564,4574,-1,4574,4564,4565,-1,4574,4565,4575,-1,4575,4565,4566,-1,4575,4566,4576,-1,4576,4566,4567,-1,4576,4567,4577,-1,4577,4567,109,-1,4577,109,107,-1,195,4523,4522,-1,4522,4523,4568,-1,4522,4568,4578,-1,4578,4568,4569,-1,4578,4569,4579,-1,4579,4569,4570,-1,4579,4570,4580,-1,4580,4570,4571,-1,4580,4571,4581,-1,4581,4571,4572,-1,4581,4572,4582,-1,4582,4572,4573,-1,4582,4573,4583,-1,4583,4573,4574,-1,4583,4574,4584,-1,4584,4574,4575,-1,4584,4575,4585,-1,4585,4575,4576,-1,4585,4576,4586,-1,4586,4576,4577,-1,4586,4577,4587,-1,4587,4577,107,-1,4587,107,105,-1,207,4522,3555,-1,3555,4522,4578,-1,3555,4578,3556,-1,3556,4578,4579,-1,3556,4579,3557,-1,3557,4579,4580,-1,3557,4580,3558,-1,3558,4580,4581,-1,3558,4581,3559,-1,3559,4581,4582,-1,3559,4582,3560,-1,3560,4582,4583,-1,3560,4583,3561,-1,3561,4583,4584,-1,3561,4584,3562,-1,3562,4584,4585,-1,3562,4585,3563,-1,3563,4585,4586,-1,3563,4586,3564,-1,3564,4586,4587,-1,3564,4587,3554,-1,3554,4587,105,-1,3554,105,104,-1,103,91,4588,-1,91,80,4589,-1,80,69,4590,-1,69,58,4591,-1,58,47,4592,-1,47,36,4593,-1,36,35,3565,-1,36,3565,4593,-1,4593,3565,3566,-1,4593,3566,4594,-1,4594,3566,3567,-1,4594,3567,4595,-1,4595,3567,3568,-1,4595,3568,4596,-1,4596,3568,3569,-1,4596,3569,4597,-1,4597,3569,3570,-1,4597,3570,4598,-1,4598,3570,3571,-1,4598,3571,4599,-1,4599,3571,3572,-1,4599,3572,4600,-1,4600,3572,3573,-1,4600,3573,4601,-1,4601,3573,3574,-1,4601,3574,4602,-1,4602,3574,3575,-1,4602,3575,4603,-1,4603,3575,13,-1,4603,13,11,-1,47,4593,4592,-1,4592,4593,4594,-1,4592,4594,4604,-1,4604,4594,4595,-1,4604,4595,4605,-1,4605,4595,4596,-1,4605,4596,4606,-1,4606,4596,4597,-1,4606,4597,4607,-1,4607,4597,4598,-1,4607,4598,4608,-1,4608,4598,4599,-1,4608,4599,4609,-1,4609,4599,4600,-1,4609,4600,4610,-1,4610,4600,4601,-1,4610,4601,4611,-1,4611,4601,4602,-1,4611,4602,4612,-1,4612,4602,4603,-1,4612,4603,4613,-1,4613,4603,11,-1,4613,11,9,-1,58,4592,4591,-1,4591,4592,4604,-1,4591,4604,4614,-1,4614,4604,4605,-1,4614,4605,4615,-1,4615,4605,4606,-1,4615,4606,4616,-1,4616,4606,4607,-1,4616,4607,4617,-1,4617,4607,4608,-1,4617,4608,4618,-1,4618,4608,4609,-1,4618,4609,4619,-1,4619,4609,4610,-1,4619,4610,4620,-1,4620,4610,4611,-1,4620,4611,4621,-1,4621,4611,4612,-1,4621,4612,4622,-1,4622,4612,4613,-1,4622,4613,4623,-1,4623,4613,9,-1,4623,9,7,-1,69,4591,4590,-1,4590,4591,4614,-1,4590,4614,4624,-1,4624,4614,4615,-1,4624,4615,4625,-1,4625,4615,4616,-1,4625,4616,4626,-1,4626,4616,4617,-1,4626,4617,4627,-1,4627,4617,4618,-1,4627,4618,4628,-1,4628,4618,4619,-1,4628,4619,4629,-1,4629,4619,4620,-1,4629,4620,4630,-1,4630,4620,4621,-1,4630,4621,4631,-1,4631,4621,4622,-1,4631,4622,4632,-1,4632,4622,4623,-1,4632,4623,4633,-1,4633,4623,7,-1,4633,7,5,-1,80,4590,4589,-1,4589,4590,4624,-1,4589,4624,4634,-1,4634,4624,4625,-1,4634,4625,4635,-1,4635,4625,4626,-1,4635,4626,4636,-1,4636,4626,4627,-1,4636,4627,4637,-1,4637,4627,4628,-1,4637,4628,4638,-1,4638,4628,4629,-1,4638,4629,4639,-1,4639,4629,4630,-1,4639,4630,4640,-1,4640,4630,4631,-1,4640,4631,4641,-1,4641,4631,4632,-1,4641,4632,4642,-1,4642,4632,4633,-1,4642,4633,4643,-1,4643,4633,5,-1,4643,5,3,-1,91,4589,4588,-1,4588,4589,4634,-1,4588,4634,4644,-1,4644,4634,4635,-1,4644,4635,4645,-1,4645,4635,4636,-1,4645,4636,4646,-1,4646,4636,4637,-1,4646,4637,4647,-1,4647,4637,4638,-1,4647,4638,4648,-1,4648,4638,4639,-1,4648,4639,4649,-1,4649,4639,4640,-1,4649,4640,4650,-1,4650,4640,4641,-1,4650,4641,4651,-1,4651,4641,4642,-1,4651,4642,4652,-1,4652,4642,4643,-1,4652,4643,4653,-1,4653,4643,3,-1,4653,3,1,-1,103,4588,1720,-1,1720,4588,4644,-1,1720,4644,1721,-1,1721,4644,4645,-1,1721,4645,1722,-1,1722,4645,4646,-1,1722,4646,1723,-1,1723,4646,4647,-1,1723,4647,1724,-1,1724,4647,4648,-1,1724,4648,1719,-1,1719,4648,4649,-1,1719,4649,1714,-1,1714,4649,4650,-1,1714,4650,1715,-1,1715,4650,4651,-1,1715,4651,1716,-1,1716,4651,4652,-1,1716,4652,1717,-1,1717,4652,4653,-1,1717,4653,1718,-1,1718,4653,1,-1,1718,1,0,-1,
        ]
    }
}
Shape{
    appearance Appearance {
        material  Material 	{
            diffuseColor 1.0 1.0 1.0
            specularColor 0.5019607843137255 0.5019607843137255 0.5019607843137255
            ambientIntensity 1.0
            transparency 0.0
            shininess 0.5
        }
    }
    geometry IndexedFaceSet {
        ccw TRUE
        solid FALSE
        coord DEF co Coordinate {
            point [
                -2.502 -0.0197 0.5705, -2.502 -0.0197 0.5614, -2.498 -0.0197 0.5705, -2.498 -0.0197 0.5614, -2.502 0.0122 0.5705, -2.498 0.0122 0.5705, -2.502 0.0122 0.6415, -2.498 0.0122 0.6415, -2.502 0.0225 0.6415, -2.498 0.0225 0.6415, -2.502 0.0225 0.5614, -2.498 0.0225 0.5614, -2.502 -0.0608 0.56, -2.498 -0.0608 0.56, -2.502 -0.073 0.5612, -2.498 -0.0678 0.5607, -2.498 -0.073 0.5612, -2.498 -0.0816 0.564, -2.502 -0.0816 0.564, -2.498 -0.0829 0.5647, -2.502 -0.0829 0.5647, -2.502 -0.0829 0.5746, -2.498 -0.0829 0.5746, -2.498 -0.075 0.5711, -2.502 -0.075 0.5711, -2.498 -0.0659 0.5694, -2.502 -0.0659 0.5694, -2.498 -0.0622 0.5693, -2.502 -0.0622 0.5693, -2.498 -0.0548 0.5701, -2.502 -0.0548 0.5701, -2.498 -0.049 0.5722, -2.502 -0.049 0.5722, -2.498 -0.0436 0.5758, -2.502 -0.0436 0.5758, -2.498 -0.0417 0.5777, -2.502 -0.0417 0.5777, -2.498 -0.0376 0.5834, -2.502 -0.0376 0.5834, -2.498 -0.0351 0.5899, -2.502 -0.0351 0.5899, -2.498 -0.0338 0.5998, -2.502 -0.0338 0.5998, -2.498 -0.0338 0.6005, -2.502 -0.0338 0.6005, -2.498 -0.0349 0.6107, -2.502 -0.0349 0.6107, -2.498 -0.0375 0.6178, -2.502 -0.0375 0.6178, -2.498 -0.0412 0.6235, -2.502 -0.0412 0.6235, -2.498 -0.0422 0.6246, -2.502 -0.0422 0.6246, -2.498 -0.0473 0.6289, -2.502 -0.0473 0.6289, -2.498 -0.0536 0.6319, -2.502 -0.0536 0.6319, -2.498 -0.0605 0.6333, -2.502 -0.0605 0.6333, -2.498 -0.0641 0.6335, -2.502 -0.0641 0.6335, -2.498 -0.0736 0.6324, -2.502 -0.0736 0.6324, -2.498 -0.0818 0.6293, -2.502 -0.0818 0.6293, -2.498 -0.0829 0.6287, -2.502 -0.0829 0.6287, -2.502 -0.0829 0.6395, -2.498 -0.0829 0.6395, -2.498 -0.0639 0.6428, -2.502 -0.0639 0.6428, -2.502 -0.0647 0.6428, -2.498 -0.075 0.6419, -2.502 -0.075 0.6419, -2.498 -0.0722 0.6421, -2.498 -0.0647 0.6428, -2.502 -0.0536 0.6417, -2.498 -0.0577 0.6421, -2.498 -0.0536 0.6417, -2.498 -0.045 0.6387, -2.502 -0.045 0.6387, -2.498 -0.0371 0.6334, -2.502 -0.0371 0.6334, -2.498 -0.0345 0.631, -2.502 -0.0345 0.631, -2.498 -0.0289 0.6237, -2.498 -0.0266 0.6184, -2.502 -0.025 0.6149, -2.502 -0.0289 0.6237, -2.498 -0.025 0.6149, -2.498 -0.0231 0.6045, -2.502 -0.0231 0.6045, -2.498 -0.023 0.5999, -2.502 -0.023 0.5999, -2.498 -0.0241 0.5888, -2.502 -0.0241 0.5888, -2.498 -0.0266 0.5815, -2.502 -0.0271 0.58, -2.498 -0.0271 0.58, -2.498 -0.0315 0.5729, -2.502 -0.0315 0.5729, -2.498 -0.0332 0.571, -2.502 -0.0332 0.571, -2.498 -0.0475 0.562, -2.502 -0.0399 0.5655, -2.498 -0.0399 0.5655, -2.498 -0.0538 0.5607, -2.502 -0.0562 0.5602, -2.502 -0.0475 0.562, -2.498 -0.0562 0.5602, -2.502 -0.142 0.5705, -2.502 -0.142 0.5614, -2.498 -0.142 0.5705, -2.498 -0.142 0.5614, -2.498 -0.1093 0.5705, -2.502 -0.1093 0.5705, -2.498 -0.1309 0.5705, -2.502 -0.1093 0.5975, -2.498 -0.1093 0.5975, -2.502 -0.1379 0.5975, -2.498 -0.1309 0.5975, -2.498 -0.1379 0.5975, -2.502 -0.1379 0.6066, -2.498 -0.1379 0.6066, -2.498 -0.1093 0.6066, -2.502 -0.1093 0.6066, -2.498 -0.1309 0.6066, -2.502 -0.1093 0.6323, -2.498 -0.1093 0.6323, -2.502 -0.1402 0.6323, -2.498 -0.1309 0.6323, -2.498 -0.1402 0.6323, -2.502 -0.1402 0.6415, -2.498 -0.1402 0.6415, -2.498 -0.0989 0.6415, -2.502 -0.0989 0.6415, -2.498 -0.1309 0.6415, -2.502 -0.0989 0.5614, -2.498 -0.0989 0.5614, -2.498 -0.1309 0.5614, -2.502 -0.2112 0.5976, -2.502 -0.2221 0.5972, -2.502 -0.2115 0.6022, -2.502 -0.2223 0.6025, -2.502 -0.2103 0.6119, -2.502 -0.2212 0.6126, -2.502 -0.2081 0.6178, -2.502 -0.2184 0.6204, -2.502 -0.2051 0.6223, -2.502 -0.2136 0.6275, -2.502 -0.2027 0.6247, -2.502 -0.2103 0.6309, -2.502 -0.1965 0.6288, -2.502 -0.2024 0.6363, -2.502 -0.1895 0.6312, -2.502 -0.1928 0.64, -2.502 -0.1796 0.6323, -2.502 -0.18 0.6415, -2.502 -0.1675 0.6323, -2.502 -0.1571 0.6415, -2.502 -0.1675 0.5705, -2.502 -0.1571 0.5614, -2.502 -0.1791 0.5705, -2.502 -0.1792 0.5614, -2.502 -0.1894 0.5716, -2.502 -0.1925 0.563, -2.502 -0.1962 0.5741, -2.502 -0.2017 0.5665, -2.502 -0.2015 0.5776, -2.502 -0.2094 0.5719, -2.502 -0.2029 0.5789, -2.502 -0.2103 0.5726, -2.502 -0.2071 0.5841, -2.502 -0.2161 0.5796, -2.502 -0.2098 0.5902, -2.502 -0.2201 0.5878, -2.498 -0.1792 0.5614, -2.498 -0.1571 0.5614, -2.498 -0.1925 0.563, -2.498 -0.1938 0.5635, -2.498 -0.2017 0.5665, -2.498 -0.2094 0.5719, -2.498 -0.2103 0.5726, -2.498 -0.2161 0.5796, -2.498 -0.2201 0.5878, -2.498 -0.2221 0.5972, -2.498 -0.2223 0.6025, -2.498 -0.2212 0.6126, -2.498 -0.2184 0.6204, -2.498 -0.2136 0.6275, -2.498 -0.2103 0.6309, -2.498 -0.18 0.6415, -2.498 -0.2024 0.6363, -2.498 -0.1938 0.6396, -2.498 -0.1928 0.64, -2.498 -0.1571 0.6415, -2.498 -0.1796 0.6323, -2.498 -0.1675 0.6323, -2.498 -0.1675 0.5705, -2.498 -0.1791 0.5705, -2.498 -0.2029 0.5789, -2.498 -0.2015 0.5776, -2.498 -0.1962 0.5741, -2.498 -0.1894 0.5716, -2.498 -0.2115 0.6022, -2.498 -0.2112 0.5976, -2.498 -0.2098 0.5902, -2.498 -0.2071 0.5841, -2.498 -0.2027 0.6247, -2.498 -0.2051 0.6223, -2.498 -0.2081 0.6178, -2.498 -0.2103 0.6119, -2.498 -0.1895 0.6312, -2.498 -0.1965 0.6288
            ]
        }
        coordIndex [
            0,1,2,-1,2,1,3,-1,4,0,5,-1,5,0,2,-1,6,4,7,-1,7,4,5,-1,8,6,9,-1,9,6,7,-1,10,8,11,-1,11,8,9,-1,1,10,3,-1,3,10,11,-1,6,8,4,-1,4,8,10,-1,4,10,0,-1,0,10,1,-1,12,13,14,-1,14,13,15,-1,15,16,14,-1,14,16,17,-1,14,17,18,-1,18,17,19,-1,18,19,20,-1,21,20,22,-1,22,20,19,-1,21,22,23,-1,21,23,24,-1,24,23,25,-1,24,25,26,-1,26,25,27,-1,26,27,28,-1,28,27,29,-1,28,29,30,-1,30,29,31,-1,30,31,32,-1,32,31,33,-1,32,33,34,-1,34,33,35,-1,34,35,36,-1,36,35,37,-1,36,37,38,-1,38,37,39,-1,38,39,40,-1,40,39,41,-1,40,41,42,-1,42,41,43,-1,42,43,44,-1,44,43,45,-1,44,45,46,-1,46,45,47,-1,46,47,48,-1,48,47,49,-1,48,49,50,-1,50,49,51,-1,50,51,52,-1,52,51,53,-1,52,53,54,-1,54,53,55,-1,54,55,56,-1,56,55,57,-1,56,57,58,-1,58,57,59,-1,58,59,60,-1,60,59,61,-1,60,61,62,-1,62,61,63,-1,62,63,64,-1,64,63,65,-1,64,65,66,-1,67,66,68,-1,68,66,65,-1,69,70,71,-1,67,68,72,-1,67,72,73,-1,73,72,74,-1,73,74,71,-1,71,74,75,-1,71,75,69,-1,70,69,76,-1,76,69,77,-1,77,78,76,-1,76,78,79,-1,76,79,80,-1,80,79,81,-1,80,81,82,-1,82,81,83,-1,82,83,84,-1,84,83,85,-1,86,87,85,-1,85,87,88,-1,85,88,84,-1,86,89,87,-1,87,89,90,-1,87,90,91,-1,91,90,92,-1,91,92,93,-1,93,92,94,-1,93,94,95,-1,95,94,96,-1,95,96,97,-1,96,98,97,-1,97,98,99,-1,97,99,100,-1,100,99,101,-1,100,101,102,-1,103,104,105,-1,105,104,102,-1,105,102,101,-1,106,107,103,-1,103,107,108,-1,103,108,104,-1,106,109,107,-1,107,109,13,-1,107,13,12,-1,64,66,67,-1,38,40,95,-1,46,48,88,-1,95,40,93,-1,88,48,84,-1,64,67,62,-1,62,67,73,-1,62,73,60,-1,60,73,71,-1,60,71,58,-1,58,71,70,-1,58,70,56,-1,56,70,76,-1,56,76,54,-1,76,80,54,-1,54,80,82,-1,54,82,52,-1,52,82,84,-1,52,84,50,-1,50,84,48,-1,95,97,38,-1,38,97,100,-1,38,100,36,-1,36,100,102,-1,36,102,34,-1,34,102,104,-1,34,104,32,-1,32,104,108,-1,32,108,30,-1,30,108,107,-1,30,107,28,-1,28,107,12,-1,28,12,26,-1,26,12,14,-1,26,14,24,-1,24,14,18,-1,24,18,21,-1,21,18,20,-1,40,42,93,-1,93,42,44,-1,93,44,91,-1,91,44,46,-1,91,46,87,-1,87,46,88,-1,110,111,112,-1,112,111,113,-1,114,115,116,-1,116,115,110,-1,116,110,112,-1,117,115,118,-1,118,115,114,-1,117,118,119,-1,119,118,120,-1,119,120,121,-1,122,119,123,-1,123,119,121,-1,124,125,126,-1,126,125,122,-1,126,122,123,-1,127,125,128,-1,128,125,124,-1,127,128,129,-1,129,128,130,-1,129,130,131,-1,132,129,133,-1,133,129,131,-1,134,135,136,-1,136,135,132,-1,136,132,133,-1,137,135,138,-1,138,135,134,-1,137,138,111,-1,111,138,139,-1,111,139,113,-1,137,111,110,-1,110,115,137,-1,137,115,117,-1,137,117,135,-1,129,132,127,-1,127,132,135,-1,127,135,125,-1,125,135,117,-1,125,117,122,-1,122,117,119,-1,140,141,142,-1,142,141,143,-1,142,143,144,-1,144,143,145,-1,144,145,146,-1,146,145,147,-1,146,147,148,-1,148,147,149,-1,148,149,150,-1,150,149,151,-1,150,151,152,-1,152,151,153,-1,152,153,154,-1,154,153,155,-1,154,155,156,-1,156,155,157,-1,156,157,158,-1,158,157,159,-1,158,159,160,-1,160,159,161,-1,160,161,162,-1,162,161,163,-1,162,163,164,-1,164,163,165,-1,164,165,166,-1,166,165,167,-1,166,167,168,-1,168,167,169,-1,168,169,170,-1,170,169,171,-1,170,171,172,-1,172,171,173,-1,172,173,174,-1,174,173,175,-1,174,175,140,-1,140,175,141,-1,163,161,176,-1,176,161,177,-1,163,176,178,-1,163,178,165,-1,165,178,179,-1,165,179,167,-1,179,180,167,-1,167,180,181,-1,167,181,169,-1,169,181,182,-1,169,182,171,-1,171,182,183,-1,171,183,173,-1,173,183,184,-1,173,184,175,-1,175,184,185,-1,175,185,141,-1,141,185,186,-1,141,186,143,-1,143,186,187,-1,143,187,145,-1,145,187,188,-1,145,188,147,-1,147,188,189,-1,147,189,149,-1,149,189,190,-1,149,190,151,-1,191,157,155,-1,151,190,192,-1,151,192,153,-1,153,192,193,-1,153,193,155,-1,155,193,194,-1,155,194,191,-1,159,157,195,-1,195,157,191,-1,161,159,177,-1,177,159,195,-1,156,158,196,-1,196,158,197,-1,158,160,197,-1,197,160,198,-1,160,162,198,-1,198,162,199,-1,170,200,201,-1,170,201,168,-1,168,201,202,-1,168,202,166,-1,166,202,203,-1,166,203,164,-1,164,203,199,-1,164,199,162,-1,142,204,205,-1,142,205,140,-1,140,205,206,-1,140,206,174,-1,174,206,207,-1,174,207,172,-1,172,207,200,-1,172,200,170,-1,150,208,209,-1,150,209,148,-1,148,209,210,-1,148,210,146,-1,146,210,211,-1,146,211,144,-1,144,211,204,-1,144,204,142,-1,156,196,212,-1,156,212,154,-1,154,212,213,-1,154,213,152,-1,152,213,208,-1,152,208,150,-1,
        ]
    }
}
Shape{
    appearance Appearance {
        material  Material 	{
            diffuseColor 0.25098039215686274 0.25098039215686274 0.25098039215686274
            specularColor 0.12549019607843137 0.12549019607843137 0.12549019607843137
            ambientIntensity 0.251
            transparency 0.0
            shininess 0.5
        }
    }
    geometry IndexedFaceSet {
        ccw TRUE
        solid FALSE
        coord DEF co Coordinate {
            point [
                -2.498 -0.1675 0.6323, -2.498 -0.1675 0.5705, -2.498 -0.1796 0.6323, -2.498 -0.1791 0.5705, -2.498 -0.1894 0.5716, -2.498 -0.1962 0.5741, -2.498 -0.2015 0.5776, -2.498 -0.2029 0.5789, -2.498 -0.2071 0.5841, -2.498 -0.2098 0.5902, -2.498 -0.2112 0.5976, -2.498 -0.2115 0.6022, -2.498 -0.2103 0.6119, -2.498 -0.2081 0.6178, -2.498 -0.2051 0.6223, -2.498 -0.2027 0.6247, -2.498 -0.1895 0.6312, -2.498 -0.1965 0.6288
            ]
        }
        coordIndex [
            0,1,2,-1,2,1,3,-1,2,3,4,-1,4,5,2,-1,2,5,6,-1,2,6,7,-1,7,8,2,-1,2,8,9,-1,2,9,10,-1,10,11,2,-1,2,11,12,-1,2,12,13,-1,13,14,2,-1,2,14,15,-1,2,15,16,-1,16,15,17,-1,
        ]
    }
}
Shape{
    appearance Appearance {
        material  Material 	{
            diffuseColor 1.0 1.0 1.0
            specularColor 0.5019607843137255 0.5019607843137255 0.5019607843137255
            ambientIntensity 1.0
            transparency 0.0
            shininess 0.5
        }
    }
    geometry IndexedFaceSet {
        ccw TRUE
        solid FALSE
        coord DEF co Coordinate {
            point [
                -2.502 -0.2492 0.5923, -2.502 -0.2611 0.6256, -2.502 -0.2573 0.6415, -2.502 -0.2268 0.5614, -2.502 -0.2382 0.5614, -2.502 -0.2459 0.5833, -2.502 -0.2618 0.628, -2.502 -0.2624 0.6312, -2.502 -0.2683 0.6415, -2.502 -0.2627 0.6312, -2.502 -0.2633 0.6278, -2.502 -0.2639 0.6256, -2.502 -0.276 0.5923, -2.502 -0.2988 0.5614, -2.502 -0.2874 0.5614, -2.502 -0.2792 0.5833, -2.498 -0.2683 0.6415, -2.498 -0.2988 0.5614, -2.498 -0.2573 0.6415, -2.498 -0.2268 0.5614, -2.498 -0.2498 0.622, -2.498 -0.2382 0.5614, -2.498 -0.2459 0.5833, -2.498 -0.2792 0.5833, -2.498 -0.2498 0.5833, -2.498 -0.2874 0.5614, -2.498 -0.2492 0.5923, -2.498 -0.276 0.5923, -2.498 -0.2639 0.6256, -2.498 -0.2627 0.6312, -2.498 -0.2633 0.6278, -2.498 -0.2624 0.6312, -2.498 -0.2611 0.6256, -2.498 -0.2618 0.628
            ]
        }
        coordIndex [
            0,1,2,-1,3,4,5,-1,1,6,2,-1,2,6,7,-1,2,7,8,-1,8,7,9,-1,8,9,10,-1,10,11,8,-1,8,11,12,-1,8,12,13,-1,14,13,15,-1,15,13,12,-1,15,12,5,-1,5,12,0,-1,5,0,3,-1,3,0,2,-1,8,13,16,-1,16,13,17,-1,2,8,18,-1,18,8,16,-1,19,3,20,-1,20,3,2,-1,20,2,18,-1,4,3,21,-1,21,3,19,-1,5,4,22,-1,22,4,21,-1,23,15,24,-1,24,15,5,-1,24,5,22,-1,14,15,25,-1,25,15,23,-1,13,14,17,-1,17,14,25,-1,0,12,26,-1,26,12,27,-1,12,11,27,-1,27,11,28,-1,9,29,30,-1,9,30,10,-1,10,30,28,-1,10,28,11,-1,9,7,29,-1,29,7,31,-1,1,32,33,-1,1,33,6,-1,6,33,31,-1,6,31,7,-1,1,0,32,-1,32,0,26,-1,
        ]
    }
}
Shape{
    appearance Appearance {
        material  Material 	{
            diffuseColor 0.25098039215686274 0.25098039215686274 0.25098039215686274
            specularColor 0.12549019607843137 0.12549019607843137 0.12549019607843137
            ambientIntensity 0.251
            transparency 0.0
            shininess 0.5
        }
    }
    geometry IndexedFaceSet {
        ccw TRUE
        solid FALSE
        coord DEF co Coordinate {
            point [
                -2.498 -0.2627 0.6312, -2.498 -0.2624 0.6312, -2.498 -0.2633 0.6278, -2.498 -0.2618 0.628, -2.498 -0.2639 0.6256, -2.498 -0.2611 0.6256, -2.498 -0.276 0.5923, -2.498 -0.2492 0.5923
            ]
        }
        coordIndex [
            0,1,2,-1,2,1,3,-1,2,3,4,-1,4,3,5,-1,4,5,6,-1,6,5,7,-1,
        ]
    }
}
Shape{
    appearance Appearance {
        material  Material 	{
            diffuseColor 1.0 1.0 1.0
            specularColor 0.5019607843137255 0.5019607843137255 0.5019607843137255
            ambientIntensity 1.0
            transparency 0.0
            shininess 0.5
        }
    }
    geometry IndexedFaceSet {
        ccw TRUE
        solid FALSE
        coord DEF co Coordinate {
            point [
                -2.502 -0.0205 0.4435, -2.502 -0.0205 0.4344, -2.498 -0.0205 0.4435, -2.498 -0.0205 0.4344, -2.502 0.0122 0.4435, -2.498 0.0122 0.4435, -2.502 0.0122 0.4704, -2.498 0.0122 0.4704, -2.502 -0.0164 0.4704, -2.498 -0.0164 0.4704, -2.502 -0.0164 0.4796, -2.498 -0.0164 0.4796, -2.502 0.0122 0.4796, -2.498 0.0122 0.4796, -2.502 0.0122 0.5052, -2.498 0.0122 0.5052, -2.502 -0.0187 0.5052, -2.498 -0.0187 0.5052, -2.502 -0.0187 0.5144, -2.498 -0.0187 0.5144, -2.502 0.0225 0.5144, -2.498 0.0225 0.5144, -2.502 0.0225 0.4344, -2.498 0.0225 0.4344, -2.502 -0.0661 0.4344, -2.502 -0.0761 0.4344, -2.502 -0.0661 0.4432, -2.502 -0.0761 0.4712, -2.502 -0.0661 0.4707, -2.502 -0.0445 0.4589, -2.502 -0.047 0.46, -2.502 -0.0527 0.4613, -2.502 -0.0661 0.4631, -2.502 -0.0661 0.4576, -2.502 -0.0658 0.4432, -2.502 -0.0605 0.4447, -2.502 -0.0642 0.4408, -2.502 -0.0577 0.4428, -2.502 -0.066 0.4569, -2.502 -0.0654 0.4524, -2.502 -0.0639 0.4489, -2.502 -0.0618 0.4459, -2.502 -0.0657 0.4752, -2.502 -0.0753 0.4788, -2.502 -0.0647 0.4787, -2.502 -0.0737 0.4834, -2.502 -0.0635 0.4808, -2.502 -0.0717 0.4866, -2.502 -0.062 0.4824, -2.502 -0.069 0.4892, -2.502 -0.0602 0.4836, -2.502 -0.0656 0.4911, -2.502 -0.0579 0.4844, -2.502 -0.0614 0.4923, -2.502 -0.0545 0.4847, -2.502 -0.0554 0.4929, -2.502 -0.0484 0.4841, -2.502 -0.0457 0.4918, -2.502 -0.0422 0.4819, -2.502 -0.0382 0.489, -2.502 -0.0357 0.4778, -2.502 -0.0357 0.4875, -2.502 -0.0424 0.4447, -2.502 -0.035 0.4375, -2.502 -0.0432 0.4438, -2.502 -0.0384 0.4352, -2.502 -0.0452 0.4425, -2.502 -0.0423 0.4337, -2.502 -0.0475 0.4416, -2.502 -0.0483 0.433, -2.502 -0.0509 0.4412, -2.502 -0.0534 0.4336, -2.502 -0.0546 0.4417, -2.502 -0.0575 0.4351, -2.502 -0.0611 0.4374, -2.502 -0.0404 0.4521, -2.502 -0.0302 0.4509, -2.502 -0.0403 0.4505, -2.502 -0.0301 0.4497, -2.502 -0.0406 0.4482, -2.502 -0.0306 0.4451, -2.502 -0.0412 0.4464, -2.502 -0.0318 0.4417, -2.502 -0.0339 0.4387, -2.502 -0.0491 0.4683, -2.502 -0.0416 0.4665, -2.502 -0.043 0.4577, -2.502 -0.0373 0.4643, -2.502 -0.0418 0.4563, -2.502 -0.0342 0.4616, -2.502 -0.0409 0.4544, -2.502 -0.0322 0.4588, -2.502 -0.0308 0.4552, -2.498 -0.0554 0.4929, -2.498 -0.0457 0.4918, -2.498 -0.0382 0.489, -2.498 -0.0357 0.4875, -2.498 -0.0357 0.4778, -2.498 -0.0422 0.4819, -2.498 -0.0484 0.4841, -2.498 -0.0545 0.4847, -2.498 -0.0579 0.4844, -2.498 -0.0602 0.4836, -2.498 -0.062 0.4824, -2.498 -0.0635 0.4808, -2.498 -0.0647 0.4787, -2.498 -0.0657 0.4752, -2.498 -0.0661 0.4707, -2.498 -0.0491 0.4683, -2.498 -0.0416 0.4665, -2.498 -0.0373 0.4643, -2.498 -0.0342 0.4616, -2.498 -0.0322 0.4588, -2.498 -0.0308 0.4552, -2.498 -0.0302 0.4509, -2.498 -0.0301 0.4497, -2.498 -0.0306 0.4451, -2.498 -0.0318 0.4417, -2.498 -0.0339 0.4387, -2.498 -0.035 0.4375, -2.498 -0.0483 0.433, -2.498 -0.0425 0.4337, -2.498 -0.0423 0.4337, -2.498 -0.0384 0.4352, -2.498 -0.0534 0.4336, -2.498 -0.0537 0.4337, -2.498 -0.0575 0.4351, -2.498 -0.0611 0.4374, -2.498 -0.0642 0.4408, -2.498 -0.0658 0.4432, -2.498 -0.0661 0.4432, -2.498 -0.0661 0.4344, -2.498 -0.0761 0.4344, -2.498 -0.0761 0.4712, -2.498 -0.0753 0.4788, -2.498 -0.0737 0.4834, -2.498 -0.0717 0.4866, -2.498 -0.069 0.4892, -2.498 -0.0656 0.4911, -2.498 -0.0614 0.4923, -2.498 -0.043 0.4577, -2.498 -0.0445 0.4589, -2.498 -0.047 0.46, -2.498 -0.0527 0.4613, -2.498 -0.0403 0.4505, -2.498 -0.0404 0.4521, -2.498 -0.0409 0.4544, -2.498 -0.0418 0.4563, -2.498 -0.0432 0.4438, -2.498 -0.0424 0.4447, -2.498 -0.0412 0.4464, -2.498 -0.0406 0.4482, -2.498 -0.0509 0.4412, -2.498 -0.0475 0.4416, -2.498 -0.0452 0.4425, -2.498 -0.0618 0.4459, -2.498 -0.0605 0.4447, -2.498 -0.0577 0.4428, -2.498 -0.0546 0.4417, -2.498 -0.0661 0.4576, -2.498 -0.066 0.4569, -2.498 -0.0654 0.4524, -2.498 -0.0639 0.4489, -2.498 -0.0661 0.4631
            ]
        }
        coordIndex [
            0,1,2,-1,2,1,3,-1,4,0,5,-1,5,0,2,-1,6,4,7,-1,7,4,5,-1,8,6,9,-1,9,6,7,-1,10,8,11,-1,11,8,9,-1,12,10,13,-1,13,10,11,-1,14,12,15,-1,15,12,13,-1,16,14,17,-1,17,14,15,-1,18,16,19,-1,19,16,17,-1,20,18,21,-1,21,18,19,-1,22,20,23,-1,23,20,21,-1,1,22,3,-1,3,22,23,-1,16,18,14,-1,14,18,20,-1,14,20,12,-1,1,0,22,-1,22,0,4,-1,22,4,6,-1,8,10,6,-1,6,10,12,-1,6,12,22,-1,22,12,20,-1,24,25,26,-1,26,25,27,-1,28,29,30,-1,31,32,27,-1,27,32,33,-1,34,35,36,-1,36,35,37,-1,33,38,27,-1,27,38,39,-1,27,39,26,-1,26,39,40,-1,26,40,34,-1,34,40,41,-1,34,41,35,-1,30,31,28,-1,28,31,27,-1,28,27,42,-1,42,27,43,-1,42,43,44,-1,44,43,45,-1,44,45,46,-1,46,45,47,-1,46,47,48,-1,48,47,49,-1,48,49,50,-1,50,49,51,-1,50,51,52,-1,52,51,53,-1,52,53,54,-1,54,53,55,-1,54,55,56,-1,56,55,57,-1,56,57,58,-1,58,57,59,-1,58,59,60,-1,60,59,61,-1,62,63,64,-1,64,63,65,-1,64,65,66,-1,66,65,67,-1,66,67,68,-1,68,67,69,-1,68,69,70,-1,70,69,71,-1,70,71,72,-1,72,71,73,-1,72,73,37,-1,37,73,74,-1,37,74,36,-1,75,76,77,-1,77,76,78,-1,77,78,79,-1,79,78,80,-1,79,80,81,-1,81,80,82,-1,81,82,62,-1,62,82,83,-1,62,83,63,-1,28,84,29,-1,29,84,85,-1,29,85,86,-1,86,85,87,-1,86,87,88,-1,88,87,89,-1,88,89,90,-1,90,89,91,-1,90,91,75,-1,75,91,92,-1,75,92,76,-1,55,93,94,-1,55,94,57,-1,57,94,95,-1,57,95,59,-1,59,95,96,-1,59,96,61,-1,60,61,97,-1,97,61,96,-1,60,97,98,-1,60,98,58,-1,58,98,99,-1,58,99,56,-1,56,99,100,-1,56,100,54,-1,54,100,101,-1,54,101,52,-1,52,101,102,-1,52,102,50,-1,50,102,103,-1,50,103,48,-1,48,103,104,-1,48,104,46,-1,46,104,105,-1,46,105,44,-1,44,105,106,-1,44,106,42,-1,42,106,107,-1,42,107,28,-1,84,28,108,-1,108,28,107,-1,84,108,109,-1,84,109,85,-1,85,109,110,-1,85,110,87,-1,87,110,111,-1,87,111,89,-1,89,111,112,-1,89,112,91,-1,91,112,113,-1,91,113,92,-1,92,113,114,-1,92,114,76,-1,76,114,115,-1,76,115,78,-1,78,115,116,-1,78,116,80,-1,80,116,117,-1,80,117,82,-1,82,117,118,-1,82,118,83,-1,83,118,119,-1,83,119,63,-1,120,69,121,-1,121,69,67,-1,121,67,122,-1,122,67,65,-1,122,65,123,-1,123,65,63,-1,123,63,119,-1,69,120,124,-1,69,124,71,-1,71,124,125,-1,71,125,73,-1,125,126,73,-1,73,126,127,-1,73,127,74,-1,74,127,128,-1,74,128,36,-1,36,128,129,-1,36,129,34,-1,26,34,130,-1,130,34,129,-1,24,26,131,-1,131,26,130,-1,25,24,132,-1,132,24,131,-1,27,25,133,-1,133,25,132,-1,27,133,134,-1,27,134,43,-1,43,134,135,-1,43,135,45,-1,45,135,136,-1,45,136,47,-1,47,136,137,-1,47,137,49,-1,49,137,138,-1,49,138,51,-1,51,138,139,-1,51,139,53,-1,53,139,93,-1,53,93,55,-1,86,140,141,-1,86,141,29,-1,29,141,142,-1,29,142,30,-1,30,142,143,-1,30,143,31,-1,77,144,145,-1,77,145,75,-1,75,145,146,-1,75,146,90,-1,90,146,147,-1,90,147,88,-1,88,147,140,-1,88,140,86,-1,64,148,149,-1,64,149,62,-1,62,149,150,-1,62,150,81,-1,81,150,151,-1,81,151,79,-1,79,151,144,-1,79,144,77,-1,70,152,153,-1,70,153,68,-1,68,153,154,-1,68,154,66,-1,66,154,148,-1,66,148,64,-1,41,155,156,-1,41,156,35,-1,35,156,157,-1,35,157,37,-1,37,157,158,-1,37,158,72,-1,72,158,152,-1,72,152,70,-1,33,159,160,-1,33,160,38,-1,38,160,161,-1,38,161,39,-1,39,161,162,-1,39,162,40,-1,40,162,155,-1,40,155,41,-1,33,32,159,-1,159,32,163,-1,32,31,163,-1,163,31,143,-1,
        ]
    }
}
Shape{
    appearance Appearance {
        material  Material 	{
            diffuseColor 0.25098039215686274 0.25098039215686274 0.25098039215686274
            specularColor 0.12549019607843137 0.12549019607843137 0.12549019607843137
            ambientIntensity 0.251
            transparency 0.0
            shininess 0.5
        }
    }
    geometry IndexedFaceSet {
        ccw TRUE
        solid FALSE
        coord DEF co Coordinate {
            point [
                -2.498 -0.0661 0.4631, -2.498 -0.0527 0.4613, -2.498 -0.0661 0.4576, -2.498 -0.047 0.46, -2.498 -0.0445 0.4589, -2.498 -0.043 0.4577, -2.498 -0.066 0.4569, -2.498 -0.0654 0.4524, -2.498 -0.0418 0.4563, -2.498 -0.0639 0.4489, -2.498 -0.0424 0.4447, -2.498 -0.0432 0.4438, -2.498 -0.0605 0.4447, -2.498 -0.0412 0.4464, -2.498 -0.0577 0.4428, -2.498 -0.0546 0.4417, -2.498 -0.0509 0.4412, -2.498 -0.0409 0.4544, -2.498 -0.0404 0.4521, -2.498 -0.0618 0.4459, -2.498 -0.0403 0.4505, -2.498 -0.0406 0.4482, -2.498 -0.0452 0.4425, -2.498 -0.0475 0.4416
            ]
        }
        coordIndex [
            0,1,2,-1,2,1,3,-1,3,4,2,-1,2,4,5,-1,2,5,6,-1,6,5,7,-1,7,5,8,-1,7,8,9,-1,10,11,12,-1,10,12,13,-1,14,12,15,-1,15,12,16,-1,8,17,9,-1,9,17,18,-1,9,18,19,-1,19,18,20,-1,19,20,12,-1,12,20,21,-1,12,21,13,-1,11,22,12,-1,12,22,23,-1,12,23,16,-1,
        ]
    }
}
Shape{
    appearance Appearance {
        material  Material 	{
            diffuseColor 1.0 1.0 1.0
            specularColor 0.5019607843137255 0.5019607843137255 0.5019607843137255
            ambientIntensity 1.0
            transparency 0.0
            shininess 0.5
        }
    }
    geometry IndexedFaceSet {
        ccw TRUE
        solid FALSE
        coord DEF co Coordinate {
            point [
                -2.498 -0.0897 0.4467, -2.502 -0.0897 0.4467, -2.502 -0.0936 0.4443, -2.502 -0.1062 0.4412, -2.498 -0.1062 0.4412, -2.498 -0.0999 0.4419, -2.502 -0.0999 0.4419, -2.498 -0.0943 0.444, -2.498 -0.0936 0.4443, -2.502 -0.0897 0.4364, -2.498 -0.0897 0.4364, -2.502 -0.0969 0.4339, -2.498 -0.0943 0.4348, -2.498 -0.1052 0.433, -2.502 -0.1052 0.433, -2.498 -0.0986 0.4337, -2.498 -0.0969 0.4339, -2.502 -0.1144 0.4341, -2.498 -0.1108 0.4337, -2.498 -0.1144 0.4341, -2.498 -0.1196 0.4362, -2.502 -0.1196 0.4362, -2.498 -0.1219 0.4376, -2.502 -0.1219 0.4376, -2.498 -0.1247 0.4401, -2.502 -0.1247 0.4401, -2.498 -0.1266 0.4427, -2.502 -0.1266 0.4427, -2.498 -0.1278 0.4459, -2.502 -0.1278 0.4459, -2.498 -0.1283 0.4499, -2.502 -0.1283 0.4499, -2.498 -0.1279 0.4537, -2.502 -0.1279 0.4537, -2.498 -0.1268 0.4566, -2.502 -0.1268 0.4566, -2.498 -0.1249 0.4594, -2.502 -0.1249 0.4594, -2.498 -0.1226 0.4615, -2.502 -0.1226 0.4615, -2.498 -0.1159 0.4652, -2.502 -0.1159 0.4652, -2.498 -0.112 0.4668, -2.502 -0.112 0.4668, -2.498 -0.1058 0.4695, -2.502 -0.1058 0.4695, -2.498 -0.1023 0.4717, -2.502 -0.1023 0.4717, -2.498 -0.1013 0.4728, -2.502 -0.1013 0.4728, -2.498 -0.1006 0.4741, -2.502 -0.1006 0.4741, -2.498 -0.1002 0.4757, -2.502 -0.1002 0.4757, -2.498 -0.1001 0.477, -2.502 -0.1001 0.477, -2.498 -0.1003 0.4786, -2.502 -0.1003 0.4786, -2.498 -0.1008 0.48, -2.502 -0.1008 0.48, -2.498 -0.1016 0.4813, -2.502 -0.1016 0.4813, -2.498 -0.1031 0.4826, -2.502 -0.1031 0.4826, -2.498 -0.1054 0.4838, -2.502 -0.1054 0.4838, -2.498 -0.1081 0.4845, -2.502 -0.1081 0.4845, -2.498 -0.111 0.4847, -2.502 -0.111 0.4847, -2.498 -0.1176 0.484, -2.502 -0.1176 0.484, -2.498 -0.1233 0.4819, -2.502 -0.1233 0.4819, -2.498 -0.1256 0.4806, -2.502 -0.1256 0.4806, -2.502 -0.1256 0.4903, -2.498 -0.1256 0.4903, -2.498 -0.1175 0.4925, -2.502 -0.1175 0.4925, -2.498 -0.112 0.4929, -2.502 -0.112 0.4929, -2.498 -0.1046 0.4921, -2.502 -0.1046 0.4921, -2.498 -0.0991 0.4901, -2.502 -0.0991 0.4901, -2.498 -0.0962 0.4883, -2.502 -0.0962 0.4883, -2.498 -0.0943 0.4867, -2.502 -0.0932 0.4856, -2.498 -0.0932 0.4856, -2.498 -0.0913 0.4829, -2.502 -0.0913 0.4829, -2.498 -0.0901 0.4797, -2.502 -0.0901 0.4797, -2.498 -0.0897 0.4761, -2.502 -0.0897 0.4761, -2.498 -0.0902 0.4722, -2.502 -0.0902 0.4722, -2.498 -0.0913 0.4692, -2.502 -0.0913 0.4692, -2.498 -0.0926 0.4671, -2.502 -0.0926 0.4671, -2.498 -0.1049 0.4595, -2.502 -0.1049 0.4595, -2.502 -0.0989 0.4622, -2.498 -0.0942 0.4654, -2.502 -0.0942 0.4654, -2.498 -0.0943 0.4653, -2.498 -0.0989 0.4622, -2.498 -0.1115 0.4567, -2.502 -0.1115 0.4567, -2.498 -0.1154 0.4544, -2.502 -0.1154 0.4544, -2.498 -0.1167 0.4531, -2.502 -0.1167 0.4531, -2.498 -0.1174 0.4518, -2.502 -0.1174 0.4518, -2.498 -0.1179 0.4502, -2.502 -0.1179 0.4502, -2.498 -0.118 0.4489, -2.502 -0.118 0.4489, -2.498 -0.1178 0.447, -2.502 -0.1178 0.447, -2.498 -0.1173 0.4456, -2.502 -0.1173 0.4456, -2.498 -0.1164 0.4443, -2.502 -0.1164 0.4443, -2.498 -0.1153 0.4433, -2.502 -0.1153 0.4433, -2.498 -0.1143 0.4427, -2.502 -0.1143 0.4427, -2.498 -0.1118 0.4418, -2.502 -0.1118 0.4418, -2.498 -0.1066 0.4412, -2.502 -0.1066 0.4412, -2.502 -0.178 0.4916, -2.502 -0.1884 0.4916, -2.498 -0.178 0.4916, -2.498 -0.1884 0.4916, -2.502 -0.1624 0.4485, -2.498 -0.1624 0.4485, -2.498 -0.1616 0.4458, -2.502 -0.1616 0.4458, -2.498 -0.1612 0.4439, -2.502 -0.1612 0.4439, -2.502 -0.1609 0.4439, -2.498 -0.1609 0.4439, -2.502 -0.1597 0.4486, -2.498 -0.1597 0.4486, -2.498 -0.1447 0.4916, -2.502 -0.1447 0.4916, -2.498 -0.1496 0.4776, -2.502 -0.1335 0.4916, -2.498 -0.1335 0.4916, -2.498 -0.156 0.4345, -2.502 -0.156 0.4345, -2.498 -0.1496 0.4507, -2.498 -0.1516 0.4241, -2.502 -0.1516 0.4241, -2.498 -0.1556 0.4337, -2.498 -0.1496 0.4205, -2.502 -0.1496 0.4205, -2.498 -0.1496 0.4205, -2.502 -0.1477 0.4184, -2.498 -0.1477 0.4184, -2.498 -0.1459 0.4171, -2.502 -0.1459 0.4171, -2.498 -0.1437 0.4163, -2.502 -0.1437 0.4163, -2.498 -0.1413 0.416, -2.502 -0.1413 0.416, -2.498 -0.1376 0.4165, -2.502 -0.1376 0.4165, -2.498 -0.1356 0.4172, -2.502 -0.1356 0.4172, -2.502 -0.1356 0.4083, -2.498 -0.1356 0.4083, -2.498 -0.1398 0.4075, -2.502 -0.1398 0.4075, -2.498 -0.1421 0.4074, -2.502 -0.1421 0.4074, -2.498 -0.1461 0.4079, -2.502 -0.1461 0.4079, -2.498 -0.1496 0.4092, -2.502 -0.1501 0.4094, -2.498 -0.1501 0.4094, -2.498 -0.1536 0.4119, -2.502 -0.1536 0.4119, -2.498 -0.1542 0.4125, -2.502 -0.1542 0.4125, -2.498 -0.1579 0.4169, -2.502 -0.1579 0.4169, -2.498 -0.1625 0.4257, -2.502 -0.1625 0.4257, -2.498 -0.1656 0.4337, -2.502 -0.2423 0.4435, -2.502 -0.2423 0.4344, -2.498 -0.2423 0.4435, -2.498 -0.2423 0.4344, -2.498 -0.2096 0.4435, -2.502 -0.2096 0.4435, -2.498 -0.2245 0.4435, -2.502 -0.2096 0.4704, -2.498 -0.2096 0.4704, -2.498 -0.2382 0.4704, -2.502 -0.2382 0.4704, -2.498 -0.2245 0.4704, -2.502 -0.2382 0.4796, -2.498 -0.2382 0.4796, -2.498 -0.2096 0.4796, -2.502 -0.2096 0.4796, -2.498 -0.2245 0.4796, -2.502 -0.2096 0.5052, -2.498 -0.2096 0.5052, -2.498 -0.2405 0.5052, -2.502 -0.2405 0.5052, -2.498 -0.2245 0.5052, -2.502 -0.2405 0.5144, -2.498 -0.2405 0.5144, -2.498 -0.1992 0.5144, -2.502 -0.1992 0.5144, -2.498 -0.2245 0.5144, -2.502 -0.1992 0.4344, -2.498 -0.1992 0.4344, -2.498 -0.2245 0.4344, -2.502 -0.3115 0.4706, -2.502 -0.3223 0.4702, -2.502 -0.3117 0.4751, -2.502 -0.3226 0.4754, -2.502 -0.3106 0.4849, -2.502 -0.3215 0.4856, -2.502 -0.3084 0.4908, -2.502 -0.3187 0.4934, -2.502 -0.3053 0.4953, -2.502 -0.3139 0.5005, -2.502 -0.3029 0.4977, -2.502 -0.3105 0.5038, -2.502 -0.2968 0.5017, -2.502 -0.3027 0.5093, -2.502 -0.2898 0.5042, -2.502 -0.2931 0.5129, -2.502 -0.2798 0.5052, -2.502 -0.2803 0.5144, -2.502 -0.2677 0.5052, -2.502 -0.2574 0.5144, -2.502 -0.2677 0.4435, -2.502 -0.2574 0.4344, -2.502 -0.2794 0.4435, -2.502 -0.2794 0.4344, -2.502 -0.2896 0.4446, -2.502 -0.2928 0.436, -2.502 -0.2965 0.4471, -2.502 -0.302 0.4395, -2.502 -0.3017 0.4505, -2.502 -0.3097 0.4448, -2.502 -0.3032 0.4518, -2.502 -0.3105 0.4456, -2.502 -0.3074 0.4571, -2.502 -0.3164 0.4526, -2.502 -0.31 0.4631, -2.502 -0.3204 0.4608, -2.498 -0.2794 0.4344, -2.498 -0.2574 0.4344, -2.498 -0.2928 0.436, -2.498 -0.302 0.4395, -2.498 -0.3097 0.4448, -2.498 -0.3105 0.4456, -2.498 -0.3164 0.4526, -2.498 -0.3204 0.4608, -2.498 -0.3223 0.4702, -2.498 -0.3226 0.4754, -2.498 -0.3215 0.4856, -2.498 -0.3187 0.4934, -2.498 -0.3139 0.5005, -2.498 -0.3105 0.5038, -2.498 -0.3027 0.5093, -2.498 -0.2931 0.5129, -2.498 -0.2803 0.5144, -2.498 -0.2574 0.5144, -2.498 -0.2798 0.5052, -2.498 -0.2677 0.5052, -2.498 -0.2677 0.4435, -2.498 -0.2794 0.4435, -2.498 -0.3032 0.4518, -2.498 -0.3017 0.4505, -2.498 -0.2965 0.4471, -2.498 -0.2896 0.4446, -2.498 -0.3117 0.4751, -2.498 -0.3115 0.4706, -2.498 -0.31 0.4631, -2.498 -0.3074 0.4571, -2.498 -0.3029 0.4977, -2.498 -0.3053 0.4953, -2.498 -0.3084 0.4908, -2.498 -0.3106 0.4849, -2.498 -0.2898 0.5042, -2.498 -0.2968 0.5017
            ]
        }
        coordIndex [
            0,1,2,-1,3,4,5,-1,3,5,6,-1,6,5,7,-1,6,7,2,-1,2,7,8,-1,2,8,0,-1,9,1,10,-1,10,1,0,-1,9,10,11,-1,11,10,12,-1,13,14,15,-1,15,14,11,-1,15,11,16,-1,16,11,12,-1,14,13,17,-1,17,13,18,-1,18,19,17,-1,17,19,20,-1,17,20,21,-1,21,20,22,-1,21,22,23,-1,23,22,24,-1,23,24,25,-1,25,24,26,-1,25,26,27,-1,27,26,28,-1,27,28,29,-1,29,28,30,-1,29,30,31,-1,31,30,32,-1,31,32,33,-1,33,32,34,-1,33,34,35,-1,35,34,36,-1,35,36,37,-1,37,36,38,-1,37,38,39,-1,39,38,40,-1,39,40,41,-1,41,40,42,-1,41,42,43,-1,43,42,44,-1,43,44,45,-1,45,44,46,-1,45,46,47,-1,47,46,48,-1,47,48,49,-1,49,48,50,-1,49,50,51,-1,51,50,52,-1,51,52,53,-1,53,52,54,-1,53,54,55,-1,55,54,56,-1,55,56,57,-1,57,56,58,-1,57,58,59,-1,59,58,60,-1,59,60,61,-1,61,60,62,-1,61,62,63,-1,63,62,64,-1,63,64,65,-1,65,64,66,-1,65,66,67,-1,67,66,68,-1,67,68,69,-1,69,68,70,-1,69,70,71,-1,71,70,72,-1,71,72,73,-1,73,72,74,-1,73,74,75,-1,76,75,77,-1,77,75,74,-1,76,77,78,-1,76,78,79,-1,79,78,80,-1,79,80,81,-1,81,80,82,-1,81,82,83,-1,83,82,84,-1,83,84,85,-1,85,84,86,-1,85,86,87,-1,86,88,87,-1,87,88,89,-1,88,90,89,-1,89,90,91,-1,89,91,92,-1,92,91,93,-1,92,93,94,-1,94,93,95,-1,94,95,96,-1,96,95,97,-1,96,97,98,-1,98,97,99,-1,98,99,100,-1,100,99,101,-1,100,101,102,-1,103,104,105,-1,102,101,106,-1,102,106,107,-1,107,106,108,-1,107,108,105,-1,105,108,109,-1,105,109,103,-1,104,103,110,-1,104,110,111,-1,111,110,112,-1,111,112,113,-1,113,112,114,-1,113,114,115,-1,115,114,116,-1,115,116,117,-1,117,116,118,-1,117,118,119,-1,119,118,120,-1,119,120,121,-1,121,120,122,-1,121,122,123,-1,123,122,124,-1,123,124,125,-1,125,124,126,-1,125,126,127,-1,127,126,128,-1,127,128,129,-1,129,128,130,-1,129,130,131,-1,131,130,132,-1,131,132,133,-1,133,132,134,-1,133,134,135,-1,135,134,4,-1,135,4,3,-1,61,63,85,-1,85,63,83,-1,111,43,104,-1,104,43,45,-1,21,23,127,-1,127,23,25,-1,127,25,125,-1,125,25,27,-1,125,27,123,-1,123,27,29,-1,123,29,121,-1,121,29,31,-1,121,31,119,-1,119,31,33,-1,119,33,117,-1,117,33,35,-1,117,35,115,-1,115,35,37,-1,115,37,113,-1,113,37,39,-1,113,39,111,-1,111,39,41,-1,111,41,43,-1,14,3,11,-1,11,3,6,-1,11,6,9,-1,9,6,2,-1,9,2,1,-1,63,65,83,-1,83,65,67,-1,83,67,81,-1,81,67,69,-1,81,69,79,-1,79,69,71,-1,79,71,76,-1,76,71,73,-1,76,73,75,-1,127,129,21,-1,21,129,131,-1,21,131,17,-1,17,131,133,-1,17,133,14,-1,14,133,135,-1,14,135,3,-1,85,87,61,-1,61,87,89,-1,61,89,59,-1,59,89,92,-1,59,92,57,-1,57,92,94,-1,57,94,55,-1,55,94,96,-1,55,96,53,-1,53,96,98,-1,53,98,51,-1,51,98,100,-1,51,100,49,-1,49,100,102,-1,49,102,47,-1,47,102,107,-1,47,107,45,-1,45,107,105,-1,45,105,104,-1,136,137,138,-1,138,137,139,-1,140,136,141,-1,141,136,138,-1,140,141,142,-1,140,142,143,-1,143,142,144,-1,143,144,145,-1,146,145,147,-1,147,145,144,-1,148,146,149,-1,149,146,147,-1,150,151,152,-1,152,151,148,-1,152,148,149,-1,153,151,154,-1,154,151,150,-1,155,156,157,-1,157,156,153,-1,157,153,154,-1,158,159,160,-1,160,159,156,-1,160,156,155,-1,159,158,161,-1,159,161,162,-1,162,161,163,-1,162,163,164,-1,163,165,164,-1,164,165,166,-1,164,166,167,-1,167,166,168,-1,167,168,169,-1,169,168,170,-1,169,170,171,-1,171,170,172,-1,171,172,173,-1,173,172,174,-1,173,174,175,-1,176,175,177,-1,177,175,174,-1,176,177,178,-1,176,178,179,-1,179,178,180,-1,179,180,181,-1,181,180,182,-1,181,182,183,-1,183,182,184,-1,183,184,185,-1,184,186,185,-1,185,186,187,-1,185,187,188,-1,188,187,189,-1,188,189,190,-1,190,189,191,-1,190,191,192,-1,192,191,193,-1,192,193,194,-1,139,137,195,-1,195,137,194,-1,195,194,193,-1,143,145,194,-1,137,136,194,-1,194,136,140,-1,194,140,143,-1,151,153,148,-1,148,153,156,-1,148,156,146,-1,192,162,190,-1,190,162,164,-1,175,176,173,-1,173,176,179,-1,173,179,171,-1,171,179,181,-1,171,181,169,-1,169,181,183,-1,169,183,167,-1,167,183,185,-1,167,185,164,-1,164,185,188,-1,164,188,190,-1,145,146,194,-1,194,146,156,-1,194,156,192,-1,192,156,159,-1,192,159,162,-1,196,197,198,-1,198,197,199,-1,200,201,202,-1,202,201,196,-1,202,196,198,-1,203,201,204,-1,204,201,200,-1,205,206,207,-1,207,206,203,-1,207,203,204,-1,208,206,209,-1,209,206,205,-1,210,211,212,-1,212,211,208,-1,212,208,209,-1,213,211,214,-1,214,211,210,-1,215,216,217,-1,217,216,213,-1,217,213,214,-1,218,216,219,-1,219,216,215,-1,220,221,222,-1,222,221,218,-1,222,218,219,-1,223,221,224,-1,224,221,220,-1,199,197,225,-1,225,197,223,-1,225,223,224,-1,223,197,196,-1,196,201,223,-1,223,201,203,-1,223,203,221,-1,216,218,213,-1,213,218,221,-1,213,221,211,-1,211,221,203,-1,211,203,208,-1,208,203,206,-1,226,227,228,-1,228,227,229,-1,228,229,230,-1,230,229,231,-1,230,231,232,-1,232,231,233,-1,232,233,234,-1,234,233,235,-1,234,235,236,-1,236,235,237,-1,236,237,238,-1,238,237,239,-1,238,239,240,-1,240,239,241,-1,240,241,242,-1,242,241,243,-1,242,243,244,-1,244,243,245,-1,244,245,246,-1,246,245,247,-1,246,247,248,-1,248,247,249,-1,248,249,250,-1,250,249,251,-1,250,251,252,-1,252,251,253,-1,252,253,254,-1,254,253,255,-1,254,255,256,-1,256,255,257,-1,256,257,258,-1,258,257,259,-1,258,259,260,-1,260,259,261,-1,260,261,226,-1,226,261,227,-1,249,247,262,-1,262,247,263,-1,249,262,264,-1,249,264,251,-1,251,264,265,-1,251,265,253,-1,253,265,266,-1,253,266,255,-1,255,266,267,-1,255,267,257,-1,257,267,268,-1,257,268,259,-1,259,268,269,-1,259,269,261,-1,261,269,270,-1,261,270,227,-1,227,270,271,-1,227,271,229,-1,229,271,272,-1,229,272,231,-1,231,272,273,-1,231,273,233,-1,233,273,274,-1,233,274,235,-1,235,274,275,-1,235,275,237,-1,237,275,276,-1,237,276,239,-1,239,276,277,-1,239,277,241,-1,241,277,278,-1,241,278,243,-1,245,243,279,-1,279,243,278,-1,247,245,263,-1,263,245,279,-1,242,244,280,-1,280,244,281,-1,244,246,281,-1,281,246,282,-1,246,248,282,-1,282,248,283,-1,256,284,285,-1,256,285,254,-1,254,285,286,-1,254,286,252,-1,252,286,287,-1,252,287,250,-1,250,287,283,-1,250,283,248,-1,228,288,289,-1,228,289,226,-1,226,289,290,-1,226,290,260,-1,260,290,291,-1,260,291,258,-1,258,291,284,-1,258,284,256,-1,236,292,293,-1,236,293,234,-1,234,293,294,-1,234,294,232,-1,232,294,295,-1,232,295,230,-1,230,295,288,-1,230,288,228,-1,242,280,296,-1,242,296,240,-1,240,296,297,-1,240,297,238,-1,238,297,292,-1,238,292,236,-1,
        ]
    }
}
Shape{
    appearance Appearance {
        material  Material 	{
            diffuseColor 0.25098039215686274 0.25098039215686274 0.25098039215686274
            specularColor 0.12549019607843137 0.12549019607843137 0.12549019607843137
            ambientIntensity 0.251
            transparency 0.0
            shininess 0.5
        }
    }
    geometry IndexedFaceSet {
        ccw TRUE
        solid FALSE
        coord DEF co Coordinate {
            point [
                -2.498 -0.2677 0.5052, -2.498 -0.2677 0.4435, -2.498 -0.2798 0.5052, -2.498 -0.2794 0.4435, -2.498 -0.2896 0.4446, -2.498 -0.2965 0.4471, -2.498 -0.3017 0.4505, -2.498 -0.3032 0.4518, -2.498 -0.3074 0.4571, -2.498 -0.31 0.4631, -2.498 -0.3115 0.4706, -2.498 -0.3117 0.4751, -2.498 -0.3106 0.4849, -2.498 -0.3084 0.4908, -2.498 -0.3053 0.4953, -2.498 -0.3029 0.4977, -2.498 -0.2898 0.5042, -2.498 -0.2968 0.5017
            ]
        }
        coordIndex [
            0,1,2,-1,2,1,3,-1,2,3,4,-1,4,5,2,-1,2,5,6,-1,2,6,7,-1,7,8,2,-1,2,8,9,-1,2,9,10,-1,10,11,2,-1,2,11,12,-1,2,12,13,-1,13,14,2,-1,2,14,15,-1,2,15,16,-1,16,15,17,-1,
        ]
    }
}
Shape{
    appearance Appearance {
        material  Material 	{
            diffuseColor 1.0 1.0 1.0
            specularColor 0.5019607843137255 0.5019607843137255 0.5019607843137255
            ambientIntensity 1.0
            transparency 0.0
            shininess 0.5
        }
    }
    geometry IndexedFaceSet {
        ccw TRUE
        solid FALSE
        coord DEF co Coordinate {
            point [
                -2.502 -0.3494 0.4653, -2.502 -0.3614 0.4986, -2.502 -0.3575 0.5144, -2.502 -0.327 0.4344, -2.502 -0.3385 0.4344, -2.502 -0.3462 0.4563, -2.502 -0.3621 0.501, -2.502 -0.3627 0.5042, -2.502 -0.3686 0.5144, -2.502 -0.363 0.5042, -2.502 -0.3636 0.5008, -2.502 -0.3642 0.4986, -2.502 -0.3763 0.4653, -2.502 -0.3991 0.4344, -2.502 -0.3877 0.4344, -2.502 -0.3795 0.4563, -2.498 -0.3686 0.5144, -2.498 -0.3991 0.4344, -2.498 -0.3575 0.5144, -2.498 -0.327 0.4344, -2.498 -0.3385 0.4344, -2.498 -0.3462 0.4563, -2.498 -0.3795 0.4563, -2.498 -0.3877 0.4344, -2.498 -0.3494 0.4653, -2.498 -0.3763 0.4653, -2.498 -0.3642 0.4986, -2.498 -0.363 0.5042, -2.498 -0.3636 0.5008, -2.498 -0.3627 0.5042, -2.498 -0.3614 0.4986, -2.498 -0.3621 0.501
            ]
        }
        coordIndex [
            0,1,2,-1,3,4,5,-1,1,6,2,-1,2,6,7,-1,2,7,8,-1,8,7,9,-1,8,9,10,-1,10,11,8,-1,8,11,12,-1,8,12,13,-1,14,13,15,-1,15,13,12,-1,15,12,5,-1,5,12,0,-1,5,0,3,-1,3,0,2,-1,8,13,16,-1,16,13,17,-1,2,8,18,-1,18,8,16,-1,3,2,19,-1,19,2,18,-1,4,3,20,-1,20,3,19,-1,5,4,21,-1,21,4,20,-1,15,5,22,-1,22,5,21,-1,14,15,23,-1,23,15,22,-1,13,14,17,-1,17,14,23,-1,0,12,24,-1,24,12,25,-1,12,11,25,-1,25,11,26,-1,9,27,28,-1,9,28,10,-1,10,28,26,-1,10,26,11,-1,9,7,27,-1,27,7,29,-1,1,30,31,-1,1,31,6,-1,6,31,29,-1,6,29,7,-1,1,0,30,-1,30,0,24,-1,
        ]
    }
}
Shape{
    appearance Appearance {
        material  Material 	{
            diffuseColor 0.25098039215686274 0.25098039215686274 0.25098039215686274
            specularColor 0.12549019607843137 0.12549019607843137 0.12549019607843137
            ambientIntensity 0.251
            transparency 0.0
            shininess 0.5
        }
    }
    geometry IndexedFaceSet {
        ccw TRUE
        solid FALSE
        coord DEF co Coordinate {
            point [
                -2.498 -0.363 0.5042, -2.498 -0.3627 0.5042, -2.498 -0.3636 0.5008, -2.498 -0.3621 0.501, -2.498 -0.3642 0.4986, -2.498 -0.3614 0.4986, -2.498 -0.3763 0.4653, -2.498 -0.3494 0.4653
            ]
        }
        coordIndex [
            0,1,2,-1,2,1,3,-1,2,3,4,-1,4,3,5,-1,4,5,6,-1,6,5,7,-1,
        ]
    }
}
Shape{
    appearance Appearance {
        material  Material 	{
            diffuseColor 1.0 1.0 1.0
            specularColor 0.5019607843137255 0.5019607843137255 0.5019607843137255
            ambientIntensity 1.0
            transparency 0.0
            shininess 0.5
        }
    }
    geometry IndexedFaceSet {
        ccw TRUE
        solid FALSE
        coord DEF co Coordinate {
            point [
                -2.502 0.3761 0.423, -2.502 0.3676 0.4125, -2.502 0.3813 0.4734, -2.502 0.1911 0.5013, -2.502 0.2088 0.5314, -2.502 0.2851 0.4916, -2.502 0.3236 0.4746, -2.502 0.3183 0.4727, -2.502 0.3913 0.5722, -2.502 0.3786 0.579, -2.502 0.3815 0.6141, -2.502 0.346 0.6157, -2.502 0.3283 0.5741, -2.502 0.3196 0.5922, -2.502 0.3937 0.481, -2.502 0.3891 0.4374, -2.502 0.3819 0.4352, -2.502 0.3591 0.6168, -2.502 0.3137 0.4696, -2.502 0.3101 0.4655, -2.502 0.2708 0.4591, -2.502 0.3339 0.4744, -2.502 0.3414 0.5093, -2.502 0.3389 0.4724, -2.502 0.354 0.5044, -2.502 0.3433 0.4692, -2.502 0.3656 0.4963, -2.502 0.3456 0.4669, -2.502 0.375 0.4856, -2.502 0.3485 0.4622, -2.502 0.3502 0.4568, -2.502 0.3505 0.4512, -2.502 0.3071 0.5071, -2.502 0.3209 0.5105, -2.502 0.3278 0.5109, -2.502 0.3343 0.6293, -2.502 0.3068 0.6074, -2.502 0.3209 0.6407, -2.502 0.2916 0.6185, -2.502 0.307 0.6494, -2.502 0.3646 0.5824, -2.502 0.3585 0.5827, -2.502 0.3525 0.6165, -2.502 0.345 0.581, -2.502 0.3322 0.5763, -2.502 0.3076 0.4608, -2.502 0.3063 0.4555, -2.502 0.2708 0.4534, -2.502 0.3063 0.4503, -2.502 0.2712 0.4474, -2.502 0.1092 0.4597, -2.502 0.1385 0.4796, -2.502 0.1246 0.4466, -2.502 0.1476 0.4735, -2.502 0.142 0.4381, -2.502 0.1581 0.4697, -2.502 0.161 0.4341, -2.502 0.1644 0.4688, -2.502 0.1946 0.4341, -2.502 0.19 0.4688, -2.502 0.1978 0.4346, -2.502 0.3283 0.4751, -2.502 0.2951 0.5007, -2.502 0.1724 0.5576, -2.502 0.1678 0.5576, -2.502 0.1445 0.5884, -2.502 0.1581 0.5566, -2.502 0.1417 0.5875, -2.502 0.1481 0.553, -2.502 0.1248 0.5791, -2.502 0.1391 0.5471, -2.502 0.1093 0.566, -2.502 0.1316 0.539, -2.502 0.0977 0.5498, -2.502 0.1263 0.5291, -2.502 0.0907 0.5324, -2.502 0.1237 0.5182, -2.502 0.0881 0.5138, -2.502 0.1234 0.5132, -2.502 0.0907 0.4935, -2.502 0.1245 0.5034, -2.502 0.0978 0.4755, -2.502 0.1281 0.4931, -2.502 0.1341 0.4841, -2.502 0.1752 0.6333, -2.502 0.1976 0.6073, -2.502 0.1564 0.6115, -2.502 0.1847 0.592, -2.502 0.1759 0.5737, -2.502 0.4137 0.5396, -2.502 0.4511 0.53, -2.502 0.4154 0.5257, -2.502 0.4513 0.5246, -2.502 0.4147 0.5168, -2.502 0.4485 0.5023, -2.502 0.4106 0.5029, -2.502 0.4404 0.4811, -2.502 0.4039 0.4915, -2.502 0.4274 0.4626, -2.502 0.4097 0.4474, -2.502 0.4026 0.6059, -2.502 0.4207 0.5931, -2.502 0.4009 0.5636, -2.502 0.4246 0.5895, -2.502 0.4088 0.5523, -2.502 0.4383 0.5719, -2.502 0.4473 0.5514, -2.502 0.3494 0.4459, -2.502 0.3472 0.4411, -2.502 0.2808 0.6595, -2.502 0.2731 0.6261, -2.502 0.2526 0.6629, -2.502 0.2521 0.6288, -2.502 0.2292 0.6605, -2.502 0.2327 0.6264, -2.502 0.2006 0.6504, -2.502 0.2149 0.6195, -2.502 0.1989 0.6084, -2.502 0.2745 0.4333, -2.502 0.3076 0.4449, -2.502 0.2813 0.4207, -2.502 0.3103 0.44, -2.502 0.2899 0.411, -2.502 0.3134 0.4365, -2.502 0.3012 0.4031, -2.502 0.3177 0.4334, -2.502 0.3139 0.3982, -2.502 0.3226 0.4314, -2.502 0.3278 0.3965, -2.502 0.3283 0.4307, -2.502 0.3299 0.3966, -2.502 0.3293 0.4307, -2.502 0.3433 0.3986, -2.502 0.3344 0.4315, -2.502 0.3565 0.4041, -2.502 0.3396 0.4337, -2.502 0.3439 0.4371, -2.502 0.1929 0.4693, -2.502 0.2065 0.4401, -2.502 0.2052 0.4387, -2.502 0.1912 0.469, -2.502 0.2015 0.4361, -2.502 0.2111 0.4517, -2.502 0.2105 0.4475, -2.502 0.209 0.4436, -2.502 0.1978 0.4688, -2.502 0.2017 0.4673, -2.502 0.2109 0.454, -2.502 0.2052 0.4648, -2.502 0.2076 0.4622, -2.502 0.2098 0.4583, -2.502 0.1934 0.4694, -2.498 0.1055 0.5607, -2.498 0.0977 0.5498, -2.498 0.0927 0.5372, -2.498 0.0907 0.5324, -2.498 0.0881 0.5138, -2.498 0.1093 0.566, -2.498 0.1248 0.5791, -2.498 0.1417 0.5875, -2.498 0.1445 0.5884, -2.498 0.1564 0.6115, -2.498 0.1752 0.6333, -2.498 0.1883 0.6421, -2.498 0.2006 0.6504, -2.498 0.2292 0.6605, -2.498 0.2526 0.6629, -2.498 0.2808 0.6595, -2.498 0.307 0.6494, -2.498 0.3187 0.6421, -2.498 0.3209 0.6407, -2.498 0.3343 0.6293, -2.498 0.346 0.6157, -2.498 0.3525 0.6165, -2.498 0.3591 0.6168, -2.498 0.3815 0.6141, -2.498 0.4026 0.6059, -2.498 0.4207 0.5931, -2.498 0.4246 0.5895, -2.498 0.4383 0.5719, -2.498 0.4432 0.5607, -2.498 0.4473 0.5514, -2.498 0.4499 0.5372, -2.498 0.4511 0.53, -2.498 0.4513 0.5246, -2.498 0.4485 0.5023, -2.498 0.4404 0.4811, -2.498 0.4274 0.4626, -2.498 0.4097 0.4474, -2.498 0.3891 0.4374, -2.498 0.3819 0.4352, -2.498 0.3811 0.4337, -2.498 0.3761 0.423, -2.498 0.3676 0.4125, -2.498 0.3565 0.4041, -2.498 0.3513 0.402, -2.498 0.3433 0.3986, -2.498 0.3299 0.3966, -2.498 0.3278 0.3965, -2.498 0.2708 0.4534, -2.498 0.3139 0.3982, -2.498 0.3042 0.402, -2.498 0.3012 0.4031, -2.498 0.2899 0.411, -2.498 0.2813 0.4207, -2.498 0.2745 0.4333, -2.498 0.2745 0.4337, -2.498 0.2712 0.4474, -2.498 0.2708 0.4591, -2.498 0.1911 0.5013, -2.498 0.2088 0.5314, -2.498 0.2851 0.4916, -2.498 0.2951 0.5007, -2.498 0.3071 0.5071, -2.498 0.3209 0.5105, -2.498 0.3278 0.5109, -2.498 0.3414 0.5093, -2.498 0.354 0.5044, -2.498 0.3656 0.4963, -2.498 0.375 0.4856, -2.498 0.3813 0.4734, -2.498 0.3937 0.481, -2.498 0.4039 0.4915, -2.498 0.4106 0.5029, -2.498 0.4147 0.5168, -2.498 0.4154 0.5257, -2.498 0.414 0.5372, -2.498 0.4137 0.5396, -2.498 0.4088 0.5523, -2.498 0.403 0.5607, -2.498 0.4009 0.5636, -2.498 0.3913 0.5722, -2.498 0.3786 0.579, -2.498 0.3646 0.5824, -2.498 0.3585 0.5827, -2.498 0.345 0.581, -2.498 0.3322 0.5763, -2.498 0.3283 0.5741, -2.498 0.3196 0.5922, -2.498 0.3068 0.6074, -2.498 0.2916 0.6185, -2.498 0.2731 0.6261, -2.498 0.2521 0.6288, -2.498 0.2327 0.6264, -2.498 0.2149 0.6195, -2.498 0.1989 0.6084, -2.498 0.1976 0.6073, -2.498 0.1847 0.592, -2.498 0.1759 0.5737, -2.498 0.173 0.5607, -2.498 0.1724 0.5576, -2.498 0.1678 0.5576, -2.498 0.1581 0.5566, -2.498 0.1481 0.553, -2.498 0.1391 0.5471, -2.498 0.1316 0.539, -2.498 0.1307 0.5372, -2.498 0.1263 0.5291, -2.498 0.1237 0.5182, -2.498 0.1234 0.5132, -2.498 0.1245 0.5034, -2.498 0.1281 0.4931, -2.498 0.1341 0.4841, -2.498 0.1385 0.4796, -2.498 0.1476 0.4735, -2.498 0.1581 0.4697, -2.498 0.1644 0.4688, -2.498 0.19 0.4688, -2.498 0.1912 0.469, -2.498 0.1929 0.4693, -2.498 0.1934 0.4694, -2.498 0.1978 0.4688, -2.498 0.2017 0.4673, -2.498 0.2052 0.4648, -2.498 0.2076 0.4622, -2.498 0.2098 0.4583, -2.498 0.2109 0.454, -2.498 0.2111 0.4517, -2.498 0.2105 0.4475, -2.498 0.209 0.4436, -2.498 0.2065 0.4401, -2.498 0.2052 0.4387, -2.498 0.2015 0.4361, -2.498 0.1978 0.4346, -2.498 0.1946 0.4341, -2.498 0.161 0.4341, -2.498 0.142 0.4381, -2.498 0.1246 0.4466, -2.498 0.1092 0.4597, -2.498 0.0978 0.4755, -2.498 0.0907 0.4935, -2.498 0.3283 0.4751, -2.498 0.3236 0.4746, -2.498 0.3183 0.4727, -2.498 0.3137 0.4696, -2.498 0.3101 0.4655, -2.498 0.3076 0.4608, -2.498 0.3063 0.4555, -2.498 0.3063 0.4503, -2.498 0.3076 0.4449, -2.498 0.3103 0.44, -2.498 0.3134 0.4365, -2.498 0.3177 0.4334, -2.498 0.3226 0.4314, -2.498 0.3283 0.4307, -2.498 0.3293 0.4307, -2.498 0.3344 0.4315, -2.498 0.3396 0.4337, -2.498 0.3439 0.4371, -2.498 0.3472 0.4411, -2.498 0.3494 0.4459, -2.498 0.3505 0.4512, -2.498 0.3502 0.4568, -2.498 0.3485 0.4622, -2.498 0.3456 0.4669, -2.498 0.3433 0.4692, -2.498 0.3389 0.4724, -2.498 0.3339 0.4744
            ]
        }
        coordIndex [
            0,1,2,-1,3,4,5,-1,6,7,3,-1,8,9,10,-1,11,12,13,-1,14,15,2,-1,2,15,16,-1,2,16,0,-1,10,9,17,-1,7,18,3,-1,3,18,19,-1,3,19,20,-1,21,22,23,-1,23,22,24,-1,23,24,25,-1,25,24,26,-1,25,26,27,-1,27,26,28,-1,27,28,29,-1,29,28,2,-1,29,2,30,-1,30,2,31,-1,32,33,21,-1,21,33,34,-1,21,34,22,-1,11,13,35,-1,35,13,36,-1,35,36,37,-1,37,36,38,-1,37,38,39,-1,9,40,17,-1,17,40,41,-1,17,41,42,-1,42,41,43,-1,42,43,11,-1,11,43,44,-1,11,44,12,-1,19,45,20,-1,20,45,46,-1,20,46,47,-1,47,46,48,-1,47,48,49,-1,50,51,52,-1,52,51,53,-1,52,53,54,-1,54,53,55,-1,54,55,56,-1,56,55,57,-1,56,57,58,-1,58,57,59,-1,58,59,60,-1,6,3,61,-1,61,3,5,-1,61,5,21,-1,21,5,62,-1,21,62,32,-1,63,64,65,-1,65,64,66,-1,65,66,67,-1,67,66,68,-1,67,68,69,-1,69,68,70,-1,69,70,71,-1,71,70,72,-1,71,72,73,-1,73,72,74,-1,73,74,75,-1,75,74,76,-1,75,76,77,-1,77,76,78,-1,77,78,79,-1,79,78,80,-1,79,80,81,-1,81,80,82,-1,81,82,50,-1,50,82,83,-1,50,83,51,-1,84,85,86,-1,86,85,87,-1,86,87,65,-1,65,87,88,-1,65,88,63,-1,89,90,91,-1,91,90,92,-1,91,92,93,-1,93,92,94,-1,93,94,95,-1,95,94,96,-1,95,96,97,-1,97,96,98,-1,97,98,14,-1,14,98,99,-1,14,99,15,-1,10,100,8,-1,8,100,101,-1,8,101,102,-1,102,101,103,-1,102,103,104,-1,104,103,105,-1,104,105,89,-1,89,105,106,-1,89,106,90,-1,31,2,107,-1,107,2,1,-1,107,1,108,-1,39,38,109,-1,109,38,110,-1,109,110,111,-1,111,110,112,-1,111,112,113,-1,113,112,114,-1,113,114,115,-1,115,114,116,-1,115,116,84,-1,84,116,117,-1,84,117,85,-1,49,48,118,-1,118,48,119,-1,118,119,120,-1,120,119,121,-1,120,121,122,-1,122,121,123,-1,122,123,124,-1,124,123,125,-1,124,125,126,-1,126,125,127,-1,126,127,128,-1,128,127,129,-1,128,129,130,-1,130,129,131,-1,130,131,132,-1,132,131,133,-1,132,133,134,-1,134,133,135,-1,134,135,1,-1,1,135,136,-1,1,136,108,-1,137,138,139,-1,59,140,60,-1,60,140,137,-1,60,137,141,-1,141,137,139,-1,142,143,137,-1,137,143,144,-1,137,144,138,-1,145,146,147,-1,146,148,147,-1,147,148,149,-1,147,149,150,-1,142,137,147,-1,147,137,151,-1,147,151,145,-1,152,71,153,-1,153,71,73,-1,153,73,154,-1,154,73,75,-1,154,75,155,-1,155,75,77,-1,155,77,156,-1,152,157,71,-1,71,157,158,-1,71,158,69,-1,69,158,159,-1,69,159,67,-1,67,159,160,-1,67,160,65,-1,65,160,161,-1,65,161,86,-1,86,161,162,-1,86,162,84,-1,115,84,163,-1,163,84,162,-1,163,164,115,-1,115,164,165,-1,115,165,113,-1,113,165,166,-1,113,166,111,-1,111,166,167,-1,111,167,109,-1,109,167,168,-1,109,168,39,-1,39,168,37,-1,37,168,169,-1,37,169,170,-1,37,170,171,-1,37,171,35,-1,35,171,172,-1,35,172,11,-1,11,172,173,-1,11,173,42,-1,42,173,174,-1,42,174,17,-1,17,174,175,-1,17,175,10,-1,10,175,176,-1,10,176,100,-1,100,176,177,-1,100,177,101,-1,101,177,178,-1,101,178,103,-1,106,105,179,-1,179,105,103,-1,179,103,178,-1,179,180,106,-1,106,180,181,-1,106,181,90,-1,90,181,182,-1,182,183,90,-1,90,183,184,-1,90,184,92,-1,92,184,185,-1,92,185,94,-1,94,185,186,-1,94,186,96,-1,96,186,187,-1,96,187,98,-1,98,187,188,-1,98,188,99,-1,99,188,189,-1,99,189,15,-1,15,189,190,-1,15,190,16,-1,16,190,191,-1,16,191,0,-1,191,192,0,-1,0,192,193,-1,0,193,1,-1,1,193,194,-1,1,194,134,-1,134,194,195,-1,134,195,132,-1,195,196,132,-1,132,196,197,-1,132,197,130,-1,130,197,198,-1,130,198,128,-1,199,47,49,-1,128,198,200,-1,201,124,200,-1,200,124,126,-1,200,126,128,-1,201,202,124,-1,124,202,203,-1,124,203,122,-1,122,203,204,-1,122,204,120,-1,120,204,205,-1,120,205,118,-1,118,205,206,-1,118,206,49,-1,49,206,207,-1,49,207,199,-1,20,47,208,-1,208,47,199,-1,3,20,209,-1,209,20,208,-1,4,3,210,-1,210,3,209,-1,5,4,211,-1,211,4,210,-1,5,211,212,-1,5,212,62,-1,62,212,213,-1,62,213,32,-1,32,213,214,-1,32,214,33,-1,33,214,215,-1,33,215,34,-1,34,215,216,-1,34,216,22,-1,22,216,217,-1,22,217,24,-1,24,217,218,-1,24,218,26,-1,26,218,219,-1,26,219,28,-1,28,219,220,-1,28,220,2,-1,2,220,221,-1,2,221,14,-1,14,221,222,-1,14,222,97,-1,97,222,223,-1,97,223,95,-1,95,223,224,-1,95,224,93,-1,93,224,225,-1,93,225,91,-1,89,91,225,-1,225,226,89,-1,89,226,227,-1,89,227,228,-1,229,102,228,-1,228,102,104,-1,228,104,89,-1,229,230,102,-1,102,230,231,-1,102,231,8,-1,8,231,232,-1,8,232,9,-1,9,232,233,-1,9,233,40,-1,40,233,234,-1,40,234,41,-1,41,234,235,-1,41,235,43,-1,43,235,236,-1,43,236,44,-1,44,236,237,-1,44,237,12,-1,12,237,238,-1,12,238,13,-1,13,238,239,-1,13,239,36,-1,36,239,240,-1,36,240,38,-1,38,240,241,-1,38,241,110,-1,110,241,242,-1,110,242,112,-1,112,242,243,-1,112,243,114,-1,114,243,244,-1,114,244,116,-1,116,244,245,-1,116,245,117,-1,117,245,246,-1,117,246,85,-1,85,246,247,-1,85,247,87,-1,87,247,248,-1,87,248,88,-1,88,248,63,-1,63,248,249,-1,63,249,250,-1,64,63,251,-1,251,63,250,-1,64,251,252,-1,64,252,66,-1,66,252,253,-1,66,253,68,-1,68,253,254,-1,68,254,70,-1,70,254,255,-1,70,255,72,-1,72,255,256,-1,72,256,74,-1,256,257,74,-1,74,257,258,-1,74,258,76,-1,76,258,259,-1,76,259,78,-1,78,259,260,-1,78,260,80,-1,80,260,261,-1,80,261,82,-1,82,261,262,-1,82,262,83,-1,83,262,263,-1,83,263,51,-1,51,263,264,-1,51,264,53,-1,53,264,265,-1,53,265,55,-1,55,265,266,-1,55,266,57,-1,59,57,267,-1,267,57,266,-1,59,267,268,-1,59,268,140,-1,140,268,269,-1,140,269,137,-1,137,269,270,-1,137,270,151,-1,151,270,271,-1,151,271,145,-1,145,271,272,-1,145,272,146,-1,146,272,273,-1,146,273,148,-1,148,273,274,-1,148,274,149,-1,149,274,275,-1,149,275,150,-1,150,275,276,-1,150,276,147,-1,147,276,277,-1,147,277,142,-1,142,277,278,-1,142,278,143,-1,143,278,279,-1,143,279,144,-1,144,279,280,-1,144,280,138,-1,138,280,281,-1,138,281,139,-1,139,281,282,-1,139,282,141,-1,141,282,283,-1,141,283,60,-1,60,283,284,-1,60,284,58,-1,56,58,285,-1,285,58,284,-1,56,285,286,-1,56,286,54,-1,54,286,287,-1,54,287,52,-1,52,287,288,-1,52,288,50,-1,50,288,289,-1,50,289,81,-1,81,289,290,-1,81,290,79,-1,79,290,156,-1,79,156,77,-1,61,291,292,-1,61,292,6,-1,6,292,293,-1,6,293,7,-1,7,293,294,-1,7,294,18,-1,18,294,295,-1,18,295,19,-1,19,295,296,-1,19,296,45,-1,45,296,297,-1,45,297,46,-1,46,297,298,-1,46,298,48,-1,48,298,299,-1,48,299,119,-1,119,299,300,-1,119,300,121,-1,121,300,301,-1,121,301,123,-1,123,301,302,-1,123,302,125,-1,125,302,303,-1,125,303,127,-1,127,303,304,-1,127,304,129,-1,129,304,305,-1,129,305,131,-1,131,305,306,-1,131,306,133,-1,133,306,307,-1,133,307,135,-1,135,307,308,-1,135,308,136,-1,136,308,309,-1,136,309,108,-1,108,309,310,-1,108,310,107,-1,107,310,311,-1,107,311,31,-1,31,311,312,-1,31,312,30,-1,30,312,313,-1,30,313,29,-1,29,313,314,-1,29,314,27,-1,27,314,315,-1,27,315,25,-1,25,315,316,-1,25,316,23,-1,23,316,317,-1,23,317,21,-1,21,317,291,-1,21,291,61,-1,
        ]
    }
}
Shape{
    appearance Appearance {
        material  Material 	{
            diffuseColor 0.25098039215686274 0.25098039215686274 0.25098039215686274
            specularColor 0.12549019607843137 0.12549019607843137 0.12549019607843137
            ambientIntensity 0.251
            transparency 0.0
            shininess 0.5
        }
    }
    geometry IndexedFaceSet {
        ccw TRUE
        solid FALSE
        coord DEF co Coordinate {
            point [
                -2.498 0.3293 0.4307, -2.498 0.3433 0.4692, -2.498 0.3456 0.4669, -2.498 0.3226 0.4314, -2.498 0.3177 0.4334, -2.498 0.3236 0.4746, -2.498 0.3283 0.4751, -2.498 0.3339 0.4744, -2.498 0.3389 0.4724, -2.498 0.3494 0.4459, -2.498 0.3472 0.4411, -2.498 0.3439 0.4371, -2.498 0.3283 0.4307, -2.498 0.3485 0.4622, -2.498 0.3502 0.4568, -2.498 0.3505 0.4512, -2.498 0.3396 0.4337, -2.498 0.3344 0.4315, -2.498 0.3134 0.4365, -2.498 0.3103 0.44, -2.498 0.3076 0.4449, -2.498 0.3063 0.4503, -2.498 0.3063 0.4555, -2.498 0.3076 0.4608, -2.498 0.3101 0.4655, -2.498 0.3137 0.4696, -2.498 0.3183 0.4727
            ]
        }
        coordIndex [
            0,1,2,-1,3,4,5,-1,6,7,0,-1,0,7,8,-1,0,8,1,-1,9,10,2,-1,2,10,11,-1,6,0,5,-1,5,0,12,-1,5,12,3,-1,13,14,2,-1,2,14,15,-1,2,15,9,-1,11,16,2,-1,2,16,17,-1,2,17,0,-1,4,18,5,-1,5,18,19,-1,5,19,20,-1,20,21,5,-1,5,21,22,-1,5,22,23,-1,23,24,5,-1,5,24,25,-1,5,25,26,-1,
        ]
    }
}