#VRML V2.0 utf8
# 3D model generated by easyeda2kicad.py (https://github.com/uPesy/easyeda2kicad.py)

Shape{
    appearance Appearance {
        material  Material 	{
            diffuseColor 1.0 1.0 1.0
            specularColor 0.5019607843137255 0.5019607843137255 0.5019607843137255
            ambientIntensity 1.0
            transparency 0.0
            shininess 0.5
        }
    }
    geometry IndexedFaceSet {
        ccw TRUE
        solid FALSE
        coord DEF co Coordinate {
            point [
                -0.4528 0.5906 0.0433, -0.4528 0.5906 0.0, -0.4629 0.5893 0.0, -0.4629 0.5893 0.0433, -0.4724 0.5854 0.0, -0.4724 0.5854 0.0433, -0.4806 0.5791 0.0, -0.4806 0.5791 0.0433, -0.4869 0.5709 0.0, -0.4869 0.5709 0.0433, -0.4908 0.5615 0.0, -0.4908 0.5615 0.0433, -0.4921 0.5513 0.0, -0.4921 0.5513 0.0433, -0.4921 0.4101 0.0, -0.4921 0.4101 0.0433, -0.4935 0.3999 0.0433, -0.4935 0.3999 0.0, -0.4974 0.3904 0.0433, -0.4974 0.3904 0.0, -0.5037 0.3823 0.0433, -0.5037 0.3823 0.0, -0.579 0.3069 0.0, -0.579 0.3069 0.0433, -0.5835 0.3015 0.0, -0.5835 0.3015 0.0433, -0.587 0.2954 0.0, -0.587 0.2954 0.0433, 0.587 0.2954 0.0, 0.587 0.2954 0.0433, 0.5835 0.3015 0.0, 0.5835 0.3015 0.0433, 0.579 0.3069 0.0, 0.579 0.3069 0.0433, 0.5037 0.3823 0.0, 0.5037 0.3823 0.0433, 0.4974 0.3904 0.0433, 0.4974 0.3904 0.0, 0.4935 0.3999 0.0433, 0.4935 0.3999 0.0, 0.4921 0.4101 0.0433, 0.4921 0.4101 0.0, 0.4921 0.5513 0.0, 0.4921 0.5513 0.0433, 0.4908 0.5615 0.0, 0.4908 0.5615 0.0433, 0.4869 0.5709 0.0, 0.4869 0.5709 0.0433, 0.4806 0.5791 0.0, 0.4806 0.5791 0.0433, 0.4724 0.5854 0.0, 0.4724 0.5854 0.0433, 0.4629 0.5893 0.0, 0.4629 0.5893 0.0433, 0.4528 0.5906 0.0, 0.4528 0.5906 0.0433
            ]
        }
        coordIndex [
            0,1,2,-1,0,2,3,-1,3,2,4,-1,3,4,5,-1,5,4,6,-1,5,6,7,-1,7,6,8,-1,7,8,9,-1,9,8,10,-1,9,10,11,-1,11,10,12,-1,11,12,13,-1,14,15,12,-1,12,15,13,-1,15,14,16,-1,16,14,17,-1,16,17,18,-1,18,17,19,-1,18,19,20,-1,20,19,21,-1,22,23,21,-1,21,23,20,-1,23,22,24,-1,23,24,25,-1,25,24,26,-1,25,26,27,-1,28,29,26,-1,26,29,27,-1,29,28,30,-1,29,30,31,-1,31,30,32,-1,31,32,33,-1,34,35,32,-1,32,35,33,-1,35,34,36,-1,36,34,37,-1,36,37,38,-1,38,37,39,-1,38,39,40,-1,40,39,41,-1,42,43,41,-1,41,43,40,-1,43,42,44,-1,43,44,45,-1,45,44,46,-1,45,46,47,-1,47,46,48,-1,47,48,49,-1,49,48,50,-1,49,50,51,-1,51,50,52,-1,51,52,53,-1,53,52,54,-1,53,54,55,-1,1,0,54,-1,54,0,55,-1,29,31,27,-1,27,31,33,-1,27,33,35,-1,16,18,38,-1,38,18,20,-1,38,20,23,-1,35,36,27,-1,27,36,38,-1,27,38,25,-1,25,38,23,-1,16,38,15,-1,15,38,40,-1,15,40,13,-1,13,40,43,-1,13,43,55,-1,43,45,55,-1,55,45,47,-1,55,47,53,-1,53,47,49,-1,53,49,51,-1,9,3,7,-1,7,3,5,-1,55,0,13,-1,13,0,3,-1,13,3,11,-1,11,3,9,-1,22,21,37,-1,37,21,19,-1,37,19,17,-1,34,32,26,-1,26,32,30,-1,26,30,28,-1,34,26,37,-1,37,26,24,-1,37,24,22,-1,12,42,14,-1,14,42,41,-1,14,41,17,-1,17,41,39,-1,17,39,37,-1,50,48,52,-1,52,48,46,-1,52,46,54,-1,46,44,54,-1,54,44,42,-1,54,42,1,-1,1,42,12,-1,1,12,2,-1,2,12,10,-1,10,8,2,-1,2,8,6,-1,2,6,4,-1,
        ]
    }
}
Shape{
    appearance Appearance {
        material  Material 	{
            diffuseColor 0.5019607843137255 0.5019607843137255 0.5019607843137255
            specularColor 0.25098039215686274 0.25098039215686274 0.25098039215686274
            ambientIntensity 0.502
            transparency 0.0
            shininess 0.5
        }
    }
    geometry IndexedFaceSet {
        ccw TRUE
        solid FALSE
        coord DEF co Coordinate {
            point [
                0.5061 0.0032 0.5945, 0.5172 0.0032 0.5945, 0.5172 0.0302 0.5945, 0.4617 0.0032 0.5945, 0.4699 0.0032 0.5945, 0.4699 0.0302 0.5945, 0.5115 0.0743 0.5945, 0.5108 0.0749 0.5945, 0.5061 0.0749 0.5945, 0.4334 0.0409 0.5945, 0.4332 0.043 0.5945, 0.4332 0.0319 0.5945, 0.4615 0.0481 0.5945, 0.4617 0.0463 0.5945, 0.4617 0.0556 0.5945, 0.4366 0.0608 0.5945, 0.4456 0.0608 0.5945, 0.4456 0.0684 0.5945, 0.5061 0.0621 0.5945, 0.5061 0.0617 0.5945, 0.5061 0.0684 0.5945, 0.506 0.0562 0.5945, 0.5058 0.0556 0.5945, 0.5061 0.0556 0.5945, 0.4933 0.0959 0.5945, 0.5027 0.0959 0.5945, 0.5027 0.1012 0.5945, 0.4553 -0.0211 0.5945, 0.4599 -0.0157 0.5945, 0.4332 0.0032 0.5945, 0.4332 -0.0432 0.5945, 0.4363 -0.0388 0.5945, 0.4441 -0.0321 0.5945, 0.452 -0.028 0.5945, 0.4523 -0.027 0.5945, 0.4259 -0.0659 0.5945, 0.427 -0.0568 0.5945, -0.5906 0.0032 0.5945, 0.4307 -0.0469 0.5945, 0.427 -0.0752 0.5945, -0.579 -0.3067 0.5945, 0.4304 -0.0844 0.5945, -0.5622 -0.3236 0.5945, 0.4332 -0.089 0.5945, -0.5906 -0.2789 0.5945, -0.5899 -0.2858 0.5945, -0.5876 -0.294 0.5945, -0.5835 -0.3014 0.5945, 0.4337 -0.0898 0.5945, 0.4332 -0.3236 0.5945, 0.4617 -0.3236 0.5945, 0.4617 -0.1326 0.5945, 0.4577 -0.1308 0.5945, 0.4516 -0.126 0.5945, 0.443 -0.111 0.5945, 0.442 -0.1031 0.5945, 0.4377 -0.0944 0.5945, 0.4422 -0.1008 0.5945, 0.4424 -0.0985 0.5945, 0.4503 -0.1247 0.5945, 0.4459 -0.1183 0.5945, 0.5013 -0.1208 0.5945, 0.496 -0.127 0.5945, 0.5061 -0.3236 0.5945, 0.5049 -0.1136 0.5945, 0.5061 -0.1108 0.5945, 0.5056 -0.1111 0.5945, 0.4895 -0.1316 0.5945, 0.4821 -0.1344 0.5945, 0.4699 -0.3236 0.5945, 0.4743 -0.1354 0.5945, 0.4724 -0.1353 0.5945, 0.4699 -0.1349 0.5945, 0.4649 -0.134 0.5945, 0.5172 -0.3236 0.5945, 0.5172 -0.1004 0.5945, 0.5165 -0.1022 0.5945, 0.5135 -0.1061 0.5945, 0.5099 -0.1091 0.5945, 0.5906 0.0032 0.5945, 0.5186 -0.0873 0.5945, 0.5192 -0.0922 0.5945, 0.5906 -0.2789 0.5945, 0.5172 -0.3685 0.5945, 0.5622 -0.3236 0.5945, 0.579 -0.3067 0.5945, 0.5835 -0.3014 0.5945, 0.5191 -0.0929 0.5945, 0.5184 -0.0976 0.5945, 0.5899 -0.2858 0.5945, 0.5876 -0.294 0.5945, 0.5061 -0.0735 0.5945, 0.5062 -0.0735 0.5945, 0.5107 -0.0759 0.5945, 0.5141 -0.0789 0.5945, 0.5169 -0.0829 0.5945, 0.5172 -0.0839 0.5945, 0.4716 -0.0092 0.5945, 0.4781 -0.0083 0.5945, 0.4944 -0.048 0.5945, 0.4938 -0.0467 0.5945, 0.4825 -0.0443 0.5945, 0.497 -0.0156 0.5945, 0.5016 -0.0211 0.5945, 0.4859 -0.0772 0.5945, 0.4719 -0.0505 0.5945, 0.4827 -0.0807 0.5945, 0.4804 -0.0849 0.5945, 0.4953 -0.0493 0.5945, 0.4915 -0.0117 0.5945, 0.4766 -0.0207 0.5945, 0.4727 -0.0217 0.5945, 0.4699 -0.0232 0.5945, 0.4699 -0.1223 0.5945, 0.4852 -0.0092 0.5945, 0.4937 -0.0451 0.5945, 0.4937 -0.0449 0.5945, 0.4938 -0.0443 0.5945, 0.4819 -0.1212 0.5945, 0.4859 -0.1188 0.5945, 0.488 -0.1087 0.5945, 0.4896 -0.1152 0.5945, 0.4923 -0.1109 0.5945, 0.4814 -0.1013 0.5945, 0.4842 -0.1054 0.5945, 0.4739 -0.1228 0.5945, 0.477 -0.1226 0.5945, 0.4797 -0.0969 0.5945, 0.4791 -0.0922 0.5945, 0.4792 -0.0897 0.5945, 0.4998 -0.0513 0.5945, 0.499 -0.0513 0.5945, 0.4972 -0.0722 0.5945, 0.4975 -0.0509 0.5945, 0.4962 -0.0501 0.5945, 0.4888 -0.0247 0.5945, 0.4857 -0.0225 0.5945, 0.4822 -0.0211 0.5945, 0.4783 -0.0206 0.5945, 0.5058 -0.0467 0.5945, 0.5053 -0.048 0.5945, 0.5044 -0.0493 0.5945, 0.5039 -0.0497 0.5945, 0.5027 -0.0506 0.5945, 0.5013 -0.0511 0.5945, 0.5013 -0.0723 0.5945, 0.4992 -0.0722 0.5945, 0.5046 -0.0271 0.5945, 0.506 -0.0338 0.5945, 0.506 -0.0455 0.5945, 0.4939 -0.0439 0.5945, 0.4939 -0.035 0.5945, 0.4932 -0.0314 0.5945, 0.4915 -0.0279 0.5945, 0.4891 -0.0249 0.5945, 0.4628 -0.0378 0.5945, 0.4647 -0.1205 0.5945, 0.4691 -0.1222 0.5945, 0.4628 -0.0362 0.5945, 0.4693 -0.0235 0.5945, 0.4667 -0.0258 0.5945, 0.4646 -0.0289 0.5945, 0.4632 -0.0324 0.5945, 0.4508 -0.0421 0.5945, 0.4454 -0.0466 0.5945, 0.457 -0.0924 0.5945, 0.445 -0.0471 0.5945, 0.4411 -0.0527 0.5945, 0.4507 -0.0893 0.5945, 0.4617 -0.1185 0.5945, 0.4562 -0.0938 0.5945, 0.4617 -0.038 0.5945, 0.4572 -0.039 0.5945, 0.4546 -0.0982 0.5945, 0.454 -0.1029 0.5945, 0.4541 -0.105 0.5945, 0.4453 -0.0848 0.5945, 0.4387 -0.0589 0.5945, 0.4414 -0.0795 0.5945, 0.4379 -0.0657 0.5945, 0.4388 -0.073 0.5945, 0.4553 -0.1099 0.5945, 0.4576 -0.1144 0.5945, 0.4607 -0.1178 0.5945, 0.4617 -0.0144 0.5945, 0.4655 -0.0116 0.5945, 0.4699 -0.0099 0.5945, 0.4901 0.1059 0.5945, 0.4933 0.1059 0.5945, 0.5061 0.11 0.5945, 0.4699 0.11 0.5945, 0.4779 0.1067 0.5945, 0.4811 0.1067 0.5945, 0.5061 0.1012 0.5945, 0.5059 0.1074 0.5945, 0.5027 0.1074 0.5945, 0.4933 0.1012 0.5945, 0.4811 0.1012 0.5945, 0.4901 0.1012 0.5945, 0.4811 0.0959 0.5945, 0.4901 0.0959 0.5945, 0.5059 0.1012 0.5945, 0.5059 0.0923 0.5945, 0.5061 0.0904 0.5945, 0.4779 0.0923 0.5945, 0.4964 0.0345 0.5945, 0.4907 0.0351 0.5945, 0.4974 0.0338 0.5945, 0.4986 0.0334 0.5945, 0.5016 0.054 0.5945, 0.493 0.0492 0.5945, 0.5052 0.054 0.5945, 0.5059 0.0492 0.5945, 0.5049 0.0439 0.5945, 0.5057 0.0427 0.5945, 0.5059 0.0457 0.5945, 0.5061 0.0414 0.5945, 0.5061 0.0319 0.5945, 0.5033 0.0337 0.5945, 0.5021 0.0333 0.5945, 0.4859 0.0384 0.5945, 0.4699 0.0319 0.5945, 0.4869 0.0358 0.5945, 0.4873 0.0351 0.5945, 0.5172 0.0319 0.5945, 0.5061 0.0374 0.5945, 0.5061 0.0374 0.5945, 0.5056 0.036 0.5945, 0.4954 0.0356 0.5945, 0.4947 0.0371 0.5945, 0.4893 0.0372 0.5945, 0.494 0.0398 0.5945, 0.4884 0.0428 0.5945, 0.4883 0.0416 0.5945, 0.4885 0.0394 0.5945, 0.5048 0.0348 0.5945, 0.5044 0.0344 0.5945, 0.5028 0.0457 0.5945, 0.5028 0.0456 0.5945, 0.5037 0.045 0.5945, 0.5024 0.0553 0.5945, 0.5025 0.0556 0.5945, 0.4951 0.0556 0.5945, 0.4889 0.0545 0.5945, 0.4867 0.0467 0.5945, 0.4876 0.0477 0.5945, 0.5005 0.0331 0.5945, 0.5001 0.0331 0.5945, 0.4904 0.0489 0.5945, 0.4927 0.0541 0.5945, 0.49 0.0541 0.5945, 0.4854 0.042 0.5945, 0.4856 0.0441 0.5945, 0.4861 0.0455 0.5945, 0.4932 0.0457 0.5945, 0.4916 0.0456 0.5945, 0.4904 0.0452 0.5945, 0.4897 0.0448 0.5945, 0.4888 0.0484 0.5945, 0.4913 0.054 0.5945, 0.4951 0.0555 0.5945, 0.4945 0.055 0.5945, 0.4937 0.0545 0.5945, 0.4891 0.0443 0.5945, 0.4887 0.0436 0.5945, 0.5061 0.0573 0.5945, 0.5172 0.0556 0.5945, 0.5064 0.0594 0.5945, 0.4863 0.0665 0.5945, 0.4897 0.0665 0.5945, 0.5019 0.0673 0.5945, 0.503 0.0669 0.5945, 0.5039 0.0662 0.5945, 0.488 0.0552 0.5945, 0.4876 0.0556 0.5945, 0.4699 0.0556 0.5945, 0.487 0.0562 0.5945, 0.4864 0.0573 0.5945, 0.4857 0.0592 0.5945, 0.4854 0.0618 0.5945, 0.4699 0.0684 0.5945, 0.4856 0.0641 0.5945, 0.4972 0.0663 0.5945, 0.4981 0.0669 0.5945, 0.4992 0.0673 0.5945, 0.5005 0.0675 0.5945, 0.5048 0.0652 0.5945, 0.5055 0.0641 0.5945, 0.4883 0.0614 0.5945, 0.4884 0.0604 0.5945, 0.491 0.0576 0.5945, 0.4886 0.0594 0.5945, 0.489 0.0587 0.5945, 0.4914 0.0576 0.5945, 0.492 0.0578 0.5945, 0.4925 0.058 0.5945, 0.4928 0.0584 0.5945, 0.4936 0.0596 0.5945, 0.4886 0.0638 0.5945, 0.4946 0.0618 0.5945, 0.4893 0.0657 0.5945, 0.4951 0.0631 0.5945, 0.4964 0.0655 0.5945, 0.4895 0.0581 0.5945, 0.4899 0.0578 0.5945, 0.4904 0.0577 0.5945, 0.5032 0.0575 0.5945, 0.4971 0.0593 0.5945, 0.4962 0.0572 0.5945, 0.5035 0.0597 0.5945, 0.5035 0.0599 0.5945, 0.4981 0.0616 0.5945, 0.5033 0.0617 0.5945, 0.5008 0.0639 0.5945, 0.5004 0.0638 0.5945, 0.503 0.0626 0.5945, 0.5028 0.0629 0.5945, 0.5024 0.0633 0.5945, 0.502 0.0636 0.5945, 0.5015 0.0638 0.5945, 0.4998 0.0637 0.5945, 0.4994 0.0634 0.5945, 0.4989 0.063 0.5945, 0.4538 0.1203 0.5945, 0.4538 0.11 0.5945, 0.4614 0.1232 0.5945, 0.4617 0.11 0.5945, 0.4614 0.1271 0.5945, 0.4617 0.5106 0.5945, 0.4594 0.5113 0.5945, 0.4334 0.1165 0.5945, 0.4528 0.5119 0.5945, 0.4332 0.5119 0.5945, 0.4538 0.1086 0.5945, 0.4614 0.1059 0.5945, 0.4617 0.1012 0.5945, 0.4614 0.1019 0.5945, 0.4332 0.1012 0.5945, 0.4402 0.11 0.5945, 0.4332 0.11 0.5945, 0.4334 0.1126 0.5945, 0.4332 0.0904 0.5945, 0.4332 0.0749 0.5945, 0.4334 0.0856 0.5945, 0.4334 0.0776 0.5945, 0.4614 0.0776 0.5945, 0.4617 0.0749 0.5945, 0.4614 0.0853 0.5945, 0.4617 0.0904 0.5945, 0.4609 0.09 0.5945, 0.4521 0.0996 0.5945, 0.455 0.0982 0.5945, 0.4381 0.0971 0.5945, 0.4406 0.0989 0.5945, 0.4575 0.0962 0.5945, 0.4596 0.0932 0.5945, 0.4607 0.0904 0.5945, 0.4371 0.0962 0.5945, 0.4339 0.0898 0.5945, 0.4341 0.0904 0.5945, 0.4351 0.0932 0.5945, 0.4432 0.0999 0.5945, 0.4471 0.1004 0.5945, 0.4489 0.1003 0.5945, 0.4583 0.0723 0.5945, 0.4614 0.0723 0.5945, 0.4617 0.0684 0.5945, 0.4366 0.0716 0.5945, 0.4334 0.0716 0.5945, 0.4332 0.0684 0.5945, 0.4334 0.0684 0.5945, 0.4488 0.0708 0.5945, 0.4488 0.0684 0.5945, 0.4583 0.0684 0.5945, 0.4488 0.0608 0.5945, 0.4583 0.0608 0.5945, 0.4456 0.0708 0.5945, 0.4366 0.0684 0.5945, 0.4334 0.0572 0.5945, 0.4332 0.0556 0.5945, 0.4614 0.0572 0.5945, -0.4921 0.4101 0.5945, -0.4927 0.4032 0.5945, -0.4951 0.395 0.5945, -0.4992 0.3876 0.5945, -0.5037 0.3823 0.5945, -0.579 0.3069 0.5945, -0.5835 0.3016 0.5945, -0.5876 0.2941 0.5945, -0.5899 0.286 0.5945, -0.5906 0.2791 0.5945, -0.4528 0.5119 0.5945, -0.4921 0.4725 0.5945, -0.4594 0.5113 0.5945, -0.4916 0.4791 0.5945, -0.4686 0.5085 0.5945, -0.477 0.5036 0.5945, -0.4838 0.4967 0.5945, -0.4888 0.4884 0.5945, 0.4686 0.5085 0.5945, 0.4699 0.5078 0.5945, 0.5059 0.1204 0.5945, 0.5059 0.1127 0.5945, 0.5059 0.137 0.5945, 0.4933 0.1354 0.5945, 0.4966 0.1347 0.5945, 0.4779 0.1127 0.5945, 0.4992 0.3876 0.5945, 0.4951 0.395 0.5945, 0.4779 0.1516 0.5945, 0.4779 0.1477 0.5945, 0.5037 0.3823 0.5945, 0.4995 0.1333 0.5945, 0.502 0.1312 0.5945, 0.5041 0.1283 0.5945, 0.4915 0.1355 0.5945, 0.4877 0.135 0.5945, 0.4927 0.4032 0.5945, 0.4921 0.4101 0.5945, 0.4921 0.4725 0.5945, 0.4816 0.1312 0.5945, 0.4826 0.1322 0.5945, 0.485 0.134 0.5945, 0.5061 0.3798 0.5945, 0.5059 0.1622 0.5945, 0.5059 0.1582 0.5945, 0.4779 0.1207 0.5945, 0.4784 0.1249 0.5945, 0.4796 0.1283 0.5945, 0.4916 0.4791 0.5945, 0.4888 0.4884 0.5945, 0.477 0.5036 0.5945, 0.4838 0.4967 0.5945, 0.4982 0.1554 0.5945, 0.4982 0.1437 0.5945, 0.5059 0.141 0.5945, 0.579 0.3069 0.5945, 0.5172 0.3687 0.5945, 0.5172 0.11 0.5945, 0.5906 0.2791 0.5945, 0.5899 0.286 0.5945, 0.5876 0.2941 0.5945, 0.5835 0.3016 0.5945, 0.4927 -0.403 0.5945, 0.4951 -0.3949 0.5945, 0.4921 -0.4099 0.5945, 0.4916 -0.479 0.5945, 0.4921 -0.4724 0.5945, 0.4699 -0.5076 0.5945, 0.4992 -0.3874 0.5945, 0.5037 -0.3821 0.5945, 0.5061 -0.3796 0.5945, 0.477 -0.5034 0.5945, 0.4838 -0.4966 0.5945, 0.4888 -0.4882 0.5945, 0.4686 -0.5084 0.5945, 0.4332 -0.5117 0.5945, 0.4528 -0.5117 0.5945, 0.4594 -0.5112 0.5945, 0.4617 -0.5105 0.5945, -0.4992 -0.3874 0.5945, -0.4951 -0.3949 0.5945, -0.5037 -0.3821 0.5945, -0.4927 -0.403 0.5945, -0.4921 -0.4099 0.5945, -0.4921 -0.4724 0.5945, -0.4528 -0.5117 0.5945, -0.4594 -0.5112 0.5945, -0.4916 -0.479 0.5945, -0.4888 -0.4882 0.5945, -0.4838 -0.4966 0.5945, -0.477 -0.5034 0.5945, -0.4686 -0.5084 0.5945, 0.4332 0.0486 0.5945, 0.4341 0.0516 0.5945, 0.4614 0.0684 0.5945, 0.4379 0.0516 0.5945, 0.4605 0.0511 0.5945, 0.4362 0.045 0.5945, 0.4363 0.0437 0.5945, 0.4584 0.0418 0.5945, 0.4587 0.0444 0.5945, 0.4586 0.0462 0.5945, 0.4377 0.0513 0.5945, 0.4579 0.0493 0.5945, 0.4568 0.0516 0.5945, 0.4603 0.0516 0.5945, 0.4565 0.0379 0.5945, 0.4489 0.0344 0.5945, 0.4557 0.0372 0.5945, 0.4517 0.0349 0.5945, 0.4539 0.0358 0.5945, 0.4366 0.0484 0.5945, 0.4368 0.0413 0.5945, 0.4378 0.0391 0.5945, 0.4393 0.0373 0.5945, 0.4395 0.0371 0.5945, 0.4415 0.0358 0.5945, 0.4439 0.0349 0.5945, 0.4478 0.0344 0.5945, 0.4577 0.0398 0.5945, 0.433 0.0449 0.5945, -0.5906 0.0319 0.5945, 0.4332 0.048 0.5945, -0.5906 0.0556 0.5945, 0.4397 0.0326 0.5945, 0.4371 0.0347 0.5945, 0.4364 0.0354 0.5945, 0.4346 0.038 0.5945, 0.4332 0.0302 0.5945, 0.4428 0.0313 0.5945, 0.4415 0.0319 0.5945, 0.4543 0.0319 0.5945, 0.4525 0.0312 0.5945, 0.4617 0.0302 0.5945, 0.448 0.0306 0.5945, 0.4465 0.0307 0.5945, 0.4598 0.0361 0.5945, 0.4581 0.0342 0.5945, 0.4617 0.0319 0.5945, 0.4578 0.034 0.5945, 0.4554 0.0323 0.5945, 0.4619 0.0438 0.5945, 0.4618 0.0417 0.5945, 0.4617 0.0412 0.5945, 0.4611 0.0387 0.5945, 0.5062 0.0413 0.5945, 0.5064 0.0395 0.5945, 0.4859 0.0849 0.5945, 0.4859 0.0885 0.5945, 0.4699 0.0904 0.5945, 0.4779 0.1012 0.5945, 0.4699 0.1012 0.5945, 0.5061 0.0805 0.5945, 0.5009 0.0784 0.5945, 0.5026 0.0789 0.5945, 0.5026 0.079 0.5945, 0.4699 0.0749 0.5945, 0.4908 0.0749 0.5945, 0.501 0.0794 0.5945, 0.5019 0.0791 0.5945, 0.5002 0.0749 0.5945, 0.4859 0.0693 0.5945, 0.4859 0.0732 0.5945, 0.5059 0.0771 0.5945, 0.5061 0.077 0.5945, 0.5095 0.0756 0.5945, 0.5172 0.0684 0.5945, 0.515 0.07 0.5945, 0.5119 0.07 0.5945, 0.5122 0.0707 0.5945, 0.5123 0.072 0.5945, 0.5147 0.0749 0.5945, 0.5152 0.0737 0.5945, 0.5172 0.0749 0.5945, 0.5153 0.0723 0.5945, 0.5153 0.0715 0.5945, 0.5122 0.0729 0.5945, 0.5119 0.0736 0.5945, 0.5089 0.0794 0.5945, 0.512 0.0778 0.5945, 0.5172 0.0904 0.5945, 0.5136 0.0766 0.5945, 0.5138 0.0763 0.5945, 0.5146 0.0751 0.5945, 0.4334 0.0183 0.5945, 0.4583 0.0183 0.5945, 0.4583 0.0295 0.5945, 0.4614 0.0295 0.5945, 0.4614 0.0147 0.5945, 0.4334 0.0147 0.5945, 0.4811 0.0291 0.5945, 0.5061 0.0302 0.5945, 0.5027 0.0298 0.5945, 0.5059 0.0298 0.5945, 0.5059 0.0147 0.5945, 0.4933 0.0183 0.5945, 0.5027 0.0183 0.5945, 0.4933 0.0283 0.5945, 0.4901 0.0283 0.5945, 0.4901 0.0183 0.5945, 0.4811 0.0183 0.5945, 0.4779 0.0147 0.5945, 0.4779 0.0291 0.5945, -0.5906 0.0302 0.5945, -0.5906 0.11 0.5945, -0.5906 0.1012 0.5945, -0.5906 0.0904 0.5945, -0.5906 0.0749 0.5945, -0.5906 0.0684 0.5945, 0.5053 0.1251 0.5945, 0.5172 0.1012 0.5945, 0.5906 0.11 0.5945, 0.5906 0.1012 0.5945, 0.5906 0.0904 0.5945, 0.5906 0.0749 0.5945, 0.5906 0.0684 0.5945, 0.5906 0.0556 0.5945, 0.5906 0.0319 0.5945, 0.5906 0.0302 0.5945, -0.3001 -0.488 0.5157, -0.2576 -0.5117 0.5157, -0.4528 -0.5117 0.5157, -0.4951 -0.3949 0.5157, -0.4457 -0.3601 0.5157, -0.4927 -0.403 0.5157, -0.4135 -0.3966 0.5157, -0.4135 0.3967 0.5157, -0.4457 0.3602 0.5157, -0.4951 0.395 0.5157, -0.3405 -0.4608 0.5157, -0.4992 -0.3874 0.5157, -0.5037 -0.3821 0.5157, -0.4746 -0.3209 0.5157, -0.4888 -0.4882 0.5157, -0.4916 -0.479 0.5157, -0.3784 -0.4302 0.5157, -0.4921 -0.4724 0.5157, -0.4921 -0.4099 0.5157, -0.2576 0.5119 0.5157, -0.3001 0.4882 0.5157, -0.4528 0.5119 0.5157, -0.3405 0.461 0.5157, -0.3784 0.4304 0.5157, -0.4594 -0.5112 0.5157, -0.4686 -0.5084 0.5157, -0.4927 0.4032 0.5157, -0.4921 0.4101 0.5157, -0.4921 0.4725 0.5157, -0.4916 0.4791 0.5157, -0.477 -0.5034 0.5157, -0.4838 -0.4966 0.5157, -0.5221 0.2362 0.5157, -0.5402 0.1911 0.5157, -0.5906 0.2791 0.5157, -0.5545 0.1445 0.5157, -0.5647 0.097 0.5157, -0.5647 -0.0968 0.5157, -0.5545 -0.1444 0.5157, -0.5906 -0.2789 0.5157, -0.4888 0.4884 0.5157, -0.4838 0.4967 0.5157, -0.477 0.5036 0.5157, -0.5002 -0.2795 0.5157, -0.579 -0.3067 0.5157, -0.5835 -0.3014 0.5157, -0.4686 0.5085 0.5157, -0.4594 0.5113 0.5157, -0.5876 0.2941 0.5157, -0.5835 0.3016 0.5157, -0.5002 0.2797 0.5157, -0.579 0.3069 0.5157, -0.4746 0.3211 0.5157, -0.5037 0.3823 0.5157, -0.4992 0.3876 0.5157, -0.5709 0.0487 0.5157, -0.573 0.0001 0.5157, -0.5709 -0.0485 0.5157, -0.5402 -0.1909 0.5157, -0.5221 -0.2361 0.5157, -0.5899 -0.2858 0.5157, -0.5876 -0.294 0.5157, -0.5899 0.286 0.5157, 0.2323 0.5119 0.5157, 0.2066 0.5119 0.5157, 0.4528 0.5119 0.5157, 0.2576 0.5119 0.5157, -0.0564 0.5119 0.5157, -0.0828 0.5119 0.5157, 0.1804 0.5119 0.5157, 0.154 0.5119 0.5157, 0.1273 0.5119 0.5157, -0.1095 0.5119 0.5157, -0.1197 0.5119 0.5157, -0.147 0.5119 0.5157, 0.1006 0.5119 0.5157, 0.0751 0.5119 0.5157, 0.0484 0.5119 0.5157, 0.0221 0.5119 0.5157, -0.004 0.5119 0.5157, -0.0302 0.5119 0.5157, -0.1737 0.5119 0.5157, -0.1998 0.5119 0.5157, -0.2252 0.5119 0.5157, -0.2499 0.5119 0.5157, 0.4921 0.4725 0.5157, 0.4916 0.4791 0.5157, 0.4888 0.4884 0.5157, 0.4838 0.4967 0.5157, 0.477 0.5036 0.5157, 0.4686 0.5085 0.5157, 0.4594 0.5113 0.5157, 0.4921 0.4101 0.5157, 0.5037 0.3823 0.5157, 0.4992 0.3876 0.5157, 0.4951 0.395 0.5157, 0.4927 0.4032 0.5157, 0.579 0.3069 0.5157, 0.5835 0.3016 0.5157, 0.5876 0.2941 0.5157, 0.5899 0.286 0.5157, 0.5906 0.2791 0.5157, 0.5906 -0.2789 0.5157, 0.5899 -0.2858 0.5157, 0.5876 -0.294 0.5157, 0.5835 -0.3014 0.5157, 0.579 -0.3067 0.5157, 0.5037 -0.3821 0.5157, 0.4921 -0.4099 0.5157, 0.4927 -0.403 0.5157, 0.4951 -0.3949 0.5157, 0.4992 -0.3874 0.5157, 0.4921 -0.4724 0.5157, 0.4528 -0.5117 0.5157, 0.4594 -0.5112 0.5157, 0.4686 -0.5084 0.5157, 0.4916 -0.479 0.5157, 0.4888 -0.4882 0.5157, 0.4838 -0.4966 0.5157, 0.477 -0.5034 0.5157, -0.2499 -0.5117 0.5157, -0.2252 -0.5117 0.5157, -0.1998 -0.5117 0.5157, 0.0484 -0.5117 0.5157, 0.0751 -0.5117 0.5157, 0.1006 -0.5117 0.5157, 0.1273 -0.5117 0.5157, -0.1737 -0.5117 0.5157, -0.147 -0.5117 0.5157, -0.1197 -0.5117 0.5157, 0.154 -0.5117 0.5157, 0.1804 -0.5117 0.5157, 0.2066 -0.5117 0.5157, -0.1095 -0.5117 0.5157, -0.0828 -0.5117 0.5157, -0.0564 -0.5117 0.5157, 0.2576 -0.5117 0.5157, 0.2323 -0.5117 0.5157, -0.0302 -0.5117 0.5157, -0.004 -0.5117 0.5157, 0.0221 -0.5117 0.5157, 0.3001 0.4882 0.5157, 0.4457 0.3602 0.5157, 0.4135 0.3967 0.5157, 0.4135 -0.3966 0.5157, 0.4457 -0.3601 0.5157, 0.4746 0.3211 0.5157, 0.3784 0.4304 0.5157, 0.3001 -0.488 0.5157, 0.3405 -0.4608 0.5157, 0.3784 -0.4302 0.5157, 0.3405 0.461 0.5157, 0.5221 -0.2361 0.5157, 0.5402 -0.1909 0.5157, 0.5545 -0.1444 0.5157, 0.5647 -0.0968 0.5157, 0.5002 -0.2795 0.5157, 0.4746 -0.3209 0.5157, 0.5647 0.097 0.5157, 0.5545 0.1445 0.5157, 0.5709 -0.0485 0.5157, 0.573 0.0001 0.5157, 0.5709 0.0487 0.5157, 0.5002 0.2797 0.5157, 0.5402 0.1911 0.5157, 0.5221 0.2362 0.5157
            ]
        }
        coordIndex [
            0,1,2,-1,3,4,5,-1,6,7,8,-1,9,10,11,-1,12,13,14,-1,15,16,17,-1,18,19,20,-1,21,22,23,-1,24,25,26,-1,27,28,29,-1,29,28,3,-1,30,31,29,-1,29,31,32,-1,32,33,29,-1,29,33,34,-1,29,34,27,-1,35,36,37,-1,37,36,38,-1,39,40,41,-1,41,40,42,-1,41,42,43,-1,35,37,39,-1,39,37,44,-1,39,44,45,-1,45,46,39,-1,39,46,47,-1,39,47,40,-1,48,43,49,-1,50,51,49,-1,49,51,52,-1,49,52,53,-1,49,54,48,-1,48,54,55,-1,48,55,56,-1,56,55,57,-1,56,57,58,-1,53,59,49,-1,49,59,60,-1,49,60,54,-1,61,62,63,-1,61,63,64,-1,64,63,65,-1,64,65,66,-1,62,67,63,-1,63,67,68,-1,63,68,69,-1,69,68,70,-1,70,71,69,-1,69,71,72,-1,69,72,50,-1,50,72,73,-1,50,73,51,-1,74,75,63,-1,63,75,76,-1,76,77,63,-1,63,77,78,-1,63,78,65,-1,79,80,81,-1,79,81,82,-1,63,83,74,-1,74,83,84,-1,74,84,75,-1,75,84,85,-1,75,85,86,-1,81,87,82,-1,82,87,88,-1,82,88,89,-1,89,88,75,-1,89,75,90,-1,90,75,86,-1,0,91,1,-1,1,91,92,-1,1,92,93,-1,93,94,1,-1,1,94,95,-1,1,95,96,-1,97,98,4,-1,99,100,101,-1,102,103,0,-1,104,105,106,-1,106,105,107,-1,99,101,108,-1,102,0,109,-1,110,111,105,-1,105,111,112,-1,105,112,113,-1,4,98,0,-1,0,98,114,-1,0,114,109,-1,100,115,101,-1,101,115,116,-1,101,116,117,-1,118,119,120,-1,120,119,121,-1,120,121,122,-1,123,113,124,-1,124,113,125,-1,124,125,120,-1,120,125,126,-1,120,126,118,-1,123,127,113,-1,113,127,128,-1,113,128,105,-1,105,128,129,-1,105,129,107,-1,130,131,132,-1,132,131,133,-1,132,133,101,-1,101,133,134,-1,101,134,108,-1,135,136,101,-1,101,136,137,-1,101,137,105,-1,105,137,138,-1,105,138,110,-1,139,140,91,-1,91,140,141,-1,91,141,142,-1,142,143,91,-1,91,143,144,-1,91,144,145,-1,145,144,130,-1,145,130,146,-1,146,130,132,-1,103,147,0,-1,0,147,148,-1,0,148,91,-1,91,148,149,-1,91,149,139,-1,117,150,101,-1,101,150,151,-1,101,151,152,-1,152,153,101,-1,101,153,154,-1,101,154,135,-1,155,156,157,-1,157,113,155,-1,155,113,112,-1,155,112,158,-1,158,112,159,-1,159,160,158,-1,158,160,161,-1,158,161,162,-1,163,164,165,-1,164,166,165,-1,165,166,167,-1,165,167,168,-1,169,165,170,-1,156,155,169,-1,169,155,171,-1,169,171,165,-1,165,171,172,-1,165,172,163,-1,170,173,169,-1,169,173,174,-1,169,174,175,-1,168,167,176,-1,176,167,177,-1,176,177,178,-1,178,177,179,-1,178,179,180,-1,181,182,175,-1,175,182,183,-1,175,183,169,-1,28,184,3,-1,3,184,185,-1,3,185,4,-1,4,185,186,-1,4,186,97,-1,187,188,189,-1,190,191,192,-1,193,189,194,-1,194,189,195,-1,195,189,188,-1,195,188,26,-1,26,188,196,-1,26,196,24,-1,192,197,198,-1,198,197,199,-1,198,199,200,-1,194,201,193,-1,193,201,202,-1,193,202,203,-1,203,202,204,-1,205,206,207,-1,207,206,208,-1,209,210,211,-1,211,210,212,-1,211,212,22,-1,213,214,215,-1,215,214,216,-1,215,216,212,-1,217,218,219,-1,220,221,222,-1,222,221,223,-1,224,225,217,-1,217,225,226,-1,217,226,227,-1,205,228,206,-1,206,228,229,-1,206,229,230,-1,230,229,231,-1,232,233,231,-1,231,233,234,-1,231,234,230,-1,227,235,217,-1,217,235,236,-1,217,236,218,-1,237,238,215,-1,215,238,239,-1,215,239,213,-1,240,241,242,-1,243,244,245,-1,219,246,217,-1,217,246,247,-1,217,247,221,-1,221,247,208,-1,221,208,223,-1,223,208,206,-1,248,210,249,-1,243,245,250,-1,220,251,221,-1,221,251,252,-1,221,252,253,-1,254,255,231,-1,231,255,256,-1,231,256,257,-1,240,242,209,-1,245,258,250,-1,250,258,248,-1,250,248,259,-1,259,248,249,-1,242,260,209,-1,209,260,261,-1,209,261,210,-1,210,261,262,-1,210,262,249,-1,257,263,231,-1,231,263,264,-1,231,264,232,-1,21,23,265,-1,265,23,266,-1,265,266,267,-1,268,269,20,-1,270,271,20,-1,20,271,272,-1,273,274,275,-1,275,274,276,-1,275,276,277,-1,277,278,275,-1,275,278,279,-1,275,279,280,-1,280,279,281,-1,280,281,268,-1,282,283,269,-1,269,283,284,-1,269,284,20,-1,20,284,285,-1,20,285,270,-1,272,286,20,-1,20,286,287,-1,20,287,18,-1,288,289,290,-1,290,289,291,-1,290,291,292,-1,290,293,288,-1,288,293,294,-1,288,294,295,-1,295,296,288,-1,288,296,297,-1,288,297,298,-1,298,297,299,-1,298,299,300,-1,300,299,301,-1,300,301,269,-1,269,301,302,-1,269,302,282,-1,303,304,292,-1,292,304,305,-1,292,305,290,-1,306,307,241,-1,241,307,308,-1,241,308,242,-1,306,309,307,-1,307,309,310,-1,307,310,311,-1,311,310,312,-1,311,313,314,-1,312,315,311,-1,311,315,316,-1,311,316,317,-1,317,318,311,-1,311,318,319,-1,311,319,313,-1,314,320,311,-1,311,320,321,-1,311,321,322,-1,323,324,325,-1,325,324,326,-1,325,326,327,-1,328,329,330,-1,330,329,331,-1,330,331,332,-1,324,333,326,-1,326,333,334,-1,326,334,335,-1,335,334,336,-1,335,336,337,-1,337,336,338,-1,337,338,339,-1,339,338,340,-1,341,342,343,-1,343,342,344,-1,344,342,345,-1,345,342,346,-1,345,346,347,-1,347,346,348,-1,347,348,349,-1,350,351,335,-1,352,353,337,-1,351,354,335,-1,335,354,355,-1,335,355,348,-1,348,355,356,-1,348,356,349,-1,352,337,357,-1,343,358,341,-1,341,358,359,-1,341,359,337,-1,337,359,360,-1,337,360,357,-1,353,361,337,-1,337,361,362,-1,337,362,335,-1,335,362,363,-1,335,363,350,-1,342,364,346,-1,346,364,365,-1,346,365,366,-1,367,342,368,-1,368,342,369,-1,368,369,370,-1,371,372,373,-1,373,372,374,-1,373,374,375,-1,373,364,371,-1,371,364,342,-1,371,342,376,-1,376,342,367,-1,376,367,17,-1,17,367,377,-1,17,377,15,-1,370,369,378,-1,378,369,379,-1,378,379,380,-1,381,382,339,-1,339,382,383,-1,339,383,384,-1,384,385,339,-1,339,385,386,-1,339,386,387,-1,387,388,339,-1,339,388,389,-1,339,389,390,-1,340,330,339,-1,339,330,332,-1,339,332,381,-1,381,332,391,-1,381,391,392,-1,392,391,393,-1,392,393,394,-1,394,393,395,-1,395,396,394,-1,394,396,397,-1,394,397,398,-1,330,327,328,-1,328,327,326,-1,328,326,399,-1,399,326,400,-1,401,402,189,-1,403,404,405,-1,198,187,192,-1,192,187,189,-1,192,189,190,-1,190,189,402,-1,190,402,406,-1,407,408,409,-1,400,190,409,-1,409,190,410,-1,407,409,411,-1,405,412,403,-1,403,412,413,-1,403,413,414,-1,404,403,415,-1,415,403,410,-1,415,410,416,-1,408,417,409,-1,409,417,418,-1,409,418,400,-1,400,418,419,-1,420,421,410,-1,410,421,422,-1,410,422,416,-1,411,409,423,-1,423,409,424,-1,423,424,425,-1,406,426,190,-1,190,426,427,-1,190,427,410,-1,410,427,428,-1,410,428,420,-1,419,429,400,-1,400,429,430,-1,400,430,431,-1,431,430,432,-1,433,434,425,-1,425,434,435,-1,425,435,423,-1,423,435,403,-1,436,437,438,-1,438,437,423,-1,438,439,440,-1,440,441,438,-1,438,441,442,-1,438,442,436,-1,443,444,69,-1,443,69,445,-1,446,447,448,-1,444,449,69,-1,69,449,450,-1,69,450,63,-1,63,450,451,-1,63,451,83,-1,448,452,446,-1,446,452,453,-1,446,453,454,-1,447,445,448,-1,448,445,69,-1,448,69,455,-1,455,69,50,-1,456,457,49,-1,49,457,458,-1,49,458,50,-1,50,458,459,-1,50,459,455,-1,460,461,49,-1,43,42,49,-1,49,42,462,-1,49,462,460,-1,461,463,49,-1,49,463,464,-1,49,464,456,-1,456,464,465,-1,456,465,466,-1,466,465,467,-1,467,465,468,-1,467,468,469,-1,469,470,467,-1,467,470,471,-1,467,471,472,-1,473,474,379,-1,365,475,366,-1,366,475,380,-1,366,380,14,-1,14,380,379,-1,14,379,476,-1,476,379,474,-1,12,14,477,-1,478,479,480,-1,481,482,483,-1,483,482,484,-1,483,484,476,-1,476,484,485,-1,476,485,14,-1,14,485,486,-1,14,486,477,-1,487,488,489,-1,489,488,490,-1,489,490,491,-1,481,483,480,-1,480,483,492,-1,480,492,478,-1,479,493,480,-1,480,493,494,-1,480,494,495,-1,495,496,480,-1,480,496,497,-1,480,497,498,-1,498,499,480,-1,480,499,488,-1,480,488,500,-1,500,488,487,-1,10,501,502,-1,502,501,503,-1,502,503,504,-1,11,505,506,-1,506,507,11,-1,11,507,508,-1,11,508,9,-1,509,510,11,-1,11,510,511,-1,11,511,505,-1,512,513,514,-1,514,513,515,-1,514,515,509,-1,509,515,516,-1,509,516,510,-1,517,518,519,-1,519,518,520,-1,519,520,521,-1,522,523,221,-1,221,523,524,-1,221,524,519,-1,519,524,525,-1,519,525,517,-1,244,243,253,-1,253,243,273,-1,253,273,221,-1,221,273,275,-1,221,275,522,-1,22,212,23,-1,23,212,216,-1,23,216,266,-1,266,216,526,-1,266,526,224,-1,224,526,527,-1,224,527,225,-1,528,529,530,-1,191,190,531,-1,531,190,532,-1,531,532,204,-1,204,532,530,-1,204,530,203,-1,203,530,529,-1,203,529,533,-1,534,535,536,-1,530,537,528,-1,528,537,538,-1,528,538,539,-1,539,538,534,-1,539,534,540,-1,540,534,536,-1,8,541,20,-1,20,541,542,-1,268,20,280,-1,280,20,542,-1,280,542,537,-1,537,542,543,-1,537,543,538,-1,544,541,545,-1,545,541,8,-1,545,8,546,-1,546,8,7,-1,547,548,549,-1,267,266,19,-1,19,266,547,-1,19,547,20,-1,20,547,549,-1,20,549,8,-1,8,549,550,-1,8,550,551,-1,552,553,554,-1,554,553,555,-1,554,555,547,-1,547,555,556,-1,547,556,548,-1,551,557,8,-1,8,557,558,-1,8,558,6,-1,559,560,561,-1,560,562,561,-1,561,562,563,-1,561,563,554,-1,554,563,564,-1,554,564,552,-1,565,509,29,-1,565,566,509,-1,509,566,567,-1,509,567,514,-1,514,567,568,-1,514,568,569,-1,5,514,3,-1,3,514,569,-1,3,569,29,-1,29,569,570,-1,29,570,565,-1,571,572,5,-1,571,573,572,-1,572,573,574,-1,572,574,575,-1,576,577,578,-1,578,577,573,-1,578,573,579,-1,579,573,571,-1,579,571,580,-1,580,571,581,-1,2,572,0,-1,0,572,575,-1,0,575,4,-1,4,575,582,-1,4,582,5,-1,5,582,583,-1,5,583,571,-1,10,502,11,-1,11,502,584,-1,11,584,509,-1,509,584,37,-1,509,37,29,-1,29,37,38,-1,29,38,30,-1,2,224,572,-1,572,224,217,-1,572,217,5,-1,5,217,221,-1,5,221,514,-1,514,221,519,-1,514,519,512,-1,512,519,521,-1,390,585,339,-1,339,585,586,-1,339,586,337,-1,337,586,587,-1,337,587,341,-1,341,587,588,-1,341,588,342,-1,342,588,589,-1,342,589,369,-1,369,589,504,-1,369,504,379,-1,379,504,503,-1,379,503,473,-1,400,326,190,-1,190,326,335,-1,190,335,532,-1,532,335,348,-1,532,348,530,-1,530,348,346,-1,530,346,537,-1,537,346,366,-1,537,366,280,-1,280,366,14,-1,280,14,275,-1,275,14,13,-1,275,13,522,-1,414,590,403,-1,403,590,401,-1,403,401,423,-1,423,401,189,-1,423,189,438,-1,438,189,193,-1,438,193,591,-1,591,193,203,-1,591,203,561,-1,561,203,533,-1,561,533,559,-1,439,438,592,-1,592,438,591,-1,592,591,593,-1,593,591,561,-1,593,561,594,-1,594,561,554,-1,594,554,595,-1,595,554,547,-1,595,547,596,-1,596,547,266,-1,596,266,597,-1,597,266,224,-1,597,224,598,-1,598,224,2,-1,598,2,599,-1,599,2,1,-1,599,1,79,-1,79,1,96,-1,79,96,80,-1,600,601,602,-1,603,604,605,-1,605,604,606,-1,607,608,609,-1,600,602,610,-1,603,611,604,-1,604,611,612,-1,604,612,613,-1,614,615,616,-1,616,615,617,-1,616,617,606,-1,606,617,618,-1,606,618,605,-1,619,620,621,-1,621,620,622,-1,621,622,623,-1,610,602,616,-1,616,602,624,-1,616,624,625,-1,609,626,607,-1,607,626,627,-1,607,627,623,-1,623,627,628,-1,623,628,629,-1,625,630,616,-1,616,630,631,-1,616,631,614,-1,632,633,634,-1,634,633,635,-1,634,635,636,-1,637,638,639,-1,629,640,623,-1,623,640,641,-1,623,641,642,-1,613,612,643,-1,643,612,644,-1,643,644,645,-1,642,646,623,-1,623,646,647,-1,623,647,621,-1,648,649,650,-1,650,649,651,-1,650,651,652,-1,652,651,653,-1,652,653,608,-1,608,653,654,-1,608,654,609,-1,636,655,634,-1,634,655,656,-1,634,656,639,-1,639,656,657,-1,639,657,637,-1,638,658,639,-1,639,658,659,-1,639,659,660,-1,660,659,643,-1,660,643,661,-1,661,643,645,-1,632,634,650,-1,650,634,662,-1,650,662,648,-1,381,392,627,-1,627,392,628,-1,628,392,394,-1,628,394,629,-1,629,394,398,-1,629,398,640,-1,640,398,397,-1,640,397,641,-1,641,397,396,-1,641,396,642,-1,642,396,395,-1,642,395,646,-1,646,395,393,-1,646,393,647,-1,647,393,391,-1,647,391,621,-1,332,663,664,-1,331,665,332,-1,332,665,666,-1,332,666,663,-1,391,667,668,-1,664,669,332,-1,332,669,670,-1,332,670,671,-1,668,672,391,-1,391,672,673,-1,391,673,674,-1,671,675,332,-1,332,675,676,-1,332,676,677,-1,677,678,332,-1,332,678,679,-1,332,679,391,-1,391,679,680,-1,391,680,667,-1,674,681,391,-1,391,681,682,-1,391,682,683,-1,683,684,391,-1,391,684,619,-1,391,619,621,-1,419,685,686,-1,419,686,429,-1,429,686,687,-1,429,687,430,-1,430,687,688,-1,430,688,432,-1,432,688,689,-1,432,689,431,-1,431,689,400,-1,400,689,690,-1,400,690,399,-1,399,690,328,-1,328,690,691,-1,328,691,329,-1,329,691,665,-1,329,665,331,-1,419,418,685,-1,685,418,692,-1,411,693,407,-1,407,693,694,-1,407,694,408,-1,408,694,695,-1,408,695,417,-1,417,695,696,-1,417,696,418,-1,418,696,692,-1,436,697,437,-1,437,697,693,-1,437,693,423,-1,423,693,411,-1,697,436,442,-1,697,442,698,-1,698,442,441,-1,698,441,699,-1,699,441,440,-1,699,440,700,-1,700,440,439,-1,700,439,701,-1,439,592,701,-1,701,592,593,-1,701,593,594,-1,594,595,701,-1,701,595,596,-1,701,596,597,-1,597,598,701,-1,701,598,599,-1,701,599,702,-1,702,599,79,-1,702,79,82,-1,702,82,89,-1,702,89,703,-1,703,89,90,-1,703,90,704,-1,704,90,86,-1,704,86,705,-1,705,86,85,-1,705,85,706,-1,451,450,707,-1,706,85,84,-1,706,84,707,-1,707,84,83,-1,707,83,451,-1,445,708,443,-1,443,708,709,-1,443,709,444,-1,444,709,710,-1,444,710,449,-1,449,710,711,-1,449,711,450,-1,450,711,707,-1,445,447,708,-1,708,447,712,-1,457,713,714,-1,712,447,446,-1,715,459,714,-1,714,459,458,-1,714,458,457,-1,712,446,716,-1,716,446,454,-1,716,454,717,-1,717,454,453,-1,717,453,718,-1,718,453,452,-1,718,452,719,-1,719,452,448,-1,719,448,715,-1,715,448,455,-1,715,455,459,-1,466,602,601,-1,601,720,466,-1,466,720,721,-1,466,721,722,-1,723,724,456,-1,456,724,725,-1,456,725,726,-1,722,727,466,-1,466,727,728,-1,466,728,729,-1,726,730,456,-1,456,730,731,-1,456,731,732,-1,729,733,466,-1,466,733,734,-1,466,734,735,-1,713,457,736,-1,736,457,456,-1,736,456,737,-1,737,456,732,-1,735,738,466,-1,466,738,739,-1,466,739,456,-1,456,739,740,-1,456,740,723,-1,602,466,467,-1,602,467,624,-1,624,467,472,-1,624,472,625,-1,625,472,471,-1,625,471,630,-1,630,471,470,-1,630,470,631,-1,631,470,469,-1,631,469,614,-1,614,469,468,-1,614,468,615,-1,615,468,465,-1,615,465,617,-1,465,464,617,-1,617,464,618,-1,462,612,460,-1,460,612,611,-1,460,611,461,-1,461,611,603,-1,461,603,463,-1,463,603,605,-1,463,605,464,-1,464,605,618,-1,40,644,42,-1,42,644,612,-1,42,612,462,-1,644,40,47,-1,644,47,645,-1,645,47,46,-1,645,46,661,-1,661,46,45,-1,661,45,660,-1,660,45,44,-1,660,44,639,-1,639,44,37,-1,502,504,634,-1,639,37,634,-1,634,37,584,-1,634,584,502,-1,504,589,634,-1,634,589,588,-1,634,588,587,-1,587,586,634,-1,634,586,585,-1,634,585,390,-1,634,390,389,-1,634,389,662,-1,662,389,388,-1,662,388,648,-1,648,388,387,-1,648,387,649,-1,649,387,386,-1,649,386,651,-1,386,385,651,-1,651,385,653,-1,381,627,382,-1,382,627,626,-1,382,626,383,-1,383,626,609,-1,383,609,384,-1,384,609,654,-1,384,654,385,-1,385,654,653,-1,741,666,665,-1,695,742,696,-1,696,742,743,-1,744,745,710,-1,695,694,742,-1,742,694,693,-1,742,693,746,-1,747,685,743,-1,743,685,692,-1,743,692,696,-1,736,748,713,-1,713,748,749,-1,713,749,750,-1,710,709,744,-1,744,709,708,-1,744,708,750,-1,750,708,712,-1,750,712,716,-1,691,747,665,-1,665,747,751,-1,665,751,741,-1,752,753,702,-1,702,753,754,-1,702,754,755,-1,691,690,747,-1,747,690,689,-1,747,689,688,-1,716,717,750,-1,750,717,718,-1,750,718,719,-1,688,687,747,-1,747,687,686,-1,747,686,685,-1,719,715,750,-1,750,715,714,-1,750,714,713,-1,704,705,756,-1,756,705,706,-1,756,706,757,-1,757,706,707,-1,757,707,745,-1,745,707,711,-1,745,711,710,-1,752,702,756,-1,756,702,703,-1,756,703,704,-1,701,758,759,-1,755,760,702,-1,702,760,761,-1,702,761,701,-1,701,761,762,-1,701,762,758,-1,746,693,763,-1,763,693,697,-1,763,697,698,-1,759,764,701,-1,701,764,765,-1,701,765,700,-1,700,765,763,-1,700,763,699,-1,699,763,698,-1,
        ]
    }
}
Shape{
    appearance Appearance {
        material  Material 	{
            diffuseColor 0.25098039215686274 0.25098039215686274 0.25098039215686274
            specularColor 0.12549019607843137 0.12549019607843137 0.12549019607843137
            ambientIntensity 0.251
            transparency 0.0
            shininess 0.5
        }
    }
    geometry IndexedFaceSet {
        ccw TRUE
        solid FALSE
        coord DEF co Coordinate {
            point [
                -0.3766 0.033 0.2524, -0.378 0.0001 0.2524, -0.3752 0.0001 0.2824, -0.0726 0.3738 0.3625, -0.0616 0.3761 0.3646, -0.0611 0.3727 0.3426, 0.3776 0.0001 0.3426, 0.3754 0.0409 0.3426, 0.3776 0.0001 0.3427, 0.3767 0.0322 0.346, 0.378 0.0001 0.346, 0.3687 0.0812 0.3426, 0.3726 0.064 0.346, 0.3755 0.0409 0.346, 0.3564 0.1261 0.346, 0.3581 0.1207 0.346, 0.3578 0.1206 0.3426, 0.3658 0.0954 0.346, 0.3689 0.0813 0.346, 0.3444 0.1559 0.346, 0.3427 0.1586 0.3426, 0.343 0.1588 0.346, 0.33 0.1845 0.346, 0.3235 0.1947 0.3426, 0.3236 0.1948 0.346, 0.3131 0.2119 0.346, 0.3006 0.2286 0.3426, 0.3007 0.2287 0.346, 0.294 0.2377 0.346, 0.2741 0.2597 0.3426, 0.2744 0.26 0.346, 0.2444 0.2878 0.3426, 0.2446 0.288 0.346, 0.2496 0.284 0.346, 0.2728 0.2618 0.346, 0.2246 0.3041 0.346, 0.2119 0.3126 0.3426, 0.212 0.3127 0.346, 0.198 0.3221 0.346, 0.1769 0.3337 0.3426, 0.1769 0.3339 0.346, 0.1398 0.3508 0.3426, 0.14 0.3515 0.3487, 0.1533 0.3458 0.3469, 0.17 0.3377 0.346, 0.101 0.3639 0.3426, 0.1192 0.3598 0.3524, 0.1364 0.3531 0.3492, 0.0616 0.3761 0.3646, 0.0667 0.3752 0.3637, 0.0611 0.3727 0.3426, 0.0844 0.3709 0.3601, 0.1019 0.3657 0.3562, 0.0147 0.3821 0.3703, 0.0207 0.3816 0.3698, 0.0204 0.3771 0.3426, 0.0322 0.3807 0.3689, 0.0498 0.3784 0.3666, -0.0027 0.3825 0.3707, -0.0204 0.3771 0.3426, -0.0201 0.3818 0.37, -0.055 0.3775 0.3658, -0.0375 0.3801 0.3683, -0.0207 0.3817 0.3699, -0.101 0.3639 0.3426, -0.1015 0.3658 0.3563, -0.0973 0.3672 0.3572, -0.0794 0.3722 0.3611, -0.1486 0.3479 0.3474, -0.14 0.3515 0.3487, -0.1398 0.3508 0.3426, -0.1319 0.3549 0.35, -0.1148 0.3614 0.3534, -0.1648 0.3403 0.3461, -0.1769 0.3337 0.3426, -0.17 0.3377 0.346, -0.2119 0.3126 0.3426, -0.198 0.3221 0.346, -0.1769 0.3339 0.346, -0.2496 0.284 0.346, -0.2446 0.288 0.346, -0.2444 0.2878 0.3426, -0.2246 0.3041 0.346, -0.212 0.3127 0.346, -0.2728 0.2618 0.346, -0.2741 0.2597 0.3426, -0.2744 0.26 0.346, -0.294 0.2377 0.346, -0.3006 0.2286 0.3426, -0.3007 0.2287 0.346, -0.3131 0.2119 0.346, -0.3235 0.1947 0.3426, -0.3236 0.1948 0.346, -0.33 0.1845 0.346, -0.3427 0.1586 0.3426, -0.343 0.1588 0.346, -0.3578 0.1206 0.3426, -0.3581 0.1207 0.346, -0.3564 0.1261 0.346, -0.3444 0.1559 0.346, -0.3658 0.0954 0.346, -0.3687 0.0812 0.3426, -0.3689 0.0813 0.346, -0.3726 0.064 0.346, -0.3754 0.0409 0.3426, -0.3755 0.0409 0.346, -0.3776 0.0001 0.3426, -0.3776 0.0001 0.3427, -0.3767 0.0322 0.346, -0.378 0.0001 0.346, 0.3766 0.033 0.2524, 0.3755 0.0409 0.2524, 0.373 0.0406 0.2824, 0.3723 0.0657 0.2524, 0.3664 0.0807 0.2824, 0.3688 0.0813 0.2524, 0.3651 0.0979 0.2524, 0.3556 0.1199 0.2824, 0.358 0.1207 0.2524, 0.3552 0.1294 0.2524, 0.3405 0.1576 0.2824, 0.3274 0.1891 0.2524, 0.3215 0.1935 0.2824, 0.3426 0.1598 0.2524, 0.343 0.1588 0.2524, 0.3237 0.1948 0.2524, 0.3097 0.2169 0.2524, 0.2987 0.2271 0.2824, 0.3007 0.2286 0.2524, 0.2896 0.2431 0.2524, 0.2724 0.2581 0.2824, 0.2742 0.2598 0.2524, 0.2673 0.2674 0.2524, 0.2429 0.286 0.2824, 0.2168 0.3097 0.2524, 0.2106 0.3106 0.2824, 0.243 0.2897 0.2524, 0.2447 0.2881 0.2524, 0.212 0.3128 0.2524, 0.189 0.3275 0.2524, 0.1757 0.3316 0.2824, 0.1769 0.3338 0.2524, 0.1598 0.3427 0.2524, 0.1389 0.3486 0.2824, 0.1398 0.351 0.2524, 0.1293 0.3553 0.2524, 0.1004 0.3616 0.2824, 0.0656 0.3724 0.2524, 0.0607 0.3703 0.2824, 0.0978 0.3652 0.2524, 0.1011 0.3642 0.2524, 0.0611 0.373 0.2524, 0.0329 0.3767 0.2524, 0.0203 0.3747 0.2824, 0.0205 0.3772 0.2524, 0.0 0.3781 0.2524, -0.0203 0.3747 0.2824, -0.0611 0.373 0.2524, -0.0607 0.3703 0.2824, -0.0329 0.3767 0.2524, -0.0205 0.3772 0.2524, -0.0656 0.3724 0.2524, -0.0978 0.3652 0.2524, -0.1004 0.3616 0.2824, -0.1011 0.3642 0.2524, -0.1293 0.3553 0.2524, -0.1389 0.3486 0.2824, -0.1398 0.351 0.2524, -0.1757 0.3316 0.2824, -0.1598 0.3427 0.2524, -0.212 0.3128 0.2524, -0.2106 0.3106 0.2824, -0.189 0.3275 0.2524, -0.1769 0.3338 0.2524, -0.2168 0.3097 0.2524, -0.243 0.2897 0.2524, -0.2429 0.286 0.2824, -0.2447 0.2881 0.2524, -0.2673 0.2674 0.2524, -0.2724 0.2581 0.2824, -0.2742 0.2598 0.2524, -0.2987 0.2271 0.2824, -0.2896 0.2431 0.2524, -0.3237 0.1948 0.2524, -0.3215 0.1935 0.2824, -0.3097 0.2169 0.2524, -0.3007 0.2286 0.2524, -0.3274 0.1891 0.2524, -0.3426 0.1598 0.2524, -0.3405 0.1576 0.2824, -0.343 0.1588 0.2524, -0.3552 0.1294 0.2524, -0.3556 0.1199 0.2824, -0.358 0.1207 0.2524, -0.3651 0.0979 0.2524, -0.3664 0.0807 0.2824, -0.3755 0.0409 0.2524, -0.373 0.0406 0.2824, -0.3723 0.0657 0.2524, -0.3688 0.0813 0.2524, 0.378 0.0001 0.2524, 0.3752 0.0001 0.2824, 0.3752 0.0001 0.2824, 0.375 0.0001 0.3126, -0.3728 0.0406 0.3125, -0.3663 0.0807 0.3125, -0.3554 0.1198 0.3125, -0.3404 0.1576 0.3125, -0.3214 0.1934 0.3125, -0.2986 0.2271 0.3125, -0.2723 0.258 0.3125, -0.2428 0.2859 0.3125, -0.2105 0.3105 0.3125, -0.1757 0.3314 0.3125, -0.1388 0.3485 0.3125, -0.1003 0.3615 0.3125, -0.0607 0.3702 0.3125, -0.0203 0.3746 0.3125, 0.0203 0.3746 0.3125, 0.0607 0.3702 0.3125, 0.1003 0.3615 0.3125, 0.1388 0.3485 0.3125, 0.1757 0.3314 0.3125, 0.2105 0.3105 0.3125, 0.2428 0.2859 0.3125, 0.2723 0.258 0.3125, 0.2986 0.2271 0.3125, 0.3214 0.1934 0.3125, 0.3404 0.1576 0.3125, 0.3554 0.1198 0.3125, 0.3663 0.0807 0.3125, 0.3728 0.0406 0.3125, -0.3752 0.0001 0.2824, -0.375 0.0001 0.3125, 0.3754 -0.0407 0.3427, 0.373 -0.0405 0.2824, -0.1319 -0.3548 0.35, -0.14 -0.3514 0.3487, -0.1398 -0.3507 0.3427, -0.3687 -0.0811 0.3427, -0.3726 -0.0638 0.346, -0.3754 -0.0407 0.3427, -0.3755 -0.0408 0.346, -0.3767 -0.032 0.346, -0.3564 -0.1259 0.346, -0.3581 -0.1206 0.346, -0.3578 -0.1205 0.3427, -0.3658 -0.0952 0.346, -0.3689 -0.0811 0.346, -0.3444 -0.1557 0.346, -0.3427 -0.1585 0.3427, -0.343 -0.1586 0.346, -0.33 -0.1844 0.346, -0.3235 -0.1946 0.3427, -0.3236 -0.1946 0.346, -0.3131 -0.2117 0.346, -0.3006 -0.2284 0.3427, -0.3007 -0.2285 0.346, -0.294 -0.2375 0.346, -0.2741 -0.2596 0.3427, -0.2744 -0.2598 0.346, -0.2444 -0.2877 0.3427, -0.2446 -0.2879 0.346, -0.2496 -0.2838 0.346, -0.2728 -0.2616 0.346, -0.2246 -0.304 0.346, -0.2119 -0.3124 0.3427, -0.212 -0.3125 0.346, -0.198 -0.3219 0.346, -0.1769 -0.3335 0.3427, -0.1769 -0.3337 0.346, -0.1486 -0.3477 0.3474, -0.1648 -0.3401 0.3461, -0.17 -0.3376 0.346, -0.1148 -0.3612 0.3534, -0.101 -0.3637 0.3427, -0.1015 -0.3656 0.3563, -0.0616 -0.3759 0.3646, -0.0726 -0.3737 0.3625, -0.0611 -0.3725 0.3427, -0.0794 -0.372 0.3611, -0.0973 -0.367 0.3572, -0.0201 -0.3816 0.37, -0.0207 -0.3816 0.3699, -0.0204 -0.3769 0.3427, -0.0375 -0.38 0.3683, -0.055 -0.3773 0.3658, 0.0204 -0.3769 0.3427, 0.0207 -0.3815 0.3698, 0.0147 -0.3819 0.3703, -0.0027 -0.3823 0.3707, 0.0667 -0.375 0.3637, 0.0616 -0.376 0.3646, 0.0611 -0.3725 0.3427, 0.0498 -0.3782 0.3666, 0.0322 -0.3806 0.3689, 0.1398 -0.3507 0.3427, 0.14 -0.3514 0.3487, 0.1364 -0.353 0.3492, 0.101 -0.3637 0.3427, 0.1192 -0.3596 0.3524, 0.1019 -0.3656 0.3562, 0.0844 -0.3707 0.3601, 0.1769 -0.3335 0.3427, 0.17 -0.3376 0.346, 0.1533 -0.3456 0.3469, 0.2119 -0.3124 0.3427, 0.198 -0.3219 0.346, 0.1769 -0.3337 0.346, 0.2496 -0.2838 0.346, 0.2446 -0.2879 0.346, 0.2444 -0.2877 0.3427, 0.2246 -0.304 0.346, 0.212 -0.3125 0.346, 0.2728 -0.2616 0.346, 0.2741 -0.2596 0.3427, 0.2744 -0.2598 0.346, 0.294 -0.2375 0.346, 0.3006 -0.2284 0.3427, 0.3007 -0.2285 0.346, 0.3131 -0.2117 0.346, 0.3235 -0.1946 0.3427, 0.3236 -0.1946 0.346, 0.33 -0.1844 0.346, 0.3427 -0.1585 0.3427, 0.343 -0.1586 0.346, 0.3578 -0.1205 0.3427, 0.3581 -0.1206 0.346, 0.3564 -0.1259 0.346, 0.3444 -0.1557 0.346, 0.3658 -0.0952 0.346, 0.3687 -0.0811 0.3427, 0.3689 -0.0811 0.346, 0.3726 -0.0638 0.346, 0.3755 -0.0408 0.346, 0.3767 -0.032 0.346, -0.3766 -0.0329 0.2524, -0.373 -0.0405 0.2824, -0.3755 -0.0408 0.2524, -0.3723 -0.0656 0.2524, -0.3664 -0.0806 0.2824, -0.3688 -0.0811 0.2524, -0.3651 -0.0978 0.2524, -0.3556 -0.1197 0.2824, -0.358 -0.1205 0.2524, -0.3552 -0.1292 0.2524, -0.3405 -0.1575 0.2824, -0.3274 -0.1889 0.2524, -0.3215 -0.1934 0.2824, -0.3426 -0.1597 0.2524, -0.343 -0.1586 0.2524, -0.3237 -0.1947 0.2524, -0.3097 -0.2167 0.2524, -0.2987 -0.227 0.2824, -0.3007 -0.2285 0.2524, -0.2896 -0.2429 0.2524, -0.2724 -0.2579 0.2824, -0.2742 -0.2597 0.2524, -0.2673 -0.2672 0.2524, -0.2429 -0.2859 0.2824, -0.2168 -0.3096 0.2524, -0.2106 -0.3105 0.2824, -0.243 -0.2895 0.2524, -0.2447 -0.288 0.2524, -0.212 -0.3126 0.2524, -0.189 -0.3273 0.2524, -0.1757 -0.3314 0.2824, -0.1769 -0.3336 0.2524, -0.1598 -0.3425 0.2524, -0.1389 -0.3485 0.2824, -0.1398 -0.3508 0.2524, -0.1293 -0.3551 0.2524, -0.1004 -0.3614 0.2824, -0.0656 -0.3722 0.2524, -0.0607 -0.3702 0.2824, -0.0978 -0.3651 0.2524, -0.1011 -0.364 0.2524, -0.0611 -0.3728 0.2524, -0.0329 -0.3765 0.2524, -0.0203 -0.3746 0.2824, -0.0205 -0.3771 0.2524, 0.0 -0.3779 0.2524, 0.0203 -0.3746 0.2824, 0.0611 -0.3728 0.2524, 0.0607 -0.3702 0.2824, 0.0329 -0.3765 0.2524, 0.0205 -0.3771 0.2524, 0.0656 -0.3722 0.2524, 0.0978 -0.3651 0.2524, 0.1004 -0.3614 0.2824, 0.1011 -0.364 0.2524, 0.1293 -0.3551 0.2524, 0.1389 -0.3485 0.2824, 0.1398 -0.3508 0.2524, 0.1757 -0.3314 0.2824, 0.1598 -0.3425 0.2524, 0.212 -0.3126 0.2524, 0.2106 -0.3105 0.2824, 0.189 -0.3273 0.2524, 0.1769 -0.3336 0.2524, 0.2168 -0.3096 0.2524, 0.243 -0.2895 0.2524, 0.2429 -0.2859 0.2824, 0.2447 -0.288 0.2524, 0.2673 -0.2672 0.2524, 0.2724 -0.2579 0.2824, 0.2742 -0.2597 0.2524, 0.2987 -0.227 0.2824, 0.2896 -0.2429 0.2524, 0.3237 -0.1947 0.2524, 0.3215 -0.1934 0.2824, 0.3097 -0.2167 0.2524, 0.3007 -0.2285 0.2524, 0.3274 -0.1889 0.2524, 0.3426 -0.1597 0.2524, 0.3405 -0.1575 0.2824, 0.343 -0.1586 0.2524, 0.3552 -0.1292 0.2524, 0.3556 -0.1197 0.2824, 0.358 -0.1205 0.2524, 0.3651 -0.0978 0.2524, 0.3664 -0.0806 0.2824, 0.3688 -0.0811 0.2524, 0.3723 -0.0656 0.2524, 0.3766 -0.0329 0.2524, 0.3755 -0.0408 0.2524, 0.3729 -0.0405 0.3126, 0.3663 -0.0805 0.3126, 0.3554 -0.1197 0.3126, 0.3404 -0.1574 0.3126, 0.3214 -0.1933 0.3126, 0.2986 -0.2269 0.3126, 0.2723 -0.2578 0.3126, 0.2428 -0.2858 0.3126, 0.2105 -0.3103 0.3126, 0.1757 -0.3313 0.3126, 0.1388 -0.3483 0.3126, 0.1003 -0.3613 0.3126, 0.0607 -0.37 0.3126, 0.0203 -0.3744 0.3126, -0.0203 -0.3744 0.3126, -0.0607 -0.37 0.3126, -0.1003 -0.3613 0.3126, -0.1388 -0.3483 0.3126, -0.1757 -0.3313 0.3126, -0.2105 -0.3103 0.3126, -0.2428 -0.2858 0.3126, -0.2723 -0.2578 0.3126, -0.2986 -0.2269 0.3126, -0.3214 -0.1933 0.3126, -0.3404 -0.1574 0.3126, -0.3554 -0.1197 0.3126, -0.3663 -0.0805 0.3126, -0.3729 -0.0405 0.3126
            ]
        }
        coordIndex [
            0,1,2,-1,3,4,5,-1,6,7,8,-1,8,7,9,-1,8,9,10,-1,11,12,7,-1,7,12,13,-1,7,13,9,-1,14,15,16,-1,16,15,17,-1,16,17,11,-1,11,17,18,-1,11,18,12,-1,14,16,19,-1,19,16,20,-1,19,20,21,-1,21,20,22,-1,22,20,23,-1,22,23,24,-1,24,23,25,-1,25,23,26,-1,25,26,27,-1,27,26,28,-1,28,26,29,-1,28,29,30,-1,31,32,33,-1,31,33,29,-1,29,33,34,-1,29,34,30,-1,32,31,35,-1,35,31,36,-1,35,36,37,-1,37,36,38,-1,38,36,39,-1,38,39,40,-1,41,42,43,-1,41,43,39,-1,39,43,44,-1,39,44,40,-1,45,46,41,-1,41,46,47,-1,41,47,42,-1,48,49,50,-1,50,49,51,-1,50,51,45,-1,45,51,52,-1,45,52,46,-1,53,54,55,-1,55,54,56,-1,55,56,50,-1,50,56,57,-1,50,57,48,-1,53,55,58,-1,58,55,59,-1,58,59,60,-1,4,61,5,-1,5,61,62,-1,5,62,59,-1,59,62,63,-1,59,63,60,-1,64,65,66,-1,64,66,5,-1,5,66,67,-1,5,67,3,-1,68,69,70,-1,70,69,71,-1,70,71,64,-1,64,71,72,-1,64,72,65,-1,68,70,73,-1,73,70,74,-1,73,74,75,-1,76,77,74,-1,74,77,78,-1,74,78,75,-1,79,80,81,-1,81,80,82,-1,81,82,76,-1,76,82,83,-1,76,83,77,-1,79,81,84,-1,84,81,85,-1,84,85,86,-1,86,85,87,-1,87,85,88,-1,87,88,89,-1,89,88,90,-1,90,88,91,-1,90,91,92,-1,92,91,93,-1,93,91,94,-1,93,94,95,-1,96,97,98,-1,96,98,94,-1,94,98,99,-1,94,99,95,-1,97,96,100,-1,100,96,101,-1,100,101,102,-1,102,101,103,-1,103,101,104,-1,103,104,105,-1,104,106,107,-1,105,104,108,-1,108,104,107,-1,108,107,109,-1,110,111,112,-1,112,111,113,-1,112,113,114,-1,113,115,114,-1,114,115,116,-1,114,116,117,-1,116,118,117,-1,117,118,119,-1,117,119,120,-1,121,122,123,-1,123,122,120,-1,123,120,124,-1,124,120,119,-1,121,125,122,-1,122,125,126,-1,122,126,127,-1,126,128,127,-1,127,128,129,-1,127,129,130,-1,129,131,130,-1,130,131,132,-1,130,132,133,-1,134,135,136,-1,136,135,133,-1,136,133,137,-1,137,133,132,-1,134,138,135,-1,135,138,139,-1,135,139,140,-1,139,141,140,-1,140,141,142,-1,140,142,143,-1,142,144,143,-1,143,144,145,-1,143,145,146,-1,147,148,149,-1,149,148,146,-1,149,146,150,-1,150,146,145,-1,147,151,148,-1,148,151,152,-1,148,152,153,-1,152,154,153,-1,153,154,155,-1,153,155,156,-1,157,158,159,-1,159,158,156,-1,159,156,160,-1,160,156,155,-1,157,161,158,-1,158,161,162,-1,158,162,163,-1,162,164,163,-1,163,164,165,-1,163,165,166,-1,166,165,167,-1,166,167,168,-1,168,167,169,-1,170,171,172,-1,172,171,168,-1,172,168,173,-1,173,168,169,-1,170,174,171,-1,171,174,175,-1,171,175,176,-1,175,177,176,-1,176,177,178,-1,176,178,179,-1,179,178,180,-1,179,180,181,-1,181,180,182,-1,183,184,185,-1,185,184,181,-1,185,181,186,-1,186,181,182,-1,183,187,184,-1,184,187,188,-1,184,188,189,-1,188,190,189,-1,189,190,191,-1,189,191,192,-1,191,193,192,-1,192,193,194,-1,192,194,195,-1,196,197,198,-1,198,197,195,-1,198,195,199,-1,199,195,194,-1,200,110,201,-1,201,110,112,-1,201,112,202,-1,202,112,203,-1,197,204,195,-1,195,204,205,-1,195,205,192,-1,192,205,206,-1,192,206,189,-1,189,206,207,-1,189,207,184,-1,184,207,208,-1,184,208,181,-1,181,208,209,-1,181,209,179,-1,179,209,210,-1,179,210,176,-1,176,210,211,-1,176,211,171,-1,171,211,212,-1,171,212,168,-1,168,212,213,-1,168,213,166,-1,166,213,214,-1,166,214,163,-1,163,214,215,-1,163,215,158,-1,158,215,216,-1,158,216,156,-1,156,216,217,-1,156,217,153,-1,153,217,218,-1,153,218,148,-1,148,218,219,-1,148,219,146,-1,146,219,220,-1,146,220,143,-1,143,220,221,-1,143,221,140,-1,140,221,222,-1,140,222,135,-1,135,222,223,-1,135,223,133,-1,133,223,224,-1,133,224,130,-1,130,224,225,-1,130,225,127,-1,127,225,226,-1,127,226,122,-1,122,226,227,-1,122,227,120,-1,120,227,228,-1,120,228,117,-1,117,228,229,-1,117,229,114,-1,114,229,230,-1,114,230,112,-1,112,230,231,-1,112,231,203,-1,196,0,197,-1,197,0,2,-1,197,2,204,-1,204,2,232,-1,204,232,233,-1,233,106,204,-1,204,106,104,-1,204,104,205,-1,205,104,101,-1,205,101,206,-1,206,101,96,-1,206,96,207,-1,207,96,94,-1,207,94,208,-1,208,94,91,-1,208,91,209,-1,209,91,88,-1,209,88,210,-1,210,88,85,-1,210,85,211,-1,211,85,81,-1,211,81,212,-1,212,81,76,-1,212,76,213,-1,213,76,74,-1,213,74,214,-1,214,74,70,-1,214,70,215,-1,215,70,64,-1,215,64,216,-1,216,64,5,-1,216,5,217,-1,217,5,59,-1,217,59,218,-1,218,59,55,-1,218,55,219,-1,219,55,50,-1,219,50,220,-1,220,50,45,-1,220,45,221,-1,221,45,41,-1,221,41,222,-1,222,41,39,-1,222,39,223,-1,223,39,36,-1,223,36,224,-1,224,36,31,-1,224,31,225,-1,225,31,29,-1,225,29,226,-1,226,29,26,-1,226,26,227,-1,227,26,23,-1,227,23,228,-1,228,23,20,-1,228,20,229,-1,229,20,16,-1,229,16,230,-1,230,16,11,-1,230,11,231,-1,231,11,7,-1,231,7,203,-1,203,7,6,-1,6,8,234,-1,201,202,235,-1,236,237,238,-1,239,240,241,-1,241,240,242,-1,241,242,243,-1,244,245,246,-1,246,245,247,-1,246,247,239,-1,239,247,248,-1,239,248,240,-1,244,246,249,-1,249,246,250,-1,249,250,251,-1,251,250,252,-1,252,250,253,-1,252,253,254,-1,254,253,255,-1,255,253,256,-1,255,256,257,-1,257,256,258,-1,258,256,259,-1,258,259,260,-1,261,262,263,-1,261,263,259,-1,259,263,264,-1,259,264,260,-1,262,261,265,-1,265,261,266,-1,265,266,267,-1,267,266,268,-1,268,266,269,-1,268,269,270,-1,237,271,238,-1,238,271,272,-1,238,272,269,-1,269,272,273,-1,269,273,270,-1,236,238,274,-1,274,238,275,-1,274,275,276,-1,277,278,279,-1,279,278,280,-1,279,280,275,-1,275,280,281,-1,275,281,276,-1,282,283,284,-1,284,283,285,-1,284,285,279,-1,279,285,286,-1,279,286,277,-1,287,288,289,-1,287,289,284,-1,284,289,290,-1,284,290,282,-1,291,292,293,-1,293,292,294,-1,293,294,287,-1,287,294,295,-1,287,295,288,-1,296,297,298,-1,296,298,299,-1,298,300,299,-1,299,300,301,-1,299,301,293,-1,293,301,302,-1,293,302,291,-1,303,304,296,-1,296,304,305,-1,296,305,297,-1,306,307,303,-1,303,307,308,-1,303,308,304,-1,309,310,311,-1,311,310,312,-1,311,312,306,-1,306,312,313,-1,306,313,307,-1,309,311,314,-1,314,311,315,-1,314,315,316,-1,316,315,317,-1,317,315,318,-1,317,318,319,-1,319,318,320,-1,320,318,321,-1,320,321,322,-1,322,321,323,-1,323,321,324,-1,323,324,325,-1,326,327,328,-1,326,328,324,-1,324,328,329,-1,324,329,325,-1,327,326,330,-1,330,326,331,-1,330,331,332,-1,332,331,333,-1,333,331,234,-1,333,234,334,-1,8,10,234,-1,234,10,335,-1,234,335,334,-1,1,336,2,-1,2,336,337,-1,2,337,232,-1,336,338,337,-1,337,338,339,-1,337,339,340,-1,339,341,340,-1,340,341,342,-1,340,342,343,-1,342,344,343,-1,343,344,345,-1,343,345,346,-1,347,348,349,-1,349,348,346,-1,349,346,350,-1,350,346,345,-1,347,351,348,-1,348,351,352,-1,348,352,353,-1,352,354,353,-1,353,354,355,-1,353,355,356,-1,355,357,356,-1,356,357,358,-1,356,358,359,-1,360,361,362,-1,362,361,359,-1,362,359,363,-1,363,359,358,-1,360,364,361,-1,361,364,365,-1,361,365,366,-1,365,367,366,-1,366,367,368,-1,366,368,369,-1,368,370,369,-1,369,370,371,-1,369,371,372,-1,373,374,375,-1,375,374,372,-1,375,372,376,-1,376,372,371,-1,373,377,374,-1,374,377,378,-1,374,378,379,-1,378,380,379,-1,379,380,381,-1,379,381,382,-1,383,384,385,-1,385,384,382,-1,385,382,386,-1,386,382,381,-1,383,387,384,-1,384,387,388,-1,384,388,389,-1,388,390,389,-1,389,390,391,-1,389,391,392,-1,392,391,393,-1,392,393,394,-1,394,393,395,-1,396,397,398,-1,398,397,394,-1,398,394,399,-1,399,394,395,-1,396,400,397,-1,397,400,401,-1,397,401,402,-1,401,403,402,-1,402,403,404,-1,402,404,405,-1,405,404,406,-1,405,406,407,-1,407,406,408,-1,409,410,411,-1,411,410,407,-1,411,407,412,-1,412,407,408,-1,409,413,410,-1,410,413,414,-1,410,414,415,-1,414,416,415,-1,415,416,417,-1,415,417,418,-1,417,419,418,-1,418,419,420,-1,418,420,421,-1,420,422,421,-1,421,422,423,-1,421,423,235,-1,200,201,424,-1,424,201,235,-1,424,235,425,-1,425,235,423,-1,202,203,235,-1,235,203,426,-1,235,426,421,-1,421,426,427,-1,421,427,418,-1,418,427,428,-1,418,428,415,-1,415,428,429,-1,415,429,410,-1,410,429,430,-1,410,430,407,-1,407,430,431,-1,407,431,405,-1,405,431,432,-1,405,432,402,-1,402,432,433,-1,402,433,397,-1,397,433,434,-1,397,434,394,-1,394,434,435,-1,394,435,392,-1,392,435,436,-1,392,436,389,-1,389,436,437,-1,389,437,384,-1,384,437,438,-1,384,438,382,-1,382,438,439,-1,382,439,379,-1,379,439,440,-1,379,440,374,-1,374,440,441,-1,374,441,372,-1,372,441,442,-1,372,442,369,-1,369,442,443,-1,369,443,366,-1,366,443,444,-1,366,444,361,-1,361,444,445,-1,361,445,359,-1,359,445,446,-1,359,446,356,-1,356,446,447,-1,356,447,353,-1,353,447,448,-1,353,448,348,-1,348,448,449,-1,348,449,346,-1,346,449,450,-1,346,450,343,-1,343,450,451,-1,343,451,340,-1,340,451,452,-1,340,452,337,-1,337,452,453,-1,337,453,232,-1,107,106,453,-1,453,106,233,-1,453,233,232,-1,203,6,426,-1,426,6,234,-1,426,234,427,-1,427,234,331,-1,427,331,428,-1,428,331,326,-1,428,326,429,-1,429,326,324,-1,429,324,430,-1,430,324,321,-1,430,321,431,-1,431,321,318,-1,431,318,432,-1,432,318,315,-1,432,315,433,-1,433,315,311,-1,433,311,434,-1,434,311,306,-1,434,306,435,-1,435,306,303,-1,435,303,436,-1,436,303,296,-1,436,296,437,-1,437,296,299,-1,437,299,438,-1,438,299,293,-1,438,293,439,-1,439,293,287,-1,439,287,440,-1,440,287,284,-1,440,284,441,-1,441,284,279,-1,441,279,442,-1,442,279,275,-1,442,275,443,-1,443,275,238,-1,443,238,444,-1,444,238,269,-1,444,269,445,-1,445,269,266,-1,445,266,446,-1,446,266,261,-1,446,261,447,-1,447,261,259,-1,447,259,448,-1,448,259,256,-1,448,256,449,-1,449,256,253,-1,449,253,450,-1,450,253,250,-1,450,250,451,-1,451,250,246,-1,451,246,452,-1,452,246,239,-1,452,239,453,-1,453,239,241,-1,453,241,107,-1,107,241,243,-1,107,243,109,-1,
        ]
    }
}
Shape{
    appearance Appearance {
        material  Material 	{
            diffuseColor 0.5019607843137255 0.5019607843137255 0.5019607843137255
            specularColor 0.25098039215686274 0.25098039215686274 0.25098039215686274
            ambientIntensity 0.502
            transparency 0.0
            shininess 0.5
        }
    }
    geometry IndexedFaceSet {
        ccw TRUE
        solid FALSE
        coord DEF co Coordinate {
            point [
                0.587 -0.2952 0.0433, 0.5835 -0.3014 0.0433, -0.587 -0.2952 0.0433, 0.579 -0.3067 0.0433, 0.5037 -0.3821 0.0433, -0.4951 -0.3949 0.0433, 0.4951 -0.3949 0.0433, -0.4927 -0.403 0.0433, 0.4927 -0.403 0.0433, 0.4921 -0.4099 0.0433, -0.4992 -0.3874 0.0433, -0.5037 -0.3821 0.0433, -0.579 -0.3067 0.0433, 0.4992 -0.3874 0.0433, -0.5835 -0.3014 0.0433, -0.4916 -0.5577 0.0433, -0.4921 -0.5511 0.0433, -0.4594 -0.5899 0.0433, 0.4921 -0.5511 0.0433, -0.4921 -0.4099 0.0433, 0.4838 -0.5753 0.0433, 0.477 -0.5822 0.0433, 0.4888 -0.567 0.0433, 0.4916 -0.5577 0.0433, 0.4686 -0.5871 0.0433, 0.4594 -0.5899 0.0433, 0.4528 -0.5905 0.0433, -0.4528 -0.5905 0.0433, -0.4686 -0.5871 0.0433, -0.477 -0.5822 0.0433, -0.4838 -0.5753 0.0433, -0.4888 -0.567 0.0433, 0.587 -0.2952 0.0039, -0.587 -0.2952 0.0039, 0.5876 -0.294 0.0039, -0.5876 -0.294 0.0039, 0.5899 -0.2858 0.0039, 0.5906 -0.2789 0.0039, -0.5899 -0.2858 0.0039, -0.5906 -0.2789 0.0039, 0.5906 0.2791 0.0039, -0.5906 0.2791 0.0039, 0.5899 0.286 0.0039, 0.5876 0.2941 0.0039, -0.587 0.2954 0.0039, 0.587 0.2954 0.0039, -0.5876 0.2941 0.0039, -0.5899 0.286 0.0039, -0.587 0.2954 0.0433, 0.587 0.2954 0.0433, 0.4992 0.3876 0.0433, 0.5037 0.3823 0.0433, -0.579 0.3069 0.0433, -0.5037 0.3823 0.0433, 0.4951 0.395 0.0433, -0.4992 0.3876 0.0433, -0.4951 0.395 0.0433, 0.4927 0.4032 0.0433, -0.4927 0.4032 0.0433, -0.4921 0.4101 0.0433, 0.579 0.3069 0.0433, 0.5835 0.3016 0.0433, -0.5835 0.3016 0.0433, -0.4921 0.5513 0.0433, 0.4921 0.5513 0.0433, 0.4921 0.4101 0.0433, 0.4916 0.5579 0.0433, 0.4594 0.5901 0.0433, 0.4528 0.5906 0.0433, -0.4838 0.5755 0.0433, -0.477 0.5823 0.0433, -0.4686 0.5873 0.0433, 0.4686 0.5873 0.0433, 0.477 0.5823 0.0433, 0.4838 0.5755 0.0433, -0.4528 0.5906 0.0433, -0.4594 0.5901 0.0433, -0.4916 0.5579 0.0433, -0.4888 0.5671 0.0433, 0.4888 0.5671 0.0433, -0.4528 0.592 0.0827, 0.4528 0.592 0.0827, 0.4921 0.5513 0.0827, 0.4593 0.5901 0.0827, 0.4911 0.5605 0.0827, 0.4914 0.5578 0.0827, 0.4881 0.5688 0.0827, 0.4887 0.5671 0.0827, 0.4833 0.5762 0.0827, 0.4838 0.5754 0.0827, 0.4766 0.5826 0.0827, 0.477 0.5823 0.0827, 0.4687 0.5874 0.0827, 0.469 0.5873 0.0827, 0.4922 0.4083 0.0827, 0.5046 0.3813 0.0827, 0.4999 0.3881 0.0827, 0.4951 0.395 0.0827, 0.4933 0.4033 0.0827, 0.579 0.3069 0.0827, 0.5829 0.3011 0.0827, 0.5876 0.2941 0.0827, 0.5892 0.2858 0.0827, 0.5906 0.2791 0.0827, 0.5906 -0.2789 0.0827, 0.5777 -0.3081 0.0827, 0.5825 -0.3007 0.0827, 0.5871 -0.2936 0.0827, 0.5881 -0.2921 0.0827, 0.5893 -0.2857 0.0827, 0.503 -0.3828 0.0827, 0.4921 -0.4099 0.0827, 0.4935 -0.4032 0.0827, 0.4951 -0.3949 0.0827, 0.4998 -0.3878 0.0827, 0.4921 -0.5511 0.0827, 0.4908 -0.5575 0.0827, 0.4888 -0.567 0.0827, 0.4838 -0.5753 0.0827, 0.477 -0.5822 0.0827, 0.4686 -0.5871 0.0827, 0.4593 -0.5899 0.0827, 0.4528 -0.5918 0.0827, -0.4525 -0.592 0.0827, -0.4921 -0.5511 0.0827, -0.4911 -0.5603 0.0827, -0.4914 -0.5577 0.0827, -0.4881 -0.5686 0.0827, -0.4887 -0.567 0.0827, -0.4833 -0.576 0.0827, -0.4838 -0.5753 0.0827, -0.4767 -0.5824 0.0827, -0.4769 -0.5821 0.0827, -0.4594 -0.5899 0.0827, -0.4686 -0.5871 0.0827, -0.4691 -0.587 0.0827, -0.4921 -0.4099 0.0827, -0.5037 -0.3821 0.0827, -0.4998 -0.3878 0.0827, -0.4951 -0.3949 0.0827, -0.4935 -0.4032 0.0827, -0.579 -0.3067 0.0827, -0.5829 -0.301 0.0827, -0.5876 -0.294 0.0827, -0.5892 -0.2857 0.0827, -0.5906 -0.2789 0.0827, -0.5906 0.2791 0.0827, -0.5787 0.3072 0.0827, -0.5833 0.3014 0.0827, -0.5845 0.3 0.0827, -0.5874 0.294 0.0827, -0.5885 0.2918 0.0827, -0.5894 0.2859 0.0827, -0.504 0.3819 0.0827, -0.4921 0.4101 0.0827, -0.4935 0.4033 0.0827, -0.4951 0.395 0.0827, -0.4999 0.388 0.0827, -0.4921 0.5527 0.0827, -0.4593 0.5899 0.0827, -0.4888 0.5672 0.0827, -0.4888 0.5671 0.0827, -0.4909 0.5577 0.0827, -0.471 0.5862 0.0827, -0.4685 0.5869 0.0827, -0.4835 0.5752 0.0827, -0.4815 0.5781 0.0827, -0.4766 0.5819 0.0827, 0.4389 0.3684 0.0827, 0.4694 0.3287 0.0827, -0.2422 -0.5192 0.0827, 0.2422 0.5194 0.0827, 0.2865 0.4963 0.0827, 0.3287 0.4695 0.0827, -0.3287 -0.4693 0.0827, -0.3683 -0.4389 0.0827, -0.4694 -0.3286 0.0827, -0.4389 -0.3682 0.0827, -0.4052 -0.4051 0.0827, 0.4389 -0.3682 0.0827, 0.4052 -0.4051 0.0827, 0.5643 -0.0994 0.0827, 0.5535 -0.1482 0.0827, 0.5193 0.2422 0.0827, 0.5384 0.1961 0.0827, 0.5535 0.1484 0.0827, 0.5643 0.0996 0.0827, 0.4052 0.4053 0.0827, 0.3683 0.439 0.0827, -0.3683 0.439 0.0827, -0.5193 0.2422 0.0827, -0.5384 0.1961 0.0827, -0.5535 0.1484 0.0827, -0.2865 -0.4961 0.0827, 0.0995 0.5644 0.0827, 0.1483 0.5536 0.0827, -0.0995 -0.5642 0.0827, -0.1483 -0.5534 0.0827, 0.5708 0.05 0.0827, 0.573 0.0001 0.0827, 0.5708 -0.0499 0.0827, 0.4962 0.2866 0.0827, -0.4962 0.2866 0.0827, -0.4694 0.3287 0.0827, -0.4389 0.3684 0.0827, -0.4052 0.4053 0.0827, -0.4962 -0.2864 0.0827, -0.5535 -0.1482 0.0827, -0.5643 -0.0994 0.0827, -0.5643 0.0996 0.0827, 0.2422 -0.5192 0.0827, 0.2865 -0.4961 0.0827, 0.3287 -0.4693 0.0827, 0.196 -0.5384 0.0827, 0.1483 -0.5534 0.0827, 0.0995 -0.5642 0.0827, 0.4694 -0.3286 0.0827, 0.4962 -0.2864 0.0827, 0.5193 -0.2421 0.0827, -0.2422 0.5194 0.0827, -0.2865 0.4963 0.0827, -0.3287 0.4695 0.0827, -0.196 0.5385 0.0827, -0.1483 0.5536 0.0827, -0.0995 0.5644 0.0827, -0.0499 0.5709 0.0827, 0.0 0.5731 0.0827, 0.0499 0.5709 0.0827, -0.5384 -0.1959 0.0827, -0.5708 -0.0499 0.0827, -0.573 0.0001 0.0827, -0.5708 0.05 0.0827, 0.0499 -0.5707 0.0827, 0.0 -0.5729 0.0827, -0.0499 -0.5707 0.0827, -0.196 -0.5384 0.0827, 0.5384 -0.1959 0.0827, 0.196 0.5385 0.0827, -0.5193 -0.2421 0.0827, 0.3683 -0.4389 0.0827
            ]
        }
        coordIndex [
            0,1,2,-1,2,1,3,-1,2,3,4,-1,5,6,7,-1,7,6,8,-1,7,8,9,-1,5,10,6,-1,6,10,11,-1,6,11,12,-1,4,13,2,-1,2,13,6,-1,2,6,14,-1,14,6,12,-1,15,16,17,-1,18,16,9,-1,9,16,19,-1,9,19,7,-1,20,21,22,-1,22,21,23,-1,21,24,23,-1,23,24,25,-1,23,25,18,-1,18,25,26,-1,18,26,16,-1,16,26,27,-1,16,27,17,-1,17,28,29,-1,29,30,17,-1,17,30,31,-1,17,31,15,-1,0,2,32,-1,32,2,33,-1,32,33,34,-1,34,33,35,-1,34,35,36,-1,36,35,37,-1,35,38,37,-1,37,38,39,-1,37,39,40,-1,40,39,41,-1,40,41,42,-1,42,41,43,-1,44,45,46,-1,46,45,43,-1,46,43,47,-1,47,43,41,-1,48,49,44,-1,44,49,45,-1,48,50,51,-1,52,53,54,-1,53,55,54,-1,54,55,56,-1,54,56,57,-1,57,56,58,-1,57,58,59,-1,51,60,48,-1,48,60,61,-1,48,61,49,-1,50,48,54,-1,54,48,62,-1,54,62,52,-1,63,64,59,-1,59,64,65,-1,59,65,57,-1,66,64,67,-1,67,64,68,-1,69,70,71,-1,72,73,74,-1,68,64,75,-1,75,64,63,-1,75,63,76,-1,76,63,77,-1,76,77,71,-1,71,77,78,-1,71,78,69,-1,72,74,67,-1,67,74,79,-1,67,79,66,-1,75,80,68,-1,68,80,81,-1,82,64,66,-1,68,81,83,-1,79,84,66,-1,66,84,85,-1,66,85,82,-1,74,86,79,-1,79,86,87,-1,79,87,84,-1,73,88,74,-1,74,88,89,-1,74,89,86,-1,72,90,73,-1,73,90,91,-1,73,91,88,-1,68,83,67,-1,67,83,92,-1,67,92,72,-1,72,92,93,-1,72,93,90,-1,82,94,64,-1,64,94,65,-1,95,51,96,-1,96,51,50,-1,96,50,97,-1,97,50,54,-1,97,54,98,-1,98,54,57,-1,98,57,94,-1,94,57,65,-1,95,99,51,-1,51,99,60,-1,61,60,100,-1,100,60,99,-1,43,45,49,-1,61,100,49,-1,49,100,101,-1,49,101,43,-1,43,101,102,-1,43,102,42,-1,42,102,103,-1,42,103,40,-1,103,104,40,-1,40,104,37,-1,0,32,34,-1,105,3,106,-1,106,3,1,-1,106,1,107,-1,1,0,107,-1,107,0,34,-1,107,34,108,-1,108,34,36,-1,108,36,109,-1,109,36,37,-1,109,37,104,-1,105,110,3,-1,3,110,4,-1,111,9,112,-1,112,9,8,-1,112,8,113,-1,113,8,6,-1,113,6,114,-1,114,6,13,-1,114,13,110,-1,110,13,4,-1,111,115,9,-1,9,115,18,-1,18,115,116,-1,18,116,23,-1,23,116,117,-1,23,117,22,-1,22,117,118,-1,22,118,20,-1,20,118,119,-1,20,119,21,-1,21,119,120,-1,21,120,24,-1,24,120,121,-1,24,121,25,-1,25,121,122,-1,25,122,26,-1,26,122,27,-1,27,122,123,-1,124,16,15,-1,17,27,123,-1,31,125,15,-1,15,125,126,-1,15,126,124,-1,30,127,31,-1,31,127,128,-1,31,128,125,-1,29,129,30,-1,30,129,130,-1,30,130,127,-1,28,131,29,-1,29,131,132,-1,29,132,129,-1,123,133,17,-1,17,133,134,-1,17,134,28,-1,28,134,135,-1,28,135,131,-1,16,124,19,-1,19,124,136,-1,137,11,138,-1,138,11,10,-1,138,10,139,-1,139,10,5,-1,139,5,140,-1,140,5,7,-1,140,7,136,-1,136,7,19,-1,11,137,12,-1,12,137,141,-1,14,12,142,-1,142,12,141,-1,35,33,2,-1,14,142,2,-1,2,142,143,-1,2,143,35,-1,35,143,144,-1,35,144,38,-1,38,144,145,-1,38,145,39,-1,145,146,39,-1,39,146,41,-1,48,44,46,-1,147,52,148,-1,148,52,62,-1,148,62,149,-1,149,62,48,-1,149,48,150,-1,150,48,46,-1,150,46,151,-1,151,46,47,-1,151,47,152,-1,152,47,41,-1,152,41,146,-1,52,147,53,-1,53,147,153,-1,154,59,155,-1,155,59,58,-1,155,58,156,-1,156,58,56,-1,156,56,157,-1,157,56,55,-1,157,55,153,-1,153,55,53,-1,59,154,63,-1,63,154,158,-1,80,75,159,-1,159,75,76,-1,159,76,71,-1,160,69,161,-1,161,69,78,-1,161,78,77,-1,63,158,77,-1,77,158,162,-1,77,162,161,-1,70,163,71,-1,71,163,164,-1,71,164,159,-1,160,165,69,-1,69,165,166,-1,69,166,70,-1,70,166,167,-1,70,167,163,-1,96,168,169,-1,140,136,170,-1,171,172,94,-1,94,172,173,-1,174,175,139,-1,176,138,177,-1,177,138,139,-1,177,139,178,-1,178,139,175,-1,179,180,112,-1,181,182,104,-1,102,101,100,-1,183,184,103,-1,103,184,185,-1,103,185,186,-1,96,97,168,-1,168,97,98,-1,168,98,187,-1,187,98,94,-1,187,94,188,-1,188,94,173,-1,165,160,189,-1,189,160,161,-1,190,156,191,-1,191,156,192,-1,140,170,139,-1,139,170,193,-1,139,193,174,-1,81,194,195,-1,123,196,197,-1,186,198,103,-1,103,198,199,-1,103,199,104,-1,104,199,200,-1,104,200,181,-1,103,102,183,-1,183,102,100,-1,183,100,201,-1,201,100,99,-1,201,99,169,-1,169,99,95,-1,169,95,96,-1,90,93,92,-1,190,202,156,-1,156,202,203,-1,156,203,155,-1,155,203,204,-1,155,204,154,-1,154,204,205,-1,154,205,158,-1,158,205,189,-1,158,189,162,-1,162,189,161,-1,206,144,143,-1,207,208,145,-1,156,157,192,-1,192,157,153,-1,192,153,209,-1,209,153,147,-1,147,148,209,-1,209,148,149,-1,209,149,150,-1,150,151,209,-1,209,151,152,-1,209,152,146,-1,210,122,211,-1,211,122,212,-1,210,213,122,-1,122,213,214,-1,122,214,215,-1,112,113,179,-1,179,113,114,-1,179,114,216,-1,216,114,110,-1,216,110,217,-1,217,110,105,-1,217,105,218,-1,218,105,106,-1,218,106,107,-1,219,80,220,-1,220,80,221,-1,219,222,80,-1,80,222,223,-1,80,223,224,-1,224,225,80,-1,80,225,226,-1,80,226,81,-1,81,226,227,-1,81,227,194,-1,143,142,206,-1,206,142,141,-1,206,141,176,-1,176,141,137,-1,176,137,138,-1,207,145,228,-1,208,229,145,-1,145,229,230,-1,145,230,146,-1,146,230,231,-1,146,231,209,-1,215,232,122,-1,122,232,233,-1,122,233,123,-1,123,233,234,-1,123,234,196,-1,197,235,123,-1,123,235,170,-1,123,170,133,-1,182,236,104,-1,104,236,218,-1,104,218,109,-1,109,218,107,-1,109,107,108,-1,221,80,189,-1,189,80,159,-1,189,159,164,-1,195,237,81,-1,81,237,171,-1,81,171,83,-1,83,171,94,-1,83,94,92,-1,144,206,145,-1,145,206,238,-1,145,238,228,-1,120,119,239,-1,239,119,118,-1,239,118,117,-1,94,82,92,-1,92,82,85,-1,92,85,84,-1,117,116,239,-1,239,116,115,-1,239,115,180,-1,180,115,111,-1,180,111,112,-1,212,122,239,-1,239,122,121,-1,239,121,120,-1,166,165,167,-1,167,165,189,-1,167,189,163,-1,163,189,164,-1,84,87,92,-1,92,87,86,-1,92,86,89,-1,89,88,92,-1,92,88,91,-1,92,91,90,-1,136,124,170,-1,170,124,126,-1,170,126,125,-1,125,128,170,-1,170,128,127,-1,170,127,130,-1,130,129,170,-1,170,129,132,-1,170,132,131,-1,131,135,170,-1,170,135,134,-1,170,134,133,-1,
        ]
    }
}
Shape{
    appearance Appearance {
        material  Material 	{
            diffuseColor 0.25098039215686274 0.25098039215686274 0.25098039215686274
            specularColor 0.12549019607843137 0.12549019607843137 0.12549019607843137
            ambientIntensity 0.251
            transparency 0.0
            shininess 0.5
        }
    }
    geometry IndexedFaceSet {
        ccw TRUE
        solid FALSE
        coord DEF co Coordinate {
            point [
                0.3824 -0.0334 0.2248, 0.3839 0.0001 0.2248, 0.378 0.0001 0.2524, 0.3766 -0.0329 0.2524, 0.3755 -0.0408 0.2524, 0.3781 -0.0666 0.2248, 0.3723 -0.0656 0.2524, 0.3688 -0.0811 0.2524, 0.3708 -0.0993 0.2248, 0.3651 -0.0978 0.2524, 0.358 -0.1205 0.2524, 0.3607 -0.1312 0.2248, 0.3552 -0.1292 0.2524, 0.343 -0.1586 0.2524, 0.3479 -0.1622 0.2248, 0.3426 -0.1597 0.2524, 0.3325 -0.1919 0.2248, 0.3274 -0.1889 0.2524, 0.3237 -0.1947 0.2524, 0.3145 -0.2201 0.2248, 0.3097 -0.2167 0.2524, 0.3007 -0.2285 0.2524, 0.2941 -0.2467 0.2248, 0.2896 -0.2429 0.2524, 0.2742 -0.2597 0.2524, 0.2715 -0.2714 0.2248, 0.2673 -0.2672 0.2524, 0.2447 -0.288 0.2524, 0.2468 -0.294 0.2248, 0.243 -0.2895 0.2524, 0.2202 -0.3144 0.2248, 0.2168 -0.3096 0.2524, 0.212 -0.3126 0.2524, 0.1919 -0.3324 0.2248, 0.189 -0.3273 0.2524, 0.1769 -0.3336 0.2524, 0.1622 -0.3478 0.2248, 0.1598 -0.3425 0.2524, 0.1398 -0.3508 0.2524, 0.1313 -0.3607 0.2248, 0.1293 -0.3551 0.2524, 0.1011 -0.364 0.2524, 0.0994 -0.3707 0.2248, 0.0978 -0.3651 0.2524, 0.0667 -0.378 0.2248, 0.0656 -0.3722 0.2524, 0.0611 -0.3728 0.2524, 0.0335 -0.3824 0.2248, 0.0329 -0.3765 0.2524, 0.0205 -0.3771 0.2524, 0.0 -0.3838 0.2248, 0.0 -0.3779 0.2524, -0.0205 -0.3771 0.2524, -0.0335 -0.3824 0.2248, -0.0329 -0.3765 0.2524, -0.0611 -0.3728 0.2524, -0.0667 -0.378 0.2248, -0.0656 -0.3722 0.2524, -0.0994 -0.3707 0.2248, -0.0978 -0.3651 0.2524, -0.1011 -0.364 0.2524, -0.1313 -0.3607 0.2248, -0.1293 -0.3551 0.2524, -0.1398 -0.3508 0.2524, -0.1622 -0.3478 0.2248, -0.1598 -0.3425 0.2524, -0.1769 -0.3336 0.2524, -0.1919 -0.3324 0.2248, -0.189 -0.3273 0.2524, -0.212 -0.3126 0.2524, -0.2202 -0.3144 0.2248, -0.2168 -0.3096 0.2524, -0.2468 -0.294 0.2248, -0.243 -0.2895 0.2524, -0.2447 -0.288 0.2524, -0.2715 -0.2714 0.2248, -0.2673 -0.2672 0.2524, -0.2742 -0.2597 0.2524, -0.2941 -0.2467 0.2248, -0.2896 -0.2429 0.2524, -0.3007 -0.2285 0.2524, -0.3145 -0.2201 0.2248, -0.3097 -0.2167 0.2524, -0.3237 -0.1947 0.2524, -0.3325 -0.1919 0.2248, -0.3274 -0.1889 0.2524, -0.3479 -0.1622 0.2248, -0.3426 -0.1597 0.2524, -0.343 -0.1586 0.2524, -0.3607 -0.1312 0.2248, -0.3552 -0.1292 0.2524, -0.358 -0.1205 0.2524, -0.3708 -0.0993 0.2248, -0.3651 -0.0978 0.2524, -0.3688 -0.0811 0.2524, -0.3781 -0.0666 0.2248, -0.378 0.0001 0.2524, -0.3839 0.0001 0.2248, -0.3766 -0.0329 0.2524, -0.3824 -0.0334 0.2248, -0.3755 -0.0408 0.2524, -0.3723 -0.0656 0.2524, -0.3936 0.0001 0.1984, -0.3921 -0.0342 0.1984, -0.3877 -0.0683 0.1984, -0.3802 -0.1018 0.1984, -0.3699 -0.1346 0.1984, -0.3568 -0.1663 0.1984, -0.3409 -0.1967 0.1984, -0.3225 -0.2257 0.1984, -0.3015 -0.2529 0.1984, -0.2783 -0.2783 0.1984, -0.253 -0.3015 0.1984, -0.2258 -0.3224 0.1984, -0.1968 -0.3408 0.1984, -0.1664 -0.3567 0.1984, -0.1346 -0.3698 0.1984, -0.1019 -0.3801 0.1984, -0.0684 -0.3876 0.1984, -0.0343 -0.3921 0.1984, 0.0 -0.3936 0.1984, 0.0343 -0.3921 0.1984, 0.0684 -0.3876 0.1984, 0.1019 -0.3801 0.1984, 0.1346 -0.3698 0.1984, 0.1664 -0.3567 0.1984, 0.1968 -0.3408 0.1984, 0.2258 -0.3224 0.1984, 0.253 -0.3015 0.1984, 0.2783 -0.2783 0.1984, 0.3015 -0.2529 0.1984, 0.3225 -0.2257 0.1984, 0.3409 -0.1967 0.1984, 0.3568 -0.1663 0.1984, 0.3699 -0.1346 0.1984, 0.3802 -0.1018 0.1984, 0.3877 -0.0683 0.1984, 0.3921 -0.0342 0.1984, 0.3936 0.0001 0.1984, -0.4071 0.0001 0.1736, -0.4055 -0.0354 0.1736, -0.4009 -0.0706 0.1736, -0.3932 -0.1053 0.1736, -0.3825 -0.1391 0.1736, -0.3689 -0.1719 0.1736, -0.3525 -0.2034 0.1736, -0.3334 -0.2334 0.1736, -0.3118 -0.2616 0.1736, -0.2878 -0.2878 0.1736, -0.2617 -0.3117 0.1736, -0.2335 -0.3334 0.1736, -0.2035 -0.3524 0.1736, -0.172 -0.3688 0.1736, -0.1392 -0.3824 0.1736, -0.1054 -0.3931 0.1736, -0.0707 -0.4008 0.1736, -0.0355 -0.4054 0.1736, 0.0 -0.407 0.1736, 0.0355 -0.4054 0.1736, 0.0707 -0.4008 0.1736, 0.1054 -0.3931 0.1736, 0.1392 -0.3824 0.1736, 0.172 -0.3688 0.1736, 0.2035 -0.3524 0.1736, 0.2335 -0.3334 0.1736, 0.2617 -0.3117 0.1736, 0.2878 -0.2878 0.1736, 0.3118 -0.2616 0.1736, 0.3334 -0.2334 0.1736, 0.3525 -0.2034 0.1736, 0.3689 -0.1719 0.1736, 0.3825 -0.1391 0.1736, 0.3932 -0.1053 0.1736, 0.4009 -0.0706 0.1736, 0.4055 -0.0354 0.1736, 0.4071 0.0001 0.1736, -0.4239 0.0001 0.151, -0.4223 -0.0369 0.151, -0.4174 -0.0735 0.151, -0.4094 -0.1096 0.151, -0.3983 -0.1449 0.151, -0.3842 -0.1791 0.151, -0.3671 -0.2119 0.151, -0.3472 -0.243 0.151, -0.3247 -0.2724 0.151, -0.2997 -0.2996 0.151, -0.2725 -0.3246 0.151, -0.2431 -0.3471 0.151, -0.2119 -0.367 0.151, -0.1791 -0.3841 0.151, -0.145 -0.3982 0.151, -0.1097 -0.4094 0.151, -0.0736 -0.4174 0.151, -0.0369 -0.4222 0.151, 0.0 -0.4238 0.151, 0.0369 -0.4222 0.151, 0.0736 -0.4174 0.151, 0.1097 -0.4094 0.151, 0.145 -0.3982 0.151, 0.1791 -0.3841 0.151, 0.2119 -0.367 0.151, 0.2431 -0.3471 0.151, 0.2725 -0.3246 0.151, 0.2997 -0.2996 0.151, 0.3247 -0.2724 0.151, 0.3472 -0.243 0.151, 0.3671 -0.2119 0.151, 0.3842 -0.1791 0.151, 0.3983 -0.1449 0.151, 0.4094 -0.1096 0.151, 0.4174 -0.0735 0.151, 0.4223 -0.0369 0.151, 0.4239 0.0001 0.151, -0.4438 0.0001 0.131, -0.4421 -0.0386 0.131, -0.437 -0.077 0.131, -0.4286 -0.1148 0.131, -0.417 -0.1517 0.131, -0.4022 -0.1875 0.131, -0.3843 -0.2218 0.131, -0.3635 -0.2544 0.131, -0.3399 -0.2852 0.131, -0.3138 -0.3137 0.131, -0.2852 -0.3399 0.131, -0.2545 -0.3634 0.131, -0.2219 -0.3842 0.131, -0.1875 -0.4021 0.131, -0.1518 -0.4169 0.131, -0.1149 -0.4286 0.131, -0.0771 -0.4369 0.131, -0.0387 -0.442 0.131, 0.0 -0.4437 0.131, 0.0387 -0.442 0.131, 0.0771 -0.4369 0.131, 0.1149 -0.4286 0.131, 0.1518 -0.4169 0.131, 0.1875 -0.4021 0.131, 0.2219 -0.3842 0.131, 0.2545 -0.3634 0.131, 0.2852 -0.3399 0.131, 0.3138 -0.3137 0.131, 0.3399 -0.2852 0.131, 0.3635 -0.2544 0.131, 0.3843 -0.2218 0.131, 0.4022 -0.1875 0.131, 0.417 -0.1517 0.131, 0.4286 -0.1148 0.131, 0.437 -0.077 0.131, 0.4421 -0.0386 0.131, 0.4438 0.0001 0.131, -0.4663 0.0001 0.1141, -0.4645 -0.0406 0.1141, -0.4592 -0.0809 0.1141, -0.4504 -0.1206 0.1141, -0.4382 -0.1594 0.1141, -0.4226 -0.197 0.1141, -0.4038 -0.2331 0.1141, -0.3819 -0.2674 0.1141, -0.3572 -0.2996 0.1141, -0.3297 -0.3296 0.1141, -0.2997 -0.3571 0.1141, -0.2674 -0.3819 0.1141, -0.2331 -0.4037 0.1141, -0.1971 -0.4225 0.1141, -0.1595 -0.4381 0.1141, -0.1207 -0.4503 0.1141, -0.081 -0.4591 0.1141, -0.0406 -0.4644 0.1141, 0.0 -0.4662 0.1141, 0.0406 -0.4644 0.1141, 0.081 -0.4591 0.1141, 0.1207 -0.4503 0.1141, 0.1595 -0.4381 0.1141, 0.1971 -0.4225 0.1141, 0.2331 -0.4037 0.1141, 0.2674 -0.3819 0.1141, 0.2997 -0.3571 0.1141, 0.3297 -0.3296 0.1141, 0.3572 -0.2996 0.1141, 0.3819 -0.2674 0.1141, 0.4038 -0.2331 0.1141, 0.4226 -0.197 0.1141, 0.4382 -0.1594 0.1141, 0.4504 -0.1206 0.1141, 0.4592 -0.0809 0.1141, 0.4645 -0.0406 0.1141, 0.4663 0.0001 0.1141, -0.491 0.0001 0.1006, -0.4891 -0.0427 0.1006, -0.4835 -0.0852 0.1006, -0.4743 -0.127 0.1006, -0.4614 -0.1678 0.1006, -0.445 -0.2074 0.1006, -0.4252 -0.2454 0.1006, -0.4022 -0.2815 0.1006, -0.3761 -0.3155 0.1006, -0.3472 -0.3471 0.1006, -0.3156 -0.376 0.1006, -0.2816 -0.4021 0.1006, -0.2455 -0.4251 0.1006, -0.2075 -0.4449 0.1006, -0.1679 -0.4613 0.1006, -0.1271 -0.4742 0.1006, -0.0853 -0.4834 0.1006, -0.0428 -0.489 0.1006, 0.0 -0.4909 0.1006, 0.0428 -0.489 0.1006, 0.0853 -0.4834 0.1006, 0.1271 -0.4742 0.1006, 0.1679 -0.4613 0.1006, 0.2075 -0.4449 0.1006, 0.2455 -0.4251 0.1006, 0.2816 -0.4021 0.1006, 0.3156 -0.376 0.1006, 0.3472 -0.3471 0.1006, 0.3761 -0.3155 0.1006, 0.4022 -0.2815 0.1006, 0.4252 -0.2454 0.1006, 0.445 -0.2074 0.1006, 0.4614 -0.1678 0.1006, 0.4743 -0.127 0.1006, 0.4835 -0.0852 0.1006, 0.4891 -0.0427 0.1006, 0.491 0.0001 0.1006, -0.5174 0.0001 0.0907, -0.5154 -0.045 0.0907, -0.5095 -0.0898 0.0907, -0.4997 -0.1338 0.0907, -0.4862 -0.1769 0.0907, -0.4689 -0.2186 0.0907, -0.4481 -0.2586 0.0907, -0.4238 -0.2967 0.0907, -0.3963 -0.3325 0.0907, -0.3658 -0.3658 0.0907, -0.3326 -0.3962 0.0907, -0.2968 -0.4237 0.0907, -0.2587 -0.448 0.0907, -0.2186 -0.4688 0.0907, -0.177 -0.4861 0.0907, -0.1339 -0.4997 0.0907, -0.0898 -0.5094 0.0907, -0.0451 -0.5153 0.0907, 0.0 -0.5173 0.0907, 0.0451 -0.5153 0.0907, 0.0898 -0.5094 0.0907, 0.1339 -0.4997 0.0907, 0.177 -0.4861 0.0907, 0.2186 -0.4688 0.0907, 0.2587 -0.448 0.0907, 0.2968 -0.4237 0.0907, 0.3326 -0.3962 0.0907, 0.3658 -0.3658 0.0907, 0.3963 -0.3325 0.0907, 0.4238 -0.2967 0.0907, 0.4481 -0.2586 0.0907, 0.4689 -0.2186 0.0907, 0.4862 -0.1769 0.0907, 0.4997 -0.1338 0.0907, 0.5095 -0.0898 0.0907, 0.5154 -0.045 0.0907, 0.5174 0.0001 0.0907, -0.5449 0.0001 0.0847, -0.5428 -0.0474 0.0847, -0.5366 -0.0945 0.0847, -0.5263 -0.1409 0.0847, -0.512 -0.1863 0.0847, -0.4938 -0.2302 0.0847, -0.4719 -0.2724 0.0847, -0.4464 -0.3125 0.0847, -0.4174 -0.3502 0.0847, -0.3853 -0.3852 0.0847, -0.3503 -0.4173 0.0847, -0.3125 -0.4463 0.0847, -0.2724 -0.4718 0.0847, -0.2303 -0.4938 0.0847, -0.1864 -0.512 0.0847, -0.141 -0.5262 0.0847, -0.0946 -0.5365 0.0847, -0.0475 -0.5427 0.0847, 0.0 -0.5448 0.0847, 0.0475 -0.5427 0.0847, 0.0946 -0.5365 0.0847, 0.141 -0.5262 0.0847, 0.1864 -0.512 0.0847, 0.2303 -0.4938 0.0847, 0.2724 -0.4718 0.0847, 0.3125 -0.4463 0.0847, 0.3503 -0.4173 0.0847, 0.3853 -0.3852 0.0847, 0.4174 -0.3502 0.0847, 0.4464 -0.3125 0.0847, 0.4719 -0.2724 0.0847, 0.4938 -0.2302 0.0847, 0.512 -0.1863 0.0847, 0.5263 -0.1409 0.0847, 0.5366 -0.0945 0.0847, 0.5428 -0.0474 0.0847, 0.5449 0.0001 0.0847, -0.573 0.0001 0.0827, -0.5708 -0.0499 0.0827, -0.5643 -0.0994 0.0827, -0.5535 -0.1482 0.0827, -0.5384 -0.1959 0.0827, -0.5193 -0.2421 0.0827, -0.4962 -0.2864 0.0827, -0.4694 -0.3286 0.0827, -0.4389 -0.3682 0.0827, -0.4052 -0.4051 0.0827, -0.3683 -0.4389 0.0827, -0.3287 -0.4693 0.0827, -0.2865 -0.4961 0.0827, -0.2422 -0.5192 0.0827, -0.196 -0.5384 0.0827, -0.1483 -0.5534 0.0827, -0.0995 -0.5642 0.0827, -0.0499 -0.5707 0.0827, 0.0 -0.5729 0.0827, 0.0499 -0.5707 0.0827, 0.0995 -0.5642 0.0827, 0.1483 -0.5534 0.0827, 0.196 -0.5384 0.0827, 0.2422 -0.5192 0.0827, 0.2865 -0.4961 0.0827, 0.3287 -0.4693 0.0827, 0.3683 -0.4389 0.0827, 0.4052 -0.4051 0.0827, 0.4389 -0.3682 0.0827, 0.4694 -0.3286 0.0827, 0.4962 -0.2864 0.0827, 0.5193 -0.2421 0.0827, 0.5384 -0.1959 0.0827, 0.5535 -0.1482 0.0827, 0.5643 -0.0994 0.0827, 0.5708 -0.0499 0.0827, 0.573 0.0001 0.0827, -0.3824 0.0335 0.2248, -0.3766 0.033 0.2524, -0.3755 0.0409 0.2524, -0.3781 0.0667 0.2248, -0.3723 0.0657 0.2524, -0.3688 0.0813 0.2524, -0.3708 0.0994 0.2248, -0.3651 0.0979 0.2524, -0.358 0.1207 0.2524, -0.3607 0.1314 0.2248, -0.3552 0.1294 0.2524, -0.343 0.1588 0.2524, -0.3479 0.1623 0.2248, -0.3426 0.1598 0.2524, -0.3325 0.192 0.2248, -0.3274 0.1891 0.2524, -0.3237 0.1948 0.2524, -0.3145 0.2203 0.2248, -0.3097 0.2169 0.2524, -0.3007 0.2286 0.2524, -0.2941 0.2468 0.2248, -0.2896 0.2431 0.2524, -0.2742 0.2598 0.2524, -0.2715 0.2715 0.2248, -0.2673 0.2674 0.2524, -0.2447 0.2881 0.2524, -0.2468 0.2942 0.2248, -0.243 0.2897 0.2524, -0.2202 0.3146 0.2248, -0.2168 0.3097 0.2524, -0.212 0.3128 0.2524, -0.1919 0.3325 0.2248, -0.189 0.3275 0.2524, -0.1769 0.3338 0.2524, -0.1622 0.348 0.2248, -0.1598 0.3427 0.2524, -0.1398 0.351 0.2524, -0.1313 0.3608 0.2248, -0.1293 0.3553 0.2524, -0.1011 0.3642 0.2524, -0.0994 0.3709 0.2248, -0.0978 0.3652 0.2524, -0.0667 0.3781 0.2248, -0.0656 0.3724 0.2524, -0.0611 0.373 0.2524, -0.0335 0.3825 0.2248, -0.0329 0.3767 0.2524, -0.0205 0.3772 0.2524, 0.0 0.384 0.2248, 0.0 0.3781 0.2524, 0.0205 0.3772 0.2524, 0.0335 0.3825 0.2248, 0.0329 0.3767 0.2524, 0.0611 0.373 0.2524, 0.0667 0.3781 0.2248, 0.0656 0.3724 0.2524, 0.0994 0.3709 0.2248, 0.0978 0.3652 0.2524, 0.1011 0.3642 0.2524, 0.1313 0.3608 0.2248, 0.1293 0.3553 0.2524, 0.1398 0.351 0.2524, 0.1622 0.348 0.2248, 0.1598 0.3427 0.2524, 0.1769 0.3338 0.2524, 0.1919 0.3325 0.2248, 0.189 0.3275 0.2524, 0.212 0.3128 0.2524, 0.2202 0.3146 0.2248, 0.2168 0.3097 0.2524, 0.2468 0.2942 0.2248, 0.243 0.2897 0.2524, 0.2447 0.2881 0.2524, 0.2715 0.2715 0.2248, 0.2673 0.2674 0.2524, 0.2742 0.2598 0.2524, 0.2941 0.2468 0.2248, 0.2896 0.2431 0.2524, 0.3007 0.2286 0.2524, 0.3145 0.2203 0.2248, 0.3097 0.2169 0.2524, 0.3237 0.1948 0.2524, 0.3325 0.192 0.2248, 0.3274 0.1891 0.2524, 0.3479 0.1623 0.2248, 0.3426 0.1598 0.2524, 0.343 0.1588 0.2524, 0.3607 0.1314 0.2248, 0.3552 0.1294 0.2524, 0.358 0.1207 0.2524, 0.3708 0.0994 0.2248, 0.3651 0.0979 0.2524, 0.3688 0.0813 0.2524, 0.3781 0.0667 0.2248, 0.3766 0.033 0.2524, 0.3824 0.0335 0.2248, 0.3755 0.0409 0.2524, 0.3723 0.0657 0.2524, 0.3921 0.0344 0.1984, 0.3877 0.0684 0.1984, 0.3802 0.102 0.1984, 0.3699 0.1347 0.1984, 0.3568 0.1664 0.1984, 0.3409 0.1969 0.1984, 0.3225 0.2259 0.1984, 0.3015 0.2531 0.1984, 0.2783 0.2784 0.1984, 0.253 0.3016 0.1984, 0.2258 0.3225 0.1984, 0.1968 0.341 0.1984, 0.1664 0.3568 0.1984, 0.1346 0.37 0.1984, 0.1019 0.3803 0.1984, 0.0684 0.3877 0.1984, 0.0343 0.3922 0.1984, 0.0 0.3937 0.1984, -0.0343 0.3922 0.1984, -0.0684 0.3877 0.1984, -0.1019 0.3803 0.1984, -0.1346 0.37 0.1984, -0.1664 0.3568 0.1984, -0.1968 0.341 0.1984, -0.2258 0.3225 0.1984, -0.253 0.3016 0.1984, -0.2783 0.2784 0.1984, -0.3015 0.2531 0.1984, -0.3225 0.2259 0.1984, -0.3409 0.1969 0.1984, -0.3568 0.1664 0.1984, -0.3699 0.1347 0.1984, -0.3802 0.102 0.1984, -0.3877 0.0684 0.1984, -0.3921 0.0344 0.1984, 0.4055 0.0356 0.1736, 0.4009 0.0708 0.1736, 0.3932 0.1054 0.1736, 0.3825 0.1393 0.1736, 0.3689 0.1721 0.1736, 0.3525 0.2036 0.1736, 0.3334 0.2336 0.1736, 0.3118 0.2617 0.1736, 0.2878 0.2879 0.1736, 0.2617 0.3119 0.1736, 0.2335 0.3335 0.1736, 0.2035 0.3526 0.1736, 0.172 0.369 0.1736, 0.1392 0.3826 0.1736, 0.1054 0.3933 0.1736, 0.0707 0.401 0.1736, 0.0355 0.4056 0.1736, 0.0 0.4071 0.1736, -0.0355 0.4056 0.1736, -0.0707 0.401 0.1736, -0.1054 0.3933 0.1736, -0.1392 0.3826 0.1736, -0.172 0.369 0.1736, -0.2035 0.3526 0.1736, -0.2335 0.3335 0.1736, -0.2617 0.3119 0.1736, -0.2878 0.2879 0.1736, -0.3118 0.2617 0.1736, -0.3334 0.2336 0.1736, -0.3525 0.2036 0.1736, -0.3689 0.1721 0.1736, -0.3825 0.1393 0.1736, -0.3932 0.1054 0.1736, -0.4009 0.0708 0.1736, -0.4055 0.0356 0.1736, 0.4223 0.037 0.151, 0.4174 0.0737 0.151, 0.4094 0.1098 0.151, 0.3983 0.1451 0.151, 0.3842 0.1792 0.151, 0.3671 0.212 0.151, 0.3472 0.2432 0.151, 0.3247 0.2725 0.151, 0.2997 0.2998 0.151, 0.2725 0.3248 0.151, 0.2431 0.3473 0.151, 0.2119 0.3672 0.151, 0.1791 0.3842 0.151, 0.145 0.3984 0.151, 0.1097 0.4095 0.151, 0.0736 0.4175 0.151, 0.0369 0.4223 0.151, 0.0 0.424 0.151, -0.0369 0.4223 0.151, -0.0736 0.4175 0.151, -0.1097 0.4095 0.151, -0.145 0.3984 0.151, -0.1791 0.3842 0.151, -0.2119 0.3672 0.151, -0.2431 0.3473 0.151, -0.2725 0.3248 0.151, -0.2997 0.2998 0.151, -0.3247 0.2725 0.151, -0.3472 0.2432 0.151, -0.3671 0.212 0.151, -0.3842 0.1792 0.151, -0.3983 0.1451 0.151, -0.4094 0.1098 0.151, -0.4174 0.0737 0.151, -0.4223 0.037 0.151, 0.4421 0.0388 0.131, 0.437 0.0771 0.131, 0.4286 0.1149 0.131, 0.417 0.1519 0.131, 0.4022 0.1876 0.131, 0.3843 0.222 0.131, 0.3635 0.2546 0.131, 0.3399 0.2853 0.131, 0.3138 0.3139 0.131, 0.2852 0.34 0.131, 0.2545 0.3636 0.131, 0.2219 0.3844 0.131, 0.1875 0.4023 0.131, 0.1518 0.4171 0.131, 0.1149 0.4287 0.131, 0.0771 0.4371 0.131, 0.0387 0.4421 0.131, 0.0 0.4438 0.131, -0.0387 0.4421 0.131, -0.0771 0.4371 0.131, -0.1149 0.4287 0.131, -0.1518 0.4171 0.131, -0.1875 0.4023 0.131, -0.2219 0.3844 0.131, -0.2545 0.3636 0.131, -0.2852 0.34 0.131, -0.3138 0.3139 0.131, -0.3399 0.2853 0.131, -0.3635 0.2546 0.131, -0.3843 0.222 0.131, -0.4022 0.1876 0.131, -0.417 0.1519 0.131, -0.4286 0.1149 0.131, -0.437 0.0771 0.131, -0.4421 0.0388 0.131, 0.4645 0.0407 0.1141, 0.4592 0.081 0.1141, 0.4504 0.1208 0.1141, 0.4382 0.1596 0.1141, 0.4226 0.1971 0.1141, 0.4038 0.2332 0.1141, 0.3819 0.2675 0.1141, 0.3572 0.2998 0.1141, 0.3297 0.3298 0.1141, 0.2997 0.3573 0.1141, 0.2674 0.382 0.1141, 0.2331 0.4039 0.1141, 0.1971 0.4227 0.1141, 0.1595 0.4382 0.1141, 0.1207 0.4505 0.1141, 0.081 0.4593 0.1141, 0.0406 0.4646 0.1141, 0.0 0.4664 0.1141, -0.0406 0.4646 0.1141, -0.081 0.4593 0.1141, -0.1207 0.4505 0.1141, -0.1595 0.4382 0.1141, -0.1971 0.4227 0.1141, -0.2331 0.4039 0.1141, -0.2674 0.382 0.1141, -0.2997 0.3573 0.1141, -0.3297 0.3298 0.1141, -0.3572 0.2998 0.1141, -0.3819 0.2675 0.1141, -0.4038 0.2332 0.1141, -0.4226 0.1971 0.1141, -0.4382 0.1596 0.1141, -0.4504 0.1208 0.1141, -0.4592 0.081 0.1141, -0.4645 0.0407 0.1141, 0.4891 0.0429 0.1006, 0.4835 0.0853 0.1006, 0.4743 0.1272 0.1006, 0.4614 0.168 0.1006, 0.445 0.2076 0.1006, 0.4252 0.2456 0.1006, 0.4022 0.2817 0.1006, 0.3761 0.3157 0.1006, 0.3472 0.3473 0.1006, 0.3156 0.3762 0.1006, 0.2816 0.4023 0.1006, 0.2455 0.4253 0.1006, 0.2075 0.4451 0.1006, 0.1679 0.4615 0.1006, 0.1271 0.4743 0.1006, 0.0853 0.4836 0.1006, 0.0428 0.4892 0.1006, 0.0 0.4911 0.1006, -0.0428 0.4892 0.1006, -0.0853 0.4836 0.1006, -0.1271 0.4743 0.1006, -0.1679 0.4615 0.1006, -0.2075 0.4451 0.1006, -0.2455 0.4253 0.1006, -0.2816 0.4023 0.1006, -0.3156 0.3762 0.1006, -0.3472 0.3473 0.1006, -0.3761 0.3157 0.1006, -0.4022 0.2817 0.1006, -0.4252 0.2456 0.1006, -0.445 0.2076 0.1006, -0.4614 0.168 0.1006, -0.4743 0.1272 0.1006, -0.4835 0.0853 0.1006, -0.4891 0.0429 0.1006, 0.5154 0.0452 0.0907, 0.5095 0.0899 0.0907, 0.4997 0.134 0.0907, 0.4862 0.177 0.0907, 0.4689 0.2187 0.0907, 0.4481 0.2588 0.0907, 0.4238 0.2968 0.0907, 0.3963 0.3326 0.0907, 0.3658 0.3659 0.0907, 0.3326 0.3964 0.0907, 0.2968 0.4239 0.0907, 0.2587 0.4481 0.0907, 0.2186 0.469 0.0907, 0.177 0.4862 0.0907, 0.1339 0.4998 0.0907, 0.0898 0.5096 0.0907, 0.0451 0.5155 0.0907, 0.0 0.5175 0.0907, -0.0451 0.5155 0.0907, -0.0898 0.5096 0.0907, -0.1339 0.4998 0.0907, -0.177 0.4862 0.0907, -0.2186 0.469 0.0907, -0.2587 0.4481 0.0907, -0.2968 0.4239 0.0907, -0.3326 0.3964 0.0907, -0.3658 0.3659 0.0907, -0.3963 0.3326 0.0907, -0.4238 0.2968 0.0907, -0.4481 0.2588 0.0907, -0.4689 0.2187 0.0907, -0.4862 0.177 0.0907, -0.4997 0.134 0.0907, -0.5095 0.0899 0.0907, -0.5154 0.0452 0.0907, 0.5428 0.0476 0.0847, 0.5366 0.0947 0.0847, 0.5263 0.1411 0.0847, 0.512 0.1864 0.0847, 0.4938 0.2304 0.0847, 0.4719 0.2725 0.0847, 0.4464 0.3126 0.0847, 0.4174 0.3503 0.0847, 0.3853 0.3854 0.0847, 0.3503 0.4175 0.0847, 0.3125 0.4464 0.0847, 0.2724 0.472 0.0847, 0.2303 0.4939 0.0847, 0.1864 0.5121 0.0847, 0.141 0.5264 0.0847, 0.0946 0.5367 0.0847, 0.0475 0.5429 0.0847, 0.0 0.545 0.0847, -0.0475 0.5429 0.0847, -0.0946 0.5367 0.0847, -0.141 0.5264 0.0847, -0.1864 0.5121 0.0847, -0.2303 0.4939 0.0847, -0.2724 0.472 0.0847, -0.3125 0.4464 0.0847, -0.3503 0.4175 0.0847, -0.3853 0.3854 0.0847, -0.4174 0.3503 0.0847, -0.4464 0.3126 0.0847, -0.4719 0.2725 0.0847, -0.4938 0.2304 0.0847, -0.512 0.1864 0.0847, -0.5263 0.1411 0.0847, -0.5366 0.0947 0.0847, -0.5428 0.0476 0.0847, 0.5708 0.05 0.0827, 0.5643 0.0996 0.0827, 0.5535 0.1484 0.0827, 0.5384 0.1961 0.0827, 0.5193 0.2422 0.0827, 0.4962 0.2866 0.0827, 0.4694 0.3287 0.0827, 0.4389 0.3684 0.0827, 0.4052 0.4053 0.0827, 0.3683 0.439 0.0827, 0.3287 0.4695 0.0827, 0.2865 0.4963 0.0827, 0.2422 0.5194 0.0827, 0.196 0.5385 0.0827, 0.1483 0.5536 0.0827, 0.0995 0.5644 0.0827, 0.0499 0.5709 0.0827, 0.0 0.5731 0.0827, -0.0499 0.5709 0.0827, -0.0995 0.5644 0.0827, -0.1483 0.5536 0.0827, -0.196 0.5385 0.0827, -0.2422 0.5194 0.0827, -0.2865 0.4963 0.0827, -0.3287 0.4695 0.0827, -0.3683 0.439 0.0827, -0.4052 0.4053 0.0827, -0.4389 0.3684 0.0827, -0.4694 0.3287 0.0827, -0.4962 0.2866 0.0827, -0.5193 0.2422 0.0827, -0.5384 0.1961 0.0827, -0.5535 0.1484 0.0827, -0.5643 0.0996 0.0827, -0.5708 0.05 0.0827, -0.2397 -0.476 0.5116, -0.245 -0.4867 0.5129, -0.2854 -0.4641 0.5137, -0.2442 -0.3971 0.4843, -0.2098 -0.4167 0.4837, -0.2208 -0.4386 0.4975, -0.2066 -0.4104 0.4798, -0.2132 -0.3467 0.4248, -0.1832 -0.3638 0.4246, -0.1908 -0.379 0.447, -0.2535 -0.2882 0.3736, -0.2281 -0.3087 0.3736, -0.2339 -0.3165 0.4, -0.1769 -0.3337 0.346, -0.17 -0.3376 0.346, -0.173 -0.3436 0.3734, -0.3007 -0.2285 0.346, -0.294 -0.2375 0.346, -0.2986 -0.2412 0.3736, -0.3236 -0.1946 0.346, -0.3131 -0.2117 0.346, -0.318 -0.215 0.3736, -0.343 -0.1586 0.346, -0.33 -0.1844 0.346, -0.3351 -0.1872 0.3736, -0.3564 -0.1259 0.346, -0.3444 -0.1557 0.346, -0.3498 -0.1581 0.3736, -0.3825 -0.0325 0.3736, -0.3839 0.0001 0.3736, -0.378 0.0001 0.346, -0.3767 -0.032 0.346, -0.3755 -0.0408 0.346, -0.3784 -0.0648 0.3736, -0.3726 -0.0638 0.346, -0.3689 -0.0811 0.346, -0.3715 -0.0967 0.3736, -0.3658 -0.0952 0.346, -0.3581 -0.1206 0.346, -0.3619 -0.1279 0.3736, -0.2728 -0.2616 0.346, -0.2496 -0.2838 0.346, -0.2446 -0.2879 0.346, -0.2246 -0.304 0.346, -0.212 -0.3125 0.346, -0.2011 -0.3269 0.3736, -0.198 -0.3219 0.346, -0.3936 0.0001 0.4, -0.3922 -0.0333 0.4, -0.388 -0.0665 0.4, -0.3809 -0.0992 0.4, -0.3711 -0.1311 0.4, -0.3587 -0.1621 0.4, -0.2062 -0.3352 0.4, -0.4071 0.0001 0.4248, -0.4056 -0.0345 0.4248, -0.4012 -0.0688 0.4248, -0.3939 -0.1025 0.4248, -0.3838 -0.1356 0.4248, -0.3709 -0.1677 0.4248, -0.3553 -0.1985 0.4248, -0.1743 -0.3461 0.3851, -0.1774 -0.3523 0.3996, -0.1821 -0.3616 0.4214, -0.4239 0.0001 0.4474, -0.4224 -0.0359 0.4474, -0.4178 -0.0716 0.4474, -0.4102 -0.1068 0.4474, -0.3996 -0.1412 0.4474, -0.3862 -0.1746 0.4474, -0.37 -0.2068 0.4474, -0.3511 -0.2374 0.4474, -0.4438 0.0001 0.4674, -0.4422 -0.0376 0.4674, -0.4374 -0.075 0.4674, -0.4294 -0.1118 0.4674, -0.4184 -0.1478 0.4674, -0.4043 -0.1828 0.4674, -0.3873 -0.2164 0.4674, -0.3676 -0.2485 0.4674, -0.3451 -0.2788 0.4674, -0.2744 -0.2598 0.346, -0.277 -0.2657 0.3736, -0.2599 -0.2955 0.4, -0.2419 -0.3273 0.4248, -0.222 -0.361 0.4474, -0.193 -0.3833 0.4534, -0.2841 -0.2724 0.4, -0.2688 -0.3056 0.4248, -0.2519 -0.3409 0.4474, -0.2324 -0.3779 0.4674, -0.1998 -0.3969 0.4666, -0.4663 0.0001 0.4843, -0.4646 -0.0395 0.4843, -0.4596 -0.0788 0.4843, -0.4512 -0.1175 0.4843, -0.4396 -0.1553 0.4843, -0.4248 -0.1921 0.4843, -0.407 -0.2274 0.4843, -0.3862 -0.2612 0.4843, -0.3627 -0.293 0.4843, -0.3365 -0.3227 0.4843, -0.3062 -0.2473 0.4, -0.2938 -0.2817 0.4248, -0.2799 -0.3183 0.4474, -0.2637 -0.3568 0.4674, -0.491 0.0001 0.4978, -0.4892 -0.0416 0.4978, -0.4839 -0.0829 0.4978, -0.4751 -0.1237 0.4978, -0.4629 -0.1636 0.4978, -0.4473 -0.2023 0.4978, -0.4286 -0.2395 0.4978, -0.4067 -0.275 0.4978, -0.3819 -0.3085 0.4978, -0.3543 -0.3398 0.4978, -0.3242 -0.3686 0.4978, -0.5174 0.0001 0.5077, -0.5155 -0.0438 0.5077, -0.5099 -0.0874 0.5077, -0.5007 -0.1304 0.5077, -0.4878 -0.1724 0.5077, -0.4714 -0.2131 0.5077, -0.4516 -0.2524 0.5077, -0.4285 -0.2898 0.5077, -0.4024 -0.3251 0.5077, -0.3734 -0.3581 0.5077, -0.3416 -0.3885 0.5077, -0.3074 -0.416 0.5077, -0.3261 -0.2205 0.4, -0.3166 -0.2558 0.4248, -0.3059 -0.2934 0.4474, -0.293 -0.3332 0.4674, -0.2771 -0.375 0.4843, -0.2572 -0.4182 0.4978, -0.2224 -0.4418 0.4995, -0.3436 -0.192 0.4, -0.3372 -0.228 0.4248, -0.3297 -0.2663 0.4474, -0.3202 -0.3071 0.4674, -0.3079 -0.3501 0.4843, -0.2917 -0.3948 0.4978, -0.271 -0.4406 0.5077, -0.2328 -0.4623 0.5068, -0.5449 0.0001 0.5137, -0.5429 -0.0462 0.5137, -0.537 -0.0921 0.5137, -0.5273 -0.1373 0.5137, -0.5137 -0.1815 0.5137, -0.4965 -0.2245 0.5137, -0.4756 -0.2658 0.5137, -0.4513 -0.3052 0.5137, -0.4238 -0.3424 0.5137, -0.3932 -0.3771 0.5137, -0.3598 -0.4091 0.5137, -0.3238 -0.4382 0.5137, -0.2576 -0.5117 0.5157, -0.3001 -0.488 0.5157, -0.3405 -0.4608 0.5157, -0.3784 -0.4302 0.5157, -0.4135 -0.3966 0.5157, -0.4457 -0.3601 0.5157, -0.4746 -0.3209 0.5157, -0.5002 -0.2795 0.5157, -0.5221 -0.2361 0.5157, -0.5402 -0.1909 0.5157, -0.5545 -0.1444 0.5157, -0.5647 -0.0968 0.5157, -0.5709 -0.0485 0.5157, -0.573 0.0001 0.5157, 0.245 -0.4867 0.5129, 0.2576 -0.5117 0.5157, 0.2323 -0.5117 0.5157, 0.2328 -0.4623 0.5068, 0.2397 -0.476 0.5116, 0.2166 -0.477 0.5098, 0.2208 -0.4386 0.4975, 0.2224 -0.4418 0.4995, 0.2015 -0.4441 0.4966, 0.0844 -0.3707 0.3601, 0.0881 -0.3785 0.3913, 0.0698 -0.3829 0.3937, -0.2326 -0.4763 0.511, -0.216 -0.4424 0.4985, -0.2008 -0.4116 0.4787, -0.1876 -0.3849 0.4524, -0.1648 -0.3401 0.3461, -0.1693 -0.3485 0.3847, -0.177 -0.3636 0.4206, -0.1486 -0.3477 0.3474, -0.1533 -0.3556 0.3844, -0.14 -0.3514 0.3487, -0.1366 -0.3624 0.3853, -0.1319 -0.3548 0.35, -0.1148 -0.3612 0.3534, -0.1193 -0.3688 0.3871, -0.1015 -0.3656 0.3563, -0.1014 -0.3747 0.3894, -0.0973 -0.367 0.3572, -0.0794 -0.372 0.3611, -0.0829 -0.3798 0.392, -0.0726 -0.3737 0.3625, -0.0759 -0.3815 0.3929, -0.0616 -0.3759 0.3646, -0.0576 -0.3853 0.3951, -0.055 -0.3773 0.3658, -0.0375 -0.38 0.3683, -0.0393 -0.3881 0.3969, -0.0207 -0.3816 0.3699, -0.0211 -0.3898 0.398, -0.0201 -0.3816 0.37, -0.0027 -0.3823 0.3707, -0.0028 -0.3905 0.3985, 0.0147 -0.3819 0.3703, 0.0154 -0.3901 0.3983, 0.0207 -0.3815 0.3698, 0.0338 -0.3887 0.3973, 0.0322 -0.3806 0.3689, 0.0498 -0.3782 0.3666, 0.0522 -0.3862 0.3957, 0.0616 -0.376 0.3646, 0.0667 -0.375 0.3637, -0.1606 -0.3698 0.419, -0.1434 -0.376 0.4185, -0.1255 -0.382 0.4188, -0.1068 -0.3875 0.4198, -0.0874 -0.3924 0.421, -0.0801 -0.394 0.4215, -0.0608 -0.3977 0.4228, -0.0415 -0.4003 0.4238, -0.0222 -0.402 0.4246, -0.003 -0.4027 0.4249, 0.0163 -0.4023 0.4247, 0.0357 -0.4009 0.4241, 0.0551 -0.3985 0.4231, 0.0737 -0.3953 0.422, 0.0929 -0.3911 0.4206, 0.1117 -0.3861 0.4195, -0.1703 -0.39 0.4499, -0.1522 -0.3952 0.4483, -0.1332 -0.4003 0.4475, -0.1133 -0.4051 0.4473, -0.0928 -0.4094 0.4475, -0.085 -0.4109 0.4477, -0.0645 -0.4141 0.4482, -0.044 -0.4165 0.4486, -0.0236 -0.418 0.449, -0.0032 -0.4186 0.4491, 0.0173 -0.4183 0.449, 0.0379 -0.417 0.4488, 0.0585 -0.4149 0.4483, 0.0782 -0.412 0.4479, 0.0986 -0.4083 0.4475, 0.1186 -0.4039 0.4473, 0.1381 -0.399 0.4476, -0.1821 -0.4153 0.4758, -0.1626 -0.4192 0.4737, -0.1421 -0.4232 0.4722, -0.1209 -0.427 0.4713, -0.0989 -0.4305 0.4709, -0.0906 -0.4317 0.4708, -0.0687 -0.4343 0.4707, -0.0469 -0.4362 0.4707, -0.0251 -0.4374 0.4707, -0.0034 -0.4379 0.4708, 0.0184 -0.4377 0.4708, 0.0403 -0.4366 0.4707, 0.0623 -0.4349 0.4707, 0.0833 -0.4326 0.4707, 0.1051 -0.4296 0.4709, 0.1265 -0.4261 0.4715, 0.1474 -0.4222 0.4725, 0.1678 -0.4182 0.4742, -0.1956 -0.4448 0.4959, -0.1742 -0.4473 0.4938, -0.1521 -0.45 0.4922, -0.1291 -0.4526 0.4911, -0.1055 -0.455 0.4903, -0.0966 -0.4558 0.4901, -0.0732 -0.4576 0.4897, -0.0499 -0.459 0.4895, -0.0267 -0.4599 0.4894, -0.0036 -0.4602 0.4894, 0.0196 -0.46 0.4894, 0.0429 -0.4593 0.4895, 0.0664 -0.4581 0.4896, 0.0888 -0.4565 0.4899, 0.1121 -0.4544 0.4905, 0.1352 -0.452 0.4913, 0.1578 -0.4493 0.4926, 0.1799 -0.4466 0.4943, 0.14 -0.3514 0.3487, 0.1533 -0.3456 0.3469, 0.1579 -0.3536 0.3844, 0.17 -0.3376 0.346, 0.173 -0.3436 0.3734, 0.1743 -0.3461 0.3851, 0.1774 -0.3523 0.3996, 0.1364 -0.353 0.3492, 0.1411 -0.3606 0.385, 0.1653 -0.3681 0.4193, 0.1821 -0.3616 0.4214, 0.1832 -0.3638 0.4246, 0.1908 -0.379 0.447, 0.1192 -0.3596 0.3524, 0.1238 -0.3672 0.3866, 0.148 -0.3744 0.4185, 0.1753 -0.3885 0.4505, 0.193 -0.3833 0.4534, 0.1019 -0.3656 0.3562, 0.1061 -0.3732 0.3888, 0.1301 -0.3805 0.4187, 0.157 -0.3938 0.4486, 0.1875 -0.4142 0.4766, 0.1998 -0.3969 0.4666, 0.2066 -0.4104 0.4798, 0.2098 -0.4167 0.4837, 0.193 -0.4782 0.5083, 0.1689 -0.4795 0.5072, 0.1444 -0.4808 0.5062, 0.1196 -0.482 0.5056, 0.0946 -0.4831 0.5051, 0.0707 -0.4839 0.5048, 0.0456 -0.4845 0.5046, 0.0208 -0.4849 0.5045, -0.0038 -0.485 0.5045, -0.0284 -0.4848 0.5045, -0.0531 -0.4844 0.5046, -0.078 -0.4837 0.5049, -0.103 -0.4827 0.5052, -0.1125 -0.4823 0.5054, -0.1379 -0.4811 0.506, -0.1627 -0.4798 0.5069, -0.1868 -0.4785 0.508, -0.2101 -0.4773 0.5094, -0.2499 -0.5117 0.5157, -0.2252 -0.5117 0.5157, -0.1998 -0.5117 0.5157, -0.1737 -0.5117 0.5157, -0.147 -0.5117 0.5157, -0.1197 -0.5117 0.5157, -0.1095 -0.5117 0.5157, -0.0828 -0.5117 0.5157, -0.0564 -0.5117 0.5157, -0.0302 -0.5117 0.5157, -0.004 -0.5117 0.5157, 0.0221 -0.5117 0.5157, 0.0484 -0.5117 0.5157, 0.0751 -0.5117 0.5157, 0.1006 -0.5117 0.5157, 0.1273 -0.5117 0.5157, 0.154 -0.5117 0.5157, 0.1804 -0.5117 0.5157, 0.2066 -0.5117 0.5157, -0.1769 0.3339 0.346, -0.198 0.3221 0.346, -0.2011 0.3271 0.3736, -0.212 0.3127 0.346, -0.2281 0.3089 0.3736, -0.2246 0.3041 0.346, -0.2446 0.288 0.346, -0.2535 0.2884 0.3736, -0.2496 0.284 0.346, -0.277 0.2658 0.3736, -0.2728 0.2618 0.346, -0.2744 0.26 0.346, -0.2986 0.2414 0.3736, -0.294 0.2377 0.346, -0.3007 0.2287 0.346, -0.318 0.2152 0.3736, -0.3131 0.2119 0.346, -0.3236 0.1948 0.346, -0.3351 0.1874 0.3736, -0.33 0.1845 0.346, -0.343 0.1588 0.346, -0.3498 0.1583 0.3736, -0.3444 0.1559 0.346, -0.3619 0.128 0.3736, -0.3564 0.1261 0.346, -0.3581 0.1207 0.346, -0.3715 0.0969 0.3736, -0.3658 0.0954 0.346, -0.3689 0.0813 0.346, -0.3784 0.065 0.3736, -0.3767 0.0322 0.346, -0.3825 0.0327 0.3736, -0.3755 0.0409 0.346, -0.3726 0.064 0.346, -0.17 0.3377 0.346, -0.173 0.3437 0.3734, -0.1743 0.3463 0.3851, -0.1774 0.3525 0.3996, -0.3922 0.0335 0.4, -0.388 0.0666 0.4, -0.3809 0.0993 0.4, -0.3711 0.1313 0.4, -0.3587 0.1623 0.4, -0.3436 0.1922 0.4, -0.3261 0.2206 0.4, -0.3062 0.2475 0.4, -0.2841 0.2726 0.4, -0.2599 0.2957 0.4, -0.2339 0.3167 0.4, -0.2062 0.3354 0.4, -0.1821 0.3618 0.4214, -0.4056 0.0346 0.4248, -0.4012 0.0689 0.4248, -0.3939 0.1027 0.4248, -0.3838 0.1358 0.4248, -0.3709 0.1678 0.4248, -0.3553 0.1987 0.4248, -0.3372 0.2281 0.4248, -0.3166 0.2559 0.4248, -0.2938 0.2819 0.4248, -0.2688 0.3058 0.4248, -0.2419 0.3275 0.4248, -0.2132 0.3468 0.4248, -0.1832 0.3639 0.4246, -0.4224 0.0361 0.4474, -0.4178 0.0718 0.4474, -0.4102 0.107 0.4474, -0.3996 0.1414 0.4474, -0.3862 0.1748 0.4474, -0.37 0.2069 0.4474, -0.3511 0.2376 0.4474, -0.3297 0.2665 0.4474, -0.3059 0.2935 0.4474, -0.2799 0.3184 0.4474, -0.2519 0.341 0.4474, -0.222 0.3612 0.4474, -0.1998 0.3971 0.4666, -0.193 0.3835 0.4534, -0.1908 0.3792 0.447, -0.4422 0.0377 0.4674, -0.4374 0.0751 0.4674, -0.4294 0.112 0.4674, -0.4184 0.148 0.4674, -0.4043 0.183 0.4674, -0.3873 0.2166 0.4674, -0.3676 0.2487 0.4674, -0.3451 0.279 0.4674, -0.3202 0.3073 0.4674, -0.293 0.3333 0.4674, -0.2637 0.357 0.4674, -0.2324 0.3781 0.4674, -0.2066 0.4106 0.4798, -0.4646 0.0396 0.4843, -0.4596 0.0789 0.4843, -0.4512 0.1176 0.4843, -0.4396 0.1555 0.4843, -0.4248 0.1922 0.4843, -0.407 0.2276 0.4843, -0.3862 0.2613 0.4843, -0.3627 0.2931 0.4843, -0.3365 0.3229 0.4843, -0.3079 0.3503 0.4843, -0.2771 0.3751 0.4843, -0.2442 0.3973 0.4843, -0.2098 0.4169 0.4837, -0.4892 0.0417 0.4978, -0.4839 0.0831 0.4978, -0.4751 0.1239 0.4978, -0.4629 0.1637 0.4978, -0.4473 0.2024 0.4978, -0.4286 0.2397 0.4978, -0.4067 0.2752 0.4978, -0.3819 0.3087 0.4978, -0.3543 0.34 0.4978, -0.3242 0.3688 0.4978, -0.2917 0.395 0.4978, -0.2572 0.4183 0.4978, -0.2328 0.4625 0.5068, -0.2224 0.4419 0.4995, -0.2208 0.4388 0.4975, -0.5155 0.044 0.5077, -0.5099 0.0876 0.5077, -0.5007 0.1305 0.5077, -0.4878 0.1725 0.5077, -0.4714 0.2133 0.5077, -0.4516 0.2525 0.5077, -0.4285 0.2899 0.5077, -0.4024 0.3253 0.5077, -0.3734 0.3582 0.5077, -0.3416 0.3886 0.5077, -0.3074 0.4162 0.5077, -0.271 0.4408 0.5077, -0.2397 0.4762 0.5116, -0.5429 0.0463 0.5137, -0.537 0.0922 0.5137, -0.5273 0.1375 0.5137, -0.5137 0.1817 0.5137, -0.4965 0.2246 0.5137, -0.4756 0.266 0.5137, -0.4513 0.3054 0.5137, -0.4238 0.3426 0.5137, -0.3932 0.3773 0.5137, -0.3598 0.4093 0.5137, -0.3238 0.4384 0.5137, -0.2854 0.4642 0.5137, -0.245 0.4869 0.5129, -0.5709 0.0487 0.5157, -0.5647 0.097 0.5157, -0.5545 0.1445 0.5157, -0.5402 0.1911 0.5157, -0.5221 0.2362 0.5157, -0.5002 0.2797 0.5157, -0.4746 0.3211 0.5157, -0.4457 0.3602 0.5157, -0.4135 0.3967 0.5157, -0.3784 0.4304 0.5157, -0.3405 0.461 0.5157, -0.3001 0.4882 0.5157, -0.2576 0.5119 0.5157, 0.1769 -0.3337 0.346, 0.198 -0.3219 0.346, 0.2011 -0.3269 0.3736, 0.212 -0.3125 0.346, 0.2281 -0.3087 0.3736, 0.2246 -0.304 0.346, 0.2446 -0.2879 0.346, 0.2535 -0.2882 0.3736, 0.2496 -0.2838 0.346, 0.277 -0.2657 0.3736, 0.2728 -0.2616 0.346, 0.2744 -0.2598 0.346, 0.2986 -0.2412 0.3736, 0.294 -0.2375 0.346, 0.3007 -0.2285 0.346, 0.318 -0.215 0.3736, 0.3131 -0.2117 0.346, 0.3236 -0.1946 0.346, 0.3351 -0.1872 0.3736, 0.33 -0.1844 0.346, 0.343 -0.1586 0.346, 0.3498 -0.1581 0.3736, 0.3444 -0.1557 0.346, 0.3619 -0.1279 0.3736, 0.3564 -0.1259 0.346, 0.3581 -0.1206 0.346, 0.3715 -0.0967 0.3736, 0.3658 -0.0952 0.346, 0.3689 -0.0811 0.346, 0.3784 -0.0648 0.3736, 0.378 0.0001 0.346, 0.3839 0.0001 0.3736, 0.3767 -0.032 0.346, 0.3825 -0.0325 0.3736, 0.3755 -0.0408 0.346, 0.3726 -0.0638 0.346, 0.3936 0.0001 0.4, 0.3922 -0.0333 0.4, 0.388 -0.0665 0.4, 0.3809 -0.0992 0.4, 0.3711 -0.1311 0.4, 0.3587 -0.1621 0.4, 0.3436 -0.192 0.4, 0.3261 -0.2205 0.4, 0.3062 -0.2473 0.4, 0.2841 -0.2724 0.4, 0.2599 -0.2955 0.4, 0.2339 -0.3165 0.4, 0.2062 -0.3352 0.4, 0.4071 0.0001 0.4248, 0.4056 -0.0345 0.4248, 0.4012 -0.0688 0.4248, 0.3939 -0.1025 0.4248, 0.3838 -0.1356 0.4248, 0.3709 -0.1677 0.4248, 0.3553 -0.1985 0.4248, 0.3372 -0.228 0.4248, 0.3166 -0.2558 0.4248, 0.2938 -0.2817 0.4248, 0.2688 -0.3056 0.4248, 0.2419 -0.3273 0.4248, 0.2132 -0.3467 0.4248, 0.4239 0.0001 0.4474, 0.4224 -0.0359 0.4474, 0.4178 -0.0716 0.4474, 0.4102 -0.1068 0.4474, 0.3996 -0.1412 0.4474, 0.3862 -0.1746 0.4474, 0.37 -0.2068 0.4474, 0.3511 -0.2374 0.4474, 0.3297 -0.2663 0.4474, 0.3059 -0.2934 0.4474, 0.2799 -0.3183 0.4474, 0.2519 -0.3409 0.4474, 0.222 -0.361 0.4474, 0.4438 0.0001 0.4674, 0.4422 -0.0376 0.4674, 0.4374 -0.075 0.4674, 0.4294 -0.1118 0.4674, 0.4184 -0.1478 0.4674, 0.4043 -0.1828 0.4674, 0.3873 -0.2164 0.4674, 0.3676 -0.2485 0.4674, 0.3451 -0.2788 0.4674, 0.3202 -0.3071 0.4674, 0.293 -0.3332 0.4674, 0.2637 -0.3568 0.4674, 0.2324 -0.3779 0.4674, 0.4663 0.0001 0.4843, 0.4646 -0.0395 0.4843, 0.4596 -0.0788 0.4843, 0.4512 -0.1175 0.4843, 0.4396 -0.1553 0.4843, 0.4248 -0.1921 0.4843, 0.407 -0.2274 0.4843, 0.3862 -0.2612 0.4843, 0.3627 -0.293 0.4843, 0.3365 -0.3227 0.4843, 0.3079 -0.3501 0.4843, 0.2771 -0.375 0.4843, 0.2442 -0.3971 0.4843, 0.491 0.0001 0.4978, 0.4892 -0.0416 0.4978, 0.4839 -0.0829 0.4978, 0.4751 -0.1237 0.4978, 0.4629 -0.1636 0.4978, 0.4473 -0.2023 0.4978, 0.4286 -0.2395 0.4978, 0.4067 -0.275 0.4978, 0.3819 -0.3085 0.4978, 0.3543 -0.3398 0.4978, 0.3242 -0.3686 0.4978, 0.2917 -0.3948 0.4978, 0.2572 -0.4182 0.4978, 0.5174 0.0001 0.5077, 0.5155 -0.0438 0.5077, 0.5099 -0.0874 0.5077, 0.5007 -0.1304 0.5077, 0.4878 -0.1724 0.5077, 0.4714 -0.2131 0.5077, 0.4516 -0.2524 0.5077, 0.4285 -0.2898 0.5077, 0.4024 -0.3251 0.5077, 0.3734 -0.3581 0.5077, 0.3416 -0.3885 0.5077, 0.3074 -0.416 0.5077, 0.271 -0.4406 0.5077, 0.5449 0.0001 0.5137, 0.5429 -0.0462 0.5137, 0.537 -0.0921 0.5137, 0.5273 -0.1373 0.5137, 0.5137 -0.1815 0.5137, 0.4965 -0.2245 0.5137, 0.4756 -0.2658 0.5137, 0.4513 -0.3052 0.5137, 0.4238 -0.3424 0.5137, 0.3932 -0.3771 0.5137, 0.3598 -0.4091 0.5137, 0.3238 -0.4382 0.5137, 0.2854 -0.4641 0.5137, 0.573 0.0001 0.5157, 0.5709 -0.0485 0.5157, 0.5647 -0.0968 0.5157, 0.5545 -0.1444 0.5157, 0.5402 -0.1909 0.5157, 0.5221 -0.2361 0.5157, 0.5002 -0.2795 0.5157, 0.4746 -0.3209 0.5157, 0.4457 -0.3601 0.5157, 0.4135 -0.3966 0.5157, 0.3784 -0.4302 0.5157, 0.3405 -0.4608 0.5157, 0.3001 -0.488 0.5157, 0.1998 0.3971 0.4666, 0.193 0.3835 0.4534, 0.1753 0.3887 0.4505, 0.2098 0.4169 0.4837, 0.2066 0.4106 0.4798, 0.1875 0.4144 0.4766, -0.1693 0.3486 0.3847, -0.177 0.3638 0.4206, -0.1876 0.3851 0.4524, -0.2008 0.4117 0.4787, -0.2499 0.5119 0.5157, -0.2326 0.4764 0.511, -0.216 0.4426 0.4985, -0.1648 0.3403 0.3461, -0.1533 0.3557 0.3844, -0.1486 0.3479 0.3474, -0.14 0.3515 0.3487, -0.1366 0.3626 0.3853, -0.1319 0.3549 0.35, -0.1193 0.369 0.3871, -0.1148 0.3614 0.3534, -0.1015 0.3658 0.3563, -0.1014 0.3748 0.3894, -0.0973 0.3672 0.3572, -0.0829 0.38 0.392, -0.0794 0.3722 0.3611, -0.0759 0.3817 0.3929, -0.0726 0.3738 0.3625, -0.0616 0.3761 0.3646, -0.0576 0.3854 0.3951, -0.055 0.3775 0.3658, -0.0393 0.3882 0.3969, -0.0375 0.3801 0.3683, -0.0207 0.3817 0.3699, -0.0211 0.3899 0.398, -0.0201 0.3818 0.37, -0.0028 0.3906 0.3985, -0.0027 0.3825 0.3707, 0.0154 0.3903 0.3983, 0.0147 0.3821 0.3703, 0.0207 0.3816 0.3698, 0.0338 0.3888 0.3973, 0.0322 0.3807 0.3689, 0.0522 0.3864 0.3957, 0.0498 0.3784 0.3666, -0.2252 0.5119 0.5157, -0.2101 0.4775 0.5094, -0.1998 0.5119 0.5157, -0.1868 0.4787 0.508, -0.1737 0.5119 0.5157, -0.1627 0.48 0.5069, -0.147 0.5119 0.5157, -0.1379 0.4813 0.506, -0.1197 0.5119 0.5157, -0.1125 0.4825 0.5054, -0.1095 0.5119 0.5157, -0.103 0.4829 0.5052, -0.0828 0.5119 0.5157, -0.078 0.4838 0.5049, -0.0564 0.5119 0.5157, -0.0531 0.4845 0.5046, -0.0302 0.5119 0.5157, -0.0284 0.485 0.5045, -0.004 0.5119 0.5157, -0.0038 0.4852 0.5045, 0.0221 0.5119 0.5157, 0.0208 0.4851 0.5045, 0.0484 0.5119 0.5157, 0.0456 0.4847 0.5046, 0.0751 0.5119 0.5157, 0.0707 0.4841 0.5048, 0.1006 0.5119 0.5157, 0.0946 0.4832 0.5051, 0.1273 0.5119 0.5157, 0.1196 0.4822 0.5056, 0.154 0.5119 0.5157, 0.1444 0.481 0.5062, 0.1804 0.5119 0.5157, 0.1689 0.4797 0.5072, -0.1956 0.4449 0.4959, -0.1742 0.4475 0.4938, -0.1521 0.4502 0.4922, -0.1291 0.4528 0.4911, -0.1055 0.4552 0.4903, -0.0966 0.456 0.4901, -0.0732 0.4578 0.4897, -0.0499 0.4592 0.4895, -0.0267 0.46 0.4894, -0.0036 0.4604 0.4894, 0.0196 0.4602 0.4894, 0.0429 0.4595 0.4895, 0.0664 0.4583 0.4896, 0.0888 0.4566 0.4899, 0.1121 0.4545 0.4905, 0.1352 0.4521 0.4913, 0.1578 0.4495 0.4926, 0.1799 0.4468 0.4943, 0.0616 0.3761 0.3646, 0.0698 0.383 0.3937, 0.0667 0.3752 0.3637, 0.0881 0.3786 0.3913, 0.0844 0.3709 0.3601, 0.1061 0.3734 0.3888, 0.1019 0.3657 0.3562, 0.1238 0.3674 0.3866, 0.1192 0.3598 0.3524, 0.1411 0.3608 0.385, 0.1364 0.3531 0.3492, 0.193 0.4784 0.5083, 0.2066 0.5119 0.5157, 0.2323 0.5119 0.5157, -0.1821 0.4154 0.4758, -0.1626 0.4194 0.4737, -0.1421 0.4234 0.4722, -0.1209 0.4272 0.4713, -0.0989 0.4307 0.4709, -0.0906 0.4318 0.4708, -0.0687 0.4344 0.4707, -0.0469 0.4364 0.4707, -0.0251 0.4376 0.4707, -0.0034 0.4381 0.4708, 0.0184 0.4378 0.4708, 0.0403 0.4368 0.4707, 0.0623 0.4351 0.4707, 0.0833 0.4328 0.4707, 0.1051 0.4297 0.4709, 0.1265 0.4262 0.4715, 0.1474 0.4224 0.4725, 0.1678 0.4184 0.4742, 0.2576 0.5119 0.5157, 0.245 0.4869 0.5129, 0.2166 0.4772 0.5098, 0.2015 0.4442 0.4966, 0.2397 0.4762 0.5116, 0.2328 0.4625 0.5068, 0.2224 0.4419 0.4995, 0.2208 0.4388 0.4975, 0.157 0.394 0.4486, 0.1381 0.3992 0.4476, 0.1186 0.4041 0.4473, 0.0986 0.4085 0.4475, 0.0782 0.4122 0.4479, 0.0585 0.4151 0.4483, 0.0379 0.4172 0.4488, 0.0173 0.4184 0.449, -0.0032 0.4188 0.4491, -0.0236 0.4182 0.449, -0.044 0.4167 0.4486, -0.0645 0.4143 0.4482, -0.085 0.411 0.4477, -0.0928 0.4096 0.4475, -0.1133 0.4053 0.4473, -0.1332 0.4005 0.4475, -0.1522 0.3954 0.4483, -0.1703 0.3902 0.4499, 0.1908 0.3792 0.447, 0.1832 0.3639 0.4246, 0.1653 0.3682 0.4193, 0.148 0.3746 0.4185, 0.1301 0.3807 0.4187, 0.1117 0.3863 0.4195, 0.0929 0.3913 0.4206, 0.0737 0.3955 0.422, 0.0551 0.3987 0.4231, 0.0357 0.4011 0.4241, 0.0163 0.4025 0.4247, -0.003 0.4028 0.4249, -0.0222 0.4022 0.4246, -0.0415 0.4005 0.4238, -0.0608 0.3978 0.4228, -0.0801 0.3942 0.4215, -0.0874 0.3926 0.421, -0.1068 0.3877 0.4198, -0.1255 0.3822 0.4188, -0.1434 0.3762 0.4185, -0.1606 0.37 0.419, 0.1821 0.3618 0.4214, 0.1579 0.3537 0.3844, 0.1774 0.3525 0.3996, 0.1743 0.3463 0.3851, 0.173 0.3437 0.3734, 0.14 0.3515 0.3487, 0.1533 0.3458 0.3469, 0.17 0.3377 0.346, 0.2854 0.4642 0.5137, 0.2442 0.3973 0.4843, 0.2132 0.3468 0.4248, 0.2535 0.2884 0.3736, 0.2281 0.3089 0.3736, 0.2339 0.3167 0.4, 0.1769 0.3339 0.346, 0.3007 0.2287 0.346, 0.294 0.2377 0.346, 0.2986 0.2414 0.3736, 0.3236 0.1948 0.346, 0.3131 0.2119 0.346, 0.318 0.2152 0.3736, 0.343 0.1588 0.346, 0.33 0.1845 0.346, 0.3351 0.1874 0.3736, 0.3564 0.1261 0.346, 0.3444 0.1559 0.346, 0.3498 0.1583 0.3736, 0.3825 0.0327 0.3736, 0.3767 0.0322 0.346, 0.3755 0.0409 0.346, 0.3784 0.065 0.3736, 0.3726 0.064 0.346, 0.3689 0.0813 0.346, 0.3715 0.0969 0.3736, 0.3658 0.0954 0.346, 0.3581 0.1207 0.346, 0.3619 0.128 0.3736, 0.2728 0.2618 0.346, 0.2496 0.284 0.346, 0.2446 0.288 0.346, 0.2246 0.3041 0.346, 0.212 0.3127 0.346, 0.2011 0.3271 0.3736, 0.198 0.3221 0.346, 0.3922 0.0335 0.4, 0.388 0.0666 0.4, 0.3809 0.0993 0.4, 0.3711 0.1313 0.4, 0.3587 0.1623 0.4, 0.2062 0.3354 0.4, 0.4056 0.0346 0.4248, 0.4012 0.0689 0.4248, 0.3939 0.1027 0.4248, 0.3838 0.1358 0.4248, 0.3709 0.1678 0.4248, 0.3553 0.1987 0.4248, 0.4224 0.0361 0.4474, 0.4178 0.0718 0.4474, 0.4102 0.107 0.4474, 0.3996 0.1414 0.4474, 0.3862 0.1748 0.4474, 0.37 0.2069 0.4474, 0.3511 0.2376 0.4474, 0.4422 0.0377 0.4674, 0.4374 0.0751 0.4674, 0.4294 0.112 0.4674, 0.4184 0.148 0.4674, 0.4043 0.183 0.4674, 0.3873 0.2166 0.4674, 0.3676 0.2487 0.4674, 0.3451 0.279 0.4674, 0.2744 0.26 0.346, 0.277 0.2658 0.3736, 0.2599 0.2957 0.4, 0.2419 0.3275 0.4248, 0.222 0.3612 0.4474, 0.2841 0.2726 0.4, 0.2688 0.3058 0.4248, 0.2519 0.341 0.4474, 0.2324 0.3781 0.4674, 0.4646 0.0396 0.4843, 0.4596 0.0789 0.4843, 0.4512 0.1176 0.4843, 0.4396 0.1555 0.4843, 0.4248 0.1922 0.4843, 0.407 0.2276 0.4843, 0.3862 0.2613 0.4843, 0.3627 0.2931 0.4843, 0.3365 0.3229 0.4843, 0.3062 0.2475 0.4, 0.2938 0.2819 0.4248, 0.2799 0.3184 0.4474, 0.2637 0.357 0.4674, 0.4892 0.0417 0.4978, 0.4839 0.0831 0.4978, 0.4751 0.1239 0.4978, 0.4629 0.1637 0.4978, 0.4473 0.2024 0.4978, 0.4286 0.2397 0.4978, 0.4067 0.2752 0.4978, 0.3819 0.3087 0.4978, 0.3543 0.34 0.4978, 0.3242 0.3688 0.4978, 0.5155 0.044 0.5077, 0.5099 0.0876 0.5077, 0.5007 0.1305 0.5077, 0.4878 0.1725 0.5077, 0.4714 0.2133 0.5077, 0.4516 0.2525 0.5077, 0.4285 0.2899 0.5077, 0.4024 0.3253 0.5077, 0.3734 0.3582 0.5077, 0.3416 0.3886 0.5077, 0.3074 0.4162 0.5077, 0.3261 0.2206 0.4, 0.3166 0.2559 0.4248, 0.3059 0.2935 0.4474, 0.293 0.3333 0.4674, 0.2771 0.3751 0.4843, 0.2572 0.4183 0.4978, 0.3436 0.1922 0.4, 0.3372 0.2281 0.4248, 0.3297 0.2665 0.4474, 0.3202 0.3073 0.4674, 0.3079 0.3503 0.4843, 0.2917 0.395 0.4978, 0.271 0.4408 0.5077, 0.5429 0.0463 0.5137, 0.537 0.0922 0.5137, 0.5273 0.1375 0.5137, 0.5137 0.1817 0.5137, 0.4965 0.2246 0.5137, 0.4756 0.266 0.5137, 0.4513 0.3054 0.5137, 0.4238 0.3426 0.5137, 0.3932 0.3773 0.5137, 0.3598 0.4093 0.5137, 0.3238 0.4384 0.5137, 0.3001 0.4882 0.5157, 0.3405 0.461 0.5157, 0.3784 0.4304 0.5157, 0.4135 0.3967 0.5157, 0.4457 0.3602 0.5157, 0.4746 0.3211 0.5157, 0.5002 0.2797 0.5157, 0.5221 0.2362 0.5157, 0.5402 0.1911 0.5157, 0.5545 0.1445 0.5157, 0.5647 0.097 0.5157, 0.5709 0.0487 0.5157
            ]
        }
        coordIndex [
            0,1,2,-1,2,3,0,-1,0,3,4,-1,0,4,5,-1,4,6,5,-1,5,6,7,-1,5,7,8,-1,7,9,8,-1,8,9,10,-1,8,10,11,-1,10,12,11,-1,11,12,13,-1,11,13,14,-1,14,13,15,-1,14,15,16,-1,15,17,16,-1,16,17,18,-1,16,18,19,-1,18,20,19,-1,19,20,21,-1,19,21,22,-1,21,23,22,-1,22,23,24,-1,22,24,25,-1,24,26,25,-1,25,26,27,-1,25,27,28,-1,28,27,29,-1,28,29,30,-1,29,31,30,-1,30,31,32,-1,30,32,33,-1,32,34,33,-1,33,34,35,-1,33,35,36,-1,35,37,36,-1,36,37,38,-1,36,38,39,-1,38,40,39,-1,39,40,41,-1,39,41,42,-1,42,41,43,-1,42,43,44,-1,43,45,44,-1,44,45,46,-1,44,46,47,-1,46,48,47,-1,47,48,49,-1,47,49,50,-1,49,51,50,-1,50,51,52,-1,50,52,53,-1,52,54,53,-1,53,54,55,-1,53,55,56,-1,56,55,57,-1,56,57,58,-1,57,59,58,-1,58,59,60,-1,58,60,61,-1,60,62,61,-1,61,62,63,-1,61,63,64,-1,63,65,64,-1,64,65,66,-1,64,66,67,-1,66,68,67,-1,67,68,69,-1,67,69,70,-1,70,69,71,-1,70,71,72,-1,71,73,72,-1,72,73,74,-1,72,74,75,-1,74,76,75,-1,75,76,77,-1,75,77,78,-1,77,79,78,-1,78,79,80,-1,78,80,81,-1,80,82,81,-1,81,82,83,-1,81,83,84,-1,84,83,85,-1,84,85,86,-1,85,87,86,-1,86,87,88,-1,86,88,89,-1,88,90,89,-1,89,90,91,-1,89,91,92,-1,91,93,92,-1,92,93,94,-1,92,94,95,-1,96,97,98,-1,98,97,99,-1,98,99,100,-1,100,99,95,-1,100,95,101,-1,101,95,94,-1,97,102,99,-1,99,102,103,-1,99,103,95,-1,95,103,104,-1,95,104,92,-1,92,104,105,-1,92,105,89,-1,89,105,106,-1,89,106,86,-1,86,106,107,-1,86,107,84,-1,84,107,108,-1,84,108,81,-1,81,108,109,-1,81,109,78,-1,78,109,110,-1,78,110,75,-1,75,110,111,-1,75,111,72,-1,72,111,112,-1,72,112,70,-1,70,112,113,-1,70,113,67,-1,67,113,114,-1,67,114,64,-1,64,114,115,-1,64,115,61,-1,61,115,116,-1,61,116,58,-1,58,116,117,-1,58,117,56,-1,56,117,118,-1,56,118,53,-1,53,118,119,-1,53,119,50,-1,50,119,120,-1,50,120,47,-1,47,120,121,-1,47,121,44,-1,44,121,122,-1,44,122,42,-1,42,122,123,-1,42,123,39,-1,39,123,124,-1,39,124,36,-1,36,124,125,-1,36,125,33,-1,33,125,126,-1,33,126,30,-1,30,126,127,-1,30,127,28,-1,28,127,128,-1,28,128,25,-1,25,128,129,-1,25,129,22,-1,22,129,130,-1,22,130,19,-1,19,130,131,-1,19,131,16,-1,16,131,132,-1,16,132,14,-1,14,132,133,-1,14,133,11,-1,11,133,134,-1,11,134,8,-1,8,134,135,-1,8,135,5,-1,5,135,136,-1,5,136,0,-1,0,136,137,-1,0,137,1,-1,1,137,138,-1,102,139,103,-1,103,139,140,-1,103,140,104,-1,104,140,141,-1,104,141,105,-1,105,141,142,-1,105,142,106,-1,106,142,143,-1,106,143,107,-1,107,143,144,-1,107,144,108,-1,108,144,145,-1,108,145,109,-1,109,145,146,-1,109,146,110,-1,110,146,147,-1,110,147,111,-1,111,147,148,-1,111,148,112,-1,112,148,149,-1,112,149,113,-1,113,149,150,-1,113,150,114,-1,114,150,151,-1,114,151,115,-1,115,151,152,-1,115,152,116,-1,116,152,153,-1,116,153,117,-1,117,153,154,-1,117,154,118,-1,118,154,155,-1,118,155,119,-1,119,155,156,-1,119,156,120,-1,120,156,157,-1,120,157,121,-1,121,157,158,-1,121,158,122,-1,122,158,159,-1,122,159,123,-1,123,159,160,-1,123,160,124,-1,124,160,161,-1,124,161,125,-1,125,161,162,-1,125,162,126,-1,126,162,163,-1,126,163,127,-1,127,163,164,-1,127,164,128,-1,128,164,165,-1,128,165,129,-1,129,165,166,-1,129,166,130,-1,130,166,167,-1,130,167,131,-1,131,167,168,-1,131,168,132,-1,132,168,169,-1,132,169,133,-1,133,169,170,-1,133,170,134,-1,134,170,171,-1,134,171,135,-1,135,171,172,-1,135,172,136,-1,136,172,173,-1,136,173,137,-1,137,173,174,-1,137,174,138,-1,138,174,175,-1,139,176,140,-1,140,176,177,-1,140,177,141,-1,141,177,178,-1,141,178,142,-1,142,178,179,-1,142,179,143,-1,143,179,180,-1,143,180,144,-1,144,180,181,-1,144,181,145,-1,145,181,182,-1,145,182,146,-1,146,182,183,-1,146,183,147,-1,147,183,184,-1,147,184,148,-1,148,184,185,-1,148,185,149,-1,149,185,186,-1,149,186,150,-1,150,186,187,-1,150,187,151,-1,151,187,188,-1,151,188,152,-1,152,188,189,-1,152,189,153,-1,153,189,190,-1,153,190,154,-1,154,190,191,-1,154,191,155,-1,155,191,192,-1,155,192,156,-1,156,192,193,-1,156,193,157,-1,157,193,194,-1,157,194,158,-1,158,194,195,-1,158,195,159,-1,159,195,196,-1,159,196,160,-1,160,196,197,-1,160,197,161,-1,161,197,198,-1,161,198,162,-1,162,198,199,-1,162,199,163,-1,163,199,200,-1,163,200,164,-1,164,200,201,-1,164,201,165,-1,165,201,202,-1,165,202,166,-1,166,202,203,-1,166,203,167,-1,167,203,204,-1,167,204,168,-1,168,204,205,-1,168,205,169,-1,169,205,206,-1,169,206,170,-1,170,206,207,-1,170,207,171,-1,171,207,208,-1,171,208,172,-1,172,208,209,-1,172,209,173,-1,173,209,210,-1,173,210,174,-1,174,210,211,-1,174,211,175,-1,175,211,212,-1,176,213,177,-1,177,213,214,-1,177,214,178,-1,178,214,215,-1,178,215,179,-1,179,215,216,-1,179,216,180,-1,180,216,217,-1,180,217,181,-1,181,217,218,-1,181,218,182,-1,182,218,219,-1,182,219,183,-1,183,219,220,-1,183,220,184,-1,184,220,221,-1,184,221,185,-1,185,221,222,-1,185,222,186,-1,186,222,223,-1,186,223,187,-1,187,223,224,-1,187,224,188,-1,188,224,225,-1,188,225,189,-1,189,225,226,-1,189,226,190,-1,190,226,227,-1,190,227,191,-1,191,227,228,-1,191,228,192,-1,192,228,229,-1,192,229,193,-1,193,229,230,-1,193,230,194,-1,194,230,231,-1,194,231,195,-1,195,231,232,-1,195,232,196,-1,196,232,233,-1,196,233,197,-1,197,233,234,-1,197,234,198,-1,198,234,235,-1,198,235,199,-1,199,235,236,-1,199,236,200,-1,200,236,237,-1,200,237,201,-1,201,237,238,-1,201,238,202,-1,202,238,239,-1,202,239,203,-1,203,239,240,-1,203,240,204,-1,204,240,241,-1,204,241,205,-1,205,241,242,-1,205,242,206,-1,206,242,243,-1,206,243,207,-1,207,243,244,-1,207,244,208,-1,208,244,245,-1,208,245,209,-1,209,245,246,-1,209,246,210,-1,210,246,247,-1,210,247,211,-1,211,247,248,-1,211,248,212,-1,212,248,249,-1,213,250,214,-1,214,250,251,-1,214,251,215,-1,215,251,252,-1,215,252,216,-1,216,252,253,-1,216,253,217,-1,217,253,254,-1,217,254,218,-1,218,254,255,-1,218,255,219,-1,219,255,256,-1,219,256,220,-1,220,256,257,-1,220,257,221,-1,221,257,258,-1,221,258,222,-1,222,258,259,-1,222,259,223,-1,223,259,260,-1,223,260,224,-1,224,260,261,-1,224,261,225,-1,225,261,262,-1,225,262,226,-1,226,262,263,-1,226,263,227,-1,227,263,264,-1,227,264,228,-1,228,264,265,-1,228,265,229,-1,229,265,266,-1,229,266,230,-1,230,266,267,-1,230,267,231,-1,231,267,268,-1,231,268,232,-1,232,268,269,-1,232,269,233,-1,233,269,270,-1,233,270,234,-1,234,270,271,-1,234,271,235,-1,235,271,272,-1,235,272,236,-1,236,272,273,-1,236,273,237,-1,237,273,274,-1,237,274,238,-1,238,274,275,-1,238,275,239,-1,239,275,276,-1,239,276,240,-1,240,276,277,-1,240,277,241,-1,241,277,278,-1,241,278,242,-1,242,278,279,-1,242,279,243,-1,243,279,280,-1,243,280,244,-1,244,280,281,-1,244,281,245,-1,245,281,282,-1,245,282,246,-1,246,282,283,-1,246,283,247,-1,247,283,284,-1,247,284,248,-1,248,284,285,-1,248,285,249,-1,249,285,286,-1,250,287,251,-1,251,287,288,-1,251,288,252,-1,252,288,289,-1,252,289,253,-1,253,289,290,-1,253,290,254,-1,254,290,291,-1,254,291,255,-1,255,291,292,-1,255,292,256,-1,256,292,293,-1,256,293,257,-1,257,293,294,-1,257,294,258,-1,258,294,295,-1,258,295,259,-1,259,295,296,-1,259,296,260,-1,260,296,297,-1,260,297,261,-1,261,297,298,-1,261,298,262,-1,262,298,299,-1,262,299,263,-1,263,299,300,-1,263,300,264,-1,264,300,301,-1,264,301,265,-1,265,301,302,-1,265,302,266,-1,266,302,303,-1,266,303,267,-1,267,303,304,-1,267,304,268,-1,268,304,305,-1,268,305,269,-1,269,305,306,-1,269,306,270,-1,270,306,307,-1,270,307,271,-1,271,307,308,-1,271,308,272,-1,272,308,309,-1,272,309,273,-1,273,309,310,-1,273,310,274,-1,274,310,311,-1,274,311,275,-1,275,311,312,-1,275,312,276,-1,276,312,313,-1,276,313,277,-1,277,313,314,-1,277,314,278,-1,278,314,315,-1,278,315,279,-1,279,315,316,-1,279,316,280,-1,280,316,317,-1,280,317,281,-1,281,317,318,-1,281,318,282,-1,282,318,319,-1,282,319,283,-1,283,319,320,-1,283,320,284,-1,284,320,321,-1,284,321,285,-1,285,321,322,-1,285,322,286,-1,286,322,323,-1,287,324,288,-1,288,324,325,-1,288,325,289,-1,289,325,326,-1,289,326,290,-1,290,326,327,-1,290,327,291,-1,291,327,328,-1,291,328,292,-1,292,328,329,-1,292,329,293,-1,293,329,330,-1,293,330,294,-1,294,330,331,-1,294,331,295,-1,295,331,332,-1,295,332,296,-1,296,332,333,-1,296,333,297,-1,297,333,334,-1,297,334,298,-1,298,334,335,-1,298,335,299,-1,299,335,336,-1,299,336,300,-1,300,336,337,-1,300,337,301,-1,301,337,338,-1,301,338,302,-1,302,338,339,-1,302,339,303,-1,303,339,340,-1,303,340,304,-1,304,340,341,-1,304,341,305,-1,305,341,342,-1,305,342,306,-1,306,342,343,-1,306,343,307,-1,307,343,344,-1,307,344,308,-1,308,344,345,-1,308,345,309,-1,309,345,346,-1,309,346,310,-1,310,346,347,-1,310,347,311,-1,311,347,348,-1,311,348,312,-1,312,348,349,-1,312,349,313,-1,313,349,350,-1,313,350,314,-1,314,350,351,-1,314,351,315,-1,315,351,352,-1,315,352,316,-1,316,352,353,-1,316,353,317,-1,317,353,354,-1,317,354,318,-1,318,354,355,-1,318,355,319,-1,319,355,356,-1,319,356,320,-1,320,356,357,-1,320,357,321,-1,321,357,358,-1,321,358,322,-1,322,358,359,-1,322,359,323,-1,323,359,360,-1,324,361,325,-1,325,361,362,-1,325,362,326,-1,326,362,363,-1,326,363,327,-1,327,363,364,-1,327,364,328,-1,328,364,365,-1,328,365,329,-1,329,365,366,-1,329,366,330,-1,330,366,367,-1,330,367,331,-1,331,367,368,-1,331,368,332,-1,332,368,369,-1,332,369,333,-1,333,369,370,-1,333,370,334,-1,334,370,371,-1,334,371,335,-1,335,371,372,-1,335,372,336,-1,336,372,373,-1,336,373,337,-1,337,373,374,-1,337,374,338,-1,338,374,375,-1,338,375,339,-1,339,375,376,-1,339,376,340,-1,340,376,377,-1,340,377,341,-1,341,377,378,-1,341,378,342,-1,342,378,379,-1,342,379,343,-1,343,379,380,-1,343,380,344,-1,344,380,381,-1,344,381,345,-1,345,381,382,-1,345,382,346,-1,346,382,383,-1,346,383,347,-1,347,383,384,-1,347,384,348,-1,348,384,385,-1,348,385,349,-1,349,385,386,-1,349,386,350,-1,350,386,387,-1,350,387,351,-1,351,387,388,-1,351,388,352,-1,352,388,389,-1,352,389,353,-1,353,389,390,-1,353,390,354,-1,354,390,391,-1,354,391,355,-1,355,391,392,-1,355,392,356,-1,356,392,393,-1,356,393,357,-1,357,393,394,-1,357,394,358,-1,358,394,395,-1,358,395,359,-1,359,395,396,-1,359,396,360,-1,360,396,397,-1,361,398,362,-1,362,398,399,-1,362,399,363,-1,363,399,400,-1,363,400,364,-1,364,400,401,-1,364,401,365,-1,365,401,402,-1,365,402,366,-1,366,402,403,-1,366,403,367,-1,367,403,404,-1,367,404,368,-1,368,404,405,-1,368,405,369,-1,369,405,406,-1,369,406,370,-1,370,406,407,-1,370,407,371,-1,371,407,408,-1,371,408,372,-1,372,408,409,-1,372,409,373,-1,373,409,410,-1,373,410,374,-1,374,410,411,-1,374,411,375,-1,375,411,412,-1,375,412,376,-1,376,412,413,-1,376,413,377,-1,377,413,414,-1,377,414,378,-1,378,414,415,-1,378,415,379,-1,379,415,416,-1,379,416,380,-1,380,416,417,-1,380,417,381,-1,381,417,418,-1,381,418,382,-1,382,418,419,-1,382,419,383,-1,383,419,420,-1,383,420,384,-1,384,420,421,-1,384,421,385,-1,385,421,422,-1,385,422,386,-1,386,422,423,-1,386,423,387,-1,387,423,424,-1,387,424,388,-1,388,424,425,-1,388,425,389,-1,389,425,426,-1,389,426,390,-1,390,426,427,-1,390,427,391,-1,391,427,428,-1,391,428,392,-1,392,428,429,-1,392,429,393,-1,393,429,430,-1,393,430,394,-1,394,430,431,-1,394,431,395,-1,395,431,432,-1,395,432,396,-1,396,432,433,-1,396,433,397,-1,397,433,434,-1,435,97,96,-1,96,436,435,-1,435,436,437,-1,435,437,438,-1,437,439,438,-1,438,439,440,-1,438,440,441,-1,440,442,441,-1,441,442,443,-1,441,443,444,-1,443,445,444,-1,444,445,446,-1,444,446,447,-1,447,446,448,-1,447,448,449,-1,448,450,449,-1,449,450,451,-1,449,451,452,-1,451,453,452,-1,452,453,454,-1,452,454,455,-1,454,456,455,-1,455,456,457,-1,455,457,458,-1,457,459,458,-1,458,459,460,-1,458,460,461,-1,461,460,462,-1,461,462,463,-1,462,464,463,-1,463,464,465,-1,463,465,466,-1,465,467,466,-1,466,467,468,-1,466,468,469,-1,468,470,469,-1,469,470,471,-1,469,471,472,-1,471,473,472,-1,472,473,474,-1,472,474,475,-1,475,474,476,-1,475,476,477,-1,476,478,477,-1,477,478,479,-1,477,479,480,-1,479,481,480,-1,480,481,482,-1,480,482,483,-1,482,484,483,-1,483,484,485,-1,483,485,486,-1,485,487,486,-1,486,487,488,-1,486,488,489,-1,489,488,490,-1,489,490,491,-1,490,492,491,-1,491,492,493,-1,491,493,494,-1,493,495,494,-1,494,495,496,-1,494,496,497,-1,496,498,497,-1,497,498,499,-1,497,499,500,-1,499,501,500,-1,500,501,502,-1,500,502,503,-1,503,502,504,-1,503,504,505,-1,504,506,505,-1,505,506,507,-1,505,507,508,-1,507,509,508,-1,508,509,510,-1,508,510,511,-1,510,512,511,-1,511,512,513,-1,511,513,514,-1,513,515,514,-1,514,515,516,-1,514,516,517,-1,517,516,518,-1,517,518,519,-1,518,520,519,-1,519,520,521,-1,519,521,522,-1,521,523,522,-1,522,523,524,-1,522,524,525,-1,524,526,525,-1,525,526,527,-1,525,527,528,-1,2,1,529,-1,529,1,530,-1,529,530,531,-1,531,530,528,-1,531,528,532,-1,532,528,527,-1,1,138,530,-1,530,138,533,-1,530,533,528,-1,528,533,534,-1,528,534,525,-1,525,534,535,-1,525,535,522,-1,522,535,536,-1,522,536,519,-1,519,536,537,-1,519,537,517,-1,517,537,538,-1,517,538,514,-1,514,538,539,-1,514,539,511,-1,511,539,540,-1,511,540,508,-1,508,540,541,-1,508,541,505,-1,505,541,542,-1,505,542,503,-1,503,542,543,-1,503,543,500,-1,500,543,544,-1,500,544,497,-1,497,544,545,-1,497,545,494,-1,494,545,546,-1,494,546,491,-1,491,546,547,-1,491,547,489,-1,489,547,548,-1,489,548,486,-1,486,548,549,-1,486,549,483,-1,483,549,550,-1,483,550,480,-1,480,550,551,-1,480,551,477,-1,477,551,552,-1,477,552,475,-1,475,552,553,-1,475,553,472,-1,472,553,554,-1,472,554,469,-1,469,554,555,-1,469,555,466,-1,466,555,556,-1,466,556,463,-1,463,556,557,-1,463,557,461,-1,461,557,558,-1,461,558,458,-1,458,558,559,-1,458,559,455,-1,455,559,560,-1,455,560,452,-1,452,560,561,-1,452,561,449,-1,449,561,562,-1,449,562,447,-1,447,562,563,-1,447,563,444,-1,444,563,564,-1,444,564,441,-1,441,564,565,-1,441,565,438,-1,438,565,566,-1,438,566,435,-1,435,566,567,-1,435,567,97,-1,97,567,102,-1,138,175,533,-1,533,175,568,-1,533,568,534,-1,534,568,569,-1,534,569,535,-1,535,569,570,-1,535,570,536,-1,536,570,571,-1,536,571,537,-1,537,571,572,-1,537,572,538,-1,538,572,573,-1,538,573,539,-1,539,573,574,-1,539,574,540,-1,540,574,575,-1,540,575,541,-1,541,575,576,-1,541,576,542,-1,542,576,577,-1,542,577,543,-1,543,577,578,-1,543,578,544,-1,544,578,579,-1,544,579,545,-1,545,579,580,-1,545,580,546,-1,546,580,581,-1,546,581,547,-1,547,581,582,-1,547,582,548,-1,548,582,583,-1,548,583,549,-1,549,583,584,-1,549,584,550,-1,550,584,585,-1,550,585,551,-1,551,585,586,-1,551,586,552,-1,552,586,587,-1,552,587,553,-1,553,587,588,-1,553,588,554,-1,554,588,589,-1,554,589,555,-1,555,589,590,-1,555,590,556,-1,556,590,591,-1,556,591,557,-1,557,591,592,-1,557,592,558,-1,558,592,593,-1,558,593,559,-1,559,593,594,-1,559,594,560,-1,560,594,595,-1,560,595,561,-1,561,595,596,-1,561,596,562,-1,562,596,597,-1,562,597,563,-1,563,597,598,-1,563,598,564,-1,564,598,599,-1,564,599,565,-1,565,599,600,-1,565,600,566,-1,566,600,601,-1,566,601,567,-1,567,601,602,-1,567,602,102,-1,102,602,139,-1,175,212,568,-1,568,212,603,-1,568,603,569,-1,569,603,604,-1,569,604,570,-1,570,604,605,-1,570,605,571,-1,571,605,606,-1,571,606,572,-1,572,606,607,-1,572,607,573,-1,573,607,608,-1,573,608,574,-1,574,608,609,-1,574,609,575,-1,575,609,610,-1,575,610,576,-1,576,610,611,-1,576,611,577,-1,577,611,612,-1,577,612,578,-1,578,612,613,-1,578,613,579,-1,579,613,614,-1,579,614,580,-1,580,614,615,-1,580,615,581,-1,581,615,616,-1,581,616,582,-1,582,616,617,-1,582,617,583,-1,583,617,618,-1,583,618,584,-1,584,618,619,-1,584,619,585,-1,585,619,620,-1,585,620,586,-1,586,620,621,-1,586,621,587,-1,587,621,622,-1,587,622,588,-1,588,622,623,-1,588,623,589,-1,589,623,624,-1,589,624,590,-1,590,624,625,-1,590,625,591,-1,591,625,626,-1,591,626,592,-1,592,626,627,-1,592,627,593,-1,593,627,628,-1,593,628,594,-1,594,628,629,-1,594,629,595,-1,595,629,630,-1,595,630,596,-1,596,630,631,-1,596,631,597,-1,597,631,632,-1,597,632,598,-1,598,632,633,-1,598,633,599,-1,599,633,634,-1,599,634,600,-1,600,634,635,-1,600,635,601,-1,601,635,636,-1,601,636,602,-1,602,636,637,-1,602,637,139,-1,139,637,176,-1,212,249,603,-1,603,249,638,-1,603,638,604,-1,604,638,639,-1,604,639,605,-1,605,639,640,-1,605,640,606,-1,606,640,641,-1,606,641,607,-1,607,641,642,-1,607,642,608,-1,608,642,643,-1,608,643,609,-1,609,643,644,-1,609,644,610,-1,610,644,645,-1,610,645,611,-1,611,645,646,-1,611,646,612,-1,612,646,647,-1,612,647,613,-1,613,647,648,-1,613,648,614,-1,614,648,649,-1,614,649,615,-1,615,649,650,-1,615,650,616,-1,616,650,651,-1,616,651,617,-1,617,651,652,-1,617,652,618,-1,618,652,653,-1,618,653,619,-1,619,653,654,-1,619,654,620,-1,620,654,655,-1,620,655,621,-1,621,655,656,-1,621,656,622,-1,622,656,657,-1,622,657,623,-1,623,657,658,-1,623,658,624,-1,624,658,659,-1,624,659,625,-1,625,659,660,-1,625,660,626,-1,626,660,661,-1,626,661,627,-1,627,661,662,-1,627,662,628,-1,628,662,663,-1,628,663,629,-1,629,663,664,-1,629,664,630,-1,630,664,665,-1,630,665,631,-1,631,665,666,-1,631,666,632,-1,632,666,667,-1,632,667,633,-1,633,667,668,-1,633,668,634,-1,634,668,669,-1,634,669,635,-1,635,669,670,-1,635,670,636,-1,636,670,671,-1,636,671,637,-1,637,671,672,-1,637,672,176,-1,176,672,213,-1,249,286,638,-1,638,286,673,-1,638,673,639,-1,639,673,674,-1,639,674,640,-1,640,674,675,-1,640,675,641,-1,641,675,676,-1,641,676,642,-1,642,676,677,-1,642,677,643,-1,643,677,678,-1,643,678,644,-1,644,678,679,-1,644,679,645,-1,645,679,680,-1,645,680,646,-1,646,680,681,-1,646,681,647,-1,647,681,682,-1,647,682,648,-1,648,682,683,-1,648,683,649,-1,649,683,684,-1,649,684,650,-1,650,684,685,-1,650,685,651,-1,651,685,686,-1,651,686,652,-1,652,686,687,-1,652,687,653,-1,653,687,688,-1,653,688,654,-1,654,688,689,-1,654,689,655,-1,655,689,690,-1,655,690,656,-1,656,690,691,-1,656,691,657,-1,657,691,692,-1,657,692,658,-1,658,692,693,-1,658,693,659,-1,659,693,694,-1,659,694,660,-1,660,694,695,-1,660,695,661,-1,661,695,696,-1,661,696,662,-1,662,696,697,-1,662,697,663,-1,663,697,698,-1,663,698,664,-1,664,698,699,-1,664,699,665,-1,665,699,700,-1,665,700,666,-1,666,700,701,-1,666,701,667,-1,667,701,702,-1,667,702,668,-1,668,702,703,-1,668,703,669,-1,669,703,704,-1,669,704,670,-1,670,704,705,-1,670,705,671,-1,671,705,706,-1,671,706,672,-1,672,706,707,-1,672,707,213,-1,213,707,250,-1,286,323,673,-1,673,323,708,-1,673,708,674,-1,674,708,709,-1,674,709,675,-1,675,709,710,-1,675,710,676,-1,676,710,711,-1,676,711,677,-1,677,711,712,-1,677,712,678,-1,678,712,713,-1,678,713,679,-1,679,713,714,-1,679,714,680,-1,680,714,715,-1,680,715,681,-1,681,715,716,-1,681,716,682,-1,682,716,717,-1,682,717,683,-1,683,717,718,-1,683,718,684,-1,684,718,719,-1,684,719,685,-1,685,719,720,-1,685,720,686,-1,686,720,721,-1,686,721,687,-1,687,721,722,-1,687,722,688,-1,688,722,723,-1,688,723,689,-1,689,723,724,-1,689,724,690,-1,690,724,725,-1,690,725,691,-1,691,725,726,-1,691,726,692,-1,692,726,727,-1,692,727,693,-1,693,727,728,-1,693,728,694,-1,694,728,729,-1,694,729,695,-1,695,729,730,-1,695,730,696,-1,696,730,731,-1,696,731,697,-1,697,731,732,-1,697,732,698,-1,698,732,733,-1,698,733,699,-1,699,733,734,-1,699,734,700,-1,700,734,735,-1,700,735,701,-1,701,735,736,-1,701,736,702,-1,702,736,737,-1,702,737,703,-1,703,737,738,-1,703,738,704,-1,704,738,739,-1,704,739,705,-1,705,739,740,-1,705,740,706,-1,706,740,741,-1,706,741,707,-1,707,741,742,-1,707,742,250,-1,250,742,287,-1,323,360,708,-1,708,360,743,-1,708,743,709,-1,709,743,744,-1,709,744,710,-1,710,744,745,-1,710,745,711,-1,711,745,746,-1,711,746,712,-1,712,746,747,-1,712,747,713,-1,713,747,748,-1,713,748,714,-1,714,748,749,-1,714,749,715,-1,715,749,750,-1,715,750,716,-1,716,750,751,-1,716,751,717,-1,717,751,752,-1,717,752,718,-1,718,752,753,-1,718,753,719,-1,719,753,754,-1,719,754,720,-1,720,754,755,-1,720,755,721,-1,721,755,756,-1,721,756,722,-1,722,756,757,-1,722,757,723,-1,723,757,758,-1,723,758,724,-1,724,758,759,-1,724,759,725,-1,725,759,760,-1,725,760,726,-1,726,760,761,-1,726,761,727,-1,727,761,762,-1,727,762,728,-1,728,762,763,-1,728,763,729,-1,729,763,764,-1,729,764,730,-1,730,764,765,-1,730,765,731,-1,731,765,766,-1,731,766,732,-1,732,766,767,-1,732,767,733,-1,733,767,768,-1,733,768,734,-1,734,768,769,-1,734,769,735,-1,735,769,770,-1,735,770,736,-1,736,770,771,-1,736,771,737,-1,737,771,772,-1,737,772,738,-1,738,772,773,-1,738,773,739,-1,739,773,774,-1,739,774,740,-1,740,774,775,-1,740,775,741,-1,741,775,776,-1,741,776,742,-1,742,776,777,-1,742,777,287,-1,287,777,324,-1,360,397,743,-1,743,397,778,-1,743,778,744,-1,744,778,779,-1,744,779,745,-1,745,779,780,-1,745,780,746,-1,746,780,781,-1,746,781,747,-1,747,781,782,-1,747,782,748,-1,748,782,783,-1,748,783,749,-1,749,783,784,-1,749,784,750,-1,750,784,785,-1,750,785,751,-1,751,785,786,-1,751,786,752,-1,752,786,787,-1,752,787,753,-1,753,787,788,-1,753,788,754,-1,754,788,789,-1,754,789,755,-1,755,789,790,-1,755,790,756,-1,756,790,791,-1,756,791,757,-1,757,791,792,-1,757,792,758,-1,758,792,793,-1,758,793,759,-1,759,793,794,-1,759,794,760,-1,760,794,795,-1,760,795,761,-1,761,795,796,-1,761,796,762,-1,762,796,797,-1,762,797,763,-1,763,797,798,-1,763,798,764,-1,764,798,799,-1,764,799,765,-1,765,799,800,-1,765,800,766,-1,766,800,801,-1,766,801,767,-1,767,801,802,-1,767,802,768,-1,768,802,803,-1,768,803,769,-1,769,803,804,-1,769,804,770,-1,770,804,805,-1,770,805,771,-1,771,805,806,-1,771,806,772,-1,772,806,807,-1,772,807,773,-1,773,807,808,-1,773,808,774,-1,774,808,809,-1,774,809,775,-1,775,809,810,-1,775,810,776,-1,776,810,811,-1,776,811,777,-1,777,811,812,-1,777,812,324,-1,324,812,361,-1,397,434,778,-1,778,434,813,-1,778,813,779,-1,779,813,814,-1,779,814,780,-1,780,814,815,-1,780,815,781,-1,781,815,816,-1,781,816,782,-1,782,816,817,-1,782,817,783,-1,783,817,818,-1,783,818,784,-1,784,818,819,-1,784,819,785,-1,785,819,820,-1,785,820,786,-1,786,820,821,-1,786,821,787,-1,787,821,822,-1,787,822,788,-1,788,822,823,-1,788,823,789,-1,789,823,824,-1,789,824,790,-1,790,824,825,-1,790,825,791,-1,791,825,826,-1,791,826,792,-1,792,826,827,-1,792,827,793,-1,793,827,828,-1,793,828,794,-1,794,828,829,-1,794,829,795,-1,795,829,830,-1,795,830,796,-1,796,830,831,-1,796,831,797,-1,797,831,832,-1,797,832,798,-1,798,832,833,-1,798,833,799,-1,799,833,834,-1,799,834,800,-1,800,834,835,-1,800,835,801,-1,801,835,836,-1,801,836,802,-1,802,836,837,-1,802,837,803,-1,803,837,838,-1,803,838,804,-1,804,838,839,-1,804,839,805,-1,805,839,840,-1,805,840,806,-1,806,840,841,-1,806,841,807,-1,807,841,842,-1,807,842,808,-1,808,842,843,-1,808,843,809,-1,809,843,844,-1,809,844,810,-1,810,844,845,-1,810,845,811,-1,811,845,846,-1,811,846,812,-1,812,846,847,-1,812,847,361,-1,361,847,398,-1,848,849,850,-1,851,852,853,-1,852,851,854,-1,855,856,857,-1,858,859,860,-1,861,862,863,-1,864,865,866,-1,867,868,869,-1,870,871,872,-1,873,874,875,-1,876,877,878,-1,878,879,876,-1,876,879,880,-1,876,880,881,-1,880,882,881,-1,881,882,883,-1,881,883,884,-1,883,885,884,-1,884,885,886,-1,884,886,887,-1,888,889,858,-1,858,889,890,-1,858,890,859,-1,859,890,891,-1,859,891,892,-1,893,894,861,-1,895,877,896,-1,896,877,876,-1,896,876,897,-1,897,876,881,-1,897,881,898,-1,898,881,884,-1,898,884,899,-1,899,884,887,-1,899,887,900,-1,855,860,901,-1,901,860,859,-1,901,859,893,-1,893,859,892,-1,893,892,894,-1,902,895,903,-1,903,895,896,-1,903,896,904,-1,904,896,897,-1,904,897,905,-1,905,897,898,-1,905,898,906,-1,906,898,899,-1,906,899,907,-1,907,899,900,-1,907,900,908,-1,861,863,893,-1,893,863,909,-1,893,909,901,-1,901,909,910,-1,901,910,855,-1,855,910,911,-1,855,911,856,-1,912,902,913,-1,913,902,903,-1,913,903,914,-1,914,903,904,-1,914,904,915,-1,915,904,905,-1,915,905,916,-1,916,905,906,-1,916,906,917,-1,917,906,907,-1,917,907,918,-1,918,907,908,-1,918,908,919,-1,920,912,921,-1,921,912,913,-1,921,913,922,-1,922,913,914,-1,922,914,923,-1,923,914,915,-1,923,915,924,-1,924,915,916,-1,924,916,925,-1,925,916,917,-1,925,917,926,-1,926,917,918,-1,926,918,927,-1,927,918,919,-1,927,919,928,-1,929,888,930,-1,930,888,858,-1,930,858,931,-1,931,858,860,-1,931,860,932,-1,932,860,855,-1,932,855,933,-1,933,855,857,-1,933,857,934,-1,865,929,866,-1,866,929,930,-1,866,930,935,-1,935,930,931,-1,935,931,936,-1,936,931,932,-1,936,932,937,-1,937,932,933,-1,937,933,938,-1,938,933,934,-1,938,934,939,-1,940,920,941,-1,941,920,921,-1,941,921,942,-1,942,921,922,-1,942,922,943,-1,943,922,923,-1,943,923,944,-1,944,923,924,-1,944,924,945,-1,945,924,925,-1,945,925,946,-1,946,925,926,-1,946,926,947,-1,947,926,927,-1,947,927,948,-1,948,927,928,-1,948,928,949,-1,868,864,869,-1,869,864,866,-1,869,866,950,-1,950,866,935,-1,950,935,951,-1,951,935,936,-1,951,936,952,-1,952,936,937,-1,952,937,953,-1,953,937,938,-1,953,938,851,-1,851,938,939,-1,851,939,854,-1,954,940,955,-1,955,940,941,-1,955,941,956,-1,956,941,942,-1,956,942,957,-1,957,942,943,-1,957,943,958,-1,958,943,944,-1,958,944,959,-1,959,944,945,-1,959,945,960,-1,960,945,946,-1,960,946,961,-1,961,946,947,-1,961,947,962,-1,962,947,948,-1,962,948,963,-1,963,948,949,-1,963,949,964,-1,965,954,966,-1,966,954,955,-1,966,955,967,-1,967,955,956,-1,967,956,968,-1,968,956,957,-1,968,957,969,-1,969,957,958,-1,969,958,970,-1,970,958,959,-1,970,959,971,-1,971,959,960,-1,971,960,972,-1,972,960,961,-1,972,961,973,-1,973,961,962,-1,973,962,974,-1,974,962,963,-1,974,963,975,-1,975,963,964,-1,975,964,976,-1,871,867,872,-1,872,867,869,-1,872,869,977,-1,977,869,950,-1,977,950,978,-1,978,950,951,-1,978,951,979,-1,979,951,952,-1,979,952,980,-1,980,952,953,-1,980,953,981,-1,981,953,851,-1,981,851,982,-1,982,851,853,-1,982,853,983,-1,874,870,875,-1,875,870,872,-1,875,872,984,-1,984,872,977,-1,984,977,985,-1,985,977,978,-1,985,978,986,-1,986,978,979,-1,986,979,987,-1,987,979,980,-1,987,980,988,-1,988,980,981,-1,988,981,989,-1,989,981,982,-1,989,982,990,-1,990,982,983,-1,990,983,991,-1,992,965,993,-1,993,965,966,-1,993,966,994,-1,994,966,967,-1,994,967,995,-1,995,967,968,-1,995,968,996,-1,996,968,969,-1,996,969,997,-1,997,969,970,-1,997,970,998,-1,998,970,971,-1,998,971,999,-1,999,971,972,-1,999,972,1000,-1,1000,972,973,-1,1000,973,1001,-1,1001,973,974,-1,1001,974,1002,-1,1002,974,975,-1,1002,975,1003,-1,1003,975,976,-1,1003,976,850,-1,886,873,887,-1,887,873,875,-1,887,875,900,-1,900,875,984,-1,900,984,908,-1,908,984,985,-1,908,985,919,-1,919,985,986,-1,919,986,928,-1,928,986,987,-1,928,987,949,-1,949,987,988,-1,949,988,964,-1,964,988,989,-1,964,989,976,-1,976,989,990,-1,976,990,850,-1,850,990,991,-1,850,991,848,-1,849,1004,850,-1,850,1004,1005,-1,850,1005,1003,-1,1003,1005,1006,-1,1003,1006,1002,-1,1002,1006,1007,-1,1002,1007,1001,-1,1001,1007,1008,-1,1001,1008,1000,-1,1000,1008,1009,-1,1000,1009,999,-1,999,1009,1010,-1,999,1010,998,-1,998,1010,1011,-1,998,1011,997,-1,997,1011,1012,-1,997,1012,996,-1,996,1012,1013,-1,996,1013,995,-1,995,1013,1014,-1,995,1014,994,-1,994,1014,1015,-1,994,1015,993,-1,993,1015,1016,-1,993,1016,992,-1,992,1016,1017,-1,1018,1019,1020,-1,1021,1022,1023,-1,1024,1025,1026,-1,1027,1028,1029,-1,849,848,1030,-1,991,983,1031,-1,852,854,1032,-1,939,934,1033,-1,863,862,1034,-1,911,910,1035,-1,1035,910,909,-1,1035,909,863,-1,857,856,1036,-1,852,1032,853,-1,849,1030,1004,-1,863,1034,1035,-1,1035,1034,1037,-1,1035,1037,1038,-1,1038,1037,1039,-1,1038,1039,1040,-1,1039,1041,1040,-1,1040,1041,1042,-1,1040,1042,1043,-1,1043,1042,1044,-1,1043,1044,1045,-1,1044,1046,1045,-1,1045,1046,1047,-1,1045,1047,1048,-1,1048,1047,1049,-1,1048,1049,1050,-1,1050,1049,1051,-1,1050,1051,1052,-1,1051,1053,1052,-1,1052,1053,1054,-1,1052,1054,1055,-1,1055,1054,1056,-1,1055,1056,1057,-1,1056,1058,1057,-1,1057,1058,1059,-1,1057,1059,1060,-1,1060,1059,1061,-1,1060,1061,1062,-1,1062,1061,1063,-1,1062,1063,1064,-1,1063,1065,1064,-1,1064,1065,1066,-1,1064,1066,1067,-1,1067,1066,1068,-1,1067,1068,1029,-1,1029,1068,1069,-1,1029,1069,1027,-1,856,911,1036,-1,1036,911,1035,-1,1036,1035,1070,-1,1070,1035,1038,-1,1070,1038,1071,-1,1071,1038,1040,-1,1071,1040,1072,-1,1072,1040,1043,-1,1072,1043,1073,-1,1073,1043,1045,-1,1073,1045,1074,-1,1074,1045,1048,-1,1074,1048,1075,-1,1075,1048,1050,-1,1075,1050,1076,-1,1076,1050,1052,-1,1076,1052,1077,-1,1077,1052,1055,-1,1077,1055,1078,-1,1078,1055,1057,-1,1078,1057,1079,-1,1079,1057,1060,-1,1079,1060,1080,-1,1080,1060,1062,-1,1080,1062,1081,-1,1081,1062,1064,-1,1081,1064,1082,-1,1082,1064,1067,-1,1082,1067,1083,-1,1083,1067,1029,-1,1083,1029,1084,-1,1084,1029,1028,-1,1084,1028,1085,-1,934,857,1033,-1,1033,857,1036,-1,1033,1036,1086,-1,1086,1036,1070,-1,1086,1070,1087,-1,1087,1070,1071,-1,1087,1071,1088,-1,1088,1071,1072,-1,1088,1072,1089,-1,1089,1072,1073,-1,1089,1073,1090,-1,1090,1073,1074,-1,1090,1074,1091,-1,1091,1074,1075,-1,1091,1075,1092,-1,1092,1075,1076,-1,1092,1076,1093,-1,1093,1076,1077,-1,1093,1077,1094,-1,1094,1077,1078,-1,1094,1078,1095,-1,1095,1078,1079,-1,1095,1079,1096,-1,1096,1079,1080,-1,1096,1080,1097,-1,1097,1080,1081,-1,1097,1081,1098,-1,1098,1081,1082,-1,1098,1082,1099,-1,1099,1082,1083,-1,1099,1083,1100,-1,1100,1083,1084,-1,1100,1084,1101,-1,1101,1084,1085,-1,1101,1085,1102,-1,854,939,1032,-1,1032,939,1033,-1,1032,1033,1103,-1,1103,1033,1086,-1,1103,1086,1104,-1,1104,1086,1087,-1,1104,1087,1105,-1,1105,1087,1088,-1,1105,1088,1106,-1,1106,1088,1089,-1,1106,1089,1107,-1,1107,1089,1090,-1,1107,1090,1108,-1,1108,1090,1091,-1,1108,1091,1109,-1,1109,1091,1092,-1,1109,1092,1110,-1,1110,1092,1093,-1,1110,1093,1111,-1,1111,1093,1094,-1,1111,1094,1112,-1,1112,1094,1095,-1,1112,1095,1113,-1,1113,1095,1096,-1,1113,1096,1114,-1,1114,1096,1097,-1,1114,1097,1115,-1,1115,1097,1098,-1,1115,1098,1116,-1,1116,1098,1099,-1,1116,1099,1117,-1,1117,1099,1100,-1,1117,1100,1118,-1,1118,1100,1101,-1,1118,1101,1119,-1,1119,1101,1102,-1,1119,1102,1120,-1,983,853,1031,-1,1031,853,1032,-1,1031,1032,1121,-1,1121,1032,1103,-1,1121,1103,1122,-1,1122,1103,1104,-1,1122,1104,1123,-1,1123,1104,1105,-1,1123,1105,1124,-1,1124,1105,1106,-1,1124,1106,1125,-1,1125,1106,1107,-1,1125,1107,1126,-1,1126,1107,1108,-1,1126,1108,1127,-1,1127,1108,1109,-1,1127,1109,1128,-1,1128,1109,1110,-1,1128,1110,1129,-1,1129,1110,1111,-1,1129,1111,1130,-1,1130,1111,1112,-1,1130,1112,1131,-1,1131,1112,1113,-1,1131,1113,1132,-1,1132,1113,1114,-1,1132,1114,1133,-1,1133,1114,1115,-1,1133,1115,1134,-1,1134,1115,1116,-1,1134,1116,1135,-1,1135,1116,1117,-1,1135,1117,1136,-1,1136,1117,1118,-1,1136,1118,1137,-1,1137,1118,1119,-1,1137,1119,1138,-1,1138,1119,1120,-1,1138,1120,1026,-1,1139,1140,1141,-1,1141,1140,1142,-1,1142,1143,1141,-1,1141,1143,1144,-1,1141,1144,1145,-1,1146,1139,1147,-1,1147,1139,1141,-1,1147,1141,1148,-1,1148,1141,1145,-1,1145,1149,1148,-1,1148,1149,1150,-1,1148,1150,1151,-1,1152,1146,1153,-1,1153,1146,1147,-1,1153,1147,1154,-1,1154,1147,1148,-1,1154,1148,1155,-1,1155,1148,1151,-1,1155,1151,1156,-1,1157,1152,1158,-1,1158,1152,1153,-1,1158,1153,1159,-1,1159,1153,1154,-1,1159,1154,1160,-1,1160,1154,1155,-1,1160,1155,1161,-1,1161,1155,1156,-1,1156,1162,1161,-1,1161,1162,1163,-1,1161,1163,1164,-1,1027,1157,1028,-1,1028,1157,1158,-1,1028,1158,1085,-1,1085,1158,1159,-1,1085,1159,1102,-1,1102,1159,1160,-1,1102,1160,1120,-1,1120,1160,1161,-1,1120,1161,1026,-1,1026,1161,1164,-1,1026,1164,1024,-1,1025,1021,1026,-1,1026,1021,1023,-1,1026,1023,1138,-1,1138,1023,1165,-1,1138,1165,1137,-1,1137,1165,1166,-1,1137,1166,1136,-1,1136,1166,1167,-1,1136,1167,1135,-1,1135,1167,1168,-1,1135,1168,1134,-1,1134,1168,1169,-1,1134,1169,1133,-1,1133,1169,1170,-1,1133,1170,1132,-1,1132,1170,1171,-1,1132,1171,1131,-1,1131,1171,1172,-1,1131,1172,1130,-1,1130,1172,1173,-1,1130,1173,1129,-1,1129,1173,1174,-1,1129,1174,1128,-1,1128,1174,1175,-1,1128,1175,1127,-1,1127,1175,1176,-1,1127,1176,1126,-1,1126,1176,1177,-1,1126,1177,1125,-1,1125,1177,1178,-1,1125,1178,1124,-1,1124,1178,1179,-1,1124,1179,1123,-1,1123,1179,1180,-1,1123,1180,1122,-1,1122,1180,1181,-1,1122,1181,1121,-1,1121,1181,1182,-1,1121,1182,1031,-1,1031,1182,1030,-1,1031,1030,991,-1,991,1030,848,-1,1004,1030,1183,-1,1183,1030,1182,-1,1183,1182,1184,-1,1184,1182,1181,-1,1184,1181,1185,-1,1185,1181,1180,-1,1185,1180,1186,-1,1186,1180,1179,-1,1186,1179,1187,-1,1187,1179,1178,-1,1187,1178,1188,-1,1188,1178,1177,-1,1188,1177,1189,-1,1189,1177,1176,-1,1189,1176,1190,-1,1190,1176,1175,-1,1190,1175,1191,-1,1191,1175,1174,-1,1191,1174,1192,-1,1192,1174,1173,-1,1192,1173,1193,-1,1193,1173,1172,-1,1193,1172,1194,-1,1194,1172,1171,-1,1194,1171,1195,-1,1195,1171,1170,-1,1195,1170,1196,-1,1196,1170,1169,-1,1196,1169,1197,-1,1197,1169,1168,-1,1197,1168,1198,-1,1198,1168,1167,-1,1198,1167,1199,-1,1199,1167,1166,-1,1199,1166,1200,-1,1200,1166,1165,-1,1200,1165,1201,-1,1201,1165,1023,-1,1201,1023,1020,-1,1020,1023,1022,-1,1020,1022,1018,-1,1202,1203,1204,-1,1204,1203,1205,-1,1204,1205,1206,-1,1205,1207,1206,-1,1206,1207,1208,-1,1206,1208,1209,-1,1209,1208,1210,-1,1209,1210,1211,-1,1210,1212,1211,-1,1211,1212,1213,-1,1211,1213,1214,-1,1213,1215,1214,-1,1214,1215,1216,-1,1214,1216,1217,-1,1216,1218,1217,-1,1217,1218,1219,-1,1217,1219,1220,-1,1219,1221,1220,-1,1220,1221,1222,-1,1220,1222,1223,-1,1223,1222,1224,-1,1223,1224,1225,-1,1224,1226,1225,-1,1225,1226,1227,-1,1225,1227,1228,-1,1227,1229,1228,-1,1228,1229,1230,-1,1228,1230,1231,-1,878,877,1232,-1,1232,877,1233,-1,1232,1233,1234,-1,1234,1233,1231,-1,1234,1231,1235,-1,1235,1231,1230,-1,1236,1202,1237,-1,1237,1202,1204,-1,1237,1204,1238,-1,1238,1204,1239,-1,877,895,1233,-1,1233,895,1240,-1,1233,1240,1231,-1,1231,1240,1241,-1,1231,1241,1228,-1,1228,1241,1242,-1,1228,1242,1225,-1,1225,1242,1243,-1,1225,1243,1223,-1,1223,1243,1244,-1,1223,1244,1220,-1,1220,1244,1245,-1,1220,1245,1217,-1,1217,1245,1246,-1,1217,1246,1214,-1,1214,1246,1247,-1,1214,1247,1211,-1,1211,1247,1248,-1,1211,1248,1209,-1,1209,1248,1249,-1,1209,1249,1206,-1,1206,1249,1250,-1,1206,1250,1204,-1,1204,1250,1251,-1,1204,1251,1239,-1,1239,1251,1252,-1,895,902,1240,-1,1240,902,1253,-1,1240,1253,1241,-1,1241,1253,1254,-1,1241,1254,1242,-1,1242,1254,1255,-1,1242,1255,1243,-1,1243,1255,1256,-1,1243,1256,1244,-1,1244,1256,1257,-1,1244,1257,1245,-1,1245,1257,1258,-1,1245,1258,1246,-1,1246,1258,1259,-1,1246,1259,1247,-1,1247,1259,1260,-1,1247,1260,1248,-1,1248,1260,1261,-1,1248,1261,1249,-1,1249,1261,1262,-1,1249,1262,1250,-1,1250,1262,1263,-1,1250,1263,1251,-1,1251,1263,1264,-1,1251,1264,1252,-1,1252,1264,1265,-1,902,912,1253,-1,1253,912,1266,-1,1253,1266,1254,-1,1254,1266,1267,-1,1254,1267,1255,-1,1255,1267,1268,-1,1255,1268,1256,-1,1256,1268,1269,-1,1256,1269,1257,-1,1257,1269,1270,-1,1257,1270,1258,-1,1258,1270,1271,-1,1258,1271,1259,-1,1259,1271,1272,-1,1259,1272,1260,-1,1260,1272,1273,-1,1260,1273,1261,-1,1261,1273,1274,-1,1261,1274,1262,-1,1262,1274,1275,-1,1262,1275,1263,-1,1263,1275,1276,-1,1263,1276,1264,-1,1264,1276,1277,-1,1264,1277,1265,-1,1278,1279,1277,-1,1277,1279,1280,-1,1277,1280,1265,-1,912,920,1266,-1,1266,920,1281,-1,1266,1281,1267,-1,1267,1281,1282,-1,1267,1282,1268,-1,1268,1282,1283,-1,1268,1283,1269,-1,1269,1283,1284,-1,1269,1284,1270,-1,1270,1284,1285,-1,1270,1285,1271,-1,1271,1285,1286,-1,1271,1286,1272,-1,1272,1286,1287,-1,1272,1287,1273,-1,1273,1287,1288,-1,1273,1288,1274,-1,1274,1288,1289,-1,1274,1289,1275,-1,1275,1289,1290,-1,1275,1290,1276,-1,1276,1290,1291,-1,1276,1291,1277,-1,1277,1291,1292,-1,1277,1292,1278,-1,1278,1292,1293,-1,920,940,1281,-1,1281,940,1294,-1,1281,1294,1282,-1,1282,1294,1295,-1,1282,1295,1283,-1,1283,1295,1296,-1,1283,1296,1284,-1,1284,1296,1297,-1,1284,1297,1285,-1,1285,1297,1298,-1,1285,1298,1286,-1,1286,1298,1299,-1,1286,1299,1287,-1,1287,1299,1300,-1,1287,1300,1288,-1,1288,1300,1301,-1,1288,1301,1289,-1,1289,1301,1302,-1,1289,1302,1290,-1,1290,1302,1303,-1,1290,1303,1291,-1,1291,1303,1304,-1,1291,1304,1292,-1,1292,1304,1305,-1,1292,1305,1293,-1,1293,1305,1306,-1,940,954,1294,-1,1294,954,1307,-1,1294,1307,1295,-1,1295,1307,1308,-1,1295,1308,1296,-1,1296,1308,1309,-1,1296,1309,1297,-1,1297,1309,1310,-1,1297,1310,1298,-1,1298,1310,1311,-1,1298,1311,1299,-1,1299,1311,1312,-1,1299,1312,1300,-1,1300,1312,1313,-1,1300,1313,1301,-1,1301,1313,1314,-1,1301,1314,1302,-1,1302,1314,1315,-1,1302,1315,1303,-1,1303,1315,1316,-1,1303,1316,1304,-1,1304,1316,1317,-1,1304,1317,1305,-1,1305,1317,1318,-1,1305,1318,1306,-1,1319,1320,1318,-1,1318,1320,1321,-1,1318,1321,1306,-1,954,965,1307,-1,1307,965,1322,-1,1307,1322,1308,-1,1308,1322,1323,-1,1308,1323,1309,-1,1309,1323,1324,-1,1309,1324,1310,-1,1310,1324,1325,-1,1310,1325,1311,-1,1311,1325,1326,-1,1311,1326,1312,-1,1312,1326,1327,-1,1312,1327,1313,-1,1313,1327,1328,-1,1313,1328,1314,-1,1314,1328,1329,-1,1314,1329,1315,-1,1315,1329,1330,-1,1315,1330,1316,-1,1316,1330,1331,-1,1316,1331,1317,-1,1317,1331,1332,-1,1317,1332,1318,-1,1318,1332,1333,-1,1318,1333,1319,-1,1319,1333,1334,-1,965,992,1322,-1,1322,992,1335,-1,1322,1335,1323,-1,1323,1335,1336,-1,1323,1336,1324,-1,1324,1336,1337,-1,1324,1337,1325,-1,1325,1337,1338,-1,1325,1338,1326,-1,1326,1338,1339,-1,1326,1339,1327,-1,1327,1339,1340,-1,1327,1340,1328,-1,1328,1340,1341,-1,1328,1341,1329,-1,1329,1341,1342,-1,1329,1342,1330,-1,1330,1342,1343,-1,1330,1343,1331,-1,1331,1343,1344,-1,1331,1344,1332,-1,1332,1344,1345,-1,1332,1345,1333,-1,1333,1345,1346,-1,1333,1346,1334,-1,1334,1346,1347,-1,992,1017,1335,-1,1335,1017,1348,-1,1335,1348,1336,-1,1336,1348,1349,-1,1336,1349,1337,-1,1337,1349,1350,-1,1337,1350,1338,-1,1338,1350,1351,-1,1338,1351,1339,-1,1339,1351,1352,-1,1339,1352,1340,-1,1340,1352,1353,-1,1340,1353,1341,-1,1341,1353,1354,-1,1341,1354,1342,-1,1342,1354,1355,-1,1342,1355,1343,-1,1343,1355,1356,-1,1343,1356,1344,-1,1344,1356,1357,-1,1344,1357,1345,-1,1345,1357,1358,-1,1345,1358,1346,-1,1346,1358,1359,-1,1346,1359,1347,-1,1347,1359,1360,-1,1361,1362,1363,-1,1363,1362,1364,-1,1363,1364,1365,-1,1364,1366,1365,-1,1365,1366,1367,-1,1365,1367,1368,-1,1368,1367,1369,-1,1368,1369,1370,-1,1369,1371,1370,-1,1370,1371,1372,-1,1370,1372,1373,-1,1372,1374,1373,-1,1373,1374,1375,-1,1373,1375,1376,-1,1375,1377,1376,-1,1376,1377,1378,-1,1376,1378,1379,-1,1378,1380,1379,-1,1379,1380,1381,-1,1379,1381,1382,-1,1382,1381,1383,-1,1382,1383,1384,-1,1383,1385,1384,-1,1384,1385,1386,-1,1384,1386,1387,-1,1386,1388,1387,-1,1387,1388,1389,-1,1387,1389,1390,-1,1391,1392,1393,-1,1393,1392,1394,-1,1393,1394,1395,-1,1395,1394,1390,-1,1395,1390,1396,-1,1396,1390,1389,-1,1142,1361,1143,-1,1143,1361,1363,-1,1143,1363,1144,-1,1144,1363,1145,-1,1392,1397,1394,-1,1394,1397,1398,-1,1394,1398,1390,-1,1390,1398,1399,-1,1390,1399,1387,-1,1387,1399,1400,-1,1387,1400,1384,-1,1384,1400,1401,-1,1384,1401,1382,-1,1382,1401,1402,-1,1382,1402,1379,-1,1379,1402,1403,-1,1379,1403,1376,-1,1376,1403,1404,-1,1376,1404,1373,-1,1373,1404,1405,-1,1373,1405,1370,-1,1370,1405,1406,-1,1370,1406,1368,-1,1368,1406,1407,-1,1368,1407,1365,-1,1365,1407,1408,-1,1365,1408,1363,-1,1363,1408,1409,-1,1363,1409,1145,-1,1145,1409,1149,-1,1397,1410,1398,-1,1398,1410,1411,-1,1398,1411,1399,-1,1399,1411,1412,-1,1399,1412,1400,-1,1400,1412,1413,-1,1400,1413,1401,-1,1401,1413,1414,-1,1401,1414,1402,-1,1402,1414,1415,-1,1402,1415,1403,-1,1403,1415,1416,-1,1403,1416,1404,-1,1404,1416,1417,-1,1404,1417,1405,-1,1405,1417,1418,-1,1405,1418,1406,-1,1406,1418,1419,-1,1406,1419,1407,-1,1407,1419,1420,-1,1407,1420,1408,-1,1408,1420,1421,-1,1408,1421,1409,-1,1409,1421,1422,-1,1409,1422,1149,-1,1149,1422,1150,-1,1410,1423,1411,-1,1411,1423,1424,-1,1411,1424,1412,-1,1412,1424,1425,-1,1412,1425,1413,-1,1413,1425,1426,-1,1413,1426,1414,-1,1414,1426,1427,-1,1414,1427,1415,-1,1415,1427,1428,-1,1415,1428,1416,-1,1416,1428,1429,-1,1416,1429,1417,-1,1417,1429,1430,-1,1417,1430,1418,-1,1418,1430,1431,-1,1418,1431,1419,-1,1419,1431,1432,-1,1419,1432,1420,-1,1420,1432,1433,-1,1420,1433,1421,-1,1421,1433,1434,-1,1421,1434,1422,-1,1422,1434,1435,-1,1422,1435,1150,-1,1162,1156,1435,-1,1435,1156,1151,-1,1435,1151,1150,-1,1423,1436,1424,-1,1424,1436,1437,-1,1424,1437,1425,-1,1425,1437,1438,-1,1425,1438,1426,-1,1426,1438,1439,-1,1426,1439,1427,-1,1427,1439,1440,-1,1427,1440,1428,-1,1428,1440,1441,-1,1428,1441,1429,-1,1429,1441,1442,-1,1429,1442,1430,-1,1430,1442,1443,-1,1430,1443,1431,-1,1431,1443,1444,-1,1431,1444,1432,-1,1432,1444,1445,-1,1432,1445,1433,-1,1433,1445,1446,-1,1433,1446,1434,-1,1434,1446,1447,-1,1434,1447,1435,-1,1435,1447,1448,-1,1435,1448,1162,-1,1162,1448,1163,-1,1436,1449,1437,-1,1437,1449,1450,-1,1437,1450,1438,-1,1438,1450,1451,-1,1438,1451,1439,-1,1439,1451,1452,-1,1439,1452,1440,-1,1440,1452,1453,-1,1440,1453,1441,-1,1441,1453,1454,-1,1441,1454,1442,-1,1442,1454,1455,-1,1442,1455,1443,-1,1443,1455,1456,-1,1443,1456,1444,-1,1444,1456,1457,-1,1444,1457,1445,-1,1445,1457,1458,-1,1445,1458,1446,-1,1446,1458,1459,-1,1446,1459,1447,-1,1447,1459,1460,-1,1447,1460,1448,-1,1448,1460,1461,-1,1448,1461,1163,-1,1163,1461,1164,-1,1449,1462,1450,-1,1450,1462,1463,-1,1450,1463,1451,-1,1451,1463,1464,-1,1451,1464,1452,-1,1452,1464,1465,-1,1452,1465,1453,-1,1453,1465,1466,-1,1453,1466,1454,-1,1454,1466,1467,-1,1454,1467,1455,-1,1455,1467,1468,-1,1455,1468,1456,-1,1456,1468,1469,-1,1456,1469,1457,-1,1457,1469,1470,-1,1457,1470,1458,-1,1458,1470,1471,-1,1458,1471,1459,-1,1459,1471,1472,-1,1459,1472,1460,-1,1460,1472,1473,-1,1460,1473,1461,-1,1461,1473,1474,-1,1461,1474,1164,-1,1021,1025,1474,-1,1474,1025,1024,-1,1474,1024,1164,-1,1462,1475,1463,-1,1463,1475,1476,-1,1463,1476,1464,-1,1464,1476,1477,-1,1464,1477,1465,-1,1465,1477,1478,-1,1465,1478,1466,-1,1466,1478,1479,-1,1466,1479,1467,-1,1467,1479,1480,-1,1467,1480,1468,-1,1468,1480,1481,-1,1468,1481,1469,-1,1469,1481,1482,-1,1469,1482,1470,-1,1470,1482,1483,-1,1470,1483,1471,-1,1471,1483,1484,-1,1471,1484,1472,-1,1472,1484,1485,-1,1472,1485,1473,-1,1473,1485,1486,-1,1473,1486,1474,-1,1474,1486,1487,-1,1474,1487,1021,-1,1021,1487,1022,-1,1475,1488,1476,-1,1476,1488,1489,-1,1476,1489,1477,-1,1477,1489,1490,-1,1477,1490,1478,-1,1478,1490,1491,-1,1478,1491,1479,-1,1479,1491,1492,-1,1479,1492,1480,-1,1480,1492,1493,-1,1480,1493,1481,-1,1481,1493,1494,-1,1481,1494,1482,-1,1482,1494,1495,-1,1482,1495,1483,-1,1483,1495,1496,-1,1483,1496,1484,-1,1484,1496,1497,-1,1484,1497,1485,-1,1485,1497,1498,-1,1485,1498,1486,-1,1486,1498,1499,-1,1486,1499,1487,-1,1487,1499,1500,-1,1487,1500,1022,-1,1022,1500,1018,-1,1488,1501,1489,-1,1489,1501,1502,-1,1489,1502,1490,-1,1490,1502,1503,-1,1490,1503,1491,-1,1491,1503,1504,-1,1491,1504,1492,-1,1492,1504,1505,-1,1492,1505,1493,-1,1493,1505,1506,-1,1493,1506,1494,-1,1494,1506,1507,-1,1494,1507,1495,-1,1495,1507,1508,-1,1495,1508,1496,-1,1496,1508,1509,-1,1496,1509,1497,-1,1497,1509,1510,-1,1497,1510,1498,-1,1498,1510,1511,-1,1498,1511,1499,-1,1499,1511,1512,-1,1499,1512,1500,-1,1500,1512,1513,-1,1500,1513,1018,-1,1018,1513,1019,-1,1514,1515,1516,-1,1517,1518,1519,-1,1237,1238,1520,-1,1239,1252,1521,-1,1280,1279,1522,-1,1278,1293,1523,-1,1347,1360,1524,-1,1320,1319,1525,-1,1525,1319,1334,-1,1525,1334,1347,-1,1306,1321,1526,-1,1280,1522,1265,-1,1237,1520,1236,-1,1236,1520,1527,-1,1527,1520,1528,-1,1527,1528,1529,-1,1529,1528,1530,-1,1530,1528,1531,-1,1530,1531,1532,-1,1532,1531,1533,-1,1532,1533,1534,-1,1534,1533,1535,-1,1535,1533,1536,-1,1535,1536,1537,-1,1537,1536,1538,-1,1537,1538,1539,-1,1539,1538,1540,-1,1539,1540,1541,-1,1541,1540,1542,-1,1542,1540,1543,-1,1542,1543,1544,-1,1544,1543,1545,-1,1544,1545,1546,-1,1546,1545,1547,-1,1547,1545,1548,-1,1547,1548,1549,-1,1549,1548,1550,-1,1549,1550,1551,-1,1551,1550,1552,-1,1551,1552,1553,-1,1553,1552,1554,-1,1554,1552,1555,-1,1554,1555,1556,-1,1556,1555,1557,-1,1556,1557,1558,-1,1347,1524,1525,-1,1525,1524,1559,-1,1525,1559,1560,-1,1560,1559,1561,-1,1560,1561,1562,-1,1562,1561,1563,-1,1562,1563,1564,-1,1564,1563,1565,-1,1564,1565,1566,-1,1566,1565,1567,-1,1566,1567,1568,-1,1568,1567,1569,-1,1568,1569,1570,-1,1570,1569,1571,-1,1570,1571,1572,-1,1572,1571,1573,-1,1572,1573,1574,-1,1574,1573,1575,-1,1574,1575,1576,-1,1576,1575,1577,-1,1576,1577,1578,-1,1578,1577,1579,-1,1578,1579,1580,-1,1580,1579,1581,-1,1580,1581,1582,-1,1582,1581,1583,-1,1582,1583,1584,-1,1584,1583,1585,-1,1584,1585,1586,-1,1586,1585,1587,-1,1586,1587,1588,-1,1588,1587,1589,-1,1588,1589,1590,-1,1590,1589,1591,-1,1590,1591,1592,-1,1321,1320,1526,-1,1526,1320,1525,-1,1526,1525,1593,-1,1593,1525,1560,-1,1593,1560,1594,-1,1594,1560,1562,-1,1594,1562,1595,-1,1595,1562,1564,-1,1595,1564,1596,-1,1596,1564,1566,-1,1596,1566,1597,-1,1597,1566,1568,-1,1597,1568,1598,-1,1598,1568,1570,-1,1598,1570,1599,-1,1599,1570,1572,-1,1599,1572,1600,-1,1600,1572,1574,-1,1600,1574,1601,-1,1601,1574,1576,-1,1601,1576,1602,-1,1602,1576,1578,-1,1602,1578,1603,-1,1603,1578,1580,-1,1603,1580,1604,-1,1604,1580,1582,-1,1604,1582,1605,-1,1605,1582,1584,-1,1605,1584,1606,-1,1606,1584,1586,-1,1606,1586,1607,-1,1607,1586,1588,-1,1607,1588,1608,-1,1608,1588,1590,-1,1608,1590,1609,-1,1609,1590,1592,-1,1609,1592,1610,-1,1558,1557,1611,-1,1611,1557,1612,-1,1611,1612,1613,-1,1613,1612,1614,-1,1613,1614,1615,-1,1615,1614,1616,-1,1615,1616,1617,-1,1617,1616,1618,-1,1617,1618,1619,-1,1619,1618,1620,-1,1619,1620,1621,-1,1622,1623,1624,-1,1293,1306,1523,-1,1523,1306,1526,-1,1523,1526,1625,-1,1625,1526,1593,-1,1625,1593,1626,-1,1626,1593,1594,-1,1626,1594,1627,-1,1627,1594,1595,-1,1627,1595,1628,-1,1628,1595,1596,-1,1628,1596,1629,-1,1629,1596,1597,-1,1629,1597,1630,-1,1630,1597,1598,-1,1630,1598,1631,-1,1631,1598,1599,-1,1631,1599,1632,-1,1632,1599,1600,-1,1632,1600,1633,-1,1633,1600,1601,-1,1633,1601,1634,-1,1634,1601,1602,-1,1634,1602,1635,-1,1635,1602,1603,-1,1635,1603,1636,-1,1636,1603,1604,-1,1636,1604,1637,-1,1637,1604,1605,-1,1637,1605,1638,-1,1638,1605,1606,-1,1638,1606,1639,-1,1639,1606,1607,-1,1639,1607,1640,-1,1640,1607,1608,-1,1640,1608,1641,-1,1641,1608,1609,-1,1641,1609,1642,-1,1642,1609,1610,-1,1642,1610,1519,-1,1643,1644,1624,-1,1624,1644,1645,-1,1624,1645,1622,-1,1622,1645,1646,-1,1644,1647,1645,-1,1645,1647,1648,-1,1645,1648,1646,-1,1646,1648,1649,-1,1646,1649,1650,-1,1591,1623,1592,-1,1592,1623,1622,-1,1592,1622,1610,-1,1610,1622,1646,-1,1610,1646,1519,-1,1519,1646,1650,-1,1519,1650,1517,-1,1518,1514,1519,-1,1519,1514,1516,-1,1519,1516,1642,-1,1642,1516,1651,-1,1642,1651,1641,-1,1641,1651,1652,-1,1641,1652,1640,-1,1640,1652,1653,-1,1640,1653,1639,-1,1639,1653,1654,-1,1639,1654,1638,-1,1638,1654,1655,-1,1638,1655,1637,-1,1637,1655,1656,-1,1637,1656,1636,-1,1636,1656,1657,-1,1636,1657,1635,-1,1635,1657,1658,-1,1635,1658,1634,-1,1634,1658,1659,-1,1634,1659,1633,-1,1633,1659,1660,-1,1633,1660,1632,-1,1632,1660,1661,-1,1632,1661,1631,-1,1631,1661,1662,-1,1631,1662,1630,-1,1630,1662,1663,-1,1630,1663,1629,-1,1629,1663,1664,-1,1629,1664,1628,-1,1628,1664,1665,-1,1628,1665,1627,-1,1627,1665,1666,-1,1627,1666,1626,-1,1626,1666,1667,-1,1626,1667,1625,-1,1625,1667,1668,-1,1625,1668,1523,-1,1523,1668,1522,-1,1523,1522,1278,-1,1278,1522,1279,-1,1669,1670,1671,-1,1515,1669,1516,-1,1516,1669,1671,-1,1516,1671,1651,-1,1651,1671,1672,-1,1651,1672,1652,-1,1652,1672,1673,-1,1652,1673,1653,-1,1653,1673,1674,-1,1653,1674,1654,-1,1654,1674,1675,-1,1654,1675,1655,-1,1655,1675,1676,-1,1655,1676,1656,-1,1656,1676,1677,-1,1656,1677,1657,-1,1657,1677,1678,-1,1657,1678,1658,-1,1658,1678,1679,-1,1658,1679,1659,-1,1659,1679,1680,-1,1659,1680,1660,-1,1660,1680,1681,-1,1660,1681,1661,-1,1661,1681,1682,-1,1661,1682,1662,-1,1662,1682,1683,-1,1662,1683,1663,-1,1663,1683,1684,-1,1663,1684,1664,-1,1664,1684,1685,-1,1664,1685,1665,-1,1665,1685,1686,-1,1665,1686,1666,-1,1666,1686,1687,-1,1666,1687,1667,-1,1667,1687,1688,-1,1667,1688,1668,-1,1668,1688,1689,-1,1668,1689,1522,-1,1522,1689,1521,-1,1522,1521,1265,-1,1265,1521,1252,-1,1670,1690,1671,-1,1671,1690,1691,-1,1671,1691,1672,-1,1672,1691,1620,-1,1672,1620,1673,-1,1673,1620,1618,-1,1673,1618,1674,-1,1674,1618,1616,-1,1674,1616,1675,-1,1675,1616,1614,-1,1675,1614,1676,-1,1676,1614,1612,-1,1676,1612,1677,-1,1677,1612,1557,-1,1677,1557,1678,-1,1678,1557,1555,-1,1678,1555,1679,-1,1679,1555,1552,-1,1679,1552,1680,-1,1680,1552,1550,-1,1680,1550,1681,-1,1681,1550,1548,-1,1681,1548,1682,-1,1682,1548,1545,-1,1682,1545,1683,-1,1683,1545,1543,-1,1683,1543,1684,-1,1684,1543,1540,-1,1684,1540,1685,-1,1685,1540,1538,-1,1685,1538,1686,-1,1686,1538,1536,-1,1686,1536,1687,-1,1687,1536,1533,-1,1687,1533,1688,-1,1688,1533,1531,-1,1688,1531,1689,-1,1689,1531,1528,-1,1689,1528,1521,-1,1521,1528,1520,-1,1521,1520,1239,-1,1239,1520,1238,-1,1690,1692,1691,-1,1691,1692,1693,-1,1691,1693,1694,-1,1621,1620,1695,-1,1695,1620,1691,-1,1695,1691,1696,-1,1696,1691,1694,-1,1696,1694,1697,-1,1647,1644,1698,-1,1699,1517,1650,-1,1517,1699,1518,-1,1700,1670,1669,-1,1701,1702,1703,-1,1704,1697,1694,-1,1705,1706,1707,-1,1708,1709,1710,-1,1711,1712,1713,-1,1714,1715,1716,-1,1717,1392,1391,-1,1391,1718,1717,-1,1717,1718,1719,-1,1717,1719,1720,-1,1719,1721,1720,-1,1720,1721,1722,-1,1720,1722,1723,-1,1722,1724,1723,-1,1723,1724,1725,-1,1723,1725,1726,-1,1727,1728,1701,-1,1701,1728,1729,-1,1701,1729,1702,-1,1702,1729,1730,-1,1702,1730,1731,-1,1732,1733,1704,-1,1397,1392,1734,-1,1734,1392,1717,-1,1734,1717,1735,-1,1735,1717,1720,-1,1735,1720,1736,-1,1736,1720,1723,-1,1736,1723,1737,-1,1737,1723,1726,-1,1737,1726,1738,-1,1700,1703,1739,-1,1739,1703,1702,-1,1739,1702,1732,-1,1732,1702,1731,-1,1732,1731,1733,-1,1410,1397,1740,-1,1740,1397,1734,-1,1740,1734,1741,-1,1741,1734,1735,-1,1741,1735,1742,-1,1742,1735,1736,-1,1742,1736,1743,-1,1743,1736,1737,-1,1743,1737,1744,-1,1744,1737,1738,-1,1744,1738,1745,-1,1704,1694,1732,-1,1732,1694,1693,-1,1732,1693,1739,-1,1739,1693,1692,-1,1739,1692,1700,-1,1700,1692,1690,-1,1700,1690,1670,-1,1423,1410,1746,-1,1746,1410,1740,-1,1746,1740,1747,-1,1747,1740,1741,-1,1747,1741,1748,-1,1748,1741,1742,-1,1748,1742,1749,-1,1749,1742,1743,-1,1749,1743,1750,-1,1750,1743,1744,-1,1750,1744,1751,-1,1751,1744,1745,-1,1751,1745,1752,-1,1436,1423,1753,-1,1753,1423,1746,-1,1753,1746,1754,-1,1754,1746,1747,-1,1754,1747,1755,-1,1755,1747,1748,-1,1755,1748,1756,-1,1756,1748,1749,-1,1756,1749,1757,-1,1757,1749,1750,-1,1757,1750,1758,-1,1758,1750,1751,-1,1758,1751,1759,-1,1759,1751,1752,-1,1759,1752,1760,-1,1761,1727,1762,-1,1762,1727,1701,-1,1762,1701,1763,-1,1763,1701,1703,-1,1763,1703,1764,-1,1764,1703,1700,-1,1764,1700,1765,-1,1765,1700,1669,-1,1765,1669,1515,-1,1706,1761,1707,-1,1707,1761,1762,-1,1707,1762,1766,-1,1766,1762,1763,-1,1766,1763,1767,-1,1767,1763,1764,-1,1767,1764,1768,-1,1768,1764,1765,-1,1768,1765,1769,-1,1769,1765,1515,-1,1769,1515,1514,-1,1449,1436,1770,-1,1770,1436,1753,-1,1770,1753,1771,-1,1771,1753,1754,-1,1771,1754,1772,-1,1772,1754,1755,-1,1772,1755,1773,-1,1773,1755,1756,-1,1773,1756,1774,-1,1774,1756,1757,-1,1774,1757,1775,-1,1775,1757,1758,-1,1775,1758,1776,-1,1776,1758,1759,-1,1776,1759,1777,-1,1777,1759,1760,-1,1777,1760,1778,-1,1709,1705,1710,-1,1710,1705,1707,-1,1710,1707,1779,-1,1779,1707,1766,-1,1779,1766,1780,-1,1780,1766,1767,-1,1780,1767,1781,-1,1781,1767,1768,-1,1781,1768,1782,-1,1782,1768,1769,-1,1782,1769,1699,-1,1699,1769,1514,-1,1699,1514,1518,-1,1462,1449,1783,-1,1783,1449,1770,-1,1783,1770,1784,-1,1784,1770,1771,-1,1784,1771,1785,-1,1785,1771,1772,-1,1785,1772,1786,-1,1786,1772,1773,-1,1786,1773,1787,-1,1787,1773,1774,-1,1787,1774,1788,-1,1788,1774,1775,-1,1788,1775,1789,-1,1789,1775,1776,-1,1789,1776,1790,-1,1790,1776,1777,-1,1790,1777,1791,-1,1791,1777,1778,-1,1791,1778,1792,-1,1475,1462,1793,-1,1793,1462,1783,-1,1793,1783,1794,-1,1794,1783,1784,-1,1794,1784,1795,-1,1795,1784,1785,-1,1795,1785,1796,-1,1796,1785,1786,-1,1796,1786,1797,-1,1797,1786,1787,-1,1797,1787,1798,-1,1798,1787,1788,-1,1798,1788,1799,-1,1799,1788,1789,-1,1799,1789,1800,-1,1800,1789,1790,-1,1800,1790,1801,-1,1801,1790,1791,-1,1801,1791,1802,-1,1802,1791,1792,-1,1802,1792,1803,-1,1712,1708,1713,-1,1713,1708,1710,-1,1713,1710,1804,-1,1804,1710,1779,-1,1804,1779,1805,-1,1805,1779,1780,-1,1805,1780,1806,-1,1806,1780,1781,-1,1806,1781,1807,-1,1807,1781,1782,-1,1807,1782,1808,-1,1808,1782,1699,-1,1808,1699,1809,-1,1809,1699,1650,-1,1809,1650,1649,-1,1715,1711,1716,-1,1716,1711,1713,-1,1716,1713,1810,-1,1810,1713,1804,-1,1810,1804,1811,-1,1811,1804,1805,-1,1811,1805,1812,-1,1812,1805,1806,-1,1812,1806,1813,-1,1813,1806,1807,-1,1813,1807,1814,-1,1814,1807,1808,-1,1814,1808,1815,-1,1815,1808,1809,-1,1815,1809,1816,-1,1816,1809,1649,-1,1816,1649,1648,-1,1488,1475,1817,-1,1817,1475,1793,-1,1817,1793,1818,-1,1818,1793,1794,-1,1818,1794,1819,-1,1819,1794,1795,-1,1819,1795,1820,-1,1820,1795,1796,-1,1820,1796,1821,-1,1821,1796,1797,-1,1821,1797,1822,-1,1822,1797,1798,-1,1822,1798,1823,-1,1823,1798,1799,-1,1823,1799,1824,-1,1824,1799,1800,-1,1824,1800,1825,-1,1825,1800,1801,-1,1825,1801,1826,-1,1826,1801,1802,-1,1826,1802,1827,-1,1827,1802,1803,-1,1827,1803,1698,-1,1725,1714,1726,-1,1726,1714,1716,-1,1726,1716,1738,-1,1738,1716,1810,-1,1738,1810,1745,-1,1745,1810,1811,-1,1745,1811,1752,-1,1752,1811,1812,-1,1752,1812,1760,-1,1760,1812,1813,-1,1760,1813,1778,-1,1778,1813,1814,-1,1778,1814,1792,-1,1792,1814,1815,-1,1792,1815,1803,-1,1803,1815,1816,-1,1803,1816,1698,-1,1698,1816,1648,-1,1698,1648,1647,-1,1644,1643,1698,-1,1698,1643,1828,-1,1698,1828,1827,-1,1827,1828,1829,-1,1827,1829,1826,-1,1826,1829,1830,-1,1826,1830,1825,-1,1825,1830,1831,-1,1825,1831,1824,-1,1824,1831,1832,-1,1824,1832,1823,-1,1823,1832,1833,-1,1823,1833,1822,-1,1822,1833,1834,-1,1822,1834,1821,-1,1821,1834,1835,-1,1821,1835,1820,-1,1820,1835,1836,-1,1820,1836,1819,-1,1819,1836,1837,-1,1819,1837,1818,-1,1818,1837,1838,-1,1818,1838,1817,-1,1817,1838,1839,-1,1817,1839,1488,-1,1488,1839,1501,-1,
        ]
    }
}
Shape{
    appearance Appearance {
        material  Material 	{
            diffuseColor 0.0 0.0 0.0
            specularColor 0.0 0.0 0.0
            ambientIntensity 0.0
            transparency 0.0
            shininess 0.5
        }
    }
    geometry IndexedFaceSet {
        ccw TRUE
        solid FALSE
        coord DEF co Coordinate {
            point [
                0.4583 0.0295 0.5984, 0.4614 0.0295 0.5984, 0.4583 0.0295 0.5945, 0.4614 0.0295 0.5945, 0.4583 0.0183 0.5984, 0.4583 0.0183 0.5945, 0.4334 0.0183 0.5984, 0.4334 0.0183 0.5945, 0.4334 0.0147 0.5984, 0.4334 0.0147 0.5945, 0.4614 0.0147 0.5984, 0.4614 0.0147 0.5945, 0.4619 0.0438 0.5945, 0.4617 0.0463 0.5945, 0.4619 0.0438 0.5984, 0.4615 0.0481 0.5984, 0.4615 0.0481 0.5945, 0.4605 0.0511 0.5945, 0.4605 0.0511 0.5984, 0.4603 0.0516 0.5945, 0.4603 0.0516 0.5984, 0.4568 0.0516 0.5984, 0.4568 0.0516 0.5945, 0.4579 0.0493 0.5945, 0.4579 0.0493 0.5984, 0.4586 0.0462 0.5945, 0.4586 0.0462 0.5984, 0.4587 0.0444 0.5945, 0.4587 0.0444 0.5984, 0.4584 0.0418 0.5945, 0.4584 0.0418 0.5984, 0.4577 0.0398 0.5945, 0.4577 0.0398 0.5984, 0.4565 0.0379 0.5945, 0.4565 0.0379 0.5984, 0.4557 0.0372 0.5945, 0.4557 0.0372 0.5984, 0.4539 0.0358 0.5945, 0.4539 0.0358 0.5984, 0.4517 0.0349 0.5945, 0.4517 0.0349 0.5984, 0.4489 0.0344 0.5945, 0.4489 0.0344 0.5984, 0.4478 0.0344 0.5945, 0.4478 0.0344 0.5984, 0.4439 0.0349 0.5945, 0.4439 0.0349 0.5984, 0.4415 0.0358 0.5945, 0.4415 0.0358 0.5984, 0.4395 0.0371 0.5945, 0.4395 0.0371 0.5984, 0.4393 0.0373 0.5945, 0.4393 0.0373 0.5984, 0.4378 0.0391 0.5945, 0.4378 0.0391 0.5984, 0.4368 0.0413 0.5945, 0.4368 0.0413 0.5984, 0.4363 0.0437 0.5945, 0.4363 0.0437 0.5984, 0.4362 0.045 0.5945, 0.4362 0.045 0.5984, 0.4366 0.0484 0.5945, 0.4366 0.0484 0.5984, 0.4377 0.0513 0.5945, 0.4377 0.0513 0.5984, 0.4379 0.0516 0.5945, 0.4379 0.0516 0.5984, 0.4341 0.0516 0.5984, 0.4341 0.0516 0.5945, 0.433 0.0449 0.5945, 0.433 0.0449 0.5984, 0.4332 0.048 0.5945, 0.4332 0.0486 0.5984, 0.4332 0.0486 0.5945, 0.4332 0.043 0.5945, 0.4334 0.0409 0.5984, 0.4334 0.0409 0.5945, 0.4346 0.038 0.5945, 0.4346 0.038 0.5984, 0.4364 0.0354 0.5945, 0.4364 0.0354 0.5984, 0.4371 0.0347 0.5945, 0.4371 0.0347 0.5984, 0.4397 0.0326 0.5945, 0.4397 0.0326 0.5984, 0.4415 0.0319 0.5945, 0.4428 0.0313 0.5984, 0.4428 0.0313 0.5945, 0.4465 0.0307 0.5945, 0.4465 0.0307 0.5984, 0.448 0.0306 0.5945, 0.448 0.0306 0.5984, 0.4525 0.0312 0.5945, 0.4525 0.0312 0.5984, 0.4543 0.0319 0.5945, 0.4554 0.0323 0.5984, 0.4554 0.0323 0.5945, 0.4578 0.034 0.5945, 0.4578 0.034 0.5984, 0.4581 0.0342 0.5945, 0.4581 0.0342 0.5984, 0.4618 0.0417 0.5984, 0.4598 0.0361 0.5945, 0.4598 0.0361 0.5984, 0.4611 0.0387 0.5945, 0.4611 0.0387 0.5984, 0.4617 0.0412 0.5945, 0.4618 0.0417 0.5945, 0.4583 0.0723 0.5984, 0.4614 0.0723 0.5984, 0.4583 0.0723 0.5945, 0.4614 0.0723 0.5945, 0.4583 0.0608 0.5945, 0.4583 0.0608 0.5984, 0.4583 0.0684 0.5945, 0.4488 0.0608 0.5984, 0.4488 0.0608 0.5945, 0.4488 0.0708 0.5984, 0.4488 0.0684 0.5945, 0.4488 0.0708 0.5945, 0.4456 0.0708 0.5984, 0.4456 0.0708 0.5945, 0.4456 0.0608 0.5945, 0.4456 0.0608 0.5984, 0.4456 0.0684 0.5945, 0.4366 0.0608 0.5984, 0.4366 0.0608 0.5945, 0.4366 0.0716 0.5984, 0.4366 0.0684 0.5945, 0.4366 0.0716 0.5945, 0.4334 0.0716 0.5984, 0.4334 0.0716 0.5945, 0.4334 0.0572 0.5945, 0.4334 0.0572 0.5984, 0.4334 0.0684 0.5945, 0.4614 0.0572 0.5984, 0.4614 0.0572 0.5945, 0.4614 0.0684 0.5945, 0.4536 0.095 0.5984, 0.4553 0.0936 0.5984, 0.4575 0.0962 0.5984, 0.4556 0.0932 0.5984, 0.4596 0.0932 0.5984, 0.4569 0.0914 0.5984, 0.4609 0.09 0.5984, 0.4578 0.0891 0.5984, 0.4614 0.0853 0.5984, 0.4583 0.0852 0.5984, 0.4614 0.0776 0.5984, 0.4583 0.0812 0.5984, 0.4334 0.0776 0.5984, 0.4366 0.0812 0.5984, 0.4334 0.0856 0.5984, 0.4366 0.0854 0.5984, 0.4339 0.0898 0.5984, 0.4371 0.0892 0.5984, 0.4351 0.0932 0.5984, 0.438 0.0916 0.5984, 0.4371 0.0962 0.5984, 0.4393 0.0935 0.5984, 0.4381 0.0971 0.5984, 0.4401 0.0943 0.5984, 0.4406 0.0989 0.5984, 0.4416 0.0954 0.5984, 0.4432 0.0999 0.5984, 0.4437 0.0962 0.5984, 0.4471 0.1004 0.5984, 0.4472 0.0966 0.5984, 0.4489 0.1003 0.5984, 0.449 0.0965 0.5984, 0.4521 0.0996 0.5984, 0.4516 0.0959 0.5984, 0.455 0.0982 0.5984, 0.4614 0.0853 0.5945, 0.4614 0.0776 0.5945, 0.4575 0.0962 0.5945, 0.4609 0.09 0.5945, 0.4607 0.0904 0.5945, 0.4596 0.0932 0.5945, 0.455 0.0982 0.5945, 0.4521 0.0996 0.5945, 0.4489 0.1003 0.5945, 0.4471 0.1004 0.5945, 0.4432 0.0999 0.5945, 0.4406 0.0989 0.5945, 0.4381 0.0971 0.5945, 0.4371 0.0962 0.5945, 0.4334 0.0856 0.5945, 0.4351 0.0932 0.5945, 0.4341 0.0904 0.5945, 0.4339 0.0898 0.5945, 0.4334 0.0776 0.5945, 0.4366 0.0854 0.5945, 0.4366 0.0812 0.5945, 0.4583 0.0812 0.5945, 0.4583 0.0852 0.5945, 0.4553 0.0936 0.5945, 0.4556 0.0932 0.5945, 0.4569 0.0914 0.5945, 0.4578 0.0891 0.5945, 0.4472 0.0966 0.5945, 0.449 0.0965 0.5945, 0.4516 0.0959 0.5945, 0.4536 0.095 0.5945, 0.4393 0.0935 0.5945, 0.4401 0.0943 0.5945, 0.4416 0.0954 0.5945, 0.4437 0.0962 0.5945, 0.4371 0.0892 0.5945, 0.438 0.0916 0.5945
            ]
        }
        coordIndex [
            0,1,2,-1,2,1,3,-1,4,0,5,-1,5,0,2,-1,6,4,7,-1,7,4,5,-1,8,6,9,-1,9,6,7,-1,10,8,11,-1,11,8,9,-1,1,10,3,-1,3,10,11,-1,6,8,4,-1,4,8,10,-1,4,10,0,-1,0,10,1,-1,12,13,14,-1,14,13,15,-1,13,16,15,-1,15,16,17,-1,15,17,18,-1,18,17,19,-1,18,19,20,-1,21,20,22,-1,22,20,19,-1,21,22,23,-1,21,23,24,-1,24,23,25,-1,24,25,26,-1,26,25,27,-1,26,27,28,-1,28,27,29,-1,28,29,30,-1,30,29,31,-1,30,31,32,-1,32,31,33,-1,32,33,34,-1,34,33,35,-1,34,35,36,-1,36,35,37,-1,36,37,38,-1,38,37,39,-1,38,39,40,-1,40,39,41,-1,40,41,42,-1,42,41,43,-1,42,43,44,-1,44,43,45,-1,44,45,46,-1,46,45,47,-1,46,47,48,-1,48,47,49,-1,48,49,50,-1,50,49,51,-1,50,51,52,-1,52,51,53,-1,52,53,54,-1,54,53,55,-1,54,55,56,-1,56,55,57,-1,56,57,58,-1,58,57,59,-1,58,59,60,-1,60,59,61,-1,60,61,62,-1,62,61,63,-1,62,63,64,-1,64,63,65,-1,64,65,66,-1,67,66,68,-1,68,66,65,-1,69,70,71,-1,71,70,72,-1,71,72,73,-1,73,72,67,-1,73,67,68,-1,70,69,74,-1,70,74,75,-1,74,76,75,-1,75,76,77,-1,75,77,78,-1,78,77,79,-1,78,79,80,-1,80,79,81,-1,80,81,82,-1,82,81,83,-1,82,83,84,-1,84,83,85,-1,84,85,86,-1,85,87,86,-1,86,87,88,-1,86,88,89,-1,89,88,90,-1,89,90,91,-1,91,90,92,-1,91,92,93,-1,93,92,94,-1,93,94,95,-1,94,96,95,-1,95,96,97,-1,95,97,98,-1,98,97,99,-1,98,99,100,-1,12,14,101,-1,100,99,102,-1,100,102,103,-1,103,102,104,-1,103,104,105,-1,105,104,106,-1,105,106,101,-1,101,106,107,-1,101,107,12,-1,82,52,80,-1,80,52,54,-1,80,54,78,-1,91,44,89,-1,89,44,46,-1,89,46,86,-1,86,46,84,-1,84,46,48,-1,84,48,82,-1,82,48,50,-1,82,50,52,-1,78,54,75,-1,75,54,56,-1,75,56,70,-1,20,21,18,-1,18,21,24,-1,18,24,15,-1,15,24,26,-1,15,26,14,-1,14,26,28,-1,14,28,101,-1,101,28,30,-1,101,30,105,-1,105,30,32,-1,105,32,103,-1,103,32,34,-1,103,34,100,-1,100,34,36,-1,100,36,98,-1,98,36,38,-1,98,38,95,-1,95,38,93,-1,93,38,40,-1,93,40,91,-1,91,40,42,-1,91,42,44,-1,56,58,70,-1,70,58,60,-1,70,60,72,-1,72,60,62,-1,72,62,67,-1,67,62,64,-1,67,64,66,-1,108,109,110,-1,110,109,111,-1,112,113,114,-1,114,113,108,-1,114,108,110,-1,115,113,116,-1,116,113,112,-1,115,116,117,-1,117,116,118,-1,117,118,119,-1,120,117,121,-1,121,117,119,-1,122,123,124,-1,124,123,120,-1,124,120,121,-1,125,123,126,-1,126,123,122,-1,125,126,127,-1,127,126,128,-1,127,128,129,-1,130,127,131,-1,131,127,129,-1,132,133,134,-1,134,133,130,-1,134,130,131,-1,135,133,136,-1,136,133,132,-1,135,136,109,-1,109,136,137,-1,109,137,111,-1,135,109,108,-1,108,113,135,-1,135,113,115,-1,135,115,133,-1,127,130,125,-1,125,130,133,-1,125,133,123,-1,123,133,115,-1,123,115,120,-1,120,115,117,-1,138,139,140,-1,140,139,141,-1,140,141,142,-1,142,141,143,-1,142,143,144,-1,144,143,145,-1,144,145,146,-1,146,145,147,-1,146,147,148,-1,148,147,149,-1,148,149,150,-1,150,149,151,-1,150,151,152,-1,152,151,153,-1,152,153,154,-1,154,153,155,-1,154,155,156,-1,156,155,157,-1,156,157,158,-1,158,157,159,-1,158,159,160,-1,160,159,161,-1,160,161,162,-1,162,161,163,-1,162,163,164,-1,164,163,165,-1,164,165,166,-1,166,165,167,-1,166,167,168,-1,168,167,169,-1,168,169,170,-1,170,169,171,-1,170,171,172,-1,172,171,138,-1,172,138,140,-1,146,148,173,-1,173,148,174,-1,175,140,142,-1,146,173,176,-1,146,176,144,-1,144,176,177,-1,144,177,142,-1,142,177,178,-1,142,178,175,-1,140,175,179,-1,140,179,172,-1,172,179,180,-1,172,180,170,-1,170,180,181,-1,170,181,168,-1,168,181,182,-1,168,182,166,-1,166,182,183,-1,166,183,164,-1,164,183,184,-1,164,184,162,-1,162,184,185,-1,162,185,160,-1,160,185,186,-1,160,186,158,-1,187,152,154,-1,158,186,188,-1,158,188,156,-1,156,188,189,-1,156,189,154,-1,154,189,190,-1,154,190,187,-1,150,152,191,-1,191,152,187,-1,148,150,174,-1,174,150,191,-1,153,151,192,-1,192,151,193,-1,151,149,193,-1,193,149,194,-1,149,147,194,-1,194,147,195,-1,139,196,197,-1,139,197,141,-1,141,197,198,-1,141,198,143,-1,143,198,199,-1,143,199,145,-1,145,199,195,-1,145,195,147,-1,167,200,201,-1,167,201,169,-1,169,201,202,-1,169,202,171,-1,171,202,203,-1,171,203,138,-1,138,203,196,-1,138,196,139,-1,159,204,205,-1,159,205,161,-1,161,205,206,-1,161,206,163,-1,163,206,207,-1,163,207,165,-1,165,207,200,-1,165,200,167,-1,153,192,208,-1,153,208,155,-1,155,208,209,-1,155,209,157,-1,157,209,204,-1,157,204,159,-1,
        ]
    }
}
Shape{
    appearance Appearance {
        material  Material 	{
            diffuseColor 0.5019607843137255 0.5019607843137255 0.5019607843137255
            specularColor 0.25098039215686274 0.25098039215686274 0.25098039215686274
            ambientIntensity 0.502
            transparency 0.0
            shininess 0.5
        }
    }
    geometry IndexedFaceSet {
        ccw TRUE
        solid FALSE
        coord DEF co Coordinate {
            point [
                0.4366 0.0812 0.5945, 0.4583 0.0812 0.5945, 0.4366 0.0854 0.5945, 0.4583 0.0852 0.5945, 0.4578 0.0891 0.5945, 0.4569 0.0914 0.5945, 0.4556 0.0932 0.5945, 0.4553 0.0936 0.5945, 0.4536 0.095 0.5945, 0.4516 0.0959 0.5945, 0.4472 0.0966 0.5945, 0.4393 0.0935 0.5945, 0.438 0.0916 0.5945, 0.4437 0.0962 0.5945, 0.4416 0.0954 0.5945, 0.4401 0.0943 0.5945, 0.449 0.0965 0.5945, 0.4371 0.0892 0.5945
            ]
        }
        coordIndex [
            0,1,2,-1,2,1,3,-1,3,4,2,-1,2,4,5,-1,2,5,6,-1,6,7,2,-1,2,7,8,-1,2,8,9,-1,10,11,12,-1,13,14,10,-1,10,14,15,-1,10,15,11,-1,9,16,2,-1,2,16,10,-1,2,10,17,-1,17,10,12,-1,
        ]
    }
}
Shape{
    appearance Appearance {
        material  Material 	{
            diffuseColor 0.0 0.0 0.0
            specularColor 0.0 0.0 0.0
            ambientIntensity 0.0
            transparency 0.0
            shininess 0.5
        }
    }
    geometry IndexedFaceSet {
        ccw TRUE
        solid FALSE
        coord DEF co Coordinate {
            point [
                0.4506 0.1098 0.5984, 0.4538 0.1086 0.5984, 0.4506 0.1192 0.5984, 0.4538 0.1203 0.5984, 0.439 0.114 0.5984, 0.4334 0.1126 0.5984, 0.4614 0.1019 0.5984, 0.4614 0.1059 0.5984, 0.4381 0.1142 0.5984, 0.437 0.1144 0.5984, 0.4334 0.1165 0.5984, 0.437 0.1145 0.5984, 0.4382 0.1147 0.5984, 0.439 0.1149 0.5984, 0.4614 0.1271 0.5984, 0.4614 0.1232 0.5984, 0.4334 0.1165 0.5945, 0.4614 0.1271 0.5945, 0.4334 0.1126 0.5945, 0.4614 0.1019 0.5945, 0.4402 0.11 0.5945, 0.4614 0.1059 0.5945, 0.4538 0.1086 0.5945, 0.4538 0.1203 0.5945, 0.4538 0.11 0.5945, 0.4614 0.1232 0.5945, 0.4506 0.1098 0.5945, 0.4506 0.1192 0.5945, 0.439 0.1149 0.5945, 0.437 0.1145 0.5945, 0.4382 0.1147 0.5945, 0.437 0.1144 0.5945, 0.439 0.114 0.5945, 0.4381 0.1142 0.5945
            ]
        }
        coordIndex [
            0,1,2,-1,2,1,3,-1,4,5,0,-1,0,5,6,-1,0,6,1,-1,1,6,7,-1,4,8,5,-1,5,8,9,-1,5,9,10,-1,10,9,11,-1,10,11,12,-1,12,13,10,-1,10,13,2,-1,10,2,14,-1,14,2,3,-1,14,3,15,-1,10,14,16,-1,16,14,17,-1,5,10,18,-1,18,10,16,-1,19,6,20,-1,20,6,5,-1,20,5,18,-1,7,6,21,-1,21,6,19,-1,1,7,22,-1,22,7,21,-1,23,3,24,-1,24,3,1,-1,24,1,22,-1,15,3,25,-1,25,3,23,-1,14,15,17,-1,17,15,25,-1,0,2,26,-1,26,2,27,-1,2,13,27,-1,27,13,28,-1,11,29,30,-1,11,30,12,-1,12,30,28,-1,12,28,13,-1,11,9,29,-1,29,9,31,-1,4,32,33,-1,4,33,8,-1,8,33,31,-1,8,31,9,-1,4,0,32,-1,32,0,26,-1,
        ]
    }
}
Shape{
    appearance Appearance {
        material  Material 	{
            diffuseColor 0.5019607843137255 0.5019607843137255 0.5019607843137255
            specularColor 0.25098039215686274 0.25098039215686274 0.25098039215686274
            ambientIntensity 0.502
            transparency 0.0
            shininess 0.5
        }
    }
    geometry IndexedFaceSet {
        ccw TRUE
        solid FALSE
        coord DEF co Coordinate {
            point [
                0.437 0.1145 0.5945, 0.437 0.1144 0.5945, 0.4382 0.1147 0.5945, 0.4381 0.1142 0.5945, 0.439 0.1149 0.5945, 0.439 0.114 0.5945, 0.4506 0.1192 0.5945, 0.4506 0.1098 0.5945
            ]
        }
        coordIndex [
            0,1,2,-1,2,1,3,-1,2,3,4,-1,4,3,5,-1,4,5,6,-1,6,5,7,-1,
        ]
    }
}
Shape{
    appearance Appearance {
        material  Material 	{
            diffuseColor 0.0 0.0 0.0
            specularColor 0.0 0.0 0.0
            ambientIntensity 0.0
            transparency 0.0
            shininess 0.5
        }
    }
    geometry IndexedFaceSet {
        ccw TRUE
        solid FALSE
        coord DEF co Coordinate {
            point [
                0.5027 0.0298 0.5984, 0.5059 0.0298 0.5984, 0.5027 0.0298 0.5945, 0.5059 0.0298 0.5945, 0.5027 0.0183 0.5984, 0.5027 0.0183 0.5945, 0.4933 0.0183 0.5984, 0.4933 0.0183 0.5945, 0.4933 0.0283 0.5984, 0.4933 0.0283 0.5945, 0.4901 0.0283 0.5984, 0.4901 0.0283 0.5945, 0.4901 0.0183 0.5984, 0.4901 0.0183 0.5945, 0.4811 0.0183 0.5984, 0.4811 0.0183 0.5945, 0.4811 0.0291 0.5984, 0.4811 0.0291 0.5945, 0.4779 0.0291 0.5984, 0.4779 0.0291 0.5945, 0.4779 0.0147 0.5984, 0.4779 0.0147 0.5945, 0.5059 0.0147 0.5984, 0.5059 0.0147 0.5945, 0.5028 0.0456 0.5984, 0.5028 0.0457 0.5984, 0.4996 0.0455 0.5984, 0.498 0.0457 0.5984, 0.493 0.0492 0.5984, 0.4978 0.0457 0.5984, 0.4959 0.0457 0.5984, 0.5059 0.0457 0.5984, 0.5059 0.0492 0.5984, 0.4997 0.0367 0.5984, 0.4989 0.0369 0.5984, 0.4974 0.0338 0.5984, 0.5008 0.0449 0.5984, 0.5019 0.0442 0.5984, 0.5037 0.045 0.5984, 0.5023 0.0437 0.5984, 0.5049 0.0439 0.5984, 0.503 0.0427 0.5984, 0.5057 0.0427 0.5984, 0.5034 0.0417 0.5984, 0.5062 0.0413 0.5984, 0.5035 0.0404 0.5984, 0.5064 0.0395 0.5984, 0.5034 0.0392 0.5984, 0.5061 0.0374 0.5984, 0.5031 0.0384 0.5984, 0.5056 0.036 0.5984, 0.5026 0.0377 0.5984, 0.5048 0.0348 0.5984, 0.5023 0.0374 0.5984, 0.4964 0.0345 0.5984, 0.4982 0.0372 0.5984, 0.4954 0.0356 0.5984, 0.4977 0.0376 0.5984, 0.4947 0.0371 0.5984, 0.4974 0.038 0.5984, 0.497 0.0389 0.5984, 0.494 0.0398 0.5984, 0.4965 0.041 0.5984, 0.4932 0.0457 0.5984, 0.4986 0.0334 0.5984, 0.5001 0.0331 0.5984, 0.5003 0.0367 0.5984, 0.5005 0.0331 0.5984, 0.5011 0.0368 0.5984, 0.5021 0.0333 0.5984, 0.5017 0.037 0.5984, 0.5033 0.0337 0.5984, 0.5044 0.0344 0.5984, 0.4873 0.0351 0.5984, 0.4907 0.0351 0.5984, 0.4869 0.0358 0.5984, 0.4893 0.0372 0.5984, 0.4859 0.0384 0.5984, 0.4885 0.0394 0.5984, 0.4854 0.042 0.5984, 0.4883 0.0416 0.5984, 0.4856 0.0441 0.5984, 0.4884 0.0428 0.5984, 0.4861 0.0455 0.5984, 0.4887 0.0436 0.5984, 0.4867 0.0467 0.5984, 0.4891 0.0443 0.5984, 0.4876 0.0477 0.5984, 0.4897 0.0448 0.5984, 0.4888 0.0484 0.5984, 0.4904 0.0452 0.5984, 0.4904 0.0489 0.5984, 0.4916 0.0456 0.5984, 0.4854 0.042 0.5945, 0.4859 0.0384 0.5945, 0.4869 0.0358 0.5945, 0.4873 0.0351 0.5945, 0.4907 0.0351 0.5945, 0.4893 0.0372 0.5945, 0.4885 0.0394 0.5945, 0.4883 0.0416 0.5945, 0.4884 0.0428 0.5945, 0.4887 0.0436 0.5945, 0.4891 0.0443 0.5945, 0.4897 0.0448 0.5945, 0.4904 0.0452 0.5945, 0.4916 0.0456 0.5945, 0.4932 0.0457 0.5945, 0.494 0.0398 0.5945, 0.4947 0.0371 0.5945, 0.4954 0.0356 0.5945, 0.4964 0.0345 0.5945, 0.4974 0.0338 0.5945, 0.4986 0.0334 0.5945, 0.5001 0.0331 0.5945, 0.5005 0.0331 0.5945, 0.5021 0.0333 0.5945, 0.5033 0.0337 0.5945, 0.5044 0.0344 0.5945, 0.5048 0.0348 0.5945, 0.5064 0.0395 0.5945, 0.5061 0.0374 0.5945, 0.5061 0.0374 0.5945, 0.5056 0.036 0.5945, 0.5062 0.0413 0.5945, 0.5061 0.0414 0.5945, 0.5057 0.0427 0.5945, 0.5049 0.0439 0.5945, 0.5037 0.045 0.5945, 0.5028 0.0456 0.5945, 0.5028 0.0457 0.5945, 0.5059 0.0457 0.5945, 0.5059 0.0492 0.5945, 0.493 0.0492 0.5945, 0.4904 0.0489 0.5945, 0.4888 0.0484 0.5945, 0.4876 0.0477 0.5945, 0.4867 0.0467 0.5945, 0.4861 0.0455 0.5945, 0.4856 0.0441 0.5945, 0.4977 0.0376 0.5945, 0.4974 0.038 0.5945, 0.497 0.0389 0.5945, 0.4965 0.041 0.5945, 0.5003 0.0367 0.5945, 0.4997 0.0367 0.5945, 0.4989 0.0369 0.5945, 0.4982 0.0372 0.5945, 0.5026 0.0377 0.5945, 0.5023 0.0374 0.5945, 0.5017 0.037 0.5945, 0.5011 0.0368 0.5945, 0.5035 0.0404 0.5945, 0.5034 0.0392 0.5945, 0.5031 0.0384 0.5945, 0.5019 0.0442 0.5945, 0.5023 0.0437 0.5945, 0.503 0.0427 0.5945, 0.5034 0.0417 0.5945, 0.4978 0.0457 0.5945, 0.498 0.0457 0.5945, 0.4996 0.0455 0.5945, 0.5008 0.0449 0.5945, 0.4959 0.0457 0.5945
            ]
        }
        coordIndex [
            0,1,2,-1,2,1,3,-1,4,0,5,-1,5,0,2,-1,6,4,7,-1,7,4,5,-1,8,6,9,-1,9,6,7,-1,10,8,11,-1,11,8,9,-1,12,10,13,-1,13,10,11,-1,14,12,15,-1,15,12,13,-1,16,14,17,-1,17,14,15,-1,18,16,19,-1,19,16,17,-1,20,18,21,-1,21,18,19,-1,22,20,23,-1,23,20,21,-1,1,22,3,-1,3,22,23,-1,22,1,0,-1,0,4,22,-1,22,4,6,-1,22,6,20,-1,16,18,14,-1,14,18,20,-1,14,20,12,-1,12,20,6,-1,12,6,10,-1,10,6,8,-1,24,25,26,-1,27,28,29,-1,29,28,30,-1,31,32,25,-1,25,32,28,-1,25,28,26,-1,26,28,27,-1,33,34,35,-1,26,36,24,-1,24,36,37,-1,24,37,38,-1,38,37,39,-1,38,39,40,-1,40,39,41,-1,40,41,42,-1,42,41,43,-1,42,43,44,-1,44,43,45,-1,44,45,46,-1,46,45,47,-1,46,47,48,-1,48,47,49,-1,48,49,50,-1,50,49,51,-1,50,51,52,-1,52,51,53,-1,35,34,54,-1,54,34,55,-1,54,55,56,-1,56,55,57,-1,56,57,58,-1,57,59,58,-1,58,59,60,-1,58,60,61,-1,61,60,62,-1,61,62,63,-1,35,64,33,-1,33,64,65,-1,33,65,66,-1,66,65,67,-1,66,67,68,-1,68,67,69,-1,68,69,70,-1,70,69,71,-1,70,71,53,-1,53,71,72,-1,53,72,52,-1,73,74,75,-1,75,74,76,-1,75,76,77,-1,77,76,78,-1,77,78,79,-1,79,78,80,-1,79,80,81,-1,81,80,82,-1,81,82,83,-1,83,82,84,-1,83,84,85,-1,85,84,86,-1,85,86,87,-1,87,86,88,-1,87,88,89,-1,89,88,90,-1,89,90,91,-1,91,90,92,-1,91,92,28,-1,28,92,63,-1,28,63,30,-1,30,63,62,-1,79,93,94,-1,79,94,77,-1,77,94,95,-1,77,95,75,-1,75,95,96,-1,75,96,73,-1,74,73,97,-1,97,73,96,-1,74,97,98,-1,74,98,76,-1,76,98,99,-1,76,99,78,-1,78,99,100,-1,78,100,80,-1,80,100,101,-1,80,101,82,-1,82,101,102,-1,82,102,84,-1,84,102,103,-1,84,103,86,-1,86,103,104,-1,86,104,88,-1,88,104,105,-1,88,105,90,-1,90,105,106,-1,90,106,92,-1,92,106,107,-1,92,107,63,-1,61,63,108,-1,108,63,107,-1,61,108,109,-1,61,109,58,-1,58,109,110,-1,58,110,56,-1,56,110,111,-1,56,111,54,-1,54,111,112,-1,54,112,35,-1,35,112,113,-1,35,113,64,-1,64,113,114,-1,64,114,65,-1,65,114,115,-1,65,115,67,-1,67,115,116,-1,67,116,69,-1,69,116,117,-1,69,117,71,-1,71,117,118,-1,71,118,72,-1,72,118,119,-1,72,119,52,-1,120,46,121,-1,121,46,48,-1,121,48,122,-1,122,48,50,-1,122,50,123,-1,123,50,52,-1,123,52,119,-1,46,120,124,-1,46,124,44,-1,44,124,125,-1,44,125,42,-1,125,126,42,-1,42,126,127,-1,42,127,40,-1,40,127,128,-1,40,128,38,-1,38,128,129,-1,38,129,24,-1,25,24,130,-1,130,24,129,-1,31,25,131,-1,131,25,130,-1,32,31,132,-1,132,31,131,-1,28,32,133,-1,133,32,132,-1,28,133,134,-1,28,134,91,-1,91,134,135,-1,91,135,89,-1,89,135,136,-1,89,136,87,-1,87,136,137,-1,87,137,85,-1,85,137,138,-1,85,138,83,-1,83,138,139,-1,83,139,81,-1,81,139,93,-1,81,93,79,-1,57,140,141,-1,57,141,59,-1,59,141,142,-1,59,142,60,-1,60,142,143,-1,60,143,62,-1,66,144,145,-1,66,145,33,-1,33,145,146,-1,33,146,34,-1,34,146,147,-1,34,147,55,-1,55,147,140,-1,55,140,57,-1,51,148,149,-1,51,149,53,-1,53,149,150,-1,53,150,70,-1,70,150,151,-1,70,151,68,-1,68,151,144,-1,68,144,66,-1,45,152,153,-1,45,153,47,-1,47,153,154,-1,47,154,49,-1,49,154,148,-1,49,148,51,-1,37,155,156,-1,37,156,39,-1,39,156,157,-1,39,157,41,-1,41,157,158,-1,41,158,43,-1,43,158,152,-1,43,152,45,-1,29,159,160,-1,29,160,27,-1,27,160,161,-1,27,161,26,-1,26,161,162,-1,26,162,36,-1,36,162,155,-1,36,155,37,-1,29,30,159,-1,159,30,163,-1,30,62,163,-1,163,62,143,-1,
        ]
    }
}
Shape{
    appearance Appearance {
        material  Material 	{
            diffuseColor 0.5019607843137255 0.5019607843137255 0.5019607843137255
            specularColor 0.25098039215686274 0.25098039215686274 0.25098039215686274
            ambientIntensity 0.502
            transparency 0.0
            shininess 0.5
        }
    }
    geometry IndexedFaceSet {
        ccw TRUE
        solid FALSE
        coord DEF co Coordinate {
            point [
                0.498 0.0457 0.5945, 0.4978 0.0457 0.5945, 0.4977 0.0376 0.5945, 0.4959 0.0457 0.5945, 0.4965 0.041 0.5945, 0.497 0.0389 0.5945, 0.4974 0.038 0.5945, 0.4996 0.0455 0.5945, 0.4982 0.0372 0.5945, 0.5008 0.0449 0.5945, 0.5023 0.0374 0.5945, 0.5026 0.0377 0.5945, 0.5023 0.0437 0.5945, 0.5017 0.037 0.5945, 0.503 0.0427 0.5945, 0.5034 0.0417 0.5945, 0.5035 0.0404 0.5945, 0.4989 0.0369 0.5945, 0.4997 0.0367 0.5945, 0.5019 0.0442 0.5945, 0.5003 0.0367 0.5945, 0.5011 0.0368 0.5945, 0.5031 0.0384 0.5945, 0.5034 0.0392 0.5945
            ]
        }
        coordIndex [
            0,1,2,-1,1,3,4,-1,4,5,1,-1,1,5,6,-1,1,6,2,-1,0,2,7,-1,7,2,8,-1,7,8,9,-1,10,11,12,-1,10,12,13,-1,14,12,15,-1,15,12,16,-1,8,17,9,-1,9,17,18,-1,9,18,19,-1,19,18,20,-1,19,20,12,-1,12,20,21,-1,12,21,13,-1,11,22,12,-1,12,22,23,-1,12,23,16,-1,
        ]
    }
}
Shape{
    appearance Appearance {
        material  Material 	{
            diffuseColor 0.0 0.0 0.0
            specularColor 0.0 0.0 0.0
            ambientIntensity 0.0
            transparency 0.0
            shininess 0.5
        }
    }
    geometry IndexedFaceSet {
        ccw TRUE
        solid FALSE
        coord DEF co Coordinate {
            point [
                0.5016 0.054 0.5945, 0.5016 0.054 0.5984, 0.5024 0.0553 0.5984, 0.5035 0.0597 0.5984, 0.5035 0.0597 0.5945, 0.5032 0.0575 0.5945, 0.5032 0.0575 0.5984, 0.5025 0.0556 0.5945, 0.5024 0.0553 0.5945, 0.5052 0.054 0.5984, 0.5052 0.054 0.5945, 0.5058 0.0556 0.5945, 0.506 0.0562 0.5984, 0.5064 0.0594 0.5945, 0.5064 0.0594 0.5984, 0.5061 0.0573 0.5945, 0.506 0.0562 0.5945, 0.5061 0.0617 0.5945, 0.5061 0.0621 0.5984, 0.5061 0.0621 0.5945, 0.5055 0.0641 0.5945, 0.5055 0.0641 0.5984, 0.5048 0.0652 0.5945, 0.5048 0.0652 0.5984, 0.5039 0.0662 0.5945, 0.5039 0.0662 0.5984, 0.503 0.0669 0.5945, 0.503 0.0669 0.5984, 0.5019 0.0673 0.5945, 0.5019 0.0673 0.5984, 0.5005 0.0675 0.5945, 0.5005 0.0675 0.5984, 0.4992 0.0673 0.5945, 0.4992 0.0673 0.5984, 0.4981 0.0669 0.5945, 0.4981 0.0669 0.5984, 0.4972 0.0663 0.5945, 0.4972 0.0663 0.5984, 0.4964 0.0655 0.5945, 0.4964 0.0655 0.5984, 0.4951 0.0631 0.5945, 0.4951 0.0631 0.5984, 0.4946 0.0618 0.5945, 0.4946 0.0618 0.5984, 0.4936 0.0596 0.5945, 0.4936 0.0596 0.5984, 0.4928 0.0584 0.5945, 0.4928 0.0584 0.5984, 0.4925 0.058 0.5945, 0.4925 0.058 0.5984, 0.492 0.0578 0.5945, 0.492 0.0578 0.5984, 0.4914 0.0576 0.5945, 0.4914 0.0576 0.5984, 0.491 0.0576 0.5945, 0.491 0.0576 0.5984, 0.4904 0.0577 0.5945, 0.4904 0.0577 0.5984, 0.4899 0.0578 0.5945, 0.4899 0.0578 0.5984, 0.4895 0.0581 0.5945, 0.4895 0.0581 0.5984, 0.489 0.0587 0.5945, 0.489 0.0587 0.5984, 0.4886 0.0594 0.5945, 0.4886 0.0594 0.5984, 0.4884 0.0604 0.5945, 0.4884 0.0604 0.5984, 0.4883 0.0614 0.5945, 0.4883 0.0614 0.5984, 0.4886 0.0638 0.5945, 0.4886 0.0638 0.5984, 0.4893 0.0657 0.5945, 0.4893 0.0657 0.5984, 0.4897 0.0665 0.5945, 0.4897 0.0665 0.5984, 0.4863 0.0665 0.5984, 0.4863 0.0665 0.5945, 0.4856 0.0641 0.5945, 0.4856 0.0641 0.5984, 0.4854 0.0618 0.5945, 0.4854 0.0618 0.5984, 0.4857 0.0592 0.5945, 0.4857 0.0592 0.5984, 0.4864 0.0573 0.5945, 0.4864 0.0573 0.5984, 0.487 0.0562 0.5945, 0.487 0.0562 0.5984, 0.4876 0.0556 0.5945, 0.488 0.0552 0.5984, 0.488 0.0552 0.5945, 0.4889 0.0545 0.5945, 0.4889 0.0545 0.5984, 0.49 0.0541 0.5945, 0.49 0.0541 0.5984, 0.4913 0.054 0.5945, 0.4913 0.054 0.5984, 0.4927 0.0541 0.5945, 0.4927 0.0541 0.5984, 0.4937 0.0545 0.5945, 0.4937 0.0545 0.5984, 0.4945 0.055 0.5945, 0.4945 0.055 0.5984, 0.4971 0.0593 0.5945, 0.4971 0.0593 0.5984, 0.4962 0.0572 0.5984, 0.4951 0.0555 0.5945, 0.4951 0.0555 0.5984, 0.4951 0.0556 0.5945, 0.4962 0.0572 0.5945, 0.4981 0.0616 0.5945, 0.4981 0.0616 0.5984, 0.4989 0.063 0.5945, 0.4989 0.063 0.5984, 0.4994 0.0634 0.5945, 0.4994 0.0634 0.5984, 0.4998 0.0637 0.5945, 0.4998 0.0637 0.5984, 0.5004 0.0638 0.5945, 0.5004 0.0638 0.5984, 0.5008 0.0639 0.5945, 0.5008 0.0639 0.5984, 0.5015 0.0638 0.5945, 0.5015 0.0638 0.5984, 0.502 0.0636 0.5945, 0.502 0.0636 0.5984, 0.5024 0.0633 0.5945, 0.5024 0.0633 0.5984, 0.5028 0.0629 0.5945, 0.5028 0.0629 0.5984, 0.503 0.0626 0.5945, 0.503 0.0626 0.5984, 0.5033 0.0617 0.5945, 0.5033 0.0617 0.5984, 0.5035 0.0599 0.5945, 0.5035 0.0599 0.5984, 0.4859 0.0849 0.5984, 0.4859 0.0885 0.5984, 0.4859 0.0849 0.5945, 0.4859 0.0885 0.5945, 0.501 0.0794 0.5984, 0.501 0.0794 0.5945, 0.5019 0.0791 0.5945, 0.5019 0.0791 0.5984, 0.5026 0.079 0.5945, 0.5026 0.079 0.5984, 0.5026 0.0789 0.5984, 0.5026 0.0789 0.5945, 0.5009 0.0784 0.5984, 0.5009 0.0784 0.5945, 0.4859 0.0732 0.5984, 0.4908 0.0749 0.5945, 0.4859 0.0732 0.5945, 0.4859 0.0693 0.5984, 0.4859 0.0693 0.5945, 0.5059 0.0771 0.5984, 0.5002 0.0749 0.5945, 0.5059 0.0771 0.5945, 0.5095 0.0756 0.5945, 0.5095 0.0756 0.5984, 0.5061 0.077 0.5945, 0.5108 0.0749 0.5945, 0.5108 0.0749 0.5984, 0.5115 0.0743 0.5945, 0.5115 0.0743 0.5984, 0.5119 0.0736 0.5945, 0.5119 0.0736 0.5984, 0.5122 0.0729 0.5945, 0.5122 0.0729 0.5984, 0.5123 0.072 0.5945, 0.5123 0.072 0.5984, 0.5122 0.0707 0.5945, 0.5122 0.0707 0.5984, 0.5119 0.07 0.5945, 0.5119 0.07 0.5984, 0.515 0.07 0.5984, 0.515 0.07 0.5945, 0.5153 0.0715 0.5945, 0.5153 0.0715 0.5984, 0.5153 0.0723 0.5945, 0.5153 0.0723 0.5984, 0.5152 0.0737 0.5945, 0.5152 0.0737 0.5984, 0.5147 0.0749 0.5945, 0.5146 0.0751 0.5984, 0.5146 0.0751 0.5945, 0.5138 0.0763 0.5945, 0.5138 0.0763 0.5984, 0.5136 0.0766 0.5945, 0.5136 0.0766 0.5984, 0.512 0.0778 0.5945, 0.512 0.0778 0.5984, 0.5089 0.0794 0.5945, 0.5089 0.0794 0.5984, 0.5061 0.0805 0.5945, 0.5027 0.1074 0.5984, 0.5059 0.1074 0.5984, 0.5027 0.1074 0.5945, 0.5059 0.1074 0.5945, 0.5027 0.0959 0.5984, 0.5027 0.1012 0.5945, 0.5027 0.0959 0.5945, 0.4933 0.0959 0.5984, 0.4933 0.0959 0.5945, 0.4933 0.1059 0.5984, 0.4933 0.1012 0.5945, 0.4933 0.1059 0.5945, 0.4901 0.1059 0.5984, 0.4901 0.1059 0.5945, 0.4901 0.0959 0.5945, 0.4901 0.0959 0.5984, 0.4901 0.1012 0.5945, 0.4811 0.0959 0.5984, 0.4811 0.0959 0.5945, 0.4811 0.1067 0.5945, 0.4811 0.1067 0.5984, 0.4811 0.1012 0.5945, 0.4779 0.1067 0.5984, 0.4779 0.1067 0.5945, 0.4779 0.0923 0.5945, 0.4779 0.0923 0.5984, 0.4779 0.1012 0.5945, 0.5059 0.0923 0.5984, 0.5059 0.0923 0.5945, 0.5059 0.1012 0.5945, 0.4981 0.1301 0.5984, 0.4998 0.1287 0.5984, 0.502 0.1312 0.5984, 0.5001 0.1283 0.5984, 0.5041 0.1283 0.5984, 0.5014 0.1265 0.5984, 0.5053 0.1251 0.5984, 0.5023 0.1242 0.5984, 0.5059 0.1204 0.5984, 0.5027 0.1203 0.5984, 0.5059 0.1127 0.5984, 0.5027 0.1163 0.5984, 0.4779 0.1127 0.5984, 0.4811 0.1163 0.5984, 0.4779 0.1207 0.5984, 0.4811 0.1205 0.5984, 0.4784 0.1249 0.5984, 0.4815 0.1243 0.5984, 0.4796 0.1283 0.5984, 0.4825 0.1267 0.5984, 0.4816 0.1312 0.5984, 0.4837 0.1286 0.5984, 0.4826 0.1322 0.5984, 0.4845 0.1294 0.5984, 0.485 0.134 0.5984, 0.4861 0.1305 0.5984, 0.4877 0.135 0.5984, 0.4882 0.1313 0.5984, 0.4915 0.1355 0.5984, 0.4916 0.1317 0.5984, 0.4933 0.1354 0.5984, 0.4935 0.1316 0.5984, 0.4966 0.1347 0.5984, 0.496 0.131 0.5984, 0.4995 0.1333 0.5984, 0.5059 0.1204 0.5945, 0.5059 0.1127 0.5945, 0.5053 0.1251 0.5945, 0.5041 0.1283 0.5945, 0.502 0.1312 0.5945, 0.4995 0.1333 0.5945, 0.4966 0.1347 0.5945, 0.4933 0.1354 0.5945, 0.4915 0.1355 0.5945, 0.4877 0.135 0.5945, 0.485 0.134 0.5945, 0.4826 0.1322 0.5945, 0.4816 0.1312 0.5945, 0.4796 0.1283 0.5945, 0.4784 0.1249 0.5945, 0.4779 0.1207 0.5945, 0.4779 0.1127 0.5945, 0.4811 0.1205 0.5945, 0.4811 0.1163 0.5945, 0.5027 0.1163 0.5945, 0.5027 0.1203 0.5945, 0.4998 0.1287 0.5945, 0.5001 0.1283 0.5945, 0.5014 0.1265 0.5945, 0.5023 0.1242 0.5945, 0.4916 0.1317 0.5945, 0.4935 0.1316 0.5945, 0.496 0.131 0.5945, 0.4981 0.1301 0.5945, 0.4837 0.1286 0.5945, 0.4845 0.1294 0.5945, 0.4861 0.1305 0.5945, 0.4882 0.1313 0.5945, 0.4815 0.1243 0.5945, 0.4825 0.1267 0.5945
            ]
        }
        coordIndex [
            0,1,2,-1,3,4,5,-1,3,5,6,-1,6,5,7,-1,6,7,2,-1,2,7,8,-1,2,8,0,-1,9,1,10,-1,10,1,0,-1,10,11,9,-1,9,11,12,-1,13,14,15,-1,15,14,12,-1,15,12,16,-1,16,12,11,-1,13,17,14,-1,14,17,18,-1,17,19,18,-1,18,19,20,-1,18,20,21,-1,21,20,22,-1,21,22,23,-1,23,22,24,-1,23,24,25,-1,25,24,26,-1,25,26,27,-1,27,26,28,-1,27,28,29,-1,29,28,30,-1,29,30,31,-1,31,30,32,-1,31,32,33,-1,33,32,34,-1,33,34,35,-1,35,34,36,-1,35,36,37,-1,37,36,38,-1,37,38,39,-1,39,38,40,-1,39,40,41,-1,41,40,42,-1,41,42,43,-1,43,42,44,-1,43,44,45,-1,45,44,46,-1,45,46,47,-1,47,46,48,-1,47,48,49,-1,49,48,50,-1,49,50,51,-1,51,50,52,-1,51,52,53,-1,53,52,54,-1,53,54,55,-1,55,54,56,-1,55,56,57,-1,57,56,58,-1,57,58,59,-1,59,58,60,-1,59,60,61,-1,61,60,62,-1,61,62,63,-1,63,62,64,-1,63,64,65,-1,65,64,66,-1,65,66,67,-1,67,66,68,-1,67,68,69,-1,69,68,70,-1,69,70,71,-1,71,70,72,-1,71,72,73,-1,73,72,74,-1,73,74,75,-1,76,75,77,-1,77,75,74,-1,76,77,78,-1,76,78,79,-1,79,78,80,-1,79,80,81,-1,81,80,82,-1,81,82,83,-1,83,82,84,-1,83,84,85,-1,85,84,86,-1,85,86,87,-1,86,88,87,-1,87,88,89,-1,88,90,89,-1,89,90,91,-1,89,91,92,-1,92,91,93,-1,92,93,94,-1,94,93,95,-1,94,95,96,-1,96,95,97,-1,96,97,98,-1,98,97,99,-1,98,99,100,-1,100,99,101,-1,100,101,102,-1,103,104,105,-1,102,101,106,-1,102,106,107,-1,107,106,108,-1,107,108,105,-1,105,108,109,-1,105,109,103,-1,104,103,110,-1,104,110,111,-1,111,110,112,-1,111,112,113,-1,113,112,114,-1,113,114,115,-1,115,114,116,-1,115,116,117,-1,117,116,118,-1,117,118,119,-1,119,118,120,-1,119,120,121,-1,121,120,122,-1,121,122,123,-1,123,122,124,-1,123,124,125,-1,125,124,126,-1,125,126,127,-1,127,126,128,-1,127,128,129,-1,129,128,130,-1,129,130,131,-1,131,130,132,-1,131,132,133,-1,133,132,134,-1,133,134,135,-1,135,134,4,-1,135,4,3,-1,61,63,85,-1,85,63,83,-1,45,104,43,-1,43,104,111,-1,43,111,41,-1,14,3,12,-1,12,3,6,-1,12,6,9,-1,9,6,2,-1,9,2,1,-1,63,65,83,-1,83,65,67,-1,83,67,81,-1,81,67,69,-1,81,69,79,-1,79,69,71,-1,79,71,76,-1,76,71,73,-1,76,73,75,-1,41,111,39,-1,39,111,113,-1,39,113,37,-1,37,113,115,-1,37,115,35,-1,35,115,117,-1,35,117,33,-1,33,117,119,-1,33,119,31,-1,31,119,121,-1,31,121,29,-1,29,121,123,-1,29,123,27,-1,27,123,125,-1,27,125,25,-1,25,125,127,-1,25,127,23,-1,23,127,129,-1,23,129,21,-1,21,129,131,-1,21,131,18,-1,18,131,133,-1,18,133,14,-1,14,133,135,-1,14,135,3,-1,85,87,61,-1,61,87,89,-1,61,89,59,-1,59,89,92,-1,59,92,57,-1,57,92,94,-1,57,94,55,-1,55,94,96,-1,55,96,53,-1,53,96,98,-1,53,98,51,-1,51,98,100,-1,51,100,49,-1,49,100,102,-1,49,102,47,-1,47,102,107,-1,47,107,45,-1,45,107,105,-1,45,105,104,-1,136,137,138,-1,138,137,139,-1,140,136,141,-1,141,136,138,-1,140,141,142,-1,140,142,143,-1,143,142,144,-1,143,144,145,-1,146,145,147,-1,147,145,144,-1,148,146,149,-1,149,146,147,-1,148,149,150,-1,150,149,151,-1,150,151,152,-1,153,150,154,-1,154,150,152,-1,153,154,155,-1,155,154,156,-1,155,156,157,-1,158,159,160,-1,160,159,155,-1,160,155,157,-1,159,158,161,-1,159,161,162,-1,162,161,163,-1,162,163,164,-1,164,163,165,-1,164,165,166,-1,166,165,167,-1,166,167,168,-1,168,167,169,-1,168,169,170,-1,170,169,171,-1,170,171,172,-1,172,171,173,-1,172,173,174,-1,175,174,176,-1,176,174,173,-1,175,176,177,-1,175,177,178,-1,178,177,179,-1,178,179,180,-1,180,179,181,-1,180,181,182,-1,182,181,183,-1,182,183,184,-1,183,185,184,-1,184,185,186,-1,184,186,187,-1,187,186,188,-1,187,188,189,-1,189,188,190,-1,189,190,191,-1,191,190,192,-1,191,192,193,-1,139,137,194,-1,194,137,193,-1,194,193,192,-1,143,145,193,-1,137,136,193,-1,193,136,140,-1,193,140,143,-1,150,153,148,-1,148,153,155,-1,148,155,146,-1,174,175,172,-1,172,175,178,-1,172,178,170,-1,170,178,180,-1,170,180,168,-1,168,180,182,-1,168,182,166,-1,166,182,184,-1,166,184,164,-1,191,162,189,-1,189,162,164,-1,189,164,187,-1,187,164,184,-1,145,146,193,-1,193,146,155,-1,193,155,191,-1,191,155,159,-1,191,159,162,-1,195,196,197,-1,197,196,198,-1,195,197,199,-1,199,197,200,-1,199,200,201,-1,202,199,203,-1,203,199,201,-1,202,203,204,-1,204,203,205,-1,204,205,206,-1,207,204,208,-1,208,204,206,-1,209,210,211,-1,211,210,207,-1,211,207,208,-1,212,210,213,-1,213,210,209,-1,214,215,216,-1,216,215,212,-1,216,212,213,-1,217,215,218,-1,218,215,214,-1,219,220,221,-1,221,220,217,-1,221,217,218,-1,222,220,223,-1,223,220,219,-1,222,223,196,-1,196,223,224,-1,196,224,198,-1,215,217,212,-1,212,217,220,-1,212,220,210,-1,196,195,222,-1,222,195,199,-1,222,199,202,-1,204,207,202,-1,202,207,210,-1,202,210,222,-1,222,210,220,-1,225,226,227,-1,227,226,228,-1,227,228,229,-1,229,228,230,-1,229,230,231,-1,231,230,232,-1,231,232,233,-1,233,232,234,-1,233,234,235,-1,235,234,236,-1,235,236,237,-1,237,236,238,-1,237,238,239,-1,239,238,240,-1,239,240,241,-1,241,240,242,-1,241,242,243,-1,243,242,244,-1,243,244,245,-1,245,244,246,-1,245,246,247,-1,247,246,248,-1,247,248,249,-1,249,248,250,-1,249,250,251,-1,251,250,252,-1,251,252,253,-1,253,252,254,-1,253,254,255,-1,255,254,256,-1,255,256,257,-1,257,256,258,-1,257,258,259,-1,259,258,225,-1,259,225,227,-1,233,235,260,-1,260,235,261,-1,233,260,262,-1,233,262,231,-1,231,262,263,-1,231,263,229,-1,229,263,264,-1,229,264,227,-1,227,264,265,-1,227,265,259,-1,259,265,266,-1,259,266,257,-1,257,266,267,-1,257,267,255,-1,255,267,268,-1,255,268,253,-1,253,268,269,-1,253,269,251,-1,251,269,270,-1,251,270,249,-1,249,270,271,-1,249,271,247,-1,247,271,272,-1,247,272,245,-1,245,272,273,-1,245,273,243,-1,243,273,274,-1,243,274,241,-1,241,274,275,-1,241,275,239,-1,237,239,276,-1,276,239,275,-1,235,237,261,-1,261,237,276,-1,240,238,277,-1,277,238,278,-1,238,236,278,-1,278,236,279,-1,236,234,279,-1,279,234,280,-1,226,281,282,-1,226,282,228,-1,228,282,283,-1,228,283,230,-1,230,283,284,-1,230,284,232,-1,232,284,280,-1,232,280,234,-1,254,285,286,-1,254,286,256,-1,256,286,287,-1,256,287,258,-1,258,287,288,-1,258,288,225,-1,225,288,281,-1,225,281,226,-1,246,289,290,-1,246,290,248,-1,248,290,291,-1,248,291,250,-1,250,291,292,-1,250,292,252,-1,252,292,285,-1,252,285,254,-1,240,277,293,-1,240,293,242,-1,242,293,294,-1,242,294,244,-1,244,294,289,-1,244,289,246,-1,
        ]
    }
}
Shape{
    appearance Appearance {
        material  Material 	{
            diffuseColor 0.5019607843137255 0.5019607843137255 0.5019607843137255
            specularColor 0.25098039215686274 0.25098039215686274 0.25098039215686274
            ambientIntensity 0.502
            transparency 0.0
            shininess 0.5
        }
    }
    geometry IndexedFaceSet {
        ccw TRUE
        solid FALSE
        coord DEF co Coordinate {
            point [
                0.4811 0.1163 0.5945, 0.5027 0.1163 0.5945, 0.4811 0.1205 0.5945, 0.5027 0.1203 0.5945, 0.5023 0.1242 0.5945, 0.5014 0.1265 0.5945, 0.5001 0.1283 0.5945, 0.4998 0.1287 0.5945, 0.4981 0.1301 0.5945, 0.496 0.131 0.5945, 0.4916 0.1317 0.5945, 0.4837 0.1286 0.5945, 0.4825 0.1267 0.5945, 0.4882 0.1313 0.5945, 0.4861 0.1305 0.5945, 0.4845 0.1294 0.5945, 0.4935 0.1316 0.5945, 0.4815 0.1243 0.5945
            ]
        }
        coordIndex [
            0,1,2,-1,2,1,3,-1,3,4,2,-1,2,4,5,-1,2,5,6,-1,6,7,2,-1,2,7,8,-1,2,8,9,-1,10,11,12,-1,13,14,10,-1,10,14,15,-1,10,15,11,-1,9,16,2,-1,2,16,10,-1,2,10,17,-1,17,10,12,-1,
        ]
    }
}
Shape{
    appearance Appearance {
        material  Material 	{
            diffuseColor 0.0 0.0 0.0
            specularColor 0.0 0.0 0.0
            ambientIntensity 0.0
            transparency 0.0
            shininess 0.5
        }
    }
    geometry IndexedFaceSet {
        ccw TRUE
        solid FALSE
        coord DEF co Coordinate {
            point [
                0.4951 0.1449 0.5984, 0.4982 0.1437 0.5984, 0.4951 0.1543 0.5984, 0.4982 0.1554 0.5984, 0.4834 0.1491 0.5984, 0.4779 0.1477 0.5984, 0.5059 0.137 0.5984, 0.5059 0.141 0.5984, 0.4826 0.1493 0.5984, 0.4815 0.1495 0.5984, 0.4779 0.1516 0.5984, 0.4815 0.1496 0.5984, 0.4827 0.1498 0.5984, 0.4834 0.15 0.5984, 0.5059 0.1622 0.5984, 0.5059 0.1582 0.5984, 0.4779 0.1516 0.5945, 0.5059 0.1622 0.5945, 0.4779 0.1477 0.5945, 0.5059 0.137 0.5945, 0.5059 0.141 0.5945, 0.4982 0.1437 0.5945, 0.4982 0.1554 0.5945, 0.5059 0.1582 0.5945, 0.4951 0.1449 0.5945, 0.4951 0.1543 0.5945, 0.4834 0.15 0.5945, 0.4815 0.1496 0.5945, 0.4827 0.1498 0.5945, 0.4815 0.1495 0.5945, 0.4834 0.1491 0.5945, 0.4826 0.1493 0.5945
            ]
        }
        coordIndex [
            0,1,2,-1,2,1,3,-1,4,5,0,-1,0,5,6,-1,0,6,1,-1,1,6,7,-1,4,8,5,-1,5,8,9,-1,5,9,10,-1,10,9,11,-1,10,11,12,-1,12,13,10,-1,10,13,2,-1,10,2,14,-1,14,2,3,-1,14,3,15,-1,10,14,16,-1,16,14,17,-1,5,10,18,-1,18,10,16,-1,6,5,19,-1,19,5,18,-1,7,6,20,-1,20,6,19,-1,1,7,21,-1,21,7,20,-1,3,1,22,-1,22,1,21,-1,15,3,23,-1,23,3,22,-1,14,15,17,-1,17,15,23,-1,0,2,24,-1,24,2,25,-1,2,13,25,-1,25,13,26,-1,11,27,28,-1,11,28,12,-1,12,28,26,-1,12,26,13,-1,11,9,27,-1,27,9,29,-1,4,30,31,-1,4,31,8,-1,8,31,29,-1,8,29,9,-1,4,0,30,-1,30,0,24,-1,
        ]
    }
}
Shape{
    appearance Appearance {
        material  Material 	{
            diffuseColor 0.5019607843137255 0.5019607843137255 0.5019607843137255
            specularColor 0.25098039215686274 0.25098039215686274 0.25098039215686274
            ambientIntensity 0.502
            transparency 0.0
            shininess 0.5
        }
    }
    geometry IndexedFaceSet {
        ccw TRUE
        solid FALSE
        coord DEF co Coordinate {
            point [
                0.4815 0.1496 0.5945, 0.4815 0.1495 0.5945, 0.4827 0.1498 0.5945, 0.4826 0.1493 0.5945, 0.4834 0.15 0.5945, 0.4834 0.1491 0.5945, 0.4951 0.1543 0.5945, 0.4951 0.1449 0.5945
            ]
        }
        coordIndex [
            0,1,2,-1,2,1,3,-1,2,3,4,-1,4,3,5,-1,4,5,6,-1,6,5,7,-1,
        ]
    }
}
Shape{
    appearance Appearance {
        material  Material 	{
            diffuseColor 0.0 0.0 0.0
            specularColor 0.0 0.0 0.0
            ambientIntensity 0.0
            transparency 0.0
            shininess 0.5
        }
    }
    geometry IndexedFaceSet {
        ccw TRUE
        solid FALSE
        coord DEF co Coordinate {
            point [
                0.4576 -0.1144 0.5984, 0.4553 -0.1099 0.5984, 0.443 -0.111 0.5984, 0.5107 -0.0759 0.5984, 0.5062 -0.0735 0.5984, 0.5013 -0.0723 0.5984, 0.4424 -0.0985 0.5984, 0.457 -0.0924 0.5984, 0.4507 -0.0893 0.5984, 0.5019 -0.0997 0.5984, 0.5 -0.1001 0.5984, 0.4923 -0.1109 0.5984, 0.5056 -0.1111 0.5984, 0.5049 -0.1136 0.5984, 0.4896 -0.1152 0.5984, 0.442 -0.1031 0.5984, 0.4825 -0.0443 0.5984, 0.4719 -0.0505 0.5984, 0.4972 -0.0722 0.5984, 0.4859 -0.0772 0.5984, 0.4992 -0.0722 0.5984, 0.5169 -0.0829 0.5984, 0.5141 -0.0789 0.5984, 0.5035 -0.0989 0.5984, 0.5135 -0.1061 0.5984, 0.5099 -0.1091 0.5984, 0.4628 -0.0378 0.5984, 0.4628 -0.0362 0.5984, 0.452 -0.028 0.5984, 0.4632 -0.0324 0.5984, 0.4523 -0.027 0.5984, 0.4646 -0.0289 0.5984, 0.4553 -0.0211 0.5984, 0.4599 -0.0157 0.5984, 0.4377 -0.0944 0.5984, 0.4453 -0.0848 0.5984, 0.4337 -0.0898 0.5984, 0.4414 -0.0795 0.5984, 0.4304 -0.0844 0.5984, 0.4541 -0.105 0.5984, 0.454 -0.1029 0.5984, 0.4422 -0.1008 0.5984, 0.4546 -0.0982 0.5984, 0.4562 -0.0938 0.5984, 0.5039 -0.086 0.5984, 0.5052 -0.0871 0.5984, 0.5063 -0.0887 0.5984, 0.5186 -0.0873 0.5984, 0.5069 -0.0904 0.5984, 0.5192 -0.0922 0.5984, 0.5072 -0.0924 0.5984, 0.5191 -0.0929 0.5984, 0.5072 -0.0927 0.5984, 0.5184 -0.0976 0.5984, 0.5069 -0.0945 0.5984, 0.5165 -0.1022 0.5984, 0.5061 -0.0963 0.5984, 0.505 -0.0978 0.5984, 0.4967 -0.0851 0.5984, 0.4986 -0.0846 0.5984, 0.5003 -0.0846 0.5984, 0.5022 -0.0851 0.5984, 0.497 -0.0156 0.5984, 0.4891 -0.0249 0.5984, 0.5016 -0.0211 0.5984, 0.4915 -0.0279 0.5984, 0.5046 -0.0271 0.5984, 0.4932 -0.0314 0.5984, 0.506 -0.0338 0.5984, 0.4939 -0.035 0.5984, 0.506 -0.0455 0.5984, 0.4939 -0.0439 0.5984, 0.5058 -0.0467 0.5984, 0.4981 -0.1 0.5984, 0.4962 -0.0994 0.5984, 0.488 -0.1087 0.5984, 0.4945 -0.0984 0.5984, 0.4842 -0.1054 0.5984, 0.4937 -0.0976 0.5984, 0.4814 -0.1013 0.5984, 0.4926 -0.096 0.5984, 0.4797 -0.0969 0.5984, 0.4919 -0.0943 0.5984, 0.4791 -0.0922 0.5984, 0.4917 -0.0924 0.5984, 0.4792 -0.0897 0.5984, 0.4919 -0.0906 0.5984, 0.4804 -0.0849 0.5984, 0.4925 -0.0888 0.5984, 0.4827 -0.0807 0.5984, 0.4936 -0.0872 0.5984, 0.4951 -0.0859 0.5984, 0.4667 -0.0258 0.5984, 0.4693 -0.0235 0.5984, 0.4655 -0.0116 0.5984, 0.4727 -0.0217 0.5984, 0.4716 -0.0092 0.5984, 0.4766 -0.0207 0.5984, 0.4781 -0.0083 0.5984, 0.4783 -0.0206 0.5984, 0.4852 -0.0092 0.5984, 0.4822 -0.0211 0.5984, 0.4915 -0.0117 0.5984, 0.4857 -0.0225 0.5984, 0.4888 -0.0247 0.5984, 0.4363 -0.0388 0.5984, 0.4454 -0.0466 0.5984, 0.4441 -0.0321 0.5984, 0.4508 -0.0421 0.5984, 0.4572 -0.039 0.5984, 0.4691 -0.1222 0.5984, 0.4724 -0.1353 0.5984, 0.4739 -0.1228 0.5984, 0.4743 -0.1354 0.5984, 0.477 -0.1226 0.5984, 0.4821 -0.1344 0.5984, 0.4819 -0.1212 0.5984, 0.4895 -0.1316 0.5984, 0.4859 -0.1188 0.5984, 0.496 -0.127 0.5984, 0.5013 -0.1208 0.5984, 0.427 -0.0752 0.5984, 0.4388 -0.073 0.5984, 0.4259 -0.0659 0.5984, 0.4379 -0.0657 0.5984, 0.427 -0.0568 0.5984, 0.4387 -0.0589 0.5984, 0.4307 -0.0469 0.5984, 0.4411 -0.0527 0.5984, 0.445 -0.0471 0.5984, 0.4459 -0.1183 0.5984, 0.4503 -0.1247 0.5984, 0.4607 -0.1178 0.5984, 0.4516 -0.126 0.5984, 0.4647 -0.1205 0.5984, 0.4577 -0.1308 0.5984, 0.4649 -0.134 0.5984, 0.4937 -0.0449 0.5984, 0.5039 -0.0497 0.5984, 0.5044 -0.0493 0.5984, 0.4938 -0.0443 0.5984, 0.5053 -0.048 0.5984, 0.4998 -0.0513 0.5984, 0.5013 -0.0511 0.5984, 0.5027 -0.0506 0.5984, 0.4938 -0.0467 0.5984, 0.4944 -0.048 0.5984, 0.499 -0.0513 0.5984, 0.4953 -0.0493 0.5984, 0.4962 -0.0501 0.5984, 0.4975 -0.0509 0.5984, 0.4937 -0.0451 0.5984, 0.4781 -0.0083 0.5945, 0.4716 -0.0092 0.5945, 0.4699 -0.0099 0.5945, 0.4655 -0.0116 0.5945, 0.4617 -0.0144 0.5945, 0.4599 -0.0157 0.5945, 0.4553 -0.0211 0.5945, 0.4523 -0.027 0.5945, 0.452 -0.028 0.5945, 0.4441 -0.0321 0.5945, 0.4363 -0.0388 0.5945, 0.4332 -0.0432 0.5945, 0.4307 -0.0469 0.5945, 0.427 -0.0568 0.5945, 0.4259 -0.0659 0.5945, 0.4337 -0.0898 0.5945, 0.4332 -0.089 0.5945, 0.4304 -0.0844 0.5945, 0.427 -0.0752 0.5945, 0.4377 -0.0944 0.5945, 0.4424 -0.0985 0.5945, 0.4422 -0.1008 0.5945, 0.442 -0.1031 0.5945, 0.443 -0.111 0.5945, 0.4459 -0.1183 0.5945, 0.4503 -0.1247 0.5945, 0.4516 -0.126 0.5945, 0.4577 -0.1308 0.5945, 0.4617 -0.1326 0.5945, 0.4649 -0.134 0.5945, 0.4699 -0.1349 0.5945, 0.4724 -0.1353 0.5945, 0.4743 -0.1354 0.5945, 0.4821 -0.1344 0.5945, 0.4895 -0.1316 0.5945, 0.496 -0.127 0.5945, 0.5013 -0.1208 0.5945, 0.5049 -0.1136 0.5945, 0.5056 -0.1111 0.5945, 0.5061 -0.1108 0.5945, 0.5099 -0.1091 0.5945, 0.5135 -0.1061 0.5945, 0.5165 -0.1022 0.5945, 0.5172 -0.1004 0.5945, 0.5184 -0.0976 0.5945, 0.5191 -0.0929 0.5945, 0.5192 -0.0922 0.5945, 0.4992 -0.0722 0.5945, 0.5186 -0.0873 0.5945, 0.5172 -0.0839 0.5945, 0.5169 -0.0829 0.5945, 0.5141 -0.0789 0.5945, 0.5107 -0.0759 0.5945, 0.5062 -0.0735 0.5945, 0.5061 -0.0735 0.5945, 0.5013 -0.0723 0.5945, 0.4972 -0.0722 0.5945, 0.4825 -0.0443 0.5945, 0.4719 -0.0505 0.5945, 0.4859 -0.0772 0.5945, 0.4827 -0.0807 0.5945, 0.4804 -0.0849 0.5945, 0.4792 -0.0897 0.5945, 0.4791 -0.0922 0.5945, 0.4797 -0.0969 0.5945, 0.4814 -0.1013 0.5945, 0.4842 -0.1054 0.5945, 0.488 -0.1087 0.5945, 0.4923 -0.1109 0.5945, 0.4896 -0.1152 0.5945, 0.4859 -0.1188 0.5945, 0.4819 -0.1212 0.5945, 0.477 -0.1226 0.5945, 0.4739 -0.1228 0.5945, 0.4699 -0.1223 0.5945, 0.4691 -0.1222 0.5945, 0.4647 -0.1205 0.5945, 0.4617 -0.1185 0.5945, 0.4607 -0.1178 0.5945, 0.4576 -0.1144 0.5945, 0.4553 -0.1099 0.5945, 0.4541 -0.105 0.5945, 0.454 -0.1029 0.5945, 0.4546 -0.0982 0.5945, 0.4562 -0.0938 0.5945, 0.457 -0.0924 0.5945, 0.4507 -0.0893 0.5945, 0.4453 -0.0848 0.5945, 0.4414 -0.0795 0.5945, 0.4388 -0.073 0.5945, 0.4379 -0.0657 0.5945, 0.4628 -0.0378 0.5945, 0.4617 -0.038 0.5945, 0.4572 -0.039 0.5945, 0.4508 -0.0421 0.5945, 0.4454 -0.0466 0.5945, 0.445 -0.0471 0.5945, 0.4411 -0.0527 0.5945, 0.4387 -0.0589 0.5945, 0.4628 -0.0362 0.5945, 0.4632 -0.0324 0.5945, 0.4646 -0.0289 0.5945, 0.4667 -0.0258 0.5945, 0.4693 -0.0235 0.5945, 0.4699 -0.0232 0.5945, 0.4727 -0.0217 0.5945, 0.4766 -0.0207 0.5945, 0.4783 -0.0206 0.5945, 0.4822 -0.0211 0.5945, 0.4857 -0.0225 0.5945, 0.4888 -0.0247 0.5945, 0.4891 -0.0249 0.5945, 0.4915 -0.0279 0.5945, 0.4932 -0.0314 0.5945, 0.4939 -0.035 0.5945, 0.4939 -0.0439 0.5945, 0.4938 -0.0443 0.5945, 0.4937 -0.0449 0.5945, 0.4937 -0.0451 0.5945, 0.4938 -0.0467 0.5945, 0.4944 -0.048 0.5945, 0.4953 -0.0493 0.5945, 0.4962 -0.0501 0.5945, 0.4975 -0.0509 0.5945, 0.499 -0.0513 0.5945, 0.4998 -0.0513 0.5945, 0.5013 -0.0511 0.5945, 0.5027 -0.0506 0.5945, 0.5039 -0.0497 0.5945, 0.5044 -0.0493 0.5945, 0.5053 -0.048 0.5945, 0.5058 -0.0467 0.5945, 0.506 -0.0455 0.5945, 0.506 -0.0338 0.5945, 0.5046 -0.0271 0.5945, 0.5016 -0.0211 0.5945, 0.497 -0.0156 0.5945, 0.4915 -0.0117 0.5945, 0.4852 -0.0092 0.5945, 0.4917 -0.0924 0.5945, 0.4919 -0.0906 0.5945, 0.4925 -0.0888 0.5945, 0.4936 -0.0872 0.5945, 0.4951 -0.0859 0.5945, 0.4967 -0.0851 0.5945, 0.4986 -0.0846 0.5945, 0.5003 -0.0846 0.5945, 0.5022 -0.0851 0.5945, 0.5039 -0.086 0.5945, 0.5052 -0.0871 0.5945, 0.5063 -0.0887 0.5945, 0.5069 -0.0904 0.5945, 0.5072 -0.0924 0.5945, 0.5072 -0.0927 0.5945, 0.5069 -0.0945 0.5945, 0.5061 -0.0963 0.5945, 0.505 -0.0978 0.5945, 0.5035 -0.0989 0.5945, 0.5019 -0.0997 0.5945, 0.5 -0.1001 0.5945, 0.4981 -0.1 0.5945, 0.4962 -0.0994 0.5945, 0.4945 -0.0984 0.5945, 0.4937 -0.0976 0.5945, 0.4926 -0.096 0.5945, 0.4919 -0.0943 0.5945
            ]
        }
        coordIndex [
            0,1,2,-1,3,4,5,-1,6,7,8,-1,9,10,11,-1,12,11,13,-1,13,11,14,-1,2,1,15,-1,16,17,18,-1,18,17,19,-1,18,19,20,-1,20,19,21,-1,20,21,5,-1,5,21,22,-1,5,22,3,-1,23,9,24,-1,24,9,11,-1,24,11,25,-1,25,11,12,-1,26,27,28,-1,28,27,29,-1,28,29,30,-1,30,29,31,-1,30,31,32,-1,32,31,33,-1,6,8,34,-1,34,8,35,-1,34,35,36,-1,36,35,37,-1,36,37,38,-1,1,39,15,-1,15,39,40,-1,15,40,41,-1,41,40,42,-1,41,42,6,-1,6,42,43,-1,6,43,7,-1,44,45,21,-1,21,45,46,-1,21,46,47,-1,47,46,48,-1,47,48,49,-1,49,48,50,-1,49,50,51,-1,51,50,52,-1,51,52,53,-1,53,52,54,-1,53,54,55,-1,55,54,56,-1,55,56,24,-1,24,56,57,-1,24,57,23,-1,58,59,19,-1,19,59,60,-1,19,60,21,-1,21,60,61,-1,21,61,44,-1,62,63,64,-1,64,63,65,-1,64,65,66,-1,66,65,67,-1,66,67,68,-1,68,67,69,-1,68,69,70,-1,70,69,71,-1,70,71,72,-1,10,73,11,-1,11,73,74,-1,11,74,75,-1,75,74,76,-1,75,76,77,-1,77,76,78,-1,77,78,79,-1,79,78,80,-1,79,80,81,-1,81,80,82,-1,81,82,83,-1,83,82,84,-1,83,84,85,-1,85,84,86,-1,85,86,87,-1,87,86,88,-1,87,88,89,-1,89,88,90,-1,89,90,19,-1,19,90,91,-1,19,91,58,-1,31,92,33,-1,33,92,93,-1,33,93,94,-1,94,93,95,-1,94,95,96,-1,96,95,97,-1,96,97,98,-1,98,97,99,-1,98,99,100,-1,100,99,101,-1,100,101,102,-1,102,101,103,-1,102,103,62,-1,62,103,104,-1,62,104,63,-1,105,106,107,-1,107,106,108,-1,107,108,28,-1,28,108,109,-1,28,109,26,-1,110,111,112,-1,112,111,113,-1,112,113,114,-1,114,113,115,-1,114,115,116,-1,116,115,117,-1,116,117,118,-1,118,117,119,-1,118,119,14,-1,14,119,120,-1,14,120,13,-1,38,37,121,-1,121,37,122,-1,121,122,123,-1,123,122,124,-1,123,124,125,-1,125,124,126,-1,125,126,127,-1,127,126,128,-1,127,128,105,-1,105,128,129,-1,105,129,106,-1,2,130,0,-1,0,130,131,-1,0,131,132,-1,132,131,133,-1,132,133,134,-1,134,133,135,-1,134,135,110,-1,110,135,136,-1,110,136,111,-1,137,138,139,-1,71,140,72,-1,72,140,137,-1,72,137,141,-1,141,137,139,-1,142,143,137,-1,137,143,144,-1,137,144,138,-1,145,146,147,-1,146,148,147,-1,147,148,149,-1,147,149,150,-1,142,137,147,-1,147,137,151,-1,147,151,145,-1,98,152,153,-1,98,153,96,-1,96,153,154,-1,96,154,94,-1,154,155,94,-1,94,155,156,-1,94,156,33,-1,156,157,33,-1,33,157,158,-1,33,158,32,-1,32,158,159,-1,32,159,30,-1,30,159,160,-1,30,160,28,-1,28,160,161,-1,28,161,107,-1,107,161,162,-1,107,162,105,-1,105,162,127,-1,127,162,163,-1,163,164,127,-1,127,164,165,-1,127,165,125,-1,125,165,166,-1,125,166,123,-1,167,36,168,-1,168,36,38,-1,168,38,169,-1,169,38,121,-1,169,121,170,-1,170,121,123,-1,170,123,166,-1,36,167,171,-1,36,171,34,-1,34,171,172,-1,34,172,6,-1,6,172,173,-1,6,173,41,-1,41,173,174,-1,41,174,15,-1,15,174,175,-1,15,175,2,-1,2,175,176,-1,2,176,130,-1,130,176,177,-1,130,177,131,-1,131,177,178,-1,131,178,133,-1,136,135,179,-1,179,135,133,-1,179,133,178,-1,179,180,136,-1,136,180,181,-1,136,181,111,-1,111,181,182,-1,182,183,111,-1,111,183,184,-1,111,184,113,-1,113,184,185,-1,113,185,115,-1,115,185,186,-1,115,186,117,-1,117,186,187,-1,117,187,119,-1,119,187,188,-1,119,188,120,-1,120,188,189,-1,120,189,13,-1,13,189,190,-1,13,190,12,-1,12,190,191,-1,12,191,25,-1,191,192,25,-1,25,192,193,-1,25,193,24,-1,24,193,194,-1,24,194,55,-1,55,194,195,-1,55,195,53,-1,195,196,53,-1,53,196,197,-1,53,197,51,-1,51,197,198,-1,51,198,49,-1,199,20,5,-1,49,198,200,-1,49,200,47,-1,47,200,201,-1,47,201,21,-1,201,202,21,-1,21,202,203,-1,21,203,22,-1,22,203,204,-1,22,204,3,-1,3,204,205,-1,3,205,4,-1,4,205,206,-1,4,206,5,-1,5,206,207,-1,5,207,199,-1,18,20,208,-1,208,20,199,-1,16,18,209,-1,209,18,208,-1,17,16,210,-1,210,16,209,-1,19,17,211,-1,211,17,210,-1,19,211,212,-1,19,212,89,-1,89,212,213,-1,89,213,87,-1,87,213,214,-1,87,214,85,-1,85,214,215,-1,85,215,83,-1,83,215,216,-1,83,216,81,-1,81,216,217,-1,81,217,79,-1,79,217,218,-1,79,218,77,-1,77,218,219,-1,77,219,75,-1,75,219,220,-1,75,220,11,-1,11,220,221,-1,11,221,14,-1,14,221,222,-1,14,222,118,-1,118,222,223,-1,118,223,116,-1,116,223,224,-1,116,224,114,-1,114,224,225,-1,114,225,112,-1,225,226,112,-1,112,226,110,-1,226,227,110,-1,110,227,228,-1,110,228,134,-1,134,228,229,-1,134,229,132,-1,229,230,132,-1,132,230,231,-1,132,231,0,-1,0,231,232,-1,0,232,1,-1,1,232,233,-1,1,233,39,-1,39,233,234,-1,39,234,40,-1,40,234,235,-1,40,235,42,-1,42,235,236,-1,42,236,43,-1,43,236,237,-1,43,237,7,-1,7,237,238,-1,7,238,8,-1,8,238,239,-1,8,239,35,-1,35,239,240,-1,35,240,37,-1,37,240,241,-1,37,241,122,-1,122,241,242,-1,122,242,124,-1,243,26,244,-1,244,26,109,-1,244,109,245,-1,245,109,108,-1,245,108,246,-1,246,108,106,-1,246,106,247,-1,247,106,129,-1,247,129,248,-1,248,129,128,-1,248,128,249,-1,249,128,126,-1,249,126,250,-1,250,126,124,-1,250,124,242,-1,27,26,251,-1,251,26,243,-1,27,251,252,-1,27,252,29,-1,29,252,253,-1,29,253,31,-1,31,253,254,-1,31,254,92,-1,92,254,255,-1,92,255,93,-1,93,255,256,-1,93,256,95,-1,256,257,95,-1,95,257,258,-1,95,258,97,-1,97,258,259,-1,97,259,99,-1,99,259,260,-1,99,260,101,-1,101,260,261,-1,101,261,103,-1,103,261,262,-1,103,262,104,-1,104,262,263,-1,104,263,63,-1,63,263,264,-1,63,264,65,-1,65,264,265,-1,65,265,67,-1,67,265,266,-1,67,266,69,-1,71,69,267,-1,267,69,266,-1,71,267,268,-1,71,268,140,-1,140,268,269,-1,140,269,137,-1,137,269,270,-1,137,270,151,-1,151,270,271,-1,151,271,145,-1,145,271,272,-1,145,272,146,-1,146,272,273,-1,146,273,148,-1,148,273,274,-1,148,274,149,-1,149,274,275,-1,149,275,150,-1,150,275,276,-1,150,276,147,-1,147,276,277,-1,147,277,142,-1,142,277,278,-1,142,278,143,-1,143,278,279,-1,143,279,144,-1,144,279,280,-1,144,280,138,-1,138,280,281,-1,138,281,139,-1,139,281,282,-1,139,282,141,-1,141,282,283,-1,141,283,72,-1,72,283,284,-1,72,284,70,-1,68,70,285,-1,285,70,284,-1,68,285,286,-1,68,286,66,-1,66,286,287,-1,66,287,64,-1,64,287,288,-1,64,288,62,-1,62,288,289,-1,62,289,102,-1,102,289,290,-1,102,290,100,-1,100,290,152,-1,100,152,98,-1,84,291,292,-1,84,292,86,-1,86,292,293,-1,86,293,88,-1,88,293,294,-1,88,294,90,-1,90,294,295,-1,90,295,91,-1,91,295,296,-1,91,296,58,-1,58,296,297,-1,58,297,59,-1,59,297,298,-1,59,298,60,-1,60,298,299,-1,60,299,61,-1,61,299,300,-1,61,300,44,-1,44,300,301,-1,44,301,45,-1,45,301,302,-1,45,302,46,-1,46,302,303,-1,46,303,48,-1,48,303,304,-1,48,304,50,-1,50,304,305,-1,50,305,52,-1,52,305,306,-1,52,306,54,-1,54,306,307,-1,54,307,56,-1,56,307,308,-1,56,308,57,-1,57,308,309,-1,57,309,23,-1,23,309,310,-1,23,310,9,-1,9,310,311,-1,9,311,10,-1,10,311,312,-1,10,312,73,-1,73,312,313,-1,73,313,74,-1,74,313,314,-1,74,314,76,-1,76,314,315,-1,76,315,78,-1,78,315,316,-1,78,316,80,-1,80,316,317,-1,80,317,82,-1,82,317,291,-1,82,291,84,-1,
        ]
    }
}
Shape{
    appearance Appearance {
        material  Material 	{
            diffuseColor 0.5019607843137255 0.5019607843137255 0.5019607843137255
            specularColor 0.25098039215686274 0.25098039215686274 0.25098039215686274
            ambientIntensity 0.502
            transparency 0.0
            shininess 0.5
        }
    }
    geometry IndexedFaceSet {
        ccw TRUE
        solid FALSE
        coord DEF co Coordinate {
            point [
                0.5072 -0.0927 0.5945, 0.4937 -0.0976 0.5945, 0.4945 -0.0984 0.5945, 0.4917 -0.0924 0.5945, 0.4919 -0.0943 0.5945, 0.4926 -0.096 0.5945, 0.5019 -0.0997 0.5945, 0.5035 -0.0989 0.5945, 0.505 -0.0978 0.5945, 0.4919 -0.0906 0.5945, 0.5072 -0.0924 0.5945, 0.5069 -0.0904 0.5945, 0.5063 -0.0887 0.5945, 0.5052 -0.0871 0.5945, 0.5039 -0.086 0.5945, 0.4986 -0.0846 0.5945, 0.4967 -0.0851 0.5945, 0.4951 -0.0859 0.5945, 0.4936 -0.0872 0.5945, 0.4925 -0.0888 0.5945, 0.4962 -0.0994 0.5945, 0.4981 -0.1 0.5945, 0.5 -0.1001 0.5945, 0.5061 -0.0963 0.5945, 0.5069 -0.0945 0.5945, 0.5022 -0.0851 0.5945, 0.5003 -0.0846 0.5945
            ]
        }
        coordIndex [
            0,1,2,-1,3,4,0,-1,0,4,5,-1,0,5,1,-1,6,7,2,-1,2,7,8,-1,3,0,9,-1,9,0,10,-1,9,10,11,-1,11,12,9,-1,9,12,13,-1,9,13,14,-1,9,15,16,-1,16,17,9,-1,9,17,18,-1,9,18,19,-1,20,21,2,-1,2,21,22,-1,2,22,6,-1,8,23,2,-1,2,23,24,-1,2,24,0,-1,14,25,9,-1,9,25,26,-1,9,26,15,-1,
        ]
    }
}
Shape{
    appearance Appearance {
        material  Material 	{
            diffuseColor 1.0 1.0 1.0
            specularColor 0.5019607843137255 0.5019607843137255 0.5019607843137255
            ambientIntensity 1.0
            transparency 0.0
            shininess 0.5
        }
    }
    geometry IndexedFaceSet {
        ccw TRUE
        solid FALSE
        coord DEF co Coordinate {
            point [
                -0.587 -0.2952 0.0433, -0.587 -0.2952 0.0, -0.5835 -0.3013 0.0, -0.5835 -0.3013 0.0433, -0.579 -0.3067 0.0, -0.579 -0.3067 0.0433, -0.5037 -0.3821 0.0, -0.5037 -0.3821 0.0433, -0.4974 -0.3902 0.0433, -0.4974 -0.3902 0.0, -0.4935 -0.3997 0.0433, -0.4935 -0.3997 0.0, -0.4921 -0.4099 0.0433, -0.4921 -0.4099 0.0, -0.4921 -0.5511 0.0, -0.4921 -0.5511 0.0433, -0.4908 -0.5613 0.0, -0.4908 -0.5613 0.0433, -0.4869 -0.5708 0.0, -0.4869 -0.5708 0.0433, -0.4806 -0.5789 0.0, -0.4806 -0.5789 0.0433, -0.4724 -0.5852 0.0, -0.4724 -0.5852 0.0433, -0.4629 -0.5891 0.0, -0.4629 -0.5891 0.0433, -0.4528 -0.5905 0.0, -0.4528 -0.5905 0.0433, 0.4528 -0.5905 0.0, 0.4528 -0.5905 0.0433, 0.4629 -0.5891 0.0, 0.4629 -0.5891 0.0433, 0.4724 -0.5852 0.0, 0.4724 -0.5852 0.0433, 0.4806 -0.5789 0.0, 0.4806 -0.5789 0.0433, 0.4869 -0.5708 0.0, 0.4869 -0.5708 0.0433, 0.4908 -0.5613 0.0, 0.4908 -0.5613 0.0433, 0.4921 -0.5511 0.0, 0.4921 -0.5511 0.0433, 0.4921 -0.4099 0.0, 0.4921 -0.4099 0.0433, 0.4935 -0.3997 0.0433, 0.4935 -0.3997 0.0, 0.4974 -0.3902 0.0433, 0.4974 -0.3902 0.0, 0.5037 -0.3821 0.0433, 0.5037 -0.3821 0.0, 0.579 -0.3067 0.0, 0.579 -0.3067 0.0433, 0.5835 -0.3013 0.0, 0.5835 -0.3013 0.0433, 0.587 -0.2952 0.0, 0.587 -0.2952 0.0433
            ]
        }
        coordIndex [
            0,1,2,-1,0,2,3,-1,3,2,4,-1,3,4,5,-1,6,7,4,-1,4,7,5,-1,7,6,8,-1,8,6,9,-1,8,9,10,-1,10,9,11,-1,10,11,12,-1,12,11,13,-1,14,15,13,-1,13,15,12,-1,15,14,16,-1,15,16,17,-1,17,16,18,-1,17,18,19,-1,19,18,20,-1,19,20,21,-1,21,20,22,-1,21,22,23,-1,23,22,24,-1,23,24,25,-1,25,24,26,-1,25,26,27,-1,28,29,26,-1,26,29,27,-1,29,28,30,-1,29,30,31,-1,31,30,32,-1,31,32,33,-1,33,32,34,-1,33,34,35,-1,35,34,36,-1,35,36,37,-1,37,36,38,-1,37,38,39,-1,39,38,40,-1,39,40,41,-1,42,43,40,-1,40,43,41,-1,43,42,44,-1,44,42,45,-1,44,45,46,-1,46,45,47,-1,46,47,48,-1,48,47,49,-1,50,51,49,-1,49,51,48,-1,51,50,52,-1,51,52,53,-1,53,52,54,-1,53,54,55,-1,1,0,54,-1,54,0,55,-1,0,46,48,-1,5,7,44,-1,48,51,0,-1,0,51,53,-1,0,53,55,-1,46,0,44,-1,44,0,3,-1,44,3,5,-1,7,8,44,-1,44,8,10,-1,44,10,43,-1,43,10,12,-1,43,12,41,-1,41,12,15,-1,19,21,23,-1,23,25,19,-1,19,25,27,-1,19,27,17,-1,37,29,35,-1,35,29,31,-1,35,31,33,-1,37,39,29,-1,29,39,41,-1,29,41,27,-1,27,41,15,-1,27,15,17,-1,16,14,26,-1,54,52,1,-1,1,52,50,-1,1,50,49,-1,11,9,45,-1,45,9,6,-1,45,6,4,-1,26,14,28,-1,49,47,1,-1,1,47,45,-1,1,45,2,-1,2,45,4,-1,11,45,13,-1,13,45,42,-1,13,42,14,-1,14,42,40,-1,14,40,28,-1,26,24,22,-1,34,40,36,-1,36,40,38,-1,22,20,26,-1,26,20,18,-1,26,18,16,-1,34,32,40,-1,40,32,30,-1,40,30,28,-1,
        ]
    }
}