#VRML V2.0 utf8
# 3D model generated by easyeda2kicad.py (https://github.com/uPesy/easyeda2kicad.py)

Shape{
    appearance Appearance {
        material  Material 	{
            diffuseColor 0.20784313725490197 0.20784313725490197 0.20784313725490197
            specularColor 0.01568627450980392 0.01568627450980392 0.01568627450980392
            ambientIntensity 0.298
            transparency 0.0
            shininess 0.5
        }
    }
    geometry IndexedFaceSet {
        ccw TRUE
        solid FALSE
        coord DEF co Coordinate {
            point [
                -0.5512 0.9705 0.1772, -0.7087 0.9705 0.1772, -1.0236 1.1122 0.1772, -0.5512 0.8721 0.1772, -0.1575 0.8209 0.1772, -1.0236 0.8209 0.1772, -0.7087 0.8721 0.1772, -1.0236 1.2539 0.1772, -0.1575 1.2539 0.1772, -0.1575 1.1122 0.1772, -0.3937 0.9705 0.1772, -0.3937 0.8721 0.1772, -0.2362 0.8721 0.1772, -0.2362 0.9705 0.1772, 0.0788 0.9705 0.1772, -0.0787 0.9705 0.1772, 1.0236 1.1122 0.1772, 0.7087 0.9705 0.1772, 0.5512 0.9705 0.1772, 0.0788 0.8721 0.1772, 1.0236 0.8209 0.1772, -0.0787 0.8721 0.1772, 0.7087 0.8721 0.1772, 0.5512 0.8721 0.1772, 0.2362 0.9705 0.1772, 0.3937 0.9705 0.1772, 0.3937 0.8721 0.1772, 1.0236 1.2539 0.1772, 0.2362 0.8721 0.1772, -1.3583 1.2539 1.2598, -1.3583 -0.0846 1.2598, -1.3542 -0.0846 1.2904, -1.3542 1.2539 1.2904, -1.3424 -0.0846 1.3189, -1.3424 1.2539 1.3189, -1.3237 -0.0846 1.3434, -1.3237 1.2539 1.3434, -1.2992 -0.0846 1.3621, -1.2992 1.2539 1.3621, -1.2707 -0.0846 1.3739, -1.2707 1.2539 1.3739, -1.2401 -0.0846 1.378, -1.2401 1.2539 1.378, 1.2402 1.2539 1.378, 1.2402 -0.0846 1.378, 1.2707 -0.0846 1.3739, 1.2707 1.2539 1.3739, 1.2992 -0.0846 1.3621, 1.2992 1.2539 1.3621, 1.3237 -0.0846 1.3434, 1.3237 1.2539 1.3434, 1.3425 -0.0846 1.3189, 1.3425 1.2539 1.3189, 1.3543 -0.0846 1.2904, 1.3543 1.2539 1.2904, 1.3583 -0.0846 1.2598, 1.3583 1.2539 1.2598, 1.3583 -1.5413 0.6849, 1.3583 -1.5413 0.0, 1.3583 -0.0846 0.6849, 1.3583 1.2539 0.0, -1.3583 -0.0846 0.6849, -1.3583 1.2539 0.0, -1.3583 -1.5413 0.6849, -1.3583 -1.5413 0.0, 0.9069 0.225 0.0, 0.8662 0.2303 0.0, 1.0236 0.8209 0.0, 1.0236 1.2539 0.0, -1.0025 -0.0059 0.0, -0.9775 -0.0385 0.0, -0.9449 -0.0635 0.0, -0.9069 -0.0793 0.0, -1.0236 1.2539 0.0, -1.0236 0.8209 0.0, -0.7874 -0.0635 0.0, -0.8254 -0.0793 0.0, -0.8661 -0.0846 0.0, 0.9069 -0.0793 0.0, 0.8662 -0.0846 0.0, 0.8254 -0.0793 0.0, -0.8661 0.2303 0.0, -0.9069 0.225 0.0, -0.9449 0.2092 0.0, -0.9775 0.1842 0.0, -1.0025 0.1516 0.0, -0.7297 0.1516 0.0, -0.7548 0.1842 0.0, -0.7874 0.2092 0.0, -0.8254 0.225 0.0, 0.9449 -0.0635 0.0, 0.9775 -0.0385 0.0, 1.0025 -0.0059 0.0, 1.0025 0.1516 0.0, 0.9775 0.1842 0.0, 0.9449 0.2092 0.0, 0.8254 0.225 0.0, 0.7874 0.2092 0.0, -1.0182 0.1136 0.0, -1.0236 0.0728 0.0, -1.0182 0.0321 0.0, -0.7297 -0.0059 0.0, 0.7548 -0.0385 0.0, -0.7548 -0.0385 0.0, 0.7874 -0.0635 0.0, 1.0183 0.0321 0.0, 1.0236 0.0728 0.0, 1.0183 0.1136 0.0, 0.7548 0.1842 0.0, 0.7298 0.1516 0.0, -0.714 0.1136 0.0, 0.714 0.1136 0.0, -0.7087 0.0728 0.0, 0.7087 0.0728 0.0, -0.714 0.0321 0.0, 0.714 0.0321 0.0, 0.7298 -0.0059 0.0, -0.6912 -0.0846 0.3346, -1.0957 -0.0846 0.1378, 0.6912 -0.0846 0.3346, 1.0957 -0.0846 0.1378, 1.1161 -0.0846 0.1405, 1.2532 -0.0846 0.6849, 0.9055 -0.0846 0.9305, 1.1744 -0.0846 0.6061, 0.9055 -0.0846 0.6102, 1.1744 -0.0846 0.2165, 1.1717 -0.0846 0.1962, 1.1639 -0.0846 0.1772, -1.2532 -0.0846 0.6849, -1.1639 -0.0846 0.1772, -1.1513 -0.0846 0.1609, -1.1717 -0.0846 0.1962, -1.135 -0.0846 0.1483, -1.116 -0.0846 0.1405, 1.135 -0.0846 0.1483, 1.1514 -0.0846 0.1609, 0.8465 -0.0846 0.9646, -0.8714 -0.0846 0.9646, -0.9055 -0.0846 0.9055, -0.9055 -0.0846 0.6102, -1.1744 -0.0846 0.6061, -1.1744 -0.0846 0.2165, -0.6912 -1.7382 0.3346, 0.6912 -1.7382 0.3346, 0.8788 -1.8397 0.5758, 0.9055 -1.7934 0.6102, 0.9055 -1.7934 0.9305, 0.8465 -1.7934 0.9646, 0.8839 -1.8308 0.943, -0.8714 -1.7934 0.9646, -0.9055 -1.7934 0.9055, -0.8839 -1.8308 0.943, -0.9055 -1.7934 0.6102, -0.8787 -1.8397 0.5758, 0.8465 -1.8957 0.9055, -0.8464 -1.8957 0.9055, 0.8465 -1.8957 0.7087, -0.8464 -1.8957 0.7087, 1.2532 -1.5413 0.6849, 1.1744 -1.5413 0.6061, 1.1744 -1.5413 0.2165, 1.1717 -1.5413 0.1962, 1.1639 -1.5413 0.1772, 1.1514 -1.5413 0.1609, 1.135 -1.5413 0.1483, 1.1161 -1.5413 0.1405, 1.0957 -1.5413 0.1378, -1.0957 -1.5413 0.1378, -1.116 -1.5413 0.1405, -1.135 -1.5413 0.1483, -1.1513 -1.5413 0.1609, -1.1639 -1.5413 0.1772, -1.1717 -1.5413 0.1962, -1.1744 -1.5413 0.2165, -1.1744 -1.5413 0.6061, -1.2532 -1.5413 0.6849
            ]
        }
        coordIndex [
            0,1,2,-1,3,4,5,-1,2,1,5,-1,5,1,6,-1,5,6,3,-1,7,8,2,-1,2,8,9,-1,2,9,0,-1,0,9,10,-1,0,10,3,-1,3,10,11,-1,3,11,4,-1,4,11,12,-1,4,12,9,-1,9,12,13,-1,9,13,10,-1,14,15,9,-1,16,17,18,-1,19,20,4,-1,9,15,4,-1,4,15,21,-1,4,21,19,-1,17,16,22,-1,22,16,20,-1,22,20,23,-1,24,16,25,-1,25,16,18,-1,25,18,26,-1,8,27,9,-1,9,27,16,-1,9,16,14,-1,14,16,24,-1,14,24,19,-1,19,24,28,-1,19,28,20,-1,20,28,26,-1,20,26,23,-1,23,26,18,-1,29,30,31,-1,29,31,32,-1,32,31,33,-1,32,33,34,-1,34,33,35,-1,34,35,36,-1,36,35,37,-1,36,37,38,-1,38,37,39,-1,38,39,40,-1,40,39,41,-1,40,41,42,-1,42,41,43,-1,43,41,44,-1,43,44,45,-1,43,45,46,-1,46,45,47,-1,46,47,48,-1,48,47,49,-1,48,49,50,-1,50,49,51,-1,50,51,52,-1,52,51,53,-1,52,53,54,-1,54,53,55,-1,54,55,56,-1,57,58,59,-1,59,58,60,-1,59,60,55,-1,55,60,56,-1,30,29,61,-1,61,29,62,-1,61,62,63,-1,63,62,64,-1,65,66,60,-1,60,66,67,-1,60,67,68,-1,69,70,64,-1,64,70,71,-1,64,71,72,-1,62,73,74,-1,75,58,76,-1,76,58,64,-1,76,64,77,-1,77,64,72,-1,78,58,79,-1,79,58,80,-1,81,82,74,-1,74,82,83,-1,74,83,62,-1,62,83,84,-1,62,84,85,-1,86,87,67,-1,67,87,88,-1,67,88,74,-1,74,88,89,-1,74,89,81,-1,78,90,58,-1,58,90,91,-1,58,91,92,-1,93,94,60,-1,60,94,95,-1,60,95,65,-1,66,96,67,-1,67,96,97,-1,67,97,86,-1,85,98,62,-1,62,98,99,-1,62,99,64,-1,64,99,100,-1,64,100,69,-1,101,102,103,-1,103,102,75,-1,75,102,58,-1,58,102,104,-1,58,104,80,-1,92,105,58,-1,58,105,106,-1,58,106,60,-1,60,106,107,-1,60,107,93,-1,97,108,86,-1,86,108,109,-1,86,109,110,-1,110,109,111,-1,110,111,112,-1,112,111,113,-1,112,113,114,-1,114,113,115,-1,114,115,101,-1,101,115,116,-1,101,116,102,-1,5,74,2,-1,2,74,73,-1,2,73,7,-1,67,20,68,-1,68,20,16,-1,68,16,27,-1,117,118,119,-1,119,118,120,-1,119,120,121,-1,59,55,122,-1,122,55,123,-1,122,123,124,-1,124,123,125,-1,124,125,126,-1,126,125,119,-1,126,119,127,-1,127,119,128,-1,61,129,30,-1,30,129,41,-1,30,41,31,-1,31,41,39,-1,39,37,31,-1,31,37,35,-1,31,35,33,-1,130,131,117,-1,55,53,123,-1,123,53,51,-1,123,51,49,-1,130,117,132,-1,131,133,117,-1,117,133,134,-1,117,134,118,-1,121,135,119,-1,119,135,136,-1,119,136,128,-1,49,47,123,-1,123,47,45,-1,123,45,137,-1,137,45,44,-1,137,44,138,-1,138,44,41,-1,138,41,139,-1,139,41,129,-1,139,129,140,-1,140,129,141,-1,140,141,117,-1,117,141,142,-1,117,142,132,-1,143,117,144,-1,144,117,119,-1,145,144,146,-1,146,144,119,-1,146,119,125,-1,146,125,147,-1,147,125,123,-1,123,137,147,-1,147,137,148,-1,147,148,149,-1,148,137,150,-1,150,137,138,-1,138,139,150,-1,150,139,151,-1,150,151,152,-1,151,139,153,-1,153,139,140,-1,140,117,153,-1,153,117,143,-1,153,143,154,-1,155,156,157,-1,157,156,158,-1,143,144,154,-1,154,144,145,-1,154,145,158,-1,158,145,157,-1,145,146,157,-1,157,146,147,-1,157,147,155,-1,155,147,149,-1,156,152,158,-1,158,152,151,-1,158,151,154,-1,154,151,153,-1,148,150,152,-1,152,156,148,-1,148,156,155,-1,148,155,149,-1,159,57,122,-1,122,57,59,-1,160,159,124,-1,124,159,122,-1,161,160,126,-1,126,160,124,-1,161,126,162,-1,162,126,127,-1,162,127,163,-1,163,127,128,-1,163,128,164,-1,164,128,136,-1,164,136,165,-1,165,136,135,-1,165,135,166,-1,166,135,121,-1,166,121,167,-1,167,121,120,-1,168,167,118,-1,118,167,120,-1,168,118,169,-1,169,118,134,-1,169,134,170,-1,170,134,133,-1,170,133,171,-1,171,133,131,-1,171,131,172,-1,172,131,130,-1,172,130,173,-1,173,130,132,-1,173,132,174,-1,174,132,142,-1,175,174,141,-1,141,174,142,-1,176,175,129,-1,129,175,141,-1,63,176,61,-1,61,176,129,-1,174,175,176,-1,165,58,164,-1,164,58,163,-1,159,160,57,-1,57,160,161,-1,57,161,58,-1,58,161,162,-1,58,162,163,-1,169,170,64,-1,64,170,171,-1,64,171,172,-1,165,166,58,-1,58,166,167,-1,58,167,64,-1,64,167,168,-1,64,168,169,-1,172,173,64,-1,64,173,174,-1,64,174,63,-1,63,174,176,-1,20,67,4,-1,4,67,74,-1,4,74,5,-1,
        ]
    }
}
Shape{
    appearance Appearance {
        material  Material 	{
            diffuseColor 0.6666666666666666 0.6666666666666666 0.6666666666666666
            specularColor 0.4666666666666667 0.4666666666666667 0.4666666666666667
            ambientIntensity 0.6667
            transparency 0.0
            shininess 0.5
        }
    }
    geometry IndexedFaceSet {
        ccw TRUE
        solid FALSE
        coord DEF co Coordinate {
            point [
                0.5512 0.8721 0.1772, 0.5512 0.8721 0.1181, 0.7087 0.8721 0.1772, 0.7087 0.8721 0.1181, 0.7087 0.9705 0.1772, 0.7087 0.9705 0.1181, 0.5512 0.9705 0.1772, 0.5512 0.9705 0.1181, 0.7087 0.9715 0.1094, 0.7087 0.8755 0.0874, 0.7087 0.9744 0.101, 0.7087 0.8857 0.0583, 0.7087 0.9791 0.0936, 0.7087 0.9021 0.0322, 0.7087 0.9853 0.0873, 0.7087 0.924 0.0104, 0.7087 0.9928 0.0826, 0.7087 0.9501 -0.006, 0.7087 1.0011 0.0797, 0.7087 0.9792 -0.0162, 0.7087 1.0099 0.0787, 0.7087 1.0099 -0.0197, 0.7087 1.3721 0.0787, 0.7087 1.3721 -0.0197, 0.5512 1.3721 0.0787, 0.5512 1.3721 -0.0197, 0.5512 1.0099 0.0787, 0.5512 1.0099 -0.0197, 0.5512 1.0011 0.0797, 0.5512 0.9792 -0.0162, 0.5512 0.9928 0.0826, 0.5512 0.9501 -0.006, 0.5512 0.9853 0.0873, 0.5512 0.924 0.0104, 0.5512 0.9791 0.0936, 0.5512 0.9021 0.0322, 0.5512 0.9744 0.101, 0.5512 0.8857 0.0583, 0.5512 0.9715 0.1094, 0.5512 0.8755 0.0874, 0.2362 0.8721 0.1772, 0.2362 0.8721 0.1181, 0.3937 0.8721 0.1772, 0.3937 0.8721 0.1181, 0.3937 0.9705 0.1772, 0.3937 0.9705 0.1181, 0.2362 0.9705 0.1772, 0.2362 0.9705 0.1181, 0.3937 0.9715 0.1094, 0.3937 0.8755 0.0874, 0.3937 0.9744 0.101, 0.3937 0.8857 0.0583, 0.3937 0.9791 0.0936, 0.3937 0.9021 0.0322, 0.3937 0.9853 0.0873, 0.3937 0.924 0.0104, 0.3937 0.9928 0.0826, 0.3937 0.9501 -0.006, 0.3937 1.0011 0.0797, 0.3937 0.9792 -0.0162, 0.3937 1.0099 0.0787, 0.3937 1.0099 -0.0197, 0.3937 1.3721 0.0787, 0.3937 1.3721 -0.0197, 0.2362 1.3721 0.0787, 0.2362 1.3721 -0.0197, 0.2362 1.0099 0.0787, 0.2362 1.0099 -0.0197, 0.2362 1.0011 0.0797, 0.2362 0.9792 -0.0162, 0.2362 0.9928 0.0826, 0.2362 0.9501 -0.006, 0.2362 0.9853 0.0873, 0.2362 0.924 0.0104, 0.2362 0.9791 0.0936, 0.2362 0.9021 0.0322, 0.2362 0.9744 0.101, 0.2362 0.8857 0.0583, 0.2362 0.9715 0.1094, 0.2362 0.8755 0.0874, -0.0787 0.8721 0.1772, -0.0787 0.8721 0.1181, 0.0788 0.8721 0.1772, 0.0788 0.8721 0.1181, 0.0788 0.9705 0.1772, 0.0788 0.9705 0.1181, -0.0787 0.9705 0.1772, -0.0787 0.9705 0.1181, 0.0788 0.9715 0.1094, 0.0788 0.8755 0.0874, 0.0788 0.9744 0.101, 0.0788 0.8857 0.0583, 0.0788 0.9791 0.0936, 0.0788 0.9021 0.0322, 0.0788 0.9853 0.0873, 0.0788 0.924 0.0104, 0.0788 0.9928 0.0826, 0.0788 0.9501 -0.006, 0.0788 1.0011 0.0797, 0.0788 0.9792 -0.0162, 0.0788 1.0099 0.0787, 0.0788 1.0099 -0.0197, 0.0788 1.3721 0.0787, 0.0788 1.3721 -0.0197, -0.0787 1.3721 0.0787, -0.0787 1.3721 -0.0197, -0.0787 1.0099 0.0787, -0.0787 1.0099 -0.0197, -0.0787 1.0011 0.0797, -0.0787 0.9792 -0.0162, -0.0787 0.9928 0.0826, -0.0787 0.9501 -0.006, -0.0787 0.9853 0.0873, -0.0787 0.924 0.0104, -0.0787 0.9791 0.0936, -0.0787 0.9021 0.0322, -0.0787 0.9744 0.101, -0.0787 0.8857 0.0583, -0.0787 0.9715 0.1094, -0.0787 0.8755 0.0874, -0.3937 0.8721 0.1772, -0.3937 0.8721 0.1181, -0.2362 0.8721 0.1772, -0.2362 0.8721 0.1181, -0.2362 0.9705 0.1772, -0.2362 0.9705 0.1181, -0.3937 0.9705 0.1772, -0.3937 0.9705 0.1181, -0.2362 0.9715 0.1094, -0.2362 0.8755 0.0874, -0.2362 0.9744 0.101, -0.2362 0.8857 0.0583, -0.2362 0.9791 0.0936, -0.2362 0.9021 0.0322, -0.2362 0.9853 0.0873, -0.2362 0.924 0.0104, -0.2362 0.9928 0.0826, -0.2362 0.9501 -0.006, -0.2362 1.0011 0.0797, -0.2362 0.9792 -0.0162, -0.2362 1.0099 0.0787, -0.2362 1.0099 -0.0197, -0.2362 1.3721 0.0787, -0.2362 1.3721 -0.0197, -0.3937 1.3721 0.0787, -0.3937 1.3721 -0.0197, -0.3937 1.0099 0.0787, -0.3937 1.0099 -0.0197, -0.3937 1.0011 0.0797, -0.3937 0.9792 -0.0162, -0.3937 0.9928 0.0826, -0.3937 0.9501 -0.006, -0.3937 0.9853 0.0873, -0.3937 0.924 0.0104, -0.3937 0.9791 0.0936, -0.3937 0.9021 0.0322, -0.3937 0.9744 0.101, -0.3937 0.8857 0.0583, -0.3937 0.9715 0.1094, -0.3937 0.8755 0.0874, -0.7087 0.8721 0.1772, -0.7087 0.8721 0.1181, -0.5512 0.8721 0.1772, -0.5512 0.8721 0.1181, -0.5512 0.9705 0.1772, -0.5512 0.9705 0.1181, -0.7087 0.9705 0.1772, -0.7087 0.9705 0.1181, -0.5512 0.9715 0.1094, -0.5512 0.8755 0.0874, -0.5512 0.9744 0.101, -0.5512 0.8857 0.0583, -0.5512 0.9791 0.0936, -0.5512 0.9021 0.0322, -0.5512 0.9853 0.0873, -0.5512 0.924 0.0104, -0.5512 0.9928 0.0826, -0.5512 0.9501 -0.006, -0.5512 1.0011 0.0797, -0.5512 0.9792 -0.0162, -0.5512 1.0099 0.0787, -0.5512 1.0099 -0.0197, -0.5512 1.3721 0.0787, -0.5512 1.3721 -0.0197, -0.7087 1.3721 0.0787, -0.7087 1.3721 -0.0197, -0.7087 1.0099 0.0787, -0.7087 1.0099 -0.0197, -0.7087 1.0011 0.0797, -0.7087 0.9792 -0.0162, -0.7087 0.9928 0.0826, -0.7087 0.9501 -0.006, -0.7087 0.9853 0.0873, -0.7087 0.924 0.0104, -0.7087 0.9791 0.0936, -0.7087 0.9021 0.0322, -0.7087 0.9744 0.101, -0.7087 0.8857 0.0583, -0.7087 0.9715 0.1094, -0.7087 0.8755 0.0874
            ]
        }
        coordIndex [
            0,1,2,-1,2,1,3,-1,4,5,6,-1,6,5,7,-1,4,2,5,-1,5,2,3,-1,5,3,8,-1,8,3,9,-1,8,9,10,-1,10,9,11,-1,10,11,12,-1,12,11,13,-1,12,13,14,-1,14,13,15,-1,14,15,16,-1,16,15,17,-1,16,17,18,-1,18,17,19,-1,18,19,20,-1,20,19,21,-1,20,21,22,-1,22,21,23,-1,24,25,26,-1,26,25,27,-1,26,27,28,-1,28,27,29,-1,28,29,30,-1,30,29,31,-1,30,31,32,-1,32,31,33,-1,32,33,34,-1,34,33,35,-1,34,35,36,-1,36,35,37,-1,36,37,38,-1,38,37,39,-1,38,39,7,-1,7,39,1,-1,7,1,6,-1,6,1,0,-1,3,1,39,-1,3,39,9,-1,9,39,37,-1,9,37,11,-1,11,37,35,-1,11,35,13,-1,13,35,33,-1,13,33,15,-1,15,33,31,-1,15,31,17,-1,17,31,29,-1,17,29,19,-1,19,29,27,-1,19,27,21,-1,23,21,25,-1,25,21,27,-1,22,23,24,-1,24,23,25,-1,20,22,26,-1,26,22,24,-1,20,26,18,-1,18,26,28,-1,18,28,16,-1,16,28,30,-1,16,30,14,-1,14,30,32,-1,14,32,12,-1,12,32,34,-1,12,34,10,-1,10,34,36,-1,10,36,8,-1,8,36,38,-1,8,38,5,-1,5,38,7,-1,40,41,42,-1,42,41,43,-1,44,45,46,-1,46,45,47,-1,44,42,45,-1,45,42,43,-1,45,43,48,-1,48,43,49,-1,48,49,50,-1,50,49,51,-1,50,51,52,-1,52,51,53,-1,52,53,54,-1,54,53,55,-1,54,55,56,-1,56,55,57,-1,56,57,58,-1,58,57,59,-1,58,59,60,-1,60,59,61,-1,60,61,62,-1,62,61,63,-1,64,65,66,-1,66,65,67,-1,66,67,68,-1,68,67,69,-1,68,69,70,-1,70,69,71,-1,70,71,72,-1,72,71,73,-1,72,73,74,-1,74,73,75,-1,74,75,76,-1,76,75,77,-1,76,77,78,-1,78,77,79,-1,78,79,47,-1,47,79,41,-1,47,41,46,-1,46,41,40,-1,43,41,79,-1,43,79,49,-1,49,79,77,-1,49,77,51,-1,51,77,75,-1,51,75,53,-1,53,75,73,-1,53,73,55,-1,55,73,71,-1,55,71,57,-1,57,71,69,-1,57,69,59,-1,59,69,67,-1,59,67,61,-1,63,61,65,-1,65,61,67,-1,62,63,64,-1,64,63,65,-1,60,62,66,-1,66,62,64,-1,60,66,58,-1,58,66,68,-1,58,68,56,-1,56,68,70,-1,56,70,54,-1,54,70,72,-1,54,72,52,-1,52,72,74,-1,52,74,50,-1,50,74,76,-1,50,76,48,-1,48,76,78,-1,48,78,45,-1,45,78,47,-1,80,81,82,-1,82,81,83,-1,84,85,86,-1,86,85,87,-1,84,82,85,-1,85,82,83,-1,85,83,88,-1,88,83,89,-1,88,89,90,-1,90,89,91,-1,90,91,92,-1,92,91,93,-1,92,93,94,-1,94,93,95,-1,94,95,96,-1,96,95,97,-1,96,97,98,-1,98,97,99,-1,98,99,100,-1,100,99,101,-1,100,101,102,-1,102,101,103,-1,104,105,106,-1,106,105,107,-1,106,107,108,-1,108,107,109,-1,108,109,110,-1,110,109,111,-1,110,111,112,-1,112,111,113,-1,112,113,114,-1,114,113,115,-1,114,115,116,-1,116,115,117,-1,116,117,118,-1,118,117,119,-1,118,119,87,-1,87,119,81,-1,87,81,86,-1,86,81,80,-1,83,81,119,-1,83,119,89,-1,89,119,117,-1,89,117,91,-1,91,117,115,-1,91,115,93,-1,93,115,113,-1,93,113,95,-1,95,113,111,-1,95,111,97,-1,97,111,109,-1,97,109,99,-1,99,109,107,-1,99,107,101,-1,103,101,105,-1,105,101,107,-1,102,103,104,-1,104,103,105,-1,100,102,106,-1,106,102,104,-1,100,106,98,-1,98,106,108,-1,98,108,96,-1,96,108,110,-1,96,110,94,-1,94,110,112,-1,94,112,92,-1,92,112,114,-1,92,114,90,-1,90,114,116,-1,90,116,88,-1,88,116,118,-1,88,118,85,-1,85,118,87,-1,120,121,122,-1,122,121,123,-1,124,125,126,-1,126,125,127,-1,124,122,125,-1,125,122,123,-1,125,123,128,-1,128,123,129,-1,128,129,130,-1,130,129,131,-1,130,131,132,-1,132,131,133,-1,132,133,134,-1,134,133,135,-1,134,135,136,-1,136,135,137,-1,136,137,138,-1,138,137,139,-1,138,139,140,-1,140,139,141,-1,140,141,142,-1,142,141,143,-1,144,145,146,-1,146,145,147,-1,146,147,148,-1,148,147,149,-1,148,149,150,-1,150,149,151,-1,150,151,152,-1,152,151,153,-1,152,153,154,-1,154,153,155,-1,154,155,156,-1,156,155,157,-1,156,157,158,-1,158,157,159,-1,158,159,127,-1,127,159,121,-1,127,121,126,-1,126,121,120,-1,123,121,159,-1,123,159,129,-1,129,159,157,-1,129,157,131,-1,131,157,155,-1,131,155,133,-1,133,155,153,-1,133,153,135,-1,135,153,151,-1,135,151,137,-1,137,151,149,-1,137,149,139,-1,139,149,147,-1,139,147,141,-1,143,141,145,-1,145,141,147,-1,142,143,144,-1,144,143,145,-1,140,142,146,-1,146,142,144,-1,140,146,138,-1,138,146,148,-1,138,148,136,-1,136,148,150,-1,136,150,134,-1,134,150,152,-1,134,152,132,-1,132,152,154,-1,132,154,130,-1,130,154,156,-1,130,156,128,-1,128,156,158,-1,128,158,125,-1,125,158,127,-1,160,161,162,-1,162,161,163,-1,164,165,166,-1,166,165,167,-1,164,162,165,-1,165,162,163,-1,165,163,168,-1,168,163,169,-1,168,169,170,-1,170,169,171,-1,170,171,172,-1,172,171,173,-1,172,173,174,-1,174,173,175,-1,174,175,176,-1,176,175,177,-1,176,177,178,-1,178,177,179,-1,178,179,180,-1,180,179,181,-1,180,181,182,-1,182,181,183,-1,184,185,186,-1,186,185,187,-1,186,187,188,-1,188,187,189,-1,188,189,190,-1,190,189,191,-1,190,191,192,-1,192,191,193,-1,192,193,194,-1,194,193,195,-1,194,195,196,-1,196,195,197,-1,196,197,198,-1,198,197,199,-1,198,199,167,-1,167,199,161,-1,167,161,166,-1,166,161,160,-1,163,161,199,-1,163,199,169,-1,169,199,197,-1,169,197,171,-1,171,197,195,-1,171,195,173,-1,173,195,193,-1,173,193,175,-1,175,193,191,-1,175,191,177,-1,177,191,189,-1,177,189,179,-1,179,189,187,-1,179,187,181,-1,183,181,185,-1,185,181,187,-1,182,183,184,-1,184,183,185,-1,180,182,186,-1,186,182,184,-1,180,186,178,-1,178,186,188,-1,178,188,176,-1,176,188,190,-1,176,190,174,-1,174,190,192,-1,174,192,172,-1,172,192,194,-1,172,194,170,-1,170,194,196,-1,170,196,168,-1,168,196,198,-1,168,198,165,-1,165,198,167,-1,
        ]
    }
}
Shape{
    appearance Appearance {
        material  Material 	{
            diffuseColor 0.20784313725490197 0.20784313725490197 0.20784313725490197
            specularColor 0.01568627450980392 0.01568627450980392 0.01568627450980392
            ambientIntensity 0.298
            transparency 0.0
            shininess 0.5
        }
    }
    geometry IndexedFaceSet {
        ccw TRUE
        solid FALSE
        coord DEF co Coordinate {
            point [
                0.8662 -0.0846 0.0, 0.9069 -0.0793 -0.1968, 0.9069 -0.0793 0.0, 0.9449 -0.0635 -0.1968, 0.9449 -0.0635 0.0, 0.9775 -0.0385 -0.1968, 0.9775 -0.0385 0.0, 1.0025 -0.0059 -0.1968, 1.0025 -0.0059 0.0, 1.0183 0.0321 -0.1968, 1.0183 0.0321 0.0, 1.0236 0.0728 -0.1968, 1.0236 0.0728 0.0, 1.0183 0.1136 -0.1968, 1.0183 0.1136 0.0, 1.0025 0.1516 -0.1968, 1.0025 0.1516 0.0, 0.9775 0.1842 -0.1968, 0.9775 0.1842 0.0, 0.9449 0.2092 -0.1968, 0.9449 0.2092 0.0, 0.9069 0.225 -0.1968, 0.9069 0.225 0.0, 0.8662 0.2303 -0.1968, 0.8662 0.2303 0.0, 0.8254 0.225 -0.1968, 0.8254 0.225 0.0, 0.7874 0.2092 -0.1968, 0.7874 0.2092 0.0, 0.7548 0.1842 -0.1968, 0.7548 0.1842 0.0, 0.7298 0.1516 -0.1968, 0.7298 0.1516 0.0, 0.714 0.1136 -0.1968, 0.714 0.1136 0.0, 0.7087 0.0728 -0.1968, 0.7087 0.0728 0.0, 0.714 0.0321 -0.1968, 0.714 0.0321 0.0, 0.7298 -0.0059 -0.1968, 0.7298 -0.0059 0.0, 0.7548 -0.0385 -0.1968, 0.7548 -0.0385 0.0, 0.7874 -0.0635 -0.1968, 0.7874 -0.0635 0.0, 0.8254 -0.0793 -0.1968, 0.8254 -0.0793 0.0, 0.8662 -0.0846 -0.1968, 0.8071 0.1751 -0.2362, 0.8356 0.1869 -0.2362, 0.8662 0.0728 -0.2362, 0.8662 0.191 -0.2362, 0.8967 0.1869 -0.2362, 0.7521 0.1034 -0.2362, 0.7639 0.1319 -0.2362, 0.7826 0.1564 -0.2362, 0.7639 0.0138 -0.2362, 0.7521 0.0423 -0.2362, 0.748 0.0728 -0.2362, 0.8356 -0.0412 -0.2362, 0.8071 -0.0294 -0.2362, 0.7826 -0.0107 -0.2362, 0.9252 -0.0294 -0.2362, 0.8967 -0.0412 -0.2362, 0.8662 -0.0453 -0.2362, 0.9802 0.0423 -0.2362, 0.9684 0.0138 -0.2362, 0.9497 -0.0107 -0.2362, 0.9684 0.1319 -0.2362, 0.9802 0.1034 -0.2362, 0.9843 0.0728 -0.2362, 0.9252 0.1751 -0.2362, 0.9497 0.1564 -0.2362, 0.8994 0.1968 -0.2349, 0.9303 0.184 -0.2349, 0.9569 0.1636 -0.2349, 0.9773 0.137 -0.2349, 0.9901 0.106 -0.2349, 0.9945 0.0728 -0.2349, 0.9901 0.0396 -0.2349, 0.9773 0.0087 -0.2349, 0.9569 -0.0179 -0.2349, 0.9303 -0.0383 -0.2349, 0.8994 -0.0511 -0.2349, 0.8662 -0.0555 -0.2349, 0.8329 -0.0511 -0.2349, 0.802 -0.0383 -0.2349, 0.7754 -0.0179 -0.2349, 0.755 0.0087 -0.2349, 0.7422 0.0396 -0.2349, 0.7379 0.0728 -0.2349, 0.7422 0.106 -0.2349, 0.755 0.137 -0.2349, 0.7754 0.1636 -0.2349, 0.802 0.184 -0.2349, 0.8329 0.1968 -0.2349, 0.8662 0.2011 -0.2349, 0.9018 0.2059 -0.2309, 0.935 0.1922 -0.2309, 0.9636 0.1703 -0.2309, 0.9855 0.1417 -0.2309, 0.9993 0.1085 -0.2309, 1.0039 0.0728 -0.2309, 0.9993 0.0372 -0.2309, 0.9855 0.0039 -0.2309, 0.9636 -0.0246 -0.2309, 0.935 -0.0465 -0.2309, 0.9018 -0.0603 -0.2309, 0.8662 -0.065 -0.2309, 0.8305 -0.0603 -0.2309, 0.7973 -0.0465 -0.2309, 0.7687 -0.0246 -0.2309, 0.7468 0.0039 -0.2309, 0.7331 0.0372 -0.2309, 0.7284 0.0728 -0.2309, 0.7331 0.1085 -0.2309, 0.7468 0.1417 -0.2309, 0.7687 0.1703 -0.2309, 0.7973 0.1922 -0.2309, 0.8305 0.2059 -0.2309, 0.8662 0.2106 -0.2309, 0.9039 0.2138 -0.2247, 0.9391 0.1992 -0.2247, 0.9694 0.176 -0.2247, 0.9925 0.1458 -0.2247, 1.0071 0.1106 -0.2247, 1.0121 0.0728 -0.2247, 1.0071 0.0351 -0.2247, 0.9925 -0.0001 -0.2247, 0.9694 -0.0304 -0.2247, 0.9391 -0.0536 -0.2247, 0.9039 -0.0681 -0.2247, 0.8662 -0.0731 -0.2247, 0.8284 -0.0681 -0.2247, 0.7932 -0.0536 -0.2247, 0.763 -0.0304 -0.2247, 0.7398 -0.0001 -0.2247, 0.7252 0.0351 -0.2247, 0.7202 0.0728 -0.2247, 0.7252 0.1106 -0.2247, 0.7398 0.1458 -0.2247, 0.763 0.176 -0.2247, 0.7932 0.1992 -0.2247, 0.8284 0.2138 -0.2247, 0.8662 0.2188 -0.2247, 0.9055 0.2199 -0.2165, 0.9423 0.2047 -0.2165, 0.9738 0.1805 -0.2165, 0.998 0.1489 -0.2165, 1.0132 0.1122 -0.2165, 1.0184 0.0728 -0.2165, 1.0132 0.0334 -0.2165, 0.998 -0.0033 -0.2165, 0.9738 -0.0348 -0.2165, 0.9423 -0.059 -0.2165, 0.9055 -0.0742 -0.2165, 0.8662 -0.0794 -0.2165, 0.8268 -0.0742 -0.2165, 0.79 -0.059 -0.2165, 0.7585 -0.0348 -0.2165, 0.7343 -0.0033 -0.2165, 0.7191 0.0334 -0.2165, 0.7139 0.0728 -0.2165, 0.7191 0.1122 -0.2165, 0.7343 0.1489 -0.2165, 0.7585 0.1805 -0.2165, 0.79 0.2047 -0.2165, 0.8268 0.2199 -0.2165, 0.8662 0.225 -0.2165, 0.9066 0.2237 -0.207, 0.9442 0.2081 -0.207, 0.9766 0.1832 -0.207, 1.0014 0.1509 -0.207, 1.017 0.1133 -0.207, 1.0223 0.0728 -0.207, 1.017 0.0324 -0.207, 1.0014 -0.0052 -0.207, 0.9766 -0.0376 -0.207, 0.9442 -0.0624 -0.207, 0.9066 -0.078 -0.207, 0.8662 -0.0833 -0.207, 0.8257 -0.078 -0.207, 0.7881 -0.0624 -0.207, 0.7557 -0.0376 -0.207, 0.7309 -0.0052 -0.207, 0.7153 0.0324 -0.207, 0.71 0.0728 -0.207, 0.7153 0.1133 -0.207, 0.7309 0.1509 -0.207, 0.7557 0.1832 -0.207, 0.7881 0.2081 -0.207, 0.8257 0.2237 -0.207, 0.8662 0.229 -0.207, -0.8661 -0.0846 0.0, -0.8254 -0.0793 -0.1968, -0.8254 -0.0793 0.0, -0.7874 -0.0635 -0.1968, -0.7874 -0.0635 0.0, -0.7548 -0.0385 -0.1968, -0.7548 -0.0385 0.0, -0.7297 -0.0059 -0.1968, -0.7297 -0.0059 0.0, -0.714 0.0321 -0.1968, -0.714 0.0321 0.0, -0.7087 0.0728 -0.1968, -0.7087 0.0728 0.0, -0.714 0.1136 -0.1968, -0.714 0.1136 0.0, -0.7297 0.1516 -0.1968, -0.7297 0.1516 0.0, -0.7548 0.1842 -0.1968, -0.7548 0.1842 0.0, -0.7874 0.2092 -0.1968, -0.7874 0.2092 0.0, -0.8254 0.225 -0.1968, -0.8254 0.225 0.0, -0.8661 0.2303 -0.1968, -0.8661 0.2303 0.0, -0.9069 0.225 -0.1968, -0.9069 0.225 0.0, -0.9449 0.2092 -0.1968, -0.9449 0.2092 0.0, -0.9775 0.1842 -0.1968, -0.9775 0.1842 0.0, -1.0025 0.1516 -0.1968, -1.0025 0.1516 0.0, -1.0182 0.1136 -0.1968, -1.0182 0.1136 0.0, -1.0236 0.0728 -0.1968, -1.0236 0.0728 0.0, -1.0182 0.0321 -0.1968, -1.0182 0.0321 0.0, -1.0025 -0.0059 -0.1968, -1.0025 -0.0059 0.0, -0.9775 -0.0385 -0.1968, -0.9775 -0.0385 0.0, -0.9449 -0.0635 -0.1968, -0.9449 -0.0635 0.0, -0.9069 -0.0793 -0.1968, -0.9069 -0.0793 0.0, -0.8661 -0.0846 -0.1968, -0.9252 0.1751 -0.2362, -0.8967 0.1869 -0.2362, -0.8661 0.0728 -0.2362, -0.8661 0.191 -0.2362, -0.8356 0.1869 -0.2362, -0.9802 0.1034 -0.2362, -0.9684 0.1319 -0.2362, -0.9496 0.1564 -0.2362, -0.9684 0.0138 -0.2362, -0.9802 0.0423 -0.2362, -0.9842 0.0728 -0.2362, -0.8967 -0.0412 -0.2362, -0.9252 -0.0294 -0.2362, -0.9496 -0.0107 -0.2362, -0.8071 -0.0294 -0.2362, -0.8356 -0.0412 -0.2362, -0.8661 -0.0453 -0.2362, -0.752 0.0423 -0.2362, -0.7638 0.0138 -0.2362, -0.7826 -0.0107 -0.2362, -0.7638 0.1319 -0.2362, -0.752 0.1034 -0.2362, -0.748 0.0728 -0.2362, -0.8071 0.1751 -0.2362, -0.7826 0.1564 -0.2362, -0.8329 0.1968 -0.2349, -0.802 0.184 -0.2349, -0.7754 0.1636 -0.2349, -0.755 0.137 -0.2349, -0.7422 0.106 -0.2349, -0.7378 0.0728 -0.2349, -0.7422 0.0396 -0.2349, -0.755 0.0087 -0.2349, -0.7754 -0.0179 -0.2349, -0.802 -0.0383 -0.2349, -0.8329 -0.0511 -0.2349, -0.8661 -0.0555 -0.2349, -0.8993 -0.0511 -0.2349, -0.9303 -0.0383 -0.2349, -0.9569 -0.0179 -0.2349, -0.9772 0.0087 -0.2349, -0.9901 0.0396 -0.2349, -0.9944 0.0728 -0.2349, -0.9901 0.106 -0.2349, -0.9772 0.137 -0.2349, -0.9569 0.1636 -0.2349, -0.9303 0.184 -0.2349, -0.8993 0.1968 -0.2349, -0.8661 0.2011 -0.2349, -0.8305 0.2059 -0.2309, -0.7972 0.1922 -0.2309, -0.7687 0.1703 -0.2309, -0.7468 0.1417 -0.2309, -0.733 0.1085 -0.2309, -0.7283 0.0728 -0.2309, -0.733 0.0372 -0.2309, -0.7468 0.0039 -0.2309, -0.7687 -0.0246 -0.2309, -0.7972 -0.0465 -0.2309, -0.8305 -0.0603 -0.2309, -0.8661 -0.065 -0.2309, -0.9018 -0.0603 -0.2309, -0.935 -0.0465 -0.2309, -0.9636 -0.0246 -0.2309, -0.9855 0.0039 -0.2309, -0.9992 0.0372 -0.2309, -1.0039 0.0728 -0.2309, -0.9992 0.1085 -0.2309, -0.9855 0.1417 -0.2309, -0.9636 0.1703 -0.2309, -0.935 0.1922 -0.2309, -0.9018 0.2059 -0.2309, -0.8661 0.2106 -0.2309, -0.8284 0.2138 -0.2247, -0.7932 0.1992 -0.2247, -0.7629 0.176 -0.2247, -0.7397 0.1458 -0.2247, -0.7252 0.1106 -0.2247, -0.7202 0.0728 -0.2247, -0.7252 0.0351 -0.2247, -0.7397 -0.0001 -0.2247, -0.7629 -0.0304 -0.2247, -0.7932 -0.0536 -0.2247, -0.8284 -0.0681 -0.2247, -0.8661 -0.0731 -0.2247, -0.9039 -0.0681 -0.2247, -0.9391 -0.0536 -0.2247, -0.9693 -0.0304 -0.2247, -0.9925 -0.0001 -0.2247, -1.0071 0.0351 -0.2247, -1.0121 0.0728 -0.2247, -1.0071 0.1106 -0.2247, -0.9925 0.1458 -0.2247, -0.9693 0.176 -0.2247, -0.9391 0.1992 -0.2247, -0.9039 0.2138 -0.2247, -0.8661 0.2188 -0.2247, -0.8267 0.2199 -0.2165, -0.79 0.2047 -0.2165, -0.7585 0.1805 -0.2165, -0.7343 0.1489 -0.2165, -0.7191 0.1122 -0.2165, -0.7139 0.0728 -0.2165, -0.7191 0.0334 -0.2165, -0.7343 -0.0033 -0.2165, -0.7585 -0.0348 -0.2165, -0.79 -0.059 -0.2165, -0.8267 -0.0742 -0.2165, -0.8661 -0.0794 -0.2165, -0.9055 -0.0742 -0.2165, -0.9422 -0.059 -0.2165, -0.9738 -0.0348 -0.2165, -0.9979 -0.0033 -0.2165, -1.0132 0.0334 -0.2165, -1.0183 0.0728 -0.2165, -1.0132 0.1122 -0.2165, -0.9979 0.1489 -0.2165, -0.9738 0.1805 -0.2165, -0.9422 0.2047 -0.2165, -0.9055 0.2199 -0.2165, -0.8661 0.225 -0.2165, -0.8257 0.2237 -0.207, -0.7881 0.2081 -0.207, -0.7557 0.1832 -0.207, -0.7309 0.1509 -0.207, -0.7153 0.1133 -0.207, -0.71 0.0728 -0.207, -0.7153 0.0324 -0.207, -0.7309 -0.0052 -0.207, -0.7557 -0.0376 -0.207, -0.7881 -0.0624 -0.207, -0.8257 -0.078 -0.207, -0.8661 -0.0833 -0.207, -0.9065 -0.078 -0.207, -0.9442 -0.0624 -0.207, -0.9765 -0.0376 -0.207, -1.0014 -0.0052 -0.207, -1.017 0.0324 -0.207, -1.0223 0.0728 -0.207, -1.017 0.1133 -0.207, -1.0014 0.1509 -0.207, -0.9765 0.1832 -0.207, -0.9442 0.2081 -0.207, -0.9065 0.2237 -0.207, -0.8661 0.229 -0.207, 1.3583 1.2539 0.0, 1.0236 1.2539 0.0, 1.0236 1.2539 0.1772, 1.2402 1.2539 1.378, -1.2401 1.2539 1.378, -0.1575 1.2539 0.1772, -1.2707 1.2539 1.3739, -1.0236 1.2539 0.0, -1.3583 1.2539 0.0, -1.0236 1.2539 0.1772, -1.3583 1.2539 1.2598, -1.3542 1.2539 1.2904, -1.3424 1.2539 1.3189, 1.3237 1.2539 1.3434, 1.2992 1.2539 1.3621, 1.2707 1.2539 1.3739, 1.3425 1.2539 1.3189, 1.3543 1.2539 1.2904, 1.3583 1.2539 1.2598, -1.3237 1.2539 1.3434, -1.2992 1.2539 1.3621
            ]
        }
        coordIndex [
            0,1,2,-1,2,1,3,-1,2,3,4,-1,4,3,5,-1,4,5,6,-1,6,5,7,-1,6,7,8,-1,8,7,9,-1,8,9,10,-1,10,9,11,-1,10,11,12,-1,12,11,13,-1,12,13,14,-1,14,13,15,-1,14,15,16,-1,16,15,17,-1,16,17,18,-1,18,17,19,-1,18,19,20,-1,20,19,21,-1,20,21,22,-1,22,21,23,-1,22,23,24,-1,24,23,25,-1,24,25,26,-1,26,25,27,-1,26,27,28,-1,28,27,29,-1,28,29,30,-1,30,29,31,-1,30,31,32,-1,32,31,33,-1,32,33,34,-1,34,33,35,-1,34,35,36,-1,36,35,37,-1,36,37,38,-1,38,37,39,-1,38,39,40,-1,40,39,41,-1,40,41,42,-1,42,41,43,-1,42,43,44,-1,44,43,45,-1,44,45,46,-1,46,45,47,-1,46,47,0,-1,0,47,1,-1,48,49,50,-1,50,49,51,-1,50,51,52,-1,53,54,50,-1,50,54,55,-1,50,55,48,-1,56,57,50,-1,50,57,58,-1,50,58,53,-1,59,60,50,-1,50,60,61,-1,50,61,56,-1,62,63,50,-1,50,63,64,-1,50,64,59,-1,65,66,50,-1,50,66,67,-1,50,67,62,-1,68,69,50,-1,50,69,70,-1,50,70,65,-1,52,71,50,-1,50,71,72,-1,50,72,68,-1,51,73,52,-1,52,73,74,-1,52,74,71,-1,71,74,75,-1,71,75,72,-1,72,75,76,-1,72,76,68,-1,68,76,77,-1,68,77,69,-1,69,77,78,-1,69,78,70,-1,70,78,79,-1,70,79,65,-1,65,79,80,-1,65,80,66,-1,66,80,81,-1,66,81,67,-1,67,81,82,-1,67,82,62,-1,62,82,83,-1,62,83,63,-1,63,83,84,-1,63,84,64,-1,64,84,85,-1,64,85,59,-1,59,85,86,-1,59,86,60,-1,60,86,87,-1,60,87,61,-1,61,87,88,-1,61,88,56,-1,56,88,89,-1,56,89,57,-1,57,89,90,-1,57,90,58,-1,58,90,91,-1,58,91,53,-1,53,91,92,-1,53,92,54,-1,54,92,93,-1,54,93,55,-1,55,93,94,-1,55,94,48,-1,48,94,95,-1,48,95,49,-1,49,95,96,-1,49,96,51,-1,51,96,73,-1,96,97,73,-1,73,97,98,-1,73,98,74,-1,74,98,99,-1,74,99,75,-1,75,99,100,-1,75,100,76,-1,76,100,101,-1,76,101,77,-1,77,101,102,-1,77,102,78,-1,78,102,103,-1,78,103,79,-1,79,103,104,-1,79,104,80,-1,80,104,105,-1,80,105,81,-1,81,105,106,-1,81,106,82,-1,82,106,107,-1,82,107,83,-1,83,107,108,-1,83,108,84,-1,84,108,109,-1,84,109,85,-1,85,109,110,-1,85,110,86,-1,86,110,111,-1,86,111,87,-1,87,111,112,-1,87,112,88,-1,88,112,113,-1,88,113,89,-1,89,113,114,-1,89,114,90,-1,90,114,115,-1,90,115,91,-1,91,115,116,-1,91,116,92,-1,92,116,117,-1,92,117,93,-1,93,117,118,-1,93,118,94,-1,94,118,119,-1,94,119,95,-1,95,119,120,-1,95,120,96,-1,96,120,97,-1,120,121,97,-1,97,121,122,-1,97,122,98,-1,98,122,123,-1,98,123,99,-1,99,123,124,-1,99,124,100,-1,100,124,125,-1,100,125,101,-1,101,125,126,-1,101,126,102,-1,102,126,127,-1,102,127,103,-1,103,127,128,-1,103,128,104,-1,104,128,129,-1,104,129,105,-1,105,129,130,-1,105,130,106,-1,106,130,131,-1,106,131,107,-1,107,131,132,-1,107,132,108,-1,108,132,133,-1,108,133,109,-1,109,133,134,-1,109,134,110,-1,110,134,135,-1,110,135,111,-1,111,135,136,-1,111,136,112,-1,112,136,137,-1,112,137,113,-1,113,137,138,-1,113,138,114,-1,114,138,139,-1,114,139,115,-1,115,139,140,-1,115,140,116,-1,116,140,141,-1,116,141,117,-1,117,141,142,-1,117,142,118,-1,118,142,143,-1,118,143,119,-1,119,143,144,-1,119,144,120,-1,120,144,121,-1,144,145,121,-1,121,145,146,-1,121,146,122,-1,122,146,147,-1,122,147,123,-1,123,147,148,-1,123,148,124,-1,124,148,149,-1,124,149,125,-1,125,149,150,-1,125,150,126,-1,126,150,151,-1,126,151,127,-1,127,151,152,-1,127,152,128,-1,128,152,153,-1,128,153,129,-1,129,153,154,-1,129,154,130,-1,130,154,155,-1,130,155,131,-1,131,155,156,-1,131,156,132,-1,132,156,157,-1,132,157,133,-1,133,157,158,-1,133,158,134,-1,134,158,159,-1,134,159,135,-1,135,159,160,-1,135,160,136,-1,136,160,161,-1,136,161,137,-1,137,161,162,-1,137,162,138,-1,138,162,163,-1,138,163,139,-1,139,163,164,-1,139,164,140,-1,140,164,165,-1,140,165,141,-1,141,165,166,-1,141,166,142,-1,142,166,167,-1,142,167,143,-1,143,167,168,-1,143,168,144,-1,144,168,145,-1,168,169,145,-1,145,169,170,-1,145,170,146,-1,146,170,171,-1,146,171,147,-1,147,171,172,-1,147,172,148,-1,148,172,173,-1,148,173,149,-1,149,173,174,-1,149,174,150,-1,150,174,175,-1,150,175,151,-1,151,175,176,-1,151,176,152,-1,152,176,177,-1,152,177,153,-1,153,177,178,-1,153,178,154,-1,154,178,179,-1,154,179,155,-1,155,179,180,-1,155,180,156,-1,156,180,181,-1,156,181,157,-1,157,181,182,-1,157,182,158,-1,158,182,183,-1,158,183,159,-1,159,183,184,-1,159,184,160,-1,160,184,185,-1,160,185,161,-1,161,185,186,-1,161,186,162,-1,162,186,187,-1,162,187,163,-1,163,187,188,-1,163,188,164,-1,164,188,189,-1,164,189,165,-1,165,189,190,-1,165,190,166,-1,166,190,191,-1,166,191,167,-1,167,191,192,-1,167,192,168,-1,168,192,169,-1,192,21,169,-1,169,21,19,-1,169,19,170,-1,170,19,17,-1,170,17,171,-1,171,17,15,-1,171,15,172,-1,172,15,13,-1,172,13,173,-1,173,13,11,-1,173,11,174,-1,174,11,9,-1,174,9,175,-1,175,9,7,-1,175,7,176,-1,176,7,5,-1,176,5,177,-1,177,5,3,-1,177,3,178,-1,178,3,1,-1,178,1,179,-1,179,1,47,-1,179,47,180,-1,180,47,45,-1,180,45,181,-1,181,45,43,-1,181,43,182,-1,182,43,41,-1,182,41,183,-1,183,41,39,-1,183,39,184,-1,184,39,37,-1,184,37,185,-1,185,37,35,-1,185,35,186,-1,186,35,33,-1,186,33,187,-1,187,33,31,-1,187,31,188,-1,188,31,29,-1,188,29,189,-1,189,29,27,-1,189,27,190,-1,190,27,25,-1,190,25,191,-1,191,25,23,-1,191,23,192,-1,192,23,21,-1,193,194,195,-1,195,194,196,-1,195,196,197,-1,197,196,198,-1,197,198,199,-1,199,198,200,-1,199,200,201,-1,201,200,202,-1,201,202,203,-1,203,202,204,-1,203,204,205,-1,205,204,206,-1,205,206,207,-1,207,206,208,-1,207,208,209,-1,209,208,210,-1,209,210,211,-1,211,210,212,-1,211,212,213,-1,213,212,214,-1,213,214,215,-1,215,214,216,-1,215,216,217,-1,217,216,218,-1,217,218,219,-1,219,218,220,-1,219,220,221,-1,221,220,222,-1,221,222,223,-1,223,222,224,-1,223,224,225,-1,225,224,226,-1,225,226,227,-1,227,226,228,-1,227,228,229,-1,229,228,230,-1,229,230,231,-1,231,230,232,-1,231,232,233,-1,233,232,234,-1,233,234,235,-1,235,234,236,-1,235,236,237,-1,237,236,238,-1,237,238,239,-1,239,238,240,-1,239,240,193,-1,193,240,194,-1,241,242,243,-1,243,242,244,-1,243,244,245,-1,246,247,243,-1,243,247,248,-1,243,248,241,-1,249,250,243,-1,243,250,251,-1,243,251,246,-1,252,253,243,-1,243,253,254,-1,243,254,249,-1,255,256,243,-1,243,256,257,-1,243,257,252,-1,258,259,243,-1,243,259,260,-1,243,260,255,-1,261,262,243,-1,243,262,263,-1,243,263,258,-1,245,264,243,-1,243,264,265,-1,243,265,261,-1,244,266,245,-1,245,266,267,-1,245,267,264,-1,264,267,268,-1,264,268,265,-1,265,268,269,-1,265,269,261,-1,261,269,270,-1,261,270,262,-1,262,270,271,-1,262,271,263,-1,263,271,272,-1,263,272,258,-1,258,272,273,-1,258,273,259,-1,259,273,274,-1,259,274,260,-1,260,274,275,-1,260,275,255,-1,255,275,276,-1,255,276,256,-1,256,276,277,-1,256,277,257,-1,257,277,278,-1,257,278,252,-1,252,278,279,-1,252,279,253,-1,253,279,280,-1,253,280,254,-1,254,280,281,-1,254,281,249,-1,249,281,282,-1,249,282,250,-1,250,282,283,-1,250,283,251,-1,251,283,284,-1,251,284,246,-1,246,284,285,-1,246,285,247,-1,247,285,286,-1,247,286,248,-1,248,286,287,-1,248,287,241,-1,241,287,288,-1,241,288,242,-1,242,288,289,-1,242,289,244,-1,244,289,266,-1,289,290,266,-1,266,290,291,-1,266,291,267,-1,267,291,292,-1,267,292,268,-1,268,292,293,-1,268,293,269,-1,269,293,294,-1,269,294,270,-1,270,294,295,-1,270,295,271,-1,271,295,296,-1,271,296,272,-1,272,296,297,-1,272,297,273,-1,273,297,298,-1,273,298,274,-1,274,298,299,-1,274,299,275,-1,275,299,300,-1,275,300,276,-1,276,300,301,-1,276,301,277,-1,277,301,302,-1,277,302,278,-1,278,302,303,-1,278,303,279,-1,279,303,304,-1,279,304,280,-1,280,304,305,-1,280,305,281,-1,281,305,306,-1,281,306,282,-1,282,306,307,-1,282,307,283,-1,283,307,308,-1,283,308,284,-1,284,308,309,-1,284,309,285,-1,285,309,310,-1,285,310,286,-1,286,310,311,-1,286,311,287,-1,287,311,312,-1,287,312,288,-1,288,312,313,-1,288,313,289,-1,289,313,290,-1,313,314,290,-1,290,314,315,-1,290,315,291,-1,291,315,316,-1,291,316,292,-1,292,316,317,-1,292,317,293,-1,293,317,318,-1,293,318,294,-1,294,318,319,-1,294,319,295,-1,295,319,320,-1,295,320,296,-1,296,320,321,-1,296,321,297,-1,297,321,322,-1,297,322,298,-1,298,322,323,-1,298,323,299,-1,299,323,324,-1,299,324,300,-1,300,324,325,-1,300,325,301,-1,301,325,326,-1,301,326,302,-1,302,326,327,-1,302,327,303,-1,303,327,328,-1,303,328,304,-1,304,328,329,-1,304,329,305,-1,305,329,330,-1,305,330,306,-1,306,330,331,-1,306,331,307,-1,307,331,332,-1,307,332,308,-1,308,332,333,-1,308,333,309,-1,309,333,334,-1,309,334,310,-1,310,334,335,-1,310,335,311,-1,311,335,336,-1,311,336,312,-1,312,336,337,-1,312,337,313,-1,313,337,314,-1,337,338,314,-1,314,338,339,-1,314,339,315,-1,315,339,340,-1,315,340,316,-1,316,340,341,-1,316,341,317,-1,317,341,342,-1,317,342,318,-1,318,342,343,-1,318,343,319,-1,319,343,344,-1,319,344,320,-1,320,344,345,-1,320,345,321,-1,321,345,346,-1,321,346,322,-1,322,346,347,-1,322,347,323,-1,323,347,348,-1,323,348,324,-1,324,348,349,-1,324,349,325,-1,325,349,350,-1,325,350,326,-1,326,350,351,-1,326,351,327,-1,327,351,352,-1,327,352,328,-1,328,352,353,-1,328,353,329,-1,329,353,354,-1,329,354,330,-1,330,354,355,-1,330,355,331,-1,331,355,356,-1,331,356,332,-1,332,356,357,-1,332,357,333,-1,333,357,358,-1,333,358,334,-1,334,358,359,-1,334,359,335,-1,335,359,360,-1,335,360,336,-1,336,360,361,-1,336,361,337,-1,337,361,338,-1,361,362,338,-1,338,362,363,-1,338,363,339,-1,339,363,364,-1,339,364,340,-1,340,364,365,-1,340,365,341,-1,341,365,366,-1,341,366,342,-1,342,366,367,-1,342,367,343,-1,343,367,368,-1,343,368,344,-1,344,368,369,-1,344,369,345,-1,345,369,370,-1,345,370,346,-1,346,370,371,-1,346,371,347,-1,347,371,372,-1,347,372,348,-1,348,372,373,-1,348,373,349,-1,349,373,374,-1,349,374,350,-1,350,374,375,-1,350,375,351,-1,351,375,376,-1,351,376,352,-1,352,376,377,-1,352,377,353,-1,353,377,378,-1,353,378,354,-1,354,378,379,-1,354,379,355,-1,355,379,380,-1,355,380,356,-1,356,380,381,-1,356,381,357,-1,357,381,382,-1,357,382,358,-1,358,382,383,-1,358,383,359,-1,359,383,384,-1,359,384,360,-1,360,384,385,-1,360,385,361,-1,361,385,362,-1,385,214,362,-1,362,214,212,-1,362,212,363,-1,363,212,210,-1,363,210,364,-1,364,210,208,-1,364,208,365,-1,365,208,206,-1,365,206,366,-1,366,206,204,-1,366,204,367,-1,367,204,202,-1,367,202,368,-1,368,202,200,-1,368,200,369,-1,369,200,198,-1,369,198,370,-1,370,198,196,-1,370,196,371,-1,371,196,194,-1,371,194,372,-1,372,194,240,-1,372,240,373,-1,373,240,238,-1,373,238,374,-1,374,238,236,-1,374,236,375,-1,375,236,234,-1,375,234,376,-1,376,234,232,-1,376,232,377,-1,377,232,230,-1,377,230,378,-1,378,230,228,-1,378,228,379,-1,379,228,226,-1,379,226,380,-1,380,226,224,-1,380,224,381,-1,381,224,222,-1,381,222,382,-1,382,222,220,-1,382,220,383,-1,383,220,218,-1,383,218,384,-1,384,218,216,-1,384,216,385,-1,385,216,214,-1,386,387,388,-1,389,388,390,-1,390,388,391,-1,390,391,392,-1,393,394,395,-1,395,394,396,-1,395,396,391,-1,391,396,397,-1,391,397,398,-1,399,389,400,-1,400,389,401,-1,399,402,389,-1,389,402,403,-1,389,403,388,-1,388,403,404,-1,388,404,386,-1,398,405,391,-1,391,405,406,-1,391,406,392,-1,
        ]
    }
}
Shape{
    appearance Appearance {
        material  Material 	{
            diffuseColor 0.6666666666666666 0.6666666666666666 0.6666666666666666
            specularColor 0.4666666666666667 0.4666666666666667 0.4666666666666667
            ambientIntensity 0.6667
            transparency 0.0
            shininess 0.5
        }
    }
    geometry IndexedFaceSet {
        ccw TRUE
        solid FALSE
        coord DEF co Coordinate {
            point [
                -0.0414 0.93 1.5354, -0.0414 0.9028 1.5354, 0.0246 0.9028 1.5354, -0.0414 1.0389 1.5354, -0.0414 1.0188 1.5354, 0.0246 1.0188 1.5354, 0.0996 1.1002 1.5354, 0.0996 1.0783 1.5354, 0.1182 1.0783 1.5354, 0.1856 0.9913 1.5354, 0.1856 0.9694 1.5354, 0.1984 0.9694 1.5354, 0.0888 0.9302 1.5354, 0.0868 0.9309 1.5354, 0.0868 0.93 1.5354, 0.1034 0.9302 1.5354, 0.1014 0.93 1.5354, 0.1182 0.93 1.5354, 0.0509 1.1081 1.5354, 0.056 1.1087 1.5354, 0.0287 1.1087 1.5354, 0.2453 1.0583 1.5354, 0.2201 1.0583 1.5354, 0.2523 1.0395 1.5354, 0.2201 1.0389 1.5354, 0.2621 1.0395 1.5354, 1.2402 1.0389 1.5354, 1.2402 1.1087 1.5354, 0.236 1.1081 1.5354, 0.2201 1.1087 1.5354, 0.2265 1.1081 1.5354, 0.2201 1.0914 1.5354, 0.2167 1.0583 1.5354, 0.2101 1.0395 1.5354, 0.1984 1.0389 1.5354, 0.2004 1.0395 1.5354, 0.1984 1.1087 1.5354, 0.0868 1.1087 1.5354, 0.0677 1.1087 1.5354, 0.0706 1.1084 1.5354, 0.077 1.1065 1.5354, 0.077 1.0972 1.5354, 0.0868 1.0389 1.5354, 0.077 1.0508 1.5354, 0.077 1.0423 1.5354, 0.0759 1.0417 1.5354, 0.0685 1.0393 1.5354, 0.0641 1.0389 1.5354, 0.0755 1.098 1.5354, 0.0685 1.1005 1.5354, 0.0632 1.0464 1.5354, 0.0708 1.048 1.5354, 0.035 1.0723 1.5354, 0.035 1.073 1.5354, 0.0609 1.1013 1.5354, 0.0584 1.1012 1.5354, 0.0524 1.1001 1.5354, 0.041 1.0923 1.5354, 0.0379 1.0873 1.5354, 0.0358 1.0811 1.5354, 0.0361 1.0639 1.5354, 0.0382 1.0583 1.5354, 0.0417 1.0535 1.5354, 0.0477 1.0489 1.5354, 0.0526 1.047 1.5354, 0.0593 1.0462 1.5354, 0.047 1.0976 1.5354, 0.0422 1.0937 1.5354, 0.0432 1.052 1.5354, 0.0287 1.2539 1.5354, 0.0608 1.1093 1.5354, 0.0868 1.2539 1.5354, 0.0618 1.1093 1.5354, 0.0438 1.1053 1.5354, 0.0311 1.0934 1.5354, 0.0356 1.0992 1.5354, 0.0371 1.1007 1.5354, 0.0246 1.1087 1.5354, 0.0276 1.086 1.5354, 0.0287 1.0884 1.5354, 0.0287 1.0569 1.5354, 0.027 1.0615 1.5354, 0.0246 1.0389 1.5354, 0.0257 1.0725 1.5354, 0.0259 1.0772 1.5354, 0.0397 1.0433 1.5354, 0.0345 1.0477 1.5354, 0.0287 1.0389 1.5354, 0.0338 1.0484 1.5354, 0.0298 1.0543 1.5354, 0.058 1.0383 1.5354, 0.0535 1.0386 1.5354, 0.0287 1.0188 1.5354, 0.0519 1.0389 1.5354, 0.0461 1.0402 1.5354, 0.1586 0.9796 1.5354, 0.1675 0.9796 1.5354, 0.1721 1.0188 1.5354, 0.1428 0.9428 1.5354, 0.1439 0.9387 1.5354, 0.1441 0.9387 1.5354, 0.1342 1.0188 1.5354, 0.1342 0.9677 1.5354, 0.1452 0.9427 1.5354, 0.1445 0.9404 1.5354, 0.1204 0.9796 1.5354, 0.1182 1.0188 1.5354, 0.1342 0.9446 1.5354, 0.13 0.9796 1.5354, 0.1342 0.93 1.5354, 0.1394 0.93 1.5354, 0.1396 0.9307 1.5354, 0.1342 0.9187 1.5354, 0.1342 0.9187 1.5354, 0.1359 0.9218 1.5354, 0.1182 0.9028 1.5354, 0.1222 0.9082 1.5354, 0.1222 0.9159 1.5354, 0.1271 0.9149 1.5354, 0.1291 0.9151 1.5354, 0.1342 0.909 1.5354, 0.1312 0.9079 1.5354, 0.1342 0.9028 1.5354, 0.1277 0.9075 1.5354, 0.1258 0.9076 1.5354, 0.131 0.9158 1.5354, 0.1326 0.9169 1.5354, 0.1452 0.9232 1.5354, 0.1413 0.9156 1.5354, 0.1721 0.9028 1.5354, 0.1479 0.93 1.5354, 0.1382 0.9118 1.5354, 0.1376 0.9113 1.5354, 0.1346 0.9092 1.5354, 1.2402 1.2835 1.5354, 1.2392 1.2758 1.5354, 1.2362 1.2687 1.5354, 1.2315 1.2626 1.5354, 1.2254 1.2579 1.5354, -1.2254 1.2579 1.5354, -1.2315 1.2626 1.5354, -1.2401 1.1087 1.5354, -1.2362 1.2687 1.5354, -1.2391 1.2758 1.5354, -1.2401 1.2835 1.5354, -0.8105 1.2539 1.5354, -1.2106 1.2539 1.5354, -1.2183 1.2549 1.5354, -0.2572 1.1149 1.5354, -0.2347 1.1236 1.5354, -0.0414 1.2539 1.5354, -0.2106 1.1265 1.5354, -0.1905 1.1244 1.5354, 0.0246 1.2539 1.5354, 0.1182 1.1087 1.5354, 0.1182 1.2539 1.5354, 0.1984 1.2539 1.5354, 0.1721 1.2539 1.5354, 1.2183 1.2549 1.5354, 1.2106 1.2539 1.5354, 0.2201 1.2539 1.5354, 0.1131 0.952 1.5354, 0.1147 0.9497 1.5354, 0.1136 0.9702 1.5354, 0.0859 0.9746 1.5354, 0.0868 0.9754 1.5354, 0.0868 1.0188 1.5354, 0.0884 0.9768 1.5354, 0.0906 0.9782 1.5354, 0.1156 0.9471 1.5354, 0.1159 0.9439 1.5354, 0.1155 0.9405 1.5354, 0.1145 0.9378 1.5354, 0.1129 0.9355 1.5354, 0.0952 0.98 1.5354, 0.102 0.9807 1.5354, 0.1136 0.9786 1.5354, 0.1073 0.9803 1.5354, 0.1104 0.9333 1.5354, 0.1081 0.9319 1.5354, 0.1011 0.9738 1.5354, 0.0986 0.9736 1.5354, 0.0918 0.9672 1.5354, 0.0963 0.973 1.5354, 0.0944 0.9719 1.5354, 0.0918 0.966 1.5354, 0.0922 0.9647 1.5354, 0.0928 0.9635 1.5354, 0.0936 0.9626 1.5354, 0.0967 0.9607 1.5354, 0.1073 0.973 1.5354, 0.102 0.9584 1.5354, 0.1122 0.9711 1.5354, 0.1053 0.957 1.5354, 0.111 0.9539 1.5354, 0.0931 0.9708 1.5354, 0.0923 0.9697 1.5354, 0.0919 0.9685 1.5354, 0.0828 0.9412 1.5354, 0.0712 0.9621 1.5354, 0.0828 0.9323 1.5354, 0.0712 0.9306 1.5354, 0.0583 0.9332 1.5354, 0.0553 0.9312 1.5354, 0.0626 0.9306 1.5354, 0.052 0.93 1.5354, 0.0351 0.9537 1.5354, 0.0366 0.9678 1.5354, 0.0333 0.951 1.5354, 0.0322 0.9478 1.5354, 0.0832 0.9695 1.5354, 0.0843 0.9722 1.5354, 0.0704 0.9692 1.5354, 0.0287 0.9028 1.5354, 0.0424 0.93 1.5354, 0.0287 0.93 1.5354, 0.0422 0.93 1.5354, 0.0389 0.9313 1.5354, 0.0626 0.9382 1.5354, 0.0624 0.9382 1.5354, 0.061 0.9361 1.5354, 0.0376 0.9561 1.5354, 0.0411 0.958 1.5354, 0.0423 0.9715 1.5354, 0.0481 0.9597 1.5354, 0.0556 0.9735 1.5354, 0.0527 0.9738 1.5354, 0.0477 0.9733 1.5354, 0.036 0.9333 1.5354, 0.035 0.9343 1.5354, 0.0333 0.9369 1.5354, 0.0366 0.9762 1.5354, 0.0393 0.9777 1.5354, 0.0322 0.9398 1.5354, 0.0318 0.9437 1.5354, 0.0653 0.9774 1.5354, 0.0672 0.9756 1.5354, 0.069 0.9729 1.5354, 0.0458 0.9799 1.5354, 0.0535 0.9807 1.5354, 0.059 0.9802 1.5354, 0.0625 0.9791 1.5354, 0.0833 0.9631 1.5354, 0.0829 0.9664 1.5354, 0.0626 0.9618 1.5354, 0.0623 0.9656 1.5354, 0.0614 0.9686 1.5354, 0.0604 0.9704 1.5354, 0.0868 0.9389 1.5354, 0.0868 0.9571 1.5354, 0.0856 0.9394 1.5354, 0.0867 0.9572 1.5354, 0.0853 0.9586 1.5354, 0.0842 0.9604 1.5354, 0.0591 0.9718 1.5354, 0.0576 0.9728 1.5354, 0.091 0.9372 1.5354, 0.0959 0.9521 1.5354, 0.0908 0.9545 1.5354, 0.097 0.9365 1.5354, 0.0974 0.9365 1.5354, 0.1016 0.9498 1.5354, 0.1018 0.937 1.5354, 0.1071 0.9431 1.5354, 0.107 0.9442 1.5354, 0.104 0.9378 1.5354, 0.1048 0.9382 1.5354, 0.1058 0.9391 1.5354, 0.1065 0.9402 1.5354, 0.1069 0.9415 1.5354, 0.1066 0.9455 1.5354, 0.106 0.9466 1.5354, 0.1049 0.9478 1.5354, 0.0906 0.93 1.5354, 0.0868 0.9028 1.5354, 0.0961 0.9294 1.5354, 0.1239 0.9153 1.5354, 0.0518 0.9299 1.5354, 0.0473 0.9294 1.5354, -0.101 1.0546 1.5354, -0.0877 1.0434 1.5354, -0.0414 1.1087 1.5354, -0.166 1.1158 1.5354, -0.1554 1.1087 1.5354, -0.1442 1.1012 1.5354, -0.128 1.0824 1.5354, -0.1179 1.0626 1.5354, -0.1155 1.0618 1.5354, -0.2691 1.1075 1.5354, -0.2672 1.1087 1.5354, -0.8105 1.1087 1.5354, -0.8105 1.0389 1.5354, -0.374 1.0389 1.5354, -0.3697 1.0485 1.5354, -0.358 1.0636 1.5354, -0.3211 1.0846 1.5354, -0.3018 1.087 1.5354, -0.2806 1.0977 1.5354, -0.2962 1.0867 1.5354, -0.2906 1.086 1.5354, -0.3547 1.0667 1.5354, -0.3391 1.0776 1.5354, -0.3452 0.9418 1.5354, -0.3604 0.9548 1.5354, -0.8105 0.93 1.5354, -0.3275 0.9332 1.5354, -0.3715 0.9707 1.5354, -0.3785 0.9888 1.5354, -0.8105 1.0188 1.5354, -0.3809 1.008 1.5354, -0.3808 1.0126 1.5354, -0.3797 1.0188 1.5354, -0.3775 1.031 1.5354, -0.3214 0.9313 1.5354, -0.3207 0.93 1.5354, -0.3164 0.9208 1.5354, -0.3092 0.9119 1.5354, -0.275 0.8982 1.5354, -0.8105 -2.25 1.5354, -0.2632 0.8996 1.5354, -0.0414 -2.25 1.5354, -0.2548 0.9028 1.5354, -0.2768 0.8982 1.5354, -0.2884 0.9 1.5354, -0.8105 0.9028 1.5354, -0.2952 0.9028 1.5354, -0.2996 0.9047 1.5354, -0.2293 0.93 1.5354, -0.2293 0.9298 1.5354, -0.2351 0.9189 1.5354, -0.2426 0.9106 1.5354, -0.2523 0.9038 1.5354, -0.0718 1.0146 1.5354, -0.0696 0.9987 1.5354, -0.167 0.9588 1.5354, -0.1636 0.9601 1.5354, -0.1579 0.9879 1.5354, -0.0876 0.9523 1.5354, -0.1009 0.9411 1.5354, -0.2384 0.9797 1.5354, -0.173 1.0138 1.5354, -0.2469 0.9874 1.5354, -0.2573 0.993 1.5354, -0.17 0.9567 1.5354, -0.0779 0.9658 1.5354, -0.1001 1.0025 1.5354, -0.1024 1.0119 1.5354, -0.1061 1.0188 1.5354, -0.3489 1.0188 1.5354, -0.0718 0.9813 1.5354, -0.1598 0.9606 1.5354, -0.1594 0.9606 1.5354, -0.1579 0.9603 1.5354, -0.346 0.9894 1.5354, -0.3403 0.9796 1.5354, -0.3155 0.9745 1.5354, -0.3315 0.9706 1.5354, -0.3209 0.964 1.5354, -0.2975 0.9907 1.5354, -0.3074 0.9837 1.5354, -0.3501 1.0089 1.5354, -0.3496 1.0013 1.5354, -0.2867 0.9948 1.5354, -0.275 0.9962 1.5354, -0.2691 0.9959 1.5354, -0.175 0.9455 1.5354, -0.1748 0.9474 1.5354, -0.2262 0.9518 1.5354, -0.1739 0.9511 1.5354, -0.172 0.9545 1.5354, -0.1097 0.9724 1.5354, -0.1044 0.98 1.5354, -0.101 0.9887 1.5354, -0.0998 0.9982 1.5354, -0.1636 0.9308 1.5354, -0.1668 0.9321 1.5354, -0.1699 0.9343 1.5354, -0.1711 0.9355 1.5354, -0.1732 0.9385 1.5354, -0.1745 0.9419 1.5354, -0.2265 0.9418 1.5354, -0.2262 0.947 1.5354, -0.1158 0.9338 1.5354, -0.132 0.9304 1.5354, -0.1608 0.9304 1.5354, -0.1569 0.9601 1.5354, -0.1349 0.9601 1.5354, -0.1261 0.9618 1.5354, -0.1175 0.9658 1.5354, -0.1103 0.9717 1.5354, -0.1418 1.0363 1.5354, -0.3445 1.0316 1.5354, -0.3487 1.0208 1.5354, -0.1379 1.0363 1.5354, -0.1069 1.0203 1.5354, -0.1125 1.0265 1.5354, -0.1201 1.0318 1.5354, -0.1286 1.0351 1.5354, -0.1523 1.0656 1.5354, -0.1634 1.0788 1.5354, -0.2755 1.0504 1.5354, -0.1645 1.0798 1.5354, -0.1782 1.0893 1.5354, -0.268 1.0659 1.5354, -0.3394 1.0389 1.5354, -0.2789 1.0523 1.5354, -0.1424 1.0389 1.5354, -0.1448 1.0499 1.5354, -0.2898 1.0563 1.5354, -0.3013 1.0577 1.5354, -0.3065 1.0575 1.5354, -0.2571 1.0789 1.5354, -0.1935 1.0952 1.5354, -0.244 1.0885 1.5354, -0.2101 1.0973 1.5354, -0.2281 1.0949 1.5354, -0.3185 1.0546 1.5354, -0.3294 1.0488 1.5354, -0.3377 1.0414 1.5354, -0.0845 1.0389 1.5354, -0.0778 1.0295 1.5354, -0.0735 1.0188 1.5354, 0.1721 1.1087 1.5354, 0.1721 1.1066 1.5354, 0.1801 1.1034 1.5354, 0.1944 1.0616 1.5354, 0.1909 1.0546 1.5354, 0.1862 1.099 1.5354, 0.1894 1.0958 1.5354, 0.1935 1.0895 1.5354, 0.1721 1.0413 1.5354, 0.1721 1.0389 1.5354, 0.1789 1.0439 1.5354, 0.1862 1.0491 1.5354, 0.1957 1.0827 1.5354, 0.1965 1.0747 1.5354, 0.1962 1.0695 1.5354, 0.1602 1.1081 1.5354, 0.1616 1.1081 1.5354, 0.1719 1.1067 1.5354, 0.1342 1.2539 1.5354, 0.1342 1.1087 1.5354, 0.1711 1.0409 1.5354, 0.1595 1.0395 1.5354, 0.1342 1.0389 1.5354, 0.1407 1.0395 1.5354, 0.1407 1.1081 1.5354, 0.1856 0.9384 1.5354, 0.1984 0.9384 1.5354, 0.1856 0.9615 1.5354, 0.1984 0.9615 1.5354, 0.2121 0.9992 1.5354, 0.2121 0.9913 1.5354, 0.2201 1.0188 1.5354, 0.2137 0.9384 1.5354, 0.2201 0.93 1.5354, 0.2137 0.9306 1.5354, 0.1984 0.93 1.5354, 0.2101 0.9615 1.5354, 0.2101 0.9694 1.5354, 0.1984 0.9913 1.5354, 0.1984 0.9306 1.5354, 0.1767 0.9306 1.5354, 0.1721 0.93 1.5354, 0.1767 0.9992 1.5354, 0.1984 0.9992 1.5354, 0.1984 1.0188 1.5354, 0.0996 1.0473 1.5354, 0.1182 1.0473 1.5354, 0.0996 1.0704 1.5354, 0.1182 1.0704 1.5354, 0.1261 1.1081 1.5354, 0.1182 1.1081 1.5354, 0.1242 1.0704 1.5354, 0.1277 1.0473 1.5354, 0.1242 1.0783 1.5354, 0.1261 1.1002 1.5354, 0.1182 1.1002 1.5354, 0.1277 1.0395 1.5354, 0.1182 1.0389 1.5354, 0.1182 1.0395 1.5354, 0.0908 1.0395 1.5354, 0.0908 1.1081 1.5354, -1.2401 -2.25 1.5354, -1.2401 0.9028 1.5354, -1.2401 0.93 1.5354, -1.2401 1.0188 1.5354, -1.2401 1.0389 1.5354, 0.0229 1.0473 1.5354, 0.0229 1.0395 1.5354, -0.0133 1.0395 1.5354, -0.0045 1.0473 1.5354, -0.0045 1.1081 1.5354, -0.0133 1.1081 1.5354, 0.0246 0.93 1.5354, 0.0236 0.9306 1.5354, -0.0133 0.9306 1.5354, 0.0236 0.9384 1.5354, 0.022 0.9913 1.5354, -0.0045 0.9615 1.5354, -0.0045 0.9384 1.5354, 0.0201 0.9615 1.5354, 0.0201 0.9694 1.5354, -0.0045 0.9694 1.5354, -0.0045 0.9913 1.5354, -0.0133 0.9992 1.5354, 0.022 0.9992 1.5354, 0.257 0.932 1.5354, 0.2455 0.9306 1.5354, 0.2863 0.9306 1.5354, 0.3383 0.9306 1.5354, 0.3481 0.9306 1.5354, 1.2402 0.93 1.5354, 0.3219 0.9992 1.5354, 1.2402 1.0188 1.5354, 0.3313 0.9494 1.5354, 0.3027 0.9494 1.5354, 0.2961 0.9306 1.5354, 0.3124 0.9992 1.5354, 0.2266 0.9306 1.5354, 0.2266 0.9992 1.5354, 0.2462 0.9992 1.5354, 0.2721 0.9901 1.5354, 0.2754 0.9869 1.5354, 0.2794 0.9806 1.5354, 0.2817 0.9738 1.5354, 0.2768 0.9457 1.5354, 0.2721 0.9402 1.5354, 0.2649 0.935 1.5354, 0.2475 0.9992 1.5354, 0.2579 0.9978 1.5354, 0.266 0.9945 1.5354, 0.2825 0.9658 1.5354, 0.2822 0.9606 1.5354, 0.2804 0.9527 1.5354, 0.1984 0.9028 1.5354, 0.2201 0.9028 1.5354, 1.2402 0.9028 1.5354, 0.0246 -2.25 1.5354, 0.0287 -2.25 1.5354, 0.0868 -2.25 1.5354, 0.1182 -2.25 1.5354, 0.1342 -2.25 1.5354, 0.1721 -2.25 1.5354, 0.1984 -2.25 1.5354, 0.2201 -2.25 1.5354, 1.2402 -2.25 1.5354, 1.2697 1.3721 1.3742, 1.2697 1.3721 1.5338, 1.2707 1.3721 1.3739, 1.3015 1.3721 1.5285, 1.2992 1.3721 1.3621, 1.7717 1.3721 0.1654, 1.7717 1.3721 0.0079, 1.5551 1.3721 0.1654, 1.5551 1.3721 0.0079, 1.5449 1.3721 0.1667, 1.5042 1.3721 0.0146, 1.5354 1.3721 0.1706, 1.4567 1.3721 0.0342, 1.5273 1.3721 0.1769, 1.4159 1.3721 0.0655, 1.521 1.3721 0.185, 1.3847 1.3721 0.1063, 1.5171 1.3721 0.1945, 1.365 1.3721 0.1538, 1.5158 1.3721 0.2047, 1.3583 1.3721 0.2047, 1.5158 1.3721 1.2598, 1.3583 1.3721 1.2598, 1.5088 1.3721 1.3212, 1.3543 1.3721 1.2904, 1.4885 1.3721 1.3794, 1.3425 1.3721 1.3189, 1.4556 1.3721 1.4317, 1.3237 1.3721 1.3434, 1.412 1.3721 1.4753, 1.3597 1.3721 1.5081, -1.2254 1.2579 1.378, -1.2183 1.2549 1.378, -1.2401 -2.25 1.378, 1.2254 1.2579 1.378, 1.2315 1.2626 1.378, 1.2402 -2.25 1.378, -1.2401 1.2835 1.378, -1.2391 1.2758 1.378, 1.2183 1.2549 1.378, 1.2362 1.2687 1.378, 1.2392 1.2758 1.378, 1.2402 1.2835 1.378, -1.2362 1.2687 1.378, -1.2315 1.2626 1.378, -1.1811 1.2539 1.378, -1.2106 1.2539 1.378, -1.204 1.2547 1.378, -1.1978 1.2569 1.378, -1.1922 1.2604 1.378, -1.1875 1.2651 1.378, -1.184 1.2707 1.378, -1.1818 1.2769 1.378, -1.1811 1.2835 1.378, 1.1811 1.2539 1.378, 1.1811 1.2835 1.378, 1.1819 1.2769 1.378, 1.1978 1.2569 1.378, 1.2041 1.2547 1.378, 1.2106 1.2539 1.378, 1.184 1.2707 1.378, 1.1876 1.2651 1.378, 1.1922 1.2604 1.378, -1.7716 1.3721 0.0079, -1.7716 1.3721 0.1654, -1.5551 1.3721 0.0079, -1.5551 1.3721 0.1654, -1.5042 1.3721 0.0146, -1.5449 1.3721 0.1667, -1.4567 1.3721 0.0342, -1.5354 1.3721 0.1706, -1.4159 1.3721 0.0655, -1.5273 1.3721 0.1769, -1.3846 1.3721 0.1063, -1.521 1.3721 0.185, -1.365 1.3721 0.1538, -1.5171 1.3721 0.1945, -1.3583 1.3721 0.2047, -1.5157 1.3721 0.2047, -1.3583 1.3721 1.2598, -1.5157 1.3721 1.2598, -1.3542 1.3721 1.2904, -1.5063 1.3721 1.3312, -1.3424 1.3721 1.3189, -1.4788 1.3721 1.3976, -1.3237 1.3721 1.3434, -1.435 1.3721 1.4547, -1.2992 1.3721 1.3621, -1.3779 1.3721 1.4985, -1.2707 1.3721 1.3739, -1.3115 1.3721 1.526, -1.2697 1.3721 1.3742, -1.2697 1.3721 1.5338, 1.3015 -2.25 1.5285, 1.2707 -2.25 1.3739, 1.3597 -2.25 1.5081, 1.2992 -2.25 1.3621, 1.412 -2.25 1.4753, 1.3237 -2.25 1.3434, -1.2707 -2.25 1.3739, -1.3115 -2.25 1.526, -1.2992 -2.25 1.3621, -1.3779 -2.25 1.4985, -1.3237 -2.25 1.3434, -1.435 -2.25 1.4547, -1.3424 -2.25 1.3189, -1.4788 -2.25 1.3976, -1.3542 -2.25 1.2904, -1.5063 -2.25 1.3312, -1.3583 -2.25 1.2598, -1.5157 -2.25 1.2598, -1.3583 -2.25 0.9455, -1.5157 -2.25 0.9455, -1.3542 -2.25 0.9149, -1.5063 -2.25 0.8741, -1.3424 -2.25 0.8864, -1.4788 -2.25 0.8077, -1.3237 -2.25 0.8619, -1.435 -2.25 0.7506, -1.2355 -2.25 0.7738, -1.3469 -2.25 0.6624, -1.1917 -2.25 0.7167, -1.3281 -2.25 0.638, -1.1642 -2.25 0.6503, -1.3163 -2.25 0.6095, -1.1548 -2.25 0.5789, -1.3123 -2.25 0.5789, -1.1548 -2.25 0.2756, -1.3123 -2.25 0.2756, -1.1508 -2.25 0.245, -1.3029 -2.25 0.2043, -1.139 -2.25 0.2165, -1.2754 -2.25 0.1378, -1.1202 -2.25 0.1921, -1.2316 -2.25 0.0807, -1.0957 -2.25 0.1733, -1.1745 -2.25 0.0369, -1.0673 -2.25 0.1615, -1.108 -2.25 0.0094, -1.0367 -2.25 0.1575, -1.0367 -2.25 0.0, 1.0367 -2.25 0.1575, 1.0367 -2.25 0.0, 1.0673 -2.25 0.1615, 1.108 -2.25 0.0094, 1.0958 -2.25 0.1733, 1.1745 -2.25 0.0369, 1.1202 -2.25 0.1921, 1.2316 -2.25 0.0807, 1.139 -2.25 0.2165, 1.2754 -2.25 0.1378, 1.1508 -2.25 0.245, 1.3029 -2.25 0.2043, 1.1548 -2.25 0.2756, 1.3123 -2.25 0.2756, 1.1548 -2.25 0.5789, 1.3123 -2.25 0.5789, 1.1642 -2.25 0.6503, 1.3163 -2.25 0.6095, 1.1917 -2.25 0.7167, 1.3281 -2.25 0.638, 1.2355 -2.25 0.7738, 1.3469 -2.25 0.6624, 1.3237 -2.25 0.8619, 1.435 -2.25 0.7506, 1.3425 -2.25 0.8864, 1.4788 -2.25 0.8077, 1.3543 -2.25 0.9149, 1.5064 -2.25 0.8741, 1.3583 -2.25 0.9455, 1.5158 -2.25 0.9455, 1.3583 -2.25 1.2598, 1.5158 -2.25 1.2598, 1.3543 -2.25 1.2904, 1.5088 -2.25 1.3212, 1.3425 -2.25 1.3189, 1.4885 -2.25 1.3794, 1.4556 -2.25 1.4317, 1.0367 -1.5413 0.0, -1.0367 -1.5413 0.0, 1.0367 -1.5413 0.1575, -1.0367 -1.5413 0.1575, 1.3282 -1.5413 0.8667, 1.5043 -1.5413 0.8667, 1.4788 -1.5413 0.8077, -1.5043 -1.5413 0.8667, -1.3282 -1.5413 0.8667, -1.4788 -1.5413 0.8077, -1.3237 -1.5413 0.8619, 1.3237 -1.5413 0.8619, 1.435 -1.5413 0.7506, 1.2355 -1.5413 0.7738, 1.3469 -1.5413 0.6624, 1.1917 -1.5413 0.7167, 1.3281 -1.5413 0.638, 1.1642 -1.5413 0.6503, 1.3163 -1.5413 0.6095, 1.1548 -1.5413 0.5789, 1.3123 -1.5413 0.5789, 1.1548 -1.5413 0.2756, 1.3123 -1.5413 0.2756, 1.1508 -1.5413 0.245, 1.3029 -1.5413 0.2043, 1.139 -1.5413 0.2165, 1.2754 -1.5413 0.1378, 1.1202 -1.5413 0.1921, 1.2316 -1.5413 0.0807, 1.0958 -1.5413 0.1733, 1.1745 -1.5413 0.0369, 1.0673 -1.5413 0.1615, 1.108 -1.5413 0.0094, -1.0673 -1.5413 0.1615, -1.108 -1.5413 0.0094, -1.0957 -1.5413 0.1733, -1.1745 -1.5413 0.0369, -1.1202 -1.5413 0.1921, -1.2316 -1.5413 0.0807, -1.139 -1.5413 0.2165, -1.2754 -1.5413 0.1378, -1.1508 -1.5413 0.245, -1.3029 -1.5413 0.2043, -1.1548 -1.5413 0.2756, -1.3123 -1.5413 0.2756, -1.1548 -1.5413 0.5789, -1.3123 -1.5413 0.5789, -1.1642 -1.5413 0.6503, -1.3163 -1.5413 0.6095, -1.1917 -1.5413 0.7167, -1.3281 -1.5413 0.638, -1.2355 -1.5413 0.7738, -1.3469 -1.5413 0.6624, -1.435 -1.5413 0.7506, -1.2658 1.3718 1.5342, -1.2549 1.3573 1.535, -1.262 1.371 1.5346, -1.2517 1.3659 1.5352, -1.2549 1.3681 1.535, -1.2584 1.3698 1.5348, -1.2401 1.3425 1.5354, -1.2404 1.3464 1.5354, -1.2412 1.3502 1.5354, -1.2424 1.3538 1.5354, -1.2441 1.3573 1.5354, -1.2462 1.3605 1.5354, -1.2488 1.3634 1.5353, -1.5157 0.7584 0.3785, -1.5157 0.7421 0.391, -1.5157 -0.7539 0.391, -1.5157 -0.7702 0.3785, -1.5157 -1.4069 0.9224, -1.5157 0.7815 0.2047, -1.5157 0.7815 0.3228, -1.5157 0.7788 0.3432, -1.5157 0.771 0.3622, -1.5157 -1.4232 0.9349, -1.5157 -1.4422 0.9428, -1.5157 -1.4626 0.9455, -1.5157 0.6346 0.3622, -1.5157 0.6267 0.3432, -1.5157 -0.6385 0.3432, -1.5157 0.624 0.3228, -1.5157 -1.3839 0.8667, -1.5157 -1.3865 0.8871, -1.5157 -1.3944 0.9061, -1.5157 0.7231 0.3989, -1.5157 0.7028 0.4016, -1.5157 0.6824 0.3989, -1.5157 -0.6589 0.3785, -1.5157 -0.6752 0.391, -1.5157 -0.6942 0.3989, -1.5157 -0.7146 0.4016, -1.5157 -0.7349 0.3989, -1.5157 -0.7828 0.3622, -1.5157 -0.7906 0.3432, -1.5157 -1.3839 0.2047, -1.5157 -0.7933 0.3228, -1.5157 -0.7933 0.2047, -1.5157 0.6634 0.391, -1.5157 0.6471 0.3785, -1.5157 -0.6305 0.0197, -1.5157 -0.6345 0.0292, -1.5157 -0.6358 0.0394, -1.5157 -0.6464 0.3622, -1.5157 0.624 0.0394, -1.5157 -0.6358 0.3228, -1.5157 0.6043 0.0053, -1.5157 0.6227 0.0292, -1.5157 0.6125 0.0115, -1.5157 0.6187 0.0197, -1.5157 0.5948 0.0013, -1.5157 0.5847 0.0, -1.5157 -0.5965 0.0, -1.5157 -0.6066 0.0013, -1.5157 -0.6161 0.0053, -1.5157 -0.6243 0.0115, -1.5152 -1.5117 0.9283, -1.5141 -1.5242 0.9158, -1.5157 -1.4801 0.9435, -1.5156 -1.4968 0.9377, -1.5121 -1.5335 0.9009, -1.5089 -1.5394 0.8842, -1.5062 -1.5405 0.8742, -1.2412 1.3502 1.3779, -1.2404 1.3464 1.378, -1.255 1.3573 1.377, -1.2401 1.3425 1.378, -1.2463 1.3605 1.3778, -1.2441 1.3573 1.3779, -1.2424 1.3538 1.3779, -1.262 1.371 1.3759, -1.2584 1.3698 1.3765, -1.2549 1.3681 1.377, -1.2517 1.366 1.3774, -1.2488 1.3634 1.3776, -1.2658 1.3718 1.3751, -1.3583 0.7815 0.3228, -1.3583 0.7815 0.2047, -1.3583 0.7231 0.3989, -1.3583 0.7421 0.391, -1.3583 -1.3839 0.2047, -1.3583 -0.7933 0.2047, -1.3583 -0.7933 0.3228, -1.3583 -1.4069 0.9224, -1.3583 -0.7702 0.3785, -1.3583 -0.7539 0.391, -1.3583 0.7028 0.4016, -1.3583 0.7584 0.3785, -1.3583 0.771 0.3622, -1.3583 0.7788 0.3432, -1.3583 -1.3839 0.8667, -1.3583 -1.4626 0.9455, -1.3583 -1.4422 0.9428, -1.3583 -1.4232 0.9349, -1.3583 -0.7349 0.3989, -1.3583 -0.7146 0.4016, -1.3583 -1.3944 0.9061, -1.3583 -1.3865 0.8871, -1.3583 -0.7828 0.3622, -1.3583 -0.7906 0.3432, -1.3583 -0.6942 0.3989, -1.3583 -0.6752 0.391, -1.3583 0.6346 0.3622, -1.3583 0.6471 0.3785, -1.3583 -0.6385 0.3432, -1.3583 0.6634 0.391, -1.3583 0.6824 0.3989, -1.3583 -0.6589 0.3785, -1.3583 -0.6464 0.3622, -1.3583 -0.6358 0.0394, -1.3583 0.5847 0.0, -1.3583 -0.6358 0.3228, -1.3583 0.624 0.3228, -1.3583 0.6267 0.3432, -1.3583 -0.6345 0.0292, -1.3583 -0.6305 0.0197, -1.3583 -0.6243 0.0115, -1.3583 -0.6161 0.0053, -1.3583 0.5948 0.0013, -1.3583 0.6227 0.0292, -1.3583 0.624 0.0394, -1.3583 0.6043 0.0053, -1.3583 0.6125 0.0115, -1.3583 0.6187 0.0197, -1.3583 -0.6066 0.0013, -1.3583 -0.5965 0.0, -1.3542 -1.5249 0.9149, -1.3545 -1.5242 0.9158, -1.357 -1.5117 0.9283, -1.358 -1.4968 0.9377, -1.3582 -1.4801 0.9435, -1.3351 -1.5409 0.8752, -1.341 -1.5392 0.8842, -1.3424 -1.5388 0.8864, -1.3495 -1.5335 0.9009, -1.5551 -1.3839 0.0079, -1.7339 -1.1946 0.0079, -1.7116 -1.163 0.0079, -1.6977 -1.127 0.0079, -1.6929 -1.0886 0.0079, -1.5551 -0.7933 0.0079, -1.6977 -1.0502 0.0079, -1.7116 -1.0141 0.0079, -1.7339 -0.9826 0.0079, -1.7633 -0.9574 0.0079, -1.7716 -0.7933 0.0079, -1.8474 -1.2897 0.0079, -1.8401 -1.2724 0.0079, -1.7716 -1.3839 0.0079, -1.829 -1.2574 0.0079, -1.7979 -0.9401 0.0079, -1.8147 -0.9318 0.0079, -1.829 -0.9198 0.0079, -1.8101 -1.3738 0.0079, -1.8262 -1.3619 0.0079, -1.8388 -1.3463 0.0079, -1.8147 -1.2453 0.0079, -1.7979 -1.2371 0.0079, -1.7633 -1.2198 0.0079, -1.8401 -0.9047 0.0079, -1.8474 -0.8874 0.0079, -1.8503 -0.869 0.0079, -1.847 -0.8492 0.0079, -1.8388 -0.8309 0.0079, -1.7915 -0.7959 0.0079, -1.8262 -0.8153 0.0079, -1.8101 -0.8033 0.0079, -1.8503 -1.3082 0.0079, -1.847 -1.328 0.0079, -1.7915 -1.3813 0.0079, -1.8474 -0.8874 0.1654, -1.8401 -0.9047 0.1654, -1.7716 -0.7933 0.1654, -1.5551 -0.7933 0.1654, -1.7979 -0.9401 0.1654, -1.7633 -0.9574 0.1654, -1.7339 -0.9826 0.1654, -1.7116 -1.0141 0.1654, -1.6977 -1.0502 0.1654, -1.6929 -1.0886 0.1654, -1.5551 -1.3839 0.1654, -1.6977 -1.127 0.1654, -1.7116 -1.163 0.1654, -1.829 -0.9198 0.1654, -1.8147 -0.9318 0.1654, -1.7339 -1.1946 0.1654, -1.7633 -1.2198 0.1654, -1.7716 -1.3839 0.1654, -1.7979 -1.2371 0.1654, -1.8147 -1.2453 0.1654, -1.8503 -0.869 0.1654, -1.847 -0.8492 0.1654, -1.8388 -0.8309 0.1654, -1.7915 -0.7959 0.1654, -1.8262 -0.8153 0.1654, -1.8101 -0.8033 0.1654, -1.829 -1.2574 0.1654, -1.8401 -1.2724 0.1654, -1.8474 -1.2897 0.1654, -1.8503 -1.3082 0.1654, -1.847 -1.328 0.1654, -1.8388 -1.3463 0.1654, -1.8262 -1.3619 0.1654, -1.8101 -1.3738 0.1654, -1.7915 -1.3813 0.1654, -1.5449 -0.7933 0.1667, -1.5449 -1.3839 0.1667, -1.5354 -0.7933 0.1706, -1.5354 -1.3839 0.1706, -1.5273 -0.7933 0.1769, -1.5273 -1.3839 0.1769, -1.521 -0.7933 0.185, -1.521 -1.3839 0.185, -1.5171 -0.7933 0.1945, -1.5171 -1.3839 0.1945, -1.365 -1.3839 0.1538, -1.365 -0.7933 0.1538, -1.3846 -1.3839 0.1063, -1.3846 -0.7933 0.1063, -1.4159 -1.3839 0.0655, -1.4159 -0.7933 0.0655, -1.4567 -1.3839 0.0342, -1.4567 -0.7933 0.0342, -1.5042 -1.3839 0.0146, -1.5042 -0.7933 0.0146, -1.5551 0.7815 0.0079, -1.7339 0.9708 0.0079, -1.7116 1.0023 0.0079, -1.6977 1.0384 0.0079, -1.6929 1.0768 0.0079, -1.6977 1.1152 0.0079, -1.7116 1.1512 0.0079, -1.7339 1.1828 0.0079, -1.7633 1.208 0.0079, -1.7979 1.2253 0.0079, -1.8147 1.2335 0.0079, -1.8474 0.8756 0.0079, -1.8401 0.8929 0.0079, -1.7716 0.7815 0.0079, -1.829 0.908 0.0079, -1.829 1.2456 0.0079, -1.8401 1.2606 0.0079, -1.8474 1.2779 0.0079, -1.8101 0.7915 0.0079, -1.8262 0.8035 0.0079, -1.8388 0.8191 0.0079, -1.8147 0.92 0.0079, -1.7979 0.9283 0.0079, -1.7633 0.9456 0.0079, -1.8503 1.2964 0.0079, -1.847 1.3162 0.0079, -1.8388 1.3345 0.0079, -1.8262 1.3501 0.0079, -1.8101 1.362 0.0079, -1.7915 1.3695 0.0079, -1.8503 0.8572 0.0079, -1.847 0.8374 0.0079, -1.7915 0.7841 0.0079, -1.7979 1.2253 0.1654, -1.7633 1.208 0.1654, -1.7339 1.1828 0.1654, -1.7116 1.1512 0.1654, -1.6977 1.1152 0.1654, -1.6929 1.0768 0.1654, -1.5551 0.7815 0.1654, -1.6977 1.0384 0.1654, -1.7116 1.0023 0.1654, -1.8101 1.362 0.1654, -1.8262 1.3501 0.1654, -1.8474 1.2779 0.1654, -1.8401 1.2606 0.1654, -1.829 1.2456 0.1654, -1.8147 1.2335 0.1654, -1.7339 0.9708 0.1654, -1.7633 0.9456 0.1654, -1.7716 0.7815 0.1654, -1.7979 0.9283 0.1654, -1.8147 0.92 0.1654, -1.7915 1.3695 0.1654, -1.8388 1.3345 0.1654, -1.847 1.3162 0.1654, -1.8503 1.2964 0.1654, -1.829 0.908 0.1654, -1.8401 0.8929 0.1654, -1.8474 0.8756 0.1654, -1.8503 0.8572 0.1654, -1.847 0.8374 0.1654, -1.8388 0.8191 0.1654, -1.8262 0.8035 0.1654, -1.8101 0.7915 0.1654, -1.7915 0.7841 0.1654, -1.5449 0.7815 0.1667, -1.5354 0.7815 0.1706, -1.5273 0.7815 0.1769, -1.521 0.7815 0.185, -1.5171 0.7815 0.1945, -1.365 0.7815 0.1538, -1.3846 0.7815 0.1063, -1.4159 0.7815 0.0655, -1.4567 0.7815 0.0342, -1.5042 0.7815 0.0146, 1.255 1.3573 1.535, 1.2402 1.3425 1.5354, 1.2424 1.3538 1.5354, 1.2441 1.3573 1.5354, 1.2463 1.3605 1.5354, 1.2412 1.3502 1.5354, 1.2404 1.3464 1.5354, 1.2658 1.3718 1.5342, 1.2621 1.371 1.5346, 1.2584 1.3698 1.5348, 1.2549 1.3681 1.535, 1.2517 1.366 1.5352, 1.2488 1.3634 1.5353, 1.5158 0.7815 0.3228, 1.5158 0.7815 0.2047, 1.5158 -0.6942 0.3989, 1.5158 -0.6752 0.391, 1.5158 -1.3839 0.2047, 1.5158 -0.7933 0.2047, 1.5158 -0.7933 0.3228, 1.5158 -1.4069 0.9224, 1.5158 -0.7702 0.3785, 1.5158 -0.7539 0.391, 1.5158 -0.7349 0.3989, 1.5158 -0.7146 0.4016, 1.5158 -1.4232 0.9349, 1.5158 0.7421 0.391, 1.5158 0.7231 0.3989, 1.5158 0.7028 0.4016, 1.5158 -1.3839 0.8667, 1.5158 -0.6589 0.3785, 1.5158 -0.6464 0.3622, 1.5158 -0.6385 0.3432, 1.5158 0.7584 0.3785, 1.5158 0.771 0.3622, 1.5158 0.7788 0.3432, 1.5158 -1.3944 0.9061, 1.5158 -1.3865 0.8871, 1.5158 -0.7828 0.3622, 1.5158 -0.7906 0.3432, 1.5158 -1.4626 0.9455, 1.5158 -1.4422 0.9428, 1.5158 0.6346 0.3622, 1.5158 0.6471 0.3785, 1.5158 0.6634 0.391, 1.5158 0.6824 0.3989, 1.5158 -0.6358 0.0394, 1.5158 0.5847 0.0, 1.5158 -0.6358 0.3228, 1.5158 0.624 0.3228, 1.5158 0.6267 0.3432, 1.5158 -0.6345 0.0292, 1.5158 -0.6305 0.0197, 1.5158 -0.6243 0.0115, 1.5158 -0.6161 0.0053, 1.5158 0.5948 0.0013, 1.5158 0.6227 0.0292, 1.5158 0.624 0.0394, 1.5158 0.6043 0.0053, 1.5158 0.6125 0.0115, 1.5158 0.6187 0.0197, 1.5158 -0.6066 0.0013, 1.5158 -0.5965 0.0, 1.5089 -1.5394 0.8842, 1.5062 -1.5405 0.8742, 1.5121 -1.5335 0.9009, 1.5142 -1.5242 0.9158, 1.5152 -1.5117 0.9283, 1.5156 -1.4968 0.9377, 1.5158 -1.4801 0.9435, 1.2659 1.3718 1.3751, 1.255 1.3573 1.377, 1.2621 1.371 1.3759, 1.2517 1.3659 1.3774, 1.2549 1.3681 1.377, 1.2584 1.3698 1.3765, 1.2402 1.3425 1.378, 1.2404 1.3464 1.378, 1.2412 1.3502 1.3779, 1.2424 1.3538 1.3779, 1.2441 1.3573 1.3779, 1.2463 1.3605 1.3778, 1.2488 1.3634 1.3776, 1.3583 -0.7539 0.391, 1.3583 -0.7702 0.3785, 1.3583 -1.4069 0.9224, 1.3583 -1.4626 0.9455, 1.3583 0.7584 0.3785, 1.3583 0.7421 0.391, 1.3583 0.7231 0.3989, 1.3583 0.7815 0.2047, 1.3583 0.7815 0.3228, 1.3583 0.7788 0.3432, 1.3583 0.771 0.3622, 1.3583 -0.6385 0.3432, 1.3583 -0.6464 0.3622, 1.3583 -0.6589 0.3785, 1.3583 -1.3839 0.8667, 1.3583 -1.3865 0.8871, 1.3583 -1.3944 0.9061, 1.3583 -0.6752 0.391, 1.3583 -0.6942 0.3989, 1.3583 -0.7146 0.4016, 1.3583 -0.7828 0.3622, 1.3583 -0.7906 0.3432, 1.3583 -1.3839 0.2047, 1.3583 -0.7933 0.3228, 1.3583 -0.7933 0.2047, 1.3583 0.7028 0.4016, 1.3583 0.6824 0.3989, 1.3583 0.6634 0.391, 1.3583 0.6471 0.3785, 1.3583 0.6346 0.3622, 1.3583 0.6267 0.3432, 1.3583 0.624 0.3228, 1.3583 -1.4422 0.9428, 1.3583 -1.4232 0.9349, 1.3583 -0.7349 0.3989, 1.3583 0.624 0.0394, 1.3583 -0.6358 0.0394, 1.3583 -0.6358 0.3228, 1.3583 0.6043 0.0053, 1.3583 0.6227 0.0292, 1.3583 0.6125 0.0115, 1.3583 0.6187 0.0197, 1.3583 0.5948 0.0013, 1.3583 0.5847 0.0, 1.3583 -0.6066 0.0013, 1.3583 -0.6161 0.0053, 1.3583 -0.6243 0.0115, 1.3583 -0.6305 0.0197, 1.3583 -0.6345 0.0292, 1.3583 -0.5965 0.0, 1.3351 -1.5409 0.8752, 1.341 -1.5392 0.8842, 1.3495 -1.5335 0.9009, 1.3425 -1.5388 0.8864, 1.358 -1.4968 0.9377, 1.3583 -1.4801 0.9435, 1.357 -1.5117 0.9283, 1.3545 -1.5242 0.9158, 1.3543 -1.5249 0.9149, 1.734 -0.9826 0.0079, 1.7116 -1.0141 0.0079, 1.5551 -0.7933 0.0079, 1.6977 -1.0502 0.0079, 1.6929 -1.0886 0.0079, 1.5551 -1.3839 0.0079, 1.6977 -1.127 0.0079, 1.7116 -1.163 0.0079, 1.8147 -1.2453 0.0079, 1.829 -1.2574 0.0079, 1.7717 -1.3839 0.0079, 1.8474 -0.8874 0.0079, 1.8402 -0.9047 0.0079, 1.7717 -0.7933 0.0079, 1.7979 -0.9401 0.0079, 1.7633 -0.9574 0.0079, 1.734 -1.1946 0.0079, 1.7633 -1.2198 0.0079, 1.7979 -1.2371 0.0079, 1.8402 -1.2724 0.0079, 1.8474 -1.2897 0.0079, 1.8503 -1.3082 0.0079, 1.829 -0.9198 0.0079, 1.8147 -0.9318 0.0079, 1.847 -1.328 0.0079, 1.8388 -1.3463 0.0079, 1.7915 -1.3813 0.0079, 1.8262 -1.3619 0.0079, 1.8101 -1.3738 0.0079, 1.8101 -0.8033 0.0079, 1.8262 -0.8153 0.0079, 1.7915 -0.7959 0.0079, 1.8503 -0.869 0.0079, 1.847 -0.8492 0.0079, 1.8388 -0.8309 0.0079, 1.734 -1.1946 0.1654, 1.7116 -1.163 0.1654, 1.5551 -1.3839 0.1654, 1.6977 -1.127 0.1654, 1.6929 -1.0886 0.1654, 1.5551 -0.7933 0.1654, 1.6977 -1.0502 0.1654, 1.7116 -1.0141 0.1654, 1.8474 -1.2897 0.1654, 1.8402 -1.2724 0.1654, 1.7717 -1.3839 0.1654, 1.829 -1.2574 0.1654, 1.8147 -1.2453 0.1654, 1.7979 -1.2371 0.1654, 1.7633 -1.2198 0.1654, 1.734 -0.9826 0.1654, 1.7633 -0.9574 0.1654, 1.7717 -0.7933 0.1654, 1.7979 -0.9401 0.1654, 1.8503 -1.3082 0.1654, 1.847 -1.328 0.1654, 1.8388 -1.3463 0.1654, 1.7915 -1.3813 0.1654, 1.8262 -1.3619 0.1654, 1.8101 -1.3738 0.1654, 1.8147 -0.9318 0.1654, 1.829 -0.9198 0.1654, 1.8402 -0.9047 0.1654, 1.8474 -0.8874 0.1654, 1.8503 -0.869 0.1654, 1.847 -0.8492 0.1654, 1.8388 -0.8309 0.1654, 1.8262 -0.8153 0.1654, 1.7915 -0.7959 0.1654, 1.8101 -0.8033 0.1654, 1.5171 -0.7933 0.1945, 1.5171 -1.3839 0.1945, 1.521 -0.7933 0.185, 1.521 -1.3839 0.185, 1.5273 -0.7933 0.1769, 1.5273 -1.3839 0.1769, 1.5354 -0.7933 0.1706, 1.5354 -1.3839 0.1706, 1.5449 -0.7933 0.1667, 1.5449 -1.3839 0.1667, 1.5042 -1.3839 0.0146, 1.5042 -0.7933 0.0146, 1.4567 -1.3839 0.0342, 1.4567 -0.7933 0.0342, 1.4159 -1.3839 0.0655, 1.4159 -0.7933 0.0655, 1.3847 -1.3839 0.1063, 1.3847 -0.7933 0.1063, 1.365 -1.3839 0.1538, 1.365 -0.7933 0.1538, 1.734 1.1828 0.0079, 1.7116 1.1512 0.0079, 1.6977 1.1152 0.0079, 1.6929 1.0768 0.0079, 1.5551 0.7815 0.0079, 1.6977 1.0384 0.0079, 1.7116 1.0023 0.0079, 1.8474 1.2779 0.0079, 1.8402 1.2606 0.0079, 1.7979 1.2253 0.0079, 1.7633 1.208 0.0079, 1.8147 0.92 0.0079, 1.829 0.908 0.0079, 1.7717 0.7815 0.0079, 1.734 0.9708 0.0079, 1.7633 0.9456 0.0079, 1.7979 0.9283 0.0079, 1.829 1.2456 0.0079, 1.8147 1.2335 0.0079, 1.8402 0.8929 0.0079, 1.8474 0.8756 0.0079, 1.8503 0.8572 0.0079, 1.847 0.8374 0.0079, 1.8388 0.8191 0.0079, 1.7915 0.7841 0.0079, 1.8262 0.8035 0.0079, 1.8101 0.7915 0.0079, 1.8101 1.362 0.0079, 1.8262 1.3501 0.0079, 1.7915 1.3695 0.0079, 1.8503 1.2964 0.0079, 1.847 1.3162 0.0079, 1.8388 1.3345 0.0079, 1.5551 0.7815 0.1654, 1.734 0.9708 0.1654, 1.7116 1.0023 0.1654, 1.6977 1.0384 0.1654, 1.6929 1.0768 0.1654, 1.6977 1.1152 0.1654, 1.7116 1.1512 0.1654, 1.734 1.1828 0.1654, 1.7633 1.208 0.1654, 1.7979 1.2253 0.1654, 1.8474 0.8756 0.1654, 1.8402 0.8929 0.1654, 1.7717 0.7815 0.1654, 1.829 0.908 0.1654, 1.8147 0.92 0.1654, 1.7979 0.9283 0.1654, 1.7633 0.9456 0.1654, 1.8147 1.2335 0.1654, 1.829 1.2456 0.1654, 1.8402 1.2606 0.1654, 1.8503 0.8572 0.1654, 1.847 0.8374 0.1654, 1.8388 0.8191 0.1654, 1.7915 0.7841 0.1654, 1.8262 0.8035 0.1654, 1.8101 0.7915 0.1654, 1.8474 1.2779 0.1654, 1.8503 1.2964 0.1654, 1.847 1.3162 0.1654, 1.8388 1.3345 0.1654, 1.8262 1.3501 0.1654, 1.7915 1.3695 0.1654, 1.8101 1.362 0.1654, 1.5171 0.7815 0.1945, 1.521 0.7815 0.185, 1.5273 0.7815 0.1769, 1.5354 0.7815 0.1706, 1.5449 0.7815 0.1667, 1.5042 0.7815 0.0146, 1.4567 0.7815 0.0342, 1.4159 0.7815 0.0655, 1.3847 0.7815 0.1063, 1.365 0.7815 0.1538, 1.1516 1.2539 0.4724, -1.1516 1.2539 0.4724, 1.1516 1.3721 0.4724, -1.1516 1.3721 0.4724, -1.1811 1.3721 1.4173, 1.1811 1.3721 1.4173, -1.1811 1.3721 0.502, 1.1811 1.3721 0.502, -1.1581 1.3721 0.4732, -1.1644 1.3721 0.4754, -1.17 1.3721 0.4789, -1.1747 1.3721 0.4836, -1.1804 1.3721 0.4954, -1.1782 1.3721 0.4892, 1.1801 1.3721 0.4943, 1.1592 1.3721 0.4734, 1.1772 1.3721 0.4872, 1.1725 1.3721 0.4811, 1.1663 1.3721 0.4764, -1.1811 1.368 1.4479, 1.1811 1.368 1.4479, -1.1811 1.3562 1.4764, 1.1811 1.3562 1.4764, -1.1811 1.3375 1.5008, 1.1811 1.3375 1.5008, -1.1811 1.313 1.5196, 1.1811 1.313 1.5196, -1.1811 1.2845 1.5314, 1.1811 1.2845 1.5314, 1.1978 1.2569 1.5354, 1.2041 1.2547 1.5354, 1.1922 1.2604 1.5353, 1.1876 1.2651 1.5349, 1.184 1.2707 1.5342, -1.1811 1.2835 1.5317, -1.1818 1.2769 1.5332, 1.1811 1.2835 1.5317, 1.1819 1.2769 1.5332, -1.184 1.2707 1.5342, -1.1875 1.2651 1.5349, -1.1922 1.2604 1.5353, -1.1978 1.2569 1.5354, -1.204 1.2547 1.5354, 1.1811 1.2539 0.502, -1.1811 1.2539 0.502, -1.1804 1.2539 0.4954, -1.1782 1.2539 0.4892, -1.1747 1.2539 0.4836, -1.1644 1.2539 0.4754, -1.1581 1.2539 0.4732, -1.17 1.2539 0.4789, 1.1772 1.2539 0.4872, 1.1592 1.2539 0.4734, 1.1725 1.2539 0.4811, 1.1663 1.2539 0.4764, 1.1801 1.2539 0.4943
            ]
        }
        coordIndex [
            0,1,2,-1,3,4,5,-1,6,7,8,-1,9,10,11,-1,12,13,14,-1,15,16,17,-1,18,19,20,-1,21,22,23,-1,23,22,24,-1,23,24,25,-1,26,27,28,-1,28,27,29,-1,28,29,30,-1,30,29,31,-1,22,32,24,-1,24,32,33,-1,24,33,34,-1,34,33,35,-1,34,35,36,-1,36,35,31,-1,37,38,39,-1,39,40,37,-1,37,40,41,-1,37,41,42,-1,43,44,42,-1,44,45,42,-1,42,45,46,-1,42,46,47,-1,42,41,43,-1,43,41,48,-1,43,48,49,-1,50,51,52,-1,52,51,43,-1,52,43,53,-1,49,54,43,-1,43,54,55,-1,43,55,56,-1,57,58,43,-1,43,58,59,-1,43,59,53,-1,60,61,62,-1,63,64,52,-1,52,64,65,-1,52,65,50,-1,56,66,43,-1,43,66,67,-1,43,67,57,-1,60,62,52,-1,52,62,68,-1,52,68,63,-1,69,70,71,-1,71,70,72,-1,71,72,38,-1,18,20,73,-1,74,75,20,-1,20,75,76,-1,20,76,73,-1,77,78,20,-1,20,78,79,-1,20,79,74,-1,80,81,82,-1,82,81,83,-1,82,83,77,-1,77,83,84,-1,77,84,78,-1,85,86,87,-1,87,86,88,-1,87,88,89,-1,90,91,92,-1,92,91,93,-1,92,93,87,-1,87,93,94,-1,87,94,85,-1,95,96,97,-1,98,99,100,-1,97,101,95,-1,95,101,102,-1,95,102,103,-1,103,102,98,-1,103,98,104,-1,104,98,100,-1,105,106,17,-1,105,17,107,-1,106,105,101,-1,101,105,108,-1,101,108,102,-1,17,109,107,-1,107,109,110,-1,107,110,111,-1,112,113,109,-1,109,113,114,-1,109,114,110,-1,115,116,117,-1,109,118,119,-1,120,121,122,-1,122,121,123,-1,122,123,115,-1,115,123,124,-1,115,124,116,-1,119,125,109,-1,109,125,126,-1,109,126,112,-1,127,128,129,-1,127,129,130,-1,128,131,129,-1,129,131,132,-1,129,132,122,-1,122,132,133,-1,122,133,120,-1,27,134,135,-1,135,136,27,-1,27,136,137,-1,27,137,138,-1,139,140,141,-1,140,142,141,-1,141,142,143,-1,141,143,144,-1,145,146,141,-1,141,146,147,-1,141,147,139,-1,148,149,145,-1,145,149,150,-1,150,149,151,-1,150,151,152,-1,150,77,153,-1,153,77,20,-1,153,20,69,-1,69,20,19,-1,69,19,70,-1,38,37,71,-1,71,37,154,-1,71,154,155,-1,31,29,36,-1,36,29,156,-1,36,156,157,-1,138,158,27,-1,27,158,159,-1,27,159,29,-1,29,159,160,-1,29,160,156,-1,161,162,163,-1,164,165,166,-1,166,165,167,-1,166,167,168,-1,169,170,17,-1,170,171,17,-1,17,171,172,-1,17,172,173,-1,168,174,166,-1,166,174,175,-1,166,175,106,-1,162,169,163,-1,163,169,17,-1,163,17,176,-1,176,17,106,-1,176,106,177,-1,177,106,175,-1,173,178,17,-1,17,178,179,-1,17,179,15,-1,180,181,182,-1,182,181,183,-1,182,183,184,-1,182,185,180,-1,180,185,186,-1,180,186,187,-1,187,188,180,-1,180,188,189,-1,180,189,190,-1,190,189,191,-1,190,191,192,-1,192,191,193,-1,192,193,163,-1,163,193,194,-1,163,194,161,-1,195,196,184,-1,184,196,197,-1,184,197,182,-1,198,199,200,-1,200,199,201,-1,200,201,13,-1,202,203,204,-1,204,203,205,-1,204,205,201,-1,206,207,208,-1,208,207,209,-1,210,211,212,-1,213,214,215,-1,215,214,216,-1,215,216,217,-1,218,219,204,-1,204,219,220,-1,204,220,202,-1,206,221,207,-1,207,221,222,-1,207,222,223,-1,223,222,224,-1,225,226,224,-1,224,226,227,-1,224,227,223,-1,217,228,215,-1,215,228,229,-1,215,229,230,-1,92,231,232,-1,230,233,215,-1,215,233,234,-1,215,234,92,-1,92,234,209,-1,92,209,231,-1,231,209,207,-1,235,236,211,-1,211,236,237,-1,211,237,212,-1,232,238,92,-1,92,238,239,-1,92,239,240,-1,47,90,166,-1,166,90,92,-1,166,92,164,-1,164,92,240,-1,164,240,211,-1,211,240,241,-1,211,241,235,-1,199,242,212,-1,212,242,243,-1,212,243,210,-1,244,245,224,-1,224,245,246,-1,224,246,247,-1,248,249,250,-1,250,249,251,-1,250,251,198,-1,198,251,252,-1,198,252,199,-1,199,252,253,-1,199,253,242,-1,247,254,224,-1,224,254,255,-1,224,255,225,-1,256,257,248,-1,248,257,258,-1,248,258,249,-1,256,259,257,-1,257,259,260,-1,257,260,261,-1,261,260,262,-1,261,263,264,-1,262,265,261,-1,261,265,266,-1,261,266,267,-1,267,268,261,-1,261,268,269,-1,261,269,263,-1,264,270,261,-1,261,270,271,-1,261,271,272,-1,12,14,273,-1,273,14,274,-1,273,274,275,-1,275,274,16,-1,16,274,115,-1,16,115,17,-1,17,115,117,-1,17,117,109,-1,109,117,276,-1,109,276,118,-1,13,201,14,-1,14,201,205,-1,14,205,274,-1,274,205,277,-1,274,277,213,-1,213,277,278,-1,213,278,214,-1,279,280,281,-1,281,280,3,-1,282,283,281,-1,281,283,284,-1,281,284,285,-1,285,286,281,-1,281,286,287,-1,281,287,279,-1,288,289,290,-1,291,292,290,-1,290,292,293,-1,290,293,294,-1,290,295,288,-1,288,295,296,-1,288,296,297,-1,297,296,298,-1,297,298,299,-1,294,300,290,-1,290,300,301,-1,290,301,295,-1,302,303,304,-1,302,304,305,-1,303,306,304,-1,304,306,307,-1,304,307,308,-1,308,307,309,-1,309,310,308,-1,308,310,311,-1,308,311,291,-1,291,311,312,-1,291,312,292,-1,313,305,314,-1,314,305,304,-1,314,304,315,-1,315,304,316,-1,317,318,319,-1,319,318,320,-1,319,320,321,-1,317,322,318,-1,318,322,323,-1,318,323,324,-1,324,323,325,-1,324,325,304,-1,304,325,326,-1,304,326,316,-1,0,327,1,-1,1,327,328,-1,1,328,329,-1,329,330,1,-1,1,330,331,-1,1,331,321,-1,332,333,4,-1,334,335,336,-1,337,338,0,-1,339,340,341,-1,341,340,342,-1,334,336,343,-1,337,0,344,-1,345,346,340,-1,340,346,347,-1,340,347,348,-1,4,333,0,-1,0,333,349,-1,0,349,344,-1,335,350,336,-1,336,350,351,-1,336,351,352,-1,353,354,355,-1,355,354,356,-1,355,356,357,-1,358,348,359,-1,359,348,360,-1,359,360,355,-1,355,360,361,-1,355,361,353,-1,358,362,348,-1,348,362,363,-1,348,363,340,-1,340,363,364,-1,340,364,342,-1,365,366,367,-1,367,366,368,-1,367,368,336,-1,336,368,369,-1,336,369,343,-1,370,371,336,-1,336,371,372,-1,336,372,340,-1,340,372,373,-1,340,373,345,-1,374,375,327,-1,327,375,376,-1,327,376,377,-1,377,378,327,-1,327,378,379,-1,327,379,380,-1,380,379,365,-1,380,365,381,-1,381,365,367,-1,338,382,0,-1,0,382,383,-1,0,383,327,-1,327,383,384,-1,327,384,374,-1,352,385,336,-1,336,385,386,-1,336,386,387,-1,387,388,336,-1,336,388,389,-1,336,389,370,-1,390,391,392,-1,392,348,390,-1,390,348,347,-1,390,347,393,-1,393,347,394,-1,394,395,393,-1,393,395,396,-1,393,396,397,-1,398,399,400,-1,399,401,400,-1,400,401,402,-1,400,402,403,-1,404,400,405,-1,391,390,404,-1,404,390,406,-1,404,406,400,-1,400,406,407,-1,400,407,398,-1,405,408,404,-1,404,408,409,-1,404,409,410,-1,403,402,411,-1,411,402,412,-1,411,412,413,-1,413,412,414,-1,413,414,415,-1,416,417,410,-1,410,417,418,-1,410,418,404,-1,280,419,3,-1,3,419,420,-1,3,420,4,-1,4,420,421,-1,4,421,332,-1,157,422,36,-1,36,422,423,-1,36,423,424,-1,34,425,426,-1,424,427,36,-1,36,427,428,-1,36,428,429,-1,430,431,432,-1,432,431,34,-1,432,34,433,-1,433,34,426,-1,429,434,36,-1,36,434,435,-1,36,435,34,-1,34,435,436,-1,34,436,425,-1,437,438,422,-1,422,438,439,-1,422,439,423,-1,157,440,422,-1,422,440,441,-1,422,441,437,-1,430,442,431,-1,431,442,443,-1,431,443,444,-1,444,443,445,-1,444,445,441,-1,441,445,446,-1,441,446,437,-1,447,448,449,-1,449,448,450,-1,451,452,453,-1,453,452,454,-1,453,454,455,-1,455,454,456,-1,455,456,457,-1,450,448,458,-1,458,448,454,-1,458,454,459,-1,459,454,452,-1,459,452,11,-1,11,452,460,-1,11,460,9,-1,456,461,457,-1,457,461,462,-1,457,462,463,-1,463,462,464,-1,451,453,465,-1,465,453,466,-1,465,466,464,-1,464,466,97,-1,464,97,463,-1,463,97,96,-1,463,96,130,-1,467,468,469,-1,469,468,470,-1,440,155,441,-1,441,155,154,-1,441,154,471,-1,471,154,472,-1,470,468,473,-1,473,468,474,-1,473,474,475,-1,475,474,476,-1,475,476,8,-1,8,476,477,-1,8,477,6,-1,471,476,441,-1,441,476,474,-1,441,474,444,-1,444,474,478,-1,444,478,479,-1,479,478,480,-1,479,480,481,-1,472,154,482,-1,482,154,37,-1,482,37,481,-1,481,37,42,-1,481,42,479,-1,483,318,484,-1,484,318,324,-1,484,324,485,-1,485,324,304,-1,485,304,486,-1,486,304,308,-1,486,308,487,-1,487,308,291,-1,487,291,141,-1,141,291,290,-1,141,290,145,-1,145,290,289,-1,145,289,148,-1,77,488,82,-1,82,488,489,-1,82,489,490,-1,491,488,492,-1,492,488,77,-1,492,77,281,-1,281,77,150,-1,281,150,282,-1,282,150,152,-1,5,82,3,-1,3,82,490,-1,3,490,281,-1,281,490,493,-1,281,493,492,-1,494,495,496,-1,495,494,497,-1,497,494,5,-1,497,5,498,-1,499,500,501,-1,501,500,497,-1,501,497,502,-1,502,497,498,-1,502,498,503,-1,503,498,504,-1,2,494,0,-1,0,494,496,-1,0,496,4,-1,4,496,505,-1,4,505,5,-1,5,505,506,-1,5,506,498,-1,2,213,494,-1,494,213,215,-1,494,215,5,-1,5,215,92,-1,5,92,82,-1,82,92,87,-1,82,87,80,-1,80,87,89,-1,47,166,42,-1,42,166,106,-1,42,106,479,-1,479,106,101,-1,479,101,444,-1,444,101,97,-1,444,97,431,-1,431,97,466,-1,431,466,34,-1,34,466,453,-1,34,453,24,-1,507,508,509,-1,510,455,511,-1,511,455,512,-1,511,512,513,-1,513,512,514,-1,515,516,510,-1,510,516,517,-1,510,517,455,-1,455,517,509,-1,28,25,26,-1,26,25,24,-1,26,24,514,-1,514,24,453,-1,514,453,513,-1,513,453,518,-1,509,508,455,-1,455,508,519,-1,455,519,453,-1,453,519,520,-1,453,520,521,-1,522,523,518,-1,518,523,524,-1,518,524,525,-1,526,527,509,-1,509,527,528,-1,509,528,507,-1,521,529,453,-1,453,529,530,-1,453,530,518,-1,518,530,531,-1,518,531,522,-1,525,532,518,-1,518,532,533,-1,518,533,509,-1,509,533,534,-1,509,534,526,-1,130,129,463,-1,463,129,535,-1,463,535,457,-1,457,535,536,-1,457,536,455,-1,455,536,537,-1,455,537,512,-1,321,320,1,-1,1,320,538,-1,1,538,2,-1,2,538,539,-1,2,539,213,-1,213,539,540,-1,213,540,274,-1,274,540,541,-1,274,541,115,-1,115,541,542,-1,115,542,122,-1,122,542,543,-1,122,543,129,-1,129,543,544,-1,129,544,535,-1,535,544,545,-1,535,545,536,-1,536,545,546,-1,536,546,537,-1,547,548,549,-1,549,548,550,-1,549,550,551,-1,552,553,554,-1,554,553,555,-1,554,555,556,-1,556,555,557,-1,556,557,558,-1,558,557,559,-1,558,559,560,-1,560,559,561,-1,560,561,562,-1,562,561,563,-1,562,563,564,-1,564,563,565,-1,564,565,566,-1,566,565,567,-1,566,567,568,-1,568,567,569,-1,568,569,570,-1,570,569,571,-1,570,571,572,-1,572,571,573,-1,572,573,574,-1,574,573,575,-1,574,575,576,-1,576,575,551,-1,576,551,577,-1,577,551,550,-1,578,579,580,-1,581,582,583,-1,580,584,585,-1,581,583,586,-1,582,587,583,-1,583,587,588,-1,583,588,589,-1,585,590,580,-1,580,590,591,-1,580,591,578,-1,592,593,594,-1,594,595,592,-1,592,595,596,-1,592,596,597,-1,597,598,592,-1,592,598,599,-1,592,599,600,-1,601,602,603,-1,604,605,583,-1,583,605,606,-1,583,606,586,-1,603,607,601,-1,601,607,608,-1,601,608,609,-1,609,604,601,-1,601,604,583,-1,601,583,592,-1,592,583,580,-1,592,580,593,-1,593,580,579,-1,610,611,612,-1,612,611,613,-1,612,613,614,-1,614,613,615,-1,614,615,616,-1,616,615,617,-1,616,617,618,-1,618,617,619,-1,618,619,620,-1,620,619,621,-1,620,621,622,-1,622,621,623,-1,622,623,624,-1,624,623,625,-1,624,625,626,-1,626,625,627,-1,626,627,628,-1,628,627,629,-1,628,629,630,-1,630,629,631,-1,630,631,632,-1,632,631,633,-1,632,633,634,-1,634,633,635,-1,634,635,636,-1,636,635,637,-1,636,637,638,-1,638,637,639,-1,546,583,640,-1,640,583,641,-1,640,641,642,-1,642,641,643,-1,642,643,644,-1,644,643,645,-1,546,545,583,-1,583,545,544,-1,583,544,580,-1,580,544,543,-1,543,542,580,-1,580,542,541,-1,580,541,540,-1,540,539,580,-1,580,539,538,-1,580,538,320,-1,320,318,580,-1,580,318,483,-1,580,483,646,-1,646,483,647,-1,646,647,648,-1,648,647,649,-1,648,649,650,-1,650,649,651,-1,650,651,652,-1,652,651,653,-1,652,653,654,-1,654,653,655,-1,654,655,656,-1,656,655,657,-1,656,657,658,-1,658,657,659,-1,658,659,660,-1,660,659,661,-1,660,661,662,-1,662,661,663,-1,662,663,664,-1,664,663,665,-1,664,665,666,-1,666,665,667,-1,666,667,668,-1,668,667,669,-1,668,669,670,-1,670,669,671,-1,670,671,672,-1,672,671,673,-1,672,673,674,-1,674,673,675,-1,674,675,676,-1,676,675,677,-1,676,677,678,-1,678,677,679,-1,678,679,680,-1,680,679,681,-1,680,681,682,-1,682,681,683,-1,682,683,684,-1,684,683,685,-1,684,685,686,-1,686,685,687,-1,686,687,688,-1,688,687,689,-1,688,689,690,-1,690,689,691,-1,690,691,692,-1,692,691,693,-1,692,693,694,-1,694,693,695,-1,694,695,696,-1,696,695,697,-1,696,697,698,-1,698,697,699,-1,698,699,700,-1,700,699,701,-1,700,701,702,-1,702,701,703,-1,702,703,704,-1,704,703,705,-1,704,705,706,-1,706,705,707,-1,706,707,708,-1,708,707,709,-1,708,709,710,-1,710,709,711,-1,710,711,712,-1,712,711,713,-1,712,713,714,-1,714,713,715,-1,714,715,716,-1,716,715,717,-1,716,717,718,-1,718,717,719,-1,718,719,720,-1,720,719,721,-1,720,721,722,-1,722,721,723,-1,722,723,645,-1,645,723,724,-1,645,724,644,-1,689,687,725,-1,725,687,726,-1,727,728,688,-1,688,728,686,-1,729,730,731,-1,732,733,734,-1,734,733,735,-1,729,731,736,-1,736,731,737,-1,736,737,738,-1,738,737,739,-1,738,739,740,-1,740,739,741,-1,740,741,742,-1,742,741,743,-1,742,743,744,-1,744,743,745,-1,744,745,746,-1,746,745,747,-1,746,747,748,-1,748,747,749,-1,748,749,750,-1,750,749,751,-1,750,751,752,-1,752,751,753,-1,752,753,754,-1,754,753,755,-1,754,755,756,-1,756,755,757,-1,756,757,727,-1,727,757,725,-1,727,725,728,-1,728,725,726,-1,728,726,758,-1,758,726,759,-1,758,759,760,-1,760,759,761,-1,760,761,762,-1,762,761,763,-1,762,763,764,-1,764,763,765,-1,764,765,766,-1,766,765,767,-1,766,767,768,-1,768,767,769,-1,768,769,770,-1,770,769,771,-1,770,771,772,-1,772,771,773,-1,772,773,774,-1,774,773,775,-1,774,775,776,-1,776,775,777,-1,776,777,735,-1,735,777,778,-1,735,778,734,-1,647,483,484,-1,484,485,637,-1,637,485,486,-1,637,486,487,-1,487,141,637,-1,637,141,144,-1,637,144,639,-1,779,639,780,-1,779,780,781,-1,782,783,780,-1,780,783,784,-1,780,784,781,-1,639,144,780,-1,780,144,785,-1,780,785,786,-1,786,787,780,-1,780,787,788,-1,780,788,789,-1,789,790,780,-1,780,790,791,-1,780,791,782,-1,484,637,647,-1,647,637,635,-1,647,635,649,-1,649,635,633,-1,649,633,651,-1,651,633,631,-1,651,631,653,-1,653,631,629,-1,653,629,655,-1,655,629,627,-1,655,627,657,-1,792,793,627,-1,794,795,796,-1,797,798,625,-1,625,798,799,-1,625,799,627,-1,627,799,800,-1,627,800,792,-1,627,801,802,-1,627,802,657,-1,657,802,803,-1,657,803,659,-1,804,805,806,-1,806,805,807,-1,808,809,795,-1,795,809,810,-1,795,810,796,-1,793,811,627,-1,627,811,812,-1,627,812,813,-1,814,815,627,-1,627,815,816,-1,627,816,801,-1,801,816,817,-1,801,817,796,-1,796,817,818,-1,796,818,794,-1,795,819,808,-1,808,819,820,-1,808,820,821,-1,821,820,822,-1,821,822,823,-1,813,824,806,-1,806,824,825,-1,806,825,804,-1,826,827,828,-1,813,806,627,-1,627,806,829,-1,627,829,814,-1,830,828,807,-1,807,828,831,-1,807,831,806,-1,832,833,834,-1,834,833,835,-1,832,836,833,-1,833,836,837,-1,833,837,830,-1,830,837,828,-1,828,837,838,-1,828,838,839,-1,839,840,828,-1,828,840,841,-1,828,841,826,-1,778,665,663,-1,661,732,663,-1,663,732,734,-1,663,734,778,-1,842,843,659,-1,803,844,659,-1,659,844,845,-1,659,845,842,-1,843,846,659,-1,659,846,847,-1,659,847,661,-1,661,847,848,-1,661,848,732,-1,777,667,778,-1,778,667,665,-1,667,777,669,-1,669,777,775,-1,669,775,671,-1,671,775,773,-1,671,773,673,-1,673,773,771,-1,769,675,771,-1,771,675,673,-1,675,769,767,-1,675,767,677,-1,677,767,765,-1,677,765,679,-1,679,765,763,-1,679,763,681,-1,681,763,761,-1,681,761,683,-1,683,761,759,-1,683,759,685,-1,685,759,726,-1,685,726,687,-1,584,580,646,-1,849,850,851,-1,851,850,852,-1,851,852,584,-1,853,854,851,-1,851,854,855,-1,851,855,849,-1,856,857,851,-1,851,857,858,-1,858,859,851,-1,851,859,860,-1,851,860,853,-1,656,626,654,-1,654,626,628,-1,654,628,652,-1,652,628,630,-1,652,630,650,-1,650,630,632,-1,650,632,648,-1,648,632,634,-1,648,634,646,-1,646,634,636,-1,646,636,584,-1,584,636,638,-1,584,638,851,-1,851,638,861,-1,851,861,856,-1,862,863,624,-1,864,865,626,-1,866,867,868,-1,869,870,871,-1,864,626,872,-1,865,873,626,-1,626,873,874,-1,626,874,624,-1,624,874,875,-1,624,875,862,-1,866,868,876,-1,658,877,656,-1,656,877,878,-1,656,878,626,-1,626,878,879,-1,871,880,869,-1,869,880,881,-1,869,881,879,-1,869,882,870,-1,870,882,883,-1,870,883,884,-1,884,883,876,-1,884,876,885,-1,885,876,868,-1,879,881,626,-1,626,881,886,-1,626,886,887,-1,888,889,890,-1,890,889,891,-1,890,891,626,-1,626,891,892,-1,626,892,872,-1,887,893,626,-1,626,893,894,-1,626,894,890,-1,895,896,897,-1,897,896,898,-1,897,898,890,-1,890,898,899,-1,890,899,888,-1,900,901,895,-1,895,901,902,-1,895,902,903,-1,904,905,896,-1,896,905,906,-1,896,906,898,-1,904,907,905,-1,905,907,908,-1,905,908,909,-1,903,910,895,-1,895,910,911,-1,895,911,896,-1,660,912,658,-1,658,912,913,-1,658,913,914,-1,914,915,658,-1,658,915,916,-1,658,916,877,-1,664,735,662,-1,662,735,733,-1,662,733,917,-1,917,918,662,-1,662,918,919,-1,662,919,660,-1,660,919,920,-1,660,920,912,-1,664,666,735,-1,735,666,776,-1,672,770,772,-1,672,772,670,-1,670,772,774,-1,670,774,668,-1,668,774,776,-1,668,776,666,-1,672,674,770,-1,770,674,768,-1,686,728,684,-1,684,728,758,-1,684,758,682,-1,682,758,760,-1,682,760,680,-1,680,760,762,-1,680,762,678,-1,678,762,764,-1,678,764,676,-1,676,764,766,-1,676,766,674,-1,674,766,768,-1,921,922,923,-1,923,924,921,-1,921,924,925,-1,921,925,926,-1,926,925,927,-1,926,927,928,-1,928,929,926,-1,926,929,930,-1,926,930,931,-1,932,933,934,-1,934,933,935,-1,930,936,931,-1,931,936,937,-1,931,937,938,-1,939,940,941,-1,935,942,934,-1,934,942,943,-1,934,943,921,-1,921,943,944,-1,921,944,922,-1,938,945,931,-1,931,945,946,-1,931,946,947,-1,947,948,931,-1,931,948,949,-1,931,949,950,-1,950,949,951,-1,950,951,952,-1,953,932,954,-1,954,932,934,-1,954,934,941,-1,941,934,955,-1,941,955,939,-1,956,957,958,-1,959,958,960,-1,960,961,959,-1,959,961,962,-1,959,962,963,-1,963,964,959,-1,959,964,965,-1,959,965,966,-1,966,965,967,-1,966,967,968,-1,957,969,958,-1,958,969,970,-1,958,970,960,-1,968,971,966,-1,966,971,972,-1,966,972,973,-1,973,972,974,-1,973,974,975,-1,976,956,977,-1,977,956,958,-1,977,958,978,-1,978,958,979,-1,978,979,980,-1,980,979,981,-1,975,982,973,-1,973,982,983,-1,973,983,984,-1,984,985,973,-1,973,985,986,-1,973,986,987,-1,988,989,987,-1,987,989,990,-1,987,990,973,-1,959,966,991,-1,991,966,992,-1,991,992,993,-1,993,992,994,-1,993,994,995,-1,995,994,996,-1,995,996,997,-1,997,996,998,-1,997,998,999,-1,999,998,1000,-1,999,1000,823,-1,823,1000,821,-1,867,866,1001,-1,867,1001,1002,-1,1002,1001,1003,-1,1002,1003,1004,-1,1004,1003,1005,-1,1004,1005,1006,-1,1006,1005,1007,-1,1006,1007,1008,-1,1008,1007,1009,-1,1008,1009,1010,-1,1010,1009,921,-1,1010,921,926,-1,822,868,823,-1,823,868,867,-1,823,867,999,-1,999,867,1002,-1,999,1002,997,-1,997,1002,1004,-1,997,1004,995,-1,995,1004,1006,-1,995,1006,993,-1,993,1006,1008,-1,993,1008,991,-1,991,1008,1010,-1,991,1010,959,-1,959,1010,926,-1,959,926,958,-1,958,926,931,-1,973,934,966,-1,966,934,921,-1,966,921,992,-1,992,921,1009,-1,992,1009,994,-1,994,1009,1007,-1,994,1007,996,-1,996,1007,1005,-1,996,1005,998,-1,998,1005,1003,-1,998,1003,1000,-1,1000,1003,1001,-1,1000,1001,821,-1,821,1001,866,-1,821,866,808,-1,808,866,876,-1,943,974,944,-1,944,974,972,-1,944,972,922,-1,922,972,971,-1,922,971,923,-1,923,971,968,-1,923,968,924,-1,924,968,967,-1,924,967,925,-1,925,967,965,-1,925,965,927,-1,927,965,964,-1,927,964,928,-1,928,964,963,-1,928,963,929,-1,929,963,962,-1,929,962,930,-1,930,962,961,-1,930,961,936,-1,936,961,960,-1,934,973,990,-1,934,990,955,-1,955,990,989,-1,955,989,939,-1,939,989,988,-1,939,988,940,-1,940,988,987,-1,940,987,941,-1,941,987,986,-1,941,986,954,-1,954,986,985,-1,954,985,953,-1,953,985,984,-1,953,984,932,-1,932,984,983,-1,932,983,933,-1,933,983,982,-1,933,982,935,-1,935,982,975,-1,935,975,942,-1,942,975,974,-1,942,974,943,-1,958,931,950,-1,958,950,979,-1,979,950,952,-1,979,952,981,-1,981,952,951,-1,981,951,980,-1,980,951,949,-1,980,949,978,-1,978,949,948,-1,978,948,977,-1,977,948,947,-1,977,947,976,-1,936,960,970,-1,936,970,937,-1,937,970,969,-1,937,969,938,-1,938,969,957,-1,938,957,945,-1,945,957,956,-1,945,956,946,-1,946,956,976,-1,946,976,947,-1,1011,1012,1013,-1,1013,1014,1011,-1,1011,1014,1015,-1,1011,1015,612,-1,612,1015,1016,-1,612,1016,1017,-1,1017,1018,612,-1,612,1018,1019,-1,612,1019,610,-1,610,1019,1020,-1,610,1020,1021,-1,1022,1023,1024,-1,1024,1023,1025,-1,1021,1026,610,-1,610,1026,1027,-1,610,1027,1028,-1,1029,1030,1031,-1,1025,1032,1024,-1,1024,1032,1033,-1,1024,1033,1011,-1,1011,1033,1034,-1,1011,1034,1012,-1,1035,1036,1028,-1,1028,1036,1037,-1,1028,1037,1038,-1,1038,1039,1028,-1,1028,1039,1040,-1,1028,1040,610,-1,1041,1022,1042,-1,1042,1022,1024,-1,1042,1024,1031,-1,1031,1024,1043,-1,1031,1043,1029,-1,613,611,1044,-1,1044,1045,613,-1,613,1045,1046,-1,613,1046,1047,-1,1047,1048,613,-1,613,1048,1049,-1,613,1049,1050,-1,1050,1049,1051,-1,1050,1051,1052,-1,1053,1054,1055,-1,1056,1057,611,-1,611,1057,1058,-1,611,1058,1044,-1,1052,1059,1050,-1,1050,1059,1060,-1,1050,1060,1061,-1,1061,1060,1062,-1,1061,1062,1063,-1,1056,611,1055,-1,1055,611,1064,-1,1055,1064,1053,-1,1054,1065,1055,-1,1055,1065,1066,-1,1055,1066,1067,-1,1063,1068,1061,-1,1061,1068,1069,-1,1061,1069,1070,-1,1070,1071,1061,-1,1061,1071,1072,-1,1061,1072,1073,-1,1074,1075,1073,-1,1073,1075,1076,-1,1073,1076,1061,-1,613,1050,615,-1,615,1050,1077,-1,615,1077,617,-1,617,1077,1078,-1,617,1078,619,-1,619,1078,1079,-1,619,1079,621,-1,621,1079,1080,-1,621,1080,623,-1,623,1080,1081,-1,623,1081,625,-1,625,1081,797,-1,624,863,1082,-1,624,1082,622,-1,622,1082,1083,-1,622,1083,620,-1,620,1083,1084,-1,620,1084,618,-1,618,1084,1085,-1,618,1085,616,-1,616,1085,1086,-1,616,1086,614,-1,614,1086,1011,-1,614,1011,612,-1,1061,1024,1050,-1,1050,1024,1011,-1,1050,1011,1077,-1,1077,1011,1086,-1,1077,1086,1078,-1,1078,1086,1085,-1,1078,1085,1079,-1,1079,1085,1084,-1,1079,1084,1080,-1,1080,1084,1083,-1,1080,1083,1081,-1,1081,1083,1082,-1,1081,1082,797,-1,797,1082,863,-1,797,863,798,-1,798,863,862,-1,1033,1062,1034,-1,1034,1062,1060,-1,1034,1060,1012,-1,1012,1060,1059,-1,1012,1059,1013,-1,1013,1059,1052,-1,1013,1052,1014,-1,1014,1052,1051,-1,1014,1051,1015,-1,1015,1051,1049,-1,1015,1049,1016,-1,1016,1049,1048,-1,1016,1048,1017,-1,1017,1048,1047,-1,1017,1047,1018,-1,1018,1047,1046,-1,1018,1046,1019,-1,1019,1046,1045,-1,1019,1045,1020,-1,1020,1045,1044,-1,1024,1061,1076,-1,1024,1076,1043,-1,1043,1076,1075,-1,1043,1075,1029,-1,1029,1075,1074,-1,1029,1074,1030,-1,1030,1074,1073,-1,1030,1073,1031,-1,1031,1073,1072,-1,1031,1072,1042,-1,1042,1072,1071,-1,1042,1071,1041,-1,1041,1071,1070,-1,1041,1070,1022,-1,1022,1070,1069,-1,1022,1069,1023,-1,1023,1069,1068,-1,1023,1068,1025,-1,1025,1068,1063,-1,1025,1063,1032,-1,1032,1063,1062,-1,1032,1062,1033,-1,1035,1067,1066,-1,1035,1066,1036,-1,1036,1066,1065,-1,1036,1065,1037,-1,1037,1065,1054,-1,1037,1054,1038,-1,1038,1054,1053,-1,1038,1053,1039,-1,1039,1053,1064,-1,1039,1064,1040,-1,1040,1064,611,-1,1040,611,610,-1,1020,1044,1058,-1,1020,1058,1021,-1,1021,1058,1057,-1,1021,1057,1026,-1,1026,1057,1056,-1,1026,1056,1027,-1,1027,1056,1055,-1,1027,1055,1028,-1,1028,1055,1067,-1,1028,1067,1035,-1,831,828,897,-1,897,828,895,-1,838,837,911,-1,911,837,896,-1,898,906,807,-1,807,906,830,-1,838,911,910,-1,838,910,839,-1,839,910,903,-1,839,903,840,-1,840,903,902,-1,840,902,841,-1,841,902,901,-1,841,901,826,-1,826,901,900,-1,826,900,827,-1,827,900,895,-1,827,895,828,-1,896,837,836,-1,896,836,904,-1,904,836,832,-1,904,832,907,-1,907,832,834,-1,907,834,908,-1,908,834,835,-1,908,835,909,-1,909,835,833,-1,909,833,905,-1,905,833,830,-1,905,830,906,-1,877,803,878,-1,878,803,802,-1,878,802,879,-1,879,802,801,-1,879,801,869,-1,869,801,796,-1,869,796,882,-1,882,796,810,-1,882,810,883,-1,883,810,809,-1,883,809,876,-1,876,809,808,-1,846,843,913,-1,913,843,842,-1,913,842,914,-1,914,842,845,-1,914,845,915,-1,915,845,844,-1,915,844,916,-1,916,844,803,-1,916,803,877,-1,913,912,846,-1,846,912,920,-1,846,920,847,-1,920,919,847,-1,847,919,918,-1,847,918,848,-1,848,918,917,-1,848,917,732,-1,732,917,733,-1,812,872,813,-1,813,872,892,-1,813,892,824,-1,824,892,891,-1,824,891,825,-1,825,891,889,-1,825,889,804,-1,804,889,888,-1,804,888,805,-1,805,888,899,-1,805,899,807,-1,807,899,898,-1,872,812,864,-1,864,812,811,-1,864,811,865,-1,865,811,793,-1,865,793,873,-1,873,793,792,-1,873,792,874,-1,874,792,800,-1,874,800,875,-1,875,800,799,-1,875,799,862,-1,862,799,798,-1,881,817,886,-1,886,817,816,-1,886,816,887,-1,887,816,815,-1,887,815,893,-1,893,815,814,-1,893,814,894,-1,894,814,829,-1,894,829,890,-1,890,829,806,-1,890,806,897,-1,897,806,831,-1,817,881,818,-1,818,881,880,-1,818,880,794,-1,794,880,871,-1,794,871,795,-1,795,871,870,-1,795,870,819,-1,819,870,884,-1,819,884,820,-1,820,884,885,-1,820,885,822,-1,822,885,868,-1,537,546,640,-1,1087,1088,134,-1,1089,1087,1090,-1,1090,1087,1091,-1,1089,1092,1087,-1,1087,1092,1093,-1,1087,1093,1088,-1,1094,1095,1087,-1,1087,1095,1096,-1,1087,1096,1097,-1,1097,1098,1087,-1,1087,1098,1099,-1,1087,1099,1091,-1,1094,1087,548,-1,548,1087,134,-1,548,134,550,-1,550,134,27,-1,550,27,26,-1,26,514,550,-1,550,514,512,-1,550,512,537,-1,537,640,550,-1,550,640,642,-1,550,642,577,-1,577,642,644,-1,577,644,576,-1,576,644,724,-1,576,724,574,-1,574,724,723,-1,574,723,572,-1,572,723,721,-1,572,721,570,-1,570,721,719,-1,570,719,568,-1,1100,1101,566,-1,1102,1103,568,-1,1104,1105,1106,-1,1107,1108,1109,-1,1109,1110,1107,-1,1107,1110,1111,-1,1107,1111,1112,-1,1113,568,1114,-1,1114,568,1115,-1,1104,1106,1116,-1,1103,1117,568,-1,568,1117,1118,-1,568,1118,1119,-1,1113,1120,568,-1,568,1120,1121,-1,568,1121,566,-1,566,1121,1122,-1,566,1122,1100,-1,1107,1123,1108,-1,1108,1123,1124,-1,1108,1124,1125,-1,1125,1124,1116,-1,1125,1116,1126,-1,1126,1116,1106,-1,717,1127,719,-1,719,1127,1128,-1,719,1128,568,-1,568,1128,1112,-1,568,1112,1102,-1,1102,1112,1111,-1,1129,1130,1119,-1,1119,1130,1131,-1,1119,1131,568,-1,568,1131,1132,-1,568,1132,1115,-1,1133,1134,1135,-1,1135,1134,1136,-1,1135,1136,1119,-1,1119,1136,1137,-1,1119,1137,1129,-1,1138,1139,1133,-1,1133,1139,1140,-1,1133,1140,1141,-1,1142,1143,1134,-1,1134,1143,1144,-1,1134,1144,1136,-1,1142,1145,1143,-1,1143,1145,1146,-1,1143,1146,1147,-1,1141,1148,1133,-1,1133,1148,1149,-1,1133,1149,1134,-1,711,737,731,-1,1150,717,1151,-1,1151,717,715,-1,1151,715,730,-1,1150,1152,717,-1,717,1152,1153,-1,717,1153,1154,-1,1154,1155,717,-1,717,1155,1156,-1,717,1156,1127,-1,730,715,731,-1,731,715,713,-1,731,713,711,-1,709,739,711,-1,711,739,737,-1,703,745,705,-1,705,745,743,-1,705,743,707,-1,707,743,741,-1,707,741,709,-1,709,741,739,-1,701,747,703,-1,703,747,745,-1,689,725,757,-1,689,757,691,-1,691,757,755,-1,691,755,693,-1,693,755,753,-1,693,753,695,-1,695,753,751,-1,695,751,697,-1,697,751,749,-1,697,749,699,-1,699,749,747,-1,699,747,701,-1,547,549,589,-1,589,549,583,-1,1157,547,1158,-1,1157,1158,1159,-1,1160,1161,1158,-1,1158,1161,1162,-1,1158,1162,1159,-1,547,589,1158,-1,1158,589,1163,-1,1158,1163,1164,-1,1164,1165,1158,-1,1158,1165,1166,-1,1158,1166,1167,-1,1167,1168,1158,-1,1158,1168,1169,-1,1158,1169,1160,-1,569,718,571,-1,571,718,720,-1,571,720,573,-1,573,720,722,-1,573,722,575,-1,575,722,645,-1,575,645,551,-1,551,645,643,-1,551,643,549,-1,549,643,641,-1,549,641,583,-1,1170,1171,1172,-1,1173,716,718,-1,1174,1175,569,-1,569,1175,1176,-1,1177,1178,567,-1,567,1178,1179,-1,567,1179,569,-1,569,1179,1180,-1,569,1180,1174,-1,1181,1182,569,-1,569,1182,1183,-1,1184,1185,1171,-1,1171,1185,1186,-1,1171,1186,1172,-1,1183,1187,569,-1,569,1187,1188,-1,569,1188,1189,-1,1171,1190,1184,-1,1184,1190,1191,-1,1184,1191,1192,-1,1192,1191,1193,-1,1192,1193,1194,-1,1176,1195,569,-1,569,1195,1196,-1,569,1196,1181,-1,1181,1196,1197,-1,1181,1197,1198,-1,1198,1199,1181,-1,1181,1199,1200,-1,1181,1200,1201,-1,1173,718,1202,-1,1202,718,569,-1,1202,569,1203,-1,1203,569,1189,-1,1203,1189,1172,-1,1172,1189,1204,-1,1172,1204,1170,-1,1205,1206,1201,-1,1201,1206,1207,-1,1201,1207,1181,-1,1208,1209,1210,-1,1210,1209,1211,-1,1208,1212,1209,-1,1209,1212,1213,-1,1209,1213,1205,-1,1214,1215,1206,-1,1215,1216,1206,-1,1206,1216,1217,-1,1206,1217,1218,-1,1205,1213,1206,-1,1206,1213,1219,-1,1206,1219,1214,-1,736,710,729,-1,729,710,712,-1,729,712,1220,-1,1220,712,1221,-1,714,1222,712,-1,712,1222,1223,-1,712,1223,1221,-1,1224,716,1225,-1,1225,716,1173,-1,1224,1226,716,-1,716,1226,1227,-1,716,1227,714,-1,714,1227,1228,-1,714,1228,1222,-1,708,710,738,-1,738,710,736,-1,708,738,740,-1,708,740,706,-1,706,740,742,-1,706,742,704,-1,704,742,744,-1,704,744,702,-1,700,702,746,-1,746,702,744,-1,700,746,698,-1,698,746,748,-1,698,748,696,-1,696,748,750,-1,696,750,694,-1,694,750,752,-1,694,752,692,-1,692,752,754,-1,692,754,690,-1,690,754,756,-1,690,756,688,-1,688,756,727,-1,1229,1230,1231,-1,1230,1232,1231,-1,1231,1232,1233,-1,1231,1233,1234,-1,1234,1233,1235,-1,1234,1235,1236,-1,1237,1238,1239,-1,1240,1241,1242,-1,1242,1243,1231,-1,1231,1243,1244,-1,1231,1244,1229,-1,1236,1245,1234,-1,1234,1245,1246,-1,1234,1246,1239,-1,1239,1246,1247,-1,1239,1247,1237,-1,1238,1248,1239,-1,1239,1248,1249,-1,1239,1249,1250,-1,1241,1251,1242,-1,1242,1251,1252,-1,1242,1252,1243,-1,1250,1253,1239,-1,1239,1253,1254,-1,1239,1254,1255,-1,1255,1254,1256,-1,1255,1256,1257,-1,1258,1259,1260,-1,1260,1259,1242,-1,1261,1240,1262,-1,1262,1240,1242,-1,1262,1242,1263,-1,1263,1242,1259,-1,1264,1265,1266,-1,1265,1267,1266,-1,1266,1267,1268,-1,1266,1268,1269,-1,1269,1268,1270,-1,1269,1270,1271,-1,1272,1273,1274,-1,1274,1273,1275,-1,1275,1276,1274,-1,1274,1276,1277,-1,1274,1277,1266,-1,1266,1277,1278,-1,1266,1278,1264,-1,1271,1279,1269,-1,1269,1279,1280,-1,1269,1280,1281,-1,1281,1280,1282,-1,1283,1272,1284,-1,1284,1272,1274,-1,1284,1274,1285,-1,1285,1274,1286,-1,1285,1286,1287,-1,1287,1286,1288,-1,1282,1289,1281,-1,1281,1289,1290,-1,1281,1290,1291,-1,1291,1292,1281,-1,1281,1292,1293,-1,1281,1293,1294,-1,1294,1295,1281,-1,1281,1295,1296,-1,1281,1296,1297,-1,1297,1296,1298,-1,1105,1104,1299,-1,1299,1104,1300,-1,1299,1300,1301,-1,1301,1300,1302,-1,1301,1302,1303,-1,1303,1302,1304,-1,1303,1304,1305,-1,1305,1304,1306,-1,1305,1306,1307,-1,1307,1306,1308,-1,1307,1308,1269,-1,1269,1308,1266,-1,1231,1234,1309,-1,1231,1309,1310,-1,1310,1309,1311,-1,1310,1311,1312,-1,1312,1311,1313,-1,1312,1313,1314,-1,1314,1313,1315,-1,1314,1315,1316,-1,1316,1315,1317,-1,1316,1317,1318,-1,1318,1317,1192,-1,1318,1192,1194,-1,1281,1242,1269,-1,1269,1242,1231,-1,1269,1231,1307,-1,1307,1231,1310,-1,1307,1310,1305,-1,1305,1310,1312,-1,1305,1312,1303,-1,1303,1312,1314,-1,1303,1314,1301,-1,1301,1314,1316,-1,1301,1316,1299,-1,1299,1316,1318,-1,1299,1318,1105,-1,1105,1318,1194,-1,1105,1194,1106,-1,1106,1194,1193,-1,1116,1184,1104,-1,1104,1184,1192,-1,1104,1192,1300,-1,1300,1192,1317,-1,1300,1317,1302,-1,1302,1317,1315,-1,1302,1315,1304,-1,1304,1315,1313,-1,1304,1313,1306,-1,1306,1313,1311,-1,1306,1311,1308,-1,1308,1311,1309,-1,1308,1309,1266,-1,1266,1309,1234,-1,1266,1234,1274,-1,1274,1234,1239,-1,1243,1282,1244,-1,1244,1282,1280,-1,1244,1280,1229,-1,1229,1280,1279,-1,1229,1279,1230,-1,1230,1279,1271,-1,1230,1271,1232,-1,1232,1271,1270,-1,1232,1270,1233,-1,1233,1270,1268,-1,1233,1268,1235,-1,1235,1268,1267,-1,1235,1267,1236,-1,1236,1267,1265,-1,1236,1265,1245,-1,1245,1265,1264,-1,1245,1264,1246,-1,1246,1264,1278,-1,1246,1278,1247,-1,1247,1278,1277,-1,1250,1283,1284,-1,1250,1284,1253,-1,1253,1284,1285,-1,1253,1285,1254,-1,1254,1285,1287,-1,1254,1287,1256,-1,1256,1287,1288,-1,1256,1288,1257,-1,1257,1288,1286,-1,1257,1286,1255,-1,1255,1286,1274,-1,1255,1274,1239,-1,1247,1277,1276,-1,1247,1276,1237,-1,1237,1276,1275,-1,1237,1275,1238,-1,1238,1275,1273,-1,1238,1273,1248,-1,1248,1273,1272,-1,1248,1272,1249,-1,1249,1272,1283,-1,1249,1283,1250,-1,1293,1261,1262,-1,1293,1262,1294,-1,1294,1262,1263,-1,1294,1263,1295,-1,1295,1263,1259,-1,1295,1259,1296,-1,1296,1259,1258,-1,1296,1258,1298,-1,1298,1258,1260,-1,1298,1260,1297,-1,1297,1260,1242,-1,1297,1242,1281,-1,1261,1293,1292,-1,1261,1292,1240,-1,1240,1292,1291,-1,1240,1291,1241,-1,1241,1291,1290,-1,1241,1290,1251,-1,1251,1290,1289,-1,1251,1289,1252,-1,1252,1289,1282,-1,1252,1282,1243,-1,555,1319,1320,-1,1320,1321,555,-1,555,1321,1322,-1,555,1322,1323,-1,1323,1322,1324,-1,1323,1324,1325,-1,1326,1327,553,-1,553,1328,555,-1,555,1328,1329,-1,555,1329,1319,-1,1330,1331,1332,-1,1325,1333,1323,-1,1323,1333,1334,-1,1323,1334,1332,-1,1332,1334,1335,-1,1332,1335,1330,-1,1327,1336,553,-1,553,1336,1337,-1,553,1337,1328,-1,1331,1338,1332,-1,1332,1338,1339,-1,1332,1339,1340,-1,1340,1341,1332,-1,1332,1341,1342,-1,1332,1342,1343,-1,1343,1342,1344,-1,1343,1344,1345,-1,1346,1347,1348,-1,1348,1347,553,-1,1349,1326,1350,-1,1350,1326,553,-1,1350,553,1351,-1,1351,553,1347,-1,1352,1353,1354,-1,1354,1355,1352,-1,1352,1355,1356,-1,1352,1356,554,-1,554,1356,1357,-1,554,1357,1358,-1,1358,1359,554,-1,554,1359,1360,-1,554,1360,552,-1,552,1360,1361,-1,1362,1363,1364,-1,1364,1363,1365,-1,1365,1366,1364,-1,1364,1366,1367,-1,1364,1367,1352,-1,1352,1367,1368,-1,1352,1368,1353,-1,1361,1369,552,-1,552,1369,1370,-1,552,1370,1371,-1,1372,1362,1373,-1,1373,1362,1364,-1,1373,1364,1374,-1,1374,1364,1375,-1,1374,1375,1376,-1,1376,1375,1377,-1,1371,1378,552,-1,552,1378,1379,-1,552,1379,1380,-1,1380,1381,552,-1,552,1381,1382,-1,552,1382,1383,-1,1383,1382,1384,-1,566,1101,564,-1,564,1101,1385,-1,564,1385,562,-1,562,1385,1386,-1,562,1386,560,-1,560,1386,1387,-1,560,1387,558,-1,558,1387,1388,-1,558,1388,556,-1,556,1388,1389,-1,556,1389,554,-1,554,1389,1352,-1,555,1323,1390,-1,555,1390,557,-1,557,1390,1391,-1,557,1391,559,-1,559,1391,1392,-1,559,1392,561,-1,561,1392,1393,-1,561,1393,563,-1,563,1393,1394,-1,563,1394,565,-1,565,1394,1177,-1,565,1177,567,-1,1100,1178,1101,-1,1101,1178,1177,-1,1101,1177,1385,-1,1385,1177,1394,-1,1385,1394,1386,-1,1386,1394,1393,-1,1386,1393,1387,-1,1387,1393,1392,-1,1387,1392,1388,-1,1388,1392,1391,-1,1388,1391,1389,-1,1389,1391,1390,-1,1389,1390,1352,-1,1352,1390,1323,-1,1352,1323,1364,-1,1364,1323,1332,-1,1328,1361,1329,-1,1329,1361,1360,-1,1329,1360,1319,-1,1319,1360,1359,-1,1319,1359,1320,-1,1320,1359,1358,-1,1320,1358,1321,-1,1321,1358,1357,-1,1321,1357,1322,-1,1322,1357,1356,-1,1322,1356,1324,-1,1324,1356,1355,-1,1324,1355,1325,-1,1325,1355,1354,-1,1325,1354,1333,-1,1333,1354,1353,-1,1333,1353,1334,-1,1334,1353,1368,-1,1334,1368,1335,-1,1335,1368,1367,-1,1340,1372,1373,-1,1340,1373,1341,-1,1341,1373,1374,-1,1341,1374,1342,-1,1342,1374,1376,-1,1342,1376,1344,-1,1344,1376,1377,-1,1344,1377,1345,-1,1345,1377,1375,-1,1345,1375,1343,-1,1343,1375,1364,-1,1343,1364,1332,-1,1335,1367,1366,-1,1335,1366,1330,-1,1330,1366,1365,-1,1330,1365,1331,-1,1331,1365,1363,-1,1331,1363,1338,-1,1338,1363,1362,-1,1338,1362,1339,-1,1339,1362,1372,-1,1339,1372,1340,-1,553,552,1383,-1,553,1383,1348,-1,1348,1383,1384,-1,1348,1384,1346,-1,1346,1384,1382,-1,1346,1382,1347,-1,1347,1382,1381,-1,1347,1381,1351,-1,1351,1381,1380,-1,1351,1380,1350,-1,1350,1380,1379,-1,1350,1379,1349,-1,1349,1379,1378,-1,1349,1378,1326,-1,1326,1378,1371,-1,1326,1371,1327,-1,1327,1371,1370,-1,1327,1370,1336,-1,1336,1370,1369,-1,1336,1369,1337,-1,1337,1369,1361,-1,1337,1361,1328,-1,1133,1135,1206,-1,1206,1135,1207,-1,1134,1149,1213,-1,1213,1149,1219,-1,1205,1201,1144,-1,1144,1201,1136,-1,1133,1206,1218,-1,1133,1218,1138,-1,1138,1218,1217,-1,1138,1217,1139,-1,1139,1217,1216,-1,1139,1216,1140,-1,1140,1216,1215,-1,1140,1215,1141,-1,1141,1215,1214,-1,1141,1214,1148,-1,1148,1214,1219,-1,1148,1219,1149,-1,1205,1144,1143,-1,1205,1143,1209,-1,1209,1143,1147,-1,1209,1147,1211,-1,1211,1147,1146,-1,1211,1146,1210,-1,1210,1146,1145,-1,1210,1145,1208,-1,1208,1145,1142,-1,1208,1142,1212,-1,1212,1142,1134,-1,1212,1134,1213,-1,1184,1116,1185,-1,1185,1116,1124,-1,1185,1124,1186,-1,1186,1124,1123,-1,1186,1123,1172,-1,1172,1123,1107,-1,1172,1107,1203,-1,1203,1107,1112,-1,1203,1112,1202,-1,1202,1112,1128,-1,1202,1128,1173,-1,1173,1128,1127,-1,730,729,1220,-1,730,1220,1151,-1,1151,1220,1221,-1,1151,1221,1150,-1,1150,1221,1223,-1,1150,1223,1152,-1,1223,1222,1152,-1,1152,1222,1228,-1,1152,1228,1153,-1,1228,1227,1153,-1,1153,1227,1226,-1,1153,1226,1154,-1,1154,1226,1224,-1,1154,1224,1155,-1,1155,1224,1225,-1,1155,1225,1156,-1,1156,1225,1173,-1,1156,1173,1127,-1,1136,1201,1137,-1,1137,1201,1200,-1,1137,1200,1129,-1,1129,1200,1199,-1,1129,1199,1130,-1,1130,1199,1198,-1,1130,1198,1131,-1,1131,1198,1197,-1,1131,1197,1132,-1,1132,1197,1196,-1,1132,1196,1115,-1,1115,1196,1195,-1,1178,1100,1179,-1,1179,1100,1122,-1,1179,1122,1180,-1,1180,1122,1121,-1,1180,1121,1174,-1,1174,1121,1120,-1,1174,1120,1175,-1,1175,1120,1113,-1,1175,1113,1176,-1,1176,1113,1114,-1,1176,1114,1195,-1,1195,1114,1115,-1,1207,1135,1181,-1,1181,1135,1119,-1,1181,1119,1182,-1,1182,1119,1118,-1,1182,1118,1183,-1,1183,1118,1117,-1,1183,1117,1187,-1,1187,1117,1103,-1,1187,1103,1188,-1,1188,1103,1102,-1,1188,1102,1189,-1,1189,1102,1111,-1,1106,1193,1126,-1,1126,1193,1191,-1,1126,1191,1125,-1,1125,1191,1190,-1,1125,1190,1108,-1,1108,1190,1171,-1,1108,1171,1109,-1,1109,1171,1170,-1,1109,1170,1110,-1,1110,1170,1204,-1,1110,1204,1111,-1,1111,1204,1189,-1,134,1088,589,-1,589,1088,1163,-1,584,852,144,-1,144,852,785,-1,1395,1396,1397,-1,1397,1396,1398,-1,1399,1400,1401,-1,1401,1400,1402,-1,1401,1403,1404,-1,1404,1405,1401,-1,1401,1405,1406,-1,1401,1406,1407,-1,1407,1406,1408,-1,1409,1410,1402,-1,1402,1410,1397,-1,1402,1397,1401,-1,1401,1397,1398,-1,1401,1398,1403,-1,1409,1411,1410,-1,1410,1411,1412,-1,1410,1412,1413,-1,1400,1399,1414,-1,1400,1414,1415,-1,1415,1414,1416,-1,1415,1416,1417,-1,1417,1416,1418,-1,1417,1418,1419,-1,1419,1418,1420,-1,1419,1420,1421,-1,1421,1420,1422,-1,1421,1422,1423,-1,1424,160,1425,-1,1425,160,159,-1,1424,1426,160,-1,160,1426,1427,-1,160,1427,1428,-1,1429,1430,145,-1,1429,145,1422,-1,145,150,1422,-1,1422,150,153,-1,1422,153,1423,-1,1423,153,69,-1,1423,69,1431,-1,1431,69,71,-1,71,155,1431,-1,1431,155,440,-1,1431,440,157,-1,1428,1432,160,-1,160,1432,1431,-1,160,1431,156,-1,156,1431,157,-1,1430,1433,145,-1,145,1433,1434,-1,145,1434,1435,-1,1435,1436,145,-1,145,1436,1437,-1,145,1437,146,-1,601,592,1438,-1,1438,592,1439,-1,1440,1441,1442,-1,1443,1444,1439,-1,1439,1444,1396,-1,1439,1396,1438,-1,1440,1442,1439,-1,1439,1442,1445,-1,1439,1445,1443,-1,1446,1447,1448,-1,1448,1447,1449,-1,1396,1395,1438,-1,1438,1395,1447,-1,1438,1447,1450,-1,1450,1447,1446,-1,1423,1431,602,-1,601,1438,602,-1,602,1438,1402,-1,1402,1400,602,-1,602,1400,1415,-1,602,1415,1417,-1,1417,1419,602,-1,602,1419,1421,-1,602,1421,1423,-1,1414,1399,600,-1,600,1399,1401,-1,600,1401,592,-1,592,1401,1439,-1,1429,1422,600,-1,600,1422,1420,-1,1420,1418,600,-1,600,1418,1416,-1,600,1416,1414,-1,1395,1397,1410,-1,1395,1410,1447,-1,1447,1410,1413,-1,1447,1413,1449,-1,1449,1413,1412,-1,1449,1412,1448,-1,1448,1412,1411,-1,1448,1411,1446,-1,1446,1411,1409,-1,1446,1409,1450,-1,1450,1409,1402,-1,1450,1402,1438,-1,1398,1396,1444,-1,1398,1444,1403,-1,1403,1444,1443,-1,1403,1443,1404,-1,1404,1443,1445,-1,1404,1445,1405,-1,1405,1445,1442,-1,1405,1442,1406,-1,1406,1442,1441,-1,1406,1441,1408,-1,1408,1441,1440,-1,1408,1440,1407,-1,1407,1440,1439,-1,1407,1439,1401,-1,584,144,585,-1,585,144,143,-1,585,143,590,-1,590,143,142,-1,590,142,591,-1,591,142,140,-1,591,140,578,-1,578,140,139,-1,578,139,579,-1,579,139,147,-1,579,147,593,-1,593,147,146,-1,1429,600,599,-1,1429,599,1430,-1,1430,599,598,-1,1430,598,1433,-1,1433,598,597,-1,1433,597,1434,-1,1434,597,596,-1,1434,596,1435,-1,1435,596,595,-1,1435,595,1436,-1,1436,595,594,-1,1436,594,1437,-1,1437,594,593,-1,1437,593,146,-1,785,852,786,-1,786,852,850,-1,786,850,787,-1,787,850,849,-1,787,849,788,-1,788,849,855,-1,788,855,789,-1,789,855,854,-1,789,854,790,-1,790,854,853,-1,790,853,791,-1,791,853,860,-1,791,860,782,-1,782,860,859,-1,782,859,783,-1,783,859,858,-1,783,858,784,-1,784,858,857,-1,784,857,781,-1,781,857,856,-1,781,856,779,-1,779,856,861,-1,779,861,639,-1,639,861,638,-1,134,589,135,-1,135,589,588,-1,135,588,136,-1,136,588,587,-1,136,587,137,-1,137,587,582,-1,137,582,138,-1,138,582,581,-1,138,581,158,-1,158,581,586,-1,158,586,159,-1,159,586,606,-1,159,606,605,-1,159,605,1425,-1,1425,605,604,-1,1425,604,1424,-1,1424,604,609,-1,1424,609,1426,-1,1426,609,608,-1,1426,608,1427,-1,1427,608,607,-1,1427,607,1428,-1,1428,607,603,-1,1428,603,1432,-1,1432,603,602,-1,1432,602,1431,-1,1163,1088,1164,-1,1164,1088,1093,-1,1164,1093,1165,-1,1165,1093,1092,-1,1165,1092,1166,-1,1166,1092,1089,-1,1166,1089,1167,-1,1089,1090,1167,-1,1167,1090,1091,-1,1167,1091,1168,-1,1168,1091,1099,-1,1168,1099,1169,-1,1169,1099,1098,-1,1169,1098,1160,-1,1160,1098,1097,-1,1160,1097,1161,-1,1161,1097,1096,-1,1161,1096,1162,-1,1162,1096,1095,-1,1162,1095,1159,-1,1159,1095,1094,-1,1159,1094,1157,-1,1157,1094,548,-1,1157,548,547,-1,
        ]
    }
}
Shape{
    appearance Appearance {
        material  Material 	{
            diffuseColor 0.0 0.0 0.0
            specularColor 0.0 0.0 0.0
            ambientIntensity 0.0
            transparency 0.0
            shininess 0.5
        }
    }
    geometry IndexedFaceSet {
        ccw TRUE
        solid FALSE
        coord DEF co Coordinate {
            point [
                0.2545 0.9904 1.5394, 0.2475 0.9992 1.5394, 0.2458 0.9913 1.5394, 0.2462 0.9992 1.5394, 0.2355 0.9913 1.5394, 0.2266 0.9992 1.5394, 0.2355 0.9384 1.5394, 0.2266 0.9306 1.5394, 0.2454 0.9384 1.5394, 0.2455 0.9306 1.5394, 0.2536 0.9392 1.5394, 0.257 0.932 1.5394, 0.2596 0.9412 1.5394, 0.2649 0.935 1.5394, 0.2642 0.9441 1.5394, 0.2721 0.9402 1.5394, 0.2658 0.9456 1.5394, 0.2694 0.9501 1.5394, 0.2768 0.9457 1.5394, 0.2717 0.9553 1.5394, 0.2804 0.9527 1.5394, 0.273 0.9616 1.5394, 0.2822 0.9606 1.5394, 0.2732 0.9656 1.5394, 0.2825 0.9658 1.5394, 0.2724 0.9733 1.5394, 0.2817 0.9738 1.5394, 0.2706 0.9785 1.5394, 0.2794 0.9806 1.5394, 0.268 0.9825 1.5394, 0.2754 0.9869 1.5394, 0.2657 0.9849 1.5394, 0.2721 0.9901 1.5394, 0.2605 0.9883 1.5394, 0.266 0.9945 1.5394, 0.2579 0.9978 1.5394, 0.2721 0.9402 1.5354, 0.2768 0.9457 1.5354, 0.2804 0.9527 1.5354, 0.2822 0.9606 1.5354, 0.2825 0.9658 1.5354, 0.2817 0.9738 1.5354, 0.2794 0.9806 1.5354, 0.2754 0.9869 1.5354, 0.2721 0.9901 1.5354, 0.266 0.9945 1.5354, 0.2579 0.9978 1.5354, 0.2475 0.9992 1.5354, 0.2462 0.9992 1.5354, 0.2266 0.9992 1.5354, 0.2266 0.9306 1.5354, 0.2455 0.9306 1.5354, 0.257 0.932 1.5354, 0.2649 0.935 1.5354, 0.2657 0.9849 1.5354, 0.268 0.9825 1.5354, 0.2706 0.9785 1.5354, 0.2724 0.9733 1.5354, 0.2732 0.9656 1.5354, 0.2458 0.9913 1.5354, 0.2545 0.9904 1.5354, 0.2605 0.9883 1.5354, 0.2355 0.9913 1.5354, 0.2355 0.9384 1.5354, 0.2454 0.9384 1.5354, 0.2658 0.9456 1.5354, 0.2642 0.9441 1.5354, 0.2596 0.9412 1.5354, 0.2536 0.9392 1.5354, 0.273 0.9616 1.5354, 0.2717 0.9553 1.5354, 0.2694 0.9501 1.5354
            ]
        }
        coordIndex [
            0,1,2,-1,2,1,3,-1,2,3,4,-1,4,3,5,-1,4,5,6,-1,6,5,7,-1,6,7,8,-1,8,7,9,-1,8,9,10,-1,10,9,11,-1,10,11,12,-1,12,11,13,-1,12,13,14,-1,14,13,15,-1,14,15,16,-1,16,15,17,-1,17,15,18,-1,17,18,19,-1,19,18,20,-1,19,20,21,-1,21,20,22,-1,21,22,23,-1,23,22,24,-1,23,24,25,-1,25,24,26,-1,25,26,27,-1,27,26,28,-1,27,28,29,-1,29,28,30,-1,29,30,31,-1,31,30,32,-1,31,32,33,-1,33,32,34,-1,33,34,0,-1,0,34,35,-1,0,35,1,-1,15,36,37,-1,15,37,18,-1,18,37,38,-1,18,38,20,-1,20,38,39,-1,20,39,22,-1,22,39,40,-1,22,40,24,-1,24,40,41,-1,24,41,26,-1,26,41,42,-1,26,42,28,-1,28,42,43,-1,28,43,30,-1,30,43,44,-1,30,44,32,-1,32,44,45,-1,32,45,34,-1,34,45,46,-1,34,46,35,-1,35,46,47,-1,35,47,1,-1,1,47,48,-1,1,48,3,-1,5,3,49,-1,49,3,48,-1,7,5,50,-1,50,5,49,-1,9,7,51,-1,51,7,50,-1,9,51,52,-1,9,52,11,-1,11,52,53,-1,11,53,13,-1,13,53,36,-1,13,36,15,-1,31,54,55,-1,31,55,29,-1,29,55,56,-1,29,56,27,-1,27,56,57,-1,27,57,25,-1,25,57,58,-1,25,58,23,-1,2,59,60,-1,2,60,0,-1,0,60,61,-1,0,61,33,-1,33,61,54,-1,33,54,31,-1,2,4,59,-1,59,4,62,-1,4,6,62,-1,62,6,63,-1,6,8,63,-1,63,8,64,-1,16,65,66,-1,16,66,14,-1,14,66,67,-1,14,67,12,-1,12,67,68,-1,12,68,10,-1,10,68,64,-1,10,64,8,-1,23,58,69,-1,23,69,21,-1,21,69,70,-1,21,70,19,-1,19,70,71,-1,19,71,17,-1,17,71,65,-1,17,65,16,-1,
        ]
    }
}
Shape{
    appearance Appearance {
        material  Material 	{
            diffuseColor 0.6666666666666666 0.6666666666666666 0.6666666666666666
            specularColor 0.4666666666666667 0.4666666666666667 0.4666666666666667
            ambientIntensity 0.6667
            transparency 0.0
            shininess 0.5
        }
    }
    geometry IndexedFaceSet {
        ccw TRUE
        solid FALSE
        coord DEF co Coordinate {
            point [
                0.2355 0.9913 1.5354, 0.2355 0.9384 1.5354, 0.2458 0.9913 1.5354, 0.2454 0.9384 1.5354, 0.2536 0.9392 1.5354, 0.2596 0.9412 1.5354, 0.2642 0.9441 1.5354, 0.2658 0.9456 1.5354, 0.2694 0.9501 1.5354, 0.2717 0.9553 1.5354, 0.273 0.9616 1.5354, 0.2732 0.9656 1.5354, 0.2724 0.9733 1.5354, 0.2706 0.9785 1.5354, 0.268 0.9825 1.5354, 0.2657 0.9849 1.5354, 0.2545 0.9904 1.5354, 0.2605 0.9883 1.5354
            ]
        }
        coordIndex [
            0,1,2,-1,2,1,3,-1,2,3,4,-1,4,5,2,-1,2,5,6,-1,2,6,7,-1,7,8,2,-1,2,8,9,-1,2,9,10,-1,10,11,2,-1,2,11,12,-1,2,12,13,-1,13,14,2,-1,2,14,15,-1,2,15,16,-1,16,15,17,-1,
        ]
    }
}
Shape{
    appearance Appearance {
        material  Material 	{
            diffuseColor 0.0 0.0 0.0
            specularColor 0.0 0.0 0.0
            ambientIntensity 0.0
            transparency 0.0
            shininess 0.5
        }
    }
    geometry IndexedFaceSet {
        ccw TRUE
        solid FALSE
        coord DEF co Coordinate {
            point [
                0.1452 0.9427 1.5394, 0.1452 0.9427 1.5354, 0.1445 0.9404 1.5354, 0.1445 0.9404 1.5394, 0.1441 0.9387 1.5354, 0.1441 0.9387 1.5394, 0.1439 0.9387 1.5394, 0.1439 0.9387 1.5354, 0.1428 0.9428 1.5394, 0.1428 0.9428 1.5354, 0.13 0.9796 1.5354, 0.13 0.9796 1.5394, 0.1342 0.9677 1.5354, 0.1204 0.9796 1.5394, 0.1204 0.9796 1.5354, 0.1396 0.9307 1.5354, 0.1396 0.9307 1.5394, 0.1342 0.9446 1.5354, 0.1359 0.9218 1.5354, 0.1359 0.9218 1.5394, 0.1394 0.93 1.5354, 0.1342 0.9187 1.5354, 0.1342 0.9187 1.5354, 0.1326 0.9169 1.5394, 0.1342 0.9187 1.5394, 0.1326 0.9169 1.5354, 0.131 0.9158 1.5354, 0.131 0.9158 1.5394, 0.1291 0.9151 1.5354, 0.1291 0.9151 1.5394, 0.1271 0.9149 1.5354, 0.1271 0.9149 1.5394, 0.1239 0.9153 1.5354, 0.1239 0.9153 1.5394, 0.1222 0.9159 1.5354, 0.1222 0.9159 1.5394, 0.1222 0.9082 1.5394, 0.1222 0.9082 1.5354, 0.1258 0.9076 1.5354, 0.1258 0.9076 1.5394, 0.1277 0.9075 1.5354, 0.1277 0.9075 1.5394, 0.1312 0.9079 1.5354, 0.1342 0.909 1.5354, 0.1346 0.9092 1.5394, 0.1312 0.9079 1.5394, 0.1346 0.9092 1.5354, 0.1376 0.9113 1.5354, 0.1376 0.9113 1.5394, 0.1382 0.9118 1.5354, 0.1382 0.9118 1.5394, 0.1413 0.9156 1.5354, 0.1413 0.9156 1.5394, 0.1452 0.9232 1.5354, 0.1452 0.9232 1.5394, 0.1675 0.9796 1.5354, 0.1675 0.9796 1.5394, 0.1479 0.93 1.5354, 0.1586 0.9796 1.5394, 0.1586 0.9796 1.5354, 0.0961 0.9294 1.5354, 0.1014 0.93 1.5354, 0.0961 0.9294 1.5394, 0.1034 0.9302 1.5394, 0.1034 0.9302 1.5354, 0.1081 0.9319 1.5354, 0.1081 0.9319 1.5394, 0.1104 0.9333 1.5354, 0.1104 0.9333 1.5394, 0.1129 0.9355 1.5354, 0.1129 0.9355 1.5394, 0.1145 0.9378 1.5354, 0.1145 0.9378 1.5394, 0.1155 0.9405 1.5354, 0.1155 0.9405 1.5394, 0.1159 0.9439 1.5354, 0.1159 0.9439 1.5394, 0.1156 0.9471 1.5354, 0.1156 0.9471 1.5394, 0.1147 0.9497 1.5354, 0.1147 0.9497 1.5394, 0.1131 0.952 1.5354, 0.1131 0.952 1.5394, 0.111 0.9539 1.5354, 0.111 0.9539 1.5394, 0.1053 0.957 1.5354, 0.1053 0.957 1.5394, 0.102 0.9584 1.5354, 0.102 0.9584 1.5394, 0.0967 0.9607 1.5354, 0.0967 0.9607 1.5394, 0.0936 0.9626 1.5354, 0.0936 0.9626 1.5394, 0.0928 0.9635 1.5354, 0.0928 0.9635 1.5394, 0.0922 0.9647 1.5354, 0.0922 0.9647 1.5394, 0.0918 0.966 1.5354, 0.0918 0.966 1.5394, 0.0918 0.9672 1.5354, 0.0918 0.9672 1.5394, 0.0919 0.9685 1.5354, 0.0919 0.9685 1.5394, 0.0923 0.9697 1.5354, 0.0923 0.9697 1.5394, 0.0931 0.9708 1.5354, 0.0931 0.9708 1.5394, 0.0944 0.9719 1.5354, 0.0944 0.9719 1.5394, 0.0963 0.973 1.5354, 0.0963 0.973 1.5394, 0.0986 0.9736 1.5354, 0.0986 0.9736 1.5394, 0.1011 0.9738 1.5354, 0.1011 0.9738 1.5394, 0.1073 0.973 1.5354, 0.1073 0.973 1.5394, 0.1122 0.9711 1.5354, 0.1122 0.9711 1.5394, 0.1136 0.9702 1.5354, 0.1136 0.9702 1.5394, 0.1136 0.9786 1.5394, 0.1136 0.9786 1.5354, 0.1073 0.9803 1.5354, 0.1073 0.9803 1.5394, 0.102 0.9807 1.5354, 0.102 0.9807 1.5394, 0.0952 0.98 1.5354, 0.0952 0.98 1.5394, 0.0906 0.9782 1.5354, 0.0906 0.9782 1.5394, 0.0884 0.9768 1.5354, 0.0884 0.9768 1.5394, 0.0868 0.9754 1.5354, 0.0859 0.9746 1.5394, 0.0859 0.9746 1.5354, 0.0843 0.9722 1.5354, 0.0843 0.9722 1.5394, 0.0832 0.9695 1.5354, 0.0832 0.9695 1.5394, 0.0829 0.9664 1.5354, 0.0829 0.9664 1.5394, 0.0833 0.9631 1.5354, 0.0833 0.9631 1.5394, 0.0842 0.9604 1.5354, 0.0842 0.9604 1.5394, 0.0853 0.9586 1.5354, 0.0853 0.9586 1.5394, 0.0959 0.9521 1.5354, 0.0959 0.9521 1.5394, 0.0908 0.9545 1.5394, 0.0867 0.9572 1.5354, 0.0867 0.9572 1.5394, 0.0868 0.9571 1.5354, 0.0908 0.9545 1.5354, 0.1016 0.9498 1.5354, 0.1016 0.9498 1.5394, 0.1049 0.9478 1.5354, 0.1049 0.9478 1.5394, 0.106 0.9466 1.5354, 0.106 0.9466 1.5394, 0.1066 0.9455 1.5354, 0.1066 0.9455 1.5394, 0.107 0.9442 1.5354, 0.107 0.9442 1.5394, 0.1071 0.9431 1.5354, 0.1071 0.9431 1.5394, 0.1069 0.9415 1.5354, 0.1069 0.9415 1.5394, 0.1065 0.9402 1.5354, 0.1065 0.9402 1.5394, 0.1058 0.9391 1.5354, 0.1058 0.9391 1.5394, 0.1048 0.9382 1.5354, 0.1048 0.9382 1.5394, 0.104 0.9378 1.5354, 0.104 0.9378 1.5394, 0.1018 0.937 1.5354, 0.1018 0.937 1.5394, 0.0974 0.9365 1.5354, 0.0974 0.9365 1.5394, 0.097 0.9365 1.5354, 0.097 0.9365 1.5394, 0.0828 0.9412 1.5354, 0.0828 0.9412 1.5394, 0.0856 0.9394 1.5394, 0.091 0.9372 1.5354, 0.091 0.9372 1.5394, 0.0868 0.9389 1.5354, 0.0856 0.9394 1.5354, 0.0828 0.9323 1.5394, 0.0828 0.9323 1.5354, 0.0868 0.9309 1.5354, 0.0888 0.9302 1.5394, 0.0906 0.93 1.5354, 0.0888 0.9302 1.5354, 0.0626 0.9306 1.5394, 0.0712 0.9306 1.5394, 0.0626 0.9382 1.5394, 0.0712 0.9621 1.5394, 0.0626 0.9618 1.5394, 0.044 0.9515 1.5394, 0.0461 0.9525 1.5394, 0.0511 0.9537 1.5394, 0.0626 0.9552 1.5394, 0.0626 0.9505 1.5394, 0.0623 0.9656 1.5394, 0.0704 0.9692 1.5394, 0.0614 0.9686 1.5394, 0.069 0.9729 1.5394, 0.0604 0.9704 1.5394, 0.0672 0.9756 1.5394, 0.0591 0.9718 1.5394, 0.0653 0.9774 1.5394, 0.0576 0.9728 1.5394, 0.0625 0.9791 1.5394, 0.0556 0.9735 1.5394, 0.059 0.9802 1.5394, 0.0527 0.9738 1.5394, 0.0535 0.9807 1.5394, 0.0477 0.9733 1.5394, 0.0458 0.9799 1.5394, 0.0423 0.9715 1.5394, 0.0393 0.9777 1.5394, 0.0366 0.9678 1.5394, 0.0366 0.9762 1.5394, 0.0626 0.9499 1.5394, 0.062 0.9461 1.5394, 0.0608 0.943 1.5394, 0.0624 0.9382 1.5394, 0.0589 0.9405 1.5394, 0.061 0.9361 1.5394, 0.0578 0.9394 1.5394, 0.0583 0.9332 1.5394, 0.0554 0.9378 1.5394, 0.0553 0.9312 1.5394, 0.0528 0.9369 1.5394, 0.0518 0.9299 1.5394, 0.0496 0.9365 1.5394, 0.0473 0.9294 1.5394, 0.0467 0.9368 1.5394, 0.0422 0.93 1.5394, 0.0447 0.9375 1.5394, 0.0389 0.9313 1.5394, 0.043 0.9387 1.5394, 0.036 0.9333 1.5394, 0.0423 0.9394 1.5394, 0.0481 0.9597 1.5394, 0.0411 0.958 1.5394, 0.0428 0.9506 1.5394, 0.0376 0.9561 1.5394, 0.0418 0.9494 1.5394, 0.0351 0.9537 1.5394, 0.041 0.9478 1.5394, 0.0333 0.951 1.5394, 0.0406 0.9458 1.5394, 0.0322 0.9478 1.5394, 0.0405 0.9444 1.5394, 0.0318 0.9437 1.5394, 0.0407 0.9425 1.5394, 0.0322 0.9398 1.5394, 0.0413 0.9409 1.5394, 0.0333 0.9369 1.5394, 0.035 0.9343 1.5394, 0.0527 0.9738 1.5354, 0.0556 0.9735 1.5354, 0.0576 0.9728 1.5354, 0.0591 0.9718 1.5354, 0.0604 0.9704 1.5354, 0.0614 0.9686 1.5354, 0.0623 0.9656 1.5354, 0.0626 0.9618 1.5354, 0.0481 0.9597 1.5354, 0.0411 0.958 1.5354, 0.0376 0.9561 1.5354, 0.0351 0.9537 1.5354, 0.0333 0.951 1.5354, 0.0322 0.9478 1.5354, 0.0318 0.9437 1.5354, 0.0322 0.9398 1.5354, 0.0333 0.9369 1.5354, 0.035 0.9343 1.5354, 0.036 0.9333 1.5354, 0.0473 0.9294 1.5354, 0.0424 0.93 1.5354, 0.0422 0.93 1.5354, 0.0389 0.9313 1.5354, 0.0518 0.9299 1.5354, 0.052 0.93 1.5354, 0.0553 0.9312 1.5354, 0.0583 0.9332 1.5354, 0.061 0.9361 1.5354, 0.0624 0.9382 1.5354, 0.0626 0.9382 1.5354, 0.0626 0.9306 1.5354, 0.0712 0.9306 1.5354, 0.0712 0.9621 1.5354, 0.0704 0.9692 1.5354, 0.069 0.9729 1.5354, 0.0672 0.9756 1.5354, 0.0653 0.9774 1.5354, 0.0625 0.9791 1.5354, 0.059 0.9802 1.5354, 0.0535 0.9807 1.5354, 0.0458 0.9799 1.5354, 0.0393 0.9777 1.5354, 0.0366 0.9762 1.5354, 0.0366 0.9678 1.5354, 0.0423 0.9715 1.5354, 0.0477 0.9733 1.5354, 0.0589 0.9405 1.5354, 0.0578 0.9394 1.5354, 0.0554 0.9378 1.5354, 0.0528 0.9369 1.5354, 0.0496 0.9365 1.5354, 0.0626 0.9505 1.5354, 0.0626 0.9499 1.5354, 0.062 0.9461 1.5354, 0.0608 0.943 1.5354, 0.0626 0.9552 1.5354, 0.0511 0.9537 1.5354, 0.0428 0.9506 1.5354, 0.044 0.9515 1.5354, 0.0461 0.9525 1.5354, 0.0405 0.9444 1.5354, 0.0406 0.9458 1.5354, 0.041 0.9478 1.5354, 0.0418 0.9494 1.5354, 0.043 0.9387 1.5354, 0.0423 0.9394 1.5354, 0.0413 0.9409 1.5354, 0.0407 0.9425 1.5354, 0.0467 0.9368 1.5354, 0.0447 0.9375 1.5354
            ]
        }
        coordIndex [
            0,1,2,-1,0,2,3,-1,3,2,4,-1,3,4,5,-1,6,5,7,-1,7,5,4,-1,8,6,9,-1,9,6,7,-1,10,11,12,-1,12,11,8,-1,12,8,9,-1,13,11,14,-1,14,11,10,-1,15,16,17,-1,17,16,13,-1,17,13,14,-1,18,19,20,-1,20,19,16,-1,20,16,15,-1,19,18,21,-1,22,23,21,-1,21,23,24,-1,21,24,19,-1,22,25,23,-1,23,25,26,-1,23,26,27,-1,27,26,28,-1,27,28,29,-1,29,28,30,-1,29,30,31,-1,31,30,32,-1,31,32,33,-1,33,32,34,-1,33,34,35,-1,36,35,37,-1,37,35,34,-1,36,37,38,-1,36,38,39,-1,39,38,40,-1,39,40,41,-1,41,40,42,-1,43,44,42,-1,42,44,45,-1,42,45,41,-1,43,46,44,-1,44,46,47,-1,44,47,48,-1,48,47,49,-1,48,49,50,-1,50,49,51,-1,50,51,52,-1,52,51,53,-1,52,53,54,-1,55,56,57,-1,57,56,54,-1,57,54,53,-1,58,56,59,-1,59,56,55,-1,0,58,1,-1,1,58,59,-1,3,5,54,-1,56,58,54,-1,54,58,0,-1,54,0,3,-1,11,13,8,-1,8,13,16,-1,8,16,6,-1,52,24,50,-1,50,24,23,-1,35,36,33,-1,33,36,39,-1,33,39,31,-1,31,39,41,-1,31,41,29,-1,29,41,45,-1,29,45,27,-1,27,45,44,-1,27,44,23,-1,23,44,48,-1,23,48,50,-1,5,6,54,-1,54,6,16,-1,54,16,52,-1,52,16,19,-1,52,19,24,-1,60,61,62,-1,62,61,63,-1,61,64,63,-1,63,64,65,-1,63,65,66,-1,66,65,67,-1,66,67,68,-1,68,67,69,-1,68,69,70,-1,70,69,71,-1,70,71,72,-1,72,71,73,-1,72,73,74,-1,74,73,75,-1,74,75,76,-1,76,75,77,-1,76,77,78,-1,78,77,79,-1,78,79,80,-1,80,79,81,-1,80,81,82,-1,82,81,83,-1,82,83,84,-1,84,83,85,-1,84,85,86,-1,86,85,87,-1,86,87,88,-1,88,87,89,-1,88,89,90,-1,90,89,91,-1,90,91,92,-1,92,91,93,-1,92,93,94,-1,94,93,95,-1,94,95,96,-1,96,95,97,-1,96,97,98,-1,98,97,99,-1,98,99,100,-1,100,99,101,-1,100,101,102,-1,102,101,103,-1,102,103,104,-1,104,103,105,-1,104,105,106,-1,106,105,107,-1,106,107,108,-1,108,107,109,-1,108,109,110,-1,110,109,111,-1,110,111,112,-1,112,111,113,-1,112,113,114,-1,114,113,115,-1,114,115,116,-1,116,115,117,-1,116,117,118,-1,118,117,119,-1,118,119,120,-1,121,120,122,-1,122,120,119,-1,121,122,123,-1,121,123,124,-1,124,123,125,-1,124,125,126,-1,126,125,127,-1,126,127,128,-1,128,127,129,-1,128,129,130,-1,130,129,131,-1,130,131,132,-1,131,133,132,-1,132,133,134,-1,133,135,134,-1,134,135,136,-1,134,136,137,-1,137,136,138,-1,137,138,139,-1,139,138,140,-1,139,140,141,-1,141,140,142,-1,141,142,143,-1,143,142,144,-1,143,144,145,-1,145,144,146,-1,145,146,147,-1,148,149,150,-1,147,146,151,-1,147,151,152,-1,152,151,153,-1,152,153,150,-1,150,153,154,-1,150,154,148,-1,149,148,155,-1,149,155,156,-1,156,155,157,-1,156,157,158,-1,158,157,159,-1,158,159,160,-1,160,159,161,-1,160,161,162,-1,162,161,163,-1,162,163,164,-1,164,163,165,-1,164,165,166,-1,166,165,167,-1,166,167,168,-1,168,167,169,-1,168,169,170,-1,170,169,171,-1,170,171,172,-1,172,171,173,-1,172,173,174,-1,174,173,175,-1,174,175,176,-1,176,175,177,-1,176,177,178,-1,178,177,179,-1,178,179,180,-1,180,179,181,-1,180,181,182,-1,183,184,185,-1,182,181,186,-1,182,186,187,-1,187,186,188,-1,187,188,185,-1,185,188,189,-1,185,189,183,-1,190,184,191,-1,191,184,183,-1,191,192,190,-1,190,192,193,-1,60,62,194,-1,194,62,193,-1,194,193,195,-1,195,193,192,-1,106,108,130,-1,130,108,128,-1,156,88,149,-1,149,88,90,-1,62,182,193,-1,193,182,187,-1,193,187,190,-1,190,187,185,-1,190,185,184,-1,108,110,128,-1,128,110,112,-1,128,112,126,-1,126,112,114,-1,126,114,124,-1,124,114,116,-1,124,116,121,-1,121,116,118,-1,121,118,120,-1,66,68,172,-1,172,68,70,-1,172,70,170,-1,170,70,72,-1,170,72,168,-1,168,72,74,-1,168,74,166,-1,166,74,76,-1,166,76,164,-1,164,76,78,-1,164,78,162,-1,162,78,80,-1,162,80,160,-1,160,80,82,-1,160,82,158,-1,158,82,84,-1,158,84,156,-1,156,84,86,-1,156,86,88,-1,172,174,66,-1,66,174,176,-1,66,176,63,-1,63,176,178,-1,63,178,62,-1,62,178,180,-1,62,180,182,-1,130,132,106,-1,106,132,134,-1,106,134,104,-1,104,134,137,-1,104,137,102,-1,102,137,139,-1,102,139,100,-1,100,139,141,-1,100,141,98,-1,98,141,143,-1,98,143,96,-1,96,143,145,-1,96,145,94,-1,94,145,147,-1,94,147,92,-1,92,147,152,-1,92,152,90,-1,90,152,150,-1,90,150,149,-1,196,197,198,-1,198,197,199,-1,200,201,202,-1,203,204,199,-1,199,204,205,-1,202,203,200,-1,200,203,199,-1,200,199,206,-1,206,199,207,-1,206,207,208,-1,208,207,209,-1,208,209,210,-1,210,209,211,-1,210,211,212,-1,212,211,213,-1,212,213,214,-1,214,213,215,-1,214,215,216,-1,216,215,217,-1,216,217,218,-1,218,217,219,-1,218,219,220,-1,220,219,221,-1,220,221,222,-1,222,221,223,-1,222,223,224,-1,224,223,225,-1,205,226,199,-1,199,226,227,-1,199,227,198,-1,198,227,228,-1,198,228,229,-1,229,228,230,-1,229,230,231,-1,231,230,232,-1,231,232,233,-1,233,232,234,-1,233,234,235,-1,235,234,236,-1,235,236,237,-1,237,236,238,-1,237,238,239,-1,239,238,240,-1,239,240,241,-1,241,240,242,-1,241,242,243,-1,243,242,244,-1,243,244,245,-1,245,244,246,-1,200,247,201,-1,201,247,248,-1,201,248,249,-1,249,248,250,-1,249,250,251,-1,251,250,252,-1,251,252,253,-1,253,252,254,-1,253,254,255,-1,255,254,256,-1,255,256,257,-1,257,256,258,-1,257,258,259,-1,259,258,260,-1,259,260,261,-1,261,260,262,-1,261,262,246,-1,246,262,263,-1,246,263,245,-1,218,264,265,-1,218,265,216,-1,216,265,266,-1,216,266,214,-1,214,266,267,-1,214,267,212,-1,212,267,268,-1,212,268,210,-1,210,268,269,-1,210,269,208,-1,208,269,270,-1,208,270,206,-1,206,270,271,-1,206,271,200,-1,247,200,272,-1,272,200,271,-1,247,272,273,-1,247,273,248,-1,248,273,274,-1,248,274,250,-1,250,274,275,-1,250,275,252,-1,252,275,276,-1,252,276,254,-1,254,276,277,-1,254,277,256,-1,256,277,278,-1,256,278,258,-1,258,278,279,-1,258,279,260,-1,260,279,280,-1,260,280,262,-1,262,280,281,-1,262,281,263,-1,263,281,282,-1,263,282,245,-1,283,239,284,-1,284,239,241,-1,284,241,285,-1,285,241,243,-1,285,243,286,-1,286,243,245,-1,286,245,282,-1,239,283,287,-1,239,287,237,-1,237,287,288,-1,237,288,235,-1,288,289,235,-1,235,289,290,-1,235,290,233,-1,233,290,291,-1,233,291,231,-1,231,291,292,-1,231,292,229,-1,198,229,293,-1,293,229,292,-1,196,198,294,-1,294,198,293,-1,197,196,295,-1,295,196,294,-1,199,197,296,-1,296,197,295,-1,199,296,297,-1,199,297,207,-1,207,297,298,-1,207,298,209,-1,209,298,299,-1,209,299,211,-1,211,299,300,-1,211,300,213,-1,213,300,301,-1,213,301,215,-1,215,301,302,-1,215,302,217,-1,217,302,303,-1,217,303,219,-1,219,303,304,-1,219,304,221,-1,221,304,305,-1,221,305,223,-1,223,305,306,-1,223,306,225,-1,224,225,307,-1,307,225,306,-1,224,307,308,-1,224,308,222,-1,222,308,309,-1,222,309,220,-1,220,309,264,-1,220,264,218,-1,230,310,311,-1,230,311,232,-1,232,311,312,-1,232,312,234,-1,234,312,313,-1,234,313,236,-1,236,313,314,-1,236,314,238,-1,205,315,316,-1,205,316,226,-1,226,316,317,-1,226,317,227,-1,227,317,318,-1,227,318,228,-1,228,318,310,-1,228,310,230,-1,205,204,315,-1,315,204,319,-1,204,203,319,-1,319,203,320,-1,249,321,322,-1,249,322,201,-1,201,322,323,-1,201,323,202,-1,202,323,320,-1,202,320,203,-1,257,324,325,-1,257,325,255,-1,255,325,326,-1,255,326,253,-1,253,326,327,-1,253,327,251,-1,251,327,321,-1,251,321,249,-1,244,328,329,-1,244,329,246,-1,246,329,330,-1,246,330,261,-1,261,330,331,-1,261,331,259,-1,259,331,324,-1,259,324,257,-1,238,314,332,-1,238,332,240,-1,240,332,333,-1,240,333,242,-1,242,333,328,-1,242,328,244,-1,
        ]
    }
}
Shape{
    appearance Appearance {
        material  Material 	{
            diffuseColor 0.6666666666666666 0.6666666666666666 0.6666666666666666
            specularColor 0.4666666666666667 0.4666666666666667 0.4666666666666667
            ambientIntensity 0.6667
            transparency 0.0
            shininess 0.5
        }
    }
    geometry IndexedFaceSet {
        ccw TRUE
        solid FALSE
        coord DEF co Coordinate {
            point [
                0.0626 0.9552 1.5354, 0.0511 0.9537 1.5354, 0.0626 0.9505 1.5354, 0.0461 0.9525 1.5354, 0.044 0.9515 1.5354, 0.0428 0.9506 1.5354, 0.0626 0.9499 1.5354, 0.062 0.9461 1.5354, 0.0418 0.9494 1.5354, 0.0608 0.943 1.5354, 0.0423 0.9394 1.5354, 0.043 0.9387 1.5354, 0.0578 0.9394 1.5354, 0.0413 0.9409 1.5354, 0.0554 0.9378 1.5354, 0.0528 0.9369 1.5354, 0.0496 0.9365 1.5354, 0.041 0.9478 1.5354, 0.0406 0.9458 1.5354, 0.0589 0.9405 1.5354, 0.0405 0.9444 1.5354, 0.0407 0.9425 1.5354, 0.0447 0.9375 1.5354, 0.0467 0.9368 1.5354
            ]
        }
        coordIndex [
            0,1,2,-1,2,1,3,-1,3,4,2,-1,2,4,5,-1,2,5,6,-1,6,5,7,-1,7,5,8,-1,7,8,9,-1,10,11,12,-1,10,12,13,-1,14,12,15,-1,15,12,16,-1,8,17,9,-1,9,17,18,-1,9,18,19,-1,19,18,20,-1,19,20,12,-1,12,20,21,-1,12,21,13,-1,11,22,12,-1,12,22,23,-1,12,23,16,-1,
        ]
    }
}
Shape{
    appearance Appearance {
        material  Material 	{
            diffuseColor 0.0 0.0 0.0
            specularColor 0.0 0.0 0.0
            ambientIntensity 0.0
            transparency 0.0
            shininess 0.5
        }
    }
    geometry IndexedFaceSet {
        ccw TRUE
        solid FALSE
        coord DEF co Coordinate {
            point [
                -0.3164 0.9208 1.5394, -0.3092 0.9119 1.5394, -0.3209 0.964 1.5394, -0.3294 1.0488 1.5394, -0.3185 1.0546 1.5394, -0.3211 1.0846 1.5394, -0.2906 1.086 1.5394, -0.2755 1.0504 1.5394, -0.268 1.0659 1.5394, -0.3315 0.9706 1.5394, -0.3275 0.9332 1.5394, -0.3214 0.9313 1.5394, -0.3018 1.087 1.5394, -0.2714 0.9651 1.5394, -0.2669 0.9634 1.5394, -0.2262 0.9518 1.5394, -0.263 0.9608 1.5394, -0.2598 0.9573 1.5394, -0.1579 0.9879 1.5394, -0.173 1.0138 1.5394, -0.2384 0.9797 1.5394, -0.2755 0.9655 1.5394, -0.2803 0.9649 1.5394, -0.2867 0.9948 1.5394, -0.2845 0.9632 1.5394, -0.2975 0.9907 1.5394, -0.2883 0.9605 1.5394, -0.3074 0.9837 1.5394, -0.2903 0.9585 1.5394, -0.3155 0.9745 1.5394, -0.2928 0.9544 1.5394, -0.2942 0.9498 1.5394, -0.2945 0.9451 1.5394, -0.2573 0.993 1.5394, -0.2691 0.9959 1.5394, -0.275 0.9962 1.5394, -0.2577 0.9533 1.5394, -0.2566 0.9487 1.5394, -0.2262 0.947 1.5394, -0.2566 0.9443 1.5394, -0.2265 0.9418 1.5394, -0.1418 1.0363 1.5394, -0.1379 1.0363 1.5394, -0.1179 1.0626 1.5394, -0.1286 1.0351 1.5394, -0.1155 1.0618 1.5394, -0.1201 1.0318 1.5394, -0.101 1.0546 1.5394, -0.0877 1.0434 1.5394, -0.2806 1.0977 1.5394, -0.2571 1.0789 1.5394, -0.2691 1.1075 1.5394, -0.244 1.0885 1.5394, -0.2572 1.1149 1.5394, -0.3065 1.0575 1.5394, -0.3013 1.0577 1.5394, -0.2962 1.0867 1.5394, -0.2898 1.0563 1.5394, -0.2789 1.0523 1.5394, -0.2469 0.9874 1.5394, -0.0876 0.9523 1.5394, -0.1103 0.9717 1.5394, -0.1009 0.9411 1.5394, -0.1175 0.9658 1.5394, -0.1158 0.9338 1.5394, -0.1261 0.9618 1.5394, -0.132 0.9304 1.5394, -0.1349 0.9601 1.5394, -0.1608 0.9304 1.5394, -0.1569 0.9601 1.5394, -0.1636 0.9308 1.5394, -0.2936 0.9405 1.5394, -0.2916 0.9364 1.5394, -0.1125 1.0265 1.5394, -0.1069 1.0203 1.5394, -0.0778 1.0295 1.5394, -0.1024 1.0119 1.5394, -0.0718 1.0146 1.5394, -0.1001 1.0025 1.5394, -0.0696 0.9987 1.5394, -0.0998 0.9982 1.5394, -0.0718 0.9813 1.5394, -0.101 0.9887 1.5394, -0.0779 0.9658 1.5394, -0.1044 0.98 1.5394, -0.1097 0.9724 1.5394, -0.1442 1.1012 1.5394, -0.1634 1.0788 1.5394, -0.128 1.0824 1.5394, -0.1523 1.0656 1.5394, -0.1448 1.0499 1.5394, -0.3487 1.0208 1.5394, -0.3808 1.0126 1.5394, -0.3501 1.0089 1.5394, -0.3809 1.008 1.5394, -0.3496 1.0013 1.5394, -0.3785 0.9888 1.5394, -0.346 0.9894 1.5394, -0.3715 0.9707 1.5394, -0.3403 0.9796 1.5394, -0.3604 0.9548 1.5394, -0.3452 0.9418 1.5394, -0.2293 0.9298 1.5394, -0.2577 0.9396 1.5394, -0.2351 0.9189 1.5394, -0.26 0.9354 1.5394, -0.2426 0.9106 1.5394, -0.2627 0.9324 1.5394, -0.2523 0.9038 1.5394, -0.2664 0.9298 1.5394, -0.2632 0.8996 1.5394, -0.2706 0.9281 1.5394, -0.275 0.8982 1.5394, -0.2755 0.9274 1.5394, -0.2768 0.8982 1.5394, -0.2763 0.9275 1.5394, -0.2884 0.9 1.5394, -0.2807 0.9282 1.5394, -0.2996 0.9047 1.5394, -0.2851 0.9301 1.5394, -0.2888 0.9329 1.5394, -0.2347 1.1236 1.5394, -0.2281 1.0949 1.5394, -0.2106 1.1265 1.5394, -0.2101 1.0973 1.5394, -0.1905 1.1244 1.5394, -0.1935 1.0952 1.5394, -0.166 1.1158 1.5394, -0.1782 1.0893 1.5394, -0.1645 1.0798 1.5394, -0.3391 1.0776 1.5394, -0.3547 1.0667 1.5394, -0.3377 1.0414 1.5394, -0.358 1.0636 1.5394, -0.3445 1.0316 1.5394, -0.3697 1.0485 1.5394, -0.3775 1.031 1.5394, -0.1594 0.9606 1.5394, -0.1711 0.9355 1.5394, -0.1699 0.9343 1.5394, -0.1579 0.9603 1.5394, -0.1668 0.9321 1.5394, -0.175 0.9455 1.5394, -0.1745 0.9419 1.5394, -0.1732 0.9385 1.5394, -0.1636 0.9601 1.5394, -0.167 0.9588 1.5394, -0.1748 0.9474 1.5394, -0.17 0.9567 1.5394, -0.172 0.9545 1.5394, -0.1739 0.9511 1.5394, -0.1598 0.9606 1.5394, -0.0845 1.0389 1.5354, -0.0778 1.0295 1.5354, -0.0735 1.0188 1.5354, -0.0718 1.0146 1.5354, -0.0696 0.9987 1.5354, -0.0877 1.0434 1.5354, -0.101 1.0546 1.5354, -0.1155 1.0618 1.5354, -0.1179 1.0626 1.5354, -0.128 1.0824 1.5354, -0.1442 1.1012 1.5354, -0.1554 1.1087 1.5354, -0.166 1.1158 1.5354, -0.1905 1.1244 1.5354, -0.2106 1.1265 1.5354, -0.2691 1.1075 1.5354, -0.2672 1.1087 1.5354, -0.2572 1.1149 1.5354, -0.2347 1.1236 1.5354, -0.2806 1.0977 1.5354, -0.2906 1.086 1.5354, -0.2962 1.0867 1.5354, -0.3018 1.087 1.5354, -0.3211 1.0846 1.5354, -0.3391 1.0776 1.5354, -0.3547 1.0667 1.5354, -0.358 1.0636 1.5354, -0.3697 1.0485 1.5354, -0.374 1.0389 1.5354, -0.3775 1.031 1.5354, -0.3797 1.0188 1.5354, -0.3808 1.0126 1.5354, -0.3809 1.008 1.5354, -0.3785 0.9888 1.5354, -0.3715 0.9707 1.5354, -0.3604 0.9548 1.5354, -0.3452 0.9418 1.5354, -0.3275 0.9332 1.5354, -0.3214 0.9313 1.5354, -0.3207 0.93 1.5354, -0.3164 0.9208 1.5354, -0.3092 0.9119 1.5354, -0.2996 0.9047 1.5354, -0.2952 0.9028 1.5354, -0.2884 0.9 1.5354, -0.2768 0.8982 1.5354, -0.275 0.8982 1.5354, -0.2262 0.947 1.5354, -0.2632 0.8996 1.5354, -0.2548 0.9028 1.5354, -0.2523 0.9038 1.5354, -0.2426 0.9106 1.5354, -0.2351 0.9189 1.5354, -0.2293 0.9298 1.5354, -0.2293 0.93 1.5354, -0.2265 0.9418 1.5354, -0.2262 0.9518 1.5354, -0.1579 0.9879 1.5354, -0.173 1.0138 1.5354, -0.2384 0.9797 1.5354, -0.2469 0.9874 1.5354, -0.2573 0.993 1.5354, -0.2691 0.9959 1.5354, -0.275 0.9962 1.5354, -0.2867 0.9948 1.5354, -0.2975 0.9907 1.5354, -0.3074 0.9837 1.5354, -0.3155 0.9745 1.5354, -0.3209 0.964 1.5354, -0.3315 0.9706 1.5354, -0.3403 0.9796 1.5354, -0.346 0.9894 1.5354, -0.3496 1.0013 1.5354, -0.3501 1.0089 1.5354, -0.3489 1.0188 1.5354, -0.3487 1.0208 1.5354, -0.3445 1.0316 1.5354, -0.3394 1.0389 1.5354, -0.3377 1.0414 1.5354, -0.3294 1.0488 1.5354, -0.3185 1.0546 1.5354, -0.3065 1.0575 1.5354, -0.3013 1.0577 1.5354, -0.2898 1.0563 1.5354, -0.2789 1.0523 1.5354, -0.2755 1.0504 1.5354, -0.268 1.0659 1.5354, -0.2571 1.0789 1.5354, -0.244 1.0885 1.5354, -0.2281 1.0949 1.5354, -0.2101 1.0973 1.5354, -0.1935 1.0952 1.5354, -0.1782 1.0893 1.5354, -0.1645 1.0798 1.5354, -0.1634 1.0788 1.5354, -0.1523 1.0656 1.5354, -0.1448 1.0499 1.5354, -0.1424 1.0389 1.5354, -0.1418 1.0363 1.5354, -0.1379 1.0363 1.5354, -0.1286 1.0351 1.5354, -0.1201 1.0318 1.5354, -0.1125 1.0265 1.5354, -0.1069 1.0203 1.5354, -0.1061 1.0188 1.5354, -0.1024 1.0119 1.5354, -0.1001 1.0025 1.5354, -0.0998 0.9982 1.5354, -0.101 0.9887 1.5354, -0.1044 0.98 1.5354, -0.1097 0.9724 1.5354, -0.1103 0.9717 1.5354, -0.1175 0.9658 1.5354, -0.1261 0.9618 1.5354, -0.1349 0.9601 1.5354, -0.1569 0.9601 1.5354, -0.1579 0.9603 1.5354, -0.1594 0.9606 1.5354, -0.1598 0.9606 1.5354, -0.1636 0.9601 1.5354, -0.167 0.9588 1.5354, -0.17 0.9567 1.5354, -0.172 0.9545 1.5354, -0.1739 0.9511 1.5354, -0.1748 0.9474 1.5354, -0.175 0.9455 1.5354, -0.1745 0.9419 1.5354, -0.1732 0.9385 1.5354, -0.1711 0.9355 1.5354, -0.1699 0.9343 1.5354, -0.1668 0.9321 1.5354, -0.1636 0.9308 1.5354, -0.1608 0.9304 1.5354, -0.132 0.9304 1.5354, -0.1158 0.9338 1.5354, -0.1009 0.9411 1.5354, -0.0876 0.9523 1.5354, -0.0779 0.9658 1.5354, -0.0718 0.9813 1.5354, -0.2755 0.9655 1.5354, -0.2714 0.9651 1.5354, -0.2669 0.9634 1.5354, -0.263 0.9608 1.5354, -0.2598 0.9573 1.5354, -0.2577 0.9533 1.5354, -0.2566 0.9487 1.5354, -0.2566 0.9443 1.5354, -0.2577 0.9396 1.5354, -0.26 0.9354 1.5354, -0.2627 0.9324 1.5354, -0.2664 0.9298 1.5354, -0.2706 0.9281 1.5354, -0.2755 0.9274 1.5354, -0.2763 0.9275 1.5354, -0.2807 0.9282 1.5354, -0.2851 0.9301 1.5354, -0.2888 0.9329 1.5354, -0.2916 0.9364 1.5354, -0.2936 0.9405 1.5354, -0.2945 0.9451 1.5354, -0.2942 0.9498 1.5354, -0.2928 0.9544 1.5354, -0.2903 0.9585 1.5354, -0.2883 0.9605 1.5354, -0.2845 0.9632 1.5354, -0.2803 0.9649 1.5354
            ]
        }
        coordIndex [
            0,1,2,-1,3,4,5,-1,6,7,8,-1,9,10,2,-1,2,10,11,-1,2,11,0,-1,5,4,12,-1,13,14,15,-1,15,14,16,-1,15,16,17,-1,18,19,15,-1,15,19,20,-1,15,20,13,-1,13,20,21,-1,22,23,24,-1,24,23,25,-1,24,25,26,-1,26,25,27,-1,26,27,28,-1,28,27,29,-1,28,29,30,-1,30,29,2,-1,30,2,31,-1,31,2,32,-1,33,34,22,-1,22,34,35,-1,22,35,23,-1,17,36,15,-1,15,36,37,-1,15,37,38,-1,38,37,39,-1,38,39,40,-1,41,42,43,-1,43,42,44,-1,43,44,45,-1,45,44,46,-1,45,46,47,-1,47,46,48,-1,6,8,49,-1,49,8,50,-1,49,50,51,-1,51,50,52,-1,51,52,53,-1,4,54,12,-1,12,54,55,-1,12,55,56,-1,56,55,57,-1,56,57,6,-1,6,57,58,-1,6,58,7,-1,21,20,22,-1,22,20,59,-1,22,59,33,-1,60,61,62,-1,62,61,63,-1,62,63,64,-1,64,63,65,-1,64,65,66,-1,66,65,67,-1,66,67,68,-1,68,67,69,-1,68,69,70,-1,32,2,71,-1,71,2,1,-1,71,1,72,-1,46,73,48,-1,48,73,74,-1,48,74,75,-1,75,74,76,-1,75,76,77,-1,77,76,78,-1,77,78,79,-1,79,78,80,-1,79,80,81,-1,81,80,82,-1,81,82,83,-1,83,82,84,-1,83,84,60,-1,60,84,85,-1,60,85,61,-1,86,87,88,-1,88,87,89,-1,88,89,43,-1,43,89,90,-1,43,90,41,-1,91,92,93,-1,93,92,94,-1,93,94,95,-1,95,94,96,-1,95,96,97,-1,97,96,98,-1,97,98,99,-1,99,98,100,-1,99,100,9,-1,9,100,101,-1,9,101,10,-1,40,39,102,-1,102,39,103,-1,102,103,104,-1,104,103,105,-1,104,105,106,-1,106,105,107,-1,106,107,108,-1,108,107,109,-1,108,109,110,-1,110,109,111,-1,110,111,112,-1,112,111,113,-1,112,113,114,-1,114,113,115,-1,114,115,116,-1,116,115,117,-1,116,117,118,-1,118,117,119,-1,118,119,1,-1,1,119,120,-1,1,120,72,-1,53,52,121,-1,121,52,122,-1,121,122,123,-1,123,122,124,-1,123,124,125,-1,125,124,126,-1,125,126,127,-1,127,126,128,-1,127,128,86,-1,86,128,129,-1,86,129,87,-1,5,130,3,-1,3,130,131,-1,3,131,132,-1,132,131,133,-1,132,133,134,-1,134,133,135,-1,134,135,91,-1,91,135,136,-1,91,136,92,-1,137,138,139,-1,69,140,70,-1,70,140,137,-1,70,137,141,-1,141,137,139,-1,142,143,137,-1,137,143,144,-1,137,144,138,-1,145,146,147,-1,146,148,147,-1,147,148,149,-1,147,149,150,-1,142,137,147,-1,147,137,151,-1,147,151,145,-1,152,48,153,-1,153,48,75,-1,153,75,154,-1,154,75,77,-1,154,77,155,-1,155,77,79,-1,155,79,156,-1,152,157,48,-1,48,157,158,-1,48,158,47,-1,47,158,159,-1,47,159,45,-1,45,159,160,-1,45,160,43,-1,43,160,161,-1,43,161,88,-1,88,161,162,-1,88,162,86,-1,127,86,163,-1,163,86,162,-1,163,164,127,-1,127,164,165,-1,127,165,125,-1,125,165,166,-1,125,166,123,-1,167,51,168,-1,168,51,53,-1,168,53,169,-1,169,53,121,-1,169,121,170,-1,170,121,123,-1,170,123,166,-1,51,167,171,-1,51,171,49,-1,49,171,172,-1,49,172,6,-1,6,172,173,-1,6,173,56,-1,56,173,174,-1,56,174,12,-1,12,174,175,-1,12,175,5,-1,5,175,176,-1,5,176,130,-1,130,176,177,-1,130,177,131,-1,131,177,178,-1,131,178,133,-1,136,135,179,-1,179,135,133,-1,179,133,178,-1,179,180,136,-1,136,180,181,-1,136,181,92,-1,92,181,182,-1,182,183,92,-1,92,183,184,-1,92,184,94,-1,94,184,185,-1,94,185,96,-1,96,185,186,-1,96,186,98,-1,98,186,187,-1,98,187,100,-1,100,187,188,-1,100,188,101,-1,101,188,189,-1,101,189,10,-1,10,189,190,-1,10,190,11,-1,11,190,191,-1,11,191,0,-1,191,192,0,-1,0,192,193,-1,0,193,1,-1,1,193,194,-1,1,194,118,-1,118,194,195,-1,118,195,116,-1,195,196,116,-1,116,196,197,-1,116,197,114,-1,114,197,198,-1,114,198,112,-1,199,38,40,-1,112,198,200,-1,201,108,200,-1,200,108,110,-1,200,110,112,-1,201,202,108,-1,108,202,203,-1,108,203,106,-1,106,203,204,-1,106,204,104,-1,104,204,205,-1,104,205,102,-1,102,205,206,-1,102,206,40,-1,40,206,207,-1,40,207,199,-1,15,38,208,-1,208,38,199,-1,18,15,209,-1,209,15,208,-1,19,18,210,-1,210,18,209,-1,20,19,211,-1,211,19,210,-1,20,211,212,-1,20,212,59,-1,59,212,213,-1,59,213,33,-1,33,213,214,-1,33,214,34,-1,34,214,215,-1,34,215,35,-1,35,215,216,-1,35,216,23,-1,23,216,217,-1,23,217,25,-1,25,217,218,-1,25,218,27,-1,27,218,219,-1,27,219,29,-1,29,219,220,-1,29,220,2,-1,2,220,221,-1,2,221,9,-1,9,221,222,-1,9,222,99,-1,99,222,223,-1,99,223,97,-1,97,223,224,-1,97,224,95,-1,95,224,225,-1,95,225,93,-1,93,225,226,-1,93,226,91,-1,91,226,227,-1,91,227,228,-1,229,132,228,-1,228,132,134,-1,228,134,91,-1,229,230,132,-1,132,230,231,-1,132,231,3,-1,3,231,232,-1,3,232,4,-1,4,232,233,-1,4,233,54,-1,54,233,234,-1,54,234,55,-1,55,234,235,-1,55,235,57,-1,57,235,236,-1,57,236,58,-1,58,236,237,-1,58,237,7,-1,7,237,238,-1,7,238,8,-1,8,238,239,-1,8,239,50,-1,50,239,240,-1,50,240,52,-1,52,240,241,-1,52,241,122,-1,122,241,242,-1,122,242,124,-1,124,242,243,-1,124,243,126,-1,126,243,244,-1,126,244,128,-1,128,244,245,-1,128,245,129,-1,129,245,246,-1,129,246,87,-1,87,246,247,-1,87,247,89,-1,89,247,248,-1,89,248,90,-1,90,248,41,-1,41,248,249,-1,41,249,250,-1,42,41,251,-1,251,41,250,-1,42,251,252,-1,42,252,44,-1,44,252,253,-1,44,253,46,-1,46,253,254,-1,46,254,73,-1,73,254,255,-1,73,255,74,-1,74,255,256,-1,74,256,76,-1,256,257,76,-1,76,257,258,-1,76,258,78,-1,78,258,259,-1,78,259,80,-1,80,259,260,-1,80,260,82,-1,82,260,261,-1,82,261,84,-1,84,261,262,-1,84,262,85,-1,85,262,263,-1,85,263,61,-1,61,263,264,-1,61,264,63,-1,63,264,265,-1,63,265,65,-1,65,265,266,-1,65,266,67,-1,69,67,267,-1,267,67,266,-1,69,267,268,-1,69,268,140,-1,140,268,269,-1,140,269,137,-1,137,269,270,-1,137,270,151,-1,151,270,271,-1,151,271,145,-1,145,271,272,-1,145,272,146,-1,146,272,273,-1,146,273,148,-1,148,273,274,-1,148,274,149,-1,149,274,275,-1,149,275,150,-1,150,275,276,-1,150,276,147,-1,147,276,277,-1,147,277,142,-1,142,277,278,-1,142,278,143,-1,143,278,279,-1,143,279,144,-1,144,279,280,-1,144,280,138,-1,138,280,281,-1,138,281,139,-1,139,281,282,-1,139,282,141,-1,141,282,283,-1,141,283,70,-1,70,283,284,-1,70,284,68,-1,66,68,285,-1,285,68,284,-1,66,285,286,-1,66,286,64,-1,64,286,287,-1,64,287,62,-1,62,287,288,-1,62,288,60,-1,60,288,289,-1,60,289,83,-1,83,289,290,-1,83,290,81,-1,81,290,156,-1,81,156,79,-1,21,291,292,-1,21,292,13,-1,13,292,293,-1,13,293,14,-1,14,293,294,-1,14,294,16,-1,16,294,295,-1,16,295,17,-1,17,295,296,-1,17,296,36,-1,36,296,297,-1,36,297,37,-1,37,297,298,-1,37,298,39,-1,39,298,299,-1,39,299,103,-1,103,299,300,-1,103,300,105,-1,105,300,301,-1,105,301,107,-1,107,301,302,-1,107,302,109,-1,109,302,303,-1,109,303,111,-1,111,303,304,-1,111,304,113,-1,113,304,305,-1,113,305,115,-1,115,305,306,-1,115,306,117,-1,117,306,307,-1,117,307,119,-1,119,307,308,-1,119,308,120,-1,120,308,309,-1,120,309,72,-1,72,309,310,-1,72,310,71,-1,71,310,311,-1,71,311,32,-1,32,311,312,-1,32,312,31,-1,31,312,313,-1,31,313,30,-1,30,313,314,-1,30,314,28,-1,28,314,315,-1,28,315,26,-1,26,315,316,-1,26,316,24,-1,24,316,317,-1,24,317,22,-1,22,317,291,-1,22,291,21,-1,
        ]
    }
}
Shape{
    appearance Appearance {
        material  Material 	{
            diffuseColor 0.6666666666666666 0.6666666666666666 0.6666666666666666
            specularColor 0.4666666666666667 0.4666666666666667 0.4666666666666667
            ambientIntensity 0.6667
            transparency 0.0
            shininess 0.5
        }
    }
    geometry IndexedFaceSet {
        ccw TRUE
        solid FALSE
        coord DEF co Coordinate {
            point [
                -0.2763 0.9275 1.5354, -0.2883 0.9605 1.5354, -0.2903 0.9585 1.5354, -0.2706 0.9281 1.5354, -0.2664 0.9298 1.5354, -0.2714 0.9651 1.5354, -0.2755 0.9655 1.5354, -0.2803 0.9649 1.5354, -0.2845 0.9632 1.5354, -0.2936 0.9405 1.5354, -0.2916 0.9364 1.5354, -0.2888 0.9329 1.5354, -0.2755 0.9274 1.5354, -0.2928 0.9544 1.5354, -0.2942 0.9498 1.5354, -0.2945 0.9451 1.5354, -0.2851 0.9301 1.5354, -0.2807 0.9282 1.5354, -0.2627 0.9324 1.5354, -0.26 0.9354 1.5354, -0.2577 0.9396 1.5354, -0.2566 0.9443 1.5354, -0.2566 0.9487 1.5354, -0.2577 0.9533 1.5354, -0.2598 0.9573 1.5354, -0.263 0.9608 1.5354, -0.2669 0.9634 1.5354
            ]
        }
        coordIndex [
            0,1,2,-1,3,4,5,-1,6,7,0,-1,0,7,8,-1,0,8,1,-1,9,10,2,-1,2,10,11,-1,6,0,5,-1,5,0,12,-1,5,12,3,-1,13,14,2,-1,2,14,15,-1,2,15,9,-1,11,16,2,-1,2,16,17,-1,2,17,0,-1,4,18,5,-1,5,18,19,-1,5,19,20,-1,20,21,5,-1,5,21,22,-1,5,22,23,-1,23,24,5,-1,5,24,25,-1,5,25,26,-1,
        ]
    }
}
Shape{
    appearance Appearance {
        material  Material 	{
            diffuseColor 0.0 0.0 0.0
            specularColor 0.0 0.0 0.0
            ambientIntensity 0.0
            transparency 0.0
            shininess 0.5
        }
    }
    geometry IndexedFaceSet {
        ccw TRUE
        solid FALSE
        coord DEF co Coordinate {
            point [
                0.1686 1.0993 1.5394, 0.1616 1.1081 1.5394, 0.1599 1.1002 1.5394, 0.1602 1.1081 1.5394, 0.1495 1.1002 1.5394, 0.1407 1.1081 1.5394, 0.1495 1.0473 1.5394, 0.1407 1.0395 1.5394, 0.1595 1.0473 1.5394, 0.1595 1.0395 1.5394, 0.1676 1.0481 1.5394, 0.1711 1.0409 1.5394, 0.1736 1.0501 1.5394, 0.1789 1.0439 1.5394, 0.1783 1.053 1.5394, 0.1862 1.0491 1.5394, 0.1799 1.0545 1.5394, 0.1835 1.059 1.5394, 0.1909 1.0546 1.5394, 0.1858 1.0641 1.5394, 0.1944 1.0616 1.5394, 0.187 1.0705 1.5394, 0.1962 1.0695 1.5394, 0.1872 1.0744 1.5394, 0.1965 1.0747 1.5394, 0.1864 1.0821 1.5394, 0.1957 1.0827 1.5394, 0.1846 1.0874 1.5394, 0.1935 1.0895 1.5394, 0.1821 1.0914 1.5394, 0.1894 1.0958 1.5394, 0.1797 1.0938 1.5394, 0.1862 1.099 1.5394, 0.1746 1.0972 1.5394, 0.1801 1.1034 1.5394, 0.1719 1.1067 1.5394, 0.1862 1.0491 1.5354, 0.1909 1.0546 1.5354, 0.1944 1.0616 1.5354, 0.1962 1.0695 1.5354, 0.1965 1.0747 1.5354, 0.1957 1.0827 1.5354, 0.1935 1.0895 1.5354, 0.1894 1.0958 1.5354, 0.1862 1.099 1.5354, 0.1801 1.1034 1.5354, 0.1721 1.1066 1.5354, 0.1719 1.1067 1.5354, 0.1616 1.1081 1.5354, 0.1602 1.1081 1.5354, 0.1407 1.1081 1.5354, 0.1407 1.0395 1.5354, 0.1595 1.0395 1.5354, 0.1711 1.0409 1.5354, 0.1721 1.0413 1.5354, 0.1789 1.0439 1.5354, 0.1797 1.0938 1.5354, 0.1821 1.0914 1.5354, 0.1846 1.0874 1.5354, 0.1864 1.0821 1.5354, 0.1872 1.0744 1.5354, 0.1599 1.1002 1.5354, 0.1686 1.0993 1.5354, 0.1746 1.0972 1.5354, 0.1495 1.1002 1.5354, 0.1495 1.0473 1.5354, 0.1595 1.0473 1.5354, 0.1799 1.0545 1.5354, 0.1783 1.053 1.5354, 0.1736 1.0501 1.5354, 0.1676 1.0481 1.5354, 0.187 1.0705 1.5354, 0.1858 1.0641 1.5354, 0.1835 1.059 1.5354
            ]
        }
        coordIndex [
            0,1,2,-1,2,1,3,-1,2,3,4,-1,4,3,5,-1,4,5,6,-1,6,5,7,-1,6,7,8,-1,8,7,9,-1,8,9,10,-1,10,9,11,-1,10,11,12,-1,12,11,13,-1,12,13,14,-1,14,13,15,-1,14,15,16,-1,16,15,17,-1,17,15,18,-1,17,18,19,-1,19,18,20,-1,19,20,21,-1,21,20,22,-1,21,22,23,-1,23,22,24,-1,23,24,25,-1,25,24,26,-1,25,26,27,-1,27,26,28,-1,27,28,29,-1,29,28,30,-1,29,30,31,-1,31,30,32,-1,31,32,33,-1,33,32,34,-1,33,34,0,-1,0,34,35,-1,0,35,1,-1,15,36,37,-1,15,37,18,-1,18,37,38,-1,18,38,20,-1,20,38,39,-1,20,39,22,-1,22,39,40,-1,22,40,24,-1,24,40,41,-1,24,41,26,-1,26,41,42,-1,26,42,28,-1,28,42,43,-1,28,43,30,-1,30,43,44,-1,30,44,32,-1,32,44,45,-1,46,35,45,-1,45,35,34,-1,45,34,32,-1,46,47,35,-1,35,47,48,-1,35,48,1,-1,1,48,49,-1,1,49,3,-1,5,3,50,-1,50,3,49,-1,7,5,51,-1,51,5,50,-1,9,7,52,-1,52,7,51,-1,36,15,13,-1,9,52,53,-1,9,53,11,-1,11,53,54,-1,11,54,13,-1,13,54,55,-1,13,55,36,-1,31,56,57,-1,31,57,29,-1,29,57,58,-1,29,58,27,-1,27,58,59,-1,27,59,25,-1,25,59,60,-1,25,60,23,-1,2,61,62,-1,2,62,0,-1,0,62,63,-1,0,63,33,-1,33,63,56,-1,33,56,31,-1,2,4,61,-1,61,4,64,-1,4,6,64,-1,64,6,65,-1,6,8,65,-1,65,8,66,-1,16,67,68,-1,16,68,14,-1,14,68,69,-1,14,69,12,-1,12,69,70,-1,12,70,10,-1,10,70,66,-1,10,66,8,-1,23,60,71,-1,23,71,21,-1,21,71,72,-1,21,72,19,-1,19,72,73,-1,19,73,17,-1,17,73,67,-1,17,67,16,-1,
        ]
    }
}
Shape{
    appearance Appearance {
        material  Material 	{
            diffuseColor 0.6666666666666666 0.6666666666666666 0.6666666666666666
            specularColor 0.4666666666666667 0.4666666666666667 0.4666666666666667
            ambientIntensity 0.6667
            transparency 0.0
            shininess 0.5
        }
    }
    geometry IndexedFaceSet {
        ccw TRUE
        solid FALSE
        coord DEF co Coordinate {
            point [
                0.1495 1.1002 1.5354, 0.1495 1.0473 1.5354, 0.1599 1.1002 1.5354, 0.1595 1.0473 1.5354, 0.1676 1.0481 1.5354, 0.1736 1.0501 1.5354, 0.1783 1.053 1.5354, 0.1799 1.0545 1.5354, 0.1835 1.059 1.5354, 0.1858 1.0641 1.5354, 0.187 1.0705 1.5354, 0.1872 1.0744 1.5354, 0.1864 1.0821 1.5354, 0.1846 1.0874 1.5354, 0.1821 1.0914 1.5354, 0.1797 1.0938 1.5354, 0.1686 1.0993 1.5354, 0.1746 1.0972 1.5354
            ]
        }
        coordIndex [
            0,1,2,-1,2,1,3,-1,2,3,4,-1,4,5,2,-1,2,5,6,-1,2,6,7,-1,7,8,2,-1,2,8,9,-1,2,9,10,-1,10,11,2,-1,2,11,12,-1,2,12,13,-1,13,14,2,-1,2,14,15,-1,2,15,16,-1,16,15,17,-1,
        ]
    }
}
Shape{
    appearance Appearance {
        material  Material 	{
            diffuseColor 0.0 0.0 0.0
            specularColor 0.0 0.0 0.0
            ambientIntensity 0.0
            transparency 0.0
            shininess 0.5
        }
    }
    geometry IndexedFaceSet {
        ccw TRUE
        solid FALSE
        coord DEF co Coordinate {
            point [
                0.0593 1.0462 1.5394, 0.0593 1.0462 1.5354, 0.0526 1.047 1.5354, 0.0526 1.047 1.5394, 0.0477 1.0489 1.5354, 0.0477 1.0489 1.5394, 0.0432 1.052 1.5354, 0.0432 1.052 1.5394, 0.0417 1.0535 1.5354, 0.0417 1.0535 1.5394, 0.0382 1.0583 1.5354, 0.0382 1.0583 1.5394, 0.0361 1.0639 1.5354, 0.0361 1.0639 1.5394, 0.035 1.0723 1.5354, 0.035 1.0723 1.5394, 0.035 1.073 1.5354, 0.035 1.073 1.5394, 0.0358 1.0811 1.5354, 0.0358 1.0811 1.5394, 0.0379 1.0873 1.5354, 0.0379 1.0873 1.5394, 0.041 1.0923 1.5354, 0.041 1.0923 1.5394, 0.0422 1.0937 1.5354, 0.0422 1.0937 1.5394, 0.047 1.0976 1.5354, 0.047 1.0976 1.5394, 0.0524 1.1001 1.5354, 0.0524 1.1001 1.5394, 0.0584 1.1012 1.5354, 0.0584 1.1012 1.5394, 0.0609 1.1013 1.5354, 0.0609 1.1013 1.5394, 0.0685 1.1005 1.5354, 0.0685 1.1005 1.5394, 0.0755 1.098 1.5354, 0.0755 1.098 1.5394, 0.077 1.0972 1.5354, 0.077 1.0972 1.5394, 0.077 1.1065 1.5394, 0.077 1.1065 1.5354, 0.0608 1.1093 1.5354, 0.0608 1.1093 1.5394, 0.0618 1.1093 1.5394, 0.0706 1.1084 1.5354, 0.0706 1.1084 1.5394, 0.0677 1.1087 1.5354, 0.0618 1.1093 1.5354, 0.056 1.1087 1.5354, 0.0509 1.1081 1.5394, 0.0509 1.1081 1.5354, 0.0438 1.1053 1.5354, 0.0438 1.1053 1.5394, 0.0371 1.1007 1.5354, 0.0371 1.1007 1.5394, 0.0356 1.0992 1.5354, 0.0356 1.0992 1.5394, 0.0311 1.0934 1.5354, 0.0287 1.0884 1.5354, 0.0276 1.086 1.5394, 0.0311 1.0934 1.5394, 0.0276 1.086 1.5354, 0.0259 1.0772 1.5354, 0.0259 1.0772 1.5394, 0.0257 1.0725 1.5354, 0.0257 1.0725 1.5394, 0.027 1.0615 1.5354, 0.0287 1.0569 1.5354, 0.0298 1.0543 1.5394, 0.027 1.0615 1.5394, 0.0298 1.0543 1.5354, 0.0338 1.0484 1.5354, 0.0338 1.0484 1.5394, 0.0345 1.0477 1.5354, 0.0345 1.0477 1.5394, 0.058 1.0383 1.5354, 0.058 1.0383 1.5394, 0.0535 1.0386 1.5394, 0.0397 1.0433 1.5354, 0.0397 1.0433 1.5394, 0.0461 1.0402 1.5354, 0.0461 1.0402 1.5394, 0.0519 1.0389 1.5354, 0.0535 1.0386 1.5354, 0.0685 1.0393 1.5394, 0.0641 1.0389 1.5354, 0.0685 1.0393 1.5354, 0.0759 1.0417 1.5354, 0.0759 1.0417 1.5394, 0.077 1.0423 1.5354, 0.077 1.0423 1.5394, 0.077 1.0508 1.5394, 0.077 1.0508 1.5354, 0.0708 1.048 1.5354, 0.0708 1.048 1.5394, 0.0632 1.0464 1.5354, 0.0632 1.0464 1.5394, 0.3055 0.9571 1.5394, 0.3027 0.9494 1.5394, 0.3285 0.9571 1.5394, 0.3313 0.9494 1.5394, 0.3158 0.9857 1.5394, 0.3124 0.9992 1.5394, 0.2863 0.9306 1.5394, 0.2961 0.9306 1.5394, 0.3164 0.9877 1.5394, 0.3169 0.9905 1.5394, 0.3219 0.9992 1.5394, 0.3171 0.9905 1.5394, 0.3177 0.9876 1.5394, 0.3182 0.9857 1.5394, 0.3481 0.9306 1.5394, 0.3383 0.9306 1.5394, 0.3124 0.9992 1.5354, 0.3219 0.9992 1.5354, 0.2863 0.9306 1.5354, 0.2961 0.9306 1.5354, 0.3027 0.9494 1.5354, 0.3313 0.9494 1.5354, 0.3383 0.9306 1.5354, 0.3481 0.9306 1.5354, 0.3158 0.9857 1.5354, 0.3164 0.9877 1.5354, 0.3169 0.9905 1.5354, 0.3055 0.9571 1.5354, 0.3285 0.9571 1.5354, 0.3182 0.9857 1.5354, 0.3171 0.9905 1.5354, 0.3177 0.9876 1.5354
            ]
        }
        coordIndex [
            0,1,2,-1,0,2,3,-1,3,2,4,-1,3,4,5,-1,5,4,6,-1,5,6,7,-1,7,6,8,-1,7,8,9,-1,9,8,10,-1,9,10,11,-1,11,10,12,-1,11,12,13,-1,13,12,14,-1,13,14,15,-1,15,14,16,-1,15,16,17,-1,17,16,18,-1,17,18,19,-1,19,18,20,-1,19,20,21,-1,21,20,22,-1,21,22,23,-1,23,22,24,-1,23,24,25,-1,25,24,26,-1,25,26,27,-1,27,26,28,-1,27,28,29,-1,29,28,30,-1,29,30,31,-1,31,30,32,-1,31,32,33,-1,33,32,34,-1,33,34,35,-1,35,34,36,-1,35,36,37,-1,37,36,38,-1,37,38,39,-1,40,39,41,-1,41,39,38,-1,42,43,44,-1,40,41,45,-1,40,45,46,-1,46,45,47,-1,46,47,44,-1,44,47,48,-1,44,48,42,-1,43,42,49,-1,43,49,50,-1,49,51,50,-1,50,51,52,-1,50,52,53,-1,53,52,54,-1,53,54,55,-1,55,54,56,-1,55,56,57,-1,57,56,58,-1,59,60,58,-1,58,60,61,-1,58,61,57,-1,59,62,60,-1,60,62,63,-1,60,63,64,-1,64,63,65,-1,64,65,66,-1,66,65,67,-1,68,69,67,-1,67,69,70,-1,67,70,66,-1,68,71,69,-1,69,71,72,-1,69,72,73,-1,73,72,74,-1,73,74,75,-1,76,77,78,-1,75,74,79,-1,75,79,80,-1,80,79,81,-1,80,81,82,-1,82,81,83,-1,82,83,78,-1,78,83,84,-1,78,84,76,-1,77,76,85,-1,85,76,86,-1,86,87,85,-1,85,87,88,-1,85,88,89,-1,89,88,90,-1,89,90,91,-1,92,91,93,-1,93,91,90,-1,92,93,94,-1,92,94,95,-1,95,94,96,-1,95,96,97,-1,97,96,1,-1,97,1,0,-1,37,39,40,-1,27,29,50,-1,11,13,70,-1,19,21,61,-1,50,29,43,-1,37,40,35,-1,70,13,66,-1,61,21,57,-1,29,31,43,-1,43,31,33,-1,43,33,44,-1,44,33,35,-1,44,35,46,-1,46,35,40,-1,50,53,27,-1,27,53,55,-1,27,55,25,-1,25,55,57,-1,25,57,23,-1,23,57,21,-1,70,69,11,-1,11,69,73,-1,11,73,9,-1,9,73,75,-1,9,75,7,-1,7,75,80,-1,7,80,5,-1,5,80,82,-1,5,82,3,-1,3,82,78,-1,3,78,0,-1,0,78,77,-1,0,77,97,-1,97,77,85,-1,97,85,95,-1,95,85,89,-1,95,89,92,-1,92,89,91,-1,13,15,66,-1,66,15,17,-1,66,17,64,-1,64,17,19,-1,64,19,60,-1,60,19,61,-1,98,99,100,-1,100,99,101,-1,102,103,98,-1,98,103,104,-1,98,104,99,-1,99,104,105,-1,102,106,103,-1,103,106,107,-1,103,107,108,-1,108,107,109,-1,108,109,110,-1,110,111,108,-1,108,111,100,-1,108,100,112,-1,112,100,101,-1,112,101,113,-1,103,108,114,-1,114,108,115,-1,104,103,116,-1,116,103,114,-1,105,104,117,-1,117,104,116,-1,99,105,118,-1,118,105,117,-1,101,99,119,-1,119,99,118,-1,113,101,120,-1,120,101,119,-1,112,113,121,-1,121,113,120,-1,108,112,115,-1,115,112,121,-1,102,122,123,-1,102,123,106,-1,106,123,124,-1,106,124,107,-1,102,98,122,-1,122,98,125,-1,98,100,125,-1,125,100,126,-1,100,111,126,-1,126,111,127,-1,109,128,129,-1,109,129,110,-1,110,129,127,-1,110,127,111,-1,109,107,128,-1,128,107,124,-1,
        ]
    }
}
Shape{
    appearance Appearance {
        material  Material 	{
            diffuseColor 0.6666666666666666 0.6666666666666666 0.6666666666666666
            specularColor 0.4666666666666667 0.4666666666666667 0.4666666666666667
            ambientIntensity 0.6667
            transparency 0.0
            shininess 0.5
        }
    }
    geometry IndexedFaceSet {
        ccw TRUE
        solid FALSE
        coord DEF co Coordinate {
            point [
                0.3171 0.9905 1.5354, 0.3169 0.9905 1.5354, 0.3177 0.9876 1.5354, 0.3164 0.9877 1.5354, 0.3182 0.9857 1.5354, 0.3158 0.9857 1.5354, 0.3285 0.9571 1.5354, 0.3055 0.9571 1.5354
            ]
        }
        coordIndex [
            0,1,2,-1,2,1,3,-1,2,3,4,-1,4,3,5,-1,4,5,6,-1,6,5,7,-1,
        ]
    }
}
Shape{
    appearance Appearance {
        material  Material 	{
            diffuseColor 0.0 0.0 0.0
            specularColor 0.0 0.0 0.0
            ambientIntensity 0.0
            transparency 0.0
            shininess 0.5
        }
    }
    geometry IndexedFaceSet {
        ccw TRUE
        solid FALSE
        coord DEF co Coordinate {
            point [
                0.1856 0.9384 1.5354, 0.1856 0.9384 1.5394, 0.1984 0.9384 1.5354, 0.2137 0.9384 1.5394, 0.2137 0.9384 1.5354, 0.1856 0.9615 1.5394, 0.1856 0.9615 1.5354, 0.2101 0.9615 1.5394, 0.1984 0.9615 1.5354, 0.2101 0.9615 1.5354, 0.2101 0.9694 1.5394, 0.2101 0.9694 1.5354, 0.1856 0.9694 1.5354, 0.1856 0.9694 1.5394, 0.1984 0.9694 1.5354, 0.1856 0.9913 1.5394, 0.1856 0.9913 1.5354, 0.2121 0.9913 1.5354, 0.2121 0.9913 1.5394, 0.1984 0.9913 1.5354, 0.2121 0.9992 1.5394, 0.2121 0.9992 1.5354, 0.1767 0.9992 1.5354, 0.1767 0.9992 1.5394, 0.1984 0.9992 1.5354, 0.1767 0.9306 1.5394, 0.1767 0.9306 1.5354, 0.2137 0.9306 1.5354, 0.2137 0.9306 1.5394, 0.1984 0.9306 1.5354, -0.0045 0.9384 1.5394, 0.0236 0.9384 1.5394, -0.0045 0.9384 1.5354, 0.0236 0.9384 1.5354, -0.0045 0.9615 1.5394, -0.0045 0.9615 1.5354, 0.0201 0.9615 1.5394, 0.0201 0.9615 1.5354, 0.0201 0.9694 1.5394, 0.0201 0.9694 1.5354, -0.0045 0.9694 1.5394, -0.0045 0.9694 1.5354, -0.0045 0.9913 1.5394, -0.0045 0.9913 1.5354, 0.022 0.9913 1.5394, 0.022 0.9913 1.5354, 0.022 0.9992 1.5394, 0.022 0.9992 1.5354, -0.0133 0.9992 1.5394, -0.0133 0.9992 1.5354, -0.0133 0.9306 1.5394, -0.0133 0.9306 1.5354, 0.0236 0.9306 1.5394, 0.0236 0.9306 1.5354, 0.2195 1.066 1.5394, 0.2167 1.0583 1.5394, 0.2426 1.066 1.5394, 0.2453 1.0583 1.5394, 0.2298 1.0945 1.5394, 0.2265 1.1081 1.5394, 0.2004 1.0395 1.5394, 0.2101 1.0395 1.5394, 0.2304 1.0966 1.5394, 0.2309 1.0993 1.5394, 0.236 1.1081 1.5394, 0.2311 1.0993 1.5394, 0.2317 1.0964 1.5394, 0.2322 1.0945 1.5394, 0.2621 1.0395 1.5394, 0.2523 1.0395 1.5394, 0.2265 1.1081 1.5354, 0.236 1.1081 1.5354, 0.2004 1.0395 1.5354, 0.2201 1.0914 1.5354, 0.2101 1.0395 1.5354, 0.2167 1.0583 1.5354, 0.2453 1.0583 1.5354, 0.2201 1.0583 1.5354, 0.2523 1.0395 1.5354, 0.2621 1.0395 1.5354, 0.2298 1.0945 1.5354, 0.2304 1.0966 1.5354, 0.2309 1.0993 1.5354, 0.2195 1.066 1.5354, 0.2426 1.066 1.5354, 0.2322 1.0945 1.5354, 0.2311 1.0993 1.5354, 0.2317 1.0964 1.5354
            ]
        }
        coordIndex [
            0,1,2,-1,2,1,3,-1,2,3,4,-1,5,1,6,-1,6,1,0,-1,5,6,7,-1,7,6,8,-1,7,8,9,-1,10,7,11,-1,11,7,9,-1,12,13,14,-1,14,13,10,-1,14,10,11,-1,15,13,16,-1,16,13,12,-1,17,18,19,-1,19,18,15,-1,19,15,16,-1,20,18,21,-1,21,18,17,-1,22,23,24,-1,24,23,20,-1,24,20,21,-1,25,23,26,-1,26,23,22,-1,27,28,29,-1,29,28,25,-1,29,25,26,-1,3,28,4,-1,4,28,27,-1,25,28,3,-1,3,1,25,-1,25,1,5,-1,25,5,23,-1,18,20,15,-1,15,20,23,-1,15,23,13,-1,13,23,5,-1,13,5,10,-1,10,5,7,-1,30,31,32,-1,32,31,33,-1,34,30,35,-1,35,30,32,-1,36,34,37,-1,37,34,35,-1,38,36,39,-1,39,36,37,-1,40,38,41,-1,41,38,39,-1,42,40,43,-1,43,40,41,-1,44,42,45,-1,45,42,43,-1,46,44,47,-1,47,44,45,-1,48,46,49,-1,49,46,47,-1,50,48,51,-1,51,48,49,-1,52,50,53,-1,53,50,51,-1,31,52,33,-1,33,52,53,-1,50,52,31,-1,31,30,50,-1,50,30,34,-1,50,34,48,-1,44,46,42,-1,42,46,48,-1,42,48,40,-1,40,48,34,-1,40,34,38,-1,38,34,36,-1,54,55,56,-1,56,55,57,-1,58,59,54,-1,54,59,60,-1,54,60,55,-1,55,60,61,-1,58,62,59,-1,59,62,63,-1,59,63,64,-1,64,63,65,-1,64,65,66,-1,66,67,64,-1,64,67,56,-1,64,56,68,-1,68,56,57,-1,68,57,69,-1,59,64,70,-1,70,64,71,-1,72,60,73,-1,73,60,59,-1,73,59,70,-1,61,60,74,-1,74,60,72,-1,55,61,75,-1,75,61,74,-1,76,57,77,-1,77,57,55,-1,77,55,75,-1,69,57,78,-1,78,57,76,-1,68,69,79,-1,79,69,78,-1,64,68,71,-1,71,68,79,-1,58,80,81,-1,58,81,62,-1,62,81,82,-1,62,82,63,-1,58,54,80,-1,80,54,83,-1,54,56,83,-1,83,56,84,-1,56,67,84,-1,84,67,85,-1,65,86,87,-1,65,87,66,-1,66,87,85,-1,66,85,67,-1,65,63,86,-1,86,63,82,-1,
        ]
    }
}
Shape{
    appearance Appearance {
        material  Material 	{
            diffuseColor 0.6666666666666666 0.6666666666666666 0.6666666666666666
            specularColor 0.4666666666666667 0.4666666666666667 0.4666666666666667
            ambientIntensity 0.6667
            transparency 0.0
            shininess 0.5
        }
    }
    geometry IndexedFaceSet {
        ccw TRUE
        solid FALSE
        coord DEF co Coordinate {
            point [
                0.2311 1.0993 1.5354, 0.2309 1.0993 1.5354, 0.2317 1.0964 1.5354, 0.2304 1.0966 1.5354, 0.2322 1.0945 1.5354, 0.2298 1.0945 1.5354, 0.2426 1.066 1.5354, 0.2195 1.066 1.5354
            ]
        }
        coordIndex [
            0,1,2,-1,2,1,3,-1,2,3,4,-1,4,3,5,-1,4,5,6,-1,6,5,7,-1,
        ]
    }
}
Shape{
    appearance Appearance {
        material  Material 	{
            diffuseColor 0.0 0.0 0.0
            specularColor 0.0 0.0 0.0
            ambientIntensity 0.0
            transparency 0.0
            shininess 0.5
        }
    }
    geometry IndexedFaceSet {
        ccw TRUE
        solid FALSE
        coord DEF co Coordinate {
            point [
                0.0996 1.0473 1.5354, 0.0996 1.0473 1.5394, 0.1182 1.0473 1.5354, 0.1277 1.0473 1.5394, 0.1277 1.0473 1.5354, 0.0996 1.0704 1.5394, 0.0996 1.0704 1.5354, 0.1242 1.0704 1.5394, 0.1182 1.0704 1.5354, 0.1242 1.0704 1.5354, 0.1242 1.0783 1.5394, 0.1242 1.0783 1.5354, 0.0996 1.0783 1.5354, 0.0996 1.0783 1.5394, 0.1182 1.0783 1.5354, 0.0996 1.1002 1.5394, 0.0996 1.1002 1.5354, 0.1261 1.1002 1.5394, 0.1182 1.1002 1.5354, 0.1261 1.1002 1.5354, 0.1261 1.1081 1.5394, 0.1261 1.1081 1.5354, 0.0908 1.1081 1.5354, 0.0908 1.1081 1.5394, 0.1182 1.1081 1.5354, 0.0908 1.0395 1.5394, 0.0908 1.0395 1.5354, 0.1277 1.0395 1.5394, 0.1182 1.0395 1.5354, 0.1277 1.0395 1.5354, -0.0045 1.0473 1.5394, 0.0229 1.0473 1.5394, -0.0045 1.0473 1.5354, 0.0229 1.0473 1.5354, -0.0045 1.1081 1.5394, -0.0045 1.1081 1.5354, -0.0133 1.1081 1.5394, -0.0133 1.1081 1.5354, -0.0133 1.0395 1.5394, -0.0133 1.0395 1.5354, 0.0229 1.0395 1.5394, 0.0229 1.0395 1.5354
            ]
        }
        coordIndex [
            0,1,2,-1,2,1,3,-1,2,3,4,-1,5,1,6,-1,6,1,0,-1,5,6,7,-1,7,6,8,-1,7,8,9,-1,10,7,11,-1,11,7,9,-1,12,13,14,-1,14,13,10,-1,14,10,11,-1,15,13,16,-1,16,13,12,-1,15,16,17,-1,17,16,18,-1,17,18,19,-1,20,17,21,-1,21,17,19,-1,22,23,24,-1,24,23,20,-1,24,20,21,-1,25,23,26,-1,26,23,22,-1,25,26,27,-1,27,26,28,-1,27,28,29,-1,3,27,4,-1,4,27,29,-1,25,27,3,-1,3,1,25,-1,25,1,5,-1,25,5,23,-1,17,20,15,-1,15,20,23,-1,15,23,13,-1,13,23,5,-1,13,5,10,-1,10,5,7,-1,30,31,32,-1,32,31,33,-1,34,30,35,-1,35,30,32,-1,36,34,37,-1,37,34,35,-1,38,36,39,-1,39,36,37,-1,40,38,41,-1,41,38,39,-1,31,40,33,-1,33,40,41,-1,34,36,30,-1,30,36,38,-1,30,38,31,-1,31,38,40,-1,
        ]
    }
}