#VRML V2.0 utf8
# 3D model generated by easyeda2kicad.py (https://github.com/uPesy/easyeda2kicad.py)

Shape{
    appearance Appearance {
        material  Material 	{
            diffuseColor 0.3176470588235294 0.3176470588235294 0.3176470588235294
            specularColor 0.7529411764705882 0.7529411764705882 0.7529411764705882
            ambientIntensity 1.0
            transparency 1.0
            shininess 0.5
        }
    }
    geometry IndexedFaceSet {
        ccw TRUE
        solid FALSE
        coord DEF co Coordinate {
            point [
                1.03 -0.7755 1.3583, 1.03 -0.7755 1.437, 1.04 -0.8105 1.437, 1.0433 -0.8467 1.437, 1.0433 -0.8467 1.3583, 1.04 -0.8105 1.3583, 0.9919 -0.714 1.437, 0.9651 -0.6896 1.3583, 0.9651 -0.6896 1.437, 0.9919 -0.714 1.3583, 1.0138 -0.743 1.437, 1.0138 -0.743 1.3583, 0.8646 -0.6506 1.3583, 0.8646 -0.6506 1.437, 0.9003 -0.6573 1.437, 0.9003 -0.6573 1.3583, 0.9342 -0.6704 1.437, 0.9342 -0.6704 1.3583, 0.7587 -0.6704 1.437, 0.7926 -0.6573 1.437, 0.7587 -0.6704 1.3583, 0.8283 -0.6506 1.437, 0.8283 -0.6506 1.3583, 0.7926 -0.6573 1.3583, 0.701 -0.714 1.437, 0.701 -0.714 1.3583, 0.6791 -0.743 1.3583, 0.7278 -0.6896 1.3583, 0.7278 -0.6896 1.437, 0.6629 -0.7755 1.3583, 0.6791 -0.743 1.437, 0.653 -0.8105 1.3583, 0.6629 -0.7755 1.437, 0.653 -0.8105 1.437, 0.6496 -0.8467 1.3583, 0.6496 -0.8467 1.437, 0.6629 -0.9178 1.3583, 0.6629 -0.9178 1.437, 0.653 -0.8828 1.437, 0.653 -0.8828 1.3583, 0.701 -0.9793 1.437, 0.7278 -1.0037 1.3583, 0.7278 -1.0037 1.437, 0.701 -0.9793 1.3583, 0.6791 -0.9503 1.437, 0.6791 -0.9503 1.3583, 0.8283 -1.0427 1.3583, 0.8283 -1.0427 1.437, 0.7926 -1.036 1.437, 0.7926 -1.036 1.3583, 0.7587 -1.0229 1.437, 0.7587 -1.0229 1.3583, 0.9342 -1.0229 1.437, 0.9003 -1.036 1.437, 0.9342 -1.0229 1.3583, 0.8646 -1.0427 1.437, 0.8646 -1.0427 1.3583, 0.9003 -1.036 1.3583, 0.9919 -0.9793 1.437, 0.9919 -0.9793 1.3583, 1.0138 -0.9503 1.3583, 0.9651 -1.0037 1.3583, 0.9651 -1.0037 1.437, 1.03 -0.9178 1.3583, 1.0138 -0.9503 1.437, 1.04 -0.8828 1.3583, 1.03 -0.9178 1.437, 1.04 -0.8828 1.437, 0.9566 -0.8892 1.5157, 0.9642 -0.9196 1.5131, 0.9756 -0.8967 1.5131, 0.703 -0.9775 1.4574, 0.7088 -0.9722 1.4764, 0.6814 -0.9489 1.4574, 0.769 -1.0022 1.4927, 0.7634 -1.0134 1.4764, 0.7989 -1.0138 1.4927, 0.6556 -0.8823 1.4574, 0.6881 -0.9447 1.4764, 0.6987 -0.9381 1.4927, 0.6727 -0.914 1.4764, 0.6654 -0.9168 1.4574, 0.7592 -0.9262 1.5157, 0.7461 -0.9089 1.5157, 0.7287 -0.9196 1.5131, 0.7417 -0.9853 1.4927, 0.718 -0.9637 1.4927, 0.8304 -1.0197 1.4927, 0.8293 -1.0322 1.4764, 0.8625 -1.0197 1.4927, 0.763 -0.9572 1.5131, 0.7939 -0.9524 1.5157, 0.7753 -0.9409 1.5157, 0.894 -1.0138 1.4927, 0.8636 -1.0322 1.4764, 0.7847 -0.9706 1.5131, 0.8142 -0.9603 1.5157, 0.8789 -0.9602 1.5157, 0.8574 -0.9643 1.5157, 0.8592 -0.9846 1.5131, 0.9295 -1.0134 1.4764, 0.9512 -0.9853 1.4927, 0.9239 -1.0022 1.4927, 0.9826 -0.8721 1.5131, 1.0013 -0.8756 1.5052, 0.9849 -0.8467 1.5131, 1.0039 -0.8467 1.5052, 1.0173 -0.8786 1.4927, 1.0296 -0.8809 1.4764, 1.0202 -0.8467 1.4927, 1.0373 -0.8823 1.4574, 1.0328 -0.8467 1.4764, 1.0406 -0.8467 1.4574, 0.7441 -0.94 1.5131, 0.9625 -0.8684 1.5157, 0.9646 -0.8467 1.5157, 1.0049 -0.9447 1.4764, 1.0085 -0.9094 1.4927, 0.9942 -0.9381 1.4927, 1.0202 -0.914 1.4764, 0.9469 -0.9088 1.5157, 0.9488 -0.94 1.5131, 0.9841 -0.9722 1.4764, 0.9749 -0.9637 1.4927, 0.9587 -0.9953 1.4764, 0.8992 -0.9523 1.5157, 0.8844 -0.9799 1.5131, 0.9082 -0.9706 1.5131, 0.9299 -0.9572 1.5131, 0.9177 -0.9409 1.5157, 0.8974 -1.0258 1.4764, 0.8337 -0.9846 1.5131, 0.7955 -1.0258 1.4764, 0.6844 -0.9094 1.4927, 0.7342 -0.9953 1.4764, 0.7173 -0.8967 1.5131, 0.7103 -0.8721 1.5131, 0.6917 -0.8756 1.5052, 0.6756 -0.8786 1.4927, 0.6996 -0.9035 1.5052, 0.708 -0.8467 1.5131, 0.7304 -0.8684 1.5157, 0.7283 -0.8467 1.5157, 0.689 -0.8467 1.5052, 1.0275 -0.9168 1.4574, 0.9933 -0.9035 1.5052, 1.0115 -0.9489 1.4574, 0.9804 -0.9296 1.5052, 0.9338 -0.9262 1.5157, 0.9899 -0.9775 1.4574, 0.9628 -0.9527 1.5052, 0.9635 -1.0016 1.4574, 0.9414 -0.9723 1.5052, 0.933 -1.0205 1.4574, 0.9166 -0.9876 1.5052, 0.8996 -1.0334 1.4574, 0.8356 -0.9643 1.5157, 0.8896 -0.9981 1.5052, 0.8644 -1.04 1.4574, 0.861 -1.0035 1.5052, 0.8285 -1.04 1.4574, 0.8319 -1.0035 1.5052, 0.8086 -0.9799 1.5131, 0.7933 -1.0334 1.4574, 0.8034 -0.9981 1.5052, 0.7599 -1.0205 1.4574, 0.7763 -0.9876 1.5052, 0.7294 -1.0016 1.4574, 0.7516 -0.9723 1.5052, 0.7301 -0.9527 1.5052, 0.7126 -0.9296 1.5052, 0.7364 -0.8894 1.5157, 0.6633 -0.8809 1.4764, 0.6727 -0.8467 1.4927, 0.6602 -0.8467 1.4764, 0.6523 -0.8467 1.4574, 0.7363 -0.8041 1.5157, 0.7287 -0.7737 1.5131, 0.7173 -0.7966 1.5131, 0.9899 -0.7158 1.4574, 0.9841 -0.7211 1.4764, 1.0115 -0.7444 1.4574, 0.9239 -0.6911 1.4927, 0.9295 -0.6799 1.4764, 0.894 -0.6795 1.4927, 1.0373 -0.811 1.4574, 1.0049 -0.7486 1.4764, 0.9942 -0.7552 1.4927, 1.0202 -0.7794 1.4764, 1.0275 -0.7765 1.4574, 0.9337 -0.7671 1.5157, 0.9468 -0.7844 1.5157, 0.9642 -0.7737 1.5131, 0.9512 -0.708 1.4927, 0.9749 -0.7296 1.4927, 0.8625 -0.6736 1.4927, 0.8636 -0.6611 1.4764, 0.8304 -0.6736 1.4927, 0.9299 -0.7361 1.5131, 0.899 -0.7409 1.5157, 0.9176 -0.7524 1.5157, 0.7989 -0.6795 1.4927, 0.8293 -0.6611 1.4764, 0.9082 -0.7227 1.5131, 0.8787 -0.733 1.5157, 0.8141 -0.7331 1.5157, 0.8355 -0.7291 1.5157, 0.8337 -0.7088 1.5131, 0.7634 -0.6799 1.4764, 0.7417 -0.708 1.4927, 0.769 -0.6911 1.4927, 0.7103 -0.8212 1.5131, 0.6917 -0.8177 1.5052, 0.6756 -0.8147 1.4927, 0.6633 -0.8124 1.4764, 0.6556 -0.811 1.4574, 0.9488 -0.7534 1.5131, 0.7304 -0.8249 1.5157, 0.6881 -0.7486 1.4764, 0.6844 -0.7839 1.4927, 0.6987 -0.7552 1.4927, 0.6727 -0.7794 1.4764, 0.7441 -0.7534 1.5131, 0.746 -0.7845 1.5157, 0.7342 -0.698 1.4764, 0.718 -0.7296 1.4927, 0.7088 -0.7211 1.4764, 0.763 -0.7361 1.5131, 0.7752 -0.7525 1.5157, 0.7847 -0.7227 1.5131, 0.7937 -0.741 1.5157, 0.8086 -0.7134 1.5131, 0.7955 -0.6675 1.4764, 0.8592 -0.7088 1.5131, 0.8974 -0.6675 1.4764, 0.9587 -0.698 1.4764, 0.9625 -0.8249 1.5157, 1.0173 -0.8147 1.4927, 1.0085 -0.7839 1.4927, 0.9933 -0.7898 1.5052, 0.9756 -0.7966 1.5131, 0.9826 -0.8212 1.5131, 1.0013 -0.8177 1.5052, 0.6654 -0.7765 1.4574, 0.6996 -0.7898 1.5052, 0.6814 -0.7444 1.4574, 0.7126 -0.7638 1.5052, 0.7592 -0.7671 1.5157, 0.703 -0.7158 1.4574, 0.7301 -0.7406 1.5052, 0.7294 -0.6917 1.4574, 0.7516 -0.721 1.5052, 0.7599 -0.6728 1.4574, 0.7763 -0.7057 1.5052, 0.7933 -0.6599 1.4574, 0.8573 -0.7291 1.5157, 0.8034 -0.6952 1.5052, 0.8285 -0.6533 1.4574, 0.8319 -0.6898 1.5052, 0.8644 -0.6533 1.4574, 0.861 -0.6898 1.5052, 0.8844 -0.7134 1.5131, 0.8996 -0.6599 1.4574, 0.8896 -0.6952 1.5052, 0.933 -0.6728 1.4574, 0.9166 -0.7057 1.5052, 0.9635 -0.6917 1.4574, 0.9414 -0.721 1.5052, 0.9628 -0.7406 1.5052, 0.9804 -0.7638 1.5052, 0.9565 -0.8039 1.5157, 1.0296 -0.8124 1.4764, 0.6629 0.7751 1.3583, 0.6629 0.7751 1.437, 0.653 0.8101 1.437, 0.6496 0.8463 1.437, 0.6496 0.8463 1.3583, 0.653 0.8101 1.3583, 0.701 0.7136 1.437, 0.7278 0.6892 1.3583, 0.7278 0.6892 1.437, 0.701 0.7136 1.3583, 0.6791 0.7426 1.437, 0.6791 0.7426 1.3583, 0.8283 0.6502 1.3583, 0.8283 0.6503 1.437, 0.7926 0.6569 1.437, 0.7926 0.6569 1.3583, 0.7587 0.67 1.437, 0.7587 0.67 1.3583, 0.9342 0.67 1.437, 0.9003 0.6569 1.437, 0.9342 0.67 1.3583, 0.8646 0.6503 1.437, 0.8646 0.6502 1.3583, 0.9003 0.6569 1.3583, 0.9919 0.7136 1.437, 0.9919 0.7136 1.3583, 1.0138 0.7426 1.3583, 0.9651 0.6892 1.3583, 0.9651 0.6892 1.437, 1.03 0.7751 1.3583, 1.0138 0.7426 1.437, 1.04 0.8101 1.3583, 1.03 0.7751 1.437, 1.04 0.8101 1.437, 1.0433 0.8463 1.3583, 1.0433 0.8463 1.437, 0.9566 0.8037 1.5157, 0.9642 0.7734 1.5131, 0.9756 0.7962 1.5131, 0.703 0.7154 1.4574, 0.7088 0.7207 1.4764, 0.6814 0.744 1.4574, 0.769 0.6907 1.4927, 0.7634 0.6795 1.4764, 0.7989 0.6791 1.4927, 0.6556 0.8106 1.4574, 0.6881 0.7482 1.4764, 0.6987 0.7548 1.4927, 0.6727 0.779 1.4764, 0.6654 0.7761 1.4574, 0.7592 0.7667 1.5157, 0.7461 0.784 1.5157, 0.7287 0.7734 1.5131, 0.7417 0.7076 1.4927, 0.718 0.7292 1.4927, 0.8304 0.6732 1.4927, 0.8293 0.6608 1.4764, 0.8625 0.6732 1.4927, 0.763 0.7357 1.5131, 0.7939 0.7405 1.5157, 0.7753 0.752 1.5157, 0.894 0.6791 1.4927, 0.8636 0.6608 1.4764, 0.7847 0.7223 1.5131, 0.8142 0.7326 1.5157, 0.8789 0.7327 1.5157, 0.8574 0.7287 1.5157, 0.8592 0.7084 1.5131, 0.9295 0.6795 1.4764, 0.9512 0.7076 1.4927, 0.9239 0.6907 1.4927, 0.9826 0.8208 1.5131, 1.0013 0.8173 1.5052, 0.9849 0.8463 1.5131, 1.0039 0.8463 1.5052, 1.0173 0.8143 1.4927, 1.0296 0.812 1.4764, 1.0202 0.8463 1.4927, 1.0373 0.8106 1.4574, 1.0328 0.8463 1.4764, 1.0406 0.8463 1.4574, 0.7441 0.753 1.5131, 0.9625 0.8245 1.5157, 0.9646 0.8463 1.5157, 1.0049 0.7482 1.4764, 1.0085 0.7835 1.4927, 0.9942 0.7548 1.4927, 1.0202 0.779 1.4764, 0.9469 0.7841 1.5157, 0.9488 0.753 1.5131, 0.9841 0.7207 1.4764, 0.9749 0.7292 1.4927, 0.8844 0.7131 1.5131, 0.9082 0.7223 1.5131, 0.8992 0.7406 1.5157, 0.9587 0.6976 1.4764, 0.9299 0.7357 1.5131, 0.9177 0.7521 1.5157, 0.6844 0.7835 1.4927, 0.8337 0.7084 1.5131, 0.8974 0.6671 1.4764, 0.7955 0.6671 1.4764, 0.7342 0.6976 1.4764, 0.708 0.8463 1.5131, 0.689 0.8463 1.5052, 0.7103 0.8208 1.5131, 0.6996 0.7894 1.5052, 0.6756 0.8143 1.4927, 0.7304 0.8245 1.5157, 0.7283 0.8463 1.5157, 0.7173 0.7962 1.5131, 0.6917 0.8173 1.5052, 1.0275 0.7761 1.4574, 0.9933 0.7894 1.5052, 1.0115 0.744 1.4574, 0.9804 0.7634 1.5052, 0.9338 0.7667 1.5157, 0.9899 0.7154 1.4574, 0.9628 0.7402 1.5052, 0.9635 0.6913 1.4574, 0.9414 0.7206 1.5052, 0.933 0.6724 1.4574, 0.9166 0.7053 1.5052, 0.8996 0.6595 1.4574, 0.8356 0.7287 1.5157, 0.8896 0.6948 1.5052, 0.8644 0.6529 1.4574, 0.861 0.6895 1.5052, 0.8285 0.6529 1.4574, 0.8319 0.6895 1.5052, 0.8086 0.7131 1.5131, 0.7933 0.6595 1.4574, 0.8034 0.6948 1.5052, 0.7599 0.6724 1.4574, 0.7763 0.7053 1.5052, 0.7294 0.6913 1.4574, 0.7516 0.7206 1.5052, 0.7301 0.7402 1.5052, 0.7126 0.7634 1.5052, 0.7364 0.8035 1.5157, 0.6633 0.812 1.4764, 0.6727 0.8463 1.4927, 0.6602 0.8463 1.4764, 0.6523 0.8463 1.4574, 0.9625 0.868 1.5157, 0.9565 0.889 1.5157, 0.8141 0.9598 1.5157, 0.7363 0.8888 1.5157, 0.899 0.952 1.5157, 0.9337 0.9259 1.5157, 0.9176 0.9405 1.5157, 0.8787 0.9599 1.5157, 0.9468 0.9085 1.5157, 0.8573 0.9639 1.5157, 0.8355 0.9639 1.5157, 0.7937 0.9519 1.5157, 0.7752 0.9405 1.5157, 0.746 0.9084 1.5157, 0.7592 0.9258 1.5157, 0.7304 0.868 1.5157, 0.7287 0.9192 1.5131, 0.7173 0.8963 1.5131, 0.9899 0.9771 1.4574, 0.9841 0.9718 1.4764, 1.0115 0.9485 1.4574, 0.9239 1.0018 1.4927, 0.9295 1.013 1.4764, 0.894 1.0134 1.4927, 1.04 0.8824 1.437, 1.0373 0.8819 1.4574, 1.0049 0.9443 1.4764, 0.9942 0.9377 1.4927, 1.0202 0.9136 1.4764, 1.0275 0.9164 1.4574, 0.9642 0.9192 1.5131, 0.9512 0.9849 1.4927, 0.9749 0.9633 1.4927, 0.8625 1.0193 1.4927, 0.8636 1.0318 1.4764, 0.8304 1.0193 1.4927, 0.9299 0.9568 1.5131, 0.7989 1.0134 1.4927, 0.8293 1.0318 1.4764, 0.9082 0.9702 1.5131, 0.8337 0.9842 1.5131, 0.7634 1.013 1.4764, 0.7417 0.9849 1.4927, 0.769 1.0018 1.4927, 0.7103 0.8717 1.5131, 0.6917 0.8752 1.5052, 0.6756 0.8782 1.4927, 0.6633 0.8805 1.4764, 0.6556 0.8819 1.4574, 0.653 0.8824 1.437, 0.9488 0.9396 1.5131, 0.6881 0.9443 1.4764, 0.6844 0.909 1.4927, 0.6987 0.9377 1.4927, 0.6727 0.9136 1.4764, 0.7441 0.9396 1.5131, 0.718 0.9633 1.4927, 0.7088 0.9718 1.4764, 0.7342 0.9949 1.4764, 0.8086 0.9795 1.5131, 0.7847 0.9702 1.5131, 0.763 0.9568 1.5131, 0.8592 0.9842 1.5131, 0.7955 1.0254 1.4764, 0.8974 1.0254 1.4764, 0.9587 0.9949 1.4764, 1.0173 0.8782 1.4927, 1.0085 0.909 1.4927, 0.9933 0.9031 1.5052, 0.9756 0.8963 1.5131, 0.9826 0.8717 1.5131, 1.0013 0.8752 1.5052, 0.6654 0.9164 1.4574, 0.6996 0.9031 1.5052, 0.6629 0.9174 1.437, 0.6814 0.9485 1.4574, 0.7126 0.9292 1.5052, 0.6791 0.9499 1.437, 0.703 0.9771 1.4574, 0.7301 0.9524 1.5052, 0.701 0.9789 1.437, 0.7294 1.0012 1.4574, 0.7516 0.9719 1.5052, 0.7278 1.0034 1.437, 0.7599 1.0201 1.4574, 0.7763 0.9872 1.5052, 0.7587 1.0225 1.437, 0.7933 1.033 1.4574, 0.7926 1.0356 1.437, 0.8034 0.9977 1.5052, 0.8285 1.0396 1.4574, 0.8319 1.0031 1.5052, 0.8283 1.0423 1.437, 0.8644 1.0396 1.4574, 0.861 1.0031 1.5052, 0.8646 1.0423 1.437, 0.8844 0.9795 1.5131, 0.8996 1.033 1.4574, 0.8896 0.9977 1.5052, 0.9003 1.0356 1.437, 0.933 1.0201 1.4574, 0.9166 0.9872 1.5052, 0.9342 1.0225 1.437, 0.9635 1.0012 1.4574, 0.9414 0.9719 1.5052, 0.9651 1.0034 1.437, 0.9628 0.9524 1.5052, 0.9919 0.9789 1.437, 0.9804 0.9292 1.5052, 1.0138 0.9499 1.437, 1.03 0.9174 1.437, 1.0296 0.8805 1.4764, 1.03 0.9174 1.3583, 1.04 0.8824 1.3583, 0.9651 1.0034 1.3583, 0.9919 0.9789 1.3583, 1.0138 0.9499 1.3583, 0.8646 1.0423 1.3583, 0.9003 1.0356 1.3583, 0.9342 1.0225 1.3583, 0.7587 1.0225 1.3583, 0.8283 1.0423 1.3583, 0.7926 1.0356 1.3583, 0.701 0.9789 1.3583, 0.6791 0.9499 1.3583, 0.7278 1.0034 1.3583, 0.6629 0.9174 1.3583, 0.653 0.8824 1.3583, -1.0173 -0.8786 1.4927, -1.0085 -0.9094 1.4927, -1.0013 -0.8756 1.5052, -0.7126 -0.9296 1.5052, -0.6987 -0.9381 1.4927, -0.6844 -0.9094 1.4927, -0.933 -1.0205 1.4574, -0.9342 -1.0229 1.437, -0.9003 -1.036 1.437, -1.04 -0.8828 1.437, -1.0373 -0.8823 1.4574, -1.0406 -0.8467 1.4574, -1.0138 -0.9503 1.437, -0.9919 -0.9793 1.437, -1.0115 -0.9489 1.4574, -1.0433 -0.8467 1.437, -1.0296 -0.8809 1.4764, -1.0328 -0.8467 1.4764, -0.9651 -1.0037 1.437, -0.9635 -1.0016 1.4574, -0.9899 -0.9775 1.4574, -0.6556 -0.8823 1.4574, -0.653 -0.8828 1.437, -0.6496 -0.8467 1.437, -0.9749 -0.9637 1.4927, -0.9804 -0.9296 1.5052, -0.9942 -0.9381 1.4927, -0.8644 -1.04 1.4574, -0.8283 -1.0427 1.437, -0.8285 -1.04 1.4574, -0.9239 -1.0022 1.4927, -0.9414 -0.9723 1.5052, -0.9512 -0.9853 1.4927, -0.7278 -1.0037 1.437, -0.7294 -1.0016 1.4574, -0.7599 -1.0205 1.4574, -0.861 -1.0035 1.5052, -0.8625 -1.0197 1.4927, -0.8304 -1.0197 1.4927, -0.7173 -0.8967 1.5131, -0.7364 -0.8894 1.5157, -0.7461 -0.9089 1.5157, -0.7304 -0.8684 1.5157, -0.708 -0.8467 1.5131, -0.7283 -0.8467 1.5157, -0.6629 -0.9178 1.437, -0.6654 -0.9168 1.4574, -0.6814 -0.9489 1.4574, -0.7103 -0.8721 1.5131, -0.6633 -0.8809 1.4764, -0.6523 -0.8467 1.4574, -0.6602 -0.8467 1.4764, -0.703 -0.9775 1.4574, -0.6791 -0.9503 1.437, -0.6727 -0.914 1.4764, -0.7441 -0.94 1.5131, -0.7301 -0.9527 1.5052, -0.7287 -0.9196 1.5131, -0.7592 -0.9262 1.5157, -0.769 -1.0022 1.4927, -0.7417 -0.9853 1.4927, -0.7763 -0.9876 1.5052, -0.701 -0.9793 1.437, -0.7989 -1.0138 1.4927, -0.8319 -1.0035 1.5052, -0.718 -0.9637 1.4927, -0.7516 -0.9723 1.5052, -0.8034 -0.9981 1.5052, -0.7926 -1.036 1.437, -0.7933 -1.0334 1.4574, -0.7587 -1.0229 1.437, -0.894 -1.0138 1.4927, -0.9166 -0.9876 1.5052, -0.8896 -0.9981 1.5052, -0.9628 -0.9527 1.5052, -0.8996 -1.0334 1.4574, -0.8646 -1.0427 1.437, -0.9933 -0.9035 1.5052, -1.03 -0.9178 1.437, -1.0275 -0.9168 1.4574, -1.0039 -0.8467 1.5052, -1.0202 -0.8467 1.4927, -0.9849 -0.8467 1.5131, -0.9826 -0.8721 1.5131, -0.9646 -0.8467 1.5157, -1.0202 -0.914 1.4764, -0.9625 -0.8684 1.5157, -0.9756 -0.8967 1.5131, -1.0049 -0.9447 1.4764, -0.9566 -0.8892 1.5157, -0.9642 -0.9196 1.5131, -0.9841 -0.9722 1.4764, -0.9469 -0.9088 1.5157, -0.9488 -0.94 1.5131, -0.9587 -0.9953 1.4764, -0.9338 -0.9262 1.5157, -0.9299 -0.9572 1.5131, -0.9295 -1.0134 1.4764, -0.9177 -0.9409 1.5157, -0.9082 -0.9706 1.5131, -0.8974 -1.0258 1.4764, -0.8992 -0.9523 1.5157, -0.8844 -0.9799 1.5131, -0.8636 -1.0322 1.4764, -0.8789 -0.9602 1.5157, -0.8592 -0.9846 1.5131, -0.8293 -1.0322 1.4764, -0.8574 -0.9643 1.5157, -0.8337 -0.9846 1.5131, -0.7955 -1.0258 1.4764, -0.8356 -0.9643 1.5157, -0.8086 -0.9799 1.5131, -0.7634 -1.0134 1.4764, -0.8142 -0.9603 1.5157, -0.7847 -0.9706 1.5131, -0.7342 -0.9953 1.4764, -0.7939 -0.9524 1.5157, -0.763 -0.9572 1.5131, -0.7088 -0.9722 1.4764, -0.7753 -0.9409 1.5157, -0.6881 -0.9447 1.4764, -0.6996 -0.9035 1.5052, -0.6756 -0.8786 1.4927, -0.6917 -0.8756 1.5052, -0.6727 -0.8467 1.4927, -0.689 -0.8467 1.5052, -1.04 -0.8828 1.3583, -1.0433 -0.8467 1.3583, -0.9919 -0.9793 1.3583, -1.0138 -0.9503 1.3583, -1.03 -0.9178 1.3583, -0.9342 -1.0229 1.3583, -0.9003 -1.036 1.3583, -0.9651 -1.0037 1.3583, -0.8283 -1.0427 1.3583, -0.7926 -1.036 1.3583, -0.8646 -1.0427 1.3583, -0.701 -0.9793 1.3583, -0.7278 -1.0037 1.3583, -0.7587 -1.0229 1.3583, -0.6791 -0.9503 1.3583, -0.6629 -0.9178 1.3583, -0.653 -0.8828 1.3583, -0.6496 -0.8467 1.3583, -0.653 0.8824 1.3583, -0.6496 0.8463 1.437, -0.6496 0.8463 1.3583, -0.701 0.9789 1.3583, -0.6791 0.9499 1.437, -0.6791 0.9499 1.3583, -0.6629 0.9174 1.3583, -0.6629 0.9174 1.437, -0.653 0.8824 1.437, -0.7587 1.0225 1.437, -0.7587 1.0225 1.3583, -0.7926 1.0356 1.3583, -0.701 0.9789 1.437, -0.7278 1.0034 1.3583, -0.7278 1.0034 1.437, -0.8646 1.0423 1.3583, -0.9003 1.0356 1.3583, -0.8646 1.0423 1.437, -0.8283 1.0423 1.3583, -0.8283 1.0423 1.437, -0.7926 1.0356 1.437, -0.9919 0.9789 1.3583, -0.9651 1.0034 1.437, -0.9651 1.0034 1.3583, -0.9342 1.0225 1.437, -0.9003 1.0356 1.437, -0.9342 1.0225 1.3583, -1.0138 0.9499 1.3583, -1.0138 0.9499 1.437, -0.9919 0.9789 1.437, -1.03 0.9174 1.3583, -1.03 0.9174 1.437, -1.04 0.8824 1.437, -1.04 0.8824 1.3583, -1.0433 0.8463 1.3583, -1.0433 0.8463 1.437, -1.04 0.8101 1.3583, -0.9919 0.7136 1.3583, -1.0138 0.7426 1.437, -1.0138 0.7426 1.3583, -1.03 0.7751 1.3583, -1.03 0.7751 1.437, -1.04 0.8101 1.437, -0.9342 0.67 1.437, -0.9342 0.67 1.3583, -0.9003 0.6569 1.3583, -0.9919 0.7136 1.437, -0.9651 0.6892 1.3583, -0.9651 0.6892 1.437, -0.8283 0.6503 1.3583, -0.7926 0.6569 1.3583, -0.8283 0.6503 1.437, -0.8646 0.6503 1.3583, -0.8646 0.6503 1.437, -0.9003 0.6569 1.437, -0.701 0.7136 1.3583, -0.7278 0.6892 1.437, -0.7278 0.6892 1.3583, -0.7587 0.67 1.437, -0.7926 0.6569 1.437, -0.7587 0.67 1.3583, -0.6791 0.7426 1.3583, -0.6791 0.7426 1.437, -0.701 0.7136 1.437, -0.6629 0.7751 1.3583, -0.6629 0.7751 1.437, -0.653 0.8101 1.437, -0.653 0.8101 1.3583, -1.0173 0.8143 1.4927, -1.0085 0.7835 1.4927, -1.0013 0.8173 1.5052, -0.7126 0.7634 1.5052, -0.6987 0.7548 1.4927, -0.6844 0.7835 1.4927, -0.933 0.6724 1.4574, -1.0373 0.8106 1.4574, -1.0406 0.8463 1.4574, -1.0115 0.744 1.4574, -1.0296 0.812 1.4764, -1.0328 0.8463 1.4764, -0.9635 0.6913 1.4574, -0.9899 0.7154 1.4574, -0.6556 0.8106 1.4574, -0.9749 0.7292 1.4927, -0.9804 0.7634 1.5052, -0.9942 0.7548 1.4927, -0.8644 0.6529 1.4574, -0.8285 0.6529 1.4574, -0.9239 0.6907 1.4927, -0.9414 0.7206 1.5052, -0.9512 0.7076 1.4927, -0.7294 0.6913 1.4574, -0.7599 0.6724 1.4574, -0.861 0.6895 1.5052, -0.8625 0.6732 1.4927, -0.8304 0.6732 1.4927, -0.7173 0.7962 1.5131, -0.7364 0.8035 1.5157, -0.7461 0.784 1.5157, -0.7304 0.8245 1.5157, -0.708 0.8463 1.5131, -0.7283 0.8463 1.5157, -0.6654 0.7761 1.4574, -0.6814 0.744 1.4574, -0.7103 0.8208 1.5131, -0.6633 0.812 1.4764, -0.6523 0.8463 1.4574, -0.6602 0.8463 1.4764, -0.703 0.7154 1.4574, -0.6727 0.779 1.4764, -0.7441 0.753 1.5131, -0.7301 0.7402 1.5052, -0.7287 0.7734 1.5131, -0.7592 0.7667 1.5157, -0.769 0.6907 1.4927, -0.7417 0.7076 1.4927, -0.7763 0.7053 1.5052, -0.7989 0.6791 1.4927, -0.8319 0.6895 1.5052, -0.718 0.7292 1.4927, -0.7516 0.7206 1.5052, -0.8034 0.6948 1.5052, -0.7933 0.6595 1.4574, -0.894 0.6791 1.4927, -0.9166 0.7053 1.5052, -0.8896 0.6948 1.5052, -0.9628 0.7402 1.5052, -0.8996 0.6595 1.4574, -0.9933 0.7894 1.5052, -1.0275 0.7761 1.4574, -1.0039 0.8463 1.5052, -1.0202 0.8463 1.4927, -0.9849 0.8463 1.5131, -0.9826 0.8208 1.5131, -0.9646 0.8463 1.5157, -1.0202 0.779 1.4764, -0.9625 0.8245 1.5157, -0.9756 0.7962 1.5131, -1.0049 0.7482 1.4764, -0.9566 0.8037 1.5157, -0.9642 0.7734 1.5131, -0.9841 0.7207 1.4764, -0.9469 0.7841 1.5157, -0.9488 0.753 1.5131, -0.9587 0.6976 1.4764, -0.9338 0.7667 1.5157, -0.9299 0.7357 1.5131, -0.9295 0.6795 1.4764, -0.9177 0.7521 1.5157, -0.9082 0.7223 1.5131, -0.8974 0.6671 1.4764, -0.8992 0.7406 1.5157, -0.8844 0.7131 1.5131, -0.8636 0.6608 1.4764, -0.8789 0.7327 1.5157, -0.8592 0.7084 1.5131, -0.8293 0.6608 1.4764, -0.8574 0.7287 1.5157, -0.8337 0.7084 1.5131, -0.7955 0.6671 1.4764, -0.8356 0.7287 1.5157, -0.8086 0.7131 1.5131, -0.7634 0.6795 1.4764, -0.8142 0.7326 1.5157, -0.7847 0.7223 1.5131, -0.7342 0.6976 1.4764, -0.7939 0.7405 1.5157, -0.763 0.7357 1.5131, -0.7088 0.7207 1.4764, -0.7753 0.752 1.5157, -0.6881 0.7482 1.4764, -0.6996 0.7894 1.5052, -0.6756 0.8143 1.4927, -0.6917 0.8173 1.5052, -0.6727 0.8463 1.4927, -0.689 0.8463 1.5052, -0.6756 0.8782 1.4927, -0.6844 0.909 1.4927, -0.6917 0.8752 1.5052, -0.9804 0.9292 1.5052, -0.9942 0.9377 1.4927, -1.0085 0.909 1.4927, -0.7599 1.0201 1.4574, -0.6556 0.8819 1.4574, -0.6633 0.8805 1.4764, -0.6814 0.9485 1.4574, -0.703 0.9771 1.4574, -0.7294 1.0012 1.4574, -1.0373 0.8819 1.4574, -0.718 0.9633 1.4927, -0.7126 0.9292 1.5052, -0.6987 0.9377 1.4927, -0.8285 1.0396 1.4574, -0.8644 1.0396 1.4574, -0.769 1.0018 1.4927, -0.7516 0.9719 1.5052, -0.7417 0.9849 1.4927, -0.9635 1.0012 1.4574, -0.933 1.0201 1.4574, -0.8319 1.0031 1.5052, -0.8304 1.0193 1.4927, -0.8625 1.0193 1.4927, -0.9756 0.8963 1.5131, -0.9565 0.889 1.5157, -0.9468 0.9085 1.5157, -0.9625 0.868 1.5157, -1.0275 0.9164 1.4574, -1.0115 0.9485 1.4574, -0.9826 0.8717 1.5131, -1.0296 0.8805 1.4764, -0.9899 0.9771 1.4574, -1.0202 0.9136 1.4764, -0.9488 0.9396 1.5131, -0.9628 0.9524 1.5052, -0.9642 0.9192 1.5131, -0.9337 0.9258 1.5157, -0.9239 1.0018 1.4927, -0.9512 0.9849 1.4927, -0.9166 0.9872 1.5052, -0.894 1.0134 1.4927, -0.861 1.0031 1.5052, -0.9749 0.9633 1.4927, -0.9414 0.9719 1.5052, -0.8896 0.9977 1.5052, -0.8996 1.033 1.4574, -0.7989 1.0134 1.4927, -0.7763 0.9872 1.5052, -0.8034 0.9977 1.5052, -0.7301 0.9524 1.5052, -0.7933 1.033 1.4574, -0.6996 0.9031 1.5052, -0.6654 0.9164 1.4574, -0.7103 0.8717 1.5131, -0.6727 0.9136 1.4764, -0.7304 0.868 1.5157, -0.7173 0.8963 1.5131, -0.6881 0.9443 1.4764, -0.7363 0.8888 1.5157, -0.7287 0.9192 1.5131, -0.7088 0.9718 1.4764, -0.746 0.9084 1.5157, -0.7441 0.9396 1.5131, -0.7342 0.9949 1.4764, -0.7592 0.9258 1.5157, -0.763 0.9568 1.5131, -0.7634 1.013 1.4764, -0.7752 0.9405 1.5157, -0.7847 0.9702 1.5131, -0.7955 1.0254 1.4764, -0.7937 0.9519 1.5157, -0.8086 0.9795 1.5131, -0.8293 1.0318 1.4764, -0.8141 0.9598 1.5157, -0.8337 0.9842 1.5131, -0.8636 1.0318 1.4764, -0.8355 0.9639 1.5157, -0.8592 0.9842 1.5131, -0.8974 1.0254 1.4764, -0.8573 0.9639 1.5157, -0.8844 0.9795 1.5131, -0.9295 1.013 1.4764, -0.8787 0.9599 1.5157, -0.9082 0.9702 1.5131, -0.9587 0.9949 1.4764, -0.899 0.952 1.5157, -0.9299 0.9568 1.5131, -0.9841 0.9718 1.4764, -0.9176 0.9405 1.5157, -1.0049 0.9443 1.4764, -0.9933 0.9031 1.5052, -1.0173 0.8782 1.4927, -1.0013 0.8752 1.5052, -0.8992 -0.741 1.5157, -0.9177 -0.7525 1.5157, -0.9566 -0.8041 1.5157, -0.9625 -0.8249 1.5157, -0.9338 -0.7671 1.5157, -0.9469 -0.7845 1.5157, -0.8789 -0.7331 1.5157, -0.7364 -0.8039 1.5157, -0.8574 -0.7291 1.5157, -0.7304 -0.8249 1.5157, -0.7753 -0.7524 1.5157, -0.7939 -0.7409 1.5157, -0.8142 -0.733 1.5157, -0.8356 -0.7291 1.5157, -0.7461 -0.7844 1.5157, -0.7592 -0.7671 1.5157, -0.6756 -0.8147 1.4927, -0.6844 -0.7839 1.4927, -0.6917 -0.8177 1.5052, -0.9804 -0.7638 1.5052, -0.9942 -0.7552 1.4927, -1.0085 -0.7839 1.4927, -0.7599 -0.6728 1.4574, -0.7587 -0.6704 1.437, -0.7926 -0.6573 1.437, -0.6556 -0.811 1.4574, -0.6633 -0.8124 1.4764, -0.6791 -0.743 1.437, -0.701 -0.714 1.437, -0.6814 -0.7444 1.4574, -0.653 -0.8105 1.437, -0.703 -0.7158 1.4574, -0.7278 -0.6896 1.437, -0.7294 -0.6917 1.4574, -1.0373 -0.811 1.4574, -1.04 -0.8105 1.437, -0.718 -0.7296 1.4927, -0.7126 -0.7638 1.5052, -0.6987 -0.7552 1.4927, -0.8285 -0.6533 1.4574, -0.8646 -0.6506 1.437, -0.8644 -0.6533 1.4574, -0.769 -0.6911 1.4927, -0.7516 -0.721 1.5052, -0.7417 -0.708 1.4927, -0.9651 -0.6896 1.437, -0.9635 -0.6917 1.4574, -0.933 -0.6728 1.4574, -0.8319 -0.6898 1.5052, -0.8304 -0.6736 1.4927, -0.8625 -0.6736 1.4927, -0.9756 -0.7966 1.5131, -1.03 -0.7755 1.437, -1.0275 -0.7765 1.4574, -1.0115 -0.7444 1.4574, -0.9826 -0.8212 1.5131, -1.0296 -0.8124 1.4764, -0.9899 -0.7158 1.4574, -1.0138 -0.743 1.437, -1.0202 -0.7794 1.4764, -0.9488 -0.7534 1.5131, -0.9628 -0.7406 1.5052, -0.9642 -0.7737 1.5131, -0.9239 -0.6911 1.4927, -0.9512 -0.708 1.4927, -0.9166 -0.7057 1.5052, -0.9919 -0.714 1.437, -0.894 -0.6795 1.4927, -0.861 -0.6898 1.5052, -0.9749 -0.7296 1.4927, -0.9414 -0.721 1.5052, -0.8896 -0.6952 1.5052, -0.9003 -0.6573 1.437, -0.8996 -0.6599 1.4574, -0.9342 -0.6704 1.437, -0.7989 -0.6795 1.4927, -0.7763 -0.7057 1.5052, -0.8034 -0.6952 1.5052, -0.7301 -0.7406 1.5052, -0.7933 -0.6599 1.4574, -0.8283 -0.6506 1.437, -0.6996 -0.7898 1.5052, -0.6629 -0.7755 1.437, -0.6654 -0.7765 1.4574, -0.7103 -0.8212 1.5131, -0.6727 -0.7794 1.4764, -0.7173 -0.7966 1.5131, -0.6881 -0.7486 1.4764, -0.7287 -0.7737 1.5131, -0.7088 -0.7211 1.4764, -0.7441 -0.7534 1.5131, -0.7342 -0.698 1.4764, -0.763 -0.7361 1.5131, -0.7634 -0.6799 1.4764, -0.7847 -0.7227 1.5131, -0.7955 -0.6675 1.4764, -0.8086 -0.7134 1.5131, -0.8293 -0.6611 1.4764, -0.8337 -0.7088 1.5131, -0.8636 -0.6611 1.4764, -0.8592 -0.7088 1.5131, -0.8974 -0.6675 1.4764, -0.8844 -0.7134 1.5131, -0.9295 -0.6799 1.4764, -0.9082 -0.7227 1.5131, -0.9587 -0.698 1.4764, -0.9299 -0.7361 1.5131, -0.9841 -0.7211 1.4764, -1.0049 -0.7486 1.4764, -0.9933 -0.7898 1.5052, -1.0173 -0.8147 1.4927, -1.0013 -0.8177 1.5052, -0.653 -0.8105 1.3583, -0.701 -0.714 1.3583, -0.6791 -0.743 1.3583, -0.6629 -0.7755 1.3583, -0.7587 -0.6704 1.3583, -0.7926 -0.6573 1.3583, -0.7278 -0.6896 1.3583, -0.8646 -0.6506 1.3583, -0.9003 -0.6573 1.3583, -0.8283 -0.6506 1.3583, -0.9919 -0.714 1.3583, -0.9651 -0.6896 1.3583, -0.9342 -0.6704 1.3583, -1.0138 -0.743 1.3583, -1.03 -0.7755 1.3583, -1.04 -0.8105 1.3583, -0.095 0.62 1.9436, -0.0307 0.6043 1.9572, -0.0318 0.6264 1.9436, 0.6242 0.0633 1.9436, 0.6146 0.1261 1.9436, 0.6022 0.061 1.9572, -0.1619 0.6253 1.9254, -0.0978 0.6384 1.9254, -0.1573 0.6072 1.9436, -0.2244 0.6057 1.9254, -0.0917 0.5981 1.9572, -0.2179 0.5882 1.9436, -0.1517 0.5858 1.9572, -0.0327 0.645 1.9254, -0.2763 0.5631 1.9436, -0.3319 0.5323 1.9436, -0.2666 0.5432 1.9572, -0.2102 0.5674 1.9572, -0.3955 0.5107 1.9254, -0.4451 0.4681 1.9254, -0.3841 0.496 1.9436, -0.3418 0.5481 1.9254, -0.2845 0.5799 1.9254, -0.3705 0.4785 1.9572, -0.4323 0.4546 1.9436, -0.3202 0.5135 1.9572, -0.4902 0.4206 1.9254, -0.6151 0.2638 1.8793, -0.5853 0.3247 1.8793, -0.5935 0.317 1.8535, -0.5486 0.3043 1.9436, -0.5766 0.2472 1.9436, -0.5292 0.2936 1.9572, -0.4761 0.4085 1.9436, -0.417 0.4385 1.9572, -0.515 0.3582 1.9436, -0.4593 0.3941 1.9572, -0.5548 -0.0002 1.9685, -0.552 0.0559 1.9685, -0.5807 -0.0002 1.9656, -0.5649 0.3133 1.9254, -0.5303 0.3689 1.9254, -0.5336 0.2288 1.9656, -0.5562 0.2385 1.9572, -0.5775 0.181 1.9572, -0.5294 0.1659 1.9685, -0.5541 0.1736 1.9656, -0.5688 0.1167 1.9656, -0.4968 0.3456 1.9572, -0.5435 0.1115 1.9685, -0.5777 0.0586 1.9656, -0.6387 0.2002 1.8793, -0.6439 0.1951 1.8535, -0.6557 0.1345 1.8793, -0.6217 0.2573 1.8535, -0.6659 0.0675 1.8793, -0.6569 0.0666 1.9036, -0.6468 0.1327 1.9036, -0.6694 -0.0002 1.8793, -0.6603 -0.0002 1.9036, 0.0318 0.6264 1.9436, 0.0327 0.645 1.9254, -0.6729 -0.0002 1.8535, 0.095 0.62 1.9436, 0.0978 0.6384 1.9254, 0.0307 0.6043 1.9572, 0.1619 0.6253 1.9254, 0.1573 0.6072 1.9436, 0.0917 0.5981 1.9572, 0.1517 0.5858 1.9572, 0.2179 0.5882 1.9436, 0.2244 0.6057 1.9254, 0.2845 0.5799 1.9254, 0.2763 0.5631 1.9436, 0.2102 0.5674 1.9572, 0.3319 0.5323 1.9436, 0.3418 0.5481 1.9254, 0.2666 0.5432 1.9572, 0.3841 0.496 1.9436, 0.3955 0.5107 1.9254, 0.3202 0.5135 1.9572, 0.4451 0.4681 1.9254, 0.4323 0.4546 1.9436, 0.3705 0.4785 1.9572, 0.4761 0.4085 1.9436, 0.4902 0.4206 1.9254, 0.417 0.4385 1.9572, 0.515 0.3582 1.9436, 0.5303 0.3689 1.9254, 0.4593 0.3941 1.9572, 0.5649 0.3133 1.9254, 0.5486 0.3043 1.9436, 0.4968 0.3456 1.9572, 0.5766 0.2472 1.9436, 0.5937 0.2546 1.9254, 0.5292 0.2936 1.9572, 0.6164 0.1932 1.9254, 0.5987 0.1876 1.9436, 0.5562 0.2385 1.9572, 0.6329 0.1299 1.9254, 0.5775 0.181 1.9572, 0.6428 0.0652 1.9254, 0.5929 0.1216 1.9572, 0.6274 -0.0002 1.9436, 0.6461 -0.0002 1.9254, 0.5807 -0.0002 1.9656, 0.6053 -0.0002 1.9572, 0.6569 0.0666 1.9036, 0.5777 0.0586 1.9656, 0.5548 -0.0002 1.9685, 0.6603 -0.0002 1.9036, 0.6659 0.0675 1.8793, 0.6697 0.0658 1.8535, 0.66 0.1311 1.8535, 0.6694 -0.0002 1.8793, 0.6729 -0.0002 1.8535, 0.6439 0.1952 1.8535, 0.6557 0.1345 1.8793, -0.6697 0.0658 1.8535, 0.6387 0.2002 1.8793, 0.6468 0.1327 1.9036, 0.552 0.0559 1.9685, 0.5688 0.1167 1.9656, 0.6217 0.2573 1.8535, 0.6151 0.2638 1.8793, 0.63 0.1975 1.9036, 0.5435 0.1115 1.9685, 0.5541 0.1736 1.9656, 0.5934 0.317 1.8535, 0.5853 0.3247 1.8793, 0.6068 0.2602 1.9036, 0.5294 0.1659 1.9685, 0.5336 0.2288 1.9656, 0.5595 0.3737 1.8535, 0.5494 0.3822 1.8793, 0.5773 0.3202 1.9036, 0.5077 0.2816 1.9656, 0.5099 0.2186 1.9685, 0.5202 0.4267 1.8535, 0.5079 0.4358 1.8793, 0.5419 0.377 1.9036, 0.4851 0.269 1.9685, 0.4766 0.3315 1.9656, 0.4758 0.4756 1.8535, 0.4612 0.485 1.8793, 0.501 0.4299 1.9036, 0.4554 0.3167 1.9685, 0.4406 0.3781 1.9656, 0.4269 0.52 1.8535, 0.4097 0.5291 1.8793, 0.4549 0.4784 1.9036, 0.421 0.3612 1.9685, 0.4001 0.4207 1.9656, 0.3738 0.5593 1.8535, 0.3541 0.5679 1.8793, 0.4042 0.5219 1.9036, 0.3554 0.459 1.9656, 0.3823 0.4019 1.9685, 0.3172 0.5933 1.8535, 0.2948 0.6008 1.8793, 0.3493 0.5601 1.9036, 0.3072 0.4926 1.9656, 0.3396 0.4386 1.9685, 0.2575 0.6215 1.8535, 0.2325 0.6275 1.8793, 0.2908 0.5926 1.9036, 0.2557 0.5212 1.9656, 0.2935 0.4707 1.9685, 0.1953 0.6438 1.8535, 0.1678 0.6478 1.8793, 0.2293 0.619 1.9036, 0.2017 0.5444 1.9656, 0.2444 0.4979 1.9685, 0.1312 0.6598 1.8535, 0.1014 0.6615 1.8793, 0.1655 0.639 1.9036, 0.1456 0.562 1.9656, 0.1927 0.5201 1.9685, 0.0659 0.6695 1.8535, 0.0339 0.6683 1.8793, 0.1 0.6525 1.9036, 0.0879 0.5738 1.9656, 0.1391 0.5369 1.9685, -0.0 0.6727 1.8535, -0.0339 0.6683 1.8793, 0.0334 0.6592 1.9036, 0.0841 0.5482 1.9685, 0.0294 0.5798 1.9656, -0.066 0.6695 1.8535, -0.1014 0.6615 1.8793, -0.0334 0.6592 1.9036, 0.0282 0.5539 1.9685, -0.0294 0.5798 1.9656, -0.1313 0.6598 1.8535, -0.1678 0.6478 1.8793, -0.1 0.6525 1.9036, -0.0879 0.5738 1.9656, -0.0281 0.5539 1.9685, -0.1954 0.6437 1.8535, -0.2325 0.6275 1.8793, -0.1655 0.639 1.9036, -0.084 0.5483 1.9685, -0.1456 0.562 1.9656, -0.2576 0.6215 1.8535, -0.2948 0.6008 1.8793, -0.2293 0.619 1.9036, -0.2017 0.5444 1.9656, -0.139 0.5369 1.9685, -0.3172 0.5932 1.8535, -0.3541 0.5679 1.8793, -0.2908 0.5926 1.9036, -0.1927 0.5201 1.9685, -0.2557 0.5212 1.9656, -0.3739 0.5593 1.8535, -0.4097 0.5291 1.8793, -0.3493 0.5601 1.9036, -0.2443 0.4979 1.9685, -0.3072 0.4926 1.9656, -0.4269 0.5199 1.8535, -0.4612 0.485 1.8793, -0.4042 0.5219 1.9036, -0.2935 0.4707 1.9685, -0.3554 0.459 1.9656, -0.4759 0.4756 1.8535, -0.5079 0.4358 1.8793, -0.4549 0.4784 1.9036, -0.3396 0.4386 1.9685, -0.4001 0.4207 1.9656, -0.5202 0.4267 1.8535, -0.5494 0.3822 1.8793, -0.501 0.4299 1.9036, -0.3822 0.402 1.9685, -0.4406 0.3781 1.9656, -0.5595 0.3736 1.8535, -0.5419 0.377 1.9036, -0.421 0.3612 1.9685, -0.4766 0.3315 1.9656, -0.5987 0.1876 1.9436, -0.6164 0.1932 1.9254, -0.6329 0.1299 1.9254, -0.5773 0.3202 1.9036, -0.4554 0.3168 1.9685, -0.5077 0.2816 1.9656, -0.5937 0.2546 1.9254, -0.6068 0.2602 1.9036, -0.4851 0.2691 1.9685, -0.63 0.1975 1.9036, -0.5099 0.2186 1.9685, -0.66 0.1311 1.8535, -0.6146 0.1261 1.9436, -0.5929 0.1216 1.9572, -0.6428 0.0652 1.9254, -0.6242 0.0633 1.9436, -0.6022 0.061 1.9572, -0.6461 -0.0002 1.9254, -0.6274 -0.0002 1.9436, -0.6053 -0.0002 1.9572, -0.0 -0.6892 1.2402, -0.0 -0.6731 1.8535, -0.0675 -0.6859 1.2402, 0.689 -0.0002 1.2402, 0.6857 -0.0677 1.2402, -0.1313 -0.6602 1.8535, -0.1344 -0.6759 1.2402, -0.066 -0.6699 1.8535, -0.2 -0.6595 1.2402, -0.2576 -0.6219 1.8535, -0.3248 -0.6078 1.2402, -0.2637 -0.6367 1.2402, -0.1954 -0.6441 1.8535, -0.3739 -0.5597 1.8535, -0.4269 -0.5203 1.8535, -0.4371 -0.5328 1.2402, -0.3828 -0.5731 1.2402, -0.3172 -0.5936 1.8535, -0.4872 -0.4874 1.2402, -0.4759 -0.476 1.8535, -0.5202 -0.4271 1.8535, -0.5326 -0.4373 1.2402, -0.66 -0.1315 1.8535, -0.6697 -0.0662 1.8535, -0.6857 -0.0677 1.2402, -0.6076 -0.325 1.2402, -0.5595 -0.374 1.8535, -0.5935 -0.3174 1.8535, -0.5729 -0.383 1.2402, -0.6439 -0.1955 1.8535, -0.6757 -0.1346 1.2402, -0.6593 -0.2002 1.2402, -0.6365 -0.2639 1.2402, -0.6217 -0.2577 1.8535, -0.689 -0.0002 1.2402, 0.0659 -0.6699 1.8535, 0.0675 -0.6859 1.2402, 0.1312 -0.6602 1.8535, 0.1344 -0.6759 1.2402, 0.1953 -0.6441 1.8535, 0.2575 -0.6219 1.8535, 0.2 -0.6595 1.2402, 0.2637 -0.6367 1.2402, 0.3172 -0.5937 1.8535, 0.3248 -0.6078 1.2402, 0.3738 -0.5597 1.8535, 0.4269 -0.5204 1.8535, 0.3828 -0.5731 1.2402, 0.4371 -0.5328 1.2402, 0.4758 -0.476 1.8535, 0.4872 -0.4874 1.2402, 0.5202 -0.4271 1.8535, 0.5595 -0.3741 1.8535, 0.5326 -0.4373 1.2402, 0.5729 -0.383 1.2402, 0.5934 -0.3174 1.8535, 0.6076 -0.325 1.2402, 0.6217 -0.2577 1.8535, 0.6439 -0.1955 1.8535, 0.6365 -0.2639 1.2402, 0.6593 -0.2002 1.2402, 0.66 -0.1315 1.8535, 0.6757 -0.1346 1.2402, 0.6697 -0.0662 1.8535, 0.6693 1.1809 0.1969, 1.0236 1.1809 0.0394, 0.6693 1.1809 0.0394, 0.4589 1.1813 0.6794, 1.0236 1.1809 1.2402, 0.0329 1.1809 0.6886, -0.0084 1.1809 0.6883, 0.0325 1.1809 0.7355, -1.0236 1.1809 1.2402, -0.3882 1.1809 0.6055, -1.0236 1.1809 0.0394, -0.6693 1.1809 0.1969, -0.6693 1.1809 0.0394, 0.2409 1.1813 0.8366, -0.0734 1.1809 0.8021, -0.0895 1.1809 0.8147, -0.0735 1.1809 0.8129, 0.1778 1.1809 0.7328, 0.1824 1.1809 0.7328, 0.1517 1.1813 0.724, 0.101 1.1813 0.6688, 0.1082 1.1813 0.6506, 0.0984 1.1809 0.6884, 0.1359 1.1813 0.7021, 0.219 1.1809 0.7069, 0.2016 1.1809 0.6766, 0.1421 1.1813 0.7144, 0.0334 1.1809 0.6085, 0.1013 1.1813 0.7083, 0.1457 1.1813 0.6579, 0.137 1.1813 0.6716, 0.1588 1.1813 0.6482, 0.175 1.1809 0.644, 0.2007 1.1809 0.6442, 0.1199 1.1809 0.6345, 0.1719 1.1809 0.6092, 0.321 1.1813 0.5756, 0.1351 1.1813 0.6217, 0.1526 1.1813 0.6132, 0.3863 1.1813 0.7564, 0.402 1.1813 0.7484, 0.3383 1.1809 0.7504, -0.0059 1.1809 0.6535, 0.0226 1.1809 0.6793, 0.0228 1.1809 0.6537, 0.2055 1.1809 0.6095, 0.2929 1.1813 0.5959, 0.3053 1.1813 0.5836, 0.4163 1.1813 0.6711, 0.4056 1.1813 0.6589, 0.3835 1.1813 0.665, 0.2197 1.1813 0.6187, 0.2847 1.1813 0.6114, 0.2138 1.1813 0.6123, 0.3295 1.1813 0.7683, 0.1869 1.1813 0.752, 0.2823 1.1813 0.8021, 0.2418 1.1813 0.8019, 0.2616 1.1809 0.8046, 0.3168 1.1813 0.7833, 0.1957 1.1813 0.7691, 0.2082 1.1813 0.7835, 0.1337 1.1809 0.6881, 0.1638 1.1813 0.7304, 0.3218 1.1813 0.6848, 0.3009 1.1813 0.7948, 0.2238 1.1813 0.7947, 0.3304 1.1809 0.817, 0.3093 1.1813 0.8289, 0.4038 1.1813 0.7867, 0.4144 1.1813 0.7362, 0.3557 1.1813 0.6846, 0.449 1.1813 0.7476, 0.4344 1.1809 0.7665, 0.4257 1.1809 0.7027, 0.3712 1.1813 0.6768, 0.3524 1.1813 0.7567, 0.3684 1.1809 0.7592, 0.4226 1.1813 0.7206, 0.4233 1.1813 0.6859, 0.4583 1.1813 0.7257, 0.451 1.1813 0.6583, 0.3919 1.1809 0.6501, 0.4616 1.1809 0.7018, 0.4247 1.1813 0.6273, 0.4381 1.1809 0.6396, 0.3725 1.1813 0.5839, 0.2218 1.1809 0.6272, 0.2194 1.1813 0.6361, 0.2816 1.1809 0.635, 0.213 1.1813 0.6424, 0.3569 1.1813 0.5758, 0.2816 1.1809 0.6294, 0.3381 1.1809 0.6873, 0.3073 1.1813 0.678, 0.2956 1.1809 0.6676, 0.2041 1.1809 0.6447, 0.3389 1.1809 0.5728, 0.3848 1.1813 0.5962, 0.3927 1.1809 0.6119, 0.4096 1.1813 0.6181, 0.3438 1.1813 0.8056, 0.3678 1.1813 0.7933, 0.3556 1.1809 0.7921, 0.4148 1.1813 0.7813, 0.4249 1.1813 0.7746, 0.3921 1.1813 0.7905, 0.3802 1.1813 0.7927, 0.2863 1.1813 0.8363, 0.2619 1.1809 0.8387, -0.0097 1.1809 0.7352, -0.0233 1.1809 0.7447, -0.0098 1.1809 0.7444, 0.1721 1.1813 0.795, 0.032 1.1809 0.8156, 0.1847 1.1809 0.8086, 0.0216 1.1809 0.8155, -0.0629 1.1813 0.7347, -0.0889 1.1809 0.7347, -0.0729 1.1809 0.7381, -0.0998 1.1809 0.8055, -0.0996 1.1809 0.7798, -0.1282 1.1809 0.7796, 0.1543 1.1809 0.7634, 0.1361 1.1813 0.7548, 0.1619 1.1813 0.7799, -0.236 1.1809 0.7555, -0.2282 1.1809 0.7337, -0.2694 1.1809 0.7553, -0.3161 1.1809 0.606, -0.2861 1.1813 0.6091, -0.2786 1.1813 0.6072, -0.2933 1.1813 0.6126, -0.3275 1.1809 0.606, -0.3767 1.1809 0.6056, -0.2705 1.1813 0.6064, -0.2314 1.1809 0.6066, -0.1459 1.1813 0.5884, -0.1391 1.1813 0.5824, -0.2465 1.1809 0.6065, -0.2545 1.1813 0.6065, -0.2624 1.1813 0.6064, -0.1072 1.1809 0.6221, -0.1066 1.1813 0.6251, -0.0868 1.1813 0.6159, -0.1274 1.1813 0.5807, -0.2774 1.1809 0.7333, -0.2629 1.1809 0.6865, -0.2709 1.1809 0.6864, -0.255 1.1809 0.6865, -0.0132 1.1809 0.7737, -0.0162 1.1813 0.7912, -0.279 1.1809 0.6856, -0.3472 1.1809 0.6859, -0.2937 1.1809 0.6803, -0.3001 1.1809 0.6756, -0.2865 1.1809 0.6837, -0.2888 1.1809 0.7333, -0.3091 1.1813 0.6631, -0.2589 1.1809 0.8135, -0.3582 1.1809 0.6858, -0.312 1.1809 0.6471, -0.3354 1.1809 0.6278, -0.3687 1.1809 0.6276, -0.2997 1.1809 0.6174, -0.0193 1.1809 0.6235, -0.0097 1.1809 0.6173, -0.0205 1.1813 0.6166, -0.1036 1.1813 0.6073, -0.0943 1.1809 0.6063, -0.1246 1.1809 0.5902, -0.0083 1.1809 0.6791, -0.0449 1.1809 0.6665, -0.0507 1.1809 0.7336, 0.0228 1.1809 0.6445, 0.023 1.1809 0.6176, -0.0058 1.1809 0.6443, -0.0791 1.1809 0.6495, -0.0654 1.1809 0.6446, -0.0798 1.1813 0.6446, -0.0096 1.1809 0.6082, -0.0242 1.1809 0.6113, -0.0545 1.1809 0.8163, -0.2168 1.1809 0.7338, -0.2301 1.1809 0.6867, -0.2471 1.1813 0.6866, -0.2478 1.1809 0.8136, -0.0344 1.1813 0.6652, -0.1307 1.1809 0.8144, -0.1307 1.1809 0.8052, -0.1477 1.1813 0.8143, -0.0252 1.1809 0.6613, -0.1793 1.1809 0.7349, -0.1867 1.1809 0.7369, -0.1282 1.1809 0.7705, -0.1471 1.1809 0.7343, -0.0995 1.1809 0.7707, -0.0993 1.1809 0.7437, -0.1321 1.1809 0.7435, -0.0928 1.1813 0.665, -0.073 1.1809 0.748, 0.1089 1.1813 0.7265, -0.0353 1.1813 0.7364, -0.0318 1.1809 0.7514, -0.0408 1.1813 0.745, -0.0523 1.1809 0.7428, 0.1207 1.1813 0.7423, -0.025 1.1809 0.8048, -0.0382 1.1813 0.8135, 0.2207 1.1813 0.8307, 0.2018 1.1813 0.8212, -0.0424 1.1813 0.8049, -0.0644 1.1813 0.8058, -0.0546 1.1809 0.807, -0.0327 1.1809 0.7983, -0.065 1.1813 0.8154, -0.0263 1.1813 0.7878, -0.0241 1.1809 0.7743, -0.026 1.1813 0.7614, -0.0634 1.1813 0.7441, -0.0157 1.1813 0.7575, 0.0221 1.1809 0.7446, -0.1635 1.1809 0.8142, -0.1715 1.1809 0.8142, -0.1939 1.1809 0.7403, -0.2003 1.1813 0.7451, -0.1889 1.1809 0.687, -0.123 1.1809 0.6646, -0.1342 1.1813 0.6645, -0.132 1.1809 0.7344, -0.1675 1.1809 0.6643, -0.1779 1.1809 0.6642, -0.1085 1.1813 0.6654, -0.1015 1.1809 0.6661, -0.0856 1.1809 0.6616, -0.0632 1.1813 0.6567, -0.0808 1.1813 0.6563, -0.1556 1.1809 0.8143, -0.1797 1.1809 0.8134, -0.1943 1.1809 0.8081, -0.1871 1.1809 0.8114, -0.2097 1.1813 0.7909, -0.2007 1.1809 0.8034, -0.2112 1.1813 0.7633, -0.2126 1.1809 0.7749, -0.2071 1.1813 0.7534, -0.0251 1.1809 0.6515, -0.0279 1.1813 0.6388, -0.0215 1.1813 0.6326, -0.0439 1.1809 0.6583, -0.0542 1.1813 0.652, -0.0503 1.1813 0.6567, -0.0564 1.1813 0.664, -0.0384 1.1809 0.642, -0.0341 1.1813 0.6566, -0.1245 1.1809 0.5813, -0.1042 1.1813 0.6163, -0.0953 1.1809 0.6144, -0.0789 1.1809 0.6201, -0.0652 1.1809 0.6078, -0.0551 1.1809 0.6079, -0.0374 1.1809 0.6067, -0.0549 1.1809 0.6167, -0.0475 1.1813 0.6091, -0.1363 1.1813 0.591, -0.1406 1.1809 0.597, -0.0299 1.1813 0.6079, -0.0554 1.1809 0.6442, -0.1047 1.1813 0.6276, -0.0788 1.1809 0.6097, -0.0969 1.1809 0.6316, -0.086 1.1813 0.6072, -0.1175 1.1809 0.623, -0.1158 1.1813 0.616, -0.145 1.1809 0.6074, -0.0886 1.1809 0.6353, -0.0819 1.1809 0.6404, -0.115 1.1809 0.6537, -0.1082 1.1813 0.6568, -0.09 1.1813 0.6473, -0.1005 1.1809 0.6579, -0.0895 1.1809 0.6503, -0.0903 1.1813 0.6534, -0.0961 1.1813 0.6574, -0.0926 1.1809 0.6558, -0.115 1.1809 0.6634, -0.1551 1.1809 0.7342, -0.163 1.1809 0.7341, -0.1074 1.1809 0.6373, -0.1142 1.1809 0.6325, -0.1167 1.1813 0.6282, -0.0992 1.1809 0.6409, -0.0916 1.1813 0.645, -0.111 1.1809 0.6107, -0.1616 1.1809 0.6485, -0.1396 1.1809 0.6486, -0.1711 1.1809 0.7341, -0.2276 1.1809 0.6519, -0.1991 1.1809 0.6777, -0.199 1.1809 0.6521, -0.1883 1.1809 0.6069, -0.1309 1.1809 0.5804, -0.1274 1.1813 0.5893, -0.1302 1.1809 0.589, -0.145 1.1809 0.6327, -0.1558 1.1809 0.6327, -0.1501 1.1813 0.6167, -0.2275 1.1809 0.6427, -0.1515 1.1809 0.5986, -0.2314 1.1809 0.6158, -0.23 1.1809 0.6775, -0.1989 1.1809 0.6429, -0.1987 1.1809 0.616, -0.3105 1.1813 0.6356, -0.3064 1.1813 0.6256, 0.2609 -1.0273 0.1969, 0.2544 -1.0474 0.1772, 0.2609 -1.0273 0.1772, 0.2544 -1.0474 0.1969, 0.2347 -1.0742 0.1772, 0.2347 -1.0742 0.1969, 0.2084 -1.0943 0.1772, 0.2084 -1.0943 0.1969, 0.1756 -1.101 0.1772, 0.1756 -1.101 0.1969, 0.1428 -1.101 0.1772, 0.1428 -1.101 0.1969, 0.1166 -1.0943 0.1969, 0.1166 -1.0943 0.1772, 0.0903 -1.0809 0.1969, 0.0903 -1.0809 0.1772, 0.0641 -1.0541 0.1969, 0.0641 -1.0541 0.1772, 0.0575 -1.0273 0.1969, 0.0575 -1.0273 0.1772, 0.0575 -1.0005 0.1772, 0.0575 -1.0005 0.1969, 0.0641 -0.9737 0.1772, 0.0641 -0.9737 0.1969, 0.0903 -0.9469 0.1772, 0.0903 -0.9469 0.1969, 0.1166 -0.9335 0.1772, 0.1166 -0.9335 0.1969, 0.1428 -0.9268 0.1772, 0.1428 -0.9268 0.1969, 0.1822 -0.9268 0.1969, 0.1822 -0.9268 0.1772, 0.2084 -0.9201 0.1772, 0.2084 -0.9201 0.1969, 0.2281 -0.9066 0.1772, 0.2281 -0.9066 0.1969, 0.2412 -0.8865 0.1772, 0.2412 -0.8865 0.1969, 0.2412 -0.8664 0.1772, 0.2412 -0.8664 0.1969, 0.2281 -0.8463 0.1969, 0.2281 -0.8463 0.1772, 0.2084 -0.8329 0.1969, 0.2084 -0.8329 0.1772, 0.1822 -0.8262 0.1969, 0.1822 -0.8262 0.1772, 0.1297 -0.8262 0.1772, 0.1297 -0.8262 0.1969, 0.1034 -0.8329 0.1772, 0.1034 -0.8329 0.1969, 0.0838 -0.853 0.1772, 0.0838 -0.853 0.1969, 0.0772 -0.8731 0.1772, 0.0772 -0.8731 0.1969, 0.0378 -0.8731 0.1772, 0.0378 -0.8731 0.1969, 0.0444 -0.8463 0.1772, 0.0444 -0.8463 0.1969, 0.0641 -0.8128 0.1772, 0.0641 -0.8128 0.1969, 0.0969 -0.7927 0.1772, 0.0969 -0.7927 0.1969, 0.1297 -0.786 0.1772, 0.1297 -0.786 0.1969, 0.1822 -0.786 0.1969, 0.1822 -0.786 0.1772, 0.215 -0.7927 0.1772, 0.215 -0.7927 0.1969, 0.2412 -0.8061 0.1772, 0.2412 -0.8061 0.1969, 0.2675 -0.8329 0.1772, 0.2675 -0.8329 0.1969, 0.2806 -0.8597 0.1772, 0.2806 -0.8597 0.1969, 0.2806 -0.8932 0.1969, 0.2806 -0.8932 0.1772, 0.2675 -0.9201 0.1772, 0.2675 -0.9201 0.1969, 0.2412 -0.9469 0.1772, 0.2412 -0.9469 0.1969, 0.215 -0.9603 0.1772, 0.215 -0.9603 0.1969, 0.1822 -0.967 0.1772, 0.1822 -0.967 0.1969, 0.1428 -0.967 0.1772, 0.1428 -0.967 0.1969, 0.1231 -0.9737 0.1772, 0.1231 -0.9737 0.1969, 0.1034 -0.9871 0.1772, 0.1034 -0.9871 0.1969, 0.0969 -1.0072 0.1772, 0.0969 -1.0072 0.1969, 0.0969 -1.0206 0.1969, 0.0969 -1.0206 0.1772, 0.1034 -1.0407 0.1772, 0.1034 -1.0407 0.1969, 0.1231 -1.0541 0.1772, 0.1231 -1.0541 0.1969, 0.1428 -1.0608 0.1772, 0.1428 -1.0608 0.1969, 0.1822 -1.0608 0.1969, 0.1822 -1.0608 0.1772, 0.2019 -1.0541 0.1772, 0.2019 -1.0541 0.1969, 0.215 -1.0407 0.1772, 0.215 -1.0407 0.1969, 0.2215 -1.0273 0.1772, 0.2215 -1.0273 0.1969, -0.264 -1.0675 0.1772, -0.264 -1.101 0.1772, -0.264 -1.101 0.1969, -0.264 -1.0675 0.1969, -0.159 -1.0675 0.1969, -0.159 -1.0675 0.1772, -0.159 -0.786 0.1772, -0.159 -0.786 0.1969, -0.1197 -0.786 0.1969, -0.1197 -0.786 0.1772, -0.1197 -1.0675 0.1969, -0.1197 -1.0675 0.1772, -0.0147 -1.0675 0.1969, -0.0147 -1.0675 0.1772, -0.0147 -1.101 0.1969, -0.0147 -1.101 0.1772, 0.0237 0.9526 0.1969, 0.05 0.9459 0.1772, 0.0237 0.9526 0.1772, 0.05 0.9459 0.1969, 0.0893 0.9459 0.1969, 0.0893 0.9459 0.1772, 0.1156 0.9526 0.1772, 0.1156 0.9526 0.1969, 0.1353 0.966 0.1772, 0.1353 0.966 0.1969, 0.1484 0.9861 0.1772, 0.1484 0.9861 0.1969, 0.155 1.0062 0.1772, 0.155 1.0062 0.1969, 0.155 1.0196 0.1772, 0.155 1.0196 0.1969, 0.1484 1.0397 0.1969, 0.1484 1.0397 0.1772, 0.1353 1.0598 0.1969, 0.1353 1.0598 0.1772, 0.1156 1.0732 0.1969, 0.1156 1.0732 0.1772, 0.0893 1.0799 0.1969, 0.0893 1.0799 0.1772, 0.05 1.0799 0.1772, 0.05 1.0799 0.1969, 0.0237 1.0732 0.1772, 0.0237 1.0732 0.1969, 0.004 1.0598 0.1772, 0.004 1.0598 0.1969, -0.0091 1.033 0.1772, -0.0091 1.033 0.1969, -0.0485 1.033 0.1772, -0.0485 1.033 0.1969, -0.0353 1.0598 0.1772, -0.0353 1.0598 0.1969, -0.0156 1.0866 0.1772, -0.0156 1.0866 0.1969, 0.0172 1.1067 0.1772, 0.0172 1.1067 0.1969, 0.05 1.1134 0.1772, 0.05 1.1134 0.1969, 0.0893 1.1134 0.1969, 0.0893 1.1134 0.1772, 0.1222 1.1067 0.1772, 0.1222 1.1067 0.1969, 0.155 1.0866 0.1772, 0.155 1.0866 0.1969, 0.1746 1.0598 0.1772, 0.1746 1.0598 0.1969, 0.1878 1.0263 0.1772, 0.1878 1.0263 0.1969, 0.1878 0.9995 0.1969, 0.1878 0.9995 0.1772, 0.1746 0.966 0.1772, 0.1746 0.966 0.1969, 0.155 0.9392 0.1772, 0.155 0.9392 0.1969, 0.1222 0.9191 0.1772, 0.1222 0.9191 0.1969, 0.0893 0.9124 0.1772, 0.0893 0.9124 0.1969, 0.05 0.9124 0.1772, 0.05 0.9124 0.1969, 0.0172 0.9191 0.1969, 0.0172 0.9191 0.1772, -0.0156 0.9392 0.1969, -0.0156 0.9392 0.1772, -0.0156 0.832 0.1969, -0.0156 0.832 0.1772, 0.1746 0.832 0.1969, 0.1746 0.832 0.1772, 0.1746 0.7985 0.1969, 0.1746 0.7985 0.1772, -0.0485 0.7985 0.1772, -0.0485 0.7985 0.1969, -0.0485 0.9727 0.1772, -0.0485 0.9727 0.1969, -0.0025 0.9727 0.1969, -0.0025 0.9727 0.1772, -0.1403 0.8521 0.1772, -0.1009 1.1134 0.1772, -0.1009 0.7985 0.1772, -0.1797 0.8454 0.1772, -0.1797 0.899 0.1772, -0.1403 0.7985 0.1772, -0.1403 1.1134 0.1772, -0.1009 0.7985 0.1969, -0.1009 1.1134 0.1969, -0.1403 0.7985 0.1969, -0.1797 0.8454 0.1969, -0.1797 0.899 0.1969, -0.1403 0.8521 0.1969, -0.1403 1.1134 0.1969, -1.1024 -0.3939 0.0394, 1.1024 -0.3939 0.1969, 1.1024 -0.3939 0.0394, -1.1024 -0.3939 0.1969, -1.1791 -0.4551 0.0394, -1.1811 -0.4726 0.1969, -1.1784 -0.4523 0.1969, -1.1417 -0.4044 0.1969, -1.1515 -0.4111 0.0394, -1.158 -0.417 0.1969, -1.1706 -0.4333 0.1969, -1.164 -0.4236 0.0394, -1.1733 -0.4386 0.0394, -1.1199 -0.3959 0.0394, -1.1227 -0.3966 0.1969, -1.1366 -0.4017 0.0394, -1.1811 -0.4726 0.0394, 1.1706 0.4329 0.1969, 1.164 0.4232 0.0394, 1.1733 0.4382 0.0394, 1.1811 0.4722 0.1969, 1.1784 0.4519 0.1969, 1.1791 0.4547 0.0394, 1.1366 0.4013 0.0394, 1.1227 0.3962 0.1969, 1.1199 0.3955 0.0394, 1.1417 0.4041 0.1969, 1.1515 0.4107 0.0394, 1.158 0.4166 0.1969, 1.1024 0.3935 0.0394, 1.1024 0.3935 0.1969, 1.1811 0.4722 0.0394, -1.1024 0.3935 0.1969, -1.1024 0.3935 0.0394, -1.1417 0.4041 0.1969, -1.1514 0.4106 0.0394, -1.1364 0.4013 0.0394, -1.1227 0.3962 0.1969, -1.1199 0.3955 0.0394, -1.1733 0.438 0.0394, -1.1784 0.4519 0.1969, -1.1791 0.4547 0.0394, -1.1706 0.4329 0.1969, -1.1639 0.4231 0.0394, -1.158 0.4166 0.1969, -1.1811 0.4722 0.0394, -1.1811 0.4722 0.1969, 0.6517 -1.1793 0.0394, 0.6693 -1.1813 0.1969, 0.6489 -1.1786 0.1969, 0.6011 -1.1419 0.1969, 0.6078 -1.1517 0.0394, 0.6136 -1.1582 0.1969, 0.6299 -1.1708 0.1969, 0.6203 -1.1642 0.0394, 0.6352 -1.1735 0.0394, 0.5906 -1.1026 0.1969, 0.5925 -1.1201 0.0394, 0.5932 -1.1229 0.1969, 0.5984 -1.1368 0.0394, 0.5906 -1.1026 0.0394, 0.6693 -1.1813 0.0394, 0.5906 -0.7876 0.1969, 0.5906 -0.7876 0.0394, 0.5512 -0.7194 0.1969, 0.561 -0.7261 0.0394, 0.5675 -0.7319 0.1969, 0.5734 -0.7386 0.0394, 0.546 -0.7167 0.0394, 0.5322 -0.7115 0.1969, 0.5294 -0.7108 0.0394, 0.5118 -0.7089 0.1969, 0.5118 -0.7089 0.0394, 0.58 -0.7482 0.1969, 0.5828 -0.7535 0.0394, 0.5879 -0.7672 0.1969, 0.5886 -0.77 0.0394, -0.5118 -0.7089 0.0394, -0.5118 -0.7089 0.1969, -0.58 -0.7482 0.1969, -0.5733 -0.7384 0.0394, -0.5675 -0.7319 0.1969, -0.5608 -0.726 0.0394, -0.5827 -0.7534 0.0394, -0.5879 -0.7672 0.1969, -0.5886 -0.77 0.0394, -0.5906 -0.7876 0.1969, -0.5906 -0.7876 0.0394, -0.5512 -0.7194 0.1969, -0.5459 -0.7166 0.0394, -0.5322 -0.7115 0.1969, -0.5294 -0.7108 0.0394, -0.5906 -1.1026 0.1969, -0.5906 -1.1026 0.0394, -0.5932 -1.1229 0.1969, -0.6299 -1.1708 0.1969, -0.6136 -1.1582 0.0394, -0.6136 -1.1582 0.1969, -0.6011 -1.1419 0.1969, -0.6011 -1.1419 0.0394, -0.5932 -1.1229 0.0394, -0.6693 -1.1813 0.1969, -0.6489 -1.1786 0.0394, -0.6489 -1.1786 0.1969, -0.6299 -1.1708 0.0394, -0.6693 -1.1813 0.0394, -0.6693 -1.1783 0.0243, -1.0236 -1.1698 0.0115, -0.6693 -1.1698 0.0115, -1.0236 -1.1783 0.0243, -1.0236 -1.1813 0.0394, -1.0236 -1.157 0.003, -0.6693 -1.157 0.003, -1.0236 -1.1419 0.0, -0.6693 -1.1419 0.0, -0.6111 -1.1362 0.0115, -0.6167 -1.1166 0.003, -0.6044 -1.12 0.0115, -0.5961 -1.1222 0.0243, -0.5935 -1.1026 0.0243, -0.6037 -1.1404 0.0243, -0.6157 -1.1561 0.0243, -0.6497 -1.1757 0.0243, -0.6415 -1.1304 0.0, -0.6421 -1.1497 0.003, -0.6497 -1.1367 0.0, -0.6519 -1.1675 0.0115, -0.6552 -1.1551 0.003, -0.659 -1.1405 0.0, -0.6314 -1.1682 0.0243, -0.6357 -1.1608 0.0115, -0.6308 -1.1411 0.003, -0.6221 -1.1298 0.003, -0.6218 -1.1501 0.0115, -0.6021 -1.1026 0.0115, -0.6149 -1.1026 0.003, -0.6299 -1.1026 0.0, -0.6313 -1.1129 0.0, -0.6353 -1.1224 0.0, -0.5935 -0.7876 0.0243, -0.6021 -0.7876 0.0115, -0.6149 -0.7876 0.003, -0.6299 -0.7876 0.0, -0.5628 -0.7237 0.0243, -0.53 -0.7079 0.0243, -0.5118 -0.7059 0.0243, -0.551 -0.7063 0.0115, -0.5761 -0.707 0.003, -0.5565 -0.6948 0.003, -0.5757 -0.7366 0.0243, -0.5855 -0.7521 0.0243, -0.5931 -0.7484 0.0115, -0.5915 -0.7694 0.0243, -0.6182 -0.7364 0.0, -0.5924 -0.7234 0.003, -0.6046 -0.7429 0.003, -0.5824 -0.7313 0.0115, -0.5998 -0.7675 0.0115, -0.627 -0.7613 0.0, -0.6123 -0.7647 0.003, -0.5681 -0.717 0.0115, -0.5473 -0.714 0.0243, -0.5319 -0.6996 0.0115, -0.5347 -0.6871 0.003, -0.5118 -0.6973 0.0115, -0.5118 -0.6846 0.003, -0.5118 -0.6695 0.0, -0.5381 -0.6724 0.0, -0.5631 -0.6812 0.0, -0.5855 -0.6953 0.0, -0.6042 -0.714 0.0, 0.5118 -0.7059 0.0243, 0.5118 -0.6973 0.0115, 0.5118 -0.6846 0.003, 0.5118 -0.6695 0.0, 0.5757 -0.7366 0.0243, 0.5915 -0.7694 0.0243, 0.5935 -0.7876 0.0243, 0.6046 -0.7429 0.003, 0.5931 -0.7484 0.0115, 0.5924 -0.7234 0.003, 0.5628 -0.7237 0.0243, 0.5473 -0.714 0.0243, 0.551 -0.7063 0.0115, 0.53 -0.7079 0.0243, 0.5631 -0.6812 0.0, 0.5761 -0.707 0.003, 0.5565 -0.6948 0.003, 0.5681 -0.717 0.0115, 0.5319 -0.6996 0.0115, 0.5381 -0.6724 0.0, 0.5347 -0.6871 0.003, 0.5824 -0.7313 0.0115, 0.5855 -0.7521 0.0243, 0.5998 -0.7675 0.0115, 0.6123 -0.7647 0.003, 0.6021 -0.7876 0.0115, 0.6149 -0.7876 0.003, 0.6299 -0.7876 0.0, 0.627 -0.7613 0.0, 0.6182 -0.7364 0.0, 0.6042 -0.714 0.0, 0.5855 -0.6953 0.0, 0.5935 -1.1026 0.0243, 0.6021 -1.1026 0.0115, 0.6149 -1.1026 0.003, 0.6299 -1.1026 0.0, 0.6156 -1.1563 0.0249, 0.6321 -1.1688 0.0249, 0.6507 -1.1762 0.0249, 0.6693 -1.1783 0.0243, 0.6041 -1.119 0.0115, 0.6107 -1.1354 0.0115, 0.5956 -1.1211 0.0249, 0.603 -1.1397 0.0249, 0.6223 -1.1289 0.0028, 0.6171 -1.1157 0.0028, 0.6312 -1.1406 0.0028, 0.6351 -1.1221 0.0, 0.6415 -1.1304 0.0, 0.6495 -1.1366 0.0, 0.6429 -1.1495 0.0028, 0.6313 -1.1129 0.0, 0.659 -1.1405 0.0, 0.6561 -1.1548 0.0028, 0.6693 -1.157 0.003, 0.6693 -1.1419 0.0, 0.6529 -1.1677 0.0115, 0.6693 -1.1698 0.0115, 0.6364 -1.1612 0.0115, 0.6218 -1.1501 0.0115, 1.0236 -1.1783 0.0243, 1.0236 -1.1698 0.0115, 1.0236 -1.1813 0.0394, 1.0236 -1.157 0.003, 1.0236 -1.1419 0.0, -1.0236 -1.1813 1.2402, 1.0236 -1.1813 1.2402, -1.1546 -1.1113 0.0394, -1.1691 -1.0841 1.2402, -1.1691 -1.0841 0.0394, -1.1781 -1.0545 0.0394, -1.1811 -1.0238 0.4528, -1.1811 -1.0238 0.3543, -1.1811 -1.0238 0.2493, -1.1811 -1.0238 0.0394, -1.1811 -1.0238 0.1444, -1.0839 -1.1693 0.0394, -1.0839 -1.1693 1.2402, -1.1111 -1.1548 1.2402, -1.135 -1.1352 0.0394, -1.1111 -1.1548 0.0394, -1.135 -1.1352 1.2402, -1.0543 -1.1783 0.0394, -1.0543 -1.1783 1.2402, -1.1546 -1.1113 1.2402, -1.1781 -1.0545 1.2402, -1.1811 -1.0238 1.2402, 1.0839 -1.1693 1.2402, 1.0543 -1.1783 1.2402, 1.1546 1.1109 1.2402, 1.135 1.1348 1.2402, 1.1111 1.1544 1.2402, 1.1111 -1.1548 1.2402, 1.135 -1.1352 1.2402, 1.1781 -1.0545 1.2402, 1.1811 -1.0238 1.2402, 1.1691 -1.0841 1.2402, 1.1546 -1.1113 1.2402, -0.6593 0.1998 1.2402, -1.1811 1.0234 1.2402, -0.6757 0.1342 1.2402, 1.0839 1.1689 1.2402, 1.1691 1.0837 1.2402, 1.1781 1.0541 1.2402, 1.0543 1.1779 1.2402, 1.1811 1.0234 1.2402, -1.0543 1.1779 1.2402, -1.0839 1.1689 1.2402, -1.1111 1.1544 1.2402, -1.135 1.1348 1.2402, -1.1546 1.1109 1.2402, -1.1691 1.0837 1.2402, -1.1781 1.0541 1.2402, 0.0675 0.6855 1.2402, -0.0 0.6888 1.2402, -0.6857 0.0673 1.2402, -0.2 0.6591 1.2402, -0.1344 0.6755 1.2402, -0.6365 0.2635 1.2402, -0.6076 0.3246 1.2402, -0.5729 0.3826 1.2402, -0.5326 0.4369 1.2402, -0.4872 0.487 1.2402, -0.3828 0.5727 1.2402, -0.4371 0.5324 1.2402, -0.2637 0.6363 1.2402, -0.3248 0.6074 1.2402, -0.0675 0.6855 1.2402, 0.1344 0.6755 1.2402, 0.2 0.6591 1.2402, 0.2637 0.6363 1.2402, 0.3248 0.6074 1.2402, 0.3828 0.5727 1.2402, 0.4371 0.5324 1.2402, 0.4872 0.487 1.2402, 0.5326 0.4369 1.2402, 0.6076 0.3246 1.2402, 0.5729 0.3826 1.2402, 0.6593 0.1998 1.2402, 0.6365 0.2635 1.2402, 0.6857 0.0673 1.2402, 0.6757 0.1342 1.2402, 1.1546 1.1109 0.0394, 1.1691 1.0837 0.0394, 1.1781 1.0541 0.0394, 1.1811 1.0234 0.4528, 1.1811 1.0234 0.3543, 1.1811 1.0234 0.2493, 1.1811 1.0234 0.0394, 1.1811 1.0234 0.1444, 1.0839 1.1689 0.0394, 1.135 1.1348 0.0394, 1.1111 1.1544 0.0394, 1.0543 1.1779 0.0394, -1.1811 1.0234 0.2493, -1.1781 1.0541 0.0394, -1.1811 1.0234 0.1444, -1.1811 1.0234 0.4528, -1.1811 1.0234 0.3543, -1.135 1.1348 0.0394, -1.1546 1.1109 0.0394, -1.1691 1.0837 0.0394, -1.0839 1.1689 0.0394, -1.1111 1.1544 0.0394, -1.0543 1.1779 0.0394, -1.1811 1.0234 0.0394, -1.1467 1.0744 0.003, -1.1328 1.0686 0.0, -1.1395 1.0465 0.0, -1.1751 1.0536 0.0243, -1.1781 1.0234 0.0243, -1.1663 1.0825 0.0243, -1.1521 1.1093 0.0243, -1.0827 1.1661 0.0243, -1.0976 1.1342 0.003, -1.0795 1.1583 0.0115, -1.0746 1.1465 0.003, -1.1268 1.1266 0.0115, -1.1344 1.0974 0.003, -1.145 1.1045 0.0115, -1.0521 1.1666 0.0115, -1.0538 1.1749 0.0243, -1.0236 1.1779 0.0243, -1.0236 1.1694 0.0115, -1.0496 1.154 0.003, -1.0689 1.1325 0.0, -1.0236 1.1566 0.003, -1.0236 1.1415 0.0, -1.0467 1.1393 0.0, -1.1178 1.1176 0.003, -1.1047 1.1448 0.0115, -1.1219 1.089 0.0, -1.1329 1.1327 0.0243, -1.1542 1.0494 0.003, -1.1568 1.0234 0.003, -1.1417 1.0234 0.0, -1.1668 1.0519 0.0115, -1.1696 1.0234 0.0115, -1.1585 1.0793 0.0115, -1.1094 1.1519 0.0243, -1.1072 1.1069 0.0, -1.0893 1.1216 0.0, -1.1781 0.4722 0.0243, -1.1696 0.4722 0.0115, -1.1568 0.4722 0.003, -1.1417 0.4722 0.0, -1.1024 0.405 0.0115, -1.1155 0.42 0.0028, -1.1024 0.4178 0.003, -1.1561 0.4185 0.0249, -1.1686 0.4351 0.0249, -1.1188 0.4071 0.0115, -1.1352 0.4136 0.0115, -1.1287 0.4253 0.0028, -1.1395 0.406 0.0249, -1.1209 0.3986 0.0249, -1.1499 0.4247 0.0115, -1.1127 0.4343 0.0, -1.1024 0.4329 0.0, -1.1364 0.4524 0.0, -1.1404 0.4342 0.0028, -1.1493 0.4459 0.0028, -1.1404 0.4619 0.0, -1.1546 0.4591 0.0028, -1.176 0.4537 0.0249, -1.1675 0.4558 0.0115, -1.1219 0.4381 0.0, -1.1302 0.4444 0.0, -1.161 0.4394 0.0115, -1.1024 0.3965 0.0243, 1.1024 0.3965 0.0243, 1.1024 0.405 0.0115, 1.1024 0.4178 0.003, 1.1024 0.4329 0.0, 1.1686 0.4351 0.0249, 1.176 0.4537 0.0249, 1.1561 0.4185 0.0249, 1.1395 0.406 0.0249, 1.1696 0.4722 0.0115, 1.1546 0.4591 0.0028, 1.1568 0.4722 0.003, 1.1493 0.4459 0.0028, 1.1675 0.4558 0.0115, 1.161 0.4394 0.0115, 1.1499 0.4247 0.0115, 1.1404 0.4619 0.0, 1.1417 0.4722 0.0, 1.1222 0.4382 0.0, 1.1404 0.4342 0.0028, 1.1287 0.4253 0.0028, 1.1127 0.4343 0.0, 1.1155 0.42 0.0028, 1.1209 0.3986 0.0249, 1.1188 0.4071 0.0115, 1.1365 0.4527 0.0, 1.1302 0.4444 0.0, 1.1352 0.4136 0.0115, 1.1781 0.4722 0.0243, 1.1781 1.0234 0.0243, 1.1696 1.0234 0.0115, 1.1568 1.0234 0.003, 1.1417 1.0234 0.0, 1.0746 1.1465 0.003, 1.0688 1.1326 0.0, 1.0467 1.1393 0.0, 1.0538 1.1749 0.0243, 1.0236 1.1779 0.0243, 1.0827 1.1661 0.0243, 1.1094 1.1519 0.0243, 1.1663 1.0825 0.0243, 1.1344 1.0974 0.003, 1.1585 1.0793 0.0115, 1.1467 1.0744 0.003, 1.1268 1.1266 0.0115, 1.0976 1.1342 0.003, 1.1047 1.1448 0.0115, 1.1668 1.0519 0.0115, 1.1751 1.0536 0.0243, 1.1542 1.0494 0.003, 1.1327 1.0687 0.0, 1.1395 1.0465 0.0, 1.1178 1.1176 0.003, 1.145 1.1045 0.0115, 1.0892 1.1217 0.0, 1.1329 1.1327 0.0243, 1.0496 1.154 0.003, 1.0236 1.1566 0.003, 1.0236 1.1415 0.0, 1.0521 1.1666 0.0115, 1.0236 1.1694 0.0115, 1.0795 1.1583 0.0115, 1.1521 1.1093 0.0243, 1.1071 1.107 0.0, 1.1218 1.0891 0.0, 0.6693 1.1779 0.0243, 0.6693 1.1694 0.0115, 0.6693 1.1566 0.003, 0.6693 1.1415 0.0, 0.6517 1.1789 0.0394, 0.5984 1.1364 0.0394, 0.603 1.1393 0.0249, 0.5956 1.1207 0.0249, 0.6312 1.1403 0.0028, 0.6429 1.1491 0.0028, 0.6495 1.1362 0.0, 0.5925 1.1197 0.0394, 0.5906 1.1022 0.0394, 0.6156 1.1559 0.0249, 0.6203 1.1638 0.0394, 0.6321 1.1684 0.0249, 0.6218 1.1497 0.0115, 0.6561 1.1544 0.0028, 0.659 1.1402 0.0, 0.6507 1.1758 0.0249, 0.6529 1.1673 0.0115, 0.6223 1.1285 0.0028, 0.6107 1.135 0.0115, 0.6171 1.1153 0.0028, 0.6041 1.1186 0.0115, 0.6078 1.1513 0.0394, 0.6021 1.1022 0.0115, 0.6149 1.1022 0.003, 0.6299 1.1022 0.0, 0.6313 1.1125 0.0, 0.6351 1.1217 0.0, 0.6415 1.13 0.0, 0.6364 1.1608 0.0115, 0.6352 1.1731 0.0394, 0.5935 1.1022 0.0243, 0.6011 1.1415 0.1969, 0.5906 1.1022 0.1969, 0.5932 1.1225 0.1969, 0.6489 1.1782 0.1969, 0.6299 1.1704 0.1969, 0.6136 1.1578 0.1969, -0.6693 1.1694 0.0115, -0.6693 1.1779 0.0243, -0.6693 1.1566 0.003, -0.6693 1.1415 0.0, -0.6561 1.1544 0.0028, -0.6156 1.1559 0.0249, -0.6077 1.1512 0.0394, -0.603 1.1393 0.0249, -0.6529 1.1673 0.0115, -0.6364 1.1608 0.0115, -0.6429 1.1491 0.0028, -0.6351 1.1731 0.0394, -0.6321 1.1684 0.0249, -0.6507 1.1758 0.0249, -0.6517 1.1789 0.0394, -0.6218 1.1497 0.0115, -0.659 1.1402 0.0, -0.6201 1.1637 0.0394, -0.6353 1.122 0.0, -0.6312 1.1403 0.0028, -0.6223 1.1285 0.0028, -0.6313 1.1125 0.0, -0.6171 1.1153 0.0028, -0.5956 1.1207 0.0249, -0.5935 1.1022 0.0243, -0.6021 1.1022 0.0115, -0.6041 1.1186 0.0115, -0.5925 1.1197 0.0394, -0.5906 1.1022 0.0394, -0.6149 1.1022 0.003, -0.6299 1.1022 0.0, -0.6497 1.1363 0.0, -0.6415 1.13 0.0, -0.6107 1.135 0.0115, -0.5983 1.1363 0.0394, -0.6299 1.1704 0.1969, -0.6489 1.1782 0.1969, -0.5932 1.1225 0.1969, -0.6011 1.1415 0.1969, -0.6136 1.1578 0.1969, -0.5906 1.1022 0.1969, -0.5906 0.7872 0.1969, -0.5906 0.7872 0.0394, -0.5734 0.7382 0.0394, -0.5675 0.7315 0.1969, -0.561 0.7257 0.0394, -0.5512 0.719 0.1969, -0.546 0.7163 0.0394, -0.5294 0.7104 0.0394, -0.5322 0.7111 0.1969, -0.5118 0.7085 0.1969, -0.5118 0.7085 0.0394, -0.58 0.7478 0.1969, -0.5828 0.7531 0.0394, -0.5879 0.7668 0.1969, -0.5886 0.7697 0.0394, 0.5118 0.7085 0.1969, 0.5118 0.7085 0.0394, 0.5608 0.7256 0.0394, 0.5675 0.7315 0.1969, 0.5733 0.7381 0.0394, 0.58 0.7478 0.1969, 0.5827 0.753 0.0394, 0.5886 0.7697 0.0394, 0.5879 0.7668 0.1969, 0.5906 0.7872 0.1969, 0.5906 0.7872 0.0394, 0.5512 0.719 0.1969, 0.5459 0.7162 0.0394, 0.5322 0.7111 0.1969, 0.5294 0.7104 0.0394, 0.5935 0.7872 0.0243, 0.5915 0.769 0.0243, 0.5473 0.7136 0.0243, 0.53 0.7075 0.0243, 0.5319 0.6992 0.0115, 0.5118 0.7055 0.0243, 0.5681 0.7166 0.0115, 0.5757 0.7362 0.0243, 0.5824 0.7309 0.0115, 0.5998 0.7671 0.0115, 0.5931 0.748 0.0115, 0.551 0.7059 0.0115, 0.5628 0.7233 0.0243, 0.6021 0.7872 0.0115, 0.6046 0.7425 0.003, 0.6042 0.7136 0.0, 0.5924 0.723 0.003, 0.6149 0.7872 0.003, 0.627 0.7609 0.0, 0.6123 0.7643 0.003, 0.6182 0.736 0.0, 0.5118 0.6969 0.0115, 0.5118 0.6842 0.003, 0.5855 0.6949 0.0, 0.5761 0.7066 0.003, 0.6299 0.7872 0.0, 0.5347 0.6867 0.003, 0.5631 0.6808 0.0, 0.5565 0.6944 0.003, 0.5855 0.7517 0.0243, 0.5118 0.6691 0.0, 0.5381 0.6721 0.0, -0.5118 0.7055 0.0243, -0.5118 0.6969 0.0115, -0.5118 0.6842 0.003, -0.5118 0.6691 0.0, -0.53 0.7075 0.0243, -0.5855 0.7517 0.0243, -0.5915 0.769 0.0243, -0.5998 0.7671 0.0115, -0.5935 0.7872 0.0243, -0.5824 0.7309 0.0115, -0.5628 0.7233 0.0243, -0.5681 0.7166 0.0115, -0.5319 0.6992 0.0115, -0.551 0.7059 0.0115, -0.5931 0.748 0.0115, -0.5757 0.7362 0.0243, -0.5565 0.6944 0.003, -0.5855 0.6949 0.0, -0.5761 0.7066 0.003, -0.5381 0.6721 0.0, -0.5347 0.6867 0.003, -0.5631 0.6808 0.0, -0.6042 0.7136 0.0, -0.5924 0.723 0.003, -0.6046 0.7425 0.003, -0.6182 0.736 0.0, -0.5473 0.7136 0.0243, -0.6021 0.7872 0.0115, -0.6149 0.7872 0.003, -0.6123 0.7643 0.003, -0.6299 0.7872 0.0, -0.627 0.7609 0.0, 1.1706 -0.4333 0.1969, 1.158 -0.417 0.1969, 1.1784 -0.4523 0.1969, 1.1811 -0.4726 0.1969, 1.1417 -0.4044 0.1969, 1.1227 -0.3966 0.1969, 1.158 -0.417 0.0394, 1.1417 -0.4044 0.0394, 1.1227 -0.3966 0.0394, 1.1784 -0.4523 0.0394, 1.1706 -0.4333 0.0394, 1.1811 -0.4726 0.0394, 1.1781 -0.4726 0.0243, 1.1696 -1.0238 0.0115, 1.1696 -0.4726 0.0115, 1.1781 -1.0238 0.0243, 1.1811 -1.0238 0.0394, 1.1568 -1.0238 0.003, 1.1568 -0.4726 0.003, 1.1417 -1.0238 0.0, 1.1417 -0.4726 0.0, 1.136 -0.4144 0.0115, 1.1165 -0.4201 0.003, 1.1198 -0.4077 0.0115, 1.122 -0.3995 0.0243, 1.1024 -0.3969 0.0243, 1.1402 -0.407 0.0243, 1.1559 -0.4191 0.0243, 1.1755 -0.453 0.0243, 1.1302 -0.4448 0.0, 1.1495 -0.4454 0.003, 1.1365 -0.4531 0.0, 1.1673 -0.4552 0.0115, 1.1549 -0.4585 0.003, 1.1404 -0.4623 0.0, 1.168 -0.4348 0.0243, 1.1606 -0.439 0.0115, 1.1409 -0.4341 0.003, 1.1296 -0.4255 0.003, 1.1499 -0.4251 0.0115, 1.1024 -0.4054 0.0115, 1.1024 -0.4182 0.003, 1.1024 -0.4333 0.0, 1.1127 -0.4346 0.0, 1.1222 -0.4386 0.0, -1.1024 -0.3969 0.0243, -1.1024 -0.4054 0.0115, -1.1024 -0.4182 0.003, -1.1024 -0.4333 0.0, -1.1561 -0.4189 0.0249, -1.1686 -0.4355 0.0249, -1.176 -0.4541 0.0249, -1.1781 -0.4726 0.0243, -1.1188 -0.4075 0.0115, -1.1352 -0.414 0.0115, -1.1209 -0.399 0.0249, -1.1395 -0.4064 0.0249, -1.1287 -0.4257 0.0028, -1.1155 -0.4204 0.0028, -1.1404 -0.4346 0.0028, -1.1219 -0.4385 0.0, -1.1302 -0.4448 0.0, -1.1364 -0.4528 0.0, -1.1493 -0.4463 0.0028, -1.1127 -0.4346 0.0, -1.1404 -0.4623 0.0, -1.1546 -0.4595 0.0028, -1.1568 -0.4726 0.003, -1.1417 -0.4726 0.0, -1.1675 -0.4562 0.0115, -1.1696 -0.4726 0.0115, -1.161 -0.4398 0.0115, -1.1499 -0.4251 0.0115, -1.1781 -1.0238 0.0243, -1.1696 -1.0238 0.0115, -1.1568 -1.0238 0.003, -1.1417 -1.0238 0.0, -1.0746 -1.1469 0.003, -1.0689 -1.1329 0.0, -1.0467 -1.1397 0.0, -1.0538 -1.1753 0.0243, -1.0827 -1.1665 0.0243, -1.1094 -1.1523 0.0243, -1.1663 -1.0829 0.0243, -1.1344 -1.0978 0.003, -1.1585 -1.0797 0.0115, -1.1467 -1.0748 0.003, -1.1268 -1.127 0.0115, -1.0976 -1.1346 0.003, -1.1047 -1.1452 0.0115, -1.1668 -1.0523 0.0115, -1.1751 -1.054 0.0243, -1.1542 -1.0498 0.003, -1.1328 -1.0689 0.0, -1.1395 -1.0469 0.0, -1.1178 -1.118 0.003, -1.145 -1.1049 0.0115, -1.0893 -1.122 0.0, -1.1329 -1.1331 0.0243, -1.0496 -1.1544 0.003, -1.0521 -1.167 0.0115, -1.0795 -1.1587 0.0115, -1.1521 -1.1096 0.0243, -1.1072 -1.1073 0.0, -1.1219 -1.0894 0.0, 1.1071 -1.1074 0.0, 1.1327 -1.0691 0.0, 1.1218 -1.0895 0.0, 1.0892 -1.1221 0.0, 1.0688 -1.133 0.0, 1.0467 -1.1397 0.0, 1.1395 -1.0469 0.0, 1.1467 -1.0748 0.003, 1.1781 -1.0545 0.0394, 1.1751 -1.054 0.0243, 1.1663 -1.0829 0.0243, 1.1691 -1.0841 0.0394, 1.1546 -1.1113 0.0394, 1.1521 -1.1096 0.0243, 1.0827 -1.1665 0.0243, 1.0839 -1.1693 0.0394, 1.0543 -1.1783 0.0394, 1.0976 -1.1346 0.003, 1.0795 -1.1587 0.0115, 1.0746 -1.1469 0.003, 1.1268 -1.127 0.0115, 1.1344 -1.0978 0.003, 1.145 -1.1049 0.0115, 1.0521 -1.167 0.0115, 1.0538 -1.1753 0.0243, 1.0496 -1.1544 0.003, 1.1178 -1.118 0.003, 1.1047 -1.1452 0.0115, 1.135 -1.1352 0.0394, 1.1329 -1.1331 0.0243, 1.1542 -1.0498 0.003, 1.1668 -1.0523 0.0115, 1.1585 -1.0797 0.0115, 1.1111 -1.1548 0.0394, 1.1094 -1.1523 0.0243, 1.1811 -1.0238 0.2493, 1.1811 -1.0238 0.1444, 1.1811 -1.0238 0.4528, 1.1811 -1.0238 0.3543, 1.1811 -0.7482 0.3543, 1.1811 0.7478 0.4528, 1.1811 -0.7482 0.4528, 1.1811 0.7478 0.3543, -1.1811 0.7478 0.4528, -1.1811 0.7478 0.3543, -1.1811 -0.7482 0.4528, -1.1811 -0.7482 0.3543, 0.5099 -0.219 1.9685, 0.552 -0.0563 1.9685, 0.4554 -0.3171 1.9685, 0.4851 -0.2694 1.9685, 0.5294 -0.1663 1.9685, 0.5435 -0.1118 1.9685, 0.3396 -0.4389 1.9685, 0.3823 -0.4023 1.9685, 0.421 -0.3616 1.9685, 0.2935 -0.4711 1.9685, 0.1391 -0.5373 1.9685, 0.1927 -0.5205 1.9685, 0.2444 -0.4983 1.9685, -0.0281 -0.5543 1.9685, -0.552 -0.0563 1.9685, 0.0841 -0.5486 1.9685, 0.0282 -0.5543 1.9685, -0.5294 -0.1663 1.9685, -0.5099 -0.219 1.9685, -0.1927 -0.5205 1.9685, -0.5435 -0.1119 1.9685, -0.139 -0.5373 1.9685, -0.084 -0.5486 1.9685, -0.421 -0.3616 1.9685, -0.3396 -0.439 1.9685, -0.4554 -0.3172 1.9685, -0.2935 -0.4711 1.9685, -0.2443 -0.4983 1.9685, -0.4851 -0.2695 1.9685, -0.3822 -0.4024 1.9685, -0.5987 -0.188 1.9436, -0.5766 -0.2476 1.9436, -0.5775 -0.1814 1.9572, -0.6659 -0.0679 1.8793, -0.6557 -0.1349 1.8793, 0.6659 -0.0679 1.8793, -0.6569 -0.067 1.9036, -0.6428 -0.0656 1.9254, -0.6164 -0.1936 1.9254, -0.6146 -0.1265 1.9436, -0.6329 -0.1303 1.9254, -0.5486 -0.3047 1.9436, -0.515 -0.3586 1.9436, -0.5292 -0.2939 1.9572, -0.5937 -0.255 1.9254, -0.5649 -0.3137 1.9254, -0.4761 -0.4089 1.9436, -0.4968 -0.346 1.9572, -0.5303 -0.3693 1.9254, -0.4902 -0.421 1.9254, -0.3705 -0.4789 1.9572, -0.3841 -0.4964 1.9436, -0.3319 -0.5327 1.9436, -0.4323 -0.455 1.9436, -0.417 -0.4389 1.9572, -0.2179 -0.5886 1.9436, -0.1573 -0.6076 1.9436, -0.2102 -0.5678 1.9572, -0.3418 -0.5485 1.9254, -0.2845 -0.5803 1.9254, 0.0318 -0.6268 1.9436, -0.0307 -0.6047 1.9572, -0.0318 -0.6268 1.9436, -0.0978 -0.6388 1.9254, -0.1619 -0.6256 1.9254, 0.1517 -0.5862 1.9572, 0.1573 -0.6076 1.9436, 0.2179 -0.5886 1.9436, 0.0327 -0.6454 1.9254, 0.0978 -0.6388 1.9254, 0.3955 -0.5111 1.9254, 0.3319 -0.5327 1.9436, 0.3418 -0.5485 1.9254, 0.2244 -0.6061 1.9254, 0.2845 -0.5803 1.9254, 0.4761 -0.4089 1.9436, 0.417 -0.4389 1.9572, 0.4323 -0.455 1.9436, 0.3705 -0.4789 1.9572, 0.3841 -0.4964 1.9436, 0.5486 -0.3047 1.9436, 0.5766 -0.2476 1.9436, 0.5292 -0.2939 1.9572, 0.4593 -0.3945 1.9572, 0.515 -0.3586 1.9436, 0.5688 -0.1171 1.9656, 0.5777 -0.0589 1.9656, 0.5649 -0.3137 1.9254, 0.5303 -0.3693 1.9254, 0.5562 -0.2389 1.9572, 0.5775 -0.1814 1.9572, 0.5336 -0.2292 1.9656, 0.4902 -0.421 1.9254, 0.4968 -0.346 1.9572, 0.6557 -0.1349 1.8793, 0.6387 -0.2006 1.8793, 0.6151 -0.2642 1.8793, 0.6569 -0.067 1.9036, 0.6468 -0.1331 1.9036, 0.5541 -0.174 1.9656, 0.4451 -0.4685 1.9254, 0.5853 -0.325 1.8793, 0.3202 -0.5139 1.9572, 0.2666 -0.5436 1.9572, 0.2763 -0.5635 1.9436, 0.1619 -0.6256 1.9254, 0.2102 -0.5678 1.9572, 0.0917 -0.5985 1.9572, 0.095 -0.6204 1.9436, -0.0327 -0.6454 1.9254, 0.0307 -0.6047 1.9572, -0.0917 -0.5985 1.9572, -0.095 -0.6204 1.9436, -0.2244 -0.6061 1.9254, -0.1517 -0.5862 1.9572, -0.2763 -0.5635 1.9436, -0.2666 -0.5436 1.9572, -0.3955 -0.5111 1.9254, -0.3202 -0.5139 1.9572, -0.4451 -0.4685 1.9254, -0.4593 -0.3945 1.9572, -0.5562 -0.2389 1.9572, -0.6242 -0.0637 1.9436, -0.5929 -0.122 1.9572, -0.6022 -0.0614 1.9572, -0.5777 -0.0589 1.9656, -0.6387 -0.2006 1.8793, -0.6468 -0.1331 1.9036, -0.5688 -0.1171 1.9656, -0.6151 -0.2642 1.8793, -0.63 -0.1979 1.9036, -0.5541 -0.174 1.9656, -0.5853 -0.325 1.8793, -0.6068 -0.2606 1.9036, -0.5336 -0.2292 1.9656, -0.5494 -0.3826 1.8793, -0.5773 -0.3206 1.9036, -0.5077 -0.282 1.9656, -0.5079 -0.4362 1.8793, -0.5419 -0.3774 1.9036, -0.4766 -0.3319 1.9656, -0.4612 -0.4854 1.8793, -0.501 -0.4303 1.9036, -0.4406 -0.3784 1.9656, -0.4097 -0.5295 1.8793, -0.4549 -0.4788 1.9036, -0.4001 -0.4211 1.9656, -0.3541 -0.5683 1.8793, -0.4042 -0.5223 1.9036, -0.3554 -0.4594 1.9656, -0.2948 -0.6012 1.8793, -0.3493 -0.5605 1.9036, -0.3072 -0.493 1.9656, -0.2325 -0.6279 1.8793, -0.2908 -0.593 1.9036, -0.2557 -0.5216 1.9656, -0.1678 -0.6482 1.8793, -0.2293 -0.6194 1.9036, -0.2017 -0.5448 1.9656, -0.1014 -0.6619 1.8793, -0.1655 -0.6394 1.9036, -0.1456 -0.5624 1.9656, -0.0339 -0.6687 1.8793, -0.1 -0.6529 1.9036, -0.0879 -0.5742 1.9656, 0.0339 -0.6687 1.8793, -0.0334 -0.6596 1.9036, -0.0294 -0.5801 1.9656, 0.1014 -0.6619 1.8793, 0.0334 -0.6596 1.9036, 0.0294 -0.5801 1.9656, 0.1678 -0.6482 1.8793, 0.1 -0.6529 1.9036, 0.0879 -0.5742 1.9656, 0.2325 -0.6279 1.8793, 0.1655 -0.6394 1.9036, 0.1456 -0.5624 1.9656, 0.2948 -0.6012 1.8793, 0.2293 -0.6194 1.9036, 0.2017 -0.5448 1.9656, 0.3541 -0.5683 1.8793, 0.2908 -0.593 1.9036, 0.2557 -0.5216 1.9656, 0.4097 -0.5295 1.8793, 0.3493 -0.5605 1.9036, 0.3072 -0.493 1.9656, 0.4612 -0.4854 1.8793, 0.4042 -0.5223 1.9036, 0.3554 -0.4594 1.9656, 0.5079 -0.4362 1.8793, 0.4549 -0.4788 1.9036, 0.4001 -0.4211 1.9656, 0.5494 -0.3826 1.8793, 0.501 -0.4303 1.9036, 0.4406 -0.3784 1.9656, 0.5419 -0.3774 1.9036, 0.4766 -0.3319 1.9656, 0.5987 -0.188 1.9436, 0.6164 -0.1936 1.9254, 0.6329 -0.1303 1.9254, 0.5773 -0.3206 1.9036, 0.5077 -0.282 1.9656, 0.5937 -0.255 1.9254, 0.6068 -0.2606 1.9036, 0.63 -0.1979 1.9036, 0.6146 -0.1265 1.9436, 0.5929 -0.122 1.9572, 0.6428 -0.0656 1.9254, 0.6242 -0.0637 1.9436, 0.6022 -0.0614 1.9572, -0.1802 1.1809 0.8038, -0.1729 1.1809 0.8049, -0.1801 1.1809 0.7444, -0.165 1.1809 0.7433, -0.1727 1.1809 0.7433, -0.1653 1.1809 0.805, -0.158 1.1813 0.805, -0.1575 1.1813 0.7433, -0.187 1.1809 0.7471, -0.193 1.1813 0.7514, -0.187 1.1809 0.8013, -0.1931 1.1813 0.7973, -0.1995 1.1809 0.7613, -0.2017 1.1813 0.7746, -0.1996 1.1809 0.7878, -0.2662 1.1813 0.7644, -0.2616 1.1809 0.7773, -0.2441 1.1809 0.7774, -0.257 1.1809 0.7902, -0.2488 1.1809 0.7903, -0.2529 1.1813 0.8034, -0.2394 1.1813 0.7646, -0.0302 1.1809 0.6283, -0.0393 1.1809 0.6344, -0.0322 1.1813 0.6314, -0.0295 1.1813 0.6242, -0.046 1.1809 0.616, -0.0357 1.1809 0.6156, -0.04 1.1813 0.6149, -0.0302 1.1809 0.6205, -0.0324 1.1813 0.6175, -0.0509 1.1813 0.6195, -0.0542 1.1809 0.6246, -0.0474 1.1809 0.6356, -0.0553 1.1809 0.6305, -0.0553 1.1813 0.6366, -0.2796 1.1809 0.6761, -0.2722 1.1809 0.6771, -0.2795 1.1809 0.6167, -0.2644 1.1809 0.6155, -0.2721 1.1809 0.6156, -0.2647 1.1809 0.6773, -0.2573 1.1813 0.6773, -0.2569 1.1813 0.6156, -0.2864 1.1809 0.6193, -0.2924 1.1813 0.6237, -0.2864 1.1809 0.6736, -0.2925 1.1813 0.6695, -0.2989 1.1809 0.6336, -0.3011 1.1813 0.6469, -0.299 1.1809 0.6601, -0.3656 1.1813 0.6366, -0.361 1.1809 0.6496, -0.3435 1.1809 0.6497, -0.3564 1.1809 0.6625, -0.3482 1.1809 0.6626, -0.3523 1.1813 0.6756, -0.3387 1.1813 0.6368, 0.339 1.1813 0.6514, 0.35 1.1809 0.6485, 0.3169 1.1809 0.629, 0.3581 1.1809 0.6407, 0.3613 1.1809 0.6294, 0.3279 1.1809 0.61, 0.3199 1.1809 0.6404, 0.3279 1.1809 0.6483, 0.32 1.1809 0.618, 0.3393 1.1813 0.607, 0.3583 1.1809 0.618, 0.3503 1.1809 0.61
            ]
        }
        coordIndex [
            0,1,2,-1,3,4,5,-1,6,7,8,-1,9,10,11,-1,12,13,14,-1,15,16,17,-1,18,19,20,-1,21,22,23,-1,24,25,26,-1,27,25,28,-1,29,30,26,-1,24,26,30,-1,29,31,32,-1,32,30,29,-1,33,31,34,-1,31,33,32,-1,18,27,28,-1,33,34,35,-1,24,28,25,-1,27,18,20,-1,23,19,21,-1,20,19,23,-1,12,22,13,-1,22,21,13,-1,16,15,14,-1,15,12,14,-1,8,7,17,-1,8,17,16,-1,6,10,9,-1,6,9,7,-1,10,1,11,-1,0,2,5,-1,11,1,0,-1,3,5,2,-1,36,37,38,-1,35,34,39,-1,40,41,42,-1,43,44,45,-1,46,47,48,-1,49,50,51,-1,52,53,54,-1,55,56,57,-1,58,59,60,-1,61,59,62,-1,63,64,60,-1,58,60,64,-1,63,65,66,-1,66,64,63,-1,67,65,4,-1,65,67,66,-1,52,61,62,-1,67,4,3,-1,58,62,59,-1,61,52,54,-1,57,53,55,-1,54,53,57,-1,46,56,47,-1,56,55,47,-1,50,49,48,-1,49,46,48,-1,42,41,51,-1,42,51,50,-1,40,44,43,-1,40,43,41,-1,44,37,45,-1,36,38,39,-1,45,37,36,-1,35,39,38,-1,68,69,70,-1,71,72,73,-1,74,75,76,-1,38,77,35,-1,78,79,80,-1,81,73,78,-1,82,83,84,-1,85,86,72,-1,87,88,89,-1,90,91,92,-1,93,89,94,-1,95,96,91,-1,97,98,99,-1,100,101,102,-1,103,104,105,-1,106,104,107,-1,107,108,109,-1,104,106,105,-1,108,110,111,-1,106,107,109,-1,3,112,67,-1,110,112,111,-1,113,82,84,-1,114,103,115,-1,115,103,105,-1,116,117,118,-1,107,117,119,-1,69,120,121,-1,122,118,123,-1,124,123,101,-1,125,126,127,-1,128,129,127,-1,113,92,82,-1,93,130,102,-1,99,98,131,-1,76,132,87,-1,79,133,80,-1,74,85,134,-1,135,136,137,-1,138,133,139,-1,140,141,142,-1,143,136,140,-1,84,135,139,-1,136,141,140,-1,68,70,114,-1,129,125,127,-1,70,103,114,-1,108,144,110,-1,103,145,104,-1,107,104,117,-1,66,67,110,-1,109,108,111,-1,119,144,108,-1,67,112,110,-1,70,145,103,-1,120,69,68,-1,144,119,146,-1,145,117,104,-1,70,147,145,-1,117,145,118,-1,64,66,144,-1,107,119,108,-1,116,146,119,-1,66,110,144,-1,69,147,70,-1,148,121,120,-1,146,116,149,-1,147,118,145,-1,147,69,150,-1,118,147,123,-1,146,64,144,-1,117,116,119,-1,116,122,149,-1,58,64,146,-1,121,150,69,-1,129,128,148,-1,149,122,151,-1,150,123,147,-1,121,152,150,-1,101,123,150,-1,149,58,146,-1,118,122,116,-1,122,124,151,-1,62,58,149,-1,121,128,152,-1,128,121,148,-1,153,151,124,-1,152,101,150,-1,128,154,152,-1,101,152,102,-1,151,62,149,-1,123,124,122,-1,124,100,153,-1,52,62,151,-1,127,154,128,-1,97,126,125,-1,155,153,100,-1,154,102,152,-1,98,156,131,-1,102,154,93,-1,153,52,151,-1,101,100,124,-1,100,130,155,-1,53,52,153,-1,127,157,154,-1,157,127,126,-1,158,155,130,-1,157,93,154,-1,126,159,157,-1,93,157,89,-1,55,53,155,-1,102,130,100,-1,94,158,130,-1,53,153,155,-1,126,99,159,-1,99,126,97,-1,160,158,94,-1,159,89,157,-1,159,99,161,-1,89,159,87,-1,47,55,158,-1,93,94,130,-1,88,160,94,-1,55,155,158,-1,131,161,99,-1,96,162,156,-1,160,88,163,-1,161,87,159,-1,131,164,161,-1,76,87,161,-1,48,47,160,-1,89,88,94,-1,88,132,163,-1,47,158,160,-1,131,162,164,-1,162,131,156,-1,165,163,132,-1,164,76,161,-1,162,166,164,-1,74,76,164,-1,160,163,48,-1,87,132,88,-1,132,75,165,-1,50,48,163,-1,162,95,166,-1,95,162,96,-1,167,165,75,-1,166,74,164,-1,95,168,166,-1,85,74,166,-1,165,50,163,-1,76,75,132,-1,75,134,167,-1,42,50,165,-1,95,90,168,-1,90,95,91,-1,71,167,134,-1,168,85,166,-1,90,169,168,-1,86,85,168,-1,167,42,165,-1,74,134,75,-1,134,72,71,-1,40,42,167,-1,90,113,169,-1,113,90,92,-1,86,79,78,-1,169,86,168,-1,169,113,170,-1,86,169,79,-1,71,40,167,-1,85,72,134,-1,72,78,73,-1,44,40,71,-1,84,170,113,-1,171,135,83,-1,133,79,170,-1,170,79,169,-1,170,139,133,-1,77,38,81,-1,73,44,71,-1,86,78,72,-1,78,80,81,-1,37,44,73,-1,83,135,84,-1,171,141,136,-1,80,133,172,-1,84,139,170,-1,139,137,138,-1,81,80,77,-1,138,172,133,-1,81,37,73,-1,80,172,77,-1,38,37,81,-1,171,136,135,-1,135,137,139,-1,143,173,137,-1,136,143,137,-1,173,174,138,-1,137,173,138,-1,174,175,172,-1,138,174,172,-1,35,77,175,-1,172,175,77,-1,176,177,178,-1,179,180,181,-1,182,183,184,-1,2,185,3,-1,186,187,188,-1,189,181,186,-1,190,191,192,-1,193,194,180,-1,195,196,197,-1,198,199,200,-1,201,197,202,-1,203,204,199,-1,205,206,207,-1,208,209,210,-1,211,212,140,-1,143,212,213,-1,213,214,173,-1,212,143,140,-1,214,215,174,-1,143,213,173,-1,35,175,33,-1,215,175,174,-1,216,190,192,-1,217,211,142,-1,142,211,140,-1,218,219,220,-1,213,219,221,-1,222,177,223,-1,224,225,209,-1,226,220,225,-1,227,228,229,-1,230,231,229,-1,201,232,210,-1,207,206,233,-1,200,190,216,-1,184,234,195,-1,182,193,235,-1,115,105,236,-1,237,238,239,-1,238,188,187,-1,239,192,240,-1,240,241,242,-1,241,236,105,-1,241,105,106,-1,176,178,217,-1,228,230,229,-1,178,211,217,-1,214,243,215,-1,211,244,212,-1,213,212,219,-1,32,33,215,-1,173,214,174,-1,221,243,214,-1,33,175,215,-1,178,244,211,-1,223,177,176,-1,243,221,245,-1,244,219,212,-1,178,246,244,-1,219,244,220,-1,30,32,243,-1,213,221,214,-1,218,245,221,-1,32,215,243,-1,177,246,178,-1,247,222,223,-1,245,218,248,-1,246,220,244,-1,246,177,249,-1,220,246,225,-1,245,30,243,-1,219,218,221,-1,218,226,248,-1,24,30,245,-1,222,249,177,-1,228,227,247,-1,248,226,250,-1,249,225,246,-1,222,251,249,-1,209,225,249,-1,248,24,245,-1,220,226,218,-1,226,224,250,-1,28,24,248,-1,222,227,251,-1,227,222,247,-1,252,250,224,-1,251,209,249,-1,227,253,251,-1,209,251,210,-1,250,28,248,-1,225,224,226,-1,224,208,252,-1,18,28,250,-1,229,253,227,-1,205,231,230,-1,254,252,208,-1,253,210,251,-1,206,255,233,-1,210,253,201,-1,252,18,250,-1,209,208,224,-1,208,232,254,-1,19,18,252,-1,229,256,253,-1,256,229,231,-1,257,254,232,-1,256,201,253,-1,231,258,256,-1,201,256,197,-1,21,19,254,-1,210,232,208,-1,202,257,232,-1,19,252,254,-1,231,207,258,-1,207,231,205,-1,259,257,202,-1,258,197,256,-1,258,207,260,-1,197,258,195,-1,13,21,257,-1,201,202,232,-1,196,259,202,-1,21,254,257,-1,233,260,207,-1,204,261,255,-1,259,196,262,-1,260,195,258,-1,233,263,260,-1,184,195,260,-1,14,13,259,-1,197,196,202,-1,196,234,262,-1,13,257,259,-1,233,261,263,-1,261,233,255,-1,264,262,234,-1,263,184,260,-1,261,265,263,-1,182,184,263,-1,259,262,14,-1,195,234,196,-1,234,183,264,-1,16,14,262,-1,261,203,265,-1,203,261,204,-1,266,264,183,-1,265,182,263,-1,203,267,265,-1,193,182,265,-1,264,16,262,-1,184,183,234,-1,183,235,266,-1,8,16,264,-1,203,198,267,-1,198,203,199,-1,179,266,235,-1,267,193,265,-1,198,268,267,-1,194,193,267,-1,266,8,264,-1,182,235,183,-1,235,180,179,-1,6,8,266,-1,198,216,268,-1,216,198,200,-1,194,187,186,-1,268,194,267,-1,268,216,269,-1,194,268,187,-1,179,6,266,-1,193,180,235,-1,180,186,181,-1,10,6,179,-1,192,269,216,-1,270,240,191,-1,238,187,269,-1,269,187,268,-1,269,239,238,-1,185,2,189,-1,181,10,179,-1,194,186,180,-1,186,188,189,-1,1,10,181,-1,191,240,192,-1,270,236,241,-1,188,238,271,-1,192,239,269,-1,239,242,237,-1,189,188,185,-1,237,271,238,-1,189,1,181,-1,188,271,185,-1,2,1,189,-1,270,241,240,-1,240,242,239,-1,106,109,242,-1,241,106,242,-1,109,111,237,-1,242,109,237,-1,111,112,271,-1,237,111,271,-1,3,185,112,-1,271,112,185,-1,272,273,274,-1,275,276,277,-1,278,279,280,-1,281,282,283,-1,284,285,286,-1,287,288,289,-1,290,291,292,-1,293,294,295,-1,296,297,298,-1,299,297,300,-1,301,302,298,-1,296,298,302,-1,301,303,304,-1,304,302,301,-1,305,303,306,-1,303,305,304,-1,290,299,300,-1,305,306,307,-1,296,300,297,-1,299,290,292,-1,295,291,293,-1,292,291,295,-1,284,294,285,-1,294,293,285,-1,288,287,286,-1,287,284,286,-1,280,279,289,-1,280,289,288,-1,278,282,281,-1,278,281,279,-1,282,273,283,-1,272,274,277,-1,283,273,272,-1,275,277,274,-1,308,309,310,-1,311,312,313,-1,314,315,316,-1,274,317,275,-1,318,319,320,-1,321,313,318,-1,322,323,324,-1,325,326,312,-1,327,328,329,-1,330,331,332,-1,333,329,334,-1,335,336,331,-1,337,338,339,-1,340,341,342,-1,343,344,345,-1,346,344,347,-1,347,348,349,-1,344,346,345,-1,348,350,351,-1,346,347,349,-1,307,352,305,-1,350,352,351,-1,353,322,324,-1,354,343,355,-1,355,343,345,-1,356,357,358,-1,347,357,359,-1,309,360,361,-1,362,358,363,-1,364,365,366,-1,367,363,341,-1,368,369,365,-1,320,319,370,-1,339,338,371,-1,333,372,342,-1,332,322,353,-1,316,373,327,-1,325,374,314,-1,375,376,377,-1,370,378,379,-1,375,380,381,-1,324,382,378,-1,382,377,383,-1,380,375,377,-1,308,310,354,-1,369,366,365,-1,310,343,354,-1,348,384,350,-1,343,385,344,-1,347,344,357,-1,304,305,350,-1,349,348,351,-1,359,384,348,-1,305,352,350,-1,310,385,343,-1,360,309,308,-1,384,359,386,-1,385,357,344,-1,310,387,385,-1,357,385,358,-1,302,304,384,-1,347,359,348,-1,356,386,359,-1,304,350,384,-1,309,387,310,-1,388,361,360,-1,386,356,389,-1,387,358,385,-1,387,309,390,-1,358,387,363,-1,386,302,384,-1,357,356,359,-1,356,362,389,-1,296,302,386,-1,361,390,309,-1,369,368,388,-1,389,362,391,-1,390,363,387,-1,361,392,390,-1,341,363,390,-1,389,296,386,-1,358,362,356,-1,362,367,391,-1,300,296,389,-1,361,368,392,-1,368,361,388,-1,393,391,367,-1,392,341,390,-1,368,394,392,-1,341,392,342,-1,391,300,389,-1,363,367,362,-1,367,340,393,-1,290,300,391,-1,365,394,368,-1,337,364,366,-1,395,393,340,-1,394,342,392,-1,338,396,371,-1,342,394,333,-1,393,290,391,-1,341,340,367,-1,340,372,395,-1,291,290,393,-1,365,397,394,-1,397,365,364,-1,398,395,372,-1,397,333,394,-1,364,399,397,-1,333,397,329,-1,293,291,395,-1,342,372,340,-1,334,398,372,-1,291,393,395,-1,364,339,399,-1,339,364,337,-1,400,398,334,-1,399,329,397,-1,399,339,401,-1,329,399,327,-1,285,293,398,-1,333,334,372,-1,328,400,334,-1,293,395,398,-1,371,401,339,-1,336,402,396,-1,400,328,403,-1,401,327,399,-1,371,404,401,-1,316,327,401,-1,286,285,400,-1,329,328,334,-1,328,373,403,-1,285,398,400,-1,371,402,404,-1,402,371,396,-1,405,403,373,-1,404,316,401,-1,402,406,404,-1,314,316,404,-1,400,403,286,-1,327,373,328,-1,373,315,405,-1,288,286,403,-1,402,335,406,-1,335,402,336,-1,407,405,315,-1,406,314,404,-1,335,408,406,-1,325,314,406,-1,405,288,403,-1,316,315,373,-1,315,374,407,-1,280,288,405,-1,335,330,408,-1,330,335,331,-1,311,407,374,-1,408,325,406,-1,330,409,408,-1,326,325,408,-1,407,280,405,-1,314,374,315,-1,374,312,311,-1,278,280,407,-1,330,353,409,-1,353,330,332,-1,326,319,318,-1,409,326,408,-1,409,353,410,-1,326,409,319,-1,311,278,407,-1,325,312,374,-1,312,318,313,-1,282,278,311,-1,324,410,353,-1,411,382,323,-1,370,319,410,-1,410,319,409,-1,410,378,370,-1,317,274,321,-1,313,282,311,-1,326,318,312,-1,318,320,321,-1,273,282,313,-1,323,382,324,-1,411,380,377,-1,320,370,412,-1,324,378,410,-1,378,383,379,-1,321,320,317,-1,379,412,370,-1,321,273,313,-1,320,412,317,-1,274,273,321,-1,411,377,382,-1,382,383,378,-1,376,413,383,-1,377,376,383,-1,413,414,379,-1,383,413,379,-1,414,415,412,-1,379,414,412,-1,275,317,415,-1,412,415,317,-1,236,270,205,-1,148,120,176,-1,199,190,200,-1,190,204,191,-1,190,199,204,-1,191,255,206,-1,191,204,255,-1,206,205,270,-1,270,191,206,-1,230,115,236,-1,230,236,205,-1,114,115,228,-1,230,228,115,-1,68,114,228,-1,223,68,247,-1,68,228,247,-1,120,223,176,-1,223,120,68,-1,176,129,148,-1,217,142,129,-1,217,129,176,-1,125,141,97,-1,129,142,125,-1,96,156,83,-1,83,98,171,-1,91,96,82,-1,83,82,96,-1,91,82,92,-1,171,98,97,-1,98,83,156,-1,125,142,141,-1,171,97,141,-1,416,417,418,-1,388,360,419,-1,420,421,422,-1,421,423,424,-1,421,420,423,-1,424,425,426,-1,424,423,425,-1,426,418,417,-1,417,424,426,-1,427,355,416,-1,427,416,418,-1,354,355,428,-1,427,428,355,-1,308,354,428,-1,429,308,430,-1,308,428,430,-1,360,429,419,-1,429,360,308,-1,419,369,388,-1,431,381,369,-1,431,369,419,-1,366,380,337,-1,369,381,366,-1,336,396,323,-1,323,338,411,-1,331,336,322,-1,323,322,336,-1,331,322,332,-1,411,338,337,-1,338,323,396,-1,366,381,380,-1,411,337,380,-1,419,432,433,-1,434,435,436,-1,437,438,439,-1,440,441,307,-1,442,443,444,-1,445,436,442,-1,421,424,446,-1,447,448,435,-1,449,450,451,-1,452,420,422,-1,453,451,454,-1,455,423,420,-1,418,426,456,-1,457,458,459,-1,460,461,375,-1,376,461,462,-1,462,463,413,-1,461,376,375,-1,463,464,414,-1,376,462,413,-1,275,415,465,-1,464,415,414,-1,466,421,446,-1,431,460,381,-1,381,460,375,-1,467,468,469,-1,462,468,470,-1,471,432,429,-1,472,473,469,-1,474,472,458,-1,427,475,476,-1,477,428,476,-1,456,426,478,-1,453,479,459,-1,439,480,449,-1,481,437,447,-1,422,421,466,-1,482,483,484,-1,483,444,443,-1,484,446,485,-1,485,486,487,-1,345,416,355,-1,486,416,345,-1,486,345,346,-1,419,433,431,-1,428,427,476,-1,433,460,431,-1,463,488,464,-1,460,489,461,-1,462,461,468,-1,490,465,464,-1,413,463,414,-1,470,488,463,-1,465,415,464,-1,433,489,460,-1,429,432,419,-1,488,470,491,-1,489,468,461,-1,433,492,489,-1,468,489,469,-1,493,490,488,-1,462,470,463,-1,467,491,470,-1,490,464,488,-1,432,492,433,-1,430,471,429,-1,491,467,494,-1,492,469,489,-1,492,432,495,-1,469,492,472,-1,491,493,488,-1,468,467,470,-1,467,473,494,-1,496,493,491,-1,471,495,432,-1,428,477,430,-1,494,473,497,-1,495,472,492,-1,471,498,495,-1,458,472,495,-1,494,496,491,-1,469,473,467,-1,473,474,497,-1,499,496,494,-1,471,477,498,-1,477,471,430,-1,500,497,474,-1,498,458,495,-1,477,501,498,-1,458,498,459,-1,497,499,494,-1,472,474,473,-1,474,457,500,-1,502,499,497,-1,476,501,477,-1,418,475,427,-1,503,500,457,-1,501,459,498,-1,426,425,478,-1,459,501,453,-1,500,502,497,-1,458,457,474,-1,457,479,503,-1,504,502,500,-1,476,505,501,-1,505,476,475,-1,506,503,479,-1,505,453,501,-1,475,507,505,-1,453,505,451,-1,508,504,503,-1,459,479,457,-1,454,506,479,-1,504,500,503,-1,475,456,507,-1,456,475,418,-1,509,506,454,-1,507,451,505,-1,507,456,510,-1,451,507,449,-1,511,508,506,-1,453,454,479,-1,450,509,454,-1,508,503,506,-1,478,510,456,-1,423,512,425,-1,509,450,513,-1,510,449,507,-1,478,514,510,-1,439,449,510,-1,515,511,509,-1,451,450,454,-1,450,480,513,-1,511,506,509,-1,478,512,514,-1,512,478,425,-1,516,513,480,-1,514,439,510,-1,512,517,514,-1,437,439,514,-1,509,513,515,-1,449,480,450,-1,480,438,516,-1,518,515,513,-1,512,455,517,-1,455,512,423,-1,519,516,438,-1,517,437,514,-1,455,520,517,-1,447,437,517,-1,516,518,513,-1,439,438,480,-1,438,481,519,-1,521,518,516,-1,455,452,520,-1,452,455,420,-1,434,519,481,-1,520,447,517,-1,452,522,520,-1,448,447,520,-1,519,521,516,-1,437,481,438,-1,481,435,434,-1,523,521,519,-1,452,466,522,-1,466,452,422,-1,448,443,442,-1,522,448,520,-1,522,466,524,-1,448,522,443,-1,434,523,519,-1,447,435,481,-1,435,442,436,-1,525,523,434,-1,446,524,466,-1,417,485,424,-1,483,443,524,-1,524,443,522,-1,524,484,483,-1,441,440,445,-1,436,525,434,-1,448,442,435,-1,442,444,445,-1,526,525,436,-1,424,485,446,-1,417,416,486,-1,444,483,527,-1,446,484,524,-1,484,487,482,-1,445,444,441,-1,482,527,483,-1,445,526,436,-1,444,527,441,-1,440,526,445,-1,417,486,485,-1,485,487,484,-1,346,349,487,-1,486,346,487,-1,349,351,482,-1,487,349,482,-1,351,352,527,-1,482,351,527,-1,307,441,352,-1,527,352,441,-1,528,526,440,-1,307,306,529,-1,523,530,521,-1,531,525,532,-1,533,511,515,-1,534,518,535,-1,502,504,536,-1,508,537,538,-1,496,539,540,-1,541,539,499,-1,542,493,540,-1,496,540,493,-1,542,543,490,-1,490,493,542,-1,465,543,276,-1,543,465,490,-1,502,541,499,-1,465,276,275,-1,496,499,539,-1,541,502,536,-1,538,504,508,-1,536,504,538,-1,533,537,511,-1,537,508,511,-1,518,534,515,-1,534,533,515,-1,521,530,535,-1,521,535,518,-1,523,525,531,-1,523,531,530,-1,525,526,532,-1,528,440,529,-1,532,526,528,-1,307,529,440,-1,544,545,546,-1,547,548,549,-1,550,551,552,-1,553,554,555,-1,556,557,558,-1,555,559,553,-1,560,561,554,-1,562,563,564,-1,565,566,567,-1,568,569,570,-1,571,572,573,-1,574,575,576,-1,577,578,579,-1,580,581,582,-1,583,584,585,-1,586,587,588,-1,589,590,591,-1,592,586,584,-1,593,594,595,-1,591,596,597,-1,567,594,565,-1,598,565,593,-1,599,600,547,-1,601,585,602,-1,603,604,605,-1,596,578,606,-1,582,607,608,-1,609,610,604,-1,611,607,603,-1,612,613,573,-1,614,579,613,-1,615,616,574,-1,581,617,615,-1,618,568,576,-1,619,620,571,-1,621,545,570,-1,619,552,620,-1,622,623,554,-1,558,557,564,-1,544,624,625,-1,625,560,544,-1,546,626,624,-1,546,624,544,-1,626,627,628,-1,555,554,561,-1,553,622,554,-1,621,627,546,-1,561,560,625,-1,560,623,629,-1,627,626,546,-1,629,545,544,-1,545,621,546,-1,630,627,631,-1,627,630,628,-1,554,623,560,-1,622,556,623,-1,569,631,621,-1,560,629,544,-1,629,558,632,-1,630,631,633,-1,632,570,545,-1,627,621,631,-1,621,570,569,-1,633,631,634,-1,629,623,558,-1,556,558,623,-1,569,618,634,-1,629,632,545,-1,635,632,564,-1,633,634,636,-1,635,568,570,-1,631,569,634,-1,569,568,618,-1,636,634,637,-1,558,564,632,-1,557,562,564,-1,618,575,637,-1,632,635,570,-1,638,635,563,-1,636,637,639,-1,638,576,568,-1,634,618,637,-1,618,576,575,-1,639,637,640,-1,564,563,635,-1,562,551,563,-1,616,640,575,-1,635,638,568,-1,641,638,550,-1,639,640,642,-1,641,574,576,-1,637,575,640,-1,575,574,616,-1,642,640,643,-1,638,563,550,-1,551,550,563,-1,617,643,616,-1,638,641,576,-1,641,619,644,-1,643,640,616,-1,644,615,574,-1,615,617,616,-1,645,643,646,-1,643,645,642,-1,641,550,619,-1,552,619,550,-1,646,617,580,-1,641,644,574,-1,644,571,647,-1,646,643,617,-1,647,581,615,-1,581,580,617,-1,648,646,649,-1,646,648,645,-1,619,571,644,-1,620,572,571,-1,649,580,608,-1,644,647,615,-1,647,573,650,-1,649,646,580,-1,650,582,581,-1,582,608,580,-1,651,649,652,-1,649,651,648,-1,571,573,647,-1,572,612,573,-1,652,608,611,-1,647,650,581,-1,653,650,613,-1,652,649,608,-1,653,607,582,-1,607,611,608,-1,654,652,655,-1,652,654,651,-1,573,613,650,-1,612,614,613,-1,655,611,605,-1,650,653,582,-1,656,653,579,-1,655,652,611,-1,656,603,607,-1,603,605,611,-1,657,655,658,-1,655,657,654,-1,613,579,653,-1,614,577,579,-1,610,658,605,-1,653,656,607,-1,659,656,578,-1,658,655,605,-1,659,604,603,-1,604,610,605,-1,660,658,661,-1,658,660,657,-1,579,578,656,-1,577,606,578,-1,600,661,610,-1,656,659,603,-1,596,662,659,-1,660,661,663,-1,609,604,662,-1,658,610,661,-1,610,609,600,-1,663,661,599,-1,578,596,659,-1,606,597,596,-1,600,609,548,-1,659,662,604,-1,591,664,662,-1,663,599,602,-1,609,664,548,-1,661,600,599,-1,600,548,547,-1,602,599,601,-1,596,591,662,-1,597,589,591,-1,665,601,547,-1,662,664,609,-1,590,598,664,-1,601,665,583,-1,549,548,598,-1,599,547,601,-1,547,549,665,-1,585,601,583,-1,591,590,664,-1,589,566,590,-1,593,666,549,-1,664,598,548,-1,593,549,598,-1,666,667,665,-1,666,665,549,-1,592,583,667,-1,583,665,667,-1,584,583,592,-1,590,566,565,-1,598,590,565,-1,666,595,668,-1,594,593,565,-1,667,668,669,-1,595,666,593,-1,592,669,587,-1,668,667,666,-1,587,586,592,-1,669,592,667,-1,670,559,671,-1,672,556,673,-1,674,622,553,-1,551,675,676,-1,557,677,562,-1,678,679,572,-1,680,620,552,-1,681,577,682,-1,614,612,683,-1,684,597,606,-1,606,681,684,-1,597,685,589,-1,685,597,684,-1,566,589,686,-1,685,686,589,-1,687,567,566,-1,566,686,687,-1,577,614,682,-1,606,577,681,-1,683,612,679,-1,682,614,683,-1,678,572,620,-1,679,612,572,-1,676,680,552,-1,680,678,620,-1,562,675,551,-1,551,676,552,-1,557,672,677,-1,562,677,675,-1,556,622,673,-1,557,556,672,-1,674,553,670,-1,673,622,674,-1,559,670,553,-1,688,689,690,-1,691,692,693,-1,694,695,696,-1,697,698,699,-1,700,701,702,-1,703,704,705,-1,706,707,708,-1,709,710,711,-1,712,713,714,-1,715,716,717,-1,717,709,715,-1,716,718,719,-1,718,716,715,-1,720,719,721,-1,718,721,719,-1,722,723,720,-1,720,721,722,-1,710,712,711,-1,717,710,709,-1,714,713,704,-1,711,712,714,-1,703,705,707,-1,704,713,705,-1,699,706,708,-1,706,703,707,-1,702,698,697,-1,697,699,708,-1,700,691,701,-1,702,701,698,-1,692,695,693,-1,700,692,691,-1,694,696,688,-1,693,695,694,-1,689,688,696,-1,724,723,722,-1,725,726,727,-1,728,729,730,-1,731,732,733,-1,734,735,736,-1,737,738,739,-1,740,741,742,-1,743,744,745,-1,746,747,748,-1,749,750,751,-1,751,743,749,-1,750,752,753,-1,752,750,749,-1,754,753,755,-1,752,755,753,-1,690,689,754,-1,754,755,690,-1,744,746,745,-1,751,744,743,-1,748,747,738,-1,745,746,748,-1,737,739,741,-1,738,747,739,-1,733,740,742,-1,740,737,741,-1,736,732,731,-1,731,733,742,-1,734,725,735,-1,736,735,732,-1,726,729,727,-1,734,726,725,-1,728,730,724,-1,727,729,728,-1,723,724,730,-1,756,757,758,-1,759,760,761,-1,762,731,742,-1,730,763,764,-1,726,734,765,-1,764,723,730,-1,766,767,763,-1,736,768,769,-1,770,754,689,-1,771,772,773,-1,774,739,775,-1,776,777,778,-1,744,779,780,-1,781,782,783,-1,784,785,786,-1,787,788,789,-1,753,790,791,-1,792,787,785,-1,793,794,795,-1,791,796,750,-1,689,794,770,-1,797,770,793,-1,798,799,759,-1,800,786,801,-1,802,803,804,-1,796,779,751,-1,783,805,806,-1,807,808,803,-1,809,805,802,-1,747,810,775,-1,746,780,810,-1,811,812,776,-1,782,813,811,-1,814,771,778,-1,815,741,774,-1,816,757,773,-1,815,742,741,-1,729,817,763,-1,765,734,769,-1,756,818,819,-1,819,766,756,-1,758,820,818,-1,758,818,756,-1,820,821,822,-1,764,763,767,-1,730,729,763,-1,816,821,758,-1,767,766,819,-1,766,817,823,-1,821,820,758,-1,823,757,756,-1,757,816,758,-1,824,821,825,-1,821,824,822,-1,763,817,766,-1,729,726,817,-1,772,825,816,-1,766,823,756,-1,823,765,826,-1,824,825,827,-1,826,773,757,-1,821,816,825,-1,816,773,772,-1,827,825,828,-1,823,817,765,-1,726,765,817,-1,772,814,828,-1,823,826,757,-1,829,826,769,-1,827,828,830,-1,829,771,773,-1,825,772,828,-1,772,771,814,-1,830,828,831,-1,765,769,826,-1,734,736,769,-1,814,777,831,-1,826,829,773,-1,832,829,768,-1,830,831,833,-1,832,778,771,-1,828,814,831,-1,814,778,777,-1,833,831,834,-1,769,768,829,-1,736,731,768,-1,812,834,777,-1,829,832,771,-1,835,832,762,-1,833,834,836,-1,835,776,778,-1,831,777,834,-1,777,776,812,-1,836,834,837,-1,832,768,762,-1,731,762,768,-1,813,837,812,-1,832,835,778,-1,835,815,838,-1,837,834,812,-1,838,811,776,-1,811,813,812,-1,839,837,840,-1,837,839,836,-1,835,762,815,-1,742,815,762,-1,840,813,781,-1,835,838,776,-1,838,774,841,-1,840,837,813,-1,841,782,811,-1,782,781,813,-1,842,840,843,-1,840,842,839,-1,815,774,838,-1,741,739,774,-1,843,781,806,-1,838,841,811,-1,841,775,844,-1,843,840,781,-1,844,783,782,-1,783,806,781,-1,845,843,846,-1,843,845,842,-1,774,775,841,-1,739,747,775,-1,846,806,809,-1,841,844,782,-1,847,844,810,-1,846,843,806,-1,847,805,783,-1,805,809,806,-1,848,846,849,-1,846,848,845,-1,775,810,844,-1,747,746,810,-1,849,809,804,-1,844,847,783,-1,850,847,780,-1,849,846,809,-1,850,802,805,-1,802,804,809,-1,851,849,852,-1,849,851,848,-1,810,780,847,-1,746,744,780,-1,808,852,804,-1,847,850,805,-1,853,850,779,-1,852,849,804,-1,853,803,802,-1,803,808,804,-1,854,852,855,-1,852,854,851,-1,780,779,850,-1,744,751,779,-1,799,855,808,-1,850,853,802,-1,796,856,853,-1,854,855,857,-1,807,803,856,-1,852,808,855,-1,808,807,799,-1,857,855,798,-1,779,796,853,-1,751,750,796,-1,799,807,760,-1,853,856,803,-1,791,858,856,-1,857,798,801,-1,807,858,760,-1,855,799,798,-1,799,760,759,-1,801,798,800,-1,796,791,856,-1,750,753,791,-1,859,800,759,-1,856,858,807,-1,790,797,858,-1,800,859,784,-1,761,760,797,-1,798,759,800,-1,759,761,859,-1,786,800,784,-1,791,790,858,-1,753,754,790,-1,793,860,761,-1,858,797,760,-1,793,761,797,-1,860,861,859,-1,860,859,761,-1,792,784,861,-1,784,859,861,-1,785,784,792,-1,790,754,770,-1,797,790,770,-1,860,795,862,-1,794,793,770,-1,861,862,863,-1,795,860,793,-1,792,863,788,-1,862,861,860,-1,788,787,792,-1,863,792,861,-1,864,865,866,-1,867,868,869,-1,870,697,708,-1,795,871,872,-1,692,700,873,-1,794,696,871,-1,874,702,875,-1,794,689,696,-1,876,720,723,-1,877,878,879,-1,880,705,881,-1,882,883,884,-1,710,885,886,-1,887,888,889,-1,890,891,892,-1,893,820,822,-1,719,894,895,-1,896,893,891,-1,897,764,767,-1,895,898,716,-1,723,764,876,-1,899,876,897,-1,900,901,867,-1,902,892,903,-1,904,905,906,-1,898,885,717,-1,889,907,908,-1,909,910,905,-1,911,907,904,-1,713,912,881,-1,712,886,912,-1,913,914,882,-1,888,915,913,-1,916,877,884,-1,917,707,880,-1,918,865,879,-1,917,708,707,-1,695,919,871,-1,873,700,874,-1,864,863,862,-1,862,872,864,-1,866,788,863,-1,866,863,864,-1,788,920,789,-1,794,871,795,-1,696,695,871,-1,918,920,866,-1,795,872,862,-1,872,919,921,-1,920,788,866,-1,921,865,864,-1,865,918,866,-1,922,920,923,-1,920,922,789,-1,871,919,872,-1,695,692,919,-1,878,923,918,-1,872,921,864,-1,921,873,924,-1,922,923,925,-1,924,879,865,-1,920,918,923,-1,918,879,878,-1,925,923,926,-1,921,919,873,-1,692,873,919,-1,878,916,926,-1,921,924,865,-1,927,924,874,-1,925,926,928,-1,927,877,879,-1,923,878,926,-1,878,877,916,-1,928,926,929,-1,873,874,924,-1,700,702,874,-1,916,883,929,-1,924,927,879,-1,930,927,875,-1,928,929,931,-1,930,884,877,-1,926,916,929,-1,916,884,883,-1,931,929,932,-1,874,875,927,-1,702,697,875,-1,914,932,883,-1,927,930,877,-1,933,930,870,-1,931,932,934,-1,933,882,884,-1,929,883,932,-1,883,882,914,-1,934,932,935,-1,930,875,870,-1,697,870,875,-1,915,935,914,-1,930,933,884,-1,933,917,936,-1,935,932,914,-1,936,913,882,-1,913,915,914,-1,937,935,938,-1,935,937,934,-1,933,870,917,-1,708,917,870,-1,938,915,887,-1,933,936,882,-1,936,880,939,-1,938,935,915,-1,939,888,913,-1,888,887,915,-1,940,938,941,-1,938,940,937,-1,917,880,936,-1,707,705,880,-1,941,887,908,-1,936,939,913,-1,939,881,942,-1,941,938,887,-1,942,889,888,-1,889,908,887,-1,943,941,944,-1,941,943,940,-1,880,881,939,-1,705,713,881,-1,944,908,911,-1,939,942,888,-1,945,942,912,-1,944,941,908,-1,945,907,889,-1,907,911,908,-1,946,944,947,-1,944,946,943,-1,881,912,942,-1,713,712,912,-1,947,911,906,-1,942,945,889,-1,948,945,886,-1,947,944,911,-1,948,904,907,-1,904,906,911,-1,949,947,950,-1,947,949,946,-1,912,886,945,-1,712,710,886,-1,910,950,906,-1,945,948,907,-1,951,948,885,-1,950,947,906,-1,951,905,904,-1,905,910,906,-1,952,950,953,-1,950,952,949,-1,886,885,948,-1,710,717,885,-1,901,953,910,-1,948,951,904,-1,898,954,951,-1,952,953,955,-1,909,905,954,-1,950,910,953,-1,910,909,901,-1,955,953,900,-1,885,898,951,-1,717,716,898,-1,901,909,868,-1,951,954,905,-1,895,956,954,-1,955,900,903,-1,909,956,868,-1,953,901,900,-1,901,868,867,-1,903,900,902,-1,898,895,954,-1,716,719,895,-1,957,902,867,-1,954,956,909,-1,894,899,956,-1,902,957,890,-1,869,868,899,-1,900,867,902,-1,867,869,957,-1,892,902,890,-1,895,894,956,-1,719,720,894,-1,897,958,869,-1,956,899,868,-1,897,869,899,-1,958,959,957,-1,958,957,869,-1,896,890,959,-1,890,957,959,-1,891,890,896,-1,894,720,876,-1,899,894,876,-1,958,767,819,-1,764,897,876,-1,959,819,818,-1,767,958,897,-1,896,818,820,-1,819,959,958,-1,820,893,896,-1,818,896,959,-1,636,639,642,-1,960,961,588,-1,648,636,642,-1,648,642,645,-1,651,654,636,-1,651,636,648,-1,636,654,633,-1,657,630,633,-1,633,654,657,-1,630,660,628,-1,660,630,657,-1,602,962,963,-1,660,663,628,-1,961,964,586,-1,965,585,584,-1,966,967,968,-1,588,969,960,-1,970,971,972,-1,973,974,972,-1,970,972,974,-1,974,975,970,-1,967,974,968,-1,968,974,973,-1,960,969,966,-1,966,969,967,-1,588,961,586,-1,965,584,964,-1,964,584,586,-1,585,965,962,-1,963,663,602,-1,962,602,585,-1,663,963,628,-1,830,833,836,-1,952,955,789,-1,842,830,836,-1,842,836,839,-1,845,848,830,-1,845,830,842,-1,830,848,827,-1,851,824,827,-1,827,848,851,-1,824,854,822,-1,854,824,851,-1,801,891,893,-1,854,857,822,-1,955,903,787,-1,892,786,785,-1,949,925,946,-1,789,922,952,-1,934,937,940,-1,943,928,940,-1,934,940,928,-1,928,931,934,-1,925,928,946,-1,946,928,943,-1,952,922,949,-1,949,922,925,-1,789,955,787,-1,892,785,903,-1,903,785,787,-1,786,892,891,-1,893,857,801,-1,891,801,786,-1,857,893,822,-1,976,977,978,-1,979,980,981,-1,982,983,984,-1,595,985,986,-1,987,988,989,-1,594,990,985,-1,991,992,993,-1,594,567,990,-1,994,995,559,-1,996,997,998,-1,999,1000,1001,-1,1002,1003,1004,-1,1005,1006,1007,-1,1008,1009,1010,-1,1011,962,965,-1,963,626,628,-1,1012,1013,1014,-1,1015,963,962,-1,1016,555,561,-1,1014,1017,1018,-1,559,555,994,-1,1019,994,1016,-1,1020,1021,979,-1,1022,965,964,-1,1023,1024,1025,-1,1017,1006,1026,-1,1010,1027,1028,-1,1029,1030,1024,-1,1031,1027,1023,-1,1032,1033,1001,-1,1034,1007,1033,-1,1035,1036,1002,-1,1009,1037,1035,-1,1038,996,1004,-1,1039,1040,999,-1,1041,977,998,-1,1039,984,1040,-1,1042,1043,985,-1,989,988,991,-1,976,669,668,-1,668,986,976,-1,978,587,669,-1,978,669,976,-1,587,1044,588,-1,594,985,595,-1,990,1042,985,-1,1041,1044,978,-1,595,986,668,-1,986,1043,1045,-1,1044,587,978,-1,1045,977,976,-1,977,1041,978,-1,969,1044,1046,-1,1044,969,588,-1,985,1043,986,-1,1042,987,1043,-1,997,1046,1041,-1,986,1045,976,-1,1045,989,1047,-1,969,1046,967,-1,1047,998,977,-1,1044,1041,1046,-1,1041,998,997,-1,967,1046,1048,-1,1045,1043,989,-1,987,989,1043,-1,997,1038,1048,-1,1045,1047,977,-1,1049,1047,991,-1,967,1048,974,-1,1049,996,998,-1,1046,997,1048,-1,997,996,1038,-1,974,1048,1050,-1,989,991,1047,-1,988,992,991,-1,1038,1003,1050,-1,1047,1049,998,-1,1051,1049,993,-1,974,1050,975,-1,1051,1004,996,-1,1048,1038,1050,-1,1038,1004,1003,-1,975,1050,1052,-1,991,993,1049,-1,992,983,993,-1,1036,1052,1003,-1,1049,1051,996,-1,1053,1051,982,-1,975,1052,970,-1,1053,1002,1004,-1,1050,1003,1052,-1,1003,1002,1036,-1,970,1052,1054,-1,1051,993,982,-1,983,982,993,-1,1037,1054,1036,-1,1051,1053,1004,-1,1053,1039,1055,-1,1054,1052,1036,-1,1055,1035,1002,-1,1035,1037,1036,-1,971,1054,1056,-1,1054,971,970,-1,1053,982,1039,-1,984,1039,982,-1,1056,1037,1008,-1,1053,1055,1002,-1,1055,999,1057,-1,1056,1054,1037,-1,1057,1009,1035,-1,1009,1008,1037,-1,972,1056,1058,-1,1056,972,971,-1,1039,999,1055,-1,1040,1000,999,-1,1058,1008,1028,-1,1055,1057,1035,-1,1057,1001,1059,-1,1058,1056,1008,-1,1059,1010,1009,-1,1010,1028,1008,-1,973,1058,1060,-1,1058,973,972,-1,999,1001,1057,-1,1000,1032,1001,-1,1060,1028,1031,-1,1057,1059,1009,-1,1061,1059,1033,-1,1060,1058,1028,-1,1061,1027,1010,-1,1027,1031,1028,-1,968,1060,1062,-1,1060,968,973,-1,1001,1033,1059,-1,1032,1034,1033,-1,1062,1031,1025,-1,1059,1061,1010,-1,1063,1061,1007,-1,1062,1060,1031,-1,1063,1023,1027,-1,1023,1025,1031,-1,966,1062,1064,-1,1062,966,968,-1,1033,1007,1061,-1,1034,1005,1007,-1,1030,1064,1025,-1,1061,1063,1027,-1,1065,1063,1006,-1,1064,1062,1025,-1,1065,1024,1023,-1,1024,1030,1025,-1,960,1064,1066,-1,1064,960,966,-1,1007,1006,1063,-1,1005,1026,1006,-1,1021,1066,1030,-1,1063,1065,1023,-1,1017,1067,1065,-1,960,1066,961,-1,1029,1024,1067,-1,1064,1030,1066,-1,1030,1029,1021,-1,961,1066,1020,-1,1006,1017,1065,-1,1026,1018,1017,-1,1021,1029,980,-1,1065,1067,1024,-1,1014,1068,1067,-1,961,1020,964,-1,1029,1068,980,-1,1066,1021,1020,-1,1021,980,979,-1,964,1020,1022,-1,1017,1014,1067,-1,1018,1012,1014,-1,1069,1022,979,-1,1067,1068,1029,-1,1013,1019,1068,-1,1022,1069,1011,-1,981,980,1019,-1,1020,979,1022,-1,979,981,1069,-1,965,1022,1011,-1,1014,1013,1068,-1,1012,995,1013,-1,1016,1070,981,-1,1068,1019,980,-1,1016,981,1019,-1,1070,1071,1069,-1,1070,1069,981,-1,1015,1011,1071,-1,1011,1069,1071,-1,962,1011,1015,-1,1013,995,994,-1,1019,1013,994,-1,1070,561,625,-1,555,1016,994,-1,1071,625,624,-1,561,1070,1016,-1,1015,624,626,-1,625,1071,1070,-1,626,963,1015,-1,624,1015,1071,-1,1072,567,687,-1,1073,987,1074,-1,1075,1042,990,-1,983,1076,1077,-1,988,1078,992,-1,1079,1080,1000,-1,1081,1040,984,-1,1082,1005,1083,-1,1034,1032,1084,-1,1085,1018,1026,-1,1026,1082,1085,-1,1018,1086,1012,-1,1086,1018,1085,-1,995,1012,1087,-1,1086,1087,1012,-1,671,559,995,-1,995,1087,671,-1,1005,1034,1083,-1,1026,1005,1082,-1,1084,1032,1080,-1,1083,1034,1084,-1,1079,1000,1040,-1,1080,1032,1000,-1,1077,1081,984,-1,1081,1079,1040,-1,992,1076,983,-1,983,1077,984,-1,988,1073,1078,-1,992,1078,1076,-1,987,1042,1074,-1,988,987,1073,-1,1075,990,1072,-1,1074,1042,1075,-1,567,1072,990,-1,1088,1089,1090,-1,1091,1092,1093,-1,1094,1088,1095,-1,1096,1094,1097,-1,1096,1098,1088,-1,1096,1099,1100,-1,1101,1095,1090,-1,1102,1103,1104,-1,1105,1099,1102,-1,1106,1107,1108,-1,1109,1102,1110,-1,1111,1108,1112,-1,1103,1108,1113,-1,1109,1106,1103,-1,1107,1114,1112,-1,1115,1116,1117,-1,1118,1119,1120,-1,1121,1122,1112,-1,1121,1123,1124,-1,1125,1126,1127,-1,1128,1123,1129,-1,1099,1097,1110,-1,1130,1131,1132,-1,1133,1134,1135,-1,1136,1123,1118,-1,1126,1137,1138,-1,1129,1121,1114,-1,1139,1140,1141,-1,1139,1115,1142,-1,1143,1144,1145,-1,1144,1146,1147,-1,1135,1138,1137,-1,1101,1148,1149,-1,1150,1146,1143,-1,1149,1151,1152,-1,1148,1090,1153,-1,1154,1152,1155,-1,1156,1151,1148,-1,1151,1157,1155,-1,1158,1159,1154,-1,1160,1159,1161,-1,1162,1158,1155,-1,1163,1164,1160,-1,1158,1165,1161,-1,1164,1166,1167,-1,1163,1161,1168,-1,1169,1167,1170,-1,1171,1166,1163,-1,1172,1173,1169,-1,1166,1174,1170,-1,1173,1175,1176,-1,1172,1170,1177,-1,1178,1176,1179,-1,1180,1175,1172,-1,1178,1181,1182,-1,1175,1183,1179,-1,1184,1182,1185,-1,1181,1179,1186,-1,1092,1187,1184,-1,1188,1185,1181,-1,1187,1091,1189,-1,1185,1190,1092,-1,1189,1191,1192,-1,1093,1193,1194,-1,1191,1091,1194,-1,1191,1189,1091,-1,1194,1091,1093,-1,1192,1195,1189,-1,1196,1197,1193,-1,1192,1198,1195,-1,1195,1198,1199,-1,1200,1201,1199,-1,1200,1199,1202,-1,1202,1199,1198,-1,1200,1202,1203,-1,1204,1205,1201,-1,1143,1206,1150,-1,1199,1201,1205,-1,1205,1204,1207,-1,1205,1208,1195,-1,1196,1093,1190,-1,1187,1189,1208,-1,1209,1197,1196,-1,1187,1092,1091,-1,1193,1093,1196,-1,1093,1092,1190,-1,1209,1196,1210,-1,1199,1205,1195,-1,1211,1207,1204,-1,1207,1211,1212,-1,1195,1208,1189,-1,1207,1213,1208,-1,1188,1210,1190,-1,1184,1187,1213,-1,1210,1196,1190,-1,1184,1185,1092,-1,1185,1188,1190,-1,1214,1210,1215,-1,1210,1214,1209,-1,1205,1207,1208,-1,1216,1212,1211,-1,1212,1216,1217,-1,1208,1213,1187,-1,1212,1218,1213,-1,1186,1215,1188,-1,1182,1184,1218,-1,1215,1210,1188,-1,1182,1181,1185,-1,1181,1186,1188,-1,1219,1215,1220,-1,1215,1219,1214,-1,1207,1212,1213,-1,1221,1217,1216,-1,1217,1221,1222,-1,1213,1218,1184,-1,1217,1223,1218,-1,1183,1220,1186,-1,1178,1182,1223,-1,1220,1224,1225,-1,1178,1179,1181,-1,1179,1183,1186,-1,1219,1220,1225,-1,1215,1186,1220,-1,1212,1217,1218,-1,1226,1222,1221,-1,1222,1226,1227,-1,1218,1223,1182,-1,1228,1223,1222,-1,1183,1180,1224,-1,1176,1178,1228,-1,1229,1224,1230,-1,1176,1175,1179,-1,1175,1180,1183,-1,1225,1224,1229,-1,1220,1183,1224,-1,1217,1222,1223,-1,1231,1227,1226,-1,1227,1231,1232,-1,1223,1228,1178,-1,1233,1228,1227,-1,1180,1177,1230,-1,1173,1176,1233,-1,1234,1229,1230,-1,1173,1172,1175,-1,1224,1180,1230,-1,1180,1172,1177,-1,1234,1230,1235,-1,1222,1227,1228,-1,1236,1232,1231,-1,1232,1236,1237,-1,1228,1233,1176,-1,1238,1233,1232,-1,1174,1235,1177,-1,1169,1173,1238,-1,1234,1235,1239,-1,1169,1170,1172,-1,1230,1177,1235,-1,1177,1170,1174,-1,1239,1235,1240,-1,1227,1232,1233,-1,1241,1237,1236,-1,1237,1241,1242,-1,1233,1238,1173,-1,1243,1238,1237,-1,1171,1240,1174,-1,1167,1169,1243,-1,1174,1166,1171,-1,1167,1166,1170,-1,1240,1244,1245,-1,1239,1240,1245,-1,1235,1174,1240,-1,1232,1237,1238,-1,1246,1242,1241,-1,1242,1246,1247,-1,1238,1243,1169,-1,1248,1243,1242,-1,1244,1171,1168,-1,1164,1167,1248,-1,1168,1171,1163,-1,1164,1163,1166,-1,1244,1249,1250,-1,1245,1244,1250,-1,1240,1171,1244,-1,1237,1242,1243,-1,1251,1247,1246,-1,1247,1251,1252,-1,1243,1248,1167,-1,1253,1248,1247,-1,1249,1168,1165,-1,1160,1164,1253,-1,1165,1168,1161,-1,1160,1161,1163,-1,1249,1254,1255,-1,1250,1249,1255,-1,1244,1168,1249,-1,1242,1247,1248,-1,1256,1252,1251,-1,1252,1256,1257,-1,1248,1253,1164,-1,1258,1253,1252,-1,1254,1165,1162,-1,1159,1160,1258,-1,1162,1165,1158,-1,1159,1158,1161,-1,1254,1259,1260,-1,1255,1254,1260,-1,1249,1165,1254,-1,1247,1252,1253,-1,1261,1257,1256,-1,1257,1261,1262,-1,1253,1258,1160,-1,1263,1258,1257,-1,1259,1162,1157,-1,1154,1159,1263,-1,1157,1162,1155,-1,1154,1155,1158,-1,1259,1264,1265,-1,1260,1259,1265,-1,1254,1162,1259,-1,1252,1257,1258,-1,1266,1262,1261,-1,1262,1266,1267,-1,1258,1263,1159,-1,1268,1263,1262,-1,1264,1157,1156,-1,1152,1154,1268,-1,1156,1157,1151,-1,1152,1151,1155,-1,1264,1269,1270,-1,1265,1264,1270,-1,1259,1157,1264,-1,1257,1262,1263,-1,1271,1267,1266,-1,1267,1271,1272,-1,1263,1268,1154,-1,1273,1268,1267,-1,1269,1156,1153,-1,1149,1152,1273,-1,1156,1269,1264,-1,1149,1148,1151,-1,1148,1153,1156,-1,1274,1269,1275,-1,1269,1274,1270,-1,1262,1267,1268,-1,1276,1272,1271,-1,1272,1276,1277,-1,1268,1273,1152,-1,1278,1273,1272,-1,1089,1275,1153,-1,1101,1149,1278,-1,1275,1269,1153,-1,1101,1090,1148,-1,1090,1089,1153,-1,1279,1275,1280,-1,1275,1279,1274,-1,1267,1272,1273,-1,1281,1277,1276,-1,1277,1281,1282,-1,1273,1278,1149,-1,1283,1278,1277,-1,1098,1280,1089,-1,1095,1101,1283,-1,1280,1284,1285,-1,1095,1088,1090,-1,1088,1098,1089,-1,1279,1280,1285,-1,1275,1089,1280,-1,1272,1277,1278,-1,1286,1282,1281,-1,1282,1286,1287,-1,1278,1283,1101,-1,1288,1283,1282,-1,1098,1100,1284,-1,1094,1095,1288,-1,1289,1285,1284,-1,1094,1096,1088,-1,1280,1098,1284,-1,1098,1096,1100,-1,1289,1284,1290,-1,1277,1282,1283,-1,1291,1287,1286,-1,1287,1291,1292,-1,1283,1288,1095,-1,1293,1288,1287,-1,1105,1290,1100,-1,1097,1094,1293,-1,1290,1294,1295,-1,1097,1099,1096,-1,1099,1105,1100,-1,1289,1290,1295,-1,1284,1100,1290,-1,1282,1287,1288,-1,1296,1292,1291,-1,1292,1296,1297,-1,1288,1293,1094,-1,1298,1293,1292,-1,1105,1104,1294,-1,1110,1097,1298,-1,1290,1105,1294,-1,1110,1102,1099,-1,1105,1102,1104,-1,1295,1294,1299,-1,1299,1294,1300,-1,1287,1292,1293,-1,1301,1297,1296,-1,1297,1301,1302,-1,1293,1298,1097,-1,1303,1298,1297,-1,1300,1104,1113,-1,1109,1110,1303,-1,1304,1300,1305,-1,1109,1103,1102,-1,1103,1113,1104,-1,1299,1300,1304,-1,1294,1104,1300,-1,1292,1297,1298,-1,1306,1302,1301,-1,1307,1302,1306,-1,1298,1303,1110,-1,1308,1303,1302,-1,1113,1111,1305,-1,1106,1109,1308,-1,1300,1113,1305,-1,1106,1108,1103,-1,1113,1108,1111,-1,1304,1305,1309,-1,1309,1305,1310,-1,1297,1302,1303,-1,1311,1307,1306,-1,1312,1307,1311,-1,1303,1308,1109,-1,1313,1308,1307,-1,1310,1111,1122,-1,1107,1106,1313,-1,1314,1310,1315,-1,1107,1112,1108,-1,1112,1122,1111,-1,1309,1310,1314,-1,1305,1111,1310,-1,1302,1307,1308,-1,1316,1312,1311,-1,1317,1312,1316,-1,1308,1313,1106,-1,1318,1313,1312,-1,1122,1124,1315,-1,1114,1107,1318,-1,1310,1122,1315,-1,1114,1121,1112,-1,1122,1121,1124,-1,1314,1315,1319,-1,1319,1315,1320,-1,1307,1312,1313,-1,1321,1317,1316,-1,1116,1317,1321,-1,1313,1318,1107,-1,1322,1318,1317,-1,1320,1124,1136,-1,1129,1114,1322,-1,1323,1320,1324,-1,1129,1123,1121,-1,1123,1136,1124,-1,1319,1320,1323,-1,1315,1124,1320,-1,1312,1317,1318,-1,1117,1116,1321,-1,1325,1326,1327,-1,1318,1322,1114,-1,1116,1328,1322,-1,1136,1120,1324,-1,1129,1328,1128,-1,1320,1136,1324,-1,1128,1118,1123,-1,1136,1118,1120,-1,1323,1324,1329,-1,1329,1324,1330,-1,1317,1116,1322,-1,1142,1115,1117,-1,1128,1331,1118,-1,1322,1328,1129,-1,1328,1115,1332,-1,1330,1120,1131,-1,1331,1128,1332,-1,1333,1330,1130,-1,1119,1118,1331,-1,1119,1131,1120,-1,1329,1330,1333,-1,1324,1120,1330,-1,1116,1115,1328,-1,1140,1139,1142,-1,1331,1326,1119,-1,1328,1332,1128,-1,1139,1334,1332,-1,1325,1131,1119,-1,1331,1334,1326,-1,1330,1131,1130,-1,1325,1119,1326,-1,1131,1325,1132,-1,1333,1130,1335,-1,1335,1130,1134,-1,1115,1139,1332,-1,1336,1141,1140,-1,1337,1132,1325,-1,1332,1334,1331,-1,1141,1145,1334,-1,1338,1134,1132,-1,1145,1327,1326,-1,1133,1135,1137,-1,1337,1325,1327,-1,1338,1132,1337,-1,1335,1134,1133,-1,1130,1132,1134,-1,1139,1141,1334,-1,1206,1143,1336,-1,1144,1339,1327,-1,1334,1145,1326,-1,1144,1327,1145,-1,1339,1340,1337,-1,1339,1337,1327,-1,1340,1341,1338,-1,1340,1338,1337,-1,1138,1135,1341,-1,1135,1338,1341,-1,1134,1338,1135,-1,1336,1143,1141,-1,1145,1141,1143,-1,1339,1147,1342,-1,1146,1144,1143,-1,1340,1342,1343,-1,1147,1339,1144,-1,1341,1343,1344,-1,1342,1340,1339,-1,1138,1344,1127,-1,1343,1341,1340,-1,1127,1126,1138,-1,1344,1138,1341,-1,1345,1346,1347,-1,1348,1203,1349,-1,1350,1351,1352,-1,1353,1351,1350,-1,1354,1355,1356,-1,1357,1356,1353,-1,1353,1350,1357,-1,1352,1351,1347,-1,1357,1354,1356,-1,1347,1346,1352,-1,1358,1359,1360,-1,1361,1355,1362,-1,1362,1358,1361,-1,1360,1361,1358,-1,1359,1363,1360,-1,1363,1359,1364,-1,1365,1366,1364,-1,1366,1363,1364,-1,1367,1368,1369,-1,1370,1371,1372,-1,1365,1371,1373,-1,1374,1375,1376,-1,1373,1371,1370,-1,1376,1377,1378,-1,1378,1377,1372,-1,1377,1370,1372,-1,1378,1374,1376,-1,1367,1375,1374,-1,1369,1375,1367,-1,1366,1365,1373,-1,1355,1354,1362,-1,1368,1150,1379,-1,1379,1369,1368,-1,1380,1346,1345,-1,1381,1382,1380,-1,1380,1345,1381,-1,1382,1383,1384,-1,1383,1382,1381,-1,1385,1384,1386,-1,1383,1386,1384,-1,1387,1388,1385,-1,1385,1386,1387,-1,1388,1389,1390,-1,1389,1388,1387,-1,1391,1390,1392,-1,1389,1392,1390,-1,1393,1394,1391,-1,1391,1392,1393,-1,1394,1395,1396,-1,1395,1394,1393,-1,1397,1396,1398,-1,1395,1398,1396,-1,1399,1400,1397,-1,1397,1398,1399,-1,1400,1401,1402,-1,1401,1400,1399,-1,1403,1402,1404,-1,1401,1404,1402,-1,1405,1406,1403,-1,1403,1404,1405,-1,1406,1407,1408,-1,1407,1406,1405,-1,1203,1408,1349,-1,1407,1349,1408,-1,1409,1410,1411,-1,1410,1412,1413,-1,1414,1415,1416,-1,1417,1418,1419,-1,1419,1420,1421,-1,1413,1422,1417,-1,1423,1424,1425,-1,1426,1427,1428,-1,1429,1430,1414,-1,1431,1429,1414,-1,1432,1433,1434,-1,1428,1433,1435,-1,1414,1430,1436,-1,1414,1437,1431,-1,1434,1438,1439,-1,1440,1434,1441,-1,1441,1434,1442,-1,1430,1443,1436,-1,1436,1444,1445,-1,1446,1447,1436,-1,1448,1449,1450,-1,1451,1452,1453,-1,1454,1455,1456,-1,1457,1458,1459,-1,1460,1461,1462,-1,1463,1450,1464,-1,1465,1466,1467,-1,1468,1469,1470,-1,1471,1432,1434,-1,1440,1438,1434,-1,1426,1428,1472,-1,1435,1433,1432,-1,1433,1428,1427,-1,1450,1473,1433,-1,1474,1470,1475,-1,1474,1475,1465,-1,1466,1465,1475,-1,1474,1468,1470,-1,1476,1477,1478,-1,1463,1469,1468,-1,1463,1464,1469,-1,1479,1480,1450,-1,1433,1464,1450,-1,1413,1481,1482,-1,1483,1484,1480,-1,1450,1485,1448,-1,1486,1448,1485,-1,1479,1450,1449,-1,1487,1480,1479,-1,1459,1484,1457,-1,1457,1484,1488,-1,1413,1489,1481,-1,1409,1490,1412,-1,1459,1458,1491,-1,1412,1492,1413,-1,1409,1493,1494,-1,1427,1464,1433,-1,1484,1483,1488,-1,1409,1495,1493,-1,1496,1497,1498,-1,1498,1499,1434,-1,1409,1500,1495,-1,1460,1496,1501,-1,1456,1445,1444,-1,1487,1483,1480,-1,1450,1480,1502,-1,1503,1504,1433,-1,1502,1473,1450,-1,1473,1503,1433,-1,1499,1505,1434,-1,1498,1497,1499,-1,1434,1505,1442,-1,1471,1434,1439,-1,1498,1501,1496,-1,1501,1461,1460,-1,1454,1462,1455,-1,1461,1455,1462,-1,1456,1444,1454,-1,1409,1445,1506,-1,1409,1506,1500,-1,1495,1507,1493,-1,1507,1508,1509,-1,1509,1493,1507,-1,1494,1490,1409,-1,1412,1410,1409,-1,1413,1492,1489,-1,1510,1511,1512,-1,1513,1413,1514,-1,1413,1482,1514,-1,1476,1478,1515,-1,1413,1513,1478,-1,1510,1516,1511,-1,1516,1510,1476,-1,1476,1515,1516,-1,1478,1477,1413,-1,1413,1517,1518,-1,1413,1477,1517,-1,1519,1520,1521,-1,1518,1422,1413,-1,1522,1523,1524,-1,1422,1523,1525,-1,1526,1527,1528,-1,1529,1530,1531,-1,1532,1533,1534,-1,1535,1536,1537,-1,1415,1519,1416,-1,1538,1539,1540,-1,1541,1539,1538,-1,1542,1420,1543,-1,1540,1544,1538,-1,1545,1546,1547,-1,1547,1548,1545,-1,1549,1547,1550,-1,1551,1552,1553,-1,1420,1554,1409,-1,1555,1556,1557,-1,1558,1556,1555,-1,1559,1560,1525,-1,1557,1561,1555,-1,1562,1563,1564,-1,1565,1566,1561,-1,1564,1567,1562,-1,1417,1568,1569,-1,1570,1562,1567,-1,1571,1542,1572,-1,1418,1417,1569,-1,1538,1573,1541,-1,1574,1575,1576,-1,1436,1443,1446,-1,1418,1543,1420,-1,1577,1578,1579,-1,1447,1444,1436,-1,1415,1580,1581,-1,1555,1536,1558,-1,1582,1581,1526,-1,1583,1584,1585,-1,1586,1587,1588,-1,1452,1451,1580,-1,1576,1589,1590,-1,1585,1584,1575,-1,1555,1561,1566,-1,1591,1417,1422,-1,1562,1565,1563,-1,1568,1566,1569,-1,1555,1537,1536,-1,1592,1593,1536,-1,1536,1594,1558,-1,1568,1417,1595,-1,1533,1523,1534,-1,1596,1581,1580,-1,1597,1598,1599,-1,1600,1580,1451,-1,1601,1592,1602,-1,1580,1600,1596,-1,1591,1597,1417,-1,1534,1523,1522,-1,1603,1599,1531,-1,1597,1599,1417,-1,1599,1603,1604,-1,1605,1606,1603,-1,1603,1607,1604,-1,1529,1531,1598,-1,1581,1608,1526,-1,1603,1606,1607,-1,1423,1609,1424,-1,1416,1437,1414,-1,1416,1610,1437,-1,1582,1415,1581,-1,1582,1611,1415,-1,1612,1613,1614,-1,1615,1610,1416,-1,1533,1615,1416,-1,1416,1523,1533,-1,1525,1560,1616,-1,1525,1616,1617,-1,1523,1618,1619,-1,1620,1621,1622,-1,1621,1620,1623,-1,1591,1424,1597,-1,1523,1422,1618,-1,1424,1591,1624,-1,1623,1625,1423,-1,1424,1624,1425,-1,1423,1625,1626,-1,1609,1423,1626,-1,1621,1623,1423,-1,1627,1612,1609,-1,1609,1612,1628,-1,1609,1626,1627,-1,1614,1628,1612,-1,1609,1528,1527,-1,1424,1609,1527,-1,1520,1629,1521,-1,1559,1630,1629,-1,1415,1611,1519,-1,1520,1519,1611,-1,1521,1629,1630,-1,1619,1524,1523,-1,1617,1591,1525,-1,1422,1525,1591,-1,1525,1630,1559,-1,1417,1631,1632,-1,1602,1592,1633,-1,1592,1634,1633,-1,1601,1635,1592,-1,1636,1637,1638,-1,1639,1640,1635,-1,1641,1638,1642,-1,1638,1604,1607,-1,1643,1644,1645,-1,1531,1599,1598,-1,1417,1599,1646,-1,1417,1646,1631,-1,1647,1595,1632,-1,1417,1632,1595,-1,1648,1595,1649,-1,1595,1647,1649,-1,1650,1595,1651,-1,1595,1648,1651,-1,1652,1592,1595,-1,1595,1653,1652,-1,1595,1650,1653,-1,1634,1592,1654,-1,1592,1652,1654,-1,1655,1585,1656,-1,1585,1657,1656,-1,1658,1659,1660,-1,1608,1581,1661,-1,1586,1645,1644,-1,1661,1644,1643,-1,1527,1608,1642,-1,1655,1662,1663,-1,1445,1664,1436,-1,1665,1551,1666,-1,1667,1587,1668,-1,1669,1670,1664,-1,1657,1575,1574,-1,1669,1671,1672,-1,1579,1673,1674,-1,1672,1670,1669,-1,1589,1675,1590,-1,1589,1670,1675,-1,1589,1576,1575,-1,1575,1657,1585,-1,1659,1662,1676,-1,1451,1585,1655,-1,1658,1663,1659,-1,1600,1451,1655,-1,1659,1663,1662,-1,1662,1655,1656,-1,1677,1553,1552,-1,1551,1553,1666,-1,1668,1678,1667,-1,1553,1677,1679,-1,1668,1664,1680,-1,1681,1682,1683,-1,1667,1553,1679,-1,1636,1638,1641,-1,1667,1684,1685,-1,1679,1684,1667,-1,1587,1667,1685,-1,1686,1687,1688,-1,1587,1685,1588,-1,1689,1690,1687,-1,1644,1587,1586,-1,1691,1690,1689,-1,1608,1527,1526,-1,1692,1693,1689,-1,1608,1661,1643,-1,1693,1691,1689,-1,1642,1638,1527,-1,1690,1688,1687,-1,1636,1694,1686,-1,1604,1635,1695,-1,1638,1635,1604,-1,1683,1636,1686,-1,1696,1695,1635,-1,1686,1697,1698,-1,1686,1698,1699,-1,1700,1686,1701,-1,1686,1688,1701,-1,1686,1700,1697,-1,1686,1699,1683,-1,1702,1683,1682,-1,1699,1681,1683,-1,1674,1683,1702,-1,1664,1668,1669,-1,1578,1664,1579,-1,1680,1664,1578,-1,1678,1668,1680,-1,1703,1637,1704,-1,1705,1696,1635,-1,1706,1707,1708,-1,1705,1635,1601,-1,1548,1547,1549,-1,1545,1709,1546,-1,1589,1664,1670,-1,1544,1550,1547,-1,1579,1702,1577,-1,1420,1547,1710,-1,1710,1554,1420,-1,1673,1579,1711,-1,1409,1664,1445,-1,1554,1664,1409,-1,1589,1436,1664,-1,1712,1673,1711,-1,1674,1702,1579,-1,1639,1637,1703,-1,1641,1694,1636,-1,1637,1639,1635,-1,1637,1635,1638,-1,1704,1713,1714,-1,1713,1715,1714,-1,1704,1714,1703,-1,1716,1594,1706,-1,1546,1709,1717,-1,1548,1718,1545,-1,1640,1717,1709,-1,1709,1635,1640,-1,1635,1593,1592,-1,1594,1593,1719,-1,1593,1594,1536,-1,1719,1706,1594,-1,1720,1721,1716,-1,1548,1594,1716,-1,1707,1706,1719,-1,1548,1716,1718,-1,1716,1721,1718,-1,1562,1570,1722,-1,1538,1723,1573,-1,1418,1420,1419,-1,1562,1722,1538,-1,1547,1420,1542,-1,1723,1538,1722,-1,1543,1572,1542,-1,1538,1547,1542,-1,1544,1547,1538,-1,1569,1566,1562,-1,1566,1565,1562,-1,1724,1725,1726,-1,1725,1724,1727,-1,1727,1728,1725,-1,1728,1727,1729,-1,1729,1730,1728,-1,1730,1729,1731,-1,1731,1732,1730,-1,1732,1731,1733,-1,1733,1734,1732,-1,1734,1733,1735,-1,1736,1737,1734,-1,1736,1734,1735,-1,1738,1739,1737,-1,1738,1737,1736,-1,1740,1741,1739,-1,1740,1739,1738,-1,1742,1743,1741,-1,1742,1741,1740,-1,1744,1743,1742,-1,1744,1742,1745,-1,1746,1744,1745,-1,1746,1745,1747,-1,1748,1746,1747,-1,1748,1747,1749,-1,1750,1748,1749,-1,1750,1749,1751,-1,1752,1750,1751,-1,1752,1751,1753,-1,1754,1755,1752,-1,1754,1752,1753,-1,1756,1755,1754,-1,1756,1754,1757,-1,1758,1756,1757,-1,1758,1757,1759,-1,1760,1758,1759,-1,1760,1759,1761,-1,1762,1760,1761,-1,1762,1761,1763,-1,1764,1765,1762,-1,1764,1762,1763,-1,1766,1767,1765,-1,1766,1765,1764,-1,1768,1769,1767,-1,1768,1767,1766,-1,1768,1770,1769,-1,1770,1768,1771,-1,1771,1772,1770,-1,1772,1771,1773,-1,1773,1774,1772,-1,1774,1773,1775,-1,1775,1776,1774,-1,1776,1775,1777,-1,1777,1778,1776,-1,1778,1777,1779,-1,1780,1778,1779,-1,1780,1779,1781,-1,1782,1780,1781,-1,1782,1781,1783,-1,1784,1782,1783,-1,1784,1783,1785,-1,1786,1784,1785,-1,1786,1785,1787,-1,1788,1789,1786,-1,1788,1786,1787,-1,1788,1790,1789,-1,1790,1788,1791,-1,1791,1792,1790,-1,1792,1791,1793,-1,1793,1794,1792,-1,1794,1793,1795,-1,1795,1796,1794,-1,1796,1795,1797,-1,1798,1796,1797,-1,1796,1798,1799,-1,1798,1800,1799,-1,1800,1798,1801,-1,1801,1802,1800,-1,1802,1801,1803,-1,1803,1804,1802,-1,1804,1803,1805,-1,1805,1806,1804,-1,1806,1805,1807,-1,1807,1808,1806,-1,1808,1807,1809,-1,1809,1810,1808,-1,1810,1809,1811,-1,1811,1812,1810,-1,1812,1811,1813,-1,1813,1814,1812,-1,1814,1813,1815,-1,1816,1814,1815,-1,1814,1816,1817,-1,1816,1818,1817,-1,1818,1816,1819,-1,1819,1820,1818,-1,1820,1819,1821,-1,1821,1822,1820,-1,1822,1821,1823,-1,1824,1825,1822,-1,1824,1822,1823,-1,1826,1825,1824,-1,1826,1824,1827,-1,1828,1826,1827,-1,1828,1827,1829,-1,1830,1828,1829,-1,1830,1829,1831,-1,1724,1726,1830,-1,1724,1830,1831,-1,1832,1833,1834,-1,1832,1834,1835,-1,1836,1837,1832,-1,1836,1832,1835,-1,1838,1837,1836,-1,1838,1836,1839,-1,1840,1841,1838,-1,1840,1838,1839,-1,1842,1841,1840,-1,1841,1842,1843,-1,1844,1845,1843,-1,1844,1843,1842,-1,1846,1845,1844,-1,1845,1846,1847,-1,1846,1833,1847,-1,1833,1846,1834,-1,1848,1849,1850,-1,1849,1848,1851,-1,1852,1853,1849,-1,1852,1849,1851,-1,1854,1853,1852,-1,1854,1852,1855,-1,1856,1854,1855,-1,1856,1855,1857,-1,1858,1856,1857,-1,1858,1857,1859,-1,1860,1858,1859,-1,1860,1859,1861,-1,1862,1860,1861,-1,1862,1861,1863,-1,1864,1865,1862,-1,1864,1862,1863,-1,1866,1867,1865,-1,1866,1865,1864,-1,1868,1869,1867,-1,1868,1867,1866,-1,1870,1871,1869,-1,1870,1869,1868,-1,1870,1872,1871,-1,1872,1870,1873,-1,1873,1874,1872,-1,1874,1873,1875,-1,1875,1876,1874,-1,1876,1875,1877,-1,1877,1878,1876,-1,1878,1877,1879,-1,1879,1880,1878,-1,1880,1879,1881,-1,1882,1880,1881,-1,1882,1881,1883,-1,1884,1882,1883,-1,1884,1883,1885,-1,1886,1884,1885,-1,1886,1885,1887,-1,1888,1886,1887,-1,1888,1887,1889,-1,1890,1891,1888,-1,1890,1888,1889,-1,1890,1892,1891,-1,1892,1890,1893,-1,1893,1894,1892,-1,1894,1893,1895,-1,1895,1896,1894,-1,1896,1895,1897,-1,1897,1898,1896,-1,1898,1897,1899,-1,1900,1898,1899,-1,1898,1900,1901,-1,1900,1902,1901,-1,1902,1900,1903,-1,1903,1904,1902,-1,1904,1903,1905,-1,1905,1906,1904,-1,1906,1905,1907,-1,1907,1908,1906,-1,1908,1907,1909,-1,1909,1910,1908,-1,1910,1909,1911,-1,1912,1913,1910,-1,1912,1910,1911,-1,1914,1915,1913,-1,1914,1913,1912,-1,1916,1915,1914,-1,1915,1916,1917,-1,1918,1919,1917,-1,1918,1917,1916,-1,1920,1919,1918,-1,1919,1920,1921,-1,1920,1922,1921,-1,1922,1920,1923,-1,1924,1922,1923,-1,1924,1923,1925,-1,1926,1927,1924,-1,1926,1924,1925,-1,1926,1850,1927,-1,1850,1926,1848,-1,1804,1755,1756,-1,1808,1752,1806,-1,1812,1748,1810,-1,1748,1750,1810,-1,1744,1814,1817,-1,1812,1814,1746,-1,1744,1817,1743,-1,1784,1770,1772,-1,1808,1810,1750,-1,1752,1808,1750,-1,1782,1772,1774,-1,1776,1778,1780,-1,1806,1755,1804,-1,1755,1806,1752,-1,1825,1732,1822,-1,1728,1730,1826,-1,1756,1802,1804,-1,1758,1800,1802,-1,1762,1794,1796,-1,1760,1799,1800,-1,1794,1762,1765,-1,1767,1792,1765,-1,1769,1790,1767,-1,1770,1786,1769,-1,1776,1780,1774,-1,1782,1774,1780,-1,1772,1782,1784,-1,1784,1786,1770,-1,1786,1789,1769,-1,1789,1790,1769,-1,1790,1792,1767,-1,1792,1794,1765,-1,1762,1796,1799,-1,1760,1800,1758,-1,1799,1760,1762,-1,1758,1802,1756,-1,1828,1725,1728,-1,1730,1825,1826,-1,1737,1822,1734,-1,1818,1741,1817,-1,1812,1746,1748,-1,1746,1814,1744,-1,1743,1817,1741,-1,1741,1818,1739,-1,1739,1820,1737,-1,1818,1820,1739,-1,1820,1822,1737,-1,1734,1822,1732,-1,1732,1825,1730,-1,1826,1828,1728,-1,1828,1830,1725,-1,1725,1830,1726,-1,1833,1832,1837,-1,1841,1843,1838,-1,1843,1847,1837,-1,1838,1843,1837,-1,1845,1847,1843,-1,1847,1833,1837,-1,1884,1886,1876,-1,1853,1908,1849,-1,1865,1894,1896,-1,1853,1854,1906,-1,1908,1853,1906,-1,1904,1906,1856,-1,1902,1904,1858,-1,1898,1901,1862,-1,1901,1902,1860,-1,1896,1898,1862,-1,1867,1894,1865,-1,1894,1867,1892,-1,1874,1886,1872,-1,1871,1892,1869,-1,1872,1888,1871,-1,1878,1882,1876,-1,1884,1876,1882,-1,1882,1878,1880,-1,1850,1915,1927,-1,1850,1849,1913,-1,1886,1874,1876,-1,1886,1888,1872,-1,1888,1891,1871,-1,1891,1892,1871,-1,1869,1892,1867,-1,1862,1865,1896,-1,1901,1860,1862,-1,1902,1858,1860,-1,1904,1856,1858,-1,1921,1922,1917,-1,1906,1854,1856,-1,1849,1908,1910,-1,1913,1849,1910,-1,1913,1915,1850,-1,1917,1922,1924,-1,1924,1915,1917,-1,1917,1919,1921,-1,1924,1927,1915,-1,1928,1929,1930,-1,1931,1932,1928,-1,1933,1931,1928,-1,1928,1934,1929,-1,1933,1928,1930,-1,1935,1929,1936,-1,1929,1935,1930,-1,1935,1933,1930,-1,1933,1935,1937,-1,1938,1931,1933,-1,1938,1933,1937,-1,1932,1931,1938,-1,1932,1938,1939,-1,1939,1928,1932,-1,1928,1939,1940,-1,1934,1928,1940,-1,1934,1940,1941,-1,1936,1929,1934,-1,1936,1934,1941,-1,1942,1943,1944,-1,1942,1945,1943,-1,1946,1947,1948,-1,1949,1950,1951,-1,1952,1953,1954,-1,1945,1955,1956,-1,1957,1956,1955,-1,1942,1955,1945,-1,1957,1950,1949,-1,1957,1949,1956,-1,1951,1953,1952,-1,1950,1953,1951,-1,1948,1954,1946,-1,1952,1954,1948,-1,1947,1946,1958,-1,1959,1960,1961,-1,1962,1963,1964,-1,1965,1966,1967,-1,1968,1969,1970,-1,1971,1967,1972,-1,1966,1972,1967,-1,1969,1968,1965,-1,1965,1968,1966,-1,1970,1960,1959,-1,1969,1960,1970,-1,1963,1961,1964,-1,1959,1961,1963,-1,1962,1964,1973,-1,1972,1974,1975,-1,1972,1975,1971,-1,1976,1977,1978,-1,1974,1979,1980,-1,1981,1982,1983,-1,1984,1985,1986,-1,1987,1983,1988,-1,1982,1988,1983,-1,1985,1984,1981,-1,1981,1984,1982,-1,1986,1977,1976,-1,1985,1977,1986,-1,1979,1978,1980,-1,1976,1978,1979,-1,1974,1980,1975,-1,1989,1990,1991,-1,1992,1993,1994,-1,1995,1996,1997,-1,1998,1999,2000,-1,2001,2000,1999,-1,2002,1999,1998,-1,2001,1993,1992,-1,2001,1992,2000,-1,1994,1996,1995,-1,1993,1996,1994,-1,1991,1997,1989,-1,1995,1997,1991,-1,1990,1989,2003,-1,1998,2004,2005,-1,2005,2002,1998,-1,2006,2007,2008,-1,2008,2007,2009,-1,2010,2011,2012,-1,2006,2010,2007,-1,2012,2013,2014,-1,2013,2012,2011,-1,2006,2011,2010,-1,2015,2008,2009,-1,2015,2016,2017,-1,2016,2015,2009,-1,2018,2004,2017,-1,2017,2016,2018,-1,2018,2005,2004,-1,2019,2013,2020,-1,2019,2014,2013,-1,2021,2022,2023,-1,2023,2022,2024,-1,2025,2026,2027,-1,2021,2025,2022,-1,2027,2028,2029,-1,2028,2027,2026,-1,2021,2026,2025,-1,2030,2023,2024,-1,2030,2031,2032,-1,2031,2030,2024,-1,2033,2020,2032,-1,2032,2031,2033,-1,2033,2019,2020,-1,2029,2028,2034,-1,2034,2035,2029,-1,2036,2035,2034,-1,2037,2038,2039,-1,2040,2041,2042,-1,2043,2044,2045,-1,2046,2045,2044,-1,2047,2044,2043,-1,2046,2038,2037,-1,2046,2037,2045,-1,2039,2041,2040,-1,2038,2041,2039,-1,2036,2042,2035,-1,2040,2042,2036,-1,2048,2049,2050,-1,2048,2047,2051,-1,2051,2049,2048,-1,2047,2052,2051,-1,2053,2050,2049,-1,2054,2053,2055,-1,2053,2054,2050,-1,2054,2055,2056,-1,2057,2058,2059,-1,2060,2061,2042,-1,2062,2038,2063,-1,2035,2042,2061,-1,2064,2044,2047,-1,2065,2066,2067,-1,2068,2048,2050,-1,2067,2069,2070,-1,2048,2064,2047,-1,2071,2063,2046,-1,2064,2068,2072,-1,2066,2073,2072,-1,2074,2057,2075,-1,2054,2056,2070,-1,2060,2059,2076,-1,2060,2041,2062,-1,2077,2058,2078,-1,2077,2076,2059,-1,2061,2060,2076,-1,2042,2041,2060,-1,2058,2074,2079,-1,2077,2059,2058,-1,2059,2062,2057,-1,2078,2058,2079,-1,2060,2062,2059,-1,2041,2038,2062,-1,2079,2074,2080,-1,2080,2074,2073,-1,2057,2063,2075,-1,2058,2057,2074,-1,2062,2063,2057,-1,2038,2046,2063,-1,2073,2066,2065,-1,2074,2075,2073,-1,2071,2072,2075,-1,2080,2073,2065,-1,2063,2071,2075,-1,2046,2044,2071,-1,2066,2068,2069,-1,2075,2072,2073,-1,2066,2072,2068,-1,2067,2066,2069,-1,2071,2044,2064,-1,2072,2071,2064,-1,2069,2050,2054,-1,2048,2068,2064,-1,2054,2070,2069,-1,2050,2069,2068,-1,2081,2076,2082,-1,2081,2029,2061,-1,2061,2076,2081,-1,2029,2035,2061,-1,2077,2082,2076,-1,2083,2077,2078,-1,2077,2083,2082,-1,2083,2078,2084,-1,2024,2085,2031,-1,2019,2086,2087,-1,2088,2089,2090,-1,2033,2086,2019,-1,2091,2092,2093,-1,2085,2024,2091,-1,2081,2082,2094,-1,2095,2096,2097,-1,2027,2029,2081,-1,2081,2094,2027,-1,2096,2098,2097,-1,2094,2099,2092,-1,2100,2101,2084,-1,2025,2092,2022,-1,2096,2089,2102,-1,2086,2033,2103,-1,2104,2090,2105,-1,2104,2105,2106,-1,2106,2105,2107,-1,2108,2107,2109,-1,2086,2104,2087,-1,2031,2103,2033,-1,2105,2110,2109,-1,2087,2104,2106,-1,2104,2088,2090,-1,2109,2107,2105,-1,2088,2086,2103,-1,2022,2091,2024,-1,2090,2111,2110,-1,2086,2088,2104,-1,2088,2102,2089,-1,2110,2105,2090,-1,2103,2085,2102,-1,2085,2103,2031,-1,2089,2112,2111,-1,2103,2102,2088,-1,2102,2098,2096,-1,2111,2090,2089,-1,2098,2085,2091,-1,2101,2097,2093,-1,2089,2096,2112,-1,2085,2098,2102,-1,2098,2093,2097,-1,2095,2112,2096,-1,2022,2092,2091,-1,2025,2027,2094,-1,2097,2101,2100,-1,2091,2093,2098,-1,2093,2099,2101,-1,2100,2095,2097,-1,2025,2094,2092,-1,2092,2099,2093,-1,2082,2083,2099,-1,2094,2082,2099,-1,2084,2101,2083,-1,2099,2083,2101,-1,2113,2106,2114,-1,2113,2014,2087,-1,2087,2106,2113,-1,2014,2019,2087,-1,2107,2114,2106,-1,2115,2107,2108,-1,2107,2115,2114,-1,2115,2108,2116,-1,2009,2117,2016,-1,2005,2018,2118,-1,2005,2118,2119,-1,2120,2121,2122,-1,2123,2124,2125,-1,2009,2123,2117,-1,2113,2114,2126,-1,2127,2128,2129,-1,2012,2014,2113,-1,2113,2126,2012,-1,2128,2130,2129,-1,2126,2131,2124,-1,2132,2133,2116,-1,2010,2124,2007,-1,2128,2122,2134,-1,2118,2018,2135,-1,2136,2120,2137,-1,2136,2137,2138,-1,2138,2137,2139,-1,2140,2139,2141,-1,2118,2136,2119,-1,2016,2135,2018,-1,2137,2142,2141,-1,2119,2136,2138,-1,2136,2121,2120,-1,2141,2139,2137,-1,2121,2118,2135,-1,2007,2123,2009,-1,2120,2143,2142,-1,2118,2121,2136,-1,2121,2134,2122,-1,2142,2137,2120,-1,2135,2117,2134,-1,2117,2135,2016,-1,2122,2144,2143,-1,2135,2134,2121,-1,2134,2130,2128,-1,2143,2120,2122,-1,2130,2117,2123,-1,2133,2129,2125,-1,2122,2128,2144,-1,2117,2130,2134,-1,2130,2125,2129,-1,2127,2144,2128,-1,2007,2124,2123,-1,2010,2012,2126,-1,2129,2133,2132,-1,2123,2125,2130,-1,2125,2131,2133,-1,2132,2127,2129,-1,2010,2126,2124,-1,2124,2131,2125,-1,2114,2115,2131,-1,2126,2114,2131,-1,2116,2133,2115,-1,2131,2115,2133,-1,2145,2138,2146,-1,2145,2002,2119,-1,2119,2138,2145,-1,2002,2005,2119,-1,2139,2146,2138,-1,2147,2139,2140,-1,2139,2147,2146,-1,2147,2140,2148,-1,1996,2149,2150,-1,1997,2151,1989,-1,2151,2152,1989,-1,2152,2003,1989,-1,2153,2154,2155,-1,2149,1993,2156,-1,2154,2156,2155,-1,2157,2153,2158,-1,2002,2145,2155,-1,2145,2146,2153,-1,2157,2159,2154,-1,2160,2161,2157,-1,2159,2162,2163,-1,2161,2162,2159,-1,2147,2148,2164,-1,2150,2151,1997,-1,2163,2165,2166,-1,2167,2166,2168,-1,2169,2170,2151,-1,2152,2151,2170,-1,1996,2150,1997,-1,2166,2167,2169,-1,2170,2169,2167,-1,2169,2150,2171,-1,2168,2166,2165,-1,2151,2150,2169,-1,1993,2149,1996,-1,2163,2166,2171,-1,2169,2171,2166,-1,2149,2172,2171,-1,2165,2163,2162,-1,2150,2149,2171,-1,2001,2156,1993,-1,2163,2172,2159,-1,2171,2172,2163,-1,2172,2156,2154,-1,2161,2159,2157,-1,2149,2156,2172,-1,2155,2001,1999,-1,2164,2160,2158,-1,2172,2154,2159,-1,2157,2154,2153,-1,2160,2157,2158,-1,2001,2155,2156,-1,2002,2155,1999,-1,2158,2146,2147,-1,2145,2153,2155,-1,2146,2158,2153,-1,2147,2164,2158,-1,2173,2170,2174,-1,2173,2175,2152,-1,2152,2170,2173,-1,2175,2003,2152,-1,2167,2174,2170,-1,2176,2167,2168,-1,2167,2176,2174,-1,2176,2168,2177,-1,2052,2047,2043,-1,2052,2043,2178,-1,2179,2178,2043,-1,2175,2179,1990,-1,2179,2043,1990,-1,2003,2175,1990,-1,2180,2181,2182,-1,2183,2184,2185,-1,2185,2186,2183,-1,2187,2183,2188,-1,2186,2188,2183,-1,2189,2190,2191,-1,2192,2193,2194,-1,2190,2195,2196,-1,2195,2190,2189,-1,2178,2196,2052,-1,2195,2052,2196,-1,2189,2191,2193,-1,2193,2191,2194,-1,2197,2180,2192,-1,2194,2197,2192,-1,2198,2182,2181,-1,2181,2180,2197,-1,2184,2183,2198,-1,2198,2183,2182,-1,2184,2198,2199,-1,2200,2179,2201,-1,2202,2203,2204,-1,2205,2206,2179,-1,2205,2179,2200,-1,2207,2208,2209,-1,2208,2206,2210,-1,2179,2206,2208,-1,2209,2208,2210,-1,1375,2199,1376,-1,2211,2212,2213,-1,2202,2214,2215,-1,2214,2202,2204,-1,2216,2215,2217,-1,2214,2217,2215,-1,1413,2218,2216,-1,2216,2217,1413,-1,1345,2179,1381,-1,1348,1349,2208,-1,2219,2220,1417,-1,2221,2222,1417,-1,2221,1417,2220,-1,2223,2212,2222,-1,2212,2223,2224,-1,2225,2212,2224,-1,1417,2222,2212,-1,1383,2179,1386,-1,2198,2178,2199,-1,1379,2199,1369,-1,2191,2197,2194,-1,2181,2190,2196,-1,2197,2190,2181,-1,2190,2197,2191,-1,2178,2198,2196,-1,2198,2181,2196,-1,2208,2218,1348,-1,2226,1413,2227,-1,2208,1407,1405,-1,1349,1407,2208,-1,2208,1404,1401,-1,1405,1404,2208,-1,2208,1399,1398,-1,1401,1399,2208,-1,2179,2208,1395,-1,1398,1395,2208,-1,1392,2179,1393,-1,2179,1395,1393,-1,1387,2179,1389,-1,2179,1392,1389,-1,2179,1387,1386,-1,1383,1381,2179,-1,2178,1345,1347,-1,1345,2178,2179,-1,2178,1351,1353,-1,1347,1351,2178,-1,2178,1356,1355,-1,1353,1356,2178,-1,2178,1361,1360,-1,1355,1361,2178,-1,2199,2178,1363,-1,1360,1363,2178,-1,1373,2199,1366,-1,2199,1363,1366,-1,1377,2199,1370,-1,2199,1373,1370,-1,2199,1377,1376,-1,1375,1369,2199,-1,2212,1379,2228,-1,1379,2212,2199,-1,1417,2229,2230,-1,2228,2213,2212,-1,2212,2231,2232,-1,2211,2231,2212,-1,2212,2233,2234,-1,2232,2233,2212,-1,1417,2212,2235,-1,2234,2235,2212,-1,2236,1417,2237,-1,1417,2235,2237,-1,2238,1417,2239,-1,1417,2236,2239,-1,1417,2238,2229,-1,1417,2240,2227,-1,2230,2240,1417,-1,2226,2241,1413,-1,1417,2227,1413,-1,1413,2242,2243,-1,2241,2242,1413,-1,1413,2244,2245,-1,2243,2244,1413,-1,1413,2246,2247,-1,2245,2246,1413,-1,2248,2218,2247,-1,1413,2247,2218,-1,2249,2218,2250,-1,2218,2248,2250,-1,2251,2218,2252,-1,2218,2249,2252,-1,2253,2218,2254,-1,2218,2251,2254,-1,1348,2218,2253,-1,2255,2215,2256,-1,2257,2258,2259,-1,2259,2260,2257,-1,2261,2257,2262,-1,2260,2262,2257,-1,2263,2214,2204,-1,2264,2265,2203,-1,2214,2266,2217,-1,2266,2214,2263,-1,1413,2217,1410,-1,2266,1410,2217,-1,2263,2204,2265,-1,2265,2204,2203,-1,2202,2255,2264,-1,2203,2202,2264,-1,2216,2256,2215,-1,2215,2255,2202,-1,2258,2257,2216,-1,2216,2257,2256,-1,2258,2216,2218,-1,2267,2268,2269,-1,2225,2270,2212,-1,2271,2268,2267,-1,2272,2273,2222,-1,2223,2274,2224,-1,2275,2220,2219,-1,2221,2220,2276,-1,1417,2277,2219,-1,2275,2219,2277,-1,1419,2277,1417,-1,2275,2276,2220,-1,2276,2272,2221,-1,2223,2222,2273,-1,2222,2221,2272,-1,2268,2224,2274,-1,2274,2223,2273,-1,2270,2225,2268,-1,2268,2225,2224,-1,2268,2278,2269,-1,2268,2271,2270,-1,2279,2280,2281,-1,2268,2282,2283,-1,2284,2274,2273,-1,2283,2278,2268,-1,2284,2273,2285,-1,2286,2275,2277,-1,2287,2288,2289,-1,2290,2291,2292,-1,2293,2288,2294,-1,2295,2296,2293,-1,2295,2294,1419,-1,2297,2289,2293,-1,2298,2289,2297,-1,1419,2294,2277,-1,2299,2300,2301,-1,2302,2290,2303,-1,2291,2304,2280,-1,2272,2305,2285,-1,2282,2274,2284,-1,2279,2281,2306,-1,2307,2306,2308,-1,2309,2310,2282,-1,2283,2282,2310,-1,2268,2274,2282,-1,2306,2307,2309,-1,2310,2309,2307,-1,2309,2284,2311,-1,2308,2306,2281,-1,2284,2309,2282,-1,2285,2273,2272,-1,2306,2311,2279,-1,2309,2311,2306,-1,2311,2285,2292,-1,2280,2279,2291,-1,2284,2285,2311,-1,2305,2272,2276,-1,2279,2292,2291,-1,2311,2292,2279,-1,2292,2305,2290,-1,2304,2291,2302,-1,2285,2305,2292,-1,2312,2276,2275,-1,2302,2287,2313,-1,2291,2290,2302,-1,2290,2312,2303,-1,2304,2302,2313,-1,2290,2305,2312,-1,2276,2312,2305,-1,2287,2289,2314,-1,2302,2303,2287,-1,2286,2288,2303,-1,2313,2287,2314,-1,2303,2312,2286,-1,2275,2286,2312,-1,2297,2299,2301,-1,2303,2288,2287,-1,2288,2293,2289,-1,2314,2289,2298,-1,2286,2277,2294,-1,2288,2286,2294,-1,2297,2296,2299,-1,2295,2293,2294,-1,2297,2293,2296,-1,2298,2297,2301,-1,2283,2310,2315,-1,2283,1987,2278,-1,2283,2315,1987,-1,2316,2315,2310,-1,2307,2316,2310,-1,2317,2307,2308,-1,2307,2317,2316,-1,2317,2308,2318,-1,2319,2320,2321,-1,2322,1985,2323,-1,2324,2325,2326,-1,1978,2327,2328,-1,1975,1980,2328,-1,2322,2329,2327,-1,2326,2320,2324,-1,2330,2331,2321,-1,2322,2327,1977,-1,2332,2333,2334,-1,2333,2326,2325,-1,2335,2334,2336,-1,2337,2315,2316,-1,2323,2337,2338,-1,2315,1983,1987,-1,2316,2338,2337,-1,2338,2317,2336,-1,2335,2336,2318,-1,2317,2318,2336,-1,2332,2334,2335,-1,2339,2326,2340,-1,2337,1983,2315,-1,2317,2338,2316,-1,2338,2341,2323,-1,1981,1983,2337,-1,2334,2341,2336,-1,2340,2333,2332,-1,2323,1981,2337,-1,2336,2341,2338,-1,2341,2329,2322,-1,1985,1981,2323,-1,2333,2329,2334,-1,2342,1975,2328,-1,2341,2322,2323,-1,2334,2329,2341,-1,2329,2325,2327,-1,1985,2322,1977,-1,2340,2326,2333,-1,2320,2339,2330,-1,2327,2325,2328,-1,2333,2325,2329,-1,2324,2328,2325,-1,1977,2327,1978,-1,2339,2320,2326,-1,2330,2321,2320,-1,2319,2342,2324,-1,2320,2319,2324,-1,2342,2328,2324,-1,1978,2328,1980,-1,2342,2319,2343,-1,2342,1971,1975,-1,2342,2343,1971,-1,2344,2343,2319,-1,2321,2344,2319,-1,2345,2321,2331,-1,2321,2345,2344,-1,2345,2331,2346,-1,2347,2348,1961,-1,2349,1969,2350,-1,2351,2352,2353,-1,2354,2355,2356,-1,1973,1964,2348,-1,2357,2347,2349,-1,2354,2352,2355,-1,2358,2359,2353,-1,2349,2347,1960,-1,2360,2361,2362,-1,2361,2354,2356,-1,2363,2362,2364,-1,2365,2343,2344,-1,2350,2365,2366,-1,2343,1967,1971,-1,2344,2366,2365,-1,2366,2345,2364,-1,2363,2364,2346,-1,2345,2346,2364,-1,2360,2362,2363,-1,2367,2354,2368,-1,2365,1967,2343,-1,2345,2366,2344,-1,2366,2369,2350,-1,1965,1967,2365,-1,2362,2369,2364,-1,2368,2361,2360,-1,2350,1965,2365,-1,2364,2369,2366,-1,2369,2357,2349,-1,1969,1965,2350,-1,2361,2357,2362,-1,2370,1973,2348,-1,2369,2349,2350,-1,2362,2357,2369,-1,2357,2356,2347,-1,1969,2349,1960,-1,2368,2354,2361,-1,2352,2367,2358,-1,2347,2356,2348,-1,2361,2356,2357,-1,2355,2348,2356,-1,1960,2347,1961,-1,2367,2352,2354,-1,2358,2353,2352,-1,2351,2370,2355,-1,2352,2351,2355,-1,2370,2348,2355,-1,1961,2348,1964,-1,2371,2351,2372,-1,2371,2261,2370,-1,2370,2351,2371,-1,2261,1973,2370,-1,2353,2372,2351,-1,2373,2353,2359,-1,2353,2373,2372,-1,2373,2359,2374,-1,2375,2376,2377,-1,2266,2378,2379,-1,2380,2263,2265,-1,2379,1410,2266,-1,2380,2265,2381,-1,2382,2256,2257,-1,2383,2384,2385,-1,2386,2387,2388,-1,2389,2384,2390,-1,2371,2372,2389,-1,2371,2390,2261,-1,2391,2385,2389,-1,2392,2385,2391,-1,2261,2390,2257,-1,2373,2374,2393,-1,2394,2386,2395,-1,2387,2396,2376,-1,2264,2397,2381,-1,2378,2263,2380,-1,2375,2377,2398,-1,2399,2398,2400,-1,2401,2402,2378,-1,2379,2378,2402,-1,2266,2263,2378,-1,2398,2399,2401,-1,2402,2401,2399,-1,2401,2380,2403,-1,2400,2398,2377,-1,2380,2401,2378,-1,2381,2265,2264,-1,2398,2403,2375,-1,2401,2403,2398,-1,2403,2381,2388,-1,2376,2375,2387,-1,2380,2381,2403,-1,2397,2264,2255,-1,2375,2388,2387,-1,2403,2388,2375,-1,2388,2397,2386,-1,2396,2387,2394,-1,2381,2397,2388,-1,2404,2255,2256,-1,2394,2383,2405,-1,2387,2386,2394,-1,2386,2404,2395,-1,2396,2394,2405,-1,2386,2397,2404,-1,2255,2404,2397,-1,2383,2385,2406,-1,2394,2395,2383,-1,2382,2384,2395,-1,2405,2383,2406,-1,2395,2404,2382,-1,2256,2382,2404,-1,2391,2373,2393,-1,2395,2384,2383,-1,2384,2389,2385,-1,2406,2385,2392,-1,2382,2257,2390,-1,2384,2382,2390,-1,2391,2372,2373,-1,2371,2389,2390,-1,2391,2389,2372,-1,2392,2391,2393,-1,2407,2402,2408,-1,2407,1411,2379,-1,2379,2402,2407,-1,1411,1410,2379,-1,2399,2408,2402,-1,2409,2399,2400,-1,2399,2409,2408,-1,2409,2400,2410,-1,2411,1411,2407,-1,2412,2413,2414,-1,2415,2416,2417,-1,2418,2414,2419,-1,2420,2421,2422,-1,2413,2420,2423,-1,2424,2425,2416,-1,2409,2410,2424,-1,2408,2426,2407,-1,2427,2426,2408,-1,2409,2424,2427,-1,2425,2424,2410,-1,2427,2422,2426,-1,2415,2428,2429,-1,2428,2430,2431,-1,2413,2432,2420,-1,2433,2430,2434,-1,2435,2434,2436,-1,2429,2428,2431,-1,2417,2416,2425,-1,2437,2428,2438,-1,2426,2411,2407,-1,2409,2427,2408,-1,2427,2439,2422,-1,2440,2411,2426,-1,2416,2439,2424,-1,2438,2415,2417,-1,2422,2440,2426,-1,2424,2439,2427,-1,2439,2423,2420,-1,2421,2440,2422,-1,2415,2423,2416,-1,2441,2419,2414,-1,2439,2420,2422,-1,2416,2423,2439,-1,2423,2429,2413,-1,2421,2420,2432,-1,2438,2428,2415,-1,2430,2437,2436,-1,2413,2429,2414,-1,2415,2429,2423,-1,2431,2414,2429,-1,2432,2413,2412,-1,2437,2430,2428,-1,2436,2434,2430,-1,2433,2441,2431,-1,2430,2433,2431,-1,2441,2414,2431,-1,2412,2414,2418,-1,2442,2432,2412,-1,2443,2444,2418,-1,2440,2445,2411,-1,2446,2421,2447,-1,1411,2411,1409,-1,2445,1409,2411,-1,2412,2444,2442,-1,2440,2446,2445,-1,2421,2432,2447,-1,2440,2421,2446,-1,2447,2432,2442,-1,2443,2418,2419,-1,2444,2412,2418,-1,2295,2448,2296,-1,2295,1419,2449,-1,2449,2448,2295,-1,1419,1421,2449,-1,2450,2296,2448,-1,2299,2450,2451,-1,2450,2299,2296,-1,2299,2451,2300,-1,2448,2452,2450,-1,2453,2454,2455,-1,2456,2457,2458,-1,2459,2460,2461,-1,1421,2462,2461,-1,2453,2463,2460,-1,2458,2452,2456,-1,2464,2451,2450,-1,2453,2460,2465,-1,2466,2467,2468,-1,2467,2458,2457,-1,2469,2468,2470,-1,2471,2472,2473,-1,2455,2471,2474,-1,2472,2475,2476,-1,2473,2474,2471,-1,2474,2477,2470,-1,2469,2470,2478,-1,2477,2478,2470,-1,2466,2468,2469,-1,2479,2458,2480,-1,2471,2475,2472,-1,2477,2474,2473,-1,2474,2481,2455,-1,2482,2475,2471,-1,2468,2481,2470,-1,2480,2467,2466,-1,2455,2482,2471,-1,2470,2481,2474,-1,2481,2463,2453,-1,2454,2482,2455,-1,2467,2463,2468,-1,2449,1421,2461,-1,2481,2453,2455,-1,2468,2463,2481,-1,2463,2457,2460,-1,2454,2453,2465,-1,2480,2458,2467,-1,2452,2479,2464,-1,2460,2457,2461,-1,2467,2457,2463,-1,2456,2461,2457,-1,2465,2460,2459,-1,2479,2452,2458,-1,2464,2450,2452,-1,2448,2449,2456,-1,2452,2448,2456,-1,2449,2461,2456,-1,2459,2461,2462,-1,2483,2465,2459,-1,1420,2484,2462,-1,2482,2485,2475,-1,2486,2454,2487,-1,2476,2475,2488,-1,2485,2488,2475,-1,2454,2486,2482,-1,2482,2486,2485,-1,2487,2465,2483,-1,2454,2465,2487,-1,2484,2459,2462,-1,2483,2459,2484,-1,1420,2462,1421,-1,2476,2488,2489,-1,2476,2489,2490,-1,2491,2492,2493,-1,2494,2495,2493,-1,2493,2492,2494,-1,2496,2495,2497,-1,2494,2497,2495,-1,2496,2498,2499,-1,2498,2496,2497,-1,2491,2500,2492,-1,2500,2501,2502,-1,2501,2500,2491,-1,2503,2489,2502,-1,2502,2501,2503,-1,2503,2490,2489,-1,2499,2504,2505,-1,2504,2499,2498,-1,2506,2507,2508,-1,2509,2510,2508,-1,2508,2507,2509,-1,2511,2510,2512,-1,2509,2512,2510,-1,2511,2513,2514,-1,2513,2511,2512,-1,2506,2515,2507,-1,2515,2516,2517,-1,2516,2515,2506,-1,2518,2504,2517,-1,2517,2516,2518,-1,2518,2505,2504,-1,2514,2519,2520,-1,2521,2522,2516,-1,2521,2523,2522,-1,2524,2505,2518,-1,2525,2526,2527,-1,2520,2528,2529,-1,2530,2521,2531,-1,2519,2532,2528,-1,2533,2534,2535,-1,2536,2537,2538,-1,2538,2528,2532,-1,2520,2519,2528,-1,2537,2539,2538,-1,2540,2523,2541,-1,2535,2542,2543,-1,2536,2544,2537,-1,2545,2523,2530,-1,2543,2546,2547,-1,2548,2529,2527,-1,2545,2549,2541,-1,2547,2546,2550,-1,2536,2538,2532,-1,2539,2533,2538,-1,2528,2533,2529,-1,2511,2520,2548,-1,2520,2511,2514,-1,2538,2533,2528,-1,2539,2534,2533,-1,2548,2520,2529,-1,2548,2526,2510,-1,2529,2535,2527,-1,2511,2548,2510,-1,2533,2535,2529,-1,2534,2542,2535,-1,2526,2531,2508,-1,2548,2527,2526,-1,2527,2543,2525,-1,2510,2526,2508,-1,2535,2543,2527,-1,2542,2546,2543,-1,2531,2526,2525,-1,2531,2521,2506,-1,2547,2530,2525,-1,2508,2531,2506,-1,2547,2525,2543,-1,2549,2545,2550,-1,2524,2518,2522,-1,2525,2530,2531,-1,2530,2523,2521,-1,2506,2521,2516,-1,2547,2550,2545,-1,2530,2547,2545,-1,2522,2540,2524,-1,2541,2523,2545,-1,2522,2523,2540,-1,2516,2522,2518,-1,2524,2540,2551,-1,2524,2499,2505,-1,2524,2551,2499,-1,2552,2551,2540,-1,2541,2552,2540,-1,2553,2541,2549,-1,2541,2553,2552,-1,2553,2549,2554,-1,2499,2551,2555,-1,2556,2557,2501,-1,2556,2558,2557,-1,2559,2490,2503,-1,2560,2561,2562,-1,2555,2563,2564,-1,2565,2556,2566,-1,2551,2552,2563,-1,2567,2568,2569,-1,2553,2570,2571,-1,2571,2563,2552,-1,2555,2551,2563,-1,2570,2572,2571,-1,2569,2573,2574,-1,2553,2554,2570,-1,2575,2574,2576,-1,2577,2564,2562,-1,2578,2558,2579,-1,2579,2580,2581,-1,2565,2580,2558,-1,2575,2576,2582,-1,2553,2571,2552,-1,2572,2567,2571,-1,2563,2567,2564,-1,2496,2555,2577,-1,2555,2496,2499,-1,2571,2567,2563,-1,2572,2568,2567,-1,2577,2555,2564,-1,2577,2561,2495,-1,2564,2569,2562,-1,2496,2577,2495,-1,2567,2569,2564,-1,2568,2573,2569,-1,2561,2566,2493,-1,2577,2562,2561,-1,2562,2574,2560,-1,2495,2561,2493,-1,2569,2574,2562,-1,2573,2576,2574,-1,2566,2561,2560,-1,2566,2556,2491,-1,2575,2565,2560,-1,2493,2566,2491,-1,2575,2560,2574,-1,2581,2580,2582,-1,2559,2503,2557,-1,2560,2565,2566,-1,2565,2558,2556,-1,2491,2556,2501,-1,2575,2582,2580,-1,2565,2575,2580,-1,2557,2578,2559,-1,2579,2558,2580,-1,2557,2558,2578,-1,2501,2557,2503,-1,2559,2578,2472,-1,2559,2476,2490,-1,2559,2472,2476,-1,2473,2472,2578,-1,2579,2473,2578,-1,2477,2579,2581,-1,2579,2477,2473,-1,2477,2581,2478,-1,2346,2368,2360,-1,2318,2570,2554,-1,2451,2480,2466,-1,2392,2435,2406,-1,2318,2331,2335,-1,2554,2331,2318,-1,2339,2340,2331,-1,2331,2340,2332,-1,2331,2330,2339,-1,2368,2346,2367,-1,2346,2360,2363,-1,2359,2550,2546,-1,2549,2550,2359,-1,2534,2359,2542,-1,2400,2396,2405,-1,2406,2400,2405,-1,2417,2425,2410,-1,2400,2376,2396,-1,2581,2582,2308,-1,2417,2410,2438,-1,2437,2410,2436,-1,2437,2438,2410,-1,2314,2300,2313,-1,2298,2301,2300,-1,2400,2435,2410,-1,2436,2410,2435,-1,2300,2314,2298,-1,2300,2478,2313,-1,2376,2400,2377,-1,2466,2469,2451,-1,2435,2392,2393,-1,2435,2400,2406,-1,2374,2435,2393,-1,2537,2544,2374,-1,2374,2544,2435,-1,2359,2539,2537,-1,2537,2374,2359,-1,2359,2534,2539,-1,2358,2367,2346,-1,2542,2359,2546,-1,2549,2359,2346,-1,2346,2359,2358,-1,2346,2331,2554,-1,2554,2549,2346,-1,2335,2331,2332,-1,2572,2318,2568,-1,2572,2570,2318,-1,2318,2576,2573,-1,2568,2318,2573,-1,2318,2582,2576,-1,2318,2308,2582,-1,2451,2464,2479,-1,2480,2451,2479,-1,2478,2300,2451,-1,2478,2451,2469,-1,2280,2304,2478,-1,2304,2313,2478,-1,2281,2478,2308,-1,2281,2280,2478,-1,2581,2308,2478,-1,2519,2433,2532,-1,2519,2514,2441,-1,2441,2433,2519,-1,2514,2419,2441,-1,2434,2532,2433,-1,2536,2434,2435,-1,2434,2536,2532,-1,2536,2435,2544,-1,2419,2513,2443,-1,2513,2419,2514,-1,1979,1956,1976,-1,1982,1984,1952,-1,1988,1948,1947,-1,1979,1945,1956,-1,1949,1951,1986,-1,1974,1945,1979,-1,2583,2584,1970,-1,1970,1959,2583,-1,1970,2584,1968,-1,1963,2585,1959,-1,2583,1959,2585,-1,2586,1963,1962,-1,1963,2586,2585,-1,1968,2587,1966,-1,2587,1968,2584,-1,2588,1972,1966,-1,1966,2587,2588,-1,2588,1943,1972,-1,1972,1943,1974,-1,1956,1949,1976,-1,1943,1945,1974,-1,1986,1951,1984,-1,1976,1949,1986,-1,1952,1948,1982,-1,1951,1952,1984,-1,1988,1982,1948,-1,2006,2013,2011,-1,1995,1991,1733,-1,1990,2045,1991,-1,1998,1731,1729,-1,1834,2045,2037,-1,1834,2039,2040,-1,2020,2023,2030,-1,1727,1724,1998,-1,2008,2015,2013,-1,2008,2013,2006,-1,2013,1788,1787,-1,1788,2013,1791,-1,1840,1839,2020,-1,2021,2023,2020,-1,2032,2020,2030,-1,2026,2021,1839,-1,2020,1839,2021,-1,2026,1839,2028,-1,1839,1836,1835,-1,1834,2037,2039,-1,1835,1834,2034,-1,1994,1733,1731,-1,2000,1992,1731,-1,1846,1991,2045,-1,1846,2045,1834,-1,1990,2043,2045,-1,2036,1834,2040,-1,1844,1842,1742,-1,2036,2034,1834,-1,2028,1835,2034,-1,1742,1740,1844,-1,1839,1835,2028,-1,2020,2013,1840,-1,1773,1764,1775,-1,1747,1842,1779,-1,1798,1797,2004,-1,1816,1831,1819,-1,1727,1998,1729,-1,1738,1736,1846,-1,1731,1998,2000,-1,1992,1994,1731,-1,1991,1735,1733,-1,1994,1995,1733,-1,1846,1735,1991,-1,1846,1736,1735,-1,1824,1821,1827,-1,1846,1844,1738,-1,1738,1844,1740,-1,1842,1745,1742,-1,1842,1747,1745,-1,1754,1753,1757,-1,1807,1805,1724,-1,1749,1779,1751,-1,1759,1753,1777,-1,1766,1764,1773,-1,1757,1753,1759,-1,1763,1761,1777,-1,2004,1998,1801,-1,2015,1793,2013,-1,1771,1766,1773,-1,1797,1795,2004,-1,1766,1771,1768,-1,1763,1775,1764,-1,1783,1781,1840,-1,1842,1840,1779,-1,1791,2013,1793,-1,1763,1777,1775,-1,1761,1759,1777,-1,1777,1753,1751,-1,1777,1751,1779,-1,1840,1781,1779,-1,1749,1747,1779,-1,2013,1787,1840,-1,1840,1785,1783,-1,1840,1787,1785,-1,1793,2015,2017,-1,2017,2004,1793,-1,2004,1795,1793,-1,2004,1801,1798,-1,1801,1998,1803,-1,1998,1724,1803,-1,1724,1805,1803,-1,1807,1811,1809,-1,1811,1807,1813,-1,1815,1813,1831,-1,1831,1813,1807,-1,1829,1821,1819,-1,1829,1827,1821,-1,1823,1821,1824,-1,1829,1819,1831,-1,1816,1815,1831,-1,1807,1724,1831,-1,2502,1937,2498,-1,2483,1941,2487,-1,1885,1936,1887,-1,1941,2483,2484,-1,2445,2484,1420,-1,1889,1936,2484,-1,2445,1420,1409,-1,2486,1941,2485,-1,1868,1875,1873,-1,2487,1941,2486,-1,2502,2489,1937,-1,1868,1873,1870,-1,1916,1909,1918,-1,2497,2494,2498,-1,2492,2500,2498,-1,2492,2498,2494,-1,1937,1935,2498,-1,2500,2502,2498,-1,1923,2504,2498,-1,2515,2517,2504,-1,2513,2512,1920,-1,2504,2509,2507,-1,2515,2504,2507,-1,1920,1918,2513,-1,2512,2509,1920,-1,2488,1941,1939,-1,1912,1911,1916,-1,1939,1938,2489,-1,2489,1938,1937,-1,1939,1941,1940,-1,2489,2488,1939,-1,2484,1936,1941,-1,2485,1941,2488,-1,1848,1855,1852,-1,1879,1925,1881,-1,2498,1935,1923,-1,1848,1852,1851,-1,1848,1857,1855,-1,2443,1903,1900,-1,1859,1857,1926,-1,1879,1861,1926,-1,2442,2444,1893,-1,1879,1877,1864,-1,1875,1868,1866,-1,1877,1875,1866,-1,2447,1893,2446,-1,2446,1893,1890,-1,1866,1864,1877,-1,2445,2446,1890,-1,1863,1879,1864,-1,1936,1885,1883,-1,1879,1863,1861,-1,1926,1925,1879,-1,1935,1936,1925,-1,1936,1883,1881,-1,1890,1889,2445,-1,2484,2445,1889,-1,1936,1889,1887,-1,1893,2447,2442,-1,1893,2444,1895,-1,2444,2443,1895,-1,2443,1897,1895,-1,2443,1899,1897,-1,2443,1900,1899,-1,2443,2513,1903,-1,2513,1905,1903,-1,1905,1918,1907,-1,1916,1914,1912,-1,1935,1925,1923,-1,1911,1909,1916,-1,1905,2513,1918,-1,1909,1907,1918,-1,1920,2509,2504,-1,2504,1923,1920,-1,1936,1881,1925,-1,1857,1848,1926,-1,1926,1861,1859,-1,2588,1944,1943,-1,2583,2589,2584,-1,2587,2590,2591,-1,2586,2592,2585,-1,2593,2585,2592,-1,2594,2592,2586,-1,2593,2589,2583,-1,2593,2583,2585,-1,2584,2590,2587,-1,2589,2590,2584,-1,2588,2591,1944,-1,2587,2591,2588,-1,2595,2596,2597,-1,2595,2594,2598,-1,2598,2596,2595,-1,2594,2599,2598,-1,2600,2597,2596,-1,2601,2600,2602,-1,2600,2601,2597,-1,2601,2602,2603,-1,2604,2605,2606,-1,2607,2608,2591,-1,2609,2589,2610,-1,1944,2591,2608,-1,2611,2592,2594,-1,2612,2613,2614,-1,2615,2595,2597,-1,2614,2616,2617,-1,2595,2611,2594,-1,2618,2610,2593,-1,2611,2615,2619,-1,2613,2620,2619,-1,2621,2604,2622,-1,2601,2603,2617,-1,2607,2606,2623,-1,2607,2590,2609,-1,2624,2605,2625,-1,2624,2623,2606,-1,2608,2607,2623,-1,2591,2590,2607,-1,2605,2621,2626,-1,2624,2606,2605,-1,2606,2609,2604,-1,2625,2605,2626,-1,2607,2609,2606,-1,2590,2589,2609,-1,2626,2621,2627,-1,2627,2621,2620,-1,2604,2610,2622,-1,2605,2604,2621,-1,2609,2610,2604,-1,2589,2593,2610,-1,2620,2613,2612,-1,2621,2622,2620,-1,2618,2619,2622,-1,2627,2620,2612,-1,2610,2618,2622,-1,2593,2592,2618,-1,2613,2615,2616,-1,2622,2619,2620,-1,2613,2619,2615,-1,2614,2613,2616,-1,2618,2592,2611,-1,2619,2618,2611,-1,2616,2597,2601,-1,2595,2615,2611,-1,2601,2617,2616,-1,2597,2616,2615,-1,2628,2623,2629,-1,2628,1942,2608,-1,2608,2623,2628,-1,1942,1944,2608,-1,2624,2629,2623,-1,2630,2624,2625,-1,2624,2630,2629,-1,2630,2625,2631,-1,1953,2632,2633,-1,1954,2634,1946,-1,2634,2635,1946,-1,2635,1958,1946,-1,2636,2637,2638,-1,2632,1950,2639,-1,2637,2639,2638,-1,2640,2636,2641,-1,1942,2628,2638,-1,2628,2629,2636,-1,2640,2642,2637,-1,2643,2644,2640,-1,2642,2645,2646,-1,2644,2645,2642,-1,2630,2631,2647,-1,2633,2634,1954,-1,2646,2648,2649,-1,2650,2649,2651,-1,2652,2653,2634,-1,2635,2634,2653,-1,1953,2633,1954,-1,2649,2650,2652,-1,2653,2652,2650,-1,2652,2633,2654,-1,2651,2649,2648,-1,2634,2633,2652,-1,1950,2632,1953,-1,2646,2649,2654,-1,2652,2654,2649,-1,2632,2655,2654,-1,2648,2646,2645,-1,2633,2632,2654,-1,1957,2639,1950,-1,2646,2655,2642,-1,2654,2655,2646,-1,2655,2639,2637,-1,2644,2642,2640,-1,2632,2639,2655,-1,2638,1957,1955,-1,2647,2643,2641,-1,2655,2637,2642,-1,2640,2637,2636,-1,2643,2640,2641,-1,1957,2638,2639,-1,1942,2638,1955,-1,2641,2629,2630,-1,2628,2636,2638,-1,2629,2641,2636,-1,2630,2647,2641,-1,2656,2653,2657,-1,2656,2187,2635,-1,2635,2653,2656,-1,2187,1958,2635,-1,2650,2657,2653,-1,2658,2650,2651,-1,2650,2658,2657,-1,2658,2651,2659,-1,2660,2661,2662,-1,2195,2663,2051,-1,2664,2189,2193,-1,2051,2052,2195,-1,2664,2193,2665,-1,2666,2182,2183,-1,2667,2668,2669,-1,2670,2671,2672,-1,2673,2668,2674,-1,2656,2657,2673,-1,2656,2674,2187,-1,2675,2669,2673,-1,2676,2669,2675,-1,2187,2674,2183,-1,2658,2659,2677,-1,2678,2670,2679,-1,2671,2680,2661,-1,2192,2681,2665,-1,2663,2189,2664,-1,2660,2662,2682,-1,2053,2682,2055,-1,2683,2049,2663,-1,2051,2663,2049,-1,2195,2189,2663,-1,2682,2053,2683,-1,2049,2683,2053,-1,2683,2664,2684,-1,2055,2682,2662,-1,2664,2683,2663,-1,2665,2193,2192,-1,2682,2684,2660,-1,2683,2684,2682,-1,2684,2665,2672,-1,2661,2660,2671,-1,2664,2665,2684,-1,2681,2192,2180,-1,2660,2672,2671,-1,2684,2672,2660,-1,2672,2681,2670,-1,2680,2671,2678,-1,2665,2681,2672,-1,2685,2180,2182,-1,2678,2667,2686,-1,2671,2670,2678,-1,2670,2685,2679,-1,2680,2678,2686,-1,2670,2681,2685,-1,2180,2685,2681,-1,2667,2669,2687,-1,2678,2679,2667,-1,2666,2668,2679,-1,2686,2667,2687,-1,2679,2685,2666,-1,2182,2666,2685,-1,2675,2658,2677,-1,2679,2668,2667,-1,2668,2673,2669,-1,2687,2669,2676,-1,2666,2183,2674,-1,2668,2666,2674,-1,2675,2657,2658,-1,2656,2673,2674,-1,2675,2673,2657,-1,2676,2675,2677,-1,2661,2055,2662,-1,2659,2100,2084,-1,2686,2055,2680,-1,2055,2661,2680,-1,2065,2056,2080,-1,2686,2078,2055,-1,2080,2056,2079,-1,2065,2067,2056,-1,2067,2070,2056,-1,2078,2056,2055,-1,2079,2056,2078,-1,2143,2144,2603,-1,2676,2078,2687,-1,2687,2078,2686,-1,2677,2659,2078,-1,2677,2078,2676,-1,2078,2659,2084,-1,2108,2651,2631,-1,2644,2631,2645,-1,2651,2648,2631,-1,2651,2108,2109,-1,2643,2631,2644,-1,2647,2631,2643,-1,2625,2627,2612,-1,2645,2631,2648,-1,2627,2625,2626,-1,2132,2603,2127,-1,2116,2603,2132,-1,2177,2148,2688,-1,2689,2690,2148,-1,2691,2692,2177,-1,2691,2177,2688,-1,2164,2168,2160,-1,2168,2165,2162,-1,2161,2160,2168,-1,2161,2168,2162,-1,2177,2168,2148,-1,2168,2164,2148,-1,2692,2693,2177,-1,2148,2694,2689,-1,2690,2688,2148,-1,2602,2148,2140,-1,2148,2602,2694,-1,2141,2603,2602,-1,2602,2140,2141,-1,2603,2142,2143,-1,2141,2142,2603,-1,2127,2603,2144,-1,2614,2617,2625,-1,2614,2625,2612,-1,2625,2603,2116,-1,2617,2603,2625,-1,2631,2625,2116,-1,2631,2116,2108,-1,2651,2109,2110,-1,2112,2651,2111,-1,2651,2110,2111,-1,2095,2100,2651,-1,2095,2651,2112,-1,2100,2659,2651,-1,2695,2689,2694,-1,2696,2697,2598,-1,2698,2699,2700,-1,2598,2599,2696,-1,2698,2700,2701,-1,2702,2703,2704,-1,2705,2706,2707,-1,2708,2709,2710,-1,2711,2706,2712,-1,2173,2174,2711,-1,2173,2712,2175,-1,2713,2707,2711,-1,2692,2707,2713,-1,2175,2712,2704,-1,2176,2177,2693,-1,2714,2708,2715,-1,2709,2690,2689,-1,2716,2717,2701,-1,2697,2699,2698,-1,2695,2694,2718,-1,2600,2718,2602,-1,2719,2596,2697,-1,2598,2697,2596,-1,2696,2699,2697,-1,2718,2600,2719,-1,2596,2719,2600,-1,2719,2698,2720,-1,2602,2718,2694,-1,2698,2719,2697,-1,2701,2700,2716,-1,2718,2720,2695,-1,2719,2720,2718,-1,2720,2701,2710,-1,2689,2695,2709,-1,2698,2701,2720,-1,2717,2716,2721,-1,2695,2710,2709,-1,2720,2710,2695,-1,2710,2717,2708,-1,2690,2709,2714,-1,2701,2717,2710,-1,2722,2721,2703,-1,2714,2705,2688,-1,2709,2708,2714,-1,2708,2722,2715,-1,2690,2714,2688,-1,2708,2717,2722,-1,2721,2722,2717,-1,2705,2707,2691,-1,2714,2715,2705,-1,2702,2706,2715,-1,2688,2705,2691,-1,2715,2722,2702,-1,2703,2702,2722,-1,2713,2176,2693,-1,2715,2706,2705,-1,2706,2711,2707,-1,2691,2707,2692,-1,2702,2704,2712,-1,2706,2702,2712,-1,2713,2174,2176,-1,2173,2711,2712,-1,2713,2711,2174,-1,2692,2713,2693,-1,2723,2696,2724,-1,2207,2725,2208,-1,2726,2696,2723,-1,2716,2700,2206,-1,2210,2699,2209,-1,2703,2200,2201,-1,2205,2200,2721,-1,2179,2704,2201,-1,2703,2201,2704,-1,2175,2704,2179,-1,2703,2721,2200,-1,2721,2716,2205,-1,2210,2206,2700,-1,2206,2205,2716,-1,2696,2209,2699,-1,2699,2210,2700,-1,2725,2207,2696,-1,2696,2207,2209,-1,2696,2599,2724,-1,2696,2726,2725,-1,2727,2726,2723,-1,2724,2586,2727,-1,2208,2728,2218,-1,2724,2599,2594,-1,2723,2724,2727,-1,2594,2586,2724,-1,1973,2261,2262,-1,2728,2729,1962,-1,2260,2730,2262,-1,2730,2260,2259,-1,1973,2262,1962,-1,1962,2262,2730,-1,1962,2730,2728,-1,2586,1962,2729,-1,2208,2725,2729,-1,2258,2218,2728,-1,2586,2729,2727,-1,2728,2208,2729,-1,1988,2731,2732,-1,2731,2199,2212,-1,2732,2267,2269,-1,2184,2199,2733,-1,2731,2212,2270,-1,2199,2731,2733,-1,2732,2271,2267,-1,1987,2269,2278,-1,1988,2732,2269,-1,1988,2269,1987,-1,1947,2733,1988,-1,2731,1988,2733,-1,1958,2187,2188,-1,2188,1947,1958,-1,2188,2734,1947,-1,2188,2186,2734,-1,2185,2734,2186,-1,2733,1947,2734,-1,1150,1206,2228,-1,2211,2213,1336,-1,2233,2232,1117,-1,2231,1140,1142,-1,2235,1311,2237,-1,1321,1316,2234,-1,1296,2238,2239,-1,1301,2236,1306,-1,2240,2230,1281,-1,2229,1291,1286,-1,2226,1266,2241,-1,1276,1271,2227,-1,1251,2244,2243,-1,1256,2242,1261,-1,2247,2246,1236,-1,2245,1246,1241,-1,1226,2248,1231,-1,2247,1231,2248,-1,1226,1221,2250,-1,2250,2248,1226,-1,2249,1221,1216,-1,1221,2249,2250,-1,1211,2252,1216,-1,2249,1216,2252,-1,1211,1204,2251,-1,2251,2252,1211,-1,2254,1204,1201,-1,1204,2254,2251,-1,1200,2253,1201,-1,2254,1201,2253,-1,1200,1203,1348,-1,1348,2253,1200,-1,2247,1236,1231,-1,2246,2245,1241,-1,2246,1241,1236,-1,1246,2244,1251,-1,2245,2244,1246,-1,1256,2243,2242,-1,1251,2243,1256,-1,1266,1261,2241,-1,1261,2242,2241,-1,2227,1271,2226,-1,1271,1266,2226,-1,2240,1281,1276,-1,2240,1276,2227,-1,2230,2229,1286,-1,2230,1286,1281,-1,1291,2238,1296,-1,2229,2238,1291,-1,1301,2239,2236,-1,1296,2239,1301,-1,1311,1306,2237,-1,1306,2236,2237,-1,2234,1316,2235,-1,1316,1311,2235,-1,2233,1117,1321,-1,2233,1321,2234,-1,2232,2231,1142,-1,2232,1142,1117,-1,1140,2211,1336,-1,2231,2211,1140,-1,1206,2213,2228,-1,1336,2213,1206,-1,1150,2228,1379,-1,1304,2735,1299,-1,1239,1250,1234,-1,1239,1245,1250,-1,1229,1234,1255,-1,1250,1255,1234,-1,1260,1225,1229,-1,1229,1255,1260,-1,1225,1265,1219,-1,1265,1225,1260,-1,1214,1219,1270,-1,1265,1270,1219,-1,1274,1209,1214,-1,1214,1270,1274,-1,1209,1279,1197,-1,1279,1209,1274,-1,1285,1289,2736,-1,1279,1285,1197,-1,1309,2737,2738,-1,2739,2740,1295,-1,1323,2741,2742,-1,1319,2743,1314,-1,2744,1329,1333,-1,1137,2745,1133,-1,2746,2747,1335,-1,2748,1125,2749,-1,2750,1126,2751,-1,2752,2753,2754,-1,2755,2756,2757,-1,2758,2759,2760,-1,2761,2762,2763,-1,2760,2759,2761,-1,2764,2759,2758,-1,2753,2763,2762,-1,2763,2760,2761,-1,2756,2752,2754,-1,2754,2753,2762,-1,2757,2749,2755,-1,2756,2755,2752,-1,2757,2748,2749,-1,2751,1126,1125,-1,2748,2751,1125,-1,2750,2745,1137,-1,1126,2750,1137,-1,1133,2746,1335,-1,1133,2745,2746,-1,1333,2747,2744,-1,1333,1335,2747,-1,1323,1329,2741,-1,2741,1329,2744,-1,2743,1319,2742,-1,2742,1319,1323,-1,2737,1309,1314,-1,2743,2737,1314,-1,2738,2735,1304,-1,1309,2738,1304,-1,1299,2739,1295,-1,1299,2735,2739,-1,1289,2740,2736,-1,1289,1295,2740,-1,2736,1197,1285,-1,2765,2766,2767,-1,2768,1146,1368,-1,2769,2768,1367,-1,1146,1150,1368,-1,1203,2770,1408,-1,2771,1147,2768,-1,1368,1367,2768,-1,1342,2771,2772,-1,2773,2774,2775,-1,2776,2777,2778,-1,2766,2779,2780,-1,2781,2782,2777,-1,2783,2784,2777,-1,2785,2786,2787,-1,2788,2786,2789,-1,2790,2791,2792,-1,2793,2794,2787,-1,2795,2796,2797,-1,2798,2791,2799,-1,2800,2801,2802,-1,2795,2803,2804,-1,2805,2806,2807,-1,2808,2809,2802,-1,2810,2811,2812,-1,2813,2814,2812,-1,2815,2816,2817,-1,2818,2810,2819,-1,2740,2820,2821,-1,2822,2819,2823,-1,2824,2825,2826,-1,2740,2821,2736,-1,2823,2810,2827,-1,2828,2819,2815,-1,1403,2829,2830,-1,2831,1402,2830,-1,2770,2832,2833,-1,1202,1198,2832,-1,1202,2770,1203,-1,1197,2736,1193,-1,2739,2834,2820,-1,2827,2812,2835,-1,2836,1400,2831,-1,2837,2806,2814,-1,2814,2805,2835,-1,2838,2839,2806,-1,2809,2807,2839,-1,2801,2840,2808,-1,2802,2839,2841,-1,2842,2843,2801,-1,2843,2804,2840,-1,2803,2797,2844,-1,2845,2795,2843,-1,2797,2846,2847,-1,2844,2847,2798,-1,2848,2799,2790,-1,2847,2849,2791,-1,2850,2790,2851,-1,2794,2848,2850,-1,2786,2852,2793,-1,2787,2850,2853,-1,2784,2854,2781,-1,2788,2854,2852,-1,2776,2780,2783,-1,2855,2781,2788,-1,2773,2779,2765,-1,2856,2766,2776,-1,2772,2775,2857,-1,2765,2858,2774,-1,1342,2772,1343,-1,2859,2857,2774,-1,2857,1344,1343,-1,1343,2772,2857,-1,2857,2859,1344,-1,1344,2859,1127,-1,1127,2860,1125,-1,1146,2768,1147,-1,1374,2769,1367,-1,2769,1374,2861,-1,1147,2771,1342,-1,2769,2862,2771,-1,2860,2859,2858,-1,2775,2772,2862,-1,2749,1125,2860,-1,2775,2774,2857,-1,1127,2859,2860,-1,2859,2774,2858,-1,2749,2860,2863,-1,2768,2769,2771,-1,1378,2861,1374,-1,2861,1378,2864,-1,2771,2862,2772,-1,2861,2865,2862,-1,2767,2863,2858,-1,2773,2775,2865,-1,2863,2860,2858,-1,2773,2765,2774,-1,2765,2767,2858,-1,2755,2863,2866,-1,2863,2755,2749,-1,2769,2861,2862,-1,1372,2864,1378,-1,2864,1372,2867,-1,2862,2865,2775,-1,2864,2868,2865,-1,2856,2866,2767,-1,2779,2773,2868,-1,2866,2863,2767,-1,2779,2766,2765,-1,2766,2856,2767,-1,2752,2866,2869,-1,2866,2752,2755,-1,2861,2864,2865,-1,1371,2867,1372,-1,2867,1371,2870,-1,2865,2868,2773,-1,2867,2871,2868,-1,2778,2869,2856,-1,2780,2779,2871,-1,2869,2872,2753,-1,2780,2776,2766,-1,2776,2778,2856,-1,2752,2869,2753,-1,2866,2856,2869,-1,2864,2867,2868,-1,1365,2870,1371,-1,2870,1365,2873,-1,2868,2871,2779,-1,2874,2871,2870,-1,2778,2782,2872,-1,2783,2780,2874,-1,2763,2872,2875,-1,2783,2777,2776,-1,2777,2782,2778,-1,2753,2872,2763,-1,2869,2778,2872,-1,2867,2870,2871,-1,1364,2873,1365,-1,2873,1364,2876,-1,2871,2874,2780,-1,2877,2874,2873,-1,2782,2855,2875,-1,2784,2783,2877,-1,2760,2763,2875,-1,2784,2781,2777,-1,2872,2782,2875,-1,2782,2781,2855,-1,2760,2875,2878,-1,2870,2873,2874,-1,1359,2876,1364,-1,2876,1359,2879,-1,2874,2877,2783,-1,2880,2877,2876,-1,2789,2878,2855,-1,2854,2784,2880,-1,2760,2878,2758,-1,2854,2788,2781,-1,2875,2855,2878,-1,2855,2788,2789,-1,2758,2878,2881,-1,2873,2876,2877,-1,1358,2879,1359,-1,2879,1358,2882,-1,2877,2880,2784,-1,2883,2880,2879,-1,2785,2881,2789,-1,2852,2854,2883,-1,2789,2786,2785,-1,2852,2786,2788,-1,2881,2884,2764,-1,2758,2881,2764,-1,2878,2789,2881,-1,2876,2879,2880,-1,1362,2882,1358,-1,2882,1362,2885,-1,2880,2883,2854,-1,2886,2883,2882,-1,2884,2785,2853,-1,2793,2852,2886,-1,2853,2785,2787,-1,2793,2787,2786,-1,2884,2887,2759,-1,2764,2884,2759,-1,2881,2785,2884,-1,2879,2882,2883,-1,1354,2885,1362,-1,2885,1354,2888,-1,2883,2886,2852,-1,2889,2886,2885,-1,2887,2853,2851,-1,2794,2793,2889,-1,2851,2853,2850,-1,2794,2850,2787,-1,2887,2890,2761,-1,2759,2887,2761,-1,2884,2853,2887,-1,2882,2885,2886,-1,1357,2888,1354,-1,2888,1357,2891,-1,2886,2889,2793,-1,2892,2889,2888,-1,2890,2851,2792,-1,2848,2794,2892,-1,2792,2851,2790,-1,2848,2790,2850,-1,2890,2893,2762,-1,2761,2890,2762,-1,2887,2851,2890,-1,2885,2888,2889,-1,1350,2891,1357,-1,2891,1350,2894,-1,2889,2892,2794,-1,2895,2892,2891,-1,2893,2792,2849,-1,2799,2848,2895,-1,2849,2792,2791,-1,2799,2791,2790,-1,2893,2896,2754,-1,2762,2893,2754,-1,2890,2792,2893,-1,2888,2891,2892,-1,1352,2894,1350,-1,2894,1352,2897,-1,2892,2895,2848,-1,2898,2895,2894,-1,2896,2849,2846,-1,2798,2799,2898,-1,2846,2849,2847,-1,2798,2847,2791,-1,2896,2899,2756,-1,2754,2896,2756,-1,2893,2849,2896,-1,2891,2894,2895,-1,1346,2897,1352,-1,2897,1346,2900,-1,2895,2898,2799,-1,2901,2898,2897,-1,2899,2846,2796,-1,2844,2798,2901,-1,2846,2899,2896,-1,2844,2797,2847,-1,2797,2796,2846,-1,2757,2899,2902,-1,2899,2757,2756,-1,2894,2897,2898,-1,1380,2900,1346,-1,2900,1380,2903,-1,2898,2901,2798,-1,2904,2901,2900,-1,2845,2902,2796,-1,2803,2844,2904,-1,2902,2899,2796,-1,2803,2795,2797,-1,2795,2845,2796,-1,2748,2902,2905,-1,2902,2748,2757,-1,2897,2900,2901,-1,1382,2903,1380,-1,2903,1382,2906,-1,2901,2904,2844,-1,2907,2904,2903,-1,2842,2905,2845,-1,2804,2803,2907,-1,2905,2908,2751,-1,2804,2843,2795,-1,2843,2842,2845,-1,2748,2905,2751,-1,2902,2845,2905,-1,2900,2903,2904,-1,1384,2906,1382,-1,2906,1384,2909,-1,2904,2907,2803,-1,2910,2907,2906,-1,2842,2800,2908,-1,2840,2804,2910,-1,2750,2751,2908,-1,2840,2801,2843,-1,2905,2842,2908,-1,2842,2801,2800,-1,2750,2908,2911,-1,2903,2906,2907,-1,1385,2909,1384,-1,2909,1385,2912,-1,2907,2910,2804,-1,2913,2910,2909,-1,2841,2911,2800,-1,2808,2840,2913,-1,2911,2914,2745,-1,2808,2802,2801,-1,2802,2841,2800,-1,2750,2911,2745,-1,2908,2800,2911,-1,2906,2909,2910,-1,1388,2912,1385,-1,2912,1388,2915,-1,2910,2913,2840,-1,2916,2913,2912,-1,2841,2838,2914,-1,2809,2808,2916,-1,2911,2841,2914,-1,2809,2839,2802,-1,2841,2839,2838,-1,2745,2914,2746,-1,2746,2914,2917,-1,2909,2912,2913,-1,1390,2915,1388,-1,2915,1390,2918,-1,2913,2916,2808,-1,2919,2916,2915,-1,2917,2838,2837,-1,2807,2809,2919,-1,2747,2917,2920,-1,2807,2806,2839,-1,2806,2837,2838,-1,2746,2917,2747,-1,2914,2838,2917,-1,2912,2915,2916,-1,1391,2918,1390,-1,2921,2918,1391,-1,2916,2919,2809,-1,2922,2919,2918,-1,2837,2813,2920,-1,2805,2807,2922,-1,2917,2837,2920,-1,2805,2814,2806,-1,2837,2814,2813,-1,2747,2920,2744,-1,2744,2920,2923,-1,2915,2918,2919,-1,1394,2921,1391,-1,2924,2921,1394,-1,2919,2922,2807,-1,2925,2922,2921,-1,2923,2813,2811,-1,2835,2805,2925,-1,2741,2923,2926,-1,2835,2812,2814,-1,2812,2811,2813,-1,2744,2923,2741,-1,2920,2813,2923,-1,2918,2921,2922,-1,1396,2924,1394,-1,2927,2924,1396,-1,2922,2925,2805,-1,2928,2925,2924,-1,2811,2818,2926,-1,2827,2835,2928,-1,2923,2811,2926,-1,2827,2810,2812,-1,2811,2810,2818,-1,2741,2926,2742,-1,2742,2926,2929,-1,2921,2924,2925,-1,1397,2927,1396,-1,2836,2927,1397,-1,2925,2928,2835,-1,2930,2928,2927,-1,2929,2818,2828,-1,2823,2827,2930,-1,2743,2929,2931,-1,2823,2819,2810,-1,2819,2828,2818,-1,2742,2929,2743,-1,2926,2818,2929,-1,2924,2927,2928,-1,1400,2836,1397,-1,2932,2933,2934,-1,2928,2930,2827,-1,2836,2935,2930,-1,2828,2817,2931,-1,2823,2935,2822,-1,2929,2828,2931,-1,2822,2815,2819,-1,2828,2815,2817,-1,2743,2931,2737,-1,2737,2931,2936,-1,2927,2836,2930,-1,1402,2831,1400,-1,2822,2937,2815,-1,2930,2935,2823,-1,2935,2831,2938,-1,2936,2817,2824,-1,2937,2822,2938,-1,2738,2936,2826,-1,2816,2815,2937,-1,2816,2824,2817,-1,2737,2936,2738,-1,2931,2817,2936,-1,2836,2831,2935,-1,1403,2830,1402,-1,2937,2933,2816,-1,2935,2938,2822,-1,2830,2939,2938,-1,2932,2824,2816,-1,2937,2939,2933,-1,2936,2824,2826,-1,2932,2816,2933,-1,2824,2932,2825,-1,2738,2826,2735,-1,2735,2826,2834,-1,2831,2830,2938,-1,1406,2829,1403,-1,2940,2825,2932,-1,2938,2939,2937,-1,2829,2833,2939,-1,2941,2834,2825,-1,2833,2934,2933,-1,2739,2820,2740,-1,2940,2932,2934,-1,2941,2825,2940,-1,2735,2834,2739,-1,2826,2825,2834,-1,2830,2829,2939,-1,1408,2770,1406,-1,2832,2942,2934,-1,2939,2833,2933,-1,2832,2934,2833,-1,2942,2943,2940,-1,2942,2940,2934,-1,2943,2944,2941,-1,2943,2941,2940,-1,2821,2820,2944,-1,2820,2941,2944,-1,2834,2941,2820,-1,1406,2770,2829,-1,2833,2829,2770,-1,2942,1198,1192,-1,1202,2832,2770,-1,2943,1192,1191,-1,1198,2942,2832,-1,2944,1191,1194,-1,1192,2943,2942,-1,2821,1194,1193,-1,1191,2944,2943,-1,1193,2736,2821,-1,1194,2821,2944,-1,2945,2946,2947,-1,2948,2949,2950,-1,2949,2946,2950,-1,2951,2952,2948,-1,2948,2950,2951,-1,2949,2947,2946,-1,2947,2953,2945,-1,2953,2954,2955,-1,2955,2945,2953,-1,2954,2956,2955,-1,2954,2957,2958,-1,2959,2956,2958,-1,2954,2958,2956,-1,2960,2961,2962,-1,2963,2964,2961,-1,2963,2965,2964,-1,2960,2962,2966,-1,2964,2962,2961,-1,2967,2968,2969,-1,2968,2970,2971,-1,2968,2967,2970,-1,2972,2973,2974,-1,2974,2975,2972,-1,2974,2973,2970,-1,2968,2971,2976,-1,2970,2973,2971,-1,2968,2976,2977,-1,2978,2977,2979,-1,2977,2978,2968,-1,2978,2979,2980,-1,2981,2982,2983,-1,2984,2985,2986,-1,2985,2982,2986,-1,2987,2988,2984,-1,2984,2986,2987,-1,2985,2983,2982,-1,2983,2989,2981,-1,2989,2990,2991,-1,2991,2981,2989,-1,2990,2992,2991,-1,2990,2993,2994,-1,2995,2992,2994,-1,2990,2994,2992,-1,2996,2997,2998,-1,2999,3000,2997,-1,2999,3001,3000,-1,2996,2998,3002,-1,3000,2998,2997,-1,3003,3004,3005,-1,3006,3007,3008,-1,3009,3010,3005,-1,3005,3004,3011,-1,3005,3010,3003,-1,3011,3006,3008,-1,3006,3011,3004,-1,3007,3012,3008,-1,3007,3013,3014,-1,3007,3014,3012,-1,
        ]
    }
}
Shape{
    appearance Appearance {
        material  Material 	{
            diffuseColor 1.0 1.0 1.0
            specularColor 0.7529411764705882 0.7529411764705882 0.7529411764705882
            ambientIntensity 1.0
            transparency 1.0
            shininess 0.5
        }
    }
    geometry IndexedFaceSet {
        ccw TRUE
        solid FALSE
        coord DEF co Coordinate {
            point [
                1.0236 -1.1813 1.3583, -1.0236 -1.1813 1.3583, -1.0236 -1.1813 1.2598, 1.0236 -1.1813 1.2598, 1.1691 -1.0841 1.3583, 1.1691 -1.0841 1.2598, 1.1781 -1.0545 1.2598, 1.1811 -1.0238 1.2598, 1.1811 -1.0238 1.3583, 1.1781 -1.0545 1.3583, 1.135 -1.1352 1.2598, 1.1111 -1.1548 1.3583, 1.1111 -1.1548 1.2598, 1.135 -1.1352 1.3583, 1.1546 -1.1113 1.2598, 1.1546 -1.1113 1.3583, 1.0839 -1.1693 1.2598, 1.0543 -1.1783 1.3583, 1.0543 -1.1783 1.2598, 1.0839 -1.1693 1.3583, 1.1811 1.0234 1.2598, 1.1811 1.0234 1.3583, 1.0839 1.1689 1.3583, 1.0839 1.1689 1.2598, 1.0543 1.1779 1.2598, 1.0236 1.1809 1.2598, 1.0236 1.1809 1.3583, 1.0543 1.1779 1.3583, 1.135 1.1348 1.2598, 1.1546 1.1109 1.3583, 1.1546 1.1109 1.2598, 1.135 1.1348 1.3583, 1.1111 1.1544 1.2598, 1.1111 1.1544 1.3583, 1.1691 1.0837 1.2598, 1.1781 1.0541 1.3583, 1.1781 1.0541 1.2598, 1.1691 1.0837 1.3583, -1.0236 1.1809 1.2598, -1.0236 1.1809 1.3583, -1.1691 1.0837 1.3583, -1.1691 1.0837 1.2598, -1.1781 1.0541 1.2598, -1.1811 1.0234 1.2598, -1.1811 1.0234 1.3583, -1.1781 1.0541 1.3583, -1.135 1.1348 1.2598, -1.1111 1.1544 1.3583, -1.1111 1.1544 1.2598, -1.135 1.1348 1.3583, -1.1546 1.1109 1.2598, -1.1546 1.1109 1.3583, -1.0839 1.1689 1.2598, -1.0543 1.1779 1.3583, -1.0543 1.1779 1.2598, -1.0839 1.1689 1.3583, -1.1811 -1.0238 1.3583, -1.1811 -1.0238 1.2598, -1.0839 -1.1693 1.3583, -1.0839 -1.1693 1.2598, -1.0543 -1.1783 1.2598, -1.0543 -1.1783 1.3583, -1.135 -1.1352 1.2598, -1.1546 -1.1113 1.3583, -1.1546 -1.1113 1.2598, -1.135 -1.1352 1.3583, -1.1111 -1.1548 1.2598, -1.1111 -1.1548 1.3583, -1.1691 -1.0841 1.2598, -1.1781 -1.0545 1.3583, -1.1781 -1.0545 1.2598, -1.1691 -1.0841 1.3583, 0.0 0.7085 1.2598, 0.0 0.7085 1.3583, -0.0695 0.7051 1.2598, -0.0695 0.7051 1.3583, -0.1383 0.6948 1.2598, -0.2057 0.6779 1.2598, -0.1383 0.6948 1.3583, -0.2057 0.6779 1.3583, -0.2712 0.6545 1.2598, -0.2712 0.6545 1.3583, -0.3341 0.6248 1.2598, -0.3937 0.589 1.2598, -0.3341 0.6248 1.3583, -0.3937 0.589 1.3583, -0.4496 0.5476 1.2598, -0.4496 0.5476 1.3583, -0.5011 0.5009 1.2598, -0.5478 0.4494 1.2598, -0.5011 0.5009 1.3583, -0.5478 0.4494 1.3583, -0.5892 0.3935 1.2598, -0.5892 0.3935 1.3583, -0.625 0.3339 1.2598, -0.6547 0.271 1.2598, -0.625 0.3339 1.3583, -0.6547 0.271 1.3583, -0.6781 0.2055 1.2598, -0.6781 0.2055 1.3583, -0.695 0.1381 1.2598, -0.7052 0.0693 1.2598, -0.695 0.1381 1.3583, -0.7052 0.0693 1.3583, -0.7087 -0.0002 1.2598, -0.7087 -0.0002 1.3583, 0.0695 0.7051 1.3583, 0.1383 0.6948 1.3583, 0.0695 0.7051 1.2598, 0.1383 0.6948 1.2598, 0.2057 0.6779 1.3583, 0.2057 0.6779 1.2598, 0.2712 0.6545 1.3583, 0.3341 0.6248 1.3583, 0.2712 0.6545 1.2598, 0.3341 0.6248 1.2598, 0.3937 0.589 1.3583, 0.3937 0.589 1.2598, 0.4496 0.5476 1.3583, 0.5011 0.5009 1.3583, 0.4496 0.5476 1.2598, 0.5011 0.5009 1.2598, 0.5478 0.4494 1.3583, 0.5478 0.4494 1.2598, 0.5892 0.3935 1.3583, 0.625 0.3339 1.3583, 0.5892 0.3935 1.2598, 0.625 0.3339 1.2598, 0.6547 0.271 1.3583, 0.6547 0.271 1.2598, 0.6781 0.2055 1.3583, 0.695 0.1381 1.3583, 0.6781 0.2055 1.2598, 0.695 0.1381 1.2598, 0.7052 0.0693 1.3583, 0.7052 0.0693 1.2598, 0.7087 -0.0002 1.3583, 0.7087 -0.0002 1.2598, -0.0695 -0.7054 1.2598, -0.0 -0.7089 1.2598, 0.695 -0.1384 1.2598, 0.7052 -0.0697 1.2598, 0.1383 -0.6952 1.2598, 0.2057 -0.6783 1.2598, 0.6547 -0.2714 1.2598, 0.6781 -0.2059 1.2598, 0.5892 -0.3939 1.2598, 0.625 -0.3343 1.2598, 0.5011 -0.5013 1.2598, 0.5478 -0.4498 1.2598, 0.4496 -0.548 1.2598, 0.3341 -0.6252 1.2598, 0.3937 -0.5894 1.2598, 0.2712 -0.6549 1.2598, 0.0695 -0.7054 1.2598, -0.1383 -0.6952 1.2598, -0.2712 -0.6549 1.2598, -0.2057 -0.6783 1.2598, -0.3937 -0.5894 1.2598, -0.3341 -0.6252 1.2598, -0.5011 -0.5013 1.2598, -0.4496 -0.548 1.2598, -0.5478 -0.4498 1.2598, -0.625 -0.3343 1.2598, -0.5892 -0.3939 1.2598, -0.6781 -0.2059 1.2598, -0.6547 -0.2714 1.2598, -0.7052 -0.0697 1.2598, -0.695 -0.1384 1.2598, -0.0 -0.7089 1.3583, 0.0695 -0.7054 1.3583, 0.1383 -0.6952 1.3583, 0.2057 -0.6783 1.3583, 0.2712 -0.6549 1.3583, 0.3341 -0.6252 1.3583, 0.3937 -0.5894 1.3583, 0.4496 -0.548 1.3583, 0.5011 -0.5013 1.3583, 0.5478 -0.4498 1.3583, 0.5892 -0.3939 1.3583, 0.625 -0.3343 1.3583, 0.6547 -0.2714 1.3583, 0.6781 -0.2059 1.3583, 0.695 -0.1384 1.3583, 0.7052 -0.0697 1.3583, -0.0695 -0.7054 1.3583, -0.1383 -0.6952 1.3583, -0.2057 -0.6783 1.3583, -0.2712 -0.6549 1.3583, -0.3341 -0.6252 1.3583, -0.3937 -0.5894 1.3583, -0.4496 -0.548 1.3583, -0.5011 -0.5013 1.3583, -0.5478 -0.4498 1.3583, -0.5892 -0.3939 1.3583, -0.625 -0.3343 1.3583, -0.6547 -0.2714 1.3583, -0.6781 -0.2059 1.3583, -0.695 -0.1384 1.3583, -0.7052 -0.0697 1.3583, 0.9919 -0.9793 1.3583, 0.9651 1.0034 1.3583, 1.04 -0.8828 1.3583, 1.03 -0.9178 1.3583, 1.0138 -0.9503 1.3583, -0.9919 -0.714 1.3583, -0.9919 0.7136 1.3583, -0.8646 0.6503 1.3583, 0.9919 0.9789 1.3583, 0.9342 1.0225 1.3583, 0.9003 1.0356 1.3583, -0.6791 -0.9503 1.3583, 0.9342 -0.6704 1.3583, -0.9919 0.9789 1.3583, -1.0138 0.9499 1.3583, -1.03 0.9174 1.3583, -1.04 0.8824 1.3583, -0.701 -0.9793 1.3583, 0.701 -0.9793 1.3583, -0.9919 -0.9793 1.3583, -0.9651 0.6892 1.3583, -0.9651 -1.0037 1.3583, -0.9342 -1.0229 1.3583, -0.9003 -1.036 1.3583, 0.6629 0.9174 1.3583, 0.6791 0.9499 1.3583, 0.8646 -0.6506 1.3583, 0.8283 -0.6506 1.3583, 0.9003 -0.6573 1.3583, 0.7278 -0.6896 1.3583, 0.7926 -0.6573 1.3583, 0.6791 -0.743 1.3583, 0.6629 -0.7755 1.3583, 0.701 -0.714 1.3583, 0.653 -0.8105 1.3583, 0.6629 -0.9178 1.3583, 0.653 -0.8828 1.3583, 0.6496 -0.8467 1.3583, 0.6791 -0.9503 1.3583, -0.7587 -1.0229 1.3583, 0.7587 -1.0229 1.3583, -0.653 -0.8828 1.3583, -0.6629 -0.9178 1.3583, -0.653 -0.8105 1.3583, -0.6629 -0.7755 1.3583, -0.6496 -0.8467 1.3583, -0.7587 -0.6704 1.3583, -0.7278 -0.6896 1.3583, -0.701 -0.714 1.3583, -0.6791 -0.743 1.3583, -0.7926 -0.6573 1.3583, -0.8283 -0.6506 1.3583, -0.8646 -0.6506 1.3583, -0.9342 -0.6704 1.3583, -0.9003 -0.6573 1.3583, -0.9651 -0.6896 1.3583, -0.7926 -1.036 1.3583, -1.0138 0.7426 1.3583, -0.9342 0.67 1.3583, -0.9342 1.0225 1.3583, -0.9003 1.0356 1.3583, -0.9003 0.6569 1.3583, -0.7926 0.6569 1.3583, -0.8283 0.6503 1.3583, -0.653 0.8101 1.3583, -0.6629 0.7751 1.3583, -0.6791 0.7426 1.3583, -1.0433 0.8463 1.3583, -0.6496 0.8463 1.3583, -0.653 0.8824 1.3583, -0.9651 1.0034 1.3583, -0.8283 1.0423 1.3583, -0.7926 1.0356 1.3583, 0.653 0.8824 1.3583, -0.8646 1.0423 1.3583, 0.6496 0.8463 1.3583, 0.8283 0.6502 1.3583, 0.7926 0.6569 1.3583, 0.7278 0.6892 1.3583, 0.9003 0.6569 1.3583, 0.8646 0.6502 1.3583, 0.7587 1.0225 1.3583, 0.7926 1.0356 1.3583, 0.9342 0.67 1.3583, 1.0138 0.9499 1.3583, 1.03 0.9174 1.3583, 1.04 0.8824 1.3583, 1.04 0.8101 1.3583, 1.03 0.7751 1.3583, -0.7587 0.67 1.3583, -0.701 0.7136 1.3583, -0.7278 0.6892 1.3583, -0.6629 0.9174 1.3583, -0.6791 0.9499 1.3583, -0.701 0.9789 1.3583, 0.701 0.9789 1.3583, -0.7587 1.0225 1.3583, -0.7278 1.0034 1.3583, -1.03 -0.7755 1.3583, -1.0433 -0.8467 1.3583, -1.04 -0.8105 1.3583, -1.03 0.7751 1.3583, -1.04 0.8101 1.3583, -0.8646 -1.0427 1.3583, -1.0138 -0.743 1.3583, -0.7278 -1.0037 1.3583, 0.8283 -1.0427 1.3583, 0.7926 -1.036 1.3583, 0.8646 -1.0427 1.3583, -0.8283 -1.0427 1.3583, -1.0138 -0.9503 1.3583, -1.04 -0.8828 1.3583, -1.03 -0.9178 1.3583, 0.6629 0.7751 1.3583, 0.653 0.8101 1.3583, 0.6791 0.7426 1.3583, 0.701 0.7136 1.3583, 0.7278 1.0034 1.3583, 0.8646 1.0423 1.3583, 0.8283 1.0423 1.3583, 0.9651 0.6892 1.3583, 0.9919 0.7136 1.3583, 0.9651 -0.6896 1.3583, 0.9919 -0.714 1.3583, 1.0433 0.8463 1.3583, 1.0138 0.7426 1.3583, 1.0138 -0.743 1.3583, 1.03 -0.7755 1.3583, 0.7587 0.67 1.3583, 0.7587 -0.6704 1.3583, 1.04 -0.8105 1.3583, 1.0433 -0.8467 1.3583, 0.9651 -1.0037 1.3583, 0.9003 -1.036 1.3583, 0.9342 -1.0229 1.3583, 0.7278 -1.0037 1.3583, 1.2973 0.7478 0.3669, 1.2006 0.7478 0.3444, 1.2037 0.7478 0.3344, 1.2788 0.7478 0.4042, 1.2864 0.7478 0.3926, 1.302 0.7478 0.3395, 1.3005 0.7478 0.3534, 1.3136 0.7478 0.1172, 1.2901 0.7478 0.0, 1.3334 0.7478 0.0984, 1.3238 0.7478 0.1009, 1.2487 0.7478 0.013, 1.2684 0.7478 0.0033, 1.6535 0.7478 0.0, 1.2327 0.7478 0.0281, 1.6535 0.7478 0.0984, 1.3166 0.7478 0.1078, 1.2176 0.7478 0.0688, 1.2221 0.7478 0.0473, 1.2927 0.7478 0.38, 1.2699 0.7478 0.4149, 1.2598 0.7478 0.4246, 1.1929 0.7478 0.3517, 1.2486 0.7478 0.4329, 1.2366 0.7478 0.4399, 1.2238 0.7478 0.4455, 1.1827 0.7478 0.3543, 1.2104 0.7478 0.4495, 1.1967 0.7478 0.4519, 1.1827 0.7478 0.4528, 1.1811 0.7478 0.3543, 1.1811 0.7478 0.4528, -1.1929 0.7478 0.3517, -1.2236 0.7478 0.4455, -1.2365 0.7478 0.44, -1.2597 0.7478 0.4246, -1.2698 0.7478 0.415, -1.2485 0.7478 0.433, -1.2103 0.7478 0.4495, -1.2006 0.7478 0.3444, -1.2788 0.7478 0.4043, -1.2864 0.7478 0.3926, -1.2926 0.7478 0.3801, -1.2973 0.7478 0.367, -1.3005 0.7478 0.3534, -1.2037 0.7478 0.3344, -1.302 0.7478 0.3395, -1.2176 0.7478 0.0688, -1.3166 0.7478 0.1078, -1.2221 0.7478 0.0473, -1.2487 0.7478 0.013, -1.3238 0.7478 0.1009, -1.2684 0.7478 0.0033, -1.2901 0.7478 0.0, -1.2327 0.7478 0.0281, -1.3334 0.7478 0.0984, -1.6535 0.7478 0.0, -1.6535 0.7478 0.0984, -1.3136 0.7478 0.1172, -1.1827 0.7478 0.3543, -1.1967 0.7478 0.4519, -1.1827 0.7478 0.4528, -1.1811 0.7478 0.4528, -1.1811 0.7478 0.3543, 1.1827 1.0234 0.4528, 1.1827 1.0234 0.3543, 1.1811 1.0234 0.3543, 1.3005 1.0234 0.3534, 1.2037 1.0234 0.3344, 1.2973 1.0234 0.3669, 1.2486 1.0234 0.4329, 1.1929 1.0234 0.3517, 1.2366 1.0234 0.4399, 1.2901 1.0234 0.0, 1.3334 1.0234 0.0984, 1.6535 1.0234 0.0, 1.3238 1.0234 0.1009, 1.2684 1.0234 0.0033, 1.2487 1.0234 0.013, 1.6535 1.0234 0.0984, 1.2327 1.0234 0.0281, 1.302 1.0234 0.3395, 1.3136 1.0234 0.1172, 1.2699 1.0234 0.4149, 1.2788 1.0234 0.4042, 1.2006 1.0234 0.3444, 1.2864 1.0234 0.3926, 1.2927 1.0234 0.38, 1.3166 1.0234 0.1078, 1.2176 1.0234 0.0688, 1.2221 1.0234 0.0473, 1.2598 1.0234 0.4246, 1.2238 1.0234 0.4455, 1.1967 1.0234 0.4519, 1.2104 1.0234 0.4495, 1.1811 1.0234 0.4528, -1.1811 1.0234 0.4528, -1.1827 1.0234 0.3543, -1.1827 1.0234 0.4528, -1.2037 1.0234 0.3344, -1.2176 1.0234 0.0688, -1.3136 1.0234 0.1172, -1.1967 1.0234 0.4519, -1.2103 1.0234 0.4495, -1.1929 1.0234 0.3517, -1.2236 1.0234 0.4455, -1.2597 1.0234 0.4246, -1.2485 1.0234 0.433, -1.2365 1.0234 0.44, -1.2698 1.0234 0.415, -1.2006 1.0234 0.3444, -1.2864 1.0234 0.3926, -1.2788 1.0234 0.4043, -1.2926 1.0234 0.3801, -1.2973 1.0234 0.367, -1.3005 1.0234 0.3534, -1.302 1.0234 0.3395, -1.2487 1.0234 0.013, -1.2684 1.0234 0.0033, -1.3238 1.0234 0.1009, -1.2901 1.0234 0.0, -1.2327 1.0234 0.0281, -1.3334 1.0234 0.0984, -1.6535 1.0234 0.0, -1.6535 1.0234 0.0984, -1.2221 1.0234 0.0473, -1.3166 1.0234 0.1078, -1.1811 1.0234 0.3543, 0.0221 1.1809 0.7446, -0.0097 1.1809 0.7352, -0.0098 1.1809 0.7444, 0.032 1.1809 0.8156, 0.0216 1.1809 0.8155, 0.0325 1.1809 0.7355, -0.0729 1.1809 0.7381, -0.073 1.1809 0.748, -0.0634 1.1813 0.7441, -0.0318 1.1809 0.7514, -0.0233 1.1809 0.7447, -0.0353 1.1813 0.7364, -0.026 1.1813 0.7614, -0.0629 1.1813 0.7347, -0.065 1.1813 0.8154, -0.0545 1.1809 0.8163, -0.0546 1.1809 0.807, -0.0523 1.1809 0.7428, -0.0382 1.1813 0.8135, -0.0424 1.1813 0.8049, -0.0507 1.1809 0.7336, -0.0408 1.1813 0.745, -0.0157 1.1813 0.7575, -0.0241 1.1809 0.7743, -0.0162 1.1813 0.7912, -0.0132 1.1809 0.7737, -0.0327 1.1809 0.7983, -0.025 1.1809 0.8048, -0.0263 1.1813 0.7878, -0.0644 1.1813 0.8058, -0.0735 1.1809 0.8129, -0.0734 1.1809 0.8021, -0.1307 1.1809 0.8144, -0.0998 1.1809 0.8055, -0.1307 1.1809 0.8052, -0.0895 1.1809 0.8147, -0.0996 1.1809 0.7798, -0.0995 1.1809 0.7707, -0.1282 1.1809 0.7705, -0.1282 1.1809 0.7796, -0.0889 1.1809 0.7347, -0.132 1.1809 0.7344, -0.0993 1.1809 0.7437, -0.1321 1.1809 0.7435, -0.1996 1.1809 0.7878, -0.2007 1.1809 0.8034, -0.1931 1.1813 0.7973, -0.2126 1.1809 0.7749, -0.2017 1.1813 0.7746, -0.2112 1.1813 0.7633, -0.2097 1.1813 0.7909, -0.1802 1.1809 0.8038, -0.187 1.1809 0.8013, -0.1871 1.1809 0.8114, -0.1943 1.1809 0.8081, -0.1797 1.1809 0.8134, -0.1729 1.1809 0.8049, -0.2003 1.1813 0.7451, -0.2071 1.1813 0.7534, -0.1995 1.1809 0.7613, -0.1715 1.1809 0.8142, -0.1653 1.1809 0.805, -0.1867 1.1809 0.7369, -0.187 1.1809 0.7471, -0.1801 1.1809 0.7444, -0.1635 1.1809 0.8142, -0.1727 1.1809 0.7433, -0.1793 1.1809 0.7349, -0.158 1.1813 0.805, -0.163 1.1809 0.7341, -0.1575 1.1813 0.7433, -0.1551 1.1809 0.7342, -0.1556 1.1809 0.8143, -0.1477 1.1813 0.8143, -0.1471 1.1809 0.7343, -0.1711 1.1809 0.7341, -0.165 1.1809 0.7433, -0.1939 1.1809 0.7403, -0.193 1.1813 0.7514, -0.2662 1.1813 0.7644, -0.2694 1.1809 0.7553, -0.2888 1.1809 0.7333, -0.2478 1.1809 0.8136, -0.2488 1.1809 0.7903, -0.2529 1.1813 0.8034, -0.2774 1.1809 0.7333, -0.236 1.1809 0.7555, -0.2394 1.1813 0.7646, -0.2168 1.1809 0.7338, -0.2441 1.1809 0.7774, -0.2282 1.1809 0.7337, -0.2589 1.1809 0.8135, -0.257 1.1809 0.7902, -0.2616 1.1809 0.7773, -0.0084 1.1809 0.6883, 0.0226 1.1809 0.6793, -0.0083 1.1809 0.6791, 0.0329 1.1809 0.6886, 0.0228 1.1809 0.6537, 0.0228 1.1809 0.6445, -0.0058 1.1809 0.6443, -0.0059 1.1809 0.6535, 0.0334 1.1809 0.6085, -0.0096 1.1809 0.6082, 0.023 1.1809 0.6176, -0.0097 1.1809 0.6173, -0.0449 1.1809 0.6665, -0.0439 1.1809 0.6583, -0.0503 1.1813 0.6567, -0.0252 1.1809 0.6613, -0.0251 1.1809 0.6515, -0.0341 1.1813 0.6566, -0.0344 1.1813 0.6652, -0.0475 1.1813 0.6091, -0.04 1.1813 0.6149, -0.0374 1.1809 0.6067, -0.0632 1.1813 0.6567, -0.0542 1.1813 0.652, -0.0554 1.1809 0.6442, -0.0654 1.1809 0.6446, -0.0553 1.1813 0.6366, -0.0553 1.1809 0.6305, -0.0564 1.1813 0.664, -0.0205 1.1813 0.6166, -0.0242 1.1809 0.6113, -0.0302 1.1809 0.6205, -0.0295 1.1813 0.6242, -0.0193 1.1809 0.6235, -0.0324 1.1813 0.6175, -0.0299 1.1813 0.6079, -0.0357 1.1809 0.6156, -0.046 1.1809 0.616, -0.0509 1.1813 0.6195, -0.0384 1.1809 0.642, -0.0393 1.1809 0.6344, -0.0474 1.1809 0.6356, -0.0542 1.1809 0.6246, -0.0549 1.1809 0.6167, -0.0551 1.1809 0.6079, -0.0652 1.1809 0.6078, -0.0279 1.1813 0.6388, -0.0322 1.1813 0.6314, -0.0215 1.1813 0.6326, -0.0302 1.1809 0.6283, -0.0943 1.1809 0.6063, -0.1036 1.1813 0.6073, -0.0953 1.1809 0.6144, -0.0868 1.1813 0.6159, -0.0788 1.1809 0.6097, -0.086 1.1813 0.6072, -0.1072 1.1809 0.6221, -0.1167 1.1813 0.6282, -0.1142 1.1809 0.6325, -0.1042 1.1813 0.6163, -0.111 1.1809 0.6107, -0.1082 1.1813 0.6568, -0.115 1.1809 0.6537, -0.115 1.1809 0.6634, -0.1015 1.1809 0.6661, -0.1005 1.1809 0.6579, -0.1085 1.1813 0.6654, -0.0808 1.1813 0.6563, -0.0895 1.1809 0.6503, -0.0856 1.1809 0.6616, -0.0791 1.1809 0.6495, -0.0789 1.1809 0.6201, -0.0903 1.1813 0.6534, -0.0926 1.1809 0.6558, -0.0928 1.1813 0.665, -0.0961 1.1813 0.6574, -0.0992 1.1809 0.6409, -0.0969 1.1809 0.6316, -0.1047 1.1813 0.6276, -0.1066 1.1813 0.6251, -0.1074 1.1809 0.6373, -0.0916 1.1813 0.645, -0.09 1.1813 0.6473, -0.0819 1.1809 0.6404, -0.0886 1.1809 0.6353, -0.0798 1.1813 0.6446, -0.1175 1.1809 0.623, -0.1158 1.1813 0.616, -0.1558 1.1809 0.6327, -0.1501 1.1813 0.6167, -0.1515 1.1809 0.5986, -0.1779 1.1809 0.6642, -0.1675 1.1809 0.6643, -0.1616 1.1809 0.6485, -0.145 1.1809 0.6074, -0.1396 1.1809 0.6486, -0.123 1.1809 0.6646, -0.145 1.1809 0.6327, -0.1459 1.1813 0.5884, -0.1406 1.1809 0.597, -0.1363 1.1813 0.591, -0.1342 1.1813 0.6645, -0.1274 1.1813 0.5893, -0.1245 1.1809 0.5813, -0.1274 1.1813 0.5807, -0.1309 1.1809 0.5804, -0.1391 1.1813 0.5824, -0.1302 1.1809 0.589, -0.1246 1.1809 0.5902, -0.2301 1.1809 0.6867, -0.1991 1.1809 0.6777, -0.23 1.1809 0.6775, -0.1889 1.1809 0.687, -0.199 1.1809 0.6521, -0.1989 1.1809 0.6429, -0.2275 1.1809 0.6427, -0.2276 1.1809 0.6519, -0.1883 1.1809 0.6069, -0.2314 1.1809 0.6066, -0.1987 1.1809 0.616, -0.2314 1.1809 0.6158, -0.299 1.1809 0.6601, -0.3001 1.1809 0.6756, -0.2925 1.1813 0.6695, -0.312 1.1809 0.6471, -0.3011 1.1813 0.6469, -0.3105 1.1813 0.6356, -0.3091 1.1813 0.6631, -0.2796 1.1809 0.6761, -0.2864 1.1809 0.6736, -0.2865 1.1809 0.6837, -0.2937 1.1809 0.6803, -0.279 1.1809 0.6856, -0.2722 1.1809 0.6771, -0.2997 1.1809 0.6174, -0.3064 1.1813 0.6256, -0.2989 1.1809 0.6336, -0.2709 1.1809 0.6864, -0.2647 1.1809 0.6773, -0.2861 1.1813 0.6091, -0.2864 1.1809 0.6193, -0.2795 1.1809 0.6167, -0.2629 1.1809 0.6865, -0.2721 1.1809 0.6156, -0.2786 1.1813 0.6072, -0.2573 1.1813 0.6773, -0.2624 1.1813 0.6064, -0.2569 1.1813 0.6156, -0.2545 1.1813 0.6065, -0.255 1.1809 0.6865, -0.2471 1.1813 0.6866, -0.2465 1.1809 0.6065, -0.2705 1.1813 0.6064, -0.2644 1.1809 0.6155, -0.2933 1.1813 0.6126, -0.2924 1.1813 0.6237, -0.3656 1.1813 0.6366, -0.3687 1.1809 0.6276, -0.3882 1.1809 0.6055, -0.3472 1.1809 0.6859, -0.3482 1.1809 0.6626, -0.3523 1.1813 0.6756, -0.3767 1.1809 0.6056, -0.3354 1.1809 0.6278, -0.3387 1.1813 0.6368, -0.3161 1.1809 0.606, -0.3435 1.1809 0.6497, -0.3275 1.1809 0.606, -0.3582 1.1809 0.6858, -0.3564 1.1809 0.6625, -0.361 1.1809 0.6496, 0.213 1.1813 0.6424, 0.2007 1.1809 0.6442, 0.2041 1.1809 0.6447, 0.2055 1.1809 0.6095, 0.1719 1.1809 0.6092, 0.2194 1.1813 0.6361, 0.2218 1.1809 0.6272, 0.2197 1.1813 0.6187, 0.2138 1.1813 0.6123, 0.3503 1.1809 0.61, 0.3848 1.1813 0.5962, 0.3725 1.1813 0.5839, 0.137 1.1813 0.6716, 0.1082 1.1813 0.6506, 0.101 1.1813 0.6688, 0.175 1.1809 0.644, 0.4249 1.1813 0.7746, 0.402 1.1813 0.7484, 0.3863 1.1813 0.7564, 0.339 1.1813 0.6514, 0.3073 1.1813 0.678, 0.3218 1.1813 0.6848, 0.1457 1.1813 0.6579, 0.1199 1.1809 0.6345, 0.1588 1.1813 0.6482, 0.1526 1.1813 0.6132, 0.1351 1.1813 0.6217, 0.2956 1.1809 0.6676, 0.2016 1.1809 0.6766, 0.219 1.1809 0.7069, 0.1337 1.1809 0.6881, 0.0984 1.1809 0.6884, 0.1359 1.1813 0.7021, 0.1543 1.1809 0.7634, 0.1638 1.1813 0.7304, 0.1361 1.1813 0.7548, 0.1089 1.1813 0.7265, 0.1517 1.1813 0.724, 0.1421 1.1813 0.7144, 0.1721 1.1813 0.795, 0.2082 1.1813 0.7835, 0.1957 1.1813 0.7691, 0.1778 1.1809 0.7328, 0.1869 1.1813 0.752, 0.1824 1.1809 0.7328, 0.1619 1.1813 0.7799, 0.3279 1.1809 0.6483, 0.2238 1.1813 0.7947, 0.1847 1.1809 0.8086, 0.2018 1.1813 0.8212, 0.2418 1.1813 0.8019, 0.2207 1.1813 0.8307, 0.2616 1.1809 0.8046, 0.2409 1.1813 0.8366, 0.2619 1.1809 0.8387, 0.3093 1.1813 0.8289, 0.2823 1.1813 0.8021, 0.2863 1.1813 0.8363, 0.4038 1.1813 0.7867, 0.4148 1.1813 0.7813, 0.3684 1.1809 0.7592, 0.3921 1.1813 0.7905, 0.3199 1.1809 0.6404, 0.3556 1.1809 0.7921, 0.3678 1.1813 0.7933, 0.4344 1.1809 0.7665, 0.4144 1.1813 0.7362, 0.3295 1.1813 0.7683, 0.3524 1.1813 0.7567, 0.3383 1.1809 0.7504, 0.449 1.1813 0.7476, 0.4226 1.1813 0.7206, 0.4257 1.1809 0.7027, 0.4583 1.1813 0.7257, 0.4616 1.1809 0.7018, 0.4589 1.1813 0.6794, 0.4163 1.1813 0.6711, 0.4233 1.1813 0.6859, 0.4096 1.1813 0.6181, 0.3919 1.1809 0.6501, 0.4247 1.1813 0.6273, 0.451 1.1813 0.6583, 0.4056 1.1813 0.6589, 0.3389 1.1809 0.5728, 0.3393 1.1813 0.607, 0.3569 1.1813 0.5758, 0.3613 1.1809 0.6294, 0.3927 1.1809 0.6119, 0.3583 1.1809 0.618, 0.35 1.1809 0.6485, 0.3835 1.1813 0.665, 0.3581 1.1809 0.6407, 0.3169 1.1809 0.629, 0.2816 1.1809 0.635, 0.3381 1.1809 0.6873, 0.3557 1.1813 0.6846, 0.3712 1.1813 0.6768, 0.2847 1.1813 0.6114, 0.2816 1.1809 0.6294, 0.32 1.1809 0.618, 0.321 1.1813 0.5756, 0.3053 1.1813 0.5836, 0.4381 1.1809 0.6396, 0.3802 1.1813 0.7927, 0.3438 1.1813 0.8056, 0.3009 1.1813 0.7948, 0.3304 1.1809 0.817, 0.3168 1.1813 0.7833, 0.1207 1.1813 0.7423, 0.1013 1.1813 0.7083, 0.2929 1.1813 0.5959, 0.3279 1.1809 0.61
            ]
        }
        coordIndex [
            0,1,2,-1,0,2,3,-1,4,5,6,-1,7,8,9,-1,10,11,12,-1,13,14,15,-1,16,17,18,-1,17,16,19,-1,3,18,0,-1,17,0,18,-1,19,12,11,-1,12,19,16,-1,10,14,13,-1,10,13,11,-1,15,5,4,-1,14,5,15,-1,9,6,7,-1,4,6,9,-1,20,21,8,-1,20,8,7,-1,22,23,24,-1,25,26,27,-1,28,29,30,-1,31,32,33,-1,34,35,36,-1,35,34,37,-1,20,36,21,-1,35,21,36,-1,37,30,29,-1,30,37,34,-1,28,32,31,-1,28,31,29,-1,33,23,22,-1,32,23,33,-1,27,24,25,-1,22,24,27,-1,38,26,25,-1,26,38,39,-1,40,41,42,-1,43,44,45,-1,46,47,48,-1,49,50,51,-1,52,53,54,-1,53,52,55,-1,38,54,39,-1,53,39,54,-1,55,48,47,-1,48,55,52,-1,46,50,49,-1,46,49,47,-1,51,41,40,-1,50,41,51,-1,45,42,43,-1,40,42,45,-1,43,56,44,-1,56,43,57,-1,58,59,60,-1,2,1,61,-1,62,63,64,-1,65,66,67,-1,68,69,70,-1,69,68,71,-1,57,70,56,-1,69,56,70,-1,71,64,63,-1,64,71,68,-1,62,66,65,-1,62,65,63,-1,67,59,58,-1,66,59,67,-1,61,60,2,-1,58,60,61,-1,72,73,74,-1,75,76,74,-1,74,73,75,-1,77,76,78,-1,75,78,76,-1,77,79,80,-1,79,77,78,-1,81,82,80,-1,80,79,81,-1,83,82,84,-1,81,84,82,-1,83,85,86,-1,85,83,84,-1,87,88,86,-1,86,85,87,-1,89,88,90,-1,87,90,88,-1,89,91,92,-1,91,89,90,-1,93,94,92,-1,92,91,93,-1,95,94,96,-1,93,96,94,-1,95,97,98,-1,97,95,96,-1,99,100,98,-1,98,97,99,-1,101,100,102,-1,99,102,100,-1,101,103,104,-1,103,101,102,-1,104,103,105,-1,106,73,72,-1,107,106,108,-1,72,108,106,-1,107,109,110,-1,109,107,108,-1,111,112,110,-1,110,109,111,-1,113,112,114,-1,111,114,112,-1,113,115,116,-1,115,113,114,-1,117,118,116,-1,116,115,117,-1,119,118,120,-1,117,120,118,-1,119,121,122,-1,121,119,120,-1,123,124,122,-1,122,121,123,-1,125,124,126,-1,123,126,124,-1,125,127,128,-1,127,125,126,-1,129,130,128,-1,128,127,129,-1,131,130,132,-1,129,132,130,-1,131,133,134,-1,133,131,132,-1,135,136,134,-1,134,133,135,-1,135,137,136,-1,64,66,62,-1,30,32,28,-1,64,68,59,-1,59,66,64,-1,70,60,68,-1,59,68,60,-1,2,60,70,-1,2,70,57,-1,16,3,12,-1,18,3,16,-1,14,10,7,-1,10,12,3,-1,14,7,5,-1,7,6,5,-1,104,43,101,-1,10,3,7,-1,101,43,100,-1,30,34,23,-1,23,32,30,-1,36,24,34,-1,23,34,24,-1,25,36,20,-1,36,25,24,-1,76,77,38,-1,25,72,38,-1,54,38,52,-1,48,38,46,-1,48,52,38,-1,50,46,43,-1,43,41,50,-1,42,41,43,-1,38,43,46,-1,43,104,57,-1,138,139,2,-1,132,20,133,-1,7,137,20,-1,43,95,98,-1,100,43,98,-1,43,92,94,-1,95,43,94,-1,43,88,89,-1,92,43,89,-1,86,88,38,-1,43,38,88,-1,82,83,38,-1,38,83,86,-1,38,77,80,-1,38,80,82,-1,74,38,72,-1,76,38,74,-1,25,109,108,-1,72,25,108,-1,25,114,111,-1,109,25,111,-1,25,117,115,-1,114,25,115,-1,25,121,120,-1,117,25,120,-1,123,121,20,-1,25,20,121,-1,127,126,20,-1,20,126,123,-1,20,132,129,-1,20,129,127,-1,135,20,137,-1,133,20,135,-1,7,140,141,-1,137,7,141,-1,3,142,143,-1,7,144,145,-1,140,7,145,-1,7,146,147,-1,144,7,147,-1,7,148,149,-1,146,7,149,-1,150,148,3,-1,7,3,148,-1,151,152,3,-1,3,152,150,-1,3,143,153,-1,3,153,151,-1,3,139,154,-1,142,3,154,-1,138,2,155,-1,3,2,139,-1,2,156,157,-1,155,2,157,-1,2,158,159,-1,156,2,159,-1,2,160,161,-1,158,2,161,-1,162,160,57,-1,2,57,160,-1,163,164,57,-1,57,164,162,-1,165,166,57,-1,57,166,163,-1,167,168,57,-1,57,168,165,-1,104,167,57,-1,139,169,154,-1,170,142,154,-1,154,169,170,-1,143,142,171,-1,170,171,142,-1,143,172,153,-1,172,143,171,-1,173,151,153,-1,153,172,173,-1,152,151,174,-1,173,174,151,-1,152,175,150,-1,175,152,174,-1,176,148,150,-1,150,175,176,-1,149,148,177,-1,176,177,148,-1,149,178,146,-1,178,149,177,-1,179,147,146,-1,146,178,179,-1,144,147,180,-1,179,180,147,-1,144,181,145,-1,181,144,180,-1,182,140,145,-1,145,181,182,-1,141,140,183,-1,182,183,140,-1,141,184,137,-1,184,141,183,-1,137,184,136,-1,185,169,139,-1,186,185,138,-1,139,138,185,-1,186,155,187,-1,155,186,138,-1,157,188,187,-1,187,155,157,-1,189,188,156,-1,157,156,188,-1,189,159,190,-1,159,189,156,-1,158,191,190,-1,190,159,158,-1,192,191,161,-1,158,161,191,-1,192,160,193,-1,160,192,161,-1,162,194,193,-1,193,160,162,-1,195,194,164,-1,162,164,194,-1,195,163,196,-1,163,195,164,-1,166,197,196,-1,196,163,166,-1,198,197,165,-1,166,165,197,-1,198,168,199,-1,168,198,165,-1,167,105,199,-1,199,168,167,-1,167,104,105,-1,200,13,15,-1,201,22,27,-1,9,200,4,-1,200,15,4,-1,202,203,8,-1,200,8,204,-1,8,200,9,-1,8,203,204,-1,205,105,206,-1,207,97,96,-1,201,33,22,-1,26,201,27,-1,201,208,33,-1,201,26,209,-1,33,208,31,-1,26,210,209,-1,211,185,186,-1,183,182,212,-1,51,213,49,-1,45,213,40,-1,213,51,40,-1,214,213,44,-1,215,214,44,-1,216,215,44,-1,44,213,45,-1,169,217,218,-1,65,67,219,-1,206,103,220,-1,61,221,58,-1,222,221,1,-1,221,67,58,-1,1,221,61,-1,222,1,223,-1,221,219,67,-1,107,224,225,-1,226,180,227,-1,182,181,228,-1,178,177,229,-1,180,179,230,-1,231,176,232,-1,231,233,176,-1,177,176,233,-1,176,175,232,-1,175,174,234,-1,234,232,175,-1,172,235,236,-1,237,174,173,-1,238,170,218,-1,239,0,240,-1,241,187,188,-1,211,186,242,-1,243,190,244,-1,188,189,245,-1,246,247,193,-1,191,248,249,-1,250,195,251,-1,194,250,246,-1,252,251,195,-1,193,247,192,-1,253,254,197,-1,196,254,252,-1,205,255,199,-1,198,199,255,-1,239,256,1,-1,205,206,257,-1,220,102,258,-1,259,260,39,-1,99,261,258,-1,96,262,263,-1,85,84,264,-1,265,266,87,-1,267,216,44,-1,268,84,81,-1,213,47,49,-1,81,79,269,-1,53,270,39,-1,39,271,272,-1,224,110,273,-1,271,39,274,-1,112,275,273,-1,273,110,112,-1,29,31,208,-1,113,275,112,-1,276,277,125,-1,119,122,278,-1,279,280,128,-1,281,282,26,-1,35,37,208,-1,283,279,130,-1,21,208,284,-1,21,285,286,-1,21,287,288,-1,93,91,289,-1,290,291,90,-1,79,292,269,-1,270,55,47,-1,47,213,270,-1,293,292,78,-1,270,53,55,-1,75,293,78,-1,73,294,75,-1,39,270,259,-1,73,106,295,-1,106,107,225,-1,39,260,274,-1,39,296,281,-1,272,296,39,-1,294,295,297,-1,294,293,75,-1,292,79,78,-1,268,81,269,-1,264,84,268,-1,265,85,264,-1,87,266,290,-1,87,85,265,-1,91,90,291,-1,90,87,290,-1,262,93,289,-1,289,91,291,-1,207,96,263,-1,262,96,93,-1,261,97,207,-1,258,102,99,-1,261,99,97,-1,220,103,102,-1,206,105,103,-1,56,298,44,-1,299,300,56,-1,298,56,300,-1,301,44,298,-1,267,44,302,-1,44,301,302,-1,223,1,303,-1,197,198,253,-1,301,304,257,-1,301,298,304,-1,304,205,257,-1,105,205,199,-1,255,253,198,-1,254,196,197,-1,252,195,196,-1,194,195,250,-1,193,194,246,-1,248,191,192,-1,192,247,248,-1,191,249,244,-1,189,190,243,-1,190,191,244,-1,241,188,245,-1,245,189,243,-1,187,242,186,-1,242,187,241,-1,185,211,217,-1,239,240,305,-1,217,169,185,-1,306,307,0,-1,306,0,308,-1,1,0,239,-1,303,1,309,-1,1,256,309,-1,219,63,65,-1,71,219,69,-1,71,63,219,-1,310,56,219,-1,69,219,56,-1,311,56,312,-1,56,310,312,-1,299,56,311,-1,313,314,116,-1,315,118,316,-1,106,225,295,-1,224,107,110,-1,295,317,297,-1,294,73,295,-1,281,296,317,-1,297,317,296,-1,39,281,26,-1,318,26,319,-1,26,282,319,-1,26,318,210,-1,280,276,125,-1,37,29,208,-1,130,131,283,-1,131,134,320,-1,35,208,21,-1,320,134,321,-1,212,322,183,-1,21,284,285,-1,322,323,184,-1,21,324,287,-1,21,286,324,-1,325,326,327,-1,21,288,8,-1,136,321,134,-1,320,283,131,-1,279,128,130,-1,280,125,128,-1,124,125,277,-1,124,328,122,-1,328,124,277,-1,278,316,119,-1,328,278,122,-1,315,313,118,-1,119,316,118,-1,116,314,113,-1,118,313,116,-1,275,113,314,-1,8,288,327,-1,174,237,234,-1,11,13,200,-1,178,229,329,-1,177,233,229,-1,329,230,179,-1,179,178,329,-1,227,180,230,-1,181,180,226,-1,212,182,228,-1,228,181,226,-1,183,322,184,-1,136,184,323,-1,321,323,326,-1,323,321,136,-1,327,288,325,-1,321,326,325,-1,8,327,330,-1,8,331,202,-1,8,330,331,-1,332,19,11,-1,11,200,332,-1,0,17,332,-1,332,17,19,-1,333,0,334,-1,0,332,334,-1,169,218,170,-1,218,217,335,-1,0,333,308,-1,240,0,307,-1,240,335,305,-1,305,335,217,-1,238,171,170,-1,172,171,235,-1,238,235,171,-1,172,236,173,-1,237,173,236,-1,336,337,338,-1,339,337,340,-1,338,341,342,-1,338,343,341,-1,344,345,346,-1,346,347,348,-1,344,346,348,-1,345,344,349,-1,346,350,347,-1,351,345,349,-1,350,346,352,-1,353,354,352,-1,352,354,350,-1,353,352,343,-1,353,343,338,-1,337,336,355,-1,336,338,342,-1,339,356,337,-1,337,355,340,-1,357,358,356,-1,337,356,358,-1,358,357,359,-1,360,361,358,-1,360,358,359,-1,362,361,363,-1,361,362,358,-1,362,364,365,-1,363,364,362,-1,362,365,366,-1,366,365,367,-1,368,369,370,-1,368,371,372,-1,368,370,373,-1,374,369,368,-1,371,368,373,-1,375,372,376,-1,372,375,368,-1,375,377,378,-1,376,377,375,-1,375,378,379,-1,379,380,381,-1,381,375,379,-1,382,381,380,-1,383,384,385,-1,386,387,388,-1,387,389,388,-1,386,390,387,-1,389,387,391,-1,392,389,391,-1,391,393,392,-1,385,384,387,-1,387,390,385,-1,383,381,394,-1,384,383,394,-1,395,374,368,-1,394,381,382,-1,396,395,397,-1,396,374,395,-1,398,395,399,-1,395,398,397,-1,400,401,402,-1,403,404,405,-1,406,407,408,-1,409,410,411,-1,409,412,410,-1,412,413,414,-1,409,413,412,-1,410,415,411,-1,412,414,416,-1,417,418,404,-1,419,420,421,-1,421,422,423,-1,416,424,412,-1,425,424,426,-1,424,416,426,-1,425,418,424,-1,425,404,418,-1,421,405,404,-1,417,404,403,-1,423,405,421,-1,420,422,421,-1,419,407,427,-1,407,419,421,-1,427,407,406,-1,407,401,428,-1,407,428,408,-1,401,429,430,-1,428,401,430,-1,429,401,400,-1,400,402,431,-1,432,433,434,-1,435,436,437,-1,438,434,433,-1,439,440,441,-1,439,438,433,-1,442,443,440,-1,444,441,440,-1,445,440,446,-1,440,445,442,-1,446,447,448,-1,449,446,450,-1,449,447,446,-1,435,451,450,-1,450,446,435,-1,451,435,452,-1,453,454,455,-1,455,454,456,-1,453,455,457,-1,456,458,455,-1,459,458,456,-1,458,459,460,-1,461,455,462,-1,455,461,457,-1,462,437,436,-1,436,461,462,-1,445,446,448,-1,452,435,437,-1,444,440,443,-1,463,433,432,-1,439,433,440,-1,464,465,466,-1,467,464,468,-1,465,464,469,-1,467,469,464,-1,470,471,472,-1,473,474,475,-1,474,473,476,-1,470,472,477,-1,478,479,480,-1,472,481,477,-1,479,482,483,-1,484,481,485,-1,477,481,484,-1,486,474,476,-1,487,486,476,-1,487,488,489,-1,490,482,491,-1,492,491,488,-1,478,480,493,-1,493,494,478,-1,483,480,479,-1,493,495,494,-1,483,482,490,-1,492,488,487,-1,490,491,492,-1,489,486,487,-1,484,485,475,-1,485,473,475,-1,496,497,498,-1,499,500,497,-1,496,499,497,-1,501,502,500,-1,500,499,501,-1,500,502,503,-1,499,504,501,-1,505,506,504,-1,504,506,501,-1,505,507,506,-1,508,509,510,-1,511,512,513,-1,514,508,512,-1,515,516,517,-1,517,516,518,-1,515,519,520,-1,519,515,517,-1,521,522,523,-1,524,520,519,-1,524,525,520,-1,526,527,528,-1,525,524,529,-1,528,530,531,-1,529,532,525,-1,533,534,535,-1,532,536,537,-1,537,538,532,-1,533,539,540,-1,529,536,532,-1,541,521,542,-1,531,526,528,-1,518,510,509,-1,516,510,518,-1,509,508,514,-1,514,512,511,-1,513,523,522,-1,512,523,513,-1,521,523,542,-1,541,527,526,-1,542,527,541,-1,530,539,531,-1,540,534,533,-1,530,540,539,-1,538,534,532,-1,535,534,538,-1,543,544,545,-1,546,547,548,-1,545,544,549,-1,550,551,552,-1,552,553,546,-1,550,552,554,-1,545,555,543,-1,551,550,544,-1,556,557,555,-1,555,557,543,-1,546,548,555,-1,555,548,556,-1,547,546,553,-1,551,553,552,-1,544,543,551,-1,558,559,560,-1,561,562,559,-1,558,561,559,-1,563,564,562,-1,562,561,563,-1,562,564,565,-1,561,566,563,-1,567,568,566,-1,566,568,563,-1,567,569,568,-1,570,571,572,-1,573,574,575,-1,576,573,575,-1,575,571,576,-1,577,578,579,-1,580,581,582,-1,576,571,570,-1,583,584,585,-1,581,580,586,-1,587,588,589,-1,587,590,591,-1,592,588,593,-1,594,592,593,-1,595,577,596,-1,579,578,594,-1,597,598,599,-1,600,596,601,-1,601,602,603,-1,583,585,603,-1,586,572,581,-1,583,580,582,-1,572,586,570,-1,597,604,605,-1,606,607,604,-1,597,599,582,-1,597,605,598,-1,596,577,601,-1,583,582,584,-1,599,584,582,-1,601,603,600,-1,600,603,585,-1,595,578,577,-1,579,594,593,-1,589,590,587,-1,592,589,588,-1,607,606,590,-1,591,590,606,-1,604,607,605,-1,608,609,610,-1,611,612,613,-1,614,615,616,-1,614,617,618,-1,619,620,621,-1,622,623,619,-1,624,622,619,-1,625,626,627,-1,626,625,628,-1,629,612,611,-1,630,631,627,-1,611,613,608,-1,626,630,627,-1,632,631,633,-1,624,619,621,-1,634,635,636,-1,636,637,638,-1,616,638,637,-1,634,636,638,-1,623,622,633,-1,635,634,639,-1,640,641,642,-1,622,632,633,-1,632,627,631,-1,626,628,643,-1,641,640,626,-1,643,641,626,-1,642,639,640,-1,642,635,639,-1,644,615,614,-1,616,637,614,-1,614,618,645,-1,644,614,645,-1,610,609,617,-1,618,617,609,-1,608,610,611,-1,646,647,648,-1,649,650,651,-1,652,648,647,-1,651,646,649,-1,653,654,652,-1,655,652,647,-1,656,657,658,-1,659,654,653,-1,653,652,655,-1,648,657,656,-1,657,648,652,-1,660,661,662,-1,658,663,664,-1,660,662,665,-1,666,661,660,-1,662,663,665,-1,664,656,658,-1,665,663,658,-1,649,646,648,-1,667,668,669,-1,670,671,668,-1,667,670,668,-1,672,673,671,-1,671,670,672,-1,671,673,674,-1,670,675,672,-1,676,677,675,-1,675,677,672,-1,676,678,677,-1,679,680,681,-1,682,683,684,-1,685,679,683,-1,686,687,688,-1,688,687,689,-1,686,690,691,-1,690,686,688,-1,692,693,694,-1,695,691,690,-1,695,696,691,-1,697,698,699,-1,696,695,700,-1,699,701,702,-1,700,703,696,-1,704,705,706,-1,703,707,708,-1,708,709,703,-1,704,710,711,-1,700,707,703,-1,712,692,713,-1,702,697,699,-1,689,681,680,-1,687,681,689,-1,680,679,685,-1,685,683,682,-1,684,694,693,-1,683,694,684,-1,692,694,713,-1,712,698,697,-1,713,698,712,-1,701,710,702,-1,711,705,704,-1,701,711,710,-1,709,705,703,-1,706,705,709,-1,714,715,716,-1,717,718,719,-1,716,715,720,-1,721,722,723,-1,723,724,717,-1,721,723,725,-1,716,726,714,-1,722,721,715,-1,727,728,726,-1,726,728,714,-1,717,719,726,-1,726,719,727,-1,718,717,724,-1,722,724,723,-1,715,714,722,-1,729,730,731,-1,732,733,730,-1,730,729,734,-1,735,736,732,-1,737,732,736,-1,730,734,735,-1,732,730,735,-1,738,739,740,-1,741,742,743,-1,730,733,744,-1,745,746,747,-1,748,749,750,-1,751,742,741,-1,752,751,753,-1,744,754,753,-1,744,733,754,-1,755,752,753,-1,753,754,755,-1,752,742,751,-1,756,757,758,-1,741,743,759,-1,760,761,759,-1,759,743,760,-1,762,763,764,-1,765,766,767,-1,768,769,770,-1,771,772,773,-1,768,770,774,-1,763,772,771,-1,775,756,749,-1,776,769,777,-1,776,778,779,-1,779,778,780,-1,781,782,783,-1,782,779,780,-1,784,785,786,-1,787,788,747,-1,789,790,747,-1,756,775,791,-1,789,792,793,-1,794,795,746,-1,796,797,798,-1,788,745,747,-1,794,799,795,-1,795,799,800,-1,801,802,803,-1,802,800,799,-1,804,805,806,-1,807,808,809,-1,810,811,805,-1,812,813,814,-1,815,816,817,-1,818,819,820,-1,791,821,822,-1,750,823,748,-1,748,824,825,-1,821,826,827,-1,757,756,822,-1,821,828,826,-1,813,740,814,-1,829,830,813,-1,829,813,812,-1,818,748,825,-1,808,815,820,-1,807,816,808,-1,809,811,831,-1,811,809,808,-1,810,831,811,-1,803,804,806,-1,804,810,805,-1,803,806,801,-1,746,745,794,-1,802,801,800,-1,747,790,787,-1,789,793,832,-1,832,790,789,-1,796,792,797,-1,797,792,789,-1,833,834,835,-1,835,834,784,-1,833,836,834,-1,836,833,792,-1,796,836,792,-1,786,785,781,-1,784,834,785,-1,786,781,783,-1,777,778,776,-1,782,781,779,-1,762,774,770,-1,777,769,768,-1,770,772,762,-1,766,765,837,-1,764,763,766,-1,762,772,763,-1,764,766,837,-1,767,761,838,-1,767,838,765,-1,761,760,838,-1,830,839,840,-1,840,813,830,-1,839,826,828,-1,840,839,828,-1,827,822,821,-1,822,756,791,-1,775,749,748,-1,823,824,748,-1,825,819,818,-1,819,808,820,-1,816,739,817,-1,808,816,815,-1,740,813,738,-1,739,738,817,-1,
        ]
    }
}
Shape{
    appearance Appearance {
        material  Material 	{
            diffuseColor 0.9647058823529412 0.9647058823529412 0.9647058823529412
            specularColor 0.7529411764705882 0.7529411764705882 0.7529411764705882
            ambientIntensity 1.0
            transparency 1.0
            shininess 0.5
        }
    }
    geometry IndexedFaceSet {
        ccw TRUE
        solid FALSE
        coord DEF co Coordinate {
            point [
                1.1811 1.0234 0.3543, 1.1827 0.7478 0.3543, 1.1811 0.7478 0.3543, 1.1827 1.0234 0.3543, 1.1929 1.0234 0.3517, 1.2006 0.7478 0.3444, 1.1929 0.7478 0.3517, 1.2006 1.0234 0.3444, 1.2037 0.7478 0.3344, 1.2037 1.0234 0.3344, 1.2176 1.0234 0.0688, 1.2176 0.7478 0.0688, 1.2487 0.7478 0.013, 1.2487 1.0234 0.013, 1.2684 1.0234 0.0033, 1.2901 1.0234 0.0, 1.2901 0.7478 0.0, 1.2684 0.7478 0.0033, 1.2221 1.0234 0.0473, 1.2221 0.7478 0.0473, 1.2327 1.0234 0.0281, 1.2327 0.7478 0.0281, 1.6535 0.7478 0.0, 1.6535 1.0234 0.0, 1.6535 0.7478 0.0984, 1.6535 1.0234 0.0984, 1.3334 1.0234 0.0984, 1.3334 0.7478 0.0984, 1.3238 1.0234 0.1009, 1.3166 0.7478 0.1078, 1.3238 0.7478 0.1009, 1.3166 1.0234 0.1078, 1.3136 0.7478 0.1172, 1.3136 1.0234 0.1172, 1.302 0.7478 0.3395, 1.302 1.0234 0.3395, 1.2104 0.7478 0.4495, 1.2104 1.0234 0.4495, 1.1967 1.0234 0.4519, 1.1827 1.0234 0.4528, 1.1827 0.7478 0.4528, 1.1967 0.7478 0.4519, 1.2366 1.0234 0.4399, 1.2486 0.7478 0.4329, 1.2486 1.0234 0.4329, 1.2366 0.7478 0.4399, 1.2238 1.0234 0.4455, 1.2238 0.7478 0.4455, 1.2788 0.7478 0.4042, 1.2788 1.0234 0.4042, 1.2699 1.0234 0.4149, 1.2699 0.7478 0.4149, 1.2598 1.0234 0.4246, 1.2598 0.7478 0.4246, 1.2973 0.7478 0.3669, 1.2927 1.0234 0.38, 1.2927 0.7478 0.38, 1.2864 1.0234 0.3926, 1.2864 0.7478 0.3926, 1.3005 0.7478 0.3534, 1.2973 1.0234 0.3669, 1.3005 1.0234 0.3534, 1.1811 1.0234 0.4528, 1.1811 0.7478 0.4528, -1.2973 0.7478 0.367, -1.2973 1.0234 0.367, -1.3005 1.0234 0.3534, -1.302 1.0234 0.3395, -1.302 0.7478 0.3395, -1.3005 0.7478 0.3534, -1.2864 1.0234 0.3926, -1.2788 0.7478 0.4043, -1.2788 1.0234 0.4043, -1.2864 0.7478 0.3926, -1.2926 1.0234 0.3801, -1.2926 0.7478 0.3801, -1.2485 0.7478 0.433, -1.2485 1.0234 0.433, -1.2597 1.0234 0.4246, -1.2597 0.7478 0.4246, -1.2698 1.0234 0.415, -1.2698 0.7478 0.415, -1.2103 0.7478 0.4495, -1.2236 1.0234 0.4455, -1.2236 0.7478 0.4455, -1.2365 1.0234 0.44, -1.2365 0.7478 0.44, -1.1967 0.7478 0.4519, -1.2103 1.0234 0.4495, -1.1967 1.0234 0.4519, -1.1827 0.7478 0.4528, -1.1827 1.0234 0.4528, -1.3136 0.7478 0.1172, -1.3136 1.0234 0.1172, -1.3166 1.0234 0.1078, -1.3238 0.7478 0.1009, -1.3166 0.7478 0.1078, -1.3238 1.0234 0.1009, -1.3334 0.7478 0.0984, -1.3334 1.0234 0.0984, -1.6535 1.0234 0.0984, -1.6535 0.7478 0.0984, -1.6535 1.0234 0.0, -1.6535 0.7478 0.0, -1.2901 0.7478 0.0, -1.2901 1.0234 0.0, -1.2327 0.7478 0.0281, -1.2327 1.0234 0.0281, -1.2221 1.0234 0.0473, -1.2176 1.0234 0.0688, -1.2176 0.7478 0.0688, -1.2221 0.7478 0.0473, -1.2684 1.0234 0.0033, -1.2684 0.7478 0.0033, -1.2487 1.0234 0.013, -1.2487 0.7478 0.013, -1.2037 0.7478 0.3344, -1.2037 1.0234 0.3344, -1.2006 1.0234 0.3444, -1.1929 0.7478 0.3517, -1.2006 0.7478 0.3444, -1.1929 1.0234 0.3517, -1.1827 0.7478 0.3543, -1.1827 1.0234 0.3543, -1.1811 0.7478 0.3543, -1.1811 1.0234 0.3543, -1.1811 0.7478 0.4528, -1.1811 1.0234 0.4528, 1.1827 -1.0238 0.4528, 1.1811 -0.7482 0.4528, 1.1811 -1.0238 0.4528, 1.1827 -0.7482 0.4528, 1.3005 -0.7482 0.3534, 1.302 -1.0238 0.3395, 1.302 -0.7482 0.3395, 1.2864 -0.7482 0.3926, 1.2927 -1.0238 0.38, 1.2927 -0.7482 0.38, 1.2973 -0.7482 0.3669, 1.2973 -1.0238 0.3669, 1.3005 -1.0238 0.3534, 1.2699 -1.0238 0.4149, 1.2699 -0.7482 0.4149, 1.2598 -0.7482 0.4246, 1.2864 -1.0238 0.3926, 1.2788 -0.7482 0.4042, 1.2788 -1.0238 0.4042, 1.2366 -0.7482 0.4399, 1.2238 -0.7482 0.4455, 1.2366 -1.0238 0.4399, 1.2486 -0.7482 0.4329, 1.2486 -1.0238 0.4329, 1.2598 -1.0238 0.4246, 1.2238 -1.0238 0.4455, 1.2104 -0.7482 0.4495, 1.2104 -1.0238 0.4495, 1.1967 -1.0238 0.4519, 1.1967 -0.7482 0.4519, 1.3136 -0.7482 0.1172, 1.3136 -1.0238 0.1172, 1.3166 -0.7482 0.1078, 1.3166 -1.0238 0.1078, 1.3238 -0.7482 0.1009, 1.3238 -1.0238 0.1009, 1.3334 -0.7482 0.0984, 1.3334 -1.0238 0.0984, 1.6535 -1.0238 0.0984, 1.6535 -0.7482 0.0984, 1.6535 -0.7482 0.0, 1.6535 -1.0238 0.0, 1.2901 -0.7482 0.0, 1.2901 -1.0238 0.0, 1.2221 -0.7482 0.0473, 1.2176 -1.0238 0.0688, 1.2176 -0.7482 0.0688, 1.2684 -0.7482 0.0033, 1.2487 -1.0238 0.013, 1.2487 -0.7482 0.013, 1.2327 -0.7482 0.0281, 1.2327 -1.0238 0.0281, 1.2221 -1.0238 0.0473, 1.2684 -1.0238 0.0033, 1.2037 -1.0238 0.3344, 1.2037 -0.7482 0.3344, 1.2006 -0.7482 0.3444, 1.2006 -1.0238 0.3444, 1.1929 -0.7482 0.3517, 1.1929 -1.0238 0.3517, 1.1827 -0.7482 0.3543, 1.1827 -1.0238 0.3543, 1.1811 -0.7482 0.3543, 1.1811 -1.0238 0.3543, -1.1929 -0.7482 0.3517, -1.1929 -1.0238 0.3517, -1.2006 -0.7482 0.3444, -1.1827 -1.0238 0.3543, -1.1827 -0.7482 0.3543, -1.2006 -1.0238 0.3444, -1.2037 -0.7482 0.3344, -1.2037 -1.0238 0.3344, -1.2176 -1.0238 0.0688, -1.2176 -0.7482 0.0688, -1.6535 -0.7482 0.0, -1.2901 -0.7482 0.0, -1.2901 -1.0238 0.0, -1.6535 -1.0238 0.0, -1.6535 -1.0238 0.0984, -1.6535 -0.7482 0.0984, -1.3334 -1.0238 0.0984, -1.3334 -0.7482 0.0984, -1.3238 -0.7482 0.1009, -1.3238 -1.0238 0.1009, -1.3166 -0.7482 0.1078, -1.3166 -1.0238 0.1078, -1.3136 -0.7482 0.1172, -1.3136 -1.0238 0.1172, -1.302 -1.0238 0.3395, -1.302 -0.7482 0.3395, -1.1967 -0.7482 0.4519, -1.1827 -1.0238 0.4528, -1.1827 -0.7482 0.4528, -1.2365 -0.7482 0.44, -1.2236 -1.0238 0.4455, -1.2236 -0.7482 0.4455, -1.2103 -0.7482 0.4495, -1.2103 -1.0238 0.4495, -1.1967 -1.0238 0.4519, -1.2597 -1.0238 0.4246, -1.2597 -0.7482 0.4246, -1.2698 -0.7482 0.415, -1.2365 -1.0238 0.44, -1.2485 -0.7482 0.433, -1.2485 -1.0238 0.433, -1.2864 -0.7482 0.3926, -1.2926 -0.7482 0.3801, -1.2864 -1.0238 0.3926, -1.2788 -0.7482 0.4043, -1.2788 -1.0238 0.4043, -1.2698 -1.0238 0.415, -1.2926 -1.0238 0.3801, -1.2973 -0.7482 0.367, -1.2973 -1.0238 0.367, -1.3005 -1.0238 0.3534, -1.3005 -0.7482 0.3534, -1.1811 -1.0238 0.4528, -1.1811 -0.7482 0.4528, -1.1811 -0.7482 0.3543, -1.2487 -0.7482 0.013, -1.2684 -0.7482 0.0033, -1.2327 -0.7482 0.0281, -1.2221 -0.7482 0.0473, -1.1811 -1.0238 0.3543, -1.2487 -1.0238 0.013, -1.2684 -1.0238 0.0033, -1.2327 -1.0238 0.0281, -1.2221 -1.0238 0.0473
            ]
        }
        coordIndex [
            0,1,2,-1,1,0,3,-1,4,5,6,-1,3,4,6,-1,3,6,1,-1,4,7,5,-1,5,7,8,-1,7,9,8,-1,10,8,9,-1,8,10,11,-1,12,13,14,-1,15,16,17,-1,18,19,11,-1,19,20,21,-1,20,13,21,-1,18,11,10,-1,18,20,19,-1,12,14,17,-1,21,13,12,-1,15,17,14,-1,15,22,16,-1,22,15,23,-1,24,22,23,-1,24,23,25,-1,26,24,25,-1,24,26,27,-1,28,29,30,-1,26,28,30,-1,26,30,27,-1,28,31,29,-1,29,31,32,-1,31,33,32,-1,33,34,32,-1,34,33,35,-1,36,37,38,-1,39,40,41,-1,42,43,44,-1,45,46,47,-1,48,49,50,-1,51,52,53,-1,54,55,56,-1,57,58,56,-1,54,59,60,-1,60,55,54,-1,61,59,34,-1,59,61,60,-1,57,49,58,-1,61,34,35,-1,56,55,57,-1,51,48,50,-1,48,58,49,-1,44,53,52,-1,52,51,50,-1,42,45,43,-1,44,43,53,-1,46,37,47,-1,42,46,45,-1,36,38,41,-1,47,37,36,-1,39,41,38,-1,62,40,39,-1,40,62,63,-1,64,65,66,-1,67,68,69,-1,70,71,72,-1,73,74,75,-1,76,77,78,-1,79,80,81,-1,82,83,84,-1,85,86,84,-1,82,87,88,-1,88,83,82,-1,89,87,90,-1,87,89,88,-1,85,77,86,-1,89,90,91,-1,84,83,85,-1,79,76,78,-1,76,86,77,-1,72,81,80,-1,80,79,78,-1,70,73,71,-1,72,71,81,-1,74,65,75,-1,70,74,73,-1,64,66,69,-1,75,65,64,-1,67,69,66,-1,92,68,67,-1,92,67,93,-1,94,95,96,-1,93,94,96,-1,93,96,92,-1,94,97,95,-1,95,97,98,-1,97,99,98,-1,100,98,99,-1,98,100,101,-1,102,101,100,-1,101,102,103,-1,102,104,103,-1,104,102,105,-1,106,107,108,-1,109,110,111,-1,112,113,104,-1,113,114,115,-1,114,107,115,-1,112,104,105,-1,112,114,113,-1,106,108,111,-1,115,107,106,-1,109,111,108,-1,109,116,110,-1,116,109,117,-1,118,119,120,-1,117,118,120,-1,117,120,116,-1,118,121,119,-1,119,121,122,-1,121,123,122,-1,124,122,123,-1,124,123,125,-1,91,90,126,-1,91,126,127,-1,128,129,130,-1,128,131,129,-1,132,133,134,-1,135,136,137,-1,138,139,140,-1,141,142,143,-1,144,145,146,-1,147,148,149,-1,150,151,152,-1,153,154,155,-1,154,153,148,-1,156,155,157,-1,154,157,155,-1,131,128,156,-1,156,157,131,-1,149,151,147,-1,148,153,149,-1,143,150,152,-1,150,147,151,-1,146,142,141,-1,141,143,152,-1,144,135,145,-1,146,145,142,-1,136,139,137,-1,144,136,135,-1,138,140,132,-1,137,139,138,-1,133,132,140,-1,158,134,133,-1,133,159,158,-1,160,161,162,-1,159,160,158,-1,160,159,161,-1,161,163,162,-1,162,163,164,-1,163,165,164,-1,166,164,165,-1,166,167,164,-1,168,167,166,-1,166,169,168,-1,170,168,169,-1,169,171,170,-1,172,173,174,-1,175,176,177,-1,178,179,180,-1,170,171,181,-1,181,175,170,-1,176,179,177,-1,181,176,175,-1,178,180,172,-1,177,179,178,-1,173,172,180,-1,182,174,173,-1,182,183,174,-1,184,185,186,-1,182,184,183,-1,184,182,185,-1,185,187,186,-1,186,187,188,-1,187,189,188,-1,190,188,189,-1,189,191,190,-1,192,193,194,-1,195,192,196,-1,192,195,193,-1,193,197,194,-1,194,197,198,-1,197,199,198,-1,200,201,198,-1,198,199,200,-1,202,203,204,-1,204,205,202,-1,206,207,202,-1,202,205,206,-1,208,207,206,-1,208,209,207,-1,210,211,212,-1,208,210,209,-1,210,208,211,-1,211,213,212,-1,212,213,214,-1,213,215,214,-1,216,214,215,-1,216,217,214,-1,218,219,220,-1,221,222,223,-1,224,225,226,-1,227,228,229,-1,230,231,232,-1,233,234,235,-1,236,237,238,-1,239,240,241,-1,240,239,234,-1,242,241,243,-1,240,243,241,-1,217,216,242,-1,242,243,217,-1,235,237,233,-1,234,239,235,-1,229,236,238,-1,236,233,237,-1,232,228,227,-1,227,229,238,-1,230,221,231,-1,232,231,228,-1,222,225,223,-1,230,222,221,-1,224,226,218,-1,223,225,224,-1,219,218,226,-1,244,220,219,-1,244,245,220,-1,138,183,184,-1,145,135,184,-1,183,132,134,-1,183,134,158,-1,170,162,164,-1,162,175,177,-1,170,175,162,-1,164,168,170,-1,162,177,178,-1,167,168,164,-1,178,160,162,-1,174,160,172,-1,160,178,172,-1,174,158,160,-1,174,183,158,-1,184,137,138,-1,138,132,183,-1,145,184,142,-1,184,135,137,-1,143,142,186,-1,184,186,142,-1,186,150,143,-1,147,186,148,-1,147,150,186,-1,188,154,148,-1,148,186,188,-1,188,131,157,-1,154,188,157,-1,188,190,131,-1,190,129,131,-1,196,220,245,-1,196,245,246,-1,198,217,243,-1,220,196,218,-1,224,192,223,-1,218,196,224,-1,221,192,231,-1,221,223,192,-1,229,192,194,-1,192,229,228,-1,194,233,236,-1,234,194,240,-1,234,233,194,-1,198,243,240,-1,240,194,198,-1,214,198,201,-1,247,248,210,-1,210,248,203,-1,247,210,249,-1,203,209,210,-1,202,209,203,-1,209,202,207,-1,250,210,212,-1,210,250,249,-1,212,214,201,-1,201,250,212,-1,229,194,236,-1,217,198,214,-1,192,228,231,-1,196,192,224,-1,196,246,251,-1,251,195,196,-1,133,182,159,-1,139,185,182,-1,189,128,191,-1,133,140,182,-1,171,165,163,-1,163,176,181,-1,171,163,181,-1,165,171,169,-1,163,179,176,-1,166,165,169,-1,179,163,161,-1,173,180,161,-1,161,180,179,-1,173,161,159,-1,173,159,182,-1,185,139,136,-1,139,182,140,-1,146,185,144,-1,185,136,144,-1,141,187,185,-1,185,146,141,-1,152,187,141,-1,187,151,149,-1,152,151,187,-1,189,187,153,-1,149,153,187,-1,156,189,155,-1,189,153,155,-1,189,156,128,-1,128,130,191,-1,244,219,195,-1,199,215,200,-1,226,195,219,-1,225,222,193,-1,225,195,226,-1,227,193,232,-1,230,193,222,-1,238,197,193,-1,193,227,238,-1,197,237,235,-1,239,241,197,-1,239,197,235,-1,199,241,242,-1,241,199,197,-1,242,216,199,-1,252,211,253,-1,211,204,253,-1,252,254,211,-1,204,211,208,-1,205,204,208,-1,208,206,205,-1,255,213,211,-1,211,254,255,-1,213,200,215,-1,200,213,255,-1,238,237,197,-1,216,215,199,-1,230,232,193,-1,251,244,195,-1,225,193,195,-1,248,204,203,-1,250,254,249,-1,247,252,253,-1,201,200,255,-1,255,250,201,-1,254,252,249,-1,255,254,250,-1,247,253,248,-1,249,252,247,-1,204,248,253,-1,
        ]
    }
}