#VRML V2.0 utf8
# 3D model generated by easyeda2kicad.py (https://github.com/uPesy/easyeda2kicad.py)

Shape{
    appearance Appearance {
        material  Material 	{
            diffuseColor 1.0 1.0 0.7529411764705882
            specularColor 0.5019607843137255 0.5019607843137255 0.3764705882352941
            ambientIntensity 0.9718
            transparency 0.0
            shininess 0.5
        }
    }
    geometry IndexedFaceSet {
        ccw TRUE
        solid FALSE
        coord DEF co Coordinate {
            point [
                -0.6949 0.1244 1.5945, -0.6949 0.1244 1.2008, -0.6949 -0.2693 1.5945, -0.6949 -0.2693 1.2008, -0.3012 -0.2693 1.5945, -0.3012 -0.2693 1.2008, -0.3012 0.1244 1.5945, -0.3012 0.1244 1.2008, -0.3406 0.085 1.6339, -0.6555 0.085 1.6339, -0.3406 -0.2299 1.6339, -0.6555 -0.2299 1.6339, -0.6752 0.1047 1.6286, -0.6752 -0.2496 1.6286, -0.6706 -0.245 1.6309, -0.6607 -0.235 1.6335, -0.6607 0.0902 1.6335, -0.6657 -0.2401 1.6325, -0.6657 0.0952 1.6325, -0.6706 0.1001 1.6309, -0.6834 0.1129 1.6223, -0.6834 -0.2577 1.6223, -0.6795 -0.2539 1.6257, -0.6795 0.109 1.6257, -0.6867 -0.2611 1.6185, -0.6867 0.1163 1.6185, -0.6896 -0.264 1.6142, -0.6896 0.1191 1.6142, -0.6919 -0.2663 1.6096, -0.6919 0.1214 1.6096, -0.6935 -0.2679 1.6047, -0.6935 0.1231 1.6047, -0.6945 0.1241 1.5996, -0.6945 -0.2689 1.5996, -0.3354 -0.235 1.6335, -0.3304 -0.2401 1.6325, -0.3255 -0.245 1.6309, -0.3015 -0.2689 1.5996, -0.3025 -0.2679 1.6047, -0.3042 -0.2663 1.6096, -0.3065 -0.264 1.6142, -0.3093 -0.2611 1.6185, -0.3127 -0.2577 1.6223, -0.3166 -0.2539 1.6257, -0.3209 -0.2496 1.6286, -0.3015 0.1241 1.5996, -0.3025 0.1231 1.6047, -0.3042 0.1214 1.6096, -0.3065 0.1191 1.6142, -0.3093 0.1163 1.6185, -0.3127 0.1129 1.6223, -0.3166 0.109 1.6257, -0.3209 0.1047 1.6286, -0.3255 0.1001 1.6309, -0.3304 0.0952 1.6325, -0.3354 0.0902 1.6335
            ]
        }
        coordIndex [
            0,1,2,-1,2,1,3,-1,2,3,4,-1,4,3,5,-1,4,5,6,-1,6,5,7,-1,6,7,0,-1,0,7,1,-1,7,5,1,-1,1,5,3,-1,8,9,10,-1,10,9,11,-1,12,13,14,-1,11,9,15,-1,15,9,16,-1,15,16,17,-1,17,16,18,-1,17,18,14,-1,14,18,19,-1,14,19,12,-1,20,21,22,-1,13,12,22,-1,22,12,23,-1,22,23,20,-1,21,20,24,-1,24,20,25,-1,24,25,26,-1,26,25,27,-1,26,27,28,-1,28,27,29,-1,28,29,30,-1,29,31,30,-1,30,31,32,-1,30,32,33,-1,33,32,0,-1,33,0,2,-1,10,11,34,-1,34,11,15,-1,34,15,35,-1,35,15,17,-1,35,17,36,-1,36,17,14,-1,36,14,13,-1,2,4,33,-1,33,4,37,-1,33,37,30,-1,30,37,38,-1,30,38,28,-1,28,38,39,-1,28,39,26,-1,26,39,40,-1,26,40,24,-1,24,40,41,-1,24,41,21,-1,21,41,42,-1,21,42,22,-1,22,42,43,-1,22,43,13,-1,13,43,44,-1,13,44,36,-1,6,0,32,-1,6,32,45,-1,45,32,31,-1,45,31,46,-1,46,31,47,-1,47,31,29,-1,47,29,48,-1,48,29,27,-1,48,27,49,-1,49,27,25,-1,49,25,50,-1,50,25,20,-1,50,20,51,-1,51,20,23,-1,51,23,52,-1,23,12,52,-1,52,12,19,-1,52,19,53,-1,53,19,54,-1,16,9,8,-1,19,18,54,-1,54,18,16,-1,54,16,55,-1,55,16,8,-1,35,54,55,-1,8,10,55,-1,55,10,34,-1,55,34,35,-1,54,35,53,-1,53,35,36,-1,53,36,52,-1,52,36,44,-1,52,44,51,-1,51,44,43,-1,51,43,50,-1,50,43,42,-1,50,42,49,-1,49,42,41,-1,49,41,40,-1,4,6,37,-1,37,6,45,-1,37,45,38,-1,38,45,46,-1,38,46,39,-1,39,46,47,-1,39,47,40,-1,40,47,48,-1,40,48,49,-1,
        ]
    }
}
Shape{
    appearance Appearance {
        material  Material 	{
            diffuseColor 0.25098039215686274 0.25098039215686274 0.25098039215686274
            specularColor 0.12549019607843137 0.12549019607843137 0.12549019607843137
            ambientIntensity 0.251
            transparency 0.0
            shininess 0.5
        }
    }
    geometry IndexedFaceSet {
        ccw TRUE
        solid FALSE
        coord DEF co Coordinate {
            point [
                0.9626 0.9449 1.3976, 0.7264 1.1811 1.3976, 0.6362 1.1811 1.3976, 0.6362 0.689 1.3976, 0.6362 0.7955 1.3976, 0.3742 0.7955 1.3976, -0.6318 1.0561 1.3976, -0.6181 1.0468 1.3976, -0.5819 1.1811 1.3976, -0.6064 1.0337 1.3976, -0.7206 1.0415 1.3976, -0.7133 1.0488 1.3976, -0.7206 1.1811 1.3976, -0.6988 1.0573 1.3976, -0.6092 0.9292 1.3976, -0.6211 0.9171 1.3976, -0.5819 0.9031 1.3976, -0.6342 0.909 1.3976, -0.6494 0.904 1.3976, -0.6586 0.9031 1.3976, -0.6828 1.062 1.3976, -0.6657 1.0634 1.3976, -0.6467 1.0613 1.3976, -0.5927 0.9846 1.3976, -0.5948 0.9619 1.3976, -0.6005 0.9438 1.3976, -0.5982 1.018 1.3976, -0.5938 1.0004 1.3976, -0.7255 1.0366 1.3976, -0.9587 1.1811 1.3976, -0.7345 1.0219 1.3976, -0.7206 0.923 1.3976, -0.7266 0.9292 1.3976, -0.9587 0.9031 1.3976, -0.7353 0.9439 1.3976, -0.7406 0.9609 1.3976, -0.7425 0.9809 1.3976, -0.7403 1.0037 1.3976, -0.6876 0.9042 1.3976, -0.7024 0.9092 1.3976, -0.7206 0.9031 1.3976, -0.7152 0.9174 1.3976, -0.6773 0.9031 1.3976, -0.7206 0.7955 1.3976, -0.6683 0.9021 1.3976, 0.9626 0.7955 1.3976, 0.7028 0.689 1.3976, 0.9626 -0.7624 1.3976, -0.2972 0.689 1.3976, -0.3652 0.7955 1.3976, 0.3012 -0.689 1.3976, 0.3742 -0.7624 1.3976, 0.3742 -0.689 1.3976, 0.6362 -0.7624 1.3976, 0.6362 -0.689 1.3976, 0.7028 -0.689 1.3976, -0.3652 0.689 1.3976, -0.5665 0.7955 1.3976, -0.5665 0.689 1.3976, -0.5819 0.7955 1.3976, -0.5819 0.689 1.3976, -0.5819 -0.689 1.3976, -0.6988 -0.689 1.3976, -0.7206 -0.7624 1.3976, -0.6988 0.689 1.3976, -0.9587 -0.9449 1.3976, -0.7206 -1.1081 1.3976, -0.7954 -1.1081 1.3976, -0.7224 -1.1811 1.3976, 0.6362 0.9031 1.3976, 0.9626 0.9031 1.3976, -0.5255 -1.0351 1.3976, -0.5665 -1.1081 1.3976, -0.5015 -1.0351 1.3976, -0.3652 -1.1081 1.3976, -0.5015 -0.8359 1.3976, -0.3652 -0.7624 1.3976, -0.5108 -0.8359 1.3976, -0.5665 -0.7624 1.3976, -0.5395 -0.8543 1.3976, -0.5255 -0.8679 1.3976, -0.5437 -0.8801 1.3976, -0.5665 -0.8897 1.3976, -0.5819 -1.1081 1.3976, -0.5674 -0.8901 1.3976, -0.5711 -0.8911 1.3976, -0.5819 -0.7624 1.3976, -0.5711 -0.8671 1.3976, -0.5665 -0.8652 1.3976, 0.3742 1.1811 1.3976, 0.3742 0.9031 1.3976, -0.3652 1.1811 1.3976, -0.3652 0.9031 1.3976, -0.5408 1.0365 1.3976, -0.5414 1.0365 1.3976, -0.5384 1.0313 1.3976, -0.5409 1.0255 1.3976, -0.5355 1.0263 1.3976, -0.4333 0.904 1.3976, -0.4583 0.904 1.3976, -0.5408 0.904 1.3976, -0.5665 0.9031 1.3976, -0.5619 0.904 1.3976, -0.5619 1.0615 1.3976, -0.5408 1.0145 1.3976, -0.4538 0.9309 1.3976, -0.4534 0.9309 1.3976, -0.4568 0.9364 1.3976, -0.4542 0.9423 1.3976, -0.4333 1.0615 1.3976, -0.4544 1.0615 1.3976, -0.5665 1.1811 1.3976, -0.4544 0.9538 1.3976, -0.535 1.0615 1.3976, -0.4601 0.9418 1.3976, -0.9587 0.7955 1.3976, -0.9587 -0.7624 1.3976, 0.9626 -1.1081 1.3976, 0.6362 -1.1081 1.3976, 0.4472 -1.0254 1.3976, 0.4489 -1.0068 1.3976, 0.3742 -1.1081 1.3976, 0.4544 -0.8814 1.3976, 0.4544 -0.8573 1.3976, 0.4678 -0.8461 1.3976, 0.4538 -0.9923 1.3976, 0.4617 -0.9798 1.3976, 0.4779 -0.9638 1.3976, 0.522 -0.8374 1.3976, 0.5353 -0.8417 1.3976, 0.5472 -0.8491 1.3976, 0.5552 -0.8573 1.3976, 0.5629 -0.9067 1.3976, 0.5574 -0.9217 1.3976, 0.5696 -1.0135 1.3976, 0.5495 -0.9336 1.3976, 0.5307 -0.9515 1.3976, 0.4985 -0.9482 1.3976, 0.5006 -0.9467 1.3976, 0.4611 -0.875 1.3976, 0.4811 -0.8395 1.3976, 0.4967 -0.8363 1.3976, 0.5053 -0.8359 1.3976, 0.5605 -0.8664 1.3976, 0.5638 -0.8769 1.3976, 0.5648 -0.8886 1.3976, 0.5696 -1.0351 1.3976, 0.4472 -1.0351 1.3976, 0.5208 -0.9587 1.3976, 0.4901 -0.9812 1.3976, 0.4806 -0.9905 1.3976, 0.5357 -0.9127 1.3976, 0.5396 -0.9019 1.3976, 0.4747 -0.8654 1.3976, 0.4763 -0.9972 1.3976, 0.4739 -1.0043 1.3976, 0.473 -1.0135 1.3976, 0.5282 -0.9235 1.3976, 0.5408 -0.8905 1.3976, 0.5399 -0.882 1.3976, 0.5377 -0.8755 1.3976, 0.5235 -0.8617 1.3976, 0.5143 -0.8586 1.3976, 0.5029 -0.8575 1.3976, 0.4882 -0.8597 1.3976, 0.5342 -0.87 1.3976, 0.5296 -0.8655 1.3976, -0.2972 -0.689 1.3976, 0.3012 0.689 1.3976, 0.3742 0.689 1.3976, -0.3652 -0.689 1.3976, -0.5665 -0.689 1.3976, -0.7206 -1.1811 1.3976, -0.5819 -1.1811 1.3976, -0.5665 -1.1811 1.3976, -0.3652 -1.1811 1.3976, 0.3742 -1.1811 1.3976, 0.6362 -1.1811 1.3976, 0.9626 -1.1811 1.3976, 0.3012 -0.348 1.2008, 0.3051 -0.2693 1.2008, 0.3051 0.1244 1.2008, 0.6988 -0.2693 1.2008, 0.7028 -0.348 1.2008, 0.6988 0.1244 1.2008, 0.7028 0.348 1.2008, 0.3012 0.348 1.2008, 0.9626 -1.1811 1.2795, -0.7224 -1.1811 1.2795, 0.9626 0.9449 1.2795, 0.7264 1.1811 1.2795, -0.9587 1.1811 1.2795, -0.9587 -0.9449 1.2795, -0.2972 -0.4844 1.2795, -0.2972 -0.689 1.2795, -0.2972 0.689 1.2795, -0.2972 0.4844 1.2795, -0.2972 0.348 1.2008, -0.2972 -0.348 1.2008, -0.6988 -0.689 1.2795, -0.6988 -0.4844 1.2795, -0.6988 0.689 1.2795, -0.6988 0.4844 1.2795, -0.6988 0.348 1.2008, -0.6988 -0.348 1.2008, 0.7028 -0.4844 1.2795, 0.7028 -0.689 1.2795, 0.7028 0.689 1.2795, 0.7028 0.4844 1.2795, 0.3012 -0.689 1.2795, 0.3012 -0.4844 1.2795, 0.3012 0.689 1.2795, 0.3012 0.4844 1.2795
            ]
        }
        coordIndex [
            0,1,2,-1,3,4,5,-1,6,7,8,-1,8,7,9,-1,10,11,12,-1,12,11,13,-1,14,15,16,-1,15,17,16,-1,16,17,18,-1,16,18,19,-1,13,20,12,-1,12,20,21,-1,12,21,8,-1,8,21,22,-1,8,22,6,-1,23,24,16,-1,16,24,25,-1,16,25,14,-1,9,26,8,-1,8,26,27,-1,8,27,23,-1,10,12,28,-1,28,12,29,-1,28,29,30,-1,31,32,33,-1,33,32,34,-1,34,35,33,-1,33,35,36,-1,33,36,29,-1,29,36,37,-1,29,37,30,-1,38,39,40,-1,40,39,41,-1,38,40,42,-1,42,40,43,-1,42,43,44,-1,4,3,45,-1,45,3,46,-1,45,46,47,-1,48,5,49,-1,50,51,52,-1,52,51,53,-1,52,53,54,-1,54,53,55,-1,48,49,56,-1,56,49,57,-1,56,57,58,-1,58,57,59,-1,58,59,60,-1,61,62,63,-1,63,62,64,-1,60,59,64,-1,64,59,43,-1,64,43,63,-1,63,65,66,-1,66,65,67,-1,66,67,68,-1,69,70,0,-1,71,72,73,-1,73,72,74,-1,73,74,75,-1,75,74,76,-1,75,76,77,-1,77,76,78,-1,77,78,79,-1,71,80,81,-1,71,81,72,-1,72,81,82,-1,72,82,83,-1,82,84,83,-1,83,84,85,-1,83,85,86,-1,86,85,87,-1,86,87,78,-1,78,87,88,-1,78,88,79,-1,0,2,69,-1,69,2,89,-1,69,89,90,-1,90,89,91,-1,90,91,92,-1,93,94,95,-1,95,94,96,-1,95,96,97,-1,98,99,92,-1,92,99,100,-1,92,100,101,-1,101,100,102,-1,101,102,103,-1,97,96,99,-1,99,96,104,-1,99,104,100,-1,105,106,107,-1,107,106,108,-1,98,92,109,-1,109,92,91,-1,109,91,110,-1,110,91,111,-1,110,111,112,-1,112,111,113,-1,112,113,108,-1,108,113,114,-1,108,114,107,-1,23,16,8,-1,8,16,101,-1,8,101,111,-1,111,101,103,-1,111,103,113,-1,44,43,19,-1,19,43,59,-1,19,59,16,-1,16,59,57,-1,16,57,101,-1,101,57,49,-1,101,49,92,-1,92,49,5,-1,92,5,90,-1,90,5,4,-1,90,4,69,-1,69,4,45,-1,69,45,70,-1,41,31,40,-1,40,31,33,-1,40,33,43,-1,43,33,115,-1,43,115,63,-1,63,115,116,-1,63,116,65,-1,46,55,47,-1,47,55,53,-1,47,53,117,-1,117,53,118,-1,119,120,121,-1,121,120,122,-1,121,122,51,-1,51,122,123,-1,51,123,124,-1,120,125,122,-1,122,125,126,-1,122,126,127,-1,128,129,53,-1,53,129,130,-1,53,130,131,-1,132,133,134,-1,134,133,135,-1,134,135,136,-1,127,137,122,-1,122,137,138,-1,122,138,139,-1,124,140,51,-1,51,140,141,-1,51,141,53,-1,53,141,142,-1,53,142,128,-1,131,143,53,-1,53,143,144,-1,53,144,145,-1,145,132,53,-1,53,132,134,-1,53,134,118,-1,118,134,146,-1,118,146,121,-1,121,146,147,-1,121,147,119,-1,136,148,134,-1,134,148,149,-1,134,149,150,-1,151,152,153,-1,150,154,134,-1,134,154,155,-1,134,155,156,-1,139,138,153,-1,153,138,157,-1,153,157,151,-1,152,158,153,-1,153,158,159,-1,153,159,160,-1,161,162,153,-1,153,162,163,-1,153,163,164,-1,160,165,153,-1,153,165,166,-1,153,166,161,-1,74,121,76,-1,76,121,51,-1,76,51,167,-1,167,51,50,-1,167,50,48,-1,48,50,168,-1,48,168,5,-1,5,168,169,-1,5,169,3,-1,167,170,76,-1,76,170,171,-1,76,171,78,-1,78,171,61,-1,78,61,86,-1,86,61,63,-1,86,63,83,-1,83,63,66,-1,68,172,66,-1,66,172,173,-1,66,173,83,-1,83,173,174,-1,83,174,72,-1,72,174,175,-1,72,175,74,-1,74,175,176,-1,74,176,121,-1,121,176,177,-1,121,177,118,-1,118,177,178,-1,118,178,117,-1,179,180,181,-1,180,179,182,-1,182,179,183,-1,182,183,184,-1,184,183,185,-1,184,185,181,-1,181,185,186,-1,181,186,179,-1,178,177,187,-1,187,177,176,-1,187,176,188,-1,188,176,175,-1,188,175,174,-1,174,173,188,-1,188,173,172,-1,188,172,68,-1,189,0,70,-1,70,45,189,-1,189,45,47,-1,189,47,187,-1,187,47,117,-1,187,117,178,-1,2,1,190,-1,29,12,191,-1,191,12,8,-1,8,111,191,-1,191,111,91,-1,191,91,190,-1,190,91,89,-1,190,89,2,-1,65,116,192,-1,192,116,115,-1,192,115,191,-1,191,115,33,-1,191,33,29,-1,193,194,167,-1,48,195,196,-1,197,198,196,-1,196,198,193,-1,196,193,48,-1,48,193,167,-1,167,194,62,-1,62,194,199,-1,64,62,200,-1,200,62,199,-1,201,64,202,-1,202,64,200,-1,202,200,203,-1,203,200,204,-1,64,201,48,-1,48,201,195,-1,205,206,55,-1,46,207,208,-1,185,183,208,-1,208,183,205,-1,208,205,46,-1,46,205,55,-1,55,206,50,-1,50,206,209,-1,168,50,210,-1,210,50,209,-1,211,168,212,-1,212,168,210,-1,212,210,186,-1,186,210,179,-1,168,211,46,-1,46,211,207,-1,
        ]
    }
}
Shape{
    appearance Appearance {
        material  Material 	{
            diffuseColor 1.0 1.0 0.5019607843137255
            specularColor 0.5019607843137255 0.5019607843137255 0.25098039215686274
            ambientIntensity 0.9432
            transparency 0.0
            shininess 0.5
        }
    }
    geometry IndexedFaceSet {
        ccw TRUE
        solid FALSE
        coord DEF co Coordinate {
            point [
                -0.8012 -1.4255 0.5118, -0.8012 -1.4319 0.5118, -0.7952 -1.4255 0.5118, -0.7186 -1.3439 0.7087, -0.8012 -1.2791 0.7087, -0.7186 -1.3439 0.6102, -0.8012 -1.2791 0.6102, -0.7753 -1.4043 0.6056, -0.7782 -1.4074 0.6023, -0.8012 -1.4319 0.7016, -0.7804 -1.4097 0.5983, -0.7816 -1.411 0.594, -0.7811 -1.4105 0.5962, -0.7634 -1.3916 0.7087, -0.7634 -1.3916 0.6102, -0.7887 -1.4186 0.7039, -0.7677 -1.3962 0.6097, -0.7717 -1.4005 0.6081, -0.1949 -1.4319 0.5118, -0.1949 -1.4255 0.5118, -0.2009 -1.4255 0.5118, -0.1949 -1.2791 0.7087, -0.2775 -1.3439 0.7087, -0.1949 -1.2791 0.6102, -0.2775 -1.3439 0.6102, -0.2157 -1.4097 0.5983, -0.2178 -1.4074 0.6023, -0.1949 -1.4319 0.7016, -0.2149 -1.4105 0.5962, -0.2144 -1.411 0.594, -0.2326 -1.3916 0.6102, -0.2326 -1.3916 0.7087, -0.2284 -1.3962 0.6097, -0.2073 -1.4186 0.7039, -0.2243 -1.4005 0.6081, -0.2208 -1.4043 0.6056, -0.3799 -1.5031 0.0772, -0.3917 -1.5043 0.0651, -0.1949 -1.4696 0.2616, -0.3799 -1.563 0.0984, -0.1949 -1.5637 0.295, -0.3917 -1.5983 0.0984, -0.8012 -1.4696 0.2616, -0.6043 -1.5043 0.0651, -0.6161 -1.5031 0.0772, -0.8012 -1.5637 0.295, -0.6161 -1.563 0.0984, -0.6043 -1.5983 0.0984, -0.1949 -1.5079 0.6111, -0.1949 -1.4446 0.6961, -0.1949 -1.4675 0.681, -0.1949 -1.4864 0.6611, -0.1949 -1.5001 0.6373, -0.8012 -1.5079 0.6111, -0.8012 -1.5001 0.6373, -0.8012 -1.4864 0.6611, -0.8012 -1.4675 0.681, -0.8012 -1.4446 0.6961, -0.3799 -1.5059 0.0577, -0.6161 -1.5059 0.0577, -0.3799 -1.5139 0.0389, -0.6161 -1.5139 0.0389, -0.3799 -1.5264 0.0228, -0.6161 -1.5264 0.0228, -0.3799 -1.5427 0.0104, -0.6161 -1.5427 0.0104, -0.3799 -1.5616 0.0026, -0.6161 -1.5616 0.0026, -0.3799 -1.5818 0.0, -0.6161 -1.5818 0.0, -0.3799 -1.8307 0.0, -0.6161 -1.8307 0.0, -0.3799 -1.8307 0.0984, -0.6161 -1.8307 0.0984, -0.1949 -1.2205 0.7087, -0.8012 -1.2205 0.7087, -0.8012 -1.2205 0.6102, -0.1949 -1.2205 0.6102, -0.8012 1.4319 0.5118, -0.8012 1.4255 0.5118, -0.7952 1.4255 0.5118, -0.7804 1.4097 0.5983, -0.7782 1.4074 0.6023, -0.8012 1.4319 0.7016, -0.7811 1.4105 0.5962, -0.7816 1.411 0.594, -0.7186 1.3439 0.6102, -0.7186 1.3439 0.7087, -0.7634 1.3916 0.6102, -0.7634 1.3916 0.7087, -0.7677 1.3962 0.6097, -0.7887 1.4186 0.7039, -0.7717 1.4005 0.6081, -0.7753 1.4043 0.6056, -0.8012 1.2791 0.7087, -0.8012 1.2791 0.6102, -0.1949 1.4255 0.5118, -0.1949 1.4319 0.5118, -0.2009 1.4255 0.5118, -0.2208 1.4043 0.6056, -0.2178 1.4074 0.6023, -0.1949 1.4319 0.7016, -0.2157 1.4097 0.5983, -0.2144 1.411 0.594, -0.2149 1.4105 0.5962, -0.2775 1.3439 0.7087, -0.2775 1.3439 0.6102, -0.2326 1.3916 0.7087, -0.2326 1.3916 0.6102, -0.2073 1.4186 0.7039, -0.2284 1.3962 0.6097, -0.2243 1.4005 0.6081, -0.1949 1.2791 0.7087, -0.1949 1.2791 0.6102, -0.1949 1.4696 0.2616, -0.3917 1.5043 0.0651, -0.3799 1.5031 0.0772, -0.1949 1.5637 0.295, -0.3799 1.563 0.0984, -0.3917 1.5983 0.0984, -0.6161 1.5031 0.0772, -0.6043 1.5043 0.0651, -0.8012 1.4696 0.2616, -0.6161 1.563 0.0984, -0.8012 1.5637 0.295, -0.6043 1.5983 0.0984, -0.3799 1.8307 0.0984, -0.3799 1.8307 0.0, -0.6161 1.8307 0.0984, -0.6161 1.8307 0.0, -0.3799 1.5818 0.0, -0.6161 1.5818 0.0, -0.6161 1.5059 0.0577, -0.3799 1.5059 0.0577, -0.6161 1.5139 0.0389, -0.3799 1.5139 0.0389, -0.6161 1.5264 0.0228, -0.3799 1.5264 0.0228, -0.6161 1.5427 0.0104, -0.3799 1.5427 0.0104, -0.6161 1.5616 0.0026, -0.3799 1.5616 0.0026, -0.8012 1.5079 0.6111, -0.1949 1.5079 0.6111, 0.1988 1.4319 0.5118, 0.1988 1.4255 0.5118, 0.2048 1.4255 0.5118, 0.2196 1.4097 0.5983, 0.2218 1.4074 0.6023, 0.1988 1.4319 0.7016, 0.2189 1.4105 0.5962, 0.2184 1.411 0.594, 0.2814 1.3439 0.6102, 0.2814 1.3439 0.7087, 0.2366 1.3916 0.6102, 0.2366 1.3916 0.7087, 0.2323 1.3962 0.6097, 0.2113 1.4186 0.7039, 0.2283 1.4005 0.6081, 0.2247 1.4043 0.6056, 0.1988 1.2791 0.7087, 0.1988 1.2791 0.6102, 0.8051 1.4255 0.5118, 0.8051 1.4319 0.5118, 0.7991 1.4255 0.5118, 0.7792 1.4043 0.6056, 0.7822 1.4074 0.6023, 0.8051 1.4319 0.7016, 0.7843 1.4097 0.5983, 0.7856 1.411 0.594, 0.7851 1.4105 0.5962, 0.7225 1.3439 0.7087, 0.7225 1.3439 0.6102, 0.7674 1.3916 0.7087, 0.7674 1.3916 0.6102, 0.7927 1.4186 0.7039, 0.7716 1.3962 0.6097, 0.7757 1.4005 0.6081, 0.8051 1.2791 0.7087, 0.8051 1.2791 0.6102, 0.8051 1.4696 0.2616, 0.6083 1.5043 0.0651, 0.6201 1.5031 0.0772, 0.8051 1.5637 0.295, 0.6201 1.563 0.0984, 0.6083 1.5983 0.0984, 0.3839 1.5031 0.0772, 0.3957 1.5043 0.0651, 0.1988 1.4696 0.2616, 0.3839 1.563 0.0984, 0.1988 1.5637 0.295, 0.3957 1.5983 0.0984, 0.6201 1.8307 0.0984, 0.6201 1.8307 0.0, 0.3839 1.8307 0.0984, 0.3839 1.8307 0.0, 0.6201 1.5818 0.0, 0.3839 1.5818 0.0, 0.3839 1.5059 0.0577, 0.6201 1.5059 0.0577, 0.3839 1.5139 0.0389, 0.6201 1.5139 0.0389, 0.3839 1.5264 0.0228, 0.6201 1.5264 0.0228, 0.3839 1.5427 0.0104, 0.6201 1.5427 0.0104, 0.3839 1.5616 0.0026, 0.6201 1.5616 0.0026, 0.1988 1.5079 0.6111, 0.8051 1.5079 0.6111, 0.1988 -1.4255 0.5118, 0.1988 -1.4319 0.5118, 0.2048 -1.4255 0.5118, 0.2814 -1.3439 0.7087, 0.1988 -1.2791 0.7087, 0.2814 -1.3439 0.6102, 0.1988 -1.2791 0.6102, 0.2247 -1.4043 0.6056, 0.2218 -1.4074 0.6023, 0.1988 -1.4319 0.7016, 0.2196 -1.4097 0.5983, 0.2184 -1.411 0.594, 0.2189 -1.4105 0.5962, 0.2366 -1.3916 0.7087, 0.2366 -1.3916 0.6102, 0.2113 -1.4186 0.7039, 0.2323 -1.3962 0.6097, 0.2283 -1.4005 0.6081, 0.8051 -1.4319 0.5118, 0.8051 -1.4255 0.5118, 0.7991 -1.4255 0.5118, 0.8051 -1.2791 0.7087, 0.7225 -1.3439 0.7087, 0.8051 -1.2791 0.6102, 0.7225 -1.3439 0.6102, 0.7843 -1.4097 0.5983, 0.7822 -1.4074 0.6023, 0.8051 -1.4319 0.7016, 0.7851 -1.4105 0.5962, 0.7856 -1.411 0.594, 0.7674 -1.3916 0.6102, 0.7674 -1.3916 0.7087, 0.7716 -1.3962 0.6097, 0.7927 -1.4186 0.7039, 0.7757 -1.4005 0.6081, 0.7792 -1.4043 0.6056, 0.6201 -1.5022 0.0769, 0.8051 -1.4696 0.2616, 0.6201 -1.5963 0.1102, 0.8051 -1.5637 0.295, 0.1988 -1.4696 0.2616, 0.3839 -1.5022 0.0769, 0.1988 -1.5637 0.295, 0.3839 -1.5963 0.1102, 0.8051 -1.5079 0.6111, 0.8051 -1.4446 0.6961, 0.8051 -1.4675 0.681, 0.8051 -1.4864 0.6611, 0.8051 -1.5001 0.6373, 0.1988 -1.5079 0.6111, 0.1988 -1.5001 0.6373, 0.1988 -1.4864 0.6611, 0.1988 -1.4675 0.681, 0.1988 -1.4446 0.6961, 0.3839 -1.5983 0.0984, 0.6201 -1.5983 0.0984, 0.6201 -1.5043 0.0651, 0.3839 -1.5043 0.0651, 0.6201 -1.5818 0.0, 0.3839 -1.5818 0.0, 0.3839 -1.5637 0.0021, 0.6201 -1.5637 0.0021, 0.3839 -1.5465 0.0084, 0.6201 -1.5465 0.0084, 0.3839 -1.5312 0.0184, 0.6201 -1.5312 0.0184, 0.3839 -1.5187 0.0317, 0.6201 -1.5187 0.0317, 0.3839 -1.5095 0.0476, 0.6201 -1.5095 0.0476, 0.6201 -1.8307 0.0, 0.3839 -1.8307 0.0, 0.6201 -1.8307 0.0984, 0.3839 -1.8307 0.0984, 0.8051 -1.2205 0.7087, 0.1988 -1.2205 0.7087, 0.1988 -1.2205 0.6102, 0.8051 -1.2205 0.6102
            ]
        }
        coordIndex [
            0,1,2,-1,3,4,5,-1,5,4,6,-1,7,8,9,-1,9,8,10,-1,2,1,11,-1,11,1,9,-1,11,9,12,-1,12,9,10,-1,3,5,13,-1,13,5,14,-1,13,14,15,-1,15,14,16,-1,15,16,9,-1,9,16,17,-1,9,17,7,-1,18,19,20,-1,21,22,23,-1,23,22,24,-1,25,26,27,-1,25,27,28,-1,18,20,27,-1,27,20,29,-1,27,29,28,-1,24,22,30,-1,30,22,31,-1,30,31,32,-1,32,31,33,-1,32,33,34,-1,34,33,27,-1,34,27,35,-1,35,27,26,-1,36,37,38,-1,36,38,39,-1,39,38,40,-1,39,40,41,-1,42,43,44,-1,42,44,45,-1,45,44,46,-1,45,46,47,-1,38,19,40,-1,40,19,18,-1,40,18,48,-1,27,49,18,-1,18,49,50,-1,50,51,18,-1,18,51,52,-1,18,52,48,-1,0,42,1,-1,1,42,45,-1,45,53,1,-1,1,53,54,-1,1,54,55,-1,55,56,1,-1,1,56,57,-1,1,57,9,-1,47,41,45,-1,45,41,40,-1,45,40,53,-1,53,40,48,-1,9,49,27,-1,9,27,15,-1,27,33,15,-1,15,33,31,-1,15,31,13,-1,9,57,49,-1,49,57,56,-1,49,56,50,-1,50,56,55,-1,50,55,51,-1,51,55,54,-1,51,54,52,-1,52,54,53,-1,52,53,48,-1,25,8,26,-1,26,8,7,-1,26,7,35,-1,35,7,17,-1,35,17,34,-1,34,17,16,-1,34,16,32,-1,32,16,14,-1,32,14,30,-1,29,11,28,-1,28,11,12,-1,28,12,25,-1,25,12,10,-1,25,10,8,-1,42,0,43,-1,43,0,2,-1,20,19,43,-1,43,19,38,-1,43,38,37,-1,20,43,29,-1,29,43,2,-1,29,2,11,-1,37,36,58,-1,37,58,43,-1,59,44,43,-1,43,58,59,-1,59,58,60,-1,59,60,61,-1,61,60,62,-1,61,62,63,-1,63,62,64,-1,63,64,65,-1,65,64,66,-1,65,66,67,-1,67,66,68,-1,67,68,69,-1,68,70,69,-1,69,70,71,-1,70,72,71,-1,71,72,73,-1,72,39,41,-1,72,41,73,-1,73,41,47,-1,73,47,46,-1,21,74,22,-1,22,74,75,-1,13,31,3,-1,3,31,22,-1,3,22,4,-1,4,22,75,-1,6,76,24,-1,24,76,77,-1,24,77,23,-1,30,14,24,-1,24,14,5,-1,24,5,6,-1,78,79,80,-1,81,82,83,-1,81,83,84,-1,78,80,83,-1,83,80,85,-1,83,85,84,-1,86,87,88,-1,88,87,89,-1,88,89,90,-1,90,89,91,-1,90,91,92,-1,92,91,83,-1,92,83,93,-1,93,83,82,-1,94,87,95,-1,95,87,86,-1,96,97,98,-1,99,100,101,-1,101,100,102,-1,98,97,103,-1,103,97,101,-1,103,101,104,-1,104,101,102,-1,105,106,107,-1,107,106,108,-1,107,108,109,-1,109,108,110,-1,109,110,101,-1,101,110,111,-1,101,111,99,-1,105,112,106,-1,106,112,113,-1,114,115,116,-1,114,116,117,-1,117,116,118,-1,117,118,119,-1,120,121,122,-1,120,122,123,-1,123,122,124,-1,123,124,125,-1,126,127,128,-1,128,127,129,-1,127,130,129,-1,129,130,131,-1,121,120,132,-1,133,116,115,-1,121,132,115,-1,115,132,133,-1,133,132,134,-1,133,134,135,-1,135,134,136,-1,135,136,137,-1,137,136,138,-1,137,138,139,-1,139,138,140,-1,139,140,141,-1,141,140,131,-1,141,131,130,-1,142,143,117,-1,119,125,117,-1,117,125,124,-1,117,124,142,-1,119,118,126,-1,119,126,125,-1,125,126,128,-1,125,128,123,-1,128,129,123,-1,123,129,131,-1,136,134,123,-1,123,134,132,-1,123,132,120,-1,131,140,123,-1,123,140,138,-1,123,138,136,-1,118,116,133,-1,133,135,118,-1,118,135,137,-1,118,137,139,-1,127,126,130,-1,130,126,118,-1,130,118,141,-1,141,118,139,-1,144,145,146,-1,147,148,149,-1,147,149,150,-1,144,146,149,-1,149,146,151,-1,149,151,150,-1,152,153,154,-1,154,153,155,-1,154,155,156,-1,156,155,157,-1,156,157,158,-1,158,157,149,-1,158,149,159,-1,159,149,148,-1,160,153,161,-1,161,153,152,-1,162,163,164,-1,165,166,167,-1,167,166,168,-1,164,163,169,-1,169,163,167,-1,169,167,170,-1,170,167,168,-1,171,172,173,-1,173,172,174,-1,173,174,175,-1,175,174,176,-1,175,176,167,-1,167,176,177,-1,167,177,165,-1,171,178,172,-1,172,178,179,-1,180,181,182,-1,180,182,183,-1,183,182,184,-1,183,184,185,-1,186,187,188,-1,186,188,189,-1,189,188,190,-1,189,190,191,-1,192,193,194,-1,194,193,195,-1,193,196,195,-1,195,196,197,-1,187,186,198,-1,199,182,181,-1,187,198,181,-1,181,198,199,-1,199,198,200,-1,199,200,201,-1,201,200,202,-1,201,202,203,-1,203,202,204,-1,203,204,205,-1,205,204,206,-1,205,206,207,-1,207,206,197,-1,207,197,196,-1,208,209,183,-1,185,191,183,-1,183,191,190,-1,183,190,208,-1,185,184,192,-1,185,192,191,-1,191,192,194,-1,191,194,189,-1,194,195,189,-1,189,195,197,-1,202,200,189,-1,189,200,198,-1,189,198,186,-1,197,206,189,-1,189,206,204,-1,189,204,202,-1,184,182,199,-1,199,201,184,-1,184,201,203,-1,184,203,205,-1,193,192,196,-1,196,192,184,-1,196,184,207,-1,207,184,205,-1,210,211,212,-1,213,214,215,-1,215,214,216,-1,217,218,219,-1,219,218,220,-1,212,211,221,-1,221,211,219,-1,221,219,222,-1,222,219,220,-1,213,215,223,-1,223,215,224,-1,223,224,225,-1,225,224,226,-1,225,226,219,-1,219,226,227,-1,219,227,217,-1,228,229,230,-1,231,232,233,-1,233,232,234,-1,235,236,237,-1,235,237,238,-1,228,230,237,-1,237,230,239,-1,237,239,238,-1,234,232,240,-1,240,232,241,-1,240,241,242,-1,242,241,243,-1,242,243,244,-1,244,243,237,-1,244,237,245,-1,245,237,236,-1,246,247,248,-1,248,247,249,-1,250,251,252,-1,252,251,253,-1,247,229,249,-1,249,229,228,-1,249,228,254,-1,237,255,228,-1,228,255,256,-1,256,257,228,-1,228,257,258,-1,228,258,254,-1,210,250,211,-1,211,250,252,-1,252,259,211,-1,211,259,260,-1,211,260,261,-1,261,262,211,-1,211,262,263,-1,211,263,219,-1,253,264,265,-1,265,248,253,-1,253,248,249,-1,253,249,252,-1,252,249,254,-1,252,254,259,-1,219,255,237,-1,219,237,225,-1,237,243,225,-1,225,243,241,-1,225,241,223,-1,219,263,255,-1,255,263,262,-1,255,262,256,-1,256,262,261,-1,256,261,257,-1,257,261,260,-1,257,260,258,-1,258,260,259,-1,258,259,254,-1,235,218,236,-1,236,218,217,-1,236,217,245,-1,245,217,227,-1,245,227,244,-1,244,227,226,-1,244,226,242,-1,242,226,224,-1,242,224,240,-1,239,221,238,-1,238,221,222,-1,238,222,235,-1,235,222,220,-1,235,220,218,-1,246,266,267,-1,250,210,251,-1,251,210,212,-1,229,247,230,-1,230,247,246,-1,246,267,230,-1,230,267,251,-1,230,251,239,-1,239,251,212,-1,239,212,221,-1,268,269,270,-1,268,270,271,-1,271,270,272,-1,271,272,273,-1,273,272,274,-1,273,274,275,-1,275,274,276,-1,275,276,277,-1,277,276,278,-1,277,278,279,-1,279,278,267,-1,279,267,266,-1,268,280,269,-1,269,280,281,-1,280,282,281,-1,281,282,283,-1,282,265,283,-1,283,265,264,-1,231,284,232,-1,232,284,285,-1,223,241,213,-1,213,241,232,-1,213,232,214,-1,214,232,285,-1,216,286,215,-1,215,286,287,-1,240,224,234,-1,234,224,215,-1,234,215,233,-1,233,215,287,-1,
        ]
    }
}
Shape{
    appearance Appearance {
        material  Material 	{
            diffuseColor 0.25098039215686274 0.25098039215686274 0.25098039215686274
            specularColor 0.12549019607843137 0.12549019607843137 0.12549019607843137
            ambientIntensity 0.251
            transparency 0.0
            shininess 0.5
        }
    }
    geometry IndexedFaceSet {
        ccw TRUE
        solid FALSE
        coord DEF co Coordinate {
            point [
                0.9585 -1.177 0.1575, -0.9546 -1.177 0.1575, 0.9585 1.177 0.1575, -0.9546 1.177 0.1575, -0.998 1.2205 0.5709, -0.998 -1.2205 0.5709, 1.002 -1.2205 0.5709, 1.002 1.2205 0.5709, -0.998 -1.2205 1.2795, -0.998 1.2205 1.2795, 1.002 1.2205 1.2795, 1.002 -1.2205 1.2795
            ]
        }
        coordIndex [
            0,1,2,-1,2,1,3,-1,3,1,4,-1,4,1,5,-1,1,0,5,-1,5,0,6,-1,0,2,6,-1,6,2,7,-1,2,3,7,-1,7,3,4,-1,8,9,5,-1,5,9,4,-1,10,11,7,-1,7,11,6,-1,
        ]
    }
}
Shape{
    appearance Appearance {
        material  Material 	{
            diffuseColor 1.0 1.0 0.5019607843137255
            specularColor 0.5019607843137255 0.5019607843137255 0.25098039215686274
            ambientIntensity 0.9432
            transparency 0.0
            shininess 0.5
        }
    }
    geometry IndexedFaceSet {
        ccw TRUE
        solid FALSE
        coord DEF co Coordinate {
            point [
                0.3839 -1.8307 0.0, 0.3839 -1.8307 0.0984, 0.3839 -1.5818 0.0, 0.3839 -1.5983 0.0984, 0.3839 -1.5963 0.1102, 0.3839 -1.5022 0.0769, 0.3839 -1.5043 0.0651, 0.3839 -1.5312 0.0184, 0.3839 -1.5465 0.0084, 0.3839 -1.5637 0.0021, 0.3839 -1.5095 0.0476, 0.3839 -1.5187 0.0317, 0.6201 -1.8307 0.0984, 0.6201 -1.8307 0.0, 0.6201 -1.5983 0.0984, 0.6201 -1.5818 0.0, 0.6201 -1.5637 0.0021, 0.6201 -1.5022 0.0769, 0.6201 -1.5963 0.1102, 0.6201 -1.5043 0.0651, 0.6201 -1.5095 0.0476, 0.6201 -1.5187 0.0317, 0.6201 -1.5465 0.0084, 0.6201 -1.5312 0.0184, 0.8051 -1.2205 0.6102, 0.8051 -1.2205 0.7087, 0.8051 -1.2791 0.6102, 0.8051 -1.2791 0.7087, 0.1988 -1.2791 0.7087, 0.1988 -1.2205 0.7087, 0.1988 -1.2791 0.6102, 0.1988 -1.2205 0.6102, 0.8051 1.4319 0.5118, 0.8051 1.4255 0.5118, 0.8051 1.4696 0.2616, 0.8051 1.4446 0.6961, 0.8051 1.4319 0.7016, 0.8051 1.5637 0.295, 0.8051 1.5079 0.6111, 0.8051 1.5001 0.6373, 0.8051 1.4864 0.6611, 0.8051 1.4675 0.681, 0.8051 1.2791 0.7087, 0.8051 1.2205 0.7087, 0.8051 1.2791 0.6102, 0.8051 1.2205 0.6102, 0.1988 1.4696 0.2616, 0.1988 1.4255 0.5118, 0.1988 1.5637 0.295, 0.1988 1.4319 0.5118, 0.1988 1.5079 0.6111, 0.1988 1.4319 0.7016, 0.1988 1.4446 0.6961, 0.1988 1.4675 0.681, 0.1988 1.4864 0.6611, 0.1988 1.5001 0.6373, 0.1988 1.2205 0.6102, 0.1988 1.2205 0.7087, 0.1988 1.2791 0.6102, 0.1988 1.2791 0.7087, 0.7991 1.4255 0.5118, 0.2048 1.4255 0.5118, 0.3957 1.5043 0.0651, 0.6083 1.5043 0.0651, 0.7856 1.411 0.594, 0.2184 1.411 0.594, 0.7851 1.4105 0.5962, 0.2189 1.4105 0.5962, 0.7843 1.4097 0.5983, 0.2196 1.4097 0.5983, 0.7822 1.4074 0.6023, 0.2218 1.4074 0.6023, 0.7792 1.4043 0.6056, 0.2247 1.4043 0.6056, 0.7757 1.4005 0.6081, 0.2283 1.4005 0.6081, 0.7716 1.3962 0.6097, 0.2323 1.3962 0.6097, 0.7674 1.3916 0.6102, 0.2366 1.3916 0.6102, 0.2113 1.4186 0.7039, 0.7927 1.4186 0.7039, 0.2366 1.3916 0.7087, 0.7674 1.3916 0.7087, 0.2814 1.3439 0.6102, 0.7225 1.3439 0.6102, 0.2814 1.3439 0.7087, 0.7225 1.3439 0.7087
            ]
        }
        coordIndex [
            0,1,2,-1,2,1,3,-1,4,5,3,-1,3,5,6,-1,7,8,3,-1,3,8,9,-1,3,9,2,-1,6,10,3,-1,3,10,11,-1,3,11,7,-1,12,13,14,-1,14,13,15,-1,14,15,16,-1,17,18,19,-1,19,18,14,-1,19,14,20,-1,20,14,21,-1,16,22,14,-1,14,22,23,-1,14,23,21,-1,24,25,26,-1,26,25,27,-1,28,29,30,-1,30,29,31,-1,32,33,34,-1,35,36,32,-1,34,37,32,-1,32,37,38,-1,32,38,39,-1,39,40,32,-1,32,40,41,-1,32,41,35,-1,42,43,44,-1,44,43,45,-1,46,47,48,-1,48,47,49,-1,48,49,50,-1,51,52,49,-1,49,52,53,-1,53,54,49,-1,49,54,55,-1,49,55,50,-1,56,57,58,-1,58,57,59,-1,34,33,60,-1,47,46,61,-1,61,46,62,-1,63,34,62,-1,62,34,60,-1,62,60,61,-1,61,60,64,-1,61,64,65,-1,65,64,66,-1,65,66,67,-1,67,66,68,-1,67,68,69,-1,69,68,70,-1,69,70,71,-1,71,70,72,-1,71,72,73,-1,73,72,74,-1,73,74,75,-1,75,74,76,-1,75,76,77,-1,77,76,78,-1,77,78,79,-1,51,80,81,-1,81,80,82,-1,81,82,83,-1,81,36,51,-1,51,36,35,-1,51,35,52,-1,52,35,41,-1,52,41,53,-1,53,41,40,-1,53,40,54,-1,54,40,39,-1,54,39,55,-1,55,39,38,-1,55,38,50,-1,44,45,84,-1,84,45,56,-1,84,56,58,-1,79,78,84,-1,84,78,85,-1,84,85,44,-1,59,57,86,-1,86,57,43,-1,83,82,87,-1,87,82,86,-1,87,86,42,-1,42,86,43,-1,
        ]
    }
}
Shape{
    appearance Appearance {
        material  Material 	{
            diffuseColor 0.25098039215686274 0.25098039215686274 0.25098039215686274
            specularColor 0.12549019607843137 0.12549019607843137 0.12549019607843137
            ambientIntensity 0.251
            transparency 0.0
            shininess 0.5
        }
    }
    geometry IndexedFaceSet {
        ccw TRUE
        solid FALSE
        coord DEF co Coordinate {
            point [
                -0.1949 1.2205 0.6102, 1.002 1.2205 0.5709, -0.998 1.2205 0.5709, -0.1949 1.2205 0.7087, -0.8012 1.2205 0.7087, -0.998 1.2205 1.2795, -0.8012 1.2205 0.6102, 1.002 1.2205 1.2795, 0.1988 1.2205 0.7087, 0.1988 1.2205 0.6102, 0.8051 1.2205 0.6102, 0.8051 1.2205 0.7087
            ]
        }
        coordIndex [
            0,1,2,-1,3,4,5,-1,5,4,2,-1,2,4,6,-1,2,6,0,-1,5,7,3,-1,3,7,8,-1,3,8,0,-1,0,8,9,-1,0,9,1,-1,1,9,10,-1,1,10,7,-1,7,10,11,-1,7,11,8,-1,
        ]
    }
}
Shape{
    appearance Appearance {
        material  Material 	{
            diffuseColor 1.0 1.0 0.5019607843137255
            specularColor 0.5019607843137255 0.5019607843137255 0.25098039215686274
            ambientIntensity 0.9432
            transparency 0.0
            shininess 0.5
        }
    }
    geometry IndexedFaceSet {
        ccw TRUE
        solid FALSE
        coord DEF co Coordinate {
            point [
                -0.1949 1.4319 0.5118, -0.1949 1.4255 0.5118, -0.1949 1.4696 0.2616, -0.1949 1.4446 0.6961, -0.1949 1.4319 0.7016, -0.1949 1.5637 0.295, -0.1949 1.5079 0.6111, -0.1949 1.5001 0.6373, -0.1949 1.4864 0.6611, -0.1949 1.4675 0.681, -0.1949 1.2791 0.7087, -0.1949 1.2205 0.7087, -0.1949 1.2791 0.6102, -0.1949 1.2205 0.6102, -0.8012 1.4696 0.2616, -0.8012 1.4255 0.5118, -0.8012 1.5637 0.295, -0.8012 1.4319 0.5118, -0.8012 1.5079 0.6111, -0.8012 1.4319 0.7016, -0.8012 1.4446 0.6961, -0.8012 1.4675 0.681, -0.8012 1.4864 0.6611, -0.8012 1.5001 0.6373, -0.8012 1.2205 0.6102, -0.8012 1.2205 0.7087, -0.8012 1.2791 0.6102, -0.8012 1.2791 0.7087, -0.3917 1.5043 0.0651, -0.2009 1.4255 0.5118, -0.7952 1.4255 0.5118, -0.6043 1.5043 0.0651, -0.7816 1.411 0.594, -0.2144 1.411 0.594, -0.7811 1.4105 0.5962, -0.2149 1.4105 0.5962, -0.7804 1.4097 0.5983, -0.2157 1.4097 0.5983, -0.2178 1.4074 0.6023, -0.7782 1.4074 0.6023, -0.2208 1.4043 0.6056, -0.7753 1.4043 0.6056, -0.2243 1.4005 0.6081, -0.7717 1.4005 0.6081, -0.2284 1.3962 0.6097, -0.7677 1.3962 0.6097, -0.2326 1.3916 0.6102, -0.7634 1.3916 0.6102, -0.7887 1.4186 0.7039, -0.2073 1.4186 0.7039, -0.7634 1.3916 0.7087, -0.2326 1.3916 0.7087, -0.2775 1.3439 0.6102, -0.7186 1.3439 0.6102, -0.7186 1.3439 0.7087, -0.2775 1.3439 0.7087, -0.6161 -1.8307 0.0, -0.6161 -1.8307 0.0984, -0.6161 -1.5818 0.0, -0.6161 -1.563 0.0984, -0.6161 -1.5031 0.0772, -0.6161 -1.5059 0.0577, -0.6161 -1.5139 0.0389, -0.6161 -1.5264 0.0228, -0.6161 -1.5427 0.0104, -0.6161 -1.5616 0.0026, -0.3799 -1.5059 0.0577, -0.3799 -1.5031 0.0772, -0.3799 -1.563 0.0984, -0.3799 -1.5139 0.0389, -0.3799 -1.8307 0.0984, -0.3799 -1.8307 0.0, -0.3799 -1.5818 0.0, -0.3799 -1.5616 0.0026, -0.3799 -1.5427 0.0104, -0.3799 -1.5264 0.0228
            ]
        }
        coordIndex [
            0,1,2,-1,3,4,0,-1,2,5,0,-1,0,5,6,-1,0,6,7,-1,7,8,0,-1,0,8,9,-1,0,9,3,-1,10,11,12,-1,12,11,13,-1,14,15,16,-1,16,15,17,-1,16,17,18,-1,19,20,17,-1,17,20,21,-1,21,22,17,-1,17,22,23,-1,17,23,18,-1,24,25,26,-1,26,25,27,-1,2,1,28,-1,28,1,29,-1,30,15,28,-1,28,15,14,-1,28,14,31,-1,30,28,32,-1,32,28,29,-1,32,29,33,-1,32,33,34,-1,34,33,35,-1,34,35,36,-1,35,37,36,-1,36,37,38,-1,36,38,39,-1,39,38,40,-1,39,40,41,-1,41,40,42,-1,41,42,43,-1,43,42,44,-1,43,44,45,-1,45,44,46,-1,45,46,47,-1,19,48,49,-1,49,48,50,-1,49,50,51,-1,49,4,19,-1,19,4,3,-1,19,3,20,-1,20,3,9,-1,20,9,21,-1,21,9,8,-1,21,8,22,-1,22,8,7,-1,22,7,23,-1,23,7,6,-1,23,6,18,-1,12,13,52,-1,52,13,24,-1,47,46,53,-1,53,46,52,-1,53,52,26,-1,26,52,24,-1,27,25,54,-1,54,25,11,-1,51,50,55,-1,55,50,54,-1,55,54,10,-1,10,54,11,-1,56,57,58,-1,58,57,59,-1,60,61,59,-1,59,61,62,-1,59,62,63,-1,63,64,59,-1,59,64,65,-1,59,65,58,-1,66,67,68,-1,66,68,69,-1,70,71,68,-1,68,71,72,-1,68,72,73,-1,73,74,68,-1,68,74,75,-1,68,75,69,-1,
        ]
    }
}
Shape{
    appearance Appearance {
        material  Material 	{
            diffuseColor 0.25098039215686274 0.25098039215686274 0.25098039215686274
            specularColor 0.12549019607843137 0.12549019607843137 0.12549019607843137
            ambientIntensity 0.251
            transparency 0.0
            shininess 0.5
        }
    }
    geometry IndexedFaceSet {
        ccw TRUE
        solid FALSE
        coord DEF co Coordinate {
            point [
                -0.1949 -1.2205 0.6102, -0.8012 -1.2205 0.6102, -0.998 -1.2205 0.5709, 0.1988 -1.2205 0.7087, 0.8051 -1.2205 0.7087, 1.002 -1.2205 1.2795, 1.002 -1.2205 0.5709, 0.8051 -1.2205 0.6102, 0.1988 -1.2205 0.6102, -0.998 -1.2205 1.2795, -0.8012 -1.2205 0.7087, -0.1949 -1.2205 0.7087
            ]
        }
        coordIndex [
            0,1,2,-1,3,4,5,-1,5,4,6,-1,6,4,7,-1,6,7,8,-1,2,1,9,-1,9,1,10,-1,9,10,11,-1,2,6,0,-1,0,6,8,-1,0,8,11,-1,11,8,3,-1,11,3,9,-1,9,3,5,-1,
        ]
    }
}
Shape{
    appearance Appearance {
        material  Material 	{
            diffuseColor 1.0 1.0 0.5019607843137255
            specularColor 0.5019607843137255 0.5019607843137255 0.25098039215686274
            ambientIntensity 0.9432
            transparency 0.0
            shininess 0.5
        }
    }
    geometry IndexedFaceSet {
        ccw TRUE
        solid FALSE
        coord DEF co Coordinate {
            point [
                -0.1949 -1.2205 0.6102, -0.1949 -1.2205 0.7087, -0.1949 -1.2791 0.6102, -0.1949 -1.2791 0.7087, -0.8012 -1.2791 0.7087, -0.8012 -1.2205 0.7087, -0.8012 -1.2791 0.6102, -0.8012 -1.2205 0.6102
            ]
        }
        coordIndex [
            0,1,2,-1,2,1,3,-1,4,5,6,-1,6,5,7,-1,
        ]
    }
}
Shape{
    appearance Appearance {
        material  Material 	{
            diffuseColor 0.25098039215686274 0.25098039215686274 0.25098039215686274
            specularColor 0.12549019607843137 0.12549019607843137 0.12549019607843137
            ambientIntensity 0.251
            transparency 0.0
            shininess 0.5
        }
    }
    geometry IndexedFaceSet {
        ccw TRUE
        solid FALSE
        coord DEF co Coordinate {
            point [
                -0.998 1.2205 1.2795, 0.7264 1.1811 1.2795, 1.002 1.2205 1.2795, 0.9626 0.9449 1.2795, 1.002 -1.2205 1.2795, 0.9626 -1.1811 1.2795, -0.7224 -1.1811 1.2795, -0.998 -1.2205 1.2795, -0.9587 -0.9449 1.2795, -0.9587 1.1811 1.2795, -0.2972 0.689 1.2795, -0.6988 0.689 1.2795, -0.2972 0.4844 1.2795, -0.6988 0.4844 1.2795, -0.6988 0.348 1.2008, -0.2972 0.348 1.2008, -0.2972 -0.348 1.2008, -0.6988 -0.348 1.2008, -0.2972 -0.4844 1.2795, -0.6988 -0.4844 1.2795, -0.2972 -0.689 1.2795, -0.6988 -0.689 1.2795, 0.7028 0.689 1.2795, 0.3012 0.689 1.2795, 0.7028 0.4844 1.2795, 0.3012 0.4844 1.2795, 0.7028 -0.4844 1.2795, 0.3012 -0.4844 1.2795, 0.7028 -0.689 1.2795, 0.3012 -0.689 1.2795, 0.7028 -0.348 1.2008, 0.3012 -0.348 1.2008, 0.3012 0.348 1.2008, 0.7028 0.348 1.2008
            ]
        }
        coordIndex [
            0,1,2,-1,2,1,3,-1,2,3,4,-1,3,5,4,-1,4,5,6,-1,4,6,7,-1,7,6,8,-1,7,8,0,-1,0,8,9,-1,0,9,1,-1,10,11,12,-1,12,11,13,-1,13,14,12,-1,12,14,15,-1,16,15,17,-1,17,15,14,-1,18,16,19,-1,19,16,17,-1,18,19,20,-1,20,19,21,-1,22,23,24,-1,24,23,25,-1,26,27,28,-1,28,27,29,-1,26,30,27,-1,27,30,31,-1,25,32,24,-1,24,32,33,-1,
        ]
    }
}
Shape{
    appearance Appearance {
        material  Material 	{
            diffuseColor 1.0 1.0 0.7529411764705882
            specularColor 0.5019607843137255 0.5019607843137255 0.3764705882352941
            ambientIntensity 0.9718
            transparency 0.0
            shininess 0.5
        }
    }
    geometry IndexedFaceSet {
        ccw TRUE
        solid FALSE
        coord DEF co Coordinate {
            point [
                0.3051 0.1244 1.5945, 0.3051 0.1244 1.2008, 0.3051 -0.2693 1.5945, 0.3051 -0.2693 1.2008, 0.6988 -0.2693 1.5945, 0.6988 -0.2693 1.2008, 0.6988 0.1244 1.5945, 0.6988 0.1244 1.2008, 0.6594 0.085 1.6339, 0.3445 0.085 1.6339, 0.6594 -0.2299 1.6339, 0.3445 -0.2299 1.6339, 0.3343 0.0952 1.6325, 0.3343 -0.2401 1.6325, 0.3248 0.1047 1.6286, 0.3248 -0.2496 1.6286, 0.3166 0.1129 1.6223, 0.3166 -0.2577 1.6223, 0.3104 0.1191 1.6142, 0.3104 -0.264 1.6142, 0.3133 -0.2611 1.6185, 0.3133 0.1163 1.6185, 0.3081 -0.2663 1.6096, 0.3081 0.1214 1.6096, 0.3065 -0.2679 1.6047, 0.3065 0.1231 1.6047, 0.3055 0.1241 1.5996, 0.3055 -0.2689 1.5996, 0.6907 -0.2611 1.6185, 0.6873 -0.2577 1.6223, 0.6791 -0.2496 1.6286, 0.6696 -0.2401 1.6325, 0.6935 -0.264 1.6142, 0.6958 -0.2663 1.6096, 0.6975 -0.2679 1.6047, 0.6985 -0.2689 1.5996, 0.6985 0.1241 1.5996, 0.6975 0.1231 1.6047, 0.6958 0.1214 1.6096, 0.6935 0.1191 1.6142, 0.6907 0.1163 1.6185, 0.6873 0.1129 1.6223, 0.6791 0.1047 1.6286, 0.6696 0.0952 1.6325
            ]
        }
        coordIndex [
            0,1,2,-1,2,1,3,-1,2,3,4,-1,4,3,5,-1,4,5,6,-1,6,5,7,-1,6,7,0,-1,0,7,1,-1,8,9,10,-1,10,9,11,-1,11,9,12,-1,11,12,13,-1,13,12,14,-1,13,14,15,-1,15,14,16,-1,15,16,17,-1,18,19,20,-1,17,16,20,-1,20,16,21,-1,20,21,18,-1,19,18,22,-1,22,18,23,-1,22,23,24,-1,23,25,24,-1,24,25,26,-1,24,26,27,-1,27,26,0,-1,27,0,2,-1,28,29,17,-1,17,29,30,-1,17,30,15,-1,15,30,31,-1,15,31,13,-1,13,31,10,-1,13,10,11,-1,17,20,28,-1,28,20,19,-1,28,19,32,-1,32,19,22,-1,32,22,33,-1,33,22,24,-1,33,24,34,-1,34,24,27,-1,34,27,35,-1,35,27,2,-1,35,2,4,-1,6,0,36,-1,36,0,26,-1,36,26,37,-1,37,26,25,-1,37,25,38,-1,38,25,23,-1,38,23,39,-1,39,23,18,-1,39,18,40,-1,40,18,21,-1,40,21,41,-1,21,16,41,-1,41,16,14,-1,41,14,42,-1,42,14,12,-1,42,12,43,-1,43,12,9,-1,43,9,8,-1,8,10,31,-1,8,31,43,-1,43,31,30,-1,43,30,42,-1,42,30,29,-1,42,29,41,-1,41,29,40,-1,40,29,28,-1,40,28,32,-1,4,6,35,-1,35,6,36,-1,35,36,34,-1,34,36,37,-1,34,37,33,-1,33,37,38,-1,33,38,32,-1,32,38,39,-1,32,39,40,-1,
        ]
    }
}
Shape{
    appearance Appearance {
        material  Material 	{
            diffuseColor 0.7529411764705882 0.7529411764705882 0.7529411764705882
            specularColor 0.3764705882352941 0.3764705882352941 0.3764705882352941
            ambientIntensity 0.7529
            transparency 0.0
            shininess 0.5
        }
    }
    geometry IndexedFaceSet {
        ccw TRUE
        solid FALSE
        coord DEF co Coordinate {
            point [
                -0.5015 -1.0351 1.3972, -0.5255 -1.0351 1.3972, -0.5015 -1.0351 1.3976, -0.5255 -1.0351 1.3976, -0.5255 -0.8679 1.3972, -0.5255 -0.8679 1.3976, -0.5437 -0.8801 1.3972, -0.5711 -0.8911 1.3972, -0.5711 -0.8911 1.3976, -0.5674 -0.8901 1.3976, -0.5674 -0.8901 1.3972, -0.5665 -0.8897 1.3976, -0.5437 -0.8801 1.3976, -0.5711 -0.8671 1.3972, -0.5711 -0.8671 1.3976, -0.5665 -0.8652 1.3976, -0.5395 -0.8543 1.3972, -0.5395 -0.8543 1.3976, -0.5108 -0.8359 1.3972, -0.5108 -0.8359 1.3976, -0.5015 -0.8359 1.3972, -0.5015 -0.8359 1.3976, -0.7425 0.9809 1.3972, -0.7425 0.9809 1.3976, -0.7406 0.9609 1.3976, -0.7406 0.9609 1.3972, -0.7353 0.9439 1.3976, -0.7353 0.9439 1.3972, -0.7266 0.9292 1.3976, -0.7266 0.9292 1.3972, -0.7206 0.923 1.3976, -0.7152 0.9174 1.3972, -0.7152 0.9174 1.3976, -0.7024 0.9092 1.3976, -0.7024 0.9092 1.3972, -0.6876 0.9042 1.3976, -0.6876 0.9042 1.3972, -0.6773 0.9031 1.3976, -0.6683 0.9021 1.3972, -0.6683 0.9021 1.3976, -0.6657 1.0634 1.3972, -0.6657 1.0634 1.3976, -0.6828 1.062 1.3976, -0.6828 1.062 1.3972, -0.6988 1.0573 1.3976, -0.6988 1.0573 1.3972, -0.7133 1.0488 1.3976, -0.7133 1.0488 1.3972, -0.7206 1.0415 1.3976, -0.7255 1.0366 1.3972, -0.7255 1.0366 1.3976, -0.7345 1.0219 1.3976, -0.7345 1.0219 1.3972, -0.7403 1.0037 1.3976, -0.7403 1.0037 1.3972, -0.5927 0.9846 1.3972, -0.5927 0.9846 1.3976, -0.5938 1.0004 1.3976, -0.5938 1.0004 1.3972, -0.5982 1.018 1.3976, -0.5982 1.018 1.3972, -0.6064 1.0337 1.3976, -0.6064 1.0337 1.3972, -0.6181 1.0468 1.3976, -0.6181 1.0468 1.3972, -0.6318 1.0561 1.3976, -0.6318 1.0561 1.3972, -0.6467 1.0613 1.3976, -0.6467 1.0613 1.3972, -0.6494 0.904 1.3972, -0.6586 0.9031 1.3976, -0.6494 0.904 1.3976, -0.6342 0.909 1.3976, -0.6342 0.909 1.3972, -0.6211 0.9171 1.3976, -0.6211 0.9171 1.3972, -0.6092 0.9292 1.3976, -0.6092 0.9292 1.3972, -0.6005 0.9438 1.3976, -0.6005 0.9438 1.3972, -0.5948 0.9619 1.3976, -0.5948 0.9619 1.3972, -0.7213 0.9826 1.3972, -0.7196 0.9645 1.3972, -0.7151 0.9501 1.3972, -0.7084 0.9389 1.3972, -0.6999 0.9301 1.3972, -0.6906 0.9242 1.3972, -0.6797 0.9205 1.3972, -0.6682 0.9194 1.3972, -0.6541 0.9209 1.3972, -0.6431 0.9246 1.3972, -0.634 0.9305 1.3972, -0.6267 0.9379 1.3972, -0.6205 0.9479 1.3972, -0.6156 0.9629 1.3972, -0.6138 0.9823 1.3972, -0.6153 1.0009 1.3972, -0.6194 1.0151 1.3972, -0.6259 1.027 1.3972, -0.6336 1.0351 1.3972, -0.6424 1.0409 1.3972, -0.6528 1.0446 1.3972, -0.6669 1.0461 1.3972, -0.681 1.0445 1.3972, -0.6915 1.0405 1.3972, -0.701 1.034 1.3972, -0.7101 1.0237 1.3972, -0.7165 1.0113 1.3972, -0.7207 0.9939 1.3972, -0.7213 0.9826 1.3976, -0.7207 0.9939 1.3976, -0.7165 1.0113 1.3976, -0.7101 1.0237 1.3976, -0.701 1.034 1.3976, -0.6915 1.0405 1.3976, -0.681 1.0445 1.3976, -0.6669 1.0461 1.3976, -0.6528 1.0446 1.3976, -0.6424 1.0409 1.3976, -0.6336 1.0351 1.3976, -0.6259 1.027 1.3976, -0.6194 1.0151 1.3976, -0.6153 1.0009 1.3976, -0.6138 0.9823 1.3976, -0.6156 0.9629 1.3976, -0.6205 0.9479 1.3976, -0.6267 0.9379 1.3976, -0.634 0.9305 1.3976, -0.6431 0.9246 1.3976, -0.6541 0.9209 1.3976, -0.6682 0.9194 1.3976, -0.6797 0.9205 1.3976, -0.6906 0.9242 1.3976, -0.6999 0.9301 1.3976, -0.7084 0.9389 1.3976, -0.7151 0.9501 1.3976, -0.7196 0.9645 1.3976, -0.4333 1.0615 1.3972, -0.4333 0.904 1.3972, -0.4333 1.0615 1.3976, -0.4333 0.904 1.3976, -0.4583 0.904 1.3972, -0.4583 0.904 1.3976, -0.5355 1.0263 1.3972, -0.5355 1.0263 1.3976, -0.5408 1.0365 1.3972, -0.5408 1.0365 1.3976, -0.5384 1.0313 1.3976, -0.5384 1.0313 1.3972, -0.5414 1.0365 1.3972, -0.5414 1.0365 1.3976, -0.5408 1.0145 1.3972, -0.5408 1.0145 1.3976, -0.5409 1.0255 1.3976, -0.5409 1.0255 1.3972, -0.5408 0.904 1.3972, -0.5408 0.904 1.3976, -0.5619 0.904 1.3972, -0.5619 0.904 1.3976, -0.5619 1.0615 1.3972, -0.5619 1.0615 1.3976, -0.535 1.0615 1.3972, -0.535 1.0615 1.3976, -0.4601 0.9418 1.3972, -0.4601 0.9418 1.3976, -0.4538 0.9309 1.3972, -0.4538 0.9309 1.3976, -0.4568 0.9364 1.3976, -0.4568 0.9364 1.3972, -0.4534 0.9309 1.3972, -0.4534 0.9309 1.3976, -0.4544 0.9538 1.3972, -0.4544 0.9538 1.3976, -0.4542 0.9423 1.3976, -0.4542 0.9423 1.3972, -0.4544 1.0615 1.3972, -0.4544 1.0615 1.3976, 0.5408 -0.8905 1.3972, 0.5408 -0.8905 1.3976, 0.5396 -0.9019 1.3976, 0.5396 -0.9019 1.3972, 0.5357 -0.9127 1.3976, 0.5357 -0.9127 1.3972, 0.5282 -0.9235 1.3976, 0.5282 -0.9235 1.3972, 0.5006 -0.9467 1.3976, 0.5006 -0.9467 1.3972, 0.5029 -0.8575 1.3972, 0.5029 -0.8575 1.3976, 0.5143 -0.8586 1.3976, 0.5143 -0.8586 1.3972, 0.5235 -0.8617 1.3976, 0.5235 -0.8617 1.3972, 0.5296 -0.8655 1.3976, 0.5296 -0.8655 1.3972, 0.5342 -0.87 1.3976, 0.5342 -0.87 1.3972, 0.5377 -0.8755 1.3976, 0.5377 -0.8755 1.3972, 0.5399 -0.882 1.3976, 0.5399 -0.882 1.3972, 0.4544 -0.8814 1.3972, 0.4544 -0.8814 1.3976, 0.4611 -0.875 1.3976, 0.4611 -0.875 1.3972, 0.4747 -0.8654 1.3976, 0.4747 -0.8654 1.3972, 0.4882 -0.8597 1.3976, 0.4882 -0.8597 1.3972, 0.4544 -0.8573 1.3972, 0.4544 -0.8573 1.3976, 0.5053 -0.8359 1.3972, 0.5053 -0.8359 1.3976, 0.4967 -0.8363 1.3976, 0.4967 -0.8363 1.3972, 0.4811 -0.8395 1.3976, 0.4811 -0.8395 1.3972, 0.4678 -0.8461 1.3976, 0.4678 -0.8461 1.3972, 0.5648 -0.8886 1.3972, 0.5648 -0.8886 1.3976, 0.5638 -0.8769 1.3976, 0.5638 -0.8769 1.3972, 0.5605 -0.8664 1.3976, 0.5605 -0.8664 1.3972, 0.5552 -0.8573 1.3976, 0.5552 -0.8573 1.3972, 0.5472 -0.8491 1.3976, 0.5472 -0.8491 1.3972, 0.5353 -0.8417 1.3976, 0.5353 -0.8417 1.3972, 0.522 -0.8374 1.3976, 0.522 -0.8374 1.3972, 0.5208 -0.9587 1.3972, 0.5208 -0.9587 1.3976, 0.5307 -0.9515 1.3976, 0.5307 -0.9515 1.3972, 0.5495 -0.9336 1.3976, 0.5495 -0.9336 1.3972, 0.5574 -0.9217 1.3976, 0.5574 -0.9217 1.3972, 0.5629 -0.9067 1.3976, 0.5629 -0.9067 1.3972, 0.473 -1.0135 1.3972, 0.473 -1.0135 1.3976, 0.4739 -1.0043 1.3976, 0.4739 -1.0043 1.3972, 0.4763 -0.9972 1.3976, 0.4763 -0.9972 1.3972, 0.4806 -0.9905 1.3976, 0.4806 -0.9905 1.3972, 0.4901 -0.9812 1.3976, 0.4901 -0.9812 1.3972, 0.5696 -1.0135 1.3972, 0.5696 -1.0135 1.3976, 0.5696 -1.0351 1.3972, 0.5696 -1.0351 1.3976, 0.4472 -1.0351 1.3972, 0.4472 -1.0351 1.3976, 0.4472 -1.0254 1.3972, 0.4472 -1.0254 1.3976, 0.4985 -0.9482 1.3976, 0.4985 -0.9482 1.3972, 0.4779 -0.9638 1.3976, 0.4779 -0.9638 1.3972, 0.4617 -0.9798 1.3976, 0.4617 -0.9798 1.3972, 0.4538 -0.9923 1.3976, 0.4538 -0.9923 1.3972, 0.4489 -1.0068 1.3976, 0.4489 -1.0068 1.3972
            ]
        }
        coordIndex [
            0,1,2,-1,2,1,3,-1,1,4,3,-1,3,4,5,-1,5,4,6,-1,7,8,9,-1,7,9,10,-1,10,9,11,-1,10,11,6,-1,6,11,12,-1,6,12,5,-1,7,13,8,-1,8,13,14,-1,14,13,15,-1,15,13,16,-1,15,16,17,-1,17,16,18,-1,17,18,19,-1,18,20,19,-1,19,20,21,-1,20,0,21,-1,21,0,2,-1,1,0,4,-1,4,0,20,-1,20,18,4,-1,4,18,16,-1,4,16,6,-1,6,16,13,-1,6,13,10,-1,10,13,7,-1,22,23,24,-1,22,24,25,-1,25,24,26,-1,25,26,27,-1,27,26,28,-1,27,28,29,-1,29,28,30,-1,29,30,31,-1,30,32,31,-1,31,32,33,-1,31,33,34,-1,34,33,35,-1,34,35,36,-1,36,35,37,-1,36,37,38,-1,38,37,39,-1,40,41,42,-1,40,42,43,-1,43,42,44,-1,43,44,45,-1,45,44,46,-1,45,46,47,-1,47,46,48,-1,47,48,49,-1,48,50,49,-1,49,50,51,-1,49,51,52,-1,52,51,53,-1,52,53,54,-1,54,53,23,-1,54,23,22,-1,55,56,57,-1,55,57,58,-1,58,57,59,-1,58,59,60,-1,60,59,61,-1,60,61,62,-1,62,61,63,-1,62,63,64,-1,64,63,65,-1,64,65,66,-1,66,65,67,-1,66,67,68,-1,68,67,41,-1,68,41,40,-1,69,38,70,-1,70,38,39,-1,70,71,69,-1,69,71,72,-1,69,72,73,-1,73,72,74,-1,73,74,75,-1,75,74,76,-1,75,76,77,-1,77,76,78,-1,77,78,79,-1,79,78,80,-1,79,80,81,-1,81,80,56,-1,81,56,55,-1,82,22,83,-1,83,22,25,-1,83,25,84,-1,84,25,27,-1,84,27,85,-1,85,27,29,-1,85,29,86,-1,86,29,31,-1,86,31,87,-1,87,31,34,-1,87,34,88,-1,88,34,36,-1,88,36,89,-1,89,36,38,-1,89,38,90,-1,90,38,69,-1,90,69,91,-1,91,69,73,-1,91,73,92,-1,92,73,75,-1,92,75,93,-1,93,75,77,-1,93,77,94,-1,94,77,79,-1,94,79,95,-1,95,79,81,-1,95,81,96,-1,96,81,55,-1,96,55,97,-1,97,55,58,-1,97,58,98,-1,98,58,60,-1,98,60,99,-1,99,60,62,-1,99,62,100,-1,100,62,64,-1,100,64,101,-1,101,64,66,-1,101,66,102,-1,102,66,68,-1,102,68,103,-1,103,68,40,-1,103,40,104,-1,104,40,43,-1,104,43,105,-1,105,43,45,-1,105,45,106,-1,106,45,47,-1,106,47,107,-1,107,47,49,-1,107,49,108,-1,108,49,52,-1,108,52,109,-1,109,52,54,-1,109,54,82,-1,82,54,22,-1,82,110,111,-1,82,111,109,-1,109,111,112,-1,109,112,108,-1,108,112,113,-1,108,113,107,-1,107,113,114,-1,107,114,106,-1,106,114,115,-1,106,115,105,-1,105,115,116,-1,105,116,104,-1,104,116,117,-1,104,117,103,-1,103,117,118,-1,103,118,102,-1,102,118,119,-1,102,119,101,-1,101,119,120,-1,101,120,100,-1,100,120,121,-1,100,121,99,-1,99,121,122,-1,99,122,98,-1,98,122,123,-1,98,123,97,-1,97,123,124,-1,97,124,96,-1,96,124,125,-1,96,125,95,-1,95,125,126,-1,95,126,94,-1,94,126,127,-1,94,127,93,-1,93,127,128,-1,93,128,92,-1,92,128,129,-1,92,129,91,-1,91,129,130,-1,91,130,90,-1,90,130,131,-1,90,131,89,-1,89,131,132,-1,89,132,88,-1,88,132,133,-1,88,133,87,-1,87,133,134,-1,87,134,86,-1,86,134,135,-1,86,135,85,-1,85,135,136,-1,85,136,84,-1,84,136,137,-1,84,137,83,-1,83,137,110,-1,83,110,82,-1,138,139,140,-1,140,139,141,-1,139,142,141,-1,141,142,143,-1,142,144,143,-1,143,144,145,-1,146,147,148,-1,146,148,149,-1,149,148,145,-1,149,145,144,-1,146,150,147,-1,147,150,151,-1,152,153,154,-1,152,154,155,-1,155,154,151,-1,155,151,150,-1,152,156,153,-1,153,156,157,-1,156,158,157,-1,157,158,159,-1,158,160,159,-1,159,160,161,-1,160,162,161,-1,161,162,163,-1,162,164,163,-1,163,164,165,-1,166,167,168,-1,166,168,169,-1,169,168,165,-1,169,165,164,-1,166,170,167,-1,167,170,171,-1,172,173,174,-1,172,174,175,-1,175,174,171,-1,175,171,170,-1,172,176,173,-1,173,176,177,-1,176,138,177,-1,177,138,140,-1,138,176,139,-1,139,176,172,-1,158,156,160,-1,160,156,152,-1,152,155,160,-1,160,155,150,-1,160,150,162,-1,162,150,146,-1,172,175,139,-1,139,175,170,-1,139,170,142,-1,142,170,166,-1,166,169,142,-1,142,169,164,-1,142,164,144,-1,144,164,162,-1,144,162,149,-1,149,162,146,-1,178,179,180,-1,178,180,181,-1,181,180,182,-1,181,182,183,-1,183,182,184,-1,183,184,185,-1,185,184,186,-1,185,186,187,-1,188,189,190,-1,188,190,191,-1,191,190,192,-1,191,192,193,-1,193,192,194,-1,193,194,195,-1,195,194,196,-1,195,196,197,-1,197,196,198,-1,197,198,199,-1,199,198,200,-1,199,200,201,-1,201,200,179,-1,201,179,178,-1,202,203,204,-1,202,204,205,-1,205,204,206,-1,205,206,207,-1,207,206,208,-1,207,208,209,-1,209,208,189,-1,209,189,188,-1,202,210,203,-1,203,210,211,-1,212,213,214,-1,212,214,215,-1,215,214,216,-1,215,216,217,-1,217,216,218,-1,217,218,219,-1,219,218,211,-1,219,211,210,-1,220,221,222,-1,220,222,223,-1,223,222,224,-1,223,224,225,-1,225,224,226,-1,225,226,227,-1,227,226,228,-1,227,228,229,-1,229,228,230,-1,229,230,231,-1,231,230,232,-1,231,232,233,-1,233,232,213,-1,233,213,212,-1,234,235,236,-1,234,236,237,-1,237,236,238,-1,237,238,239,-1,239,238,240,-1,239,240,241,-1,241,240,242,-1,241,242,243,-1,243,242,221,-1,243,221,220,-1,244,245,246,-1,244,246,247,-1,247,246,248,-1,247,248,249,-1,249,248,250,-1,249,250,251,-1,251,250,252,-1,251,252,253,-1,253,252,235,-1,253,235,234,-1,244,254,245,-1,245,254,255,-1,254,256,255,-1,255,256,257,-1,256,258,257,-1,257,258,259,-1,258,260,259,-1,259,260,261,-1,187,186,262,-1,187,262,263,-1,263,262,264,-1,263,264,265,-1,265,264,266,-1,265,266,267,-1,267,266,268,-1,267,268,269,-1,269,268,270,-1,269,270,271,-1,271,270,261,-1,271,261,260,-1,256,254,258,-1,258,254,244,-1,188,215,209,-1,209,215,217,-1,209,217,207,-1,207,217,219,-1,207,219,205,-1,205,219,210,-1,205,210,202,-1,185,187,234,-1,234,187,263,-1,234,263,253,-1,253,263,265,-1,253,265,251,-1,251,265,267,-1,251,267,249,-1,249,267,269,-1,249,269,247,-1,247,269,271,-1,247,271,244,-1,244,271,260,-1,244,260,258,-1,234,237,185,-1,185,237,239,-1,185,239,183,-1,183,239,241,-1,183,241,181,-1,181,241,243,-1,181,243,178,-1,178,243,220,-1,178,220,201,-1,201,220,223,-1,201,223,199,-1,199,223,225,-1,199,225,197,-1,197,225,227,-1,197,227,195,-1,195,227,229,-1,195,229,193,-1,193,229,231,-1,193,231,191,-1,191,231,233,-1,191,233,188,-1,188,233,212,-1,188,212,215,-1,
        ]
    }
}
Shape{
    appearance Appearance {
        material  Material 	{
            diffuseColor 0.25098039215686274 0.25098039215686274 0.25098039215686274
            specularColor 0.12549019607843137 0.12549019607843137 0.12549019607843137
            ambientIntensity 0.251
            transparency 0.0
            shininess 0.5
        }
    }
    geometry IndexedFaceSet {
        ccw TRUE
        solid FALSE
        coord DEF co Coordinate {
            point [
                -0.7213 0.9826 1.3976, -0.6138 0.9823 1.3976, -0.7207 0.9939 1.3976, -0.6153 1.0009 1.3976, -0.634 0.9305 1.3976, -0.6267 0.9379 1.3976, -0.6431 0.9246 1.3976, -0.6205 0.9479 1.3976, -0.6156 0.9629 1.3976, -0.6915 1.0405 1.3976, -0.681 1.0445 1.3976, -0.6669 1.0461 1.3976, -0.7151 0.9501 1.3976, -0.7084 0.9389 1.3976, -0.6797 0.9205 1.3976, -0.6999 0.9301 1.3976, -0.6906 0.9242 1.3976, -0.7196 0.9645 1.3976, -0.6682 0.9194 1.3976, -0.6541 0.9209 1.3976, -0.701 1.034 1.3976, -0.7101 1.0237 1.3976, -0.7165 1.0113 1.3976, -0.6194 1.0151 1.3976, -0.6259 1.027 1.3976, -0.6336 1.0351 1.3976, -0.6424 1.0409 1.3976, -0.6528 1.0446 1.3976, 0.9626 0.9449 1.2795, 0.7264 1.1811 1.2795, 0.9626 0.9449 1.3976, 0.7264 1.1811 1.3976, -0.9587 -0.9449 1.3976, -0.9587 -0.9449 1.2795, -0.7954 -1.1081 1.3976, -0.7224 -1.1811 1.2795, -0.7224 -1.1811 1.3976
            ]
        }
        coordIndex [
            0,1,2,-1,2,1,3,-1,4,5,0,-1,4,0,6,-1,5,7,0,-1,0,7,8,-1,0,8,1,-1,9,2,10,-1,10,2,11,-1,12,13,14,-1,14,13,15,-1,14,15,16,-1,12,14,17,-1,17,14,18,-1,17,18,0,-1,0,18,19,-1,0,19,6,-1,9,20,2,-1,2,20,21,-1,2,21,22,-1,3,23,2,-1,2,23,24,-1,2,24,25,-1,25,26,2,-1,2,26,27,-1,2,27,11,-1,28,29,30,-1,30,29,31,-1,32,33,34,-1,34,33,35,-1,34,35,36,-1,
        ]
    }
}
Shape{
    appearance Appearance {
        material  Material 	{
            diffuseColor 1.0 1.0 1.0
            specularColor 0.5019607843137255 0.5019607843137255 0.5019607843137255
            ambientIntensity 1.0
            transparency 0.0
            shininess 0.5
        }
    }
    geometry IndexedFaceSet {
        ccw TRUE
        solid FALSE
        coord DEF co Coordinate {
            point [
                -1.002 1.0071 0.9294, -1.002 0.9988 0.9225, -1.002 1.0253 1.0105, -1.002 0.9602 1.1478, -1.002 0.9547 1.1449, -1.002 0.9782 1.2003, -1.002 0.9104 1.2013, -1.002 0.8975 1.2083, -1.002 0.9211 1.2478, -1.002 0.7594 1.1623, -1.002 0.7532 1.1489, -1.002 0.7095 1.1638, -1.002 0.7488 1.1348, -1.002 0.7467 1.1228, -1.002 0.7179 1.0087, -1.002 0.7285 1.0055, -1.002 0.7172 0.9604, -1.002 1.0261 0.9596, -1.002 1.0214 0.9485, -1.002 1.0151 0.9385, -1.002 0.7718 1.0477, -1.002 0.7953 1.0879, -1.002 0.878 0.9915, -1.002 0.897 1.0348, -1.002 0.878 0.9839, -1.002 0.9191 0.9166, -1.002 0.8787 0.9742, -1.002 0.9088 0.923, -1.002 0.9003 0.9303, -1.002 0.9275 0.9948, -1.002 0.9255 0.9879, -1.002 0.9252 0.9806, -1.002 0.9268 0.9732, -1.002 0.9302 0.9666, -1.002 0.9783 1.0011, -1.002 1.0219 1.0183, -1.002 0.982 0.9947, -1.002 0.984 0.9875, -1.002 1.0169 1.153, -1.002 1.0266 1.1978, -1.002 1.0414 1.193, -1.002 0.9745 0.9612, -1.002 0.9685 0.957, -1.002 0.9883 0.9161, -1.002 0.9615 0.9544, -1.002 0.7316 0.9581, -1.002 0.7361 1.0044, -1.002 0.7763 0.9581, -1.002 0.7703 1.0044, -1.002 0.7801 0.9587, -1.002 0.905 1.2545, -1.002 0.8837 1.2134, -1.002 0.8884 1.2593, -1.002 1.0363 1.0166, -1.002 1.0492 0.968, -1.002 1.0346 0.9622, -1.002 1.0284 1.1484, -1.002 1.0555 1.1862, -1.002 1.0391 1.142, -1.002 1.0688 1.1776, -1.002 1.0486 1.1339, -1.002 0.8923 0.9398, -1.002 0.8859 0.9504, -1.002 0.8813 0.962, -1.002 0.95 1.0605, -1.002 0.954 1.0606, -1.002 0.9547 1.0128, -1.002 0.966 1.0596, -1.002 0.9619 1.0119, -1.002 0.9776 1.0568, -1.002 0.9685 1.0093, -1.002 0.9385 1.059, -1.002 0.9496 1.0123, -1.002 0.9266 1.0556, -1.002 0.9424 1.0101, -1.002 0.9155 1.0502, -1.002 0.9361 1.0062, -1.002 0.9056 1.0433, -1.002 0.9886 1.0521, -1.002 0.9979 1.0464, -1.002 0.9745 1.0052, -1.002 1.0073 1.0384, -1.002 1.0154 1.029, -1.002 0.684 1.0807, -1.002 0.6437 1.1056, -1.002 0.6881 1.0909, -1.002 0.6506 1.1182, -1.002 0.694 1.1001, -1.002 0.6593 1.1301, -1.002 0.7016 1.108, -1.002 0.6695 1.1408, -1.002 0.7102 1.1144, -1.002 1.0546 1.0336, -1.002 1.0868 0.9961, -1.002 1.0461 1.0243, -1.002 1.0753 0.985, -1.002 1.0627 0.9756, -1.002 1.0113 1.2008, -1.002 1.0047 1.1556, -1.002 0.9957 1.2018, -1.002 0.9949 1.1562, -1.002 0.987 1.2013, -1.002 0.9831 1.1553, -1.002 0.9716 1.1525, -1.002 0.9793 0.9668, -1.002 0.9825 0.973, -1.002 0.9842 0.9801, -1.002 0.7035 0.9645, -1.002 0.6904 0.9705, -1.002 0.7083 1.0138, -1.002 0.6781 0.9783, -1.002 0.6997 1.0205, -1.002 0.6668 0.9878, -1.002 0.6963 1.0241, -1.002 0.6625 0.9923, -1.002 0.6899 1.0328, -1.002 0.9366 1.2392, -1.002 0.9448 1.2337, -1.002 0.9222 1.1927, -1.002 0.9569 1.224, -1.002 0.9327 1.1825, -1.002 0.9679 1.2128, -1.002 0.9417 1.171, -1.002 0.9491 1.1584, -1.002 0.7162 1.1791, -1.002 0.7246 1.1935, -1.002 0.7675 1.1747, -1.002 0.7349 1.2074, -1.002 0.7771 1.1859, -1.002 1.0696 1.0667, -1.002 1.1147 1.048, -1.002 1.0663 1.0547, -1.002 1.1098 1.0331, -1.002 1.0611 1.0433, -1.002 1.103 1.0188, -1.002 1.0945 1.0055, -1.002 0.931 1.0009, -1.002 0.9767 0.9114, -1.002 0.9644 0.9087, -1.002 0.9547 0.9536, -1.002 0.954 0.908, -1.002 0.9475 0.9545, -1.002 0.6824 1.0527, -1.002 0.6346 1.0578, -1.002 0.6815 1.0636, -1.002 0.6344 1.0644, -1.002 0.6818 1.0698, -1.002 0.6356 1.0786, -1.002 0.6387 1.0923, -1.002 0.6534 1.0036, -1.002 0.646 1.0159, -1.002 0.6853 1.0425, -1.002 0.6404 1.0292, -1.002 0.6365 1.0432, -1.002 0.935 0.9611, -1.002 0.9408 0.957, -1.002 0.9302 0.9119, -1.002 0.9418 0.909, -1.002 0.774 1.0051, -1.002 0.7924 0.9662, -1.002 0.7902 0.9639, -1.002 0.8538 1.2633, -1.002 0.853 1.2177, -1.002 0.8485 1.2632, -1.002 0.8385 1.2167, -1.002 1.0623 1.1152, -1.002 1.1089 1.127, -1.002 1.067 1.1041, -1.002 1.1141 1.1122, -1.002 1.0699 1.0925, -1.002 1.1174 1.0968, -1.002 1.0708 1.0803, -1.002 1.1186 1.082, -1.002 1.0708 1.0782, -1.002 1.1187 1.0788, -1.002 1.1177 1.0633, -1.002 0.7407 1.1228, -1.002 0.7299 1.1219, -1.002 0.7067 1.1629, -1.002 0.7198 1.119, -1.002 0.694 1.1575, -1.002 0.6812 1.15, -1.002 0.7983 0.9817, -1.002 0.7977 0.9762, -1.002 0.7957 0.971, -1.002 0.7717 1.0046, -1.002 0.7852 0.9606, -1.002 0.8713 1.2623, -1.002 0.8692 1.2165, -1.002 0.8552 1.2177, -1.002 0.7805 1.0045, -1.002 0.7857 1.0025, -1.002 0.7982 0.9839, -1.002 0.7904 0.9992, -1.002 0.7941 0.995, -1.002 0.7969 0.9898, -1.002 1.0803 1.1679, -1.002 1.083 1.1653, -1.002 1.0559 1.1255, -1.002 1.0932 1.1537, -1.002 1.1019 1.1409, -1.002 0.7748 1.0052, -1.002 0.747 1.2205, -1.002 0.7505 1.2238, -1.002 0.7864 1.1943, -1.002 0.765 1.235, -1.002 0.7984 1.2026, -1.002 0.7804 1.2445, -1.002 0.8112 1.2091, -1.002 0.7967 1.2521, -1.002 0.8246 1.2139, -1.002 0.8137 1.2578, -1.002 0.831 1.2615, -0.998 0.7953 1.0879, -0.998 0.7718 1.0477, -0.998 0.897 1.0348, -0.998 0.878 0.9915, -0.998 0.9191 0.9166, -0.998 1.0546 1.0336, -0.998 1.0461 1.0243, -0.998 1.0261 0.9596, -0.998 1.0611 1.0433, -0.998 0.878 0.9839, -0.998 0.8787 0.9742, -0.998 0.9088 0.923, -0.998 0.9003 0.9303, -0.998 1.0253 1.0105, -0.998 1.0071 0.9294, -0.998 1.0151 0.9385, -0.998 0.9491 1.1584, -0.998 0.9547 1.1449, -0.998 0.9782 1.2003, -0.998 0.9602 1.1478, -0.998 1.0284 1.1484, -0.998 1.0414 1.193, -0.998 1.0169 1.153, -0.998 1.0266 1.1978, -0.998 1.0047 1.1556, -0.998 1.0113 1.2008, -0.998 0.9949 1.1562, -0.998 0.8975 1.2083, -0.998 0.9104 1.2013, -0.998 0.9366 1.2392, -0.998 0.9547 0.9536, -0.998 0.9475 0.9545, -0.998 0.9418 0.909, -0.998 0.9302 0.9666, -0.998 0.9268 0.9732, -0.998 0.9252 0.9806, -0.998 0.9255 0.9879, -0.998 1.0214 0.9485, -0.998 1.0363 1.0166, -0.998 0.9716 1.1525, -0.998 0.9831 1.1553, -0.998 0.987 1.2013, -0.998 0.9957 1.2018, -0.998 0.7675 1.1747, -0.998 0.7246 1.1935, -0.998 0.7594 1.1623, -0.998 0.7162 1.1791, -0.998 0.7532 1.1489, -0.998 0.7095 1.1638, -0.998 0.7488 1.1348, -0.998 0.9448 1.2337, -0.998 0.9222 1.1927, -0.998 0.9569 1.224, -0.998 0.7198 1.119, -0.998 0.7299 1.1219, -0.998 0.9302 0.9119, -0.998 0.9408 0.957, -0.998 0.935 0.9611, -0.998 0.9988 0.9225, -0.998 0.9842 0.9801, -0.998 0.9825 0.973, -0.998 0.954 0.908, -0.998 0.9644 0.9087, -0.998 0.9615 0.9544, -0.998 0.9767 0.9114, -0.998 0.9685 0.957, -0.998 0.9883 0.9161, -0.998 0.9745 0.9612, -0.998 0.9793 0.9668, -0.998 0.8813 0.962, -0.998 0.8859 0.9504, -0.998 0.8923 0.9398, -0.998 0.9679 1.2128, -0.998 0.9327 1.1825, -0.998 0.9417 1.171, -0.998 0.6853 1.0425, -0.998 0.646 1.0159, -0.998 0.6899 1.0328, -0.998 0.6534 1.0036, -0.998 0.6963 1.0241, -0.998 0.6625 0.9923, -0.998 0.6997 1.0205, -0.998 0.6668 0.9878, -0.998 0.7083 1.0138, -0.998 0.6881 1.0909, -0.998 0.6437 1.1056, -0.998 0.684 1.0807, -0.998 0.6387 1.0923, -0.998 0.6818 1.0698, -0.998 0.6356 1.0786, -0.998 0.6815 1.0636, -0.998 0.7407 1.1228, -0.998 0.7467 1.1228, -0.998 1.067 1.1041, -0.998 1.1089 1.127, -0.998 1.0623 1.1152, -0.998 1.1019 1.1409, -0.998 1.0559 1.1255, -0.998 1.0663 1.0547, -0.998 1.1147 1.048, -0.998 1.0696 1.0667, -0.998 1.1177 1.0633, -0.998 1.0708 1.0782, -0.998 1.1187 1.0788, -0.998 1.0708 1.0803, -0.998 1.1186 1.082, -0.998 1.0699 1.0925, -0.998 1.1174 1.0968, -0.998 1.1141 1.1122, -0.998 1.0868 0.9961, -0.998 1.0945 1.0055, -0.998 0.9275 0.9948, -0.998 0.931 1.0009, -0.998 0.9056 1.0433, -0.998 0.9361 1.0062, -0.998 0.9155 1.0502, -0.998 0.9424 1.0101, -0.998 0.9266 1.0556, -0.998 0.9385 1.059, -0.998 0.9496 1.0123, -0.998 0.95 1.0605, -0.998 0.9547 1.0128, -0.998 0.954 1.0606, -0.998 0.966 1.0596, -0.998 0.9619 1.0119, -0.998 0.9776 1.0568, -0.998 0.9886 1.0521, -0.998 0.9685 1.0093, -0.998 0.9979 1.0464, -0.998 0.9745 1.0052, -0.998 1.0073 1.0384, -0.998 1.0154 1.029, -0.998 0.9783 1.0011, -0.998 1.0219 1.0183, -0.998 0.982 0.9947, -0.998 0.984 0.9875, -0.998 1.0932 1.1537, -0.998 1.083 1.1653, -0.998 1.0486 1.1339, -0.998 1.0803 1.1679, -0.998 1.0391 1.142, -0.998 1.0688 1.1776, -0.998 1.0555 1.1862, -0.998 1.103 1.0188, -0.998 1.1098 1.0331, -0.998 0.7902 0.9639, -0.998 0.7924 0.9662, -0.998 0.774 1.0051, -0.998 0.7957 0.971, -0.998 0.6344 1.0644, -0.998 0.6346 1.0578, -0.998 0.6824 1.0527, -0.998 0.6365 1.0432, -0.998 0.6404 1.0292, -0.998 0.7067 1.1629, -0.998 0.694 1.1575, -0.998 0.7102 1.1144, -0.998 0.6812 1.15, -0.998 0.7016 1.108, -0.998 0.6695 1.1408, -0.998 0.694 1.1001, -0.998 0.6593 1.1301, -0.998 0.6506 1.1182, -0.998 0.6781 0.9783, -0.998 0.6904 0.9705, -0.998 0.7179 1.0087, -0.998 0.7035 0.9645, -0.998 0.7285 1.0055, -0.998 0.7172 0.9604, -0.998 0.7361 1.0044, -0.998 0.7316 0.9581, -0.998 0.7703 1.0044, -0.998 0.7763 0.9581, -0.998 0.7717 1.0046, -0.998 0.7801 0.9587, -0.998 0.7852 0.9606, -0.998 0.7977 0.9762, -0.998 0.7983 0.9817, -0.998 0.7982 0.9839, -0.998 1.0346 0.9622, -0.998 1.0492 0.968, -0.998 0.7969 0.9898, -0.998 0.7941 0.995, -0.998 0.7904 0.9992, -0.998 0.7857 1.0025, -0.998 1.0627 0.9756, -0.998 1.0753 0.985, -0.998 0.7864 1.1943, -0.998 0.7505 1.2238, -0.998 0.7771 1.1859, -0.998 0.747 1.2205, -0.998 0.7349 1.2074, -0.998 0.9211 1.2478, -0.998 0.905 1.2545, -0.998 0.8837 1.2134, -0.998 0.8884 1.2593, -0.998 0.8692 1.2165, -0.998 0.8713 1.2623, -0.998 0.8552 1.2177, -0.998 0.8538 1.2633, -0.998 0.853 1.2177, -0.998 0.8485 1.2632, -0.998 0.8385 1.2167, -0.998 0.831 1.2615, -0.998 0.8246 1.2139, -0.998 0.8137 1.2578, -0.998 0.8112 1.2091, -0.998 0.7967 1.2521, -0.998 0.7984 1.2026, -0.998 0.7804 1.2445, -0.998 0.765 1.235, -0.998 0.7805 1.0045, -0.998 0.7748 1.0052, -1.002 0.4907 1.14, -1.002 0.4907 1.1279, -0.998 0.4907 1.14, -0.998 0.4907 1.1279, -1.002 0.5332 1.14, -0.998 0.5332 1.14, -1.002 0.5332 1.2346, -0.998 0.5332 1.2346, -1.002 0.547 1.2346, -0.998 0.547 1.2346, -1.002 0.547 1.1279, -0.998 0.547 1.1279, -1.002 0.4359 1.1261, -0.998 0.4359 1.1261, -0.998 0.4294 1.1263, -1.002 0.4294 1.1263, -0.998 0.4233 1.1269, -1.002 0.4233 1.1269, -0.998 0.4179 1.128, -1.002 0.4179 1.128, -0.998 0.413 1.1294, -1.002 0.413 1.1294, -0.998 0.4085 1.1312, -1.002 0.4085 1.1312, -0.998 0.4064 1.1323, -1.002 0.4064 1.1323, -1.002 0.4064 1.1455, -0.998 0.4064 1.1455, -0.998 0.4104 1.1433, -1.002 0.4104 1.1433, -0.998 0.4146 1.1415, -1.002 0.4146 1.1415, -0.998 0.4191 1.1401, -1.002 0.4191 1.1401, -0.998 0.4239 1.1391, -1.002 0.4239 1.1391, -0.998 0.429 1.1385, -1.002 0.429 1.1385, -0.998 0.4339 1.1383, -1.002 0.4339 1.1383, -0.998 0.4386 1.1386, -1.002 0.4386 1.1386, -0.998 0.4429 1.1392, -1.002 0.4429 1.1392, -0.998 0.447 1.1403, -1.002 0.447 1.1403, -0.998 0.4507 1.1418, -1.002 0.4507 1.1418, -0.998 0.4541 1.1436, -1.002 0.4541 1.1436, -0.998 0.4573 1.1459, -1.002 0.4573 1.1459, -0.998 0.4603 1.1485, -1.002 0.4603 1.1485, -0.998 0.4614 1.1496, -1.002 0.4614 1.1496, -0.998 0.4639 1.1527, -1.002 0.4639 1.1527, -0.998 0.4662 1.1561, -1.002 0.4662 1.1561, -0.998 0.468 1.1598, -1.002 0.468 1.1598, -0.998 0.4695 1.1637, -1.002 0.4695 1.1637, -0.998 0.4706 1.168, -1.002 0.4706 1.168, -0.998 0.4714 1.1727, -1.002 0.4714 1.1727, -0.998 0.4718 1.1778, -1.002 0.4718 1.1778, -0.998 0.4718 1.18, -1.002 0.4718 1.18, -0.998 0.4716 1.1856, -1.002 0.4716 1.1856, -0.998 0.4709 1.1907, -1.002 0.4709 1.1907, -0.998 0.4699 1.1955, -1.002 0.4699 1.1955, -0.998 0.4684 1.1998, -1.002 0.4684 1.1998, -0.998 0.4666 1.2037, -1.002 0.4666 1.2037, -0.998 0.4644 1.2074, -1.002 0.4644 1.2074, -0.998 0.4619 1.2107, -1.002 0.4619 1.2107, -0.998 0.4606 1.2121, -1.002 0.4606 1.2121, -0.998 0.4575 1.2151, -1.002 0.4575 1.2151, -0.998 0.4542 1.2176, -1.002 0.4542 1.2176, -0.998 0.4507 1.2196, -1.002 0.4507 1.2196, -0.998 0.447 1.2213, -1.002 0.447 1.2213, -0.998 0.4431 1.2226, -1.002 0.4431 1.2226, -0.998 0.4389 1.2234, -1.002 0.4389 1.2234, -0.998 0.4345 1.2239, -1.002 0.4345 1.2239, -0.998 0.4315 1.224, -1.002 0.4315 1.224, -0.998 0.4264 1.2238, -1.002 0.4264 1.2238, -0.998 0.4214 1.2231, -1.002 0.4214 1.2231, -0.998 0.4167 1.222, -1.002 0.4167 1.222, -0.998 0.4122 1.2204, -1.002 0.4122 1.2204, -0.998 0.4079 1.2185, -1.002 0.4079 1.2185, -0.998 0.4064 1.2176, -1.002 0.4064 1.2176, -1.002 0.4064 1.2321, -0.998 0.4064 1.2321, -0.998 0.4105 1.2336, -1.002 0.4105 1.2336, -0.998 0.415 1.2348, -1.002 0.415 1.2348, -0.998 0.4202 1.2357, -1.002 0.4202 1.2357, -0.998 0.4259 1.2363, -1.002 0.4259 1.2363, -0.998 0.4317 1.2364, -1.002 0.4317 1.2364, -0.998 0.4372 1.2362, -1.002 0.4372 1.2362, -0.998 0.4425 1.2355, -1.002 0.4425 1.2355, -0.998 0.4475 1.2344, -1.002 0.4475 1.2344, -0.998 0.4522 1.2329, -1.002 0.4522 1.2329, -0.998 0.4566 1.231, -1.002 0.4566 1.231, -0.998 0.4608 1.2288, -1.002 0.4608 1.2288, -0.998 0.4648 1.2261, -1.002 0.4648 1.2261, -0.998 0.4685 1.223, -1.002 0.4685 1.223, -0.998 0.4709 1.2207, -1.002 0.4709 1.2207, -0.998 0.4741 1.2171, -1.002 0.4741 1.2171, -0.998 0.477 1.2132, -1.002 0.477 1.2132, -0.998 0.4795 1.209, -1.002 0.4795 1.209, -0.998 0.4816 1.2047, -1.002 0.4816 1.2047, -0.998 0.4833 1.2, -1.002 0.4833 1.2, -0.998 0.4846 1.1951, -1.002 0.4846 1.1951, -0.998 0.4856 1.1899, -1.002 0.4856 1.1899, -0.998 0.4861 1.1842, -1.002 0.4861 1.1842, -0.998 0.4863 1.1792, -1.002 0.4863 1.1792, -0.998 0.4861 1.1732, -1.002 0.4861 1.1732, -0.998 0.4854 1.1676, -1.002 0.4854 1.1676, -0.998 0.4843 1.1623, -1.002 0.4843 1.1623, -0.998 0.4828 1.1575, -1.002 0.4828 1.1575, -0.998 0.481 1.153, -1.002 0.481 1.153, -0.998 0.4788 1.1488, -1.002 0.4788 1.1488, -0.998 0.4762 1.145, -1.002 0.4762 1.145, -0.998 0.4734 1.1416, -1.002 0.4734 1.1416, -0.998 0.4726 1.1406, -1.002 0.4726 1.1406, -0.998 0.4693 1.1374, -1.002 0.4693 1.1374, -0.998 0.4657 1.1346, -1.002 0.4657 1.1346, -0.998 0.4619 1.1323, -1.002 0.4619 1.1323, -0.998 0.4579 1.1303, -1.002 0.4579 1.1303, -0.998 0.4537 1.1287, -1.002 0.4537 1.1287, -0.998 0.4491 1.1274, -1.002 0.4491 1.1274, -0.998 0.4443 1.1266, -1.002 0.4443 1.1266, -0.998 0.439 1.1261, -1.002 0.439 1.1261, -1.002 0.3276 1.14, -1.002 0.3276 1.1279, -0.998 0.3276 1.14, -0.998 0.3276 1.1279, -1.002 0.3712 1.14, -0.998 0.3712 1.14, -1.002 0.3712 1.1759, -0.998 0.3712 1.1759, -1.002 0.333 1.1759, -0.998 0.333 1.1759, -1.002 0.333 1.1882, -0.998 0.333 1.1882, -1.002 0.3712 1.1882, -0.998 0.3712 1.1882, -1.002 0.3712 1.2223, -0.998 0.3712 1.2223, -1.002 0.33 1.2223, -0.998 0.33 1.2223, -1.002 0.33 1.2346, -0.998 0.33 1.2346, -1.002 0.385 1.2346, -0.998 0.385 1.2346, -1.002 0.385 1.1279, -0.998 0.385 1.1279, -1.002 0.2583 1.1435, -1.002 0.2509 1.1333, -1.002 0.2544 1.1453, -1.002 0.2465 1.1355, -1.002 0.2509 1.1474, -1.002 0.2423 1.1382, -1.002 0.2477 1.1499, -1.002 0.2384 1.1412, -1.002 0.2464 1.1512, -1.002 0.2366 1.1428, -1.002 0.2437 1.1541, -1.002 0.2332 1.1463, -1.002 0.2414 1.1573, -1.002 0.2302 1.15, -1.002 0.2394 1.1608, -1.002 0.2276 1.154, -1.002 0.2378 1.1646, -1.002 0.2359 1.1925, -1.002 0.2225 1.1981, -1.002 0.2369 1.197, -1.002 0.224 1.2026, -1.002 0.2384 1.2009, -1.002 0.2259 1.2068, -1.002 0.2402 1.2045, -1.002 0.2281 1.2108, -1.002 0.2423 1.2076, -1.002 0.2308 1.2144, -1.002 0.2339 1.2179, -1.002 0.2447 1.2105, -1.002 0.2366 1.2205, -1.002 0.2467 1.2123, -1.002 0.2405 1.2237, -1.002 0.25 1.2148, -1.002 0.2447 1.2264, -1.002 0.2536 1.217, -1.002 0.2491 1.2288, -1.002 0.2574 1.2188, -1.002 0.2537 1.2307, -1.002 0.2616 1.2203, -1.002 0.2586 1.2323, -1.002 0.2661 1.2213, -1.002 0.2638 1.2335, -1.002 0.271 1.222, -1.002 0.2692 1.2342, -1.002 0.2762 1.2223, -1.002 0.275 1.2346, -1.002 0.2775 1.2223, -1.002 0.277 1.2346, -1.002 0.2936 1.2223, -1.002 0.3074 1.2346, -1.002 0.2936 1.14, -1.002 0.3074 1.1279, -1.002 0.2781 1.14, -1.002 0.278 1.1279, -1.002 0.2725 1.1403, -1.002 0.2719 1.1281, -1.002 0.2673 1.1409, -1.002 0.2661 1.1288, -1.002 0.2626 1.142, -1.002 0.2607 1.1299, -1.002 0.2556 1.1314, -1.002 0.2254 1.1581, -1.002 0.2237 1.1625, -1.002 0.2365 1.1687, -1.002 0.2223 1.1672, -1.002 0.2356 1.1733, -1.002 0.2213 1.1722, -1.002 0.2351 1.1782, -1.002 0.2207 1.1775, -1.002 0.235 1.1822, -1.002 0.2205 1.1826, -1.002 0.2352 1.1876, -1.002 0.2207 1.1881, -1.002 0.2214 1.1933, -0.998 0.25 1.2148, -0.998 0.2405 1.2237, -0.998 0.2467 1.2123, -0.998 0.2366 1.2205, -0.998 0.2447 1.2105, -0.998 0.2339 1.2179, -0.998 0.2423 1.2076, -0.998 0.2308 1.2144, -0.998 0.2402 1.2045, -0.998 0.2281 1.2108, -0.998 0.2384 1.2009, -0.998 0.2259 1.2068, -0.998 0.2369 1.197, -0.998 0.2544 1.1453, -0.998 0.2509 1.1333, -0.998 0.2583 1.1435, -0.998 0.2556 1.1314, -0.998 0.2626 1.142, -0.998 0.2607 1.1299, -0.998 0.2673 1.1409, -0.998 0.2661 1.1288, -0.998 0.2725 1.1403, -0.998 0.2719 1.1281, -0.998 0.2781 1.14, -0.998 0.278 1.1279, -0.998 0.2936 1.14, -0.998 0.3074 1.1279, -0.998 0.2936 1.2223, -0.998 0.3074 1.2346, -0.998 0.2775 1.2223, -0.998 0.277 1.2346, -0.998 0.2762 1.2223, -0.998 0.275 1.2346, -0.998 0.271 1.222, -0.998 0.2692 1.2342, -0.998 0.2661 1.2213, -0.998 0.2638 1.2335, -0.998 0.2616 1.2203, -0.998 0.2586 1.2323, -0.998 0.2574 1.2188, -0.998 0.2537 1.2307, -0.998 0.2536 1.217, -0.998 0.2491 1.2288, -0.998 0.2447 1.2264, -0.998 0.2365 1.1687, -0.998 0.2237 1.1625, -0.998 0.2378 1.1646, -0.998 0.2254 1.1581, -0.998 0.2394 1.1608, -0.998 0.2276 1.154, -0.998 0.2414 1.1573, -0.998 0.2302 1.15, -0.998 0.2437 1.1541, -0.998 0.2332 1.1463, -0.998 0.2464 1.1512, -0.998 0.2366 1.1428, -0.998 0.2477 1.1499, -0.998 0.2384 1.1412, -0.998 0.2509 1.1474, -0.998 0.2423 1.1382, -0.998 0.2465 1.1355, -0.998 0.224 1.2026, -0.998 0.2225 1.1981, -0.998 0.2359 1.1925, -0.998 0.2214 1.1933, -0.998 0.2352 1.1876, -0.998 0.2207 1.1881, -0.998 0.235 1.1822, -0.998 0.2205 1.1826, -0.998 0.2351 1.1782, -0.998 0.2207 1.1775, -0.998 0.2356 1.1733, -0.998 0.2213 1.1722, -0.998 0.2223 1.1672, -1.002 0.1847 1.1691, -1.002 0.1687 1.2135, -1.002 0.1739 1.2346, -1.002 0.2146 1.1279, -1.002 0.1993 1.1279, -1.002 0.1891 1.1571, -1.002 0.1678 1.2167, -1.002 0.167 1.221, -1.002 0.1592 1.2346, -1.002 0.1667 1.221, -1.002 0.1658 1.2165, -1.002 0.165 1.2135, -1.002 0.1489 1.1691, -1.002 0.1185 1.1279, -1.002 0.1337 1.1279, -1.002 0.1446 1.1571, -0.998 0.1891 1.1571, -0.998 0.1847 1.1691, -0.998 0.1446 1.1571, -0.998 0.1489 1.1691, -0.998 0.165 1.2135, -0.998 0.1592 1.2346, -0.998 0.1185 1.1279, -0.998 0.1337 1.1279, -0.998 0.1658 1.2165, -0.998 0.1667 1.221, -0.998 0.1739 1.2346, -0.998 0.167 1.221, -0.998 0.1678 1.2167, -0.998 0.1687 1.2135, -0.998 0.2146 1.1279, -0.998 0.1993 1.1279, -1.002 0.4895 0.9707, -1.002 0.4895 0.9585, -0.998 0.4895 0.9707, -0.998 0.4895 0.9585, -1.002 0.5332 0.9707, -0.998 0.5332 0.9707, -1.002 0.5332 1.0066, -0.998 0.5332 1.0066, -1.002 0.495 1.0066, -0.998 0.495 1.0066, -1.002 0.495 1.0188, -0.998 0.495 1.0188, -1.002 0.5332 1.0188, -0.998 0.5332 1.0188, -1.002 0.5332 1.053, -0.998 0.5332 1.053, -1.002 0.492 1.053, -0.998 0.492 1.053, -1.002 0.492 1.0653, -0.998 0.492 1.0653, -1.002 0.547 1.0653, -0.998 0.547 1.0653, -1.002 0.547 0.9585, -0.998 0.547 0.9585, -1.002 0.4539 0.9928, -1.002 0.4509 0.9936, -1.002 0.4288 1.007, -1.002 0.4467 0.9944, -1.002 0.4336 1.0219, -1.002 0.4264 1.0325, -1.002 0.4352 1.0232, -1.002 0.4288 1.0338, -1.002 0.437 1.0242, -1.002 0.4315 1.0349, -1.002 0.4391 1.025, -1.002 0.4289 0.9888, -1.002 0.4291 0.9859, -1.002 0.4155 1.0076, -1.002 0.4607 0.9725, -1.002 0.4617 0.9741, -1.002 0.4729 0.9657, -1.002 0.4703 0.9959, -1.002 0.4609 0.9882, -1.002 0.4596 0.9897, -1.002 0.4563 0.9919, -1.002 0.4514 1.0038, -1.002 0.4557 1.003, -1.002 0.4288 0.9585, -1.002 0.4155 0.9585, -1.002 0.4288 0.9703, -1.002 0.4296 0.9831, -1.002 0.4312 1.0186, -1.002 0.4207 1.0273, -1.002 0.4323 1.0204, -1.002 0.4224 1.0293, -1.002 0.4243 1.031, -1.002 0.4707 0.9955, -1.002 0.4724 0.9935, -1.002 0.4619 0.9866, -1.002 0.4738 0.9913, -1.002 0.4626 0.9847, -1.002 0.4595 1.002, -1.002 0.4629 1.0008, -1.002 0.4581 0.9909, -1.002 0.4657 0.9993, -1.002 0.4682 0.9977, -1.002 0.4296 1.0141, -1.002 0.4169 1.0192, -1.002 0.4303 1.0165, -1.002 0.4179 1.0223, -1.002 0.4192 1.0249, -1.002 0.4593 0.9711, -1.002 0.4658 0.9596, -1.002 0.4577 0.9699, -1.002 0.4634 0.9585, -1.002 0.4559 0.9689, -1.002 0.4606 0.9576, -1.002 0.4538 0.9682, -1.002 0.4713 0.9638, -1.002 0.4702 0.9627, -1.002 0.4681 0.961, -1.002 0.463 0.9778, -1.002 0.4761 0.9729, -1.002 0.4625 0.9758, -1.002 0.4753 0.9702, -1.002 0.4742 0.9679, -1.002 0.4156 1.0119, -1.002 0.4288 0.9968, -1.002 0.4288 0.9894, -1.002 0.4291 1.0112, -1.002 0.4161 1.0158, -1.002 0.4289 1.0079, -1.002 0.475 0.989, -1.002 0.4758 0.9864, -1.002 0.463 0.9826, -1.002 0.4764 0.9836, -1.002 0.4632 0.98, -1.002 0.4344 1.0356, -1.002 0.4377 1.0362, -1.002 0.4415 1.0255, -1.002 0.4414 1.0365, -1.002 0.4443 1.0256, -1.002 0.443 1.0365, -1.002 0.4457 1.0256, -1.002 0.4475 1.0363, -1.002 0.4492 1.0253, -1.002 0.4518 1.0358, -1.002 0.4527 1.0247, -1.002 0.4559 1.035, -1.002 0.4561 1.0238, -1.002 0.4598 1.0339, -1.002 0.4595 1.0225, -1.002 0.4634 1.0325, -1.002 0.4628 1.0208, -1.002 0.4669 1.0308, -1.002 0.4661 1.0188, -1.002 0.4693 1.0294, -1.002 0.4693 1.0164, -1.002 0.4304 0.9806, -1.002 0.4315 0.9782, -1.002 0.4292 0.9703, -1.002 0.4329 0.976, -1.002 0.4299 0.9692, -1.002 0.4463 0.9678, -1.002 0.4433 0.9582, -1.002 0.4437 0.9683, -1.002 0.4406 0.9592, -1.002 0.4413 0.9691, -1.002 0.4381 0.9606, -1.002 0.4391 0.9702, -1.002 0.4767 0.9805, -1.002 0.4767 0.9789, -1.002 0.4766 0.9758, -1.002 0.4358 0.9623, -1.002 0.4337 0.9643, -1.002 0.437 0.9716, -1.002 0.4317 0.9665, -1.002 0.4351 0.9733, -1.002 0.4346 0.9739, -1.002 0.4577 0.9571, -1.002 0.4544 0.9567, -1.002 0.4515 0.9678, -1.002 0.4526 0.9567, -1.002 0.4491 0.9677, -1.002 0.4492 0.9569, -1.002 0.4461 0.9574, -0.998 0.4661 1.0188, -0.998 0.4693 1.0164, -0.998 0.4693 1.0294, -0.998 0.4352 1.0232, -0.998 0.4264 1.0325, -0.998 0.4336 1.0219, -0.998 0.4243 1.031, -0.998 0.4323 1.0204, -0.998 0.4607 0.9725, -0.998 0.4729 0.9657, -0.998 0.4617 0.9741, -0.998 0.4742 0.9679, -0.998 0.4625 0.9758, -0.998 0.4296 0.9831, -0.998 0.4291 0.9859, -0.998 0.4155 1.0076, -0.998 0.4299 0.9692, -0.998 0.4317 0.9665, -0.998 0.437 0.9716, -0.998 0.4337 0.9643, -0.998 0.4391 0.9702, -0.998 0.4358 0.9623, -0.998 0.4413 0.9691, -0.998 0.4381 0.9606, -0.998 0.4437 0.9683, -0.998 0.4224 1.0293, -0.998 0.4207 1.0273, -0.998 0.4312 1.0186, -0.998 0.4192 1.0249, -0.998 0.4303 1.0165, -0.998 0.4415 1.0255, -0.998 0.4377 1.0362, -0.998 0.4391 1.025, -0.998 0.4344 1.0356, -0.998 0.437 1.0242, -0.998 0.4315 1.0349, -0.998 0.4288 1.0338, -0.998 0.4304 0.9806, -0.998 0.4288 0.9703, -0.998 0.4288 0.9585, -0.998 0.4155 0.9585, -0.998 0.4596 0.9897, -0.998 0.4657 0.9993, -0.998 0.4581 0.9909, -0.998 0.4629 1.0008, -0.998 0.4563 0.9919, -0.998 0.4595 1.002, -0.998 0.4539 0.9928, -0.998 0.4557 1.003, -0.998 0.4509 0.9936, -0.998 0.4514 1.0038, -0.998 0.4609 0.9882, -0.998 0.4703 0.9959, -0.998 0.4682 0.9977, -0.998 0.4593 0.9711, -0.998 0.4702 0.9627, -0.998 0.4713 0.9638, -0.998 0.4577 0.9699, -0.998 0.4658 0.9596, -0.998 0.4681 0.961, -0.998 0.4351 0.9733, -0.998 0.4346 0.9739, -0.998 0.4292 0.9703, -0.998 0.4329 0.976, -0.998 0.4315 0.9782, -0.998 0.4619 0.9866, -0.998 0.4724 0.9935, -0.998 0.4707 0.9955, -0.998 0.4288 0.9968, -0.998 0.4156 1.0119, -0.998 0.4288 0.9894, -0.998 0.4289 0.9888, -0.998 0.4753 0.9702, -0.998 0.4761 0.9729, -0.998 0.463 0.9778, -0.998 0.4515 0.9678, -0.998 0.4544 0.9567, -0.998 0.4538 0.9682, -0.998 0.4577 0.9571, -0.998 0.4559 0.9689, -0.998 0.4606 0.9576, -0.998 0.4634 0.9585, -0.998 0.4406 0.9592, -0.998 0.4433 0.9582, -0.998 0.4463 0.9678, -0.998 0.4461 0.9574, -0.998 0.4491 0.9677, -0.998 0.4492 0.9569, -0.998 0.4526 0.9567, -0.998 0.4179 1.0223, -0.998 0.4169 1.0192, -0.998 0.4296 1.0141, -0.998 0.4161 1.0158, -0.998 0.4291 1.0112, -0.998 0.4289 1.0079, -0.998 0.4288 1.007, -0.998 0.4467 0.9944, -0.998 0.463 0.9826, -0.998 0.4758 0.9864, -0.998 0.4626 0.9847, -0.998 0.475 0.989, -0.998 0.4738 0.9913, -0.998 0.4766 0.9758, -0.998 0.4767 0.9789, -0.998 0.4632 0.98, -0.998 0.4767 0.9805, -0.998 0.4764 0.9836, -0.998 0.4628 1.0208, -0.998 0.4669 1.0308, -0.998 0.4595 1.0225, -0.998 0.4634 1.0325, -0.998 0.4561 1.0238, -0.998 0.4598 1.0339, -0.998 0.4527 1.0247, -0.998 0.4559 1.035, -0.998 0.4492 1.0253, -0.998 0.4518 1.0358, -0.998 0.4457 1.0256, -0.998 0.4475 1.0363, -0.998 0.4443 1.0256, -0.998 0.443 1.0365, -0.998 0.4414 1.0365, -1.002 0.3754 0.9676, -0.998 0.3754 0.9676, -0.998 0.3788 0.9678, -1.002 0.3788 0.9678, -0.998 0.3821 0.9682, -1.002 0.3821 0.9682, -0.998 0.3854 0.969, -1.002 0.3854 0.969, -0.998 0.3886 0.9701, -1.002 0.3886 0.9701, -0.998 0.3917 0.9715, -1.002 0.3917 0.9715, -0.998 0.3948 0.9733, -1.002 0.3948 0.9733, -0.998 0.3974 0.975, -1.002 0.3974 0.975, -1.002 0.3974 0.9612, -0.998 0.3974 0.9612, -0.998 0.3942 0.9597, -1.002 0.3942 0.9597, -0.998 0.3908 0.9586, -1.002 0.3908 0.9586, -0.998 0.3872 0.9577, -1.002 0.3872 0.9577, -0.998 0.3834 0.9571, -1.002 0.3834 0.9571, -0.998 0.3793 0.9568, -1.002 0.3793 0.9568, -0.998 0.3767 0.9567, -1.002 0.3767 0.9567, -0.998 0.3724 0.9569, -1.002 0.3724 0.9569, -0.998 0.3685 0.9573, -1.002 0.3685 0.9573, -0.998 0.3648 0.9581, -1.002 0.3648 0.9581, -0.998 0.3616 0.9591, -1.002 0.3616 0.9591, -0.998 0.3586 0.9603, -1.002 0.3586 0.9603, -0.998 0.3559 0.9618, -1.002 0.3559 0.9618, -0.998 0.3545 0.9628, -1.002 0.3545 0.9628, -0.998 0.3523 0.9644, -1.002 0.3523 0.9644, -0.998 0.3505 0.9663, -1.002 0.3505 0.9663, -0.998 0.349 0.9682, -1.002 0.349 0.9682, -0.998 0.3478 0.9703, -1.002 0.3478 0.9703, -0.998 0.3469 0.9725, -1.002 0.3469 0.9725, -0.998 0.3463 0.9749, -1.002 0.3463 0.9749, -0.998 0.3459 0.9775, -1.002 0.3459 0.9775, -0.998 0.3459 0.9792, -1.002 0.3459 0.9792, -0.998 0.346 0.982, -1.002 0.346 0.982, -0.998 0.3465 0.9845, -1.002 0.3465 0.9845, -0.998 0.3472 0.9868, -1.002 0.3472 0.9868, -0.998 0.3483 0.9889, -1.002 0.3483 0.9889, -0.998 0.3495 0.9909, -1.002 0.3495 0.9909, -0.998 0.3503 0.9918, -1.002 0.3503 0.9918, -0.998 0.352 0.9935, -1.002 0.352 0.9935, -0.998 0.3542 0.9951, -1.002 0.3542 0.9951, -0.998 0.3569 0.9969, -1.002 0.3569 0.9969, -0.998 0.3604 0.9987, -1.002 0.3604 0.9987, -0.998 0.3647 1.0006, -1.002 0.3647 1.0006, -0.998 0.3676 1.0017, -1.002 0.3676 1.0017, -0.998 0.3734 1.0041, -1.002 0.3734 1.0041, -0.998 0.377 1.0059, -1.002 0.377 1.0059, -0.998 0.3793 1.0073, -1.002 0.3793 1.0073, -0.998 0.3806 1.0083, -1.002 0.3806 1.0083, -0.998 0.3817 1.0095, -1.002 0.3817 1.0095, -0.998 0.3825 1.0108, -1.002 0.3825 1.0108, -0.998 0.3831 1.0124, -1.002 0.3831 1.0124, -0.998 0.3834 1.0141, -1.002 0.3834 1.0141, -0.998 0.3835 1.0154, -1.002 0.3835 1.0154, -0.998 0.3833 1.0171, -1.002 0.3833 1.0171, -0.998 0.3829 1.0187, -1.002 0.3829 1.0187, -0.998 0.3821 1.0201, -1.002 0.3821 1.0201, -0.998 0.3811 1.0214, -1.002 0.3811 1.0214, -0.998 0.3798 1.0225, -1.002 0.3798 1.0225, -0.998 0.3794 1.0228, -1.002 0.3794 1.0228, -0.998 0.3777 1.0238, -1.002 0.3777 1.0238, -0.998 0.3757 1.0247, -1.002 0.3757 1.0247, -0.998 0.3735 1.0252, -1.002 0.3735 1.0252, -0.998 0.3709 1.0256, -1.002 0.3709 1.0256, -0.998 0.3689 1.0256, -1.002 0.3689 1.0256, -0.998 0.3653 1.0255, -1.002 0.3653 1.0255, -0.998 0.3619 1.025, -1.002 0.3619 1.025, -0.998 0.3586 1.0242, -1.002 0.3586 1.0242, -0.998 0.3555 1.0232, -1.002 0.3555 1.0232, -0.998 0.3525 1.0218, -1.002 0.3525 1.0218, -0.998 0.3495 1.0201, -1.002 0.3495 1.0201, -1.002 0.3495 1.0331, -0.998 0.3495 1.0331, -0.998 0.353 1.0344, -1.002 0.353 1.0344, -0.998 0.3566 1.0353, -1.002 0.3566 1.0353, -0.998 0.3603 1.036, -1.002 0.3603 1.036, -0.998 0.3642 1.0364, -1.002 0.3642 1.0364, -0.998 0.3676 1.0365, -1.002 0.3676 1.0365, -0.998 0.3715 1.0363, -1.002 0.3715 1.0363, -0.998 0.3752 1.0359, -1.002 0.3752 1.0359, -0.998 0.3786 1.0351, -1.002 0.3786 1.0351, -0.998 0.3818 1.0341, -1.002 0.3818 1.0341, -0.998 0.3848 1.0328, -1.002 0.3848 1.0328, -0.998 0.3875 1.0312, -1.002 0.3875 1.0312, -0.998 0.3887 1.0304, -1.002 0.3887 1.0304, -0.998 0.3909 1.0287, -1.002 0.3909 1.0287, -0.998 0.3928 1.0268, -1.002 0.3928 1.0268, -0.998 0.3943 1.0247, -1.002 0.3943 1.0247, -0.998 0.3955 1.0226, -1.002 0.3955 1.0226, -0.998 0.3963 1.0204, -1.002 0.3963 1.0204, -0.998 0.3969 1.0181, -1.002 0.3969 1.0181, -0.998 0.3972 1.0156, -1.002 0.3972 1.0156, -0.998 0.3973 1.0142, -1.002 0.3973 1.0142, -0.998 0.3971 1.0114, -1.002 0.3971 1.0114, -0.998 0.3967 1.0088, -1.002 0.3967 1.0088, -0.998 0.3959 1.0064, -1.002 0.3959 1.0064, -0.998 0.3949 1.0042, -1.002 0.3949 1.0042, -0.998 0.3937 1.0023, -1.002 0.3937 1.0023, -0.998 0.3935 1.0021, -1.002 0.3935 1.0021, -0.998 0.3921 1.0006, -1.002 0.3921 1.0006, -0.998 0.3903 0.999, -1.002 0.3903 0.999, -0.998 0.3879 0.9973, -1.002 0.3879 0.9973, -0.998 0.3848 0.9955, -1.002 0.3848 0.9955, -0.998 0.3808 0.9936, -1.002 0.3808 0.9936, -0.998 0.377 0.992, -1.002 0.377 0.992, -0.998 0.3712 0.9897, -1.002 0.3712 0.9897, -0.998 0.3673 0.9879, -1.002 0.3673 0.9879, -0.998 0.3647 0.9864, -1.002 0.3647 0.9864, -0.998 0.363 0.9852, -1.002 0.363 0.9852, -0.998 0.3617 0.9839, -1.002 0.3617 0.9839, -0.998 0.3607 0.9825, -1.002 0.3607 0.9825, -0.998 0.36 0.9809, -1.002 0.36 0.9809, -0.998 0.3597 0.9793, -1.002 0.3597 0.9793, -0.998 0.3596 0.9779, -1.002 0.3596 0.9779, -0.998 0.3597 0.976, -1.002 0.3597 0.976, -0.998 0.3602 0.9743, -1.002 0.3602 0.9743, -0.998 0.3609 0.9728, -1.002 0.3609 0.9728, -0.998 0.3619 0.9715, -1.002 0.3619 0.9715, -0.998 0.3631 0.9705, -1.002 0.3631 0.9705, -0.998 0.3647 0.9695, -1.002 0.3647 0.9695, -0.998 0.3666 0.9688, -1.002 0.3666 0.9688, -0.998 0.3689 0.9682, -1.002 0.3689 0.9682, -0.998 0.3717 0.9678, -1.002 0.3717 0.9678, -1.002 0.2796 1.0347, -1.002 0.2657 1.0347, -0.998 0.2796 1.0347, -0.998 0.2657 1.0347, -1.002 0.3004 0.9773, -0.998 0.3004 0.9773, -0.998 0.3014 0.9738, -1.002 0.3014 0.9738, -0.998 0.302 0.9712, -1.002 0.302 0.9712, -1.002 0.3024 0.9712, -0.998 0.3024 0.9712, -1.002 0.304 0.9774, -0.998 0.304 0.9774, -1.002 0.3239 1.0347, -0.998 0.3239 1.0347, -1.002 0.3389 1.0347, -0.998 0.3389 1.0347, -1.002 0.309 0.9587, -0.998 0.309 0.9587, -1.002 0.3149 0.9448, -0.998 0.3149 0.9448, -0.998 0.3164 0.9416, -1.002 0.3164 0.9416, -0.998 0.318 0.9393, -1.002 0.318 0.9393, -0.998 0.3199 0.9373, -1.002 0.3199 0.9373, -0.998 0.3219 0.9358, -1.002 0.3219 0.9358, -0.998 0.324 0.9348, -1.002 0.324 0.9348, -0.998 0.3263 0.9342, -1.002 0.3263 0.9342, -0.998 0.3286 0.934, -1.002 0.3286 0.934, -0.998 0.3314 0.9343, -1.002 0.3314 0.9343, -0.998 0.3344 0.935, -1.002 0.3344 0.935, -0.998 0.3361 0.9356, -1.002 0.3361 0.9356, -1.002 0.3361 0.9237, -0.998 0.3361 0.9237, -0.998 0.333 0.923, -1.002 0.333 0.923, -0.998 0.3293 0.9226, -1.002 0.3293 0.9226, -0.998 0.3275 0.9226, -1.002 0.3275 0.9226, -0.998 0.3242 0.9228, -1.002 0.3242 0.9228, -0.998 0.3211 0.9235, -1.002 0.3211 0.9235, -0.998 0.3182 0.9245, -1.002 0.3182 0.9245, -0.998 0.3154 0.9261, -1.002 0.3154 0.9261, -0.998 0.3127 0.928, -1.002 0.3127 0.928, -0.998 0.3101 0.9305, -1.002 0.3101 0.9305, -0.998 0.3076 0.9335, -1.002 0.3076 0.9335, -0.998 0.3052 0.937, -1.002 0.3052 0.937, -0.998 0.3029 0.9412, -1.002 0.3029 0.9412, -0.998 0.3006 0.9461, -1.002 0.3006 0.9461, -0.998 0.3003 0.947, -1.002 0.3003 0.947, -1.002 0.1939 0.9707, -1.002 0.1939 0.9585, -0.998 0.1939 0.9707, -0.998 0.1939 0.9585, -1.002 0.2375 0.9707, -0.998 0.2375 0.9707, -1.002 0.2375 1.0066, -0.998 0.2375 1.0066, -1.002 0.1993 1.0066, -0.998 0.1993 1.0066, -1.002 0.1993 1.0188, -0.998 0.1993 1.0188, -1.002 0.2375 1.0188, -0.998 0.2375 1.0188, -1.002 0.2375 1.053, -0.998 0.2375 1.053, -1.002 0.1963 1.053, -0.998 0.1963 1.053, -1.002 0.1963 1.0653, -0.998 0.1963 1.0653, -1.002 0.2513 1.0653, -0.998 0.2513 1.0653, -1.002 0.2513 0.9585, -0.998 0.2513 0.9585, -1.002 0.1246 0.9741, -1.002 0.1172 0.9639, -1.002 0.1207 0.9759, -1.002 0.1128 0.9662, -1.002 0.1172 0.9781, -1.002 0.1086 0.9688, -1.002 0.114 0.9806, -1.002 0.1047 0.9718, -1.002 0.1127 0.9818, -1.002 0.1029 0.9735, -1.002 0.11 0.9847, -1.002 0.0995 0.9769, -1.002 0.1077 0.9879, -1.002 0.0965 0.9807, -1.002 0.1057 0.9914, -1.002 0.0939 0.9846, -1.002 0.1041 0.9952, -1.002 0.1022 1.0232, -1.002 0.0888 1.0288, -1.002 0.1033 1.0276, -1.002 0.0903 1.0333, -1.002 0.1047 1.0316, -1.002 0.0922 1.0375, -1.002 0.1065 1.0351, -1.002 0.0944 1.0414, -1.002 0.1086 1.0383, -1.002 0.0971 1.0451, -1.002 0.1002 1.0485, -1.002 0.111 1.0411, -1.002 0.1029 1.0511, -1.002 0.113 1.0429, -1.002 0.1068 1.0543, -1.002 0.1163 1.0455, -1.002 0.111 1.0571, -1.002 0.1199 1.0476, -1.002 0.1154 1.0594, -1.002 0.1237 1.0494, -1.002 0.12 1.0614, -1.002 0.1279 1.0509, -1.002 0.1249 1.0629, -1.002 0.1324 1.052, -1.002 0.1301 1.0641, -1.002 0.1373 1.0527, -1.002 0.1355 1.0649, -1.002 0.1425 1.053, -1.002 0.1413 1.0652, -1.002 0.1438 1.053, -1.002 0.1433 1.0653, -1.002 0.1599 1.053, -1.002 0.1737 1.0653, -1.002 0.1599 0.9707, -1.002 0.1737 0.9585, -1.002 0.1444 0.9707, -1.002 0.1443 0.9585, -1.002 0.1388 0.9709, -1.002 0.1382 0.9587, -1.002 0.1336 0.9716, -1.002 0.1324 0.9594, -1.002 0.1289 0.9726, -1.002 0.127 0.9605, -1.002 0.1219 0.962, -1.002 0.0917 0.9888, -1.002 0.09 0.9932, -1.002 0.1028 0.9994, -1.002 0.0886 0.9978, -1.002 0.1019 1.0039, -1.002 0.0876 1.0028, -1.002 0.1014 1.0088, -1.002 0.087 1.0081, -1.002 0.1013 1.0129, -1.002 0.0868 1.0132, -1.002 0.1015 1.0182, -1.002 0.087 1.0187, -1.002 0.0877 1.0239, -0.998 0.1163 1.0455, -0.998 0.1068 1.0543, -0.998 0.113 1.0429, -0.998 0.1029 1.0511, -0.998 0.111 1.0411, -0.998 0.1002 1.0485, -0.998 0.1086 1.0383, -0.998 0.0971 1.0451, -0.998 0.1065 1.0351, -0.998 0.0944 1.0414, -0.998 0.1047 1.0316, -0.998 0.0922 1.0375, -0.998 0.1033 1.0276, -0.998 0.1207 0.9759, -0.998 0.1172 0.9639, -0.998 0.1246 0.9741, -0.998 0.1219 0.962, -0.998 0.1289 0.9726, -0.998 0.127 0.9605, -0.998 0.1336 0.9716, -0.998 0.1324 0.9594, -0.998 0.1388 0.9709, -0.998 0.1382 0.9587, -0.998 0.1444 0.9707, -0.998 0.1443 0.9585, -0.998 0.1599 0.9707, -0.998 0.1737 0.9585, -0.998 0.1599 1.053, -0.998 0.1737 1.0653, -0.998 0.1438 1.053, -0.998 0.1433 1.0653, -0.998 0.1425 1.053, -0.998 0.1413 1.0652, -0.998 0.1373 1.0527, -0.998 0.1355 1.0649, -0.998 0.1324 1.052, -0.998 0.1301 1.0641, -0.998 0.1279 1.0509, -0.998 0.1249 1.0629, -0.998 0.1237 1.0494, -0.998 0.12 1.0614, -0.998 0.1199 1.0476, -0.998 0.1154 1.0594, -0.998 0.111 1.0571, -0.998 0.1028 0.9994, -0.998 0.09 0.9932, -0.998 0.1041 0.9952, -0.998 0.0917 0.9888, -0.998 0.1057 0.9914, -0.998 0.0939 0.9846, -0.998 0.1077 0.9879, -0.998 0.0965 0.9807, -0.998 0.11 0.9847, -0.998 0.0995 0.9769, -0.998 0.1127 0.9818, -0.998 0.1029 0.9735, -0.998 0.114 0.9806, -0.998 0.1047 0.9718, -0.998 0.1172 0.9781, -0.998 0.1086 0.9688, -0.998 0.1128 0.9662, -0.998 0.0903 1.0333, -0.998 0.0888 1.0288, -0.998 0.1022 1.0232, -0.998 0.0877 1.0239, -0.998 0.1015 1.0182, -0.998 0.087 1.0187, -0.998 0.1013 1.0129, -0.998 0.0868 1.0132, -0.998 0.1014 1.0088, -0.998 0.087 1.0081, -0.998 0.1019 1.0039, -0.998 0.0876 1.0028, -0.998 0.0886 0.9978, -1.002 0.051 0.9998, -1.002 0.0351 1.0441, -1.002 0.0402 1.0653, -1.002 0.0809 0.9585, -1.002 0.0656 0.9585, -1.002 0.0554 0.9877, -1.002 0.0341 1.0473, -1.002 0.0333 1.0516, -1.002 0.0255 1.0653, -1.002 0.033 1.0516, -1.002 0.0321 1.0471, -1.002 0.0313 1.0441, -1.002 0.0152 0.9998, -1.002 -0.0152 0.9585, -1.002 0.0 0.9585, -1.002 0.0109 0.9877, -0.998 0.0554 0.9877, -0.998 0.051 0.9998, -0.998 0.0109 0.9877, -0.998 0.0152 0.9998, -0.998 0.0313 1.0441, -0.998 0.0255 1.0653, -0.998 -0.0152 0.9585, -0.998 0.0 0.9585, -0.998 0.0321 1.0471, -0.998 0.033 1.0516, -0.998 0.0402 1.0653, -0.998 0.0333 1.0516, -0.998 0.0341 1.0473, -0.998 0.0351 1.0441, -0.998 0.0809 0.9585, -0.998 0.0656 0.9585
            ]
        }
        coordIndex [
            0,1,2,-1,3,4,5,-1,6,7,8,-1,9,10,11,-1,11,10,12,-1,11,12,13,-1,14,15,16,-1,17,18,2,-1,2,18,19,-1,2,19,0,-1,20,21,22,-1,22,21,23,-1,22,23,24,-1,24,23,25,-1,24,25,26,-1,26,25,27,-1,26,27,28,-1,29,30,23,-1,23,30,31,-1,23,31,25,-1,25,31,32,-1,25,32,33,-1,34,35,36,-1,36,35,2,-1,36,2,37,-1,38,39,40,-1,41,1,42,-1,42,1,43,-1,42,43,44,-1,16,15,45,-1,45,15,46,-1,45,46,47,-1,47,46,48,-1,47,48,49,-1,8,7,50,-1,50,7,51,-1,50,51,52,-1,53,54,2,-1,2,54,55,-1,2,55,17,-1,38,40,56,-1,56,40,57,-1,56,57,58,-1,58,57,59,-1,58,59,60,-1,28,61,26,-1,26,61,62,-1,26,62,63,-1,64,65,66,-1,66,65,67,-1,66,67,68,-1,68,67,69,-1,68,69,70,-1,64,66,71,-1,71,66,72,-1,71,72,73,-1,73,72,74,-1,73,74,75,-1,75,74,76,-1,75,76,77,-1,69,78,70,-1,70,78,79,-1,70,79,80,-1,80,79,81,-1,80,81,34,-1,34,81,82,-1,34,82,35,-1,83,84,85,-1,85,84,86,-1,85,86,87,-1,87,86,88,-1,87,88,89,-1,89,88,90,-1,89,90,91,-1,92,93,94,-1,94,93,95,-1,94,95,53,-1,53,95,96,-1,53,96,54,-1,39,38,97,-1,97,38,98,-1,97,98,99,-1,99,98,100,-1,99,100,101,-1,101,100,102,-1,101,102,5,-1,5,102,103,-1,5,103,3,-1,41,104,1,-1,1,104,105,-1,1,105,2,-1,2,105,106,-1,2,106,37,-1,16,107,14,-1,14,107,108,-1,14,108,109,-1,109,108,110,-1,109,110,111,-1,111,110,112,-1,111,112,113,-1,113,112,114,-1,113,114,115,-1,8,116,6,-1,6,116,117,-1,6,117,118,-1,118,117,119,-1,118,119,120,-1,120,119,121,-1,120,121,122,-1,122,121,5,-1,122,5,123,-1,123,5,4,-1,11,124,9,-1,9,124,125,-1,9,125,126,-1,126,125,127,-1,126,127,128,-1,129,130,131,-1,131,130,132,-1,131,132,133,-1,133,132,134,-1,133,134,92,-1,92,134,135,-1,92,135,93,-1,77,76,23,-1,23,76,136,-1,23,136,29,-1,43,137,44,-1,44,137,138,-1,44,138,139,-1,139,138,140,-1,139,140,141,-1,142,143,144,-1,144,143,145,-1,144,145,146,-1,146,145,147,-1,146,147,83,-1,83,147,148,-1,83,148,84,-1,114,149,115,-1,115,149,150,-1,115,150,151,-1,151,150,152,-1,151,152,142,-1,142,152,153,-1,142,153,143,-1,33,154,25,-1,25,154,155,-1,25,155,156,-1,156,155,141,-1,156,141,157,-1,157,141,140,-1,158,159,160,-1,161,162,163,-1,163,162,164,-1,165,166,167,-1,167,166,168,-1,167,168,169,-1,169,168,170,-1,169,170,171,-1,171,170,172,-1,171,172,173,-1,173,172,174,-1,173,174,129,-1,129,174,175,-1,129,175,130,-1,13,176,11,-1,11,176,177,-1,11,177,178,-1,178,177,179,-1,178,179,180,-1,180,179,91,-1,180,91,181,-1,181,91,90,-1,182,183,158,-1,158,183,184,-1,158,184,159,-1,48,185,49,-1,49,185,158,-1,49,158,186,-1,186,158,160,-1,52,51,187,-1,187,51,188,-1,187,188,161,-1,161,188,189,-1,161,189,162,-1,190,191,192,-1,191,193,192,-1,192,193,194,-1,192,194,195,-1,59,196,60,-1,60,196,197,-1,60,197,198,-1,198,197,199,-1,198,199,165,-1,165,199,200,-1,165,200,166,-1,182,158,192,-1,192,158,201,-1,192,201,190,-1,127,202,128,-1,128,202,203,-1,128,203,204,-1,204,203,205,-1,204,205,206,-1,206,205,207,-1,206,207,208,-1,208,207,209,-1,208,209,210,-1,210,209,211,-1,210,211,164,-1,164,211,212,-1,164,212,163,-1,213,214,215,-1,215,214,216,-1,215,216,217,-1,218,219,220,-1,218,220,221,-1,216,222,217,-1,217,222,223,-1,217,223,224,-1,224,223,225,-1,226,227,228,-1,229,230,231,-1,231,230,232,-1,233,234,235,-1,235,234,236,-1,235,236,237,-1,237,236,238,-1,237,238,239,-1,240,241,242,-1,243,244,245,-1,246,247,217,-1,217,247,248,-1,217,248,215,-1,215,248,249,-1,228,250,226,-1,226,250,220,-1,226,220,251,-1,251,220,219,-1,232,252,231,-1,231,252,253,-1,231,253,254,-1,254,253,239,-1,254,239,255,-1,255,239,238,-1,256,257,258,-1,258,257,259,-1,258,259,260,-1,260,259,261,-1,260,261,262,-1,242,241,263,-1,263,241,264,-1,263,264,265,-1,266,267,261,-1,245,244,268,-1,268,244,269,-1,268,269,217,-1,217,269,270,-1,217,270,246,-1,227,226,271,-1,271,226,272,-1,271,272,273,-1,245,274,243,-1,243,274,275,-1,243,275,276,-1,276,275,277,-1,276,277,278,-1,278,277,279,-1,278,279,280,-1,280,279,271,-1,280,271,281,-1,281,271,273,-1,282,283,223,-1,223,283,284,-1,223,284,225,-1,265,264,285,-1,285,264,286,-1,285,286,231,-1,231,286,287,-1,231,287,229,-1,288,289,290,-1,290,289,291,-1,290,291,292,-1,292,291,293,-1,292,293,294,-1,294,293,295,-1,294,295,296,-1,297,298,299,-1,299,298,300,-1,299,300,301,-1,301,300,302,-1,301,302,303,-1,267,304,261,-1,261,304,305,-1,261,305,262,-1,306,307,308,-1,308,307,309,-1,308,309,310,-1,311,312,313,-1,313,312,314,-1,313,314,315,-1,315,314,316,-1,315,316,317,-1,317,316,318,-1,317,318,319,-1,319,318,320,-1,319,320,306,-1,306,320,321,-1,306,321,307,-1,322,323,311,-1,249,324,215,-1,215,324,325,-1,215,325,326,-1,326,325,327,-1,326,327,328,-1,328,327,329,-1,328,329,330,-1,330,329,331,-1,331,329,332,-1,331,332,333,-1,333,332,334,-1,333,334,335,-1,335,334,336,-1,336,334,337,-1,336,337,338,-1,338,337,339,-1,339,337,340,-1,339,340,341,-1,341,340,342,-1,341,342,343,-1,343,342,344,-1,344,342,345,-1,344,345,346,-1,346,345,347,-1,346,347,226,-1,226,347,348,-1,226,348,272,-1,309,349,310,-1,310,349,350,-1,310,350,351,-1,351,350,352,-1,351,352,353,-1,353,352,354,-1,353,354,233,-1,233,354,355,-1,233,355,234,-1,323,356,311,-1,311,356,357,-1,311,357,312,-1,358,359,360,-1,360,359,361,-1,302,362,303,-1,303,362,363,-1,303,363,364,-1,364,363,365,-1,364,365,288,-1,288,365,366,-1,288,366,289,-1,261,367,266,-1,266,367,368,-1,266,368,369,-1,369,368,370,-1,369,370,371,-1,371,370,372,-1,371,372,373,-1,373,372,374,-1,373,374,297,-1,297,374,375,-1,297,375,298,-1,295,376,296,-1,296,376,377,-1,296,377,378,-1,378,377,379,-1,378,379,380,-1,380,379,381,-1,380,381,382,-1,382,381,383,-1,382,383,384,-1,384,383,385,-1,384,385,386,-1,386,385,387,-1,386,387,360,-1,360,387,388,-1,360,388,358,-1,361,389,360,-1,360,389,390,-1,360,390,391,-1,221,220,311,-1,311,220,392,-1,311,392,393,-1,394,395,391,-1,391,395,396,-1,391,396,397,-1,393,398,311,-1,311,398,399,-1,311,399,322,-1,400,401,402,-1,402,401,403,-1,402,403,256,-1,256,403,404,-1,256,404,257,-1,242,405,240,-1,240,405,406,-1,240,406,407,-1,407,406,408,-1,407,408,409,-1,409,408,410,-1,409,410,411,-1,411,410,412,-1,411,412,413,-1,413,412,414,-1,413,414,415,-1,415,414,416,-1,415,416,417,-1,417,416,418,-1,417,418,419,-1,419,418,420,-1,419,420,421,-1,421,420,422,-1,421,422,400,-1,400,422,423,-1,400,423,401,-1,397,424,391,-1,391,424,425,-1,391,425,360,-1,145,362,302,-1,145,302,147,-1,147,302,300,-1,147,300,148,-1,148,300,298,-1,148,298,84,-1,84,298,375,-1,84,375,86,-1,86,375,374,-1,86,374,88,-1,88,374,372,-1,88,372,90,-1,90,372,370,-1,90,370,181,-1,181,370,368,-1,181,368,180,-1,180,368,367,-1,180,367,178,-1,178,367,261,-1,178,261,11,-1,11,261,259,-1,11,259,124,-1,124,259,257,-1,124,257,125,-1,125,257,404,-1,125,404,127,-1,127,404,403,-1,127,403,202,-1,202,403,401,-1,202,401,203,-1,203,401,423,-1,203,423,205,-1,205,423,422,-1,205,422,207,-1,207,422,420,-1,207,420,209,-1,209,420,418,-1,209,418,211,-1,211,418,416,-1,211,416,212,-1,212,416,414,-1,212,414,163,-1,163,414,412,-1,163,412,161,-1,161,412,410,-1,161,410,187,-1,187,410,408,-1,187,408,52,-1,52,408,406,-1,52,406,50,-1,50,406,405,-1,50,405,8,-1,8,405,242,-1,8,242,116,-1,116,242,263,-1,116,263,117,-1,117,263,265,-1,117,265,119,-1,119,265,285,-1,119,285,121,-1,121,285,231,-1,121,231,5,-1,5,231,254,-1,5,254,101,-1,101,254,255,-1,101,255,99,-1,99,255,238,-1,99,238,97,-1,97,238,236,-1,97,236,39,-1,39,236,234,-1,39,234,40,-1,40,234,355,-1,40,355,57,-1,57,355,354,-1,57,354,59,-1,59,354,352,-1,59,352,196,-1,196,352,350,-1,196,350,197,-1,197,350,349,-1,197,349,199,-1,199,349,309,-1,199,309,200,-1,200,309,307,-1,200,307,166,-1,166,307,321,-1,166,321,168,-1,168,321,320,-1,168,320,170,-1,170,320,318,-1,170,318,172,-1,172,318,316,-1,172,316,174,-1,174,316,314,-1,174,314,175,-1,175,314,312,-1,175,312,130,-1,130,312,357,-1,130,357,132,-1,132,357,356,-1,132,356,134,-1,134,356,323,-1,134,323,135,-1,135,323,322,-1,135,322,93,-1,93,322,399,-1,93,399,95,-1,95,399,398,-1,95,398,96,-1,96,398,393,-1,96,393,54,-1,54,393,392,-1,54,392,55,-1,55,392,220,-1,55,220,17,-1,17,220,250,-1,17,250,18,-1,18,250,228,-1,18,228,19,-1,19,228,227,-1,19,227,0,-1,0,227,271,-1,0,271,1,-1,1,271,279,-1,1,279,43,-1,43,279,277,-1,43,277,137,-1,137,277,275,-1,137,275,138,-1,138,275,274,-1,138,274,140,-1,140,274,245,-1,140,245,157,-1,157,245,268,-1,157,268,156,-1,156,268,217,-1,156,217,25,-1,25,217,224,-1,25,224,27,-1,27,224,225,-1,27,225,28,-1,28,225,284,-1,28,284,61,-1,61,284,283,-1,61,283,62,-1,62,283,282,-1,62,282,63,-1,63,282,223,-1,63,223,26,-1,26,223,222,-1,26,222,24,-1,22,24,216,-1,216,24,222,-1,20,22,214,-1,214,22,216,-1,21,20,213,-1,213,20,214,-1,23,21,215,-1,215,21,213,-1,23,215,326,-1,23,326,77,-1,77,326,328,-1,77,328,75,-1,75,328,330,-1,75,330,73,-1,73,330,331,-1,73,331,71,-1,71,331,333,-1,71,333,64,-1,64,333,335,-1,64,335,65,-1,65,335,336,-1,65,336,67,-1,67,336,338,-1,67,338,69,-1,69,338,339,-1,69,339,78,-1,78,339,341,-1,78,341,79,-1,79,341,343,-1,79,343,81,-1,81,343,344,-1,81,344,82,-1,82,344,346,-1,82,346,35,-1,35,346,226,-1,35,226,2,-1,2,226,251,-1,2,251,53,-1,53,251,219,-1,53,219,94,-1,94,219,218,-1,94,218,92,-1,92,218,221,-1,92,221,133,-1,133,221,311,-1,133,311,131,-1,131,311,313,-1,131,313,129,-1,129,313,315,-1,129,315,173,-1,173,315,317,-1,173,317,171,-1,171,317,319,-1,171,319,169,-1,169,319,306,-1,169,306,167,-1,167,306,308,-1,167,308,165,-1,165,308,310,-1,165,310,198,-1,198,310,351,-1,198,351,60,-1,60,351,353,-1,60,353,58,-1,58,353,233,-1,58,233,56,-1,56,233,235,-1,56,235,38,-1,38,235,237,-1,38,237,98,-1,98,237,239,-1,98,239,100,-1,100,239,253,-1,100,253,102,-1,102,253,252,-1,102,252,103,-1,103,252,232,-1,103,232,3,-1,3,232,230,-1,3,230,4,-1,4,230,229,-1,4,229,123,-1,123,229,287,-1,123,287,122,-1,122,287,286,-1,122,286,120,-1,120,286,264,-1,120,264,118,-1,118,264,241,-1,118,241,6,-1,6,241,240,-1,6,240,7,-1,7,240,407,-1,7,407,51,-1,51,407,409,-1,51,409,188,-1,188,409,411,-1,188,411,189,-1,189,411,413,-1,189,413,162,-1,162,413,415,-1,162,415,164,-1,164,415,417,-1,164,417,210,-1,210,417,419,-1,210,419,208,-1,208,419,421,-1,208,421,206,-1,206,421,400,-1,206,400,204,-1,204,400,402,-1,204,402,128,-1,128,402,256,-1,128,256,126,-1,126,256,258,-1,126,258,9,-1,9,258,260,-1,9,260,10,-1,10,260,262,-1,10,262,12,-1,12,262,305,-1,12,305,13,-1,176,13,304,-1,304,13,305,-1,176,304,267,-1,176,267,177,-1,177,267,266,-1,177,266,179,-1,179,266,369,-1,179,369,91,-1,91,369,371,-1,91,371,89,-1,89,371,373,-1,89,373,87,-1,87,373,297,-1,87,297,85,-1,85,297,299,-1,85,299,83,-1,83,299,301,-1,83,301,146,-1,146,301,303,-1,146,303,144,-1,144,303,364,-1,144,364,142,-1,142,364,288,-1,142,288,151,-1,151,288,290,-1,151,290,115,-1,115,290,292,-1,115,292,113,-1,113,292,294,-1,113,294,111,-1,111,294,296,-1,111,296,109,-1,109,296,378,-1,109,378,14,-1,14,378,380,-1,14,380,15,-1,15,380,382,-1,15,382,46,-1,48,46,384,-1,384,46,382,-1,48,384,386,-1,48,386,185,-1,185,386,360,-1,185,360,158,-1,158,360,425,-1,158,425,201,-1,201,425,424,-1,201,424,190,-1,190,424,397,-1,190,397,191,-1,191,397,396,-1,191,396,193,-1,193,396,395,-1,193,395,194,-1,194,395,394,-1,194,394,195,-1,195,394,391,-1,195,391,192,-1,192,391,390,-1,192,390,182,-1,182,390,389,-1,182,389,183,-1,183,389,361,-1,183,361,184,-1,184,361,359,-1,184,359,159,-1,159,359,358,-1,159,358,160,-1,160,358,388,-1,160,388,186,-1,186,388,387,-1,186,387,49,-1,49,387,385,-1,49,385,47,-1,45,47,383,-1,383,47,385,-1,45,383,381,-1,45,381,16,-1,16,381,379,-1,16,379,107,-1,107,379,377,-1,107,377,108,-1,108,377,376,-1,108,376,110,-1,110,376,295,-1,110,295,112,-1,112,295,293,-1,112,293,114,-1,114,293,291,-1,114,291,149,-1,149,291,289,-1,149,289,150,-1,150,289,366,-1,150,366,152,-1,152,366,365,-1,152,365,153,-1,153,365,363,-1,153,363,143,-1,143,363,362,-1,143,362,145,-1,66,334,332,-1,66,332,72,-1,72,332,329,-1,72,329,74,-1,74,329,327,-1,74,327,76,-1,76,327,325,-1,76,325,136,-1,136,325,324,-1,136,324,29,-1,29,324,249,-1,29,249,30,-1,30,249,248,-1,30,248,31,-1,31,248,247,-1,31,247,32,-1,32,247,246,-1,32,246,33,-1,33,246,270,-1,33,270,154,-1,154,270,269,-1,154,269,155,-1,155,269,244,-1,155,244,141,-1,141,244,243,-1,141,243,139,-1,139,243,276,-1,139,276,44,-1,44,276,278,-1,44,278,42,-1,42,278,280,-1,42,280,41,-1,41,280,281,-1,41,281,104,-1,104,281,273,-1,104,273,105,-1,105,273,272,-1,105,272,106,-1,106,272,348,-1,106,348,37,-1,37,348,347,-1,37,347,36,-1,36,347,345,-1,36,345,34,-1,34,345,342,-1,34,342,80,-1,80,342,340,-1,80,340,70,-1,70,340,337,-1,70,337,68,-1,68,337,334,-1,68,334,66,-1,426,427,428,-1,428,427,429,-1,430,426,431,-1,431,426,428,-1,432,430,433,-1,433,430,431,-1,434,432,435,-1,435,432,433,-1,436,434,437,-1,437,434,435,-1,427,436,429,-1,429,436,437,-1,432,434,430,-1,430,434,436,-1,430,436,426,-1,426,436,427,-1,428,429,431,-1,431,429,437,-1,431,437,433,-1,433,437,435,-1,438,439,440,-1,438,440,441,-1,441,440,442,-1,441,442,443,-1,443,442,444,-1,443,444,445,-1,445,444,446,-1,445,446,447,-1,447,446,448,-1,447,448,449,-1,449,448,450,-1,449,450,451,-1,452,451,453,-1,453,451,450,-1,452,453,454,-1,452,454,455,-1,455,454,456,-1,455,456,457,-1,457,456,458,-1,457,458,459,-1,459,458,460,-1,459,460,461,-1,461,460,462,-1,461,462,463,-1,463,462,464,-1,463,464,465,-1,465,464,466,-1,465,466,467,-1,467,466,468,-1,467,468,469,-1,469,468,470,-1,469,470,471,-1,471,470,472,-1,471,472,473,-1,473,472,474,-1,473,474,475,-1,475,474,476,-1,475,476,477,-1,477,476,478,-1,477,478,479,-1,479,478,480,-1,479,480,481,-1,481,480,482,-1,481,482,483,-1,483,482,484,-1,483,484,485,-1,485,484,486,-1,485,486,487,-1,487,486,488,-1,487,488,489,-1,489,488,490,-1,489,490,491,-1,491,490,492,-1,491,492,493,-1,493,492,494,-1,493,494,495,-1,495,494,496,-1,495,496,497,-1,497,496,498,-1,497,498,499,-1,499,498,500,-1,499,500,501,-1,501,500,502,-1,501,502,503,-1,503,502,504,-1,503,504,505,-1,505,504,506,-1,505,506,507,-1,507,506,508,-1,507,508,509,-1,509,508,510,-1,509,510,511,-1,511,510,512,-1,511,512,513,-1,513,512,514,-1,513,514,515,-1,515,514,516,-1,515,516,517,-1,517,516,518,-1,517,518,519,-1,519,518,520,-1,519,520,521,-1,521,520,522,-1,521,522,523,-1,523,522,524,-1,523,524,525,-1,525,524,526,-1,525,526,527,-1,527,526,528,-1,527,528,529,-1,529,528,530,-1,529,530,531,-1,531,530,532,-1,531,532,533,-1,533,532,534,-1,533,534,535,-1,535,534,536,-1,535,536,537,-1,537,536,538,-1,537,538,539,-1,539,538,540,-1,539,540,541,-1,542,541,543,-1,543,541,540,-1,542,543,544,-1,542,544,545,-1,545,544,546,-1,545,546,547,-1,547,546,548,-1,547,548,549,-1,549,548,550,-1,549,550,551,-1,551,550,552,-1,551,552,553,-1,553,552,554,-1,553,554,555,-1,555,554,556,-1,555,556,557,-1,557,556,558,-1,557,558,559,-1,559,558,560,-1,559,560,561,-1,561,560,562,-1,561,562,563,-1,563,562,564,-1,563,564,565,-1,565,564,566,-1,565,566,567,-1,567,566,568,-1,567,568,569,-1,569,568,570,-1,569,570,571,-1,571,570,572,-1,571,572,573,-1,573,572,574,-1,573,574,575,-1,575,574,576,-1,575,576,577,-1,577,576,578,-1,577,578,579,-1,579,578,580,-1,579,580,581,-1,581,580,582,-1,581,582,583,-1,583,582,584,-1,583,584,585,-1,585,584,586,-1,585,586,587,-1,587,586,588,-1,587,588,589,-1,589,588,590,-1,589,590,591,-1,591,590,592,-1,591,592,593,-1,593,592,594,-1,593,594,595,-1,595,594,596,-1,595,596,597,-1,597,596,598,-1,597,598,599,-1,599,598,600,-1,599,600,601,-1,601,600,602,-1,601,602,603,-1,603,602,604,-1,603,604,605,-1,605,604,606,-1,605,606,607,-1,607,606,608,-1,607,608,609,-1,609,608,610,-1,609,610,611,-1,611,610,612,-1,611,612,613,-1,613,612,614,-1,613,614,615,-1,615,614,616,-1,615,616,617,-1,617,616,618,-1,617,618,619,-1,619,618,620,-1,619,620,621,-1,621,620,622,-1,621,622,623,-1,623,622,439,-1,623,439,438,-1,539,541,542,-1,483,603,605,-1,483,605,481,-1,481,605,607,-1,481,607,479,-1,479,607,609,-1,479,609,477,-1,477,609,611,-1,477,611,475,-1,475,611,613,-1,475,613,473,-1,459,447,457,-1,457,447,449,-1,457,449,455,-1,455,449,451,-1,455,451,452,-1,613,615,473,-1,473,615,617,-1,473,617,471,-1,471,617,619,-1,471,619,469,-1,469,619,621,-1,469,621,467,-1,467,621,623,-1,467,623,465,-1,465,623,438,-1,465,438,463,-1,463,438,441,-1,463,441,461,-1,461,441,443,-1,461,443,459,-1,459,443,445,-1,459,445,447,-1,515,569,513,-1,513,569,571,-1,513,571,511,-1,511,571,573,-1,511,573,509,-1,509,573,575,-1,509,575,507,-1,507,575,577,-1,507,577,505,-1,505,577,579,-1,505,579,503,-1,503,579,581,-1,503,581,501,-1,539,542,537,-1,537,542,545,-1,537,545,535,-1,535,545,547,-1,535,547,533,-1,533,547,549,-1,533,549,531,-1,531,549,551,-1,531,551,529,-1,529,551,553,-1,529,553,527,-1,527,553,555,-1,527,555,525,-1,525,555,557,-1,525,557,523,-1,523,557,559,-1,523,559,521,-1,521,559,561,-1,521,561,519,-1,519,561,563,-1,519,563,517,-1,517,563,565,-1,517,565,515,-1,515,565,567,-1,515,567,569,-1,603,483,601,-1,601,483,485,-1,601,485,599,-1,599,485,487,-1,599,487,597,-1,597,487,489,-1,597,489,595,-1,595,489,491,-1,595,491,593,-1,593,491,591,-1,591,491,493,-1,591,493,589,-1,581,583,501,-1,501,583,585,-1,501,585,499,-1,499,585,587,-1,499,587,497,-1,497,587,589,-1,497,589,495,-1,495,589,493,-1,454,453,450,-1,454,450,456,-1,470,616,472,-1,472,616,614,-1,472,614,474,-1,474,614,612,-1,474,612,476,-1,476,612,610,-1,476,610,478,-1,478,610,608,-1,478,608,480,-1,540,538,543,-1,543,538,536,-1,543,536,544,-1,544,536,534,-1,608,606,480,-1,480,606,604,-1,480,604,482,-1,482,604,602,-1,482,602,484,-1,484,602,600,-1,484,600,486,-1,486,600,598,-1,486,598,488,-1,450,448,456,-1,456,448,446,-1,456,446,458,-1,458,446,444,-1,458,444,460,-1,460,444,442,-1,460,442,462,-1,462,442,440,-1,462,440,464,-1,464,440,439,-1,464,439,466,-1,466,439,622,-1,466,622,468,-1,468,622,620,-1,468,620,470,-1,470,620,618,-1,470,618,616,-1,508,572,510,-1,510,572,570,-1,510,570,512,-1,512,570,568,-1,512,568,514,-1,514,568,566,-1,514,566,516,-1,516,566,564,-1,516,564,518,-1,518,564,562,-1,518,562,520,-1,520,562,560,-1,520,560,522,-1,522,560,558,-1,522,558,524,-1,524,558,556,-1,524,556,526,-1,526,556,554,-1,526,554,528,-1,528,554,552,-1,528,552,530,-1,530,552,550,-1,530,550,532,-1,532,550,548,-1,532,548,534,-1,534,548,546,-1,534,546,544,-1,588,586,498,-1,498,586,584,-1,498,584,500,-1,500,584,582,-1,500,582,502,-1,502,582,580,-1,502,580,504,-1,504,580,578,-1,504,578,506,-1,506,578,576,-1,506,576,508,-1,508,576,574,-1,508,574,572,-1,598,596,488,-1,488,596,594,-1,488,594,490,-1,490,594,592,-1,490,592,492,-1,492,592,590,-1,492,590,494,-1,494,590,588,-1,494,588,496,-1,496,588,498,-1,624,625,626,-1,626,625,627,-1,628,624,629,-1,629,624,626,-1,630,628,631,-1,631,628,629,-1,632,630,633,-1,633,630,631,-1,634,632,635,-1,635,632,633,-1,636,634,637,-1,637,634,635,-1,638,636,639,-1,639,636,637,-1,640,638,641,-1,641,638,639,-1,642,640,643,-1,643,640,641,-1,644,642,645,-1,645,642,643,-1,646,644,647,-1,647,644,645,-1,625,646,627,-1,627,646,647,-1,646,625,624,-1,624,628,646,-1,646,628,630,-1,646,630,644,-1,640,642,638,-1,638,642,644,-1,638,644,636,-1,636,644,630,-1,636,630,634,-1,634,630,632,-1,635,633,637,-1,637,633,631,-1,643,641,645,-1,645,641,639,-1,626,627,629,-1,629,627,647,-1,629,647,631,-1,631,647,645,-1,631,645,637,-1,637,645,639,-1,648,649,650,-1,650,649,651,-1,650,651,652,-1,652,651,653,-1,652,653,654,-1,654,653,655,-1,654,655,656,-1,656,655,657,-1,656,657,658,-1,658,657,659,-1,658,659,660,-1,660,659,661,-1,660,661,662,-1,662,661,663,-1,662,663,664,-1,665,666,667,-1,667,666,668,-1,667,668,669,-1,669,668,670,-1,669,670,671,-1,671,670,672,-1,671,672,673,-1,672,674,673,-1,673,674,675,-1,673,675,676,-1,676,675,677,-1,676,677,678,-1,678,677,679,-1,678,679,680,-1,680,679,681,-1,680,681,682,-1,682,681,683,-1,682,683,684,-1,684,683,685,-1,684,685,686,-1,686,685,687,-1,686,687,688,-1,688,687,689,-1,688,689,690,-1,690,689,691,-1,690,691,692,-1,692,691,693,-1,692,693,694,-1,694,693,695,-1,694,695,696,-1,696,695,697,-1,696,697,698,-1,698,697,699,-1,698,699,700,-1,700,699,701,-1,700,701,702,-1,702,701,703,-1,702,703,704,-1,704,703,705,-1,704,705,706,-1,706,705,707,-1,706,707,648,-1,648,707,708,-1,648,708,649,-1,663,709,664,-1,664,709,710,-1,664,710,711,-1,711,710,712,-1,711,712,713,-1,713,712,714,-1,713,714,715,-1,715,714,716,-1,715,716,717,-1,717,716,718,-1,717,718,719,-1,719,718,720,-1,719,720,665,-1,665,720,721,-1,665,721,666,-1,722,723,724,-1,724,723,725,-1,724,725,726,-1,726,725,727,-1,726,727,728,-1,728,727,729,-1,728,729,730,-1,730,729,731,-1,730,731,732,-1,732,731,733,-1,732,733,734,-1,735,736,737,-1,737,736,738,-1,737,738,739,-1,739,738,740,-1,739,740,741,-1,741,740,742,-1,741,742,743,-1,743,742,744,-1,743,744,745,-1,745,744,746,-1,745,746,747,-1,747,746,748,-1,747,748,749,-1,749,748,750,-1,749,750,751,-1,751,750,752,-1,751,752,753,-1,753,752,754,-1,753,754,755,-1,755,754,756,-1,755,756,757,-1,757,756,758,-1,757,758,759,-1,759,758,760,-1,759,760,761,-1,761,760,762,-1,761,762,763,-1,763,762,764,-1,763,764,722,-1,722,764,765,-1,722,765,723,-1,766,767,768,-1,768,767,769,-1,768,769,770,-1,770,769,771,-1,770,771,772,-1,772,771,773,-1,772,773,774,-1,774,773,775,-1,774,775,776,-1,776,775,777,-1,776,777,778,-1,778,777,779,-1,778,779,780,-1,780,779,781,-1,780,781,735,-1,735,781,782,-1,735,782,736,-1,733,783,734,-1,734,783,784,-1,734,784,785,-1,785,784,786,-1,785,786,787,-1,787,786,788,-1,787,788,789,-1,789,788,790,-1,789,790,791,-1,791,790,792,-1,791,792,793,-1,793,792,794,-1,793,794,766,-1,766,794,795,-1,766,795,767,-1,701,699,746,-1,746,699,748,-1,701,746,744,-1,701,744,703,-1,703,744,742,-1,703,742,705,-1,705,742,740,-1,705,740,707,-1,707,740,738,-1,707,738,708,-1,708,738,736,-1,708,736,649,-1,649,736,782,-1,649,782,651,-1,651,782,781,-1,651,781,653,-1,653,781,779,-1,653,779,655,-1,655,779,777,-1,655,777,657,-1,657,777,775,-1,657,775,659,-1,659,775,773,-1,659,773,661,-1,661,773,771,-1,661,771,663,-1,663,771,769,-1,663,769,709,-1,709,769,767,-1,709,767,710,-1,710,767,795,-1,710,795,712,-1,712,795,794,-1,712,794,714,-1,714,794,792,-1,714,792,716,-1,716,792,790,-1,716,790,718,-1,718,790,788,-1,718,788,720,-1,720,788,786,-1,720,786,721,-1,721,786,784,-1,721,784,666,-1,666,784,783,-1,666,783,668,-1,668,783,733,-1,668,733,670,-1,670,733,731,-1,670,731,672,-1,672,731,729,-1,672,729,674,-1,674,729,727,-1,674,727,675,-1,675,727,725,-1,675,725,677,-1,677,725,723,-1,677,723,679,-1,679,723,765,-1,679,765,681,-1,681,765,764,-1,681,764,683,-1,683,764,762,-1,683,762,685,-1,685,762,760,-1,685,760,687,-1,687,760,758,-1,687,758,689,-1,689,758,756,-1,689,756,691,-1,691,756,754,-1,691,754,693,-1,693,754,752,-1,693,752,695,-1,697,695,750,-1,750,695,752,-1,699,697,748,-1,748,697,750,-1,694,696,751,-1,751,696,749,-1,696,698,749,-1,749,698,747,-1,698,700,747,-1,747,700,745,-1,656,776,778,-1,656,778,654,-1,654,778,780,-1,654,780,652,-1,652,780,735,-1,652,735,650,-1,650,735,737,-1,650,737,648,-1,648,737,739,-1,648,739,706,-1,706,739,741,-1,706,741,704,-1,704,741,743,-1,704,743,702,-1,702,743,745,-1,702,745,700,-1,717,789,791,-1,717,791,715,-1,715,791,793,-1,715,793,713,-1,713,793,766,-1,713,766,711,-1,711,766,768,-1,711,768,664,-1,664,768,770,-1,664,770,662,-1,662,770,772,-1,662,772,660,-1,660,772,774,-1,660,774,658,-1,658,774,776,-1,658,776,656,-1,678,724,726,-1,678,726,676,-1,676,726,728,-1,676,728,673,-1,673,728,730,-1,673,730,671,-1,671,730,732,-1,671,732,669,-1,669,732,734,-1,669,734,667,-1,667,734,785,-1,667,785,665,-1,665,785,787,-1,665,787,719,-1,719,787,789,-1,719,789,717,-1,694,751,753,-1,694,753,692,-1,692,753,755,-1,692,755,690,-1,690,755,757,-1,690,757,688,-1,688,757,759,-1,688,759,686,-1,686,759,761,-1,686,761,684,-1,684,761,763,-1,684,763,682,-1,682,763,722,-1,682,722,680,-1,680,722,724,-1,680,724,678,-1,796,797,798,-1,799,800,801,-1,797,802,798,-1,798,802,803,-1,798,803,804,-1,804,803,805,-1,804,805,806,-1,806,807,804,-1,804,807,808,-1,804,808,809,-1,810,809,811,-1,811,809,808,-1,811,808,801,-1,801,808,796,-1,801,796,799,-1,799,796,798,-1,812,813,814,-1,814,813,815,-1,816,817,815,-1,815,817,818,-1,815,818,814,-1,814,818,819,-1,816,820,817,-1,817,820,821,-1,817,821,822,-1,822,821,823,-1,822,823,824,-1,824,825,822,-1,822,825,813,-1,822,813,826,-1,826,813,812,-1,826,812,827,-1,804,809,817,-1,817,809,818,-1,798,804,822,-1,822,804,817,-1,799,798,826,-1,826,798,822,-1,800,799,827,-1,827,799,826,-1,801,800,812,-1,812,800,827,-1,811,801,814,-1,814,801,812,-1,810,811,819,-1,819,811,814,-1,809,810,818,-1,818,810,819,-1,796,808,813,-1,813,808,815,-1,808,807,815,-1,815,807,816,-1,805,821,820,-1,805,820,806,-1,806,820,816,-1,806,816,807,-1,805,803,821,-1,821,803,823,-1,797,825,824,-1,797,824,802,-1,802,824,823,-1,802,823,803,-1,797,796,825,-1,825,796,813,-1,828,829,830,-1,830,829,831,-1,832,828,833,-1,833,828,830,-1,834,832,835,-1,835,832,833,-1,836,834,837,-1,837,834,835,-1,838,836,839,-1,839,836,837,-1,840,838,841,-1,841,838,839,-1,842,840,843,-1,843,840,841,-1,844,842,845,-1,845,842,843,-1,846,844,847,-1,847,844,845,-1,848,846,849,-1,849,846,847,-1,850,848,851,-1,851,848,849,-1,829,850,831,-1,831,850,851,-1,829,828,850,-1,850,828,832,-1,836,838,834,-1,834,838,840,-1,844,846,842,-1,842,846,848,-1,842,848,840,-1,840,848,850,-1,840,850,834,-1,834,850,832,-1,849,847,845,-1,845,843,849,-1,849,843,841,-1,849,841,851,-1,830,831,833,-1,833,831,851,-1,833,851,835,-1,835,851,841,-1,835,841,837,-1,837,841,839,-1,852,853,854,-1,854,853,855,-1,856,857,858,-1,858,857,859,-1,858,859,860,-1,860,859,861,-1,860,861,862,-1,863,864,865,-1,866,867,868,-1,869,870,871,-1,852,854,872,-1,872,854,873,-1,872,873,874,-1,875,876,877,-1,877,876,865,-1,877,865,878,-1,878,865,864,-1,879,880,881,-1,881,880,882,-1,881,882,856,-1,856,882,883,-1,856,883,857,-1,869,884,870,-1,870,884,885,-1,870,885,886,-1,886,885,887,-1,886,887,888,-1,874,889,872,-1,872,889,890,-1,872,890,891,-1,891,890,892,-1,891,892,871,-1,871,892,893,-1,871,893,869,-1,894,895,896,-1,896,895,897,-1,896,897,879,-1,879,897,898,-1,879,898,880,-1,899,900,901,-1,901,900,902,-1,901,902,903,-1,903,902,904,-1,903,904,905,-1,868,906,866,-1,866,906,907,-1,866,907,899,-1,899,907,908,-1,899,908,900,-1,909,910,911,-1,911,910,912,-1,911,912,867,-1,867,912,913,-1,867,913,868,-1,914,915,865,-1,865,915,916,-1,865,916,863,-1,917,914,894,-1,894,914,918,-1,894,918,895,-1,855,915,854,-1,854,915,914,-1,854,914,919,-1,919,914,917,-1,887,920,888,-1,888,920,921,-1,888,921,922,-1,922,921,923,-1,922,923,924,-1,861,925,862,-1,862,925,926,-1,862,926,927,-1,927,926,928,-1,927,928,929,-1,929,928,930,-1,929,930,931,-1,931,930,932,-1,931,932,933,-1,933,932,934,-1,933,934,935,-1,935,934,936,-1,935,936,937,-1,937,936,938,-1,937,938,939,-1,939,938,940,-1,939,940,941,-1,941,940,942,-1,941,942,943,-1,943,942,944,-1,943,944,945,-1,878,946,877,-1,877,946,947,-1,877,947,948,-1,948,947,949,-1,948,949,950,-1,951,952,953,-1,953,952,954,-1,953,954,955,-1,955,954,956,-1,955,956,957,-1,923,958,924,-1,924,958,959,-1,924,959,909,-1,909,959,960,-1,909,960,910,-1,956,961,957,-1,957,961,962,-1,957,962,963,-1,963,962,964,-1,963,964,965,-1,965,964,950,-1,965,950,966,-1,966,950,949,-1,904,967,905,-1,905,967,968,-1,905,968,969,-1,969,968,970,-1,969,970,971,-1,971,970,972,-1,971,972,951,-1,951,972,973,-1,951,973,952,-1,974,975,976,-1,977,978,979,-1,979,978,980,-1,979,980,981,-1,982,983,984,-1,984,983,985,-1,984,985,986,-1,987,988,989,-1,990,991,992,-1,992,991,993,-1,992,993,994,-1,994,993,995,-1,994,995,996,-1,996,995,997,-1,996,997,998,-1,980,999,981,-1,981,999,1000,-1,981,1000,1001,-1,1001,1000,1002,-1,1001,1002,1003,-1,1004,1005,1006,-1,1006,1005,1007,-1,1006,1007,1008,-1,1008,1007,1009,-1,1008,1009,977,-1,977,1009,1010,-1,977,1010,978,-1,1011,987,1012,-1,1012,987,989,-1,1012,989,1013,-1,1013,989,1014,-1,1015,1016,1017,-1,1017,1016,1018,-1,1017,1018,1019,-1,1019,1018,1020,-1,1019,1020,1021,-1,1021,1020,1022,-1,1021,1022,1023,-1,1023,1022,1024,-1,1025,1026,1015,-1,1015,1026,1027,-1,1015,1027,1016,-1,1028,1029,982,-1,982,1029,1030,-1,982,1030,983,-1,1031,1032,1028,-1,1028,1032,1033,-1,1028,1033,1029,-1,992,1034,990,-1,990,1034,1035,-1,990,1035,1036,-1,1036,1035,1037,-1,1036,1037,1012,-1,1012,1037,1038,-1,1012,1038,1011,-1,1039,1040,1025,-1,1025,1040,1041,-1,1025,1041,1026,-1,1042,1043,1044,-1,1044,1043,989,-1,1044,989,1045,-1,1045,989,988,-1,985,1046,986,-1,986,1046,1047,-1,986,1047,1048,-1,1049,1050,1051,-1,1051,1050,1052,-1,1051,1052,1053,-1,1053,1052,1054,-1,1053,1054,1031,-1,1031,1054,1055,-1,1031,1055,1032,-1,997,1056,998,-1,998,1056,1057,-1,998,1057,1058,-1,1058,1057,1059,-1,1058,1059,1060,-1,1060,1059,1061,-1,1060,1061,1049,-1,1049,1061,1062,-1,1049,1062,1050,-1,1002,1063,1003,-1,1003,1063,1064,-1,1003,1064,1065,-1,1065,1064,1066,-1,1065,1066,1067,-1,1067,1066,1043,-1,1067,1043,1068,-1,1068,1043,1069,-1,1069,1043,1042,-1,1069,1042,1024,-1,1024,1042,1070,-1,1024,1070,1023,-1,1071,1072,1073,-1,1073,1072,1074,-1,1073,1074,1039,-1,1039,1074,1075,-1,1039,1075,1040,-1,1047,1076,1048,-1,1048,1076,1077,-1,1048,1077,1078,-1,1078,1077,1079,-1,1078,1079,1071,-1,1071,1079,1080,-1,1071,1080,1072,-1,974,976,1081,-1,1081,976,1082,-1,1081,1082,1083,-1,1083,1082,1084,-1,1083,1084,1085,-1,1085,1084,1086,-1,1085,1086,1087,-1,1087,1086,1088,-1,1087,1088,1089,-1,1089,1088,1090,-1,1089,1090,1091,-1,1091,1090,1092,-1,1091,1092,1093,-1,1093,1092,1094,-1,1093,1094,1004,-1,1004,1094,1095,-1,1004,1095,1005,-1,930,1094,1092,-1,930,1092,932,-1,932,1092,1090,-1,932,1090,934,-1,934,1090,1088,-1,934,1088,936,-1,936,1088,1086,-1,936,1086,938,-1,938,1086,1084,-1,938,1084,940,-1,940,1084,1082,-1,940,1082,942,-1,942,1082,976,-1,942,976,944,-1,945,944,975,-1,975,944,976,-1,945,975,974,-1,945,974,943,-1,943,974,1081,-1,943,1081,941,-1,941,1081,1083,-1,941,1083,939,-1,939,1083,1085,-1,939,1085,937,-1,937,1085,1087,-1,937,1087,935,-1,935,1087,1089,-1,935,1089,933,-1,933,1089,1091,-1,933,1091,931,-1,931,1091,1093,-1,931,1093,929,-1,929,1093,1004,-1,929,1004,927,-1,927,1004,1006,-1,927,1006,862,-1,862,1006,1008,-1,862,1008,860,-1,860,1008,977,-1,860,977,858,-1,858,977,979,-1,858,979,856,-1,856,979,981,-1,856,981,881,-1,881,981,1001,-1,881,1001,879,-1,879,1001,1003,-1,879,1003,896,-1,896,1003,1065,-1,896,1065,894,-1,894,1065,1067,-1,894,1067,917,-1,917,1067,1068,-1,917,1068,919,-1,919,1068,1069,-1,919,1069,854,-1,873,854,1024,-1,1024,854,1069,-1,873,1024,1022,-1,873,1022,874,-1,874,1022,1020,-1,874,1020,889,-1,889,1020,1018,-1,889,1018,890,-1,890,1018,1016,-1,890,1016,892,-1,892,1016,1027,-1,892,1027,893,-1,893,1027,1026,-1,893,1026,869,-1,869,1026,1041,-1,869,1041,884,-1,884,1041,1040,-1,884,1040,885,-1,885,1040,1075,-1,885,1075,887,-1,887,1075,1074,-1,887,1074,920,-1,920,1074,1072,-1,920,1072,921,-1,921,1072,1080,-1,921,1080,923,-1,923,1080,1079,-1,923,1079,958,-1,958,1079,1077,-1,958,1077,959,-1,959,1077,1076,-1,959,1076,960,-1,960,1076,1047,-1,960,1047,910,-1,910,1047,1046,-1,910,1046,912,-1,912,1046,985,-1,912,985,913,-1,913,985,983,-1,913,983,868,-1,868,983,1030,-1,868,1030,906,-1,906,1030,1029,-1,906,1029,907,-1,907,1029,1033,-1,907,1033,908,-1,908,1033,1032,-1,908,1032,900,-1,900,1032,1055,-1,900,1055,902,-1,902,1055,1054,-1,902,1054,904,-1,904,1054,1052,-1,904,1052,967,-1,967,1052,1050,-1,967,1050,968,-1,968,1050,1062,-1,968,1062,970,-1,970,1062,1061,-1,970,1061,972,-1,972,1061,1059,-1,972,1059,973,-1,973,1059,1057,-1,973,1057,952,-1,952,1057,1056,-1,952,1056,954,-1,954,1056,997,-1,954,997,956,-1,956,997,995,-1,956,995,961,-1,961,995,993,-1,961,993,962,-1,962,993,991,-1,962,991,964,-1,964,991,990,-1,964,990,950,-1,950,990,1036,-1,950,1036,948,-1,877,948,1012,-1,1012,948,1036,-1,875,877,1013,-1,1013,877,1012,-1,876,875,1014,-1,1014,875,1013,-1,865,876,989,-1,989,876,1014,-1,865,989,1043,-1,865,1043,914,-1,914,1043,1066,-1,914,1066,918,-1,918,1066,1064,-1,918,1064,895,-1,895,1064,1063,-1,895,1063,897,-1,897,1063,1002,-1,897,1002,898,-1,898,1002,1000,-1,898,1000,880,-1,880,1000,999,-1,880,999,882,-1,882,999,980,-1,882,980,883,-1,883,980,978,-1,883,978,857,-1,857,978,1010,-1,857,1010,859,-1,859,1010,1009,-1,859,1009,861,-1,861,1009,1007,-1,861,1007,925,-1,925,1007,1005,-1,925,1005,926,-1,926,1005,1095,-1,926,1095,928,-1,928,1095,1094,-1,928,1094,930,-1,871,1015,1017,-1,871,1017,891,-1,891,1017,1019,-1,891,1019,872,-1,872,1019,1021,-1,872,1021,852,-1,852,1021,1023,-1,852,1023,853,-1,853,1023,1070,-1,853,1070,855,-1,924,1078,1071,-1,924,1071,922,-1,922,1071,1073,-1,922,1073,888,-1,888,1073,1039,-1,888,1039,886,-1,886,1039,1025,-1,886,1025,870,-1,870,1025,1015,-1,870,1015,871,-1,899,1028,982,-1,899,982,866,-1,866,982,984,-1,866,984,867,-1,867,984,986,-1,867,986,911,-1,911,986,1048,-1,911,1048,909,-1,909,1048,1078,-1,909,1078,924,-1,971,1060,1049,-1,971,1049,969,-1,969,1049,1051,-1,969,1051,905,-1,905,1051,1053,-1,905,1053,903,-1,903,1053,1031,-1,903,1031,901,-1,901,1031,1028,-1,901,1028,899,-1,966,1035,1034,-1,966,1034,965,-1,965,1034,992,-1,965,992,963,-1,963,992,994,-1,963,994,957,-1,957,994,996,-1,957,996,955,-1,955,996,998,-1,955,998,953,-1,953,998,1058,-1,953,1058,951,-1,951,1058,1060,-1,951,1060,971,-1,916,1044,1045,-1,916,1045,863,-1,863,1045,988,-1,863,988,864,-1,864,988,987,-1,864,987,878,-1,878,987,1011,-1,878,1011,946,-1,946,1011,1038,-1,946,1038,947,-1,947,1038,1037,-1,947,1037,949,-1,949,1037,1035,-1,949,1035,966,-1,916,915,1044,-1,1044,915,1042,-1,915,855,1042,-1,1042,855,1070,-1,1096,1097,1098,-1,1096,1098,1099,-1,1099,1098,1100,-1,1099,1100,1101,-1,1101,1100,1102,-1,1101,1102,1103,-1,1103,1102,1104,-1,1103,1104,1105,-1,1105,1104,1106,-1,1105,1106,1107,-1,1107,1106,1108,-1,1107,1108,1109,-1,1109,1108,1110,-1,1109,1110,1111,-1,1112,1111,1113,-1,1113,1111,1110,-1,1112,1113,1114,-1,1112,1114,1115,-1,1115,1114,1116,-1,1115,1116,1117,-1,1117,1116,1118,-1,1117,1118,1119,-1,1119,1118,1120,-1,1119,1120,1121,-1,1121,1120,1122,-1,1121,1122,1123,-1,1123,1122,1124,-1,1123,1124,1125,-1,1125,1124,1126,-1,1125,1126,1127,-1,1127,1126,1128,-1,1127,1128,1129,-1,1129,1128,1130,-1,1129,1130,1131,-1,1131,1130,1132,-1,1131,1132,1133,-1,1133,1132,1134,-1,1133,1134,1135,-1,1135,1134,1136,-1,1135,1136,1137,-1,1137,1136,1138,-1,1137,1138,1139,-1,1139,1138,1140,-1,1139,1140,1141,-1,1141,1140,1142,-1,1141,1142,1143,-1,1143,1142,1144,-1,1143,1144,1145,-1,1145,1144,1146,-1,1145,1146,1147,-1,1147,1146,1148,-1,1147,1148,1149,-1,1149,1148,1150,-1,1149,1150,1151,-1,1151,1150,1152,-1,1151,1152,1153,-1,1153,1152,1154,-1,1153,1154,1155,-1,1155,1154,1156,-1,1155,1156,1157,-1,1157,1156,1158,-1,1157,1158,1159,-1,1159,1158,1160,-1,1159,1160,1161,-1,1161,1160,1162,-1,1161,1162,1163,-1,1163,1162,1164,-1,1163,1164,1165,-1,1165,1164,1166,-1,1165,1166,1167,-1,1167,1166,1168,-1,1167,1168,1169,-1,1169,1168,1170,-1,1169,1170,1171,-1,1171,1170,1172,-1,1171,1172,1173,-1,1173,1172,1174,-1,1173,1174,1175,-1,1175,1174,1176,-1,1175,1176,1177,-1,1177,1176,1178,-1,1177,1178,1179,-1,1179,1178,1180,-1,1179,1180,1181,-1,1181,1180,1182,-1,1181,1182,1183,-1,1183,1182,1184,-1,1183,1184,1185,-1,1185,1184,1186,-1,1185,1186,1187,-1,1187,1186,1188,-1,1187,1188,1189,-1,1189,1188,1190,-1,1189,1190,1191,-1,1191,1190,1192,-1,1191,1192,1193,-1,1193,1192,1194,-1,1193,1194,1195,-1,1195,1194,1196,-1,1195,1196,1197,-1,1197,1196,1198,-1,1197,1198,1199,-1,1199,1198,1200,-1,1199,1200,1201,-1,1201,1200,1202,-1,1201,1202,1203,-1,1203,1202,1204,-1,1203,1204,1205,-1,1205,1204,1206,-1,1205,1206,1207,-1,1207,1206,1208,-1,1207,1208,1209,-1,1209,1208,1210,-1,1209,1210,1211,-1,1211,1210,1212,-1,1211,1212,1213,-1,1213,1212,1214,-1,1213,1214,1215,-1,1215,1214,1216,-1,1215,1216,1217,-1,1217,1216,1218,-1,1217,1218,1219,-1,1219,1218,1220,-1,1219,1220,1221,-1,1221,1220,1222,-1,1221,1222,1223,-1,1223,1222,1224,-1,1223,1224,1225,-1,1225,1224,1226,-1,1225,1226,1227,-1,1227,1226,1228,-1,1227,1228,1229,-1,1229,1228,1230,-1,1229,1230,1231,-1,1232,1231,1233,-1,1233,1231,1230,-1,1232,1233,1234,-1,1232,1234,1235,-1,1235,1234,1236,-1,1235,1236,1237,-1,1237,1236,1238,-1,1237,1238,1239,-1,1239,1238,1240,-1,1239,1240,1241,-1,1241,1240,1242,-1,1241,1242,1243,-1,1243,1242,1244,-1,1243,1244,1245,-1,1245,1244,1246,-1,1245,1246,1247,-1,1247,1246,1248,-1,1247,1248,1249,-1,1249,1248,1250,-1,1249,1250,1251,-1,1251,1250,1252,-1,1251,1252,1253,-1,1253,1252,1254,-1,1253,1254,1255,-1,1255,1254,1256,-1,1255,1256,1257,-1,1257,1256,1258,-1,1257,1258,1259,-1,1259,1258,1260,-1,1259,1260,1261,-1,1261,1260,1262,-1,1261,1262,1263,-1,1263,1262,1264,-1,1263,1264,1265,-1,1265,1264,1266,-1,1265,1266,1267,-1,1267,1266,1268,-1,1267,1268,1269,-1,1269,1268,1270,-1,1269,1270,1271,-1,1271,1270,1272,-1,1271,1272,1273,-1,1273,1272,1274,-1,1273,1274,1275,-1,1275,1274,1276,-1,1275,1276,1277,-1,1277,1276,1278,-1,1277,1278,1279,-1,1279,1278,1280,-1,1279,1280,1281,-1,1281,1280,1282,-1,1281,1282,1283,-1,1283,1282,1284,-1,1283,1284,1285,-1,1285,1284,1286,-1,1285,1286,1287,-1,1287,1286,1288,-1,1287,1288,1289,-1,1289,1288,1290,-1,1289,1290,1291,-1,1291,1290,1292,-1,1291,1292,1293,-1,1293,1292,1294,-1,1293,1294,1295,-1,1295,1294,1296,-1,1295,1296,1297,-1,1297,1296,1298,-1,1297,1298,1299,-1,1299,1298,1300,-1,1299,1300,1301,-1,1301,1300,1302,-1,1301,1302,1303,-1,1303,1302,1304,-1,1303,1304,1305,-1,1305,1304,1306,-1,1305,1306,1307,-1,1307,1306,1308,-1,1307,1308,1309,-1,1309,1308,1310,-1,1309,1310,1311,-1,1311,1310,1312,-1,1311,1312,1313,-1,1313,1312,1314,-1,1313,1314,1315,-1,1315,1314,1316,-1,1315,1316,1317,-1,1317,1316,1318,-1,1317,1318,1319,-1,1319,1318,1320,-1,1319,1320,1321,-1,1321,1320,1322,-1,1321,1322,1323,-1,1323,1322,1324,-1,1323,1324,1325,-1,1325,1324,1326,-1,1325,1326,1327,-1,1327,1326,1328,-1,1327,1328,1329,-1,1329,1328,1330,-1,1329,1330,1331,-1,1331,1330,1332,-1,1331,1332,1333,-1,1333,1332,1097,-1,1333,1097,1096,-1,1109,1111,1112,-1,1229,1231,1232,-1,1139,1141,1323,-1,1323,1141,1321,-1,1203,1263,1201,-1,1201,1263,1265,-1,1201,1265,1199,-1,1141,1143,1321,-1,1321,1143,1145,-1,1321,1145,1319,-1,1205,1259,1203,-1,1203,1259,1261,-1,1203,1261,1263,-1,1139,1323,1137,-1,1137,1323,1325,-1,1137,1325,1135,-1,1135,1325,1327,-1,1135,1327,1133,-1,1133,1327,1329,-1,1133,1329,1131,-1,1281,1191,1279,-1,1279,1191,1193,-1,1163,1309,1161,-1,1161,1309,1311,-1,1265,1267,1199,-1,1199,1267,1269,-1,1199,1269,1197,-1,1269,1271,1197,-1,1197,1271,1273,-1,1197,1273,1195,-1,1195,1273,1275,-1,1195,1275,1193,-1,1193,1275,1277,-1,1193,1277,1279,-1,1281,1283,1191,-1,1191,1283,1285,-1,1191,1285,1189,-1,1189,1285,1287,-1,1189,1287,1187,-1,1187,1287,1289,-1,1187,1289,1185,-1,1185,1289,1291,-1,1185,1291,1183,-1,1315,1155,1313,-1,1313,1155,1157,-1,1313,1157,1311,-1,1311,1157,1159,-1,1311,1159,1161,-1,1145,1147,1319,-1,1319,1147,1149,-1,1319,1149,1317,-1,1317,1149,1151,-1,1317,1151,1315,-1,1315,1151,1153,-1,1315,1153,1155,-1,1163,1165,1309,-1,1309,1165,1167,-1,1309,1167,1307,-1,1307,1167,1169,-1,1307,1169,1305,-1,1305,1169,1171,-1,1305,1171,1303,-1,1303,1171,1173,-1,1303,1173,1301,-1,1131,1329,1129,-1,1129,1329,1331,-1,1129,1331,1127,-1,1127,1331,1333,-1,1127,1333,1125,-1,1125,1333,1096,-1,1125,1096,1123,-1,1123,1096,1099,-1,1123,1099,1121,-1,1121,1099,1101,-1,1121,1101,1119,-1,1119,1101,1103,-1,1119,1103,1117,-1,1117,1103,1105,-1,1117,1105,1115,-1,1115,1105,1112,-1,1112,1105,1107,-1,1112,1107,1109,-1,1173,1175,1301,-1,1301,1175,1177,-1,1301,1177,1299,-1,1299,1177,1179,-1,1299,1179,1297,-1,1297,1179,1181,-1,1297,1181,1295,-1,1295,1181,1183,-1,1295,1183,1293,-1,1293,1183,1291,-1,1229,1232,1227,-1,1227,1232,1235,-1,1227,1235,1225,-1,1225,1235,1237,-1,1225,1237,1223,-1,1223,1237,1239,-1,1223,1239,1221,-1,1221,1239,1241,-1,1221,1241,1219,-1,1219,1241,1243,-1,1219,1243,1217,-1,1217,1243,1245,-1,1217,1245,1215,-1,1215,1245,1247,-1,1215,1247,1213,-1,1213,1247,1249,-1,1213,1249,1211,-1,1211,1249,1251,-1,1211,1251,1209,-1,1209,1251,1253,-1,1209,1253,1207,-1,1207,1253,1255,-1,1207,1255,1205,-1,1205,1255,1257,-1,1205,1257,1259,-1,1320,1140,1322,-1,1322,1140,1138,-1,1322,1138,1324,-1,1324,1138,1136,-1,1324,1136,1326,-1,1202,1200,1262,-1,1282,1190,1284,-1,1284,1190,1188,-1,1318,1144,1320,-1,1320,1144,1142,-1,1320,1142,1140,-1,1312,1310,1158,-1,1158,1310,1160,-1,1160,1310,1308,-1,1160,1308,1162,-1,1282,1280,1190,-1,1190,1280,1278,-1,1190,1278,1192,-1,1192,1278,1276,-1,1192,1276,1194,-1,1306,1166,1308,-1,1308,1166,1164,-1,1308,1164,1162,-1,1196,1268,1198,-1,1198,1268,1266,-1,1198,1266,1200,-1,1200,1266,1264,-1,1200,1264,1262,-1,1316,1148,1318,-1,1318,1148,1146,-1,1318,1146,1144,-1,1276,1274,1194,-1,1194,1274,1272,-1,1194,1272,1196,-1,1196,1272,1270,-1,1196,1270,1268,-1,1136,1134,1326,-1,1326,1134,1132,-1,1326,1132,1328,-1,1328,1132,1130,-1,1328,1130,1330,-1,1330,1130,1128,-1,1330,1128,1332,-1,1332,1128,1126,-1,1332,1126,1097,-1,1097,1126,1124,-1,1097,1124,1098,-1,1098,1124,1122,-1,1098,1122,1100,-1,1100,1122,1120,-1,1100,1120,1102,-1,1158,1156,1312,-1,1312,1156,1154,-1,1312,1154,1314,-1,1314,1154,1152,-1,1314,1152,1316,-1,1316,1152,1150,-1,1316,1150,1148,-1,1120,1118,1102,-1,1102,1118,1116,-1,1102,1116,1104,-1,1104,1116,1114,-1,1104,1114,1106,-1,1106,1114,1113,-1,1106,1113,1108,-1,1108,1113,1110,-1,1298,1296,1180,-1,1180,1296,1294,-1,1180,1294,1182,-1,1182,1294,1292,-1,1182,1292,1184,-1,1184,1292,1290,-1,1184,1290,1186,-1,1186,1290,1288,-1,1186,1288,1188,-1,1188,1288,1286,-1,1188,1286,1284,-1,1262,1260,1202,-1,1202,1260,1258,-1,1202,1258,1204,-1,1204,1258,1256,-1,1204,1256,1206,-1,1206,1256,1254,-1,1206,1254,1208,-1,1208,1254,1252,-1,1208,1252,1210,-1,1210,1252,1250,-1,1210,1250,1212,-1,1212,1250,1248,-1,1212,1248,1214,-1,1214,1248,1246,-1,1214,1246,1216,-1,1216,1246,1244,-1,1216,1244,1218,-1,1218,1244,1242,-1,1218,1242,1220,-1,1220,1242,1240,-1,1220,1240,1222,-1,1222,1240,1238,-1,1222,1238,1224,-1,1224,1238,1236,-1,1224,1236,1226,-1,1226,1236,1234,-1,1226,1234,1228,-1,1228,1234,1233,-1,1228,1233,1230,-1,1180,1178,1298,-1,1298,1178,1176,-1,1298,1176,1300,-1,1300,1176,1174,-1,1300,1174,1302,-1,1302,1174,1172,-1,1302,1172,1304,-1,1304,1172,1170,-1,1304,1170,1306,-1,1306,1170,1168,-1,1306,1168,1166,-1,1334,1335,1336,-1,1336,1335,1337,-1,1338,1334,1339,-1,1339,1334,1336,-1,1338,1339,1340,-1,1338,1340,1341,-1,1341,1340,1342,-1,1341,1342,1343,-1,1344,1343,1345,-1,1345,1343,1342,-1,1346,1344,1347,-1,1347,1344,1345,-1,1348,1346,1349,-1,1349,1346,1347,-1,1350,1348,1351,-1,1351,1348,1349,-1,1352,1350,1353,-1,1353,1350,1351,-1,1354,1352,1355,-1,1355,1352,1353,-1,1354,1355,1356,-1,1354,1356,1357,-1,1357,1356,1358,-1,1357,1358,1359,-1,1359,1358,1360,-1,1359,1360,1361,-1,1361,1360,1362,-1,1361,1362,1363,-1,1363,1362,1364,-1,1363,1364,1365,-1,1365,1364,1366,-1,1365,1366,1367,-1,1367,1366,1368,-1,1367,1368,1369,-1,1369,1368,1370,-1,1369,1370,1371,-1,1371,1370,1372,-1,1371,1372,1373,-1,1373,1372,1374,-1,1373,1374,1375,-1,1376,1375,1377,-1,1377,1375,1374,-1,1376,1377,1378,-1,1376,1378,1379,-1,1379,1378,1380,-1,1379,1380,1381,-1,1381,1380,1382,-1,1381,1382,1383,-1,1383,1382,1384,-1,1383,1384,1385,-1,1385,1384,1386,-1,1385,1386,1387,-1,1387,1386,1388,-1,1387,1388,1389,-1,1389,1388,1390,-1,1389,1390,1391,-1,1391,1390,1392,-1,1391,1392,1393,-1,1393,1392,1394,-1,1393,1394,1395,-1,1395,1394,1396,-1,1395,1396,1397,-1,1397,1396,1398,-1,1397,1398,1399,-1,1399,1398,1400,-1,1399,1400,1401,-1,1401,1400,1402,-1,1401,1402,1403,-1,1403,1402,1404,-1,1403,1404,1405,-1,1335,1405,1337,-1,1337,1405,1404,-1,1341,1343,1405,-1,1335,1334,1405,-1,1405,1334,1338,-1,1405,1338,1341,-1,1348,1350,1346,-1,1346,1350,1352,-1,1346,1352,1344,-1,1359,1361,1393,-1,1393,1361,1391,-1,1391,1361,1363,-1,1391,1363,1389,-1,1389,1363,1365,-1,1389,1365,1387,-1,1387,1365,1385,-1,1385,1365,1367,-1,1385,1367,1383,-1,1383,1367,1369,-1,1383,1369,1381,-1,1393,1395,1359,-1,1359,1395,1397,-1,1359,1397,1357,-1,1357,1397,1399,-1,1357,1399,1354,-1,1381,1369,1379,-1,1379,1369,1371,-1,1379,1371,1376,-1,1376,1371,1373,-1,1376,1373,1375,-1,1399,1401,1354,-1,1354,1401,1403,-1,1354,1403,1352,-1,1352,1403,1405,-1,1352,1405,1344,-1,1344,1405,1343,-1,1366,1364,1386,-1,1353,1351,1349,-1,1336,1337,1339,-1,1339,1337,1404,-1,1386,1364,1388,-1,1388,1364,1362,-1,1388,1362,1390,-1,1386,1384,1366,-1,1366,1384,1382,-1,1366,1382,1368,-1,1368,1382,1380,-1,1368,1380,1370,-1,1370,1380,1378,-1,1370,1378,1372,-1,1372,1378,1377,-1,1372,1377,1374,-1,1390,1362,1392,-1,1392,1362,1360,-1,1392,1360,1394,-1,1394,1360,1358,-1,1394,1358,1396,-1,1396,1358,1356,-1,1396,1356,1398,-1,1398,1356,1400,-1,1400,1356,1355,-1,1400,1355,1402,-1,1345,1342,1404,-1,1404,1342,1340,-1,1404,1340,1339,-1,1349,1347,1353,-1,1353,1347,1345,-1,1353,1345,1355,-1,1355,1345,1404,-1,1355,1404,1402,-1,1406,1407,1408,-1,1408,1407,1409,-1,1410,1406,1411,-1,1411,1406,1408,-1,1412,1410,1413,-1,1413,1410,1411,-1,1414,1412,1415,-1,1415,1412,1413,-1,1416,1414,1417,-1,1417,1414,1415,-1,1418,1416,1419,-1,1419,1416,1417,-1,1420,1418,1421,-1,1421,1418,1419,-1,1422,1420,1423,-1,1423,1420,1421,-1,1424,1422,1425,-1,1425,1422,1423,-1,1426,1424,1427,-1,1427,1424,1425,-1,1428,1426,1429,-1,1429,1426,1427,-1,1407,1428,1409,-1,1409,1428,1429,-1,1407,1406,1428,-1,1428,1406,1410,-1,1414,1416,1412,-1,1412,1416,1418,-1,1422,1424,1420,-1,1420,1424,1426,-1,1420,1426,1418,-1,1418,1426,1428,-1,1418,1428,1412,-1,1412,1428,1410,-1,1427,1425,1423,-1,1423,1421,1427,-1,1427,1421,1419,-1,1427,1419,1429,-1,1408,1409,1411,-1,1411,1409,1429,-1,1411,1429,1413,-1,1413,1429,1419,-1,1413,1419,1415,-1,1415,1419,1417,-1,1430,1431,1432,-1,1432,1431,1433,-1,1432,1433,1434,-1,1434,1433,1435,-1,1434,1435,1436,-1,1436,1435,1437,-1,1436,1437,1438,-1,1438,1437,1439,-1,1438,1439,1440,-1,1440,1439,1441,-1,1440,1441,1442,-1,1442,1441,1443,-1,1442,1443,1444,-1,1444,1443,1445,-1,1444,1445,1446,-1,1447,1448,1449,-1,1449,1448,1450,-1,1449,1450,1451,-1,1451,1450,1452,-1,1451,1452,1453,-1,1453,1452,1454,-1,1453,1454,1455,-1,1454,1456,1455,-1,1455,1456,1457,-1,1455,1457,1458,-1,1458,1457,1459,-1,1458,1459,1460,-1,1460,1459,1461,-1,1460,1461,1462,-1,1462,1461,1463,-1,1462,1463,1464,-1,1464,1463,1465,-1,1464,1465,1466,-1,1466,1465,1467,-1,1466,1467,1468,-1,1468,1467,1469,-1,1468,1469,1470,-1,1470,1469,1471,-1,1470,1471,1472,-1,1472,1471,1473,-1,1472,1473,1474,-1,1474,1473,1475,-1,1474,1475,1476,-1,1476,1475,1477,-1,1476,1477,1478,-1,1478,1477,1479,-1,1478,1479,1480,-1,1480,1479,1481,-1,1480,1481,1482,-1,1482,1481,1483,-1,1482,1483,1484,-1,1484,1483,1485,-1,1484,1485,1486,-1,1486,1485,1487,-1,1486,1487,1488,-1,1488,1487,1489,-1,1488,1489,1430,-1,1430,1489,1490,-1,1430,1490,1431,-1,1445,1491,1446,-1,1446,1491,1492,-1,1446,1492,1493,-1,1493,1492,1494,-1,1493,1494,1495,-1,1495,1494,1496,-1,1495,1496,1497,-1,1497,1496,1498,-1,1497,1498,1499,-1,1499,1498,1500,-1,1499,1500,1501,-1,1501,1500,1502,-1,1501,1502,1447,-1,1447,1502,1503,-1,1447,1503,1448,-1,1504,1505,1506,-1,1506,1505,1507,-1,1506,1507,1508,-1,1508,1507,1509,-1,1508,1509,1510,-1,1510,1509,1511,-1,1510,1511,1512,-1,1512,1511,1513,-1,1512,1513,1514,-1,1514,1513,1515,-1,1514,1515,1516,-1,1517,1518,1519,-1,1519,1518,1520,-1,1519,1520,1521,-1,1521,1520,1522,-1,1521,1522,1523,-1,1523,1522,1524,-1,1523,1524,1525,-1,1525,1524,1526,-1,1525,1526,1527,-1,1527,1526,1528,-1,1527,1528,1529,-1,1529,1528,1530,-1,1529,1530,1531,-1,1531,1530,1532,-1,1531,1532,1533,-1,1533,1532,1534,-1,1533,1534,1535,-1,1535,1534,1536,-1,1535,1536,1537,-1,1537,1536,1538,-1,1537,1538,1539,-1,1539,1538,1540,-1,1539,1540,1541,-1,1541,1540,1542,-1,1541,1542,1543,-1,1543,1542,1544,-1,1543,1544,1545,-1,1545,1544,1546,-1,1545,1546,1504,-1,1504,1546,1547,-1,1504,1547,1505,-1,1548,1549,1550,-1,1550,1549,1551,-1,1550,1551,1552,-1,1552,1551,1553,-1,1552,1553,1554,-1,1554,1553,1555,-1,1554,1555,1556,-1,1556,1555,1557,-1,1556,1557,1558,-1,1558,1557,1559,-1,1558,1559,1560,-1,1560,1559,1561,-1,1560,1561,1562,-1,1562,1561,1563,-1,1562,1563,1517,-1,1517,1563,1564,-1,1517,1564,1518,-1,1515,1565,1516,-1,1516,1565,1566,-1,1516,1566,1567,-1,1567,1566,1568,-1,1567,1568,1569,-1,1569,1568,1570,-1,1569,1570,1571,-1,1571,1570,1572,-1,1571,1572,1573,-1,1573,1572,1574,-1,1573,1574,1575,-1,1575,1574,1576,-1,1575,1576,1548,-1,1548,1576,1577,-1,1548,1577,1549,-1,1483,1481,1528,-1,1528,1481,1530,-1,1483,1528,1526,-1,1483,1526,1485,-1,1485,1526,1524,-1,1485,1524,1487,-1,1487,1524,1522,-1,1487,1522,1489,-1,1489,1522,1520,-1,1489,1520,1490,-1,1490,1520,1518,-1,1490,1518,1431,-1,1431,1518,1564,-1,1431,1564,1433,-1,1433,1564,1563,-1,1433,1563,1435,-1,1435,1563,1561,-1,1435,1561,1437,-1,1437,1561,1559,-1,1437,1559,1439,-1,1439,1559,1557,-1,1439,1557,1441,-1,1441,1557,1555,-1,1441,1555,1443,-1,1443,1555,1553,-1,1443,1553,1445,-1,1445,1553,1551,-1,1445,1551,1491,-1,1491,1551,1549,-1,1491,1549,1492,-1,1492,1549,1577,-1,1492,1577,1494,-1,1494,1577,1576,-1,1494,1576,1496,-1,1496,1576,1574,-1,1496,1574,1498,-1,1498,1574,1572,-1,1498,1572,1500,-1,1500,1572,1570,-1,1500,1570,1502,-1,1502,1570,1568,-1,1502,1568,1503,-1,1503,1568,1566,-1,1503,1566,1448,-1,1448,1566,1565,-1,1448,1565,1450,-1,1450,1565,1515,-1,1450,1515,1452,-1,1452,1515,1513,-1,1452,1513,1454,-1,1454,1513,1511,-1,1454,1511,1456,-1,1456,1511,1509,-1,1456,1509,1457,-1,1457,1509,1507,-1,1457,1507,1459,-1,1459,1507,1505,-1,1459,1505,1461,-1,1461,1505,1547,-1,1461,1547,1463,-1,1463,1547,1546,-1,1463,1546,1465,-1,1465,1546,1544,-1,1465,1544,1467,-1,1467,1544,1542,-1,1467,1542,1469,-1,1469,1542,1540,-1,1469,1540,1471,-1,1471,1540,1538,-1,1471,1538,1473,-1,1473,1538,1536,-1,1473,1536,1475,-1,1475,1536,1534,-1,1475,1534,1477,-1,1479,1477,1532,-1,1532,1477,1534,-1,1481,1479,1530,-1,1530,1479,1532,-1,1476,1478,1533,-1,1533,1478,1531,-1,1478,1480,1531,-1,1531,1480,1529,-1,1480,1482,1529,-1,1529,1482,1527,-1,1438,1558,1560,-1,1438,1560,1436,-1,1436,1560,1562,-1,1436,1562,1434,-1,1434,1562,1517,-1,1434,1517,1432,-1,1432,1517,1519,-1,1432,1519,1430,-1,1430,1519,1521,-1,1430,1521,1488,-1,1488,1521,1523,-1,1488,1523,1486,-1,1486,1523,1525,-1,1486,1525,1484,-1,1484,1525,1527,-1,1484,1527,1482,-1,1499,1571,1573,-1,1499,1573,1497,-1,1497,1573,1575,-1,1497,1575,1495,-1,1495,1575,1548,-1,1495,1548,1493,-1,1493,1548,1550,-1,1493,1550,1446,-1,1446,1550,1552,-1,1446,1552,1444,-1,1444,1552,1554,-1,1444,1554,1442,-1,1442,1554,1556,-1,1442,1556,1440,-1,1440,1556,1558,-1,1440,1558,1438,-1,1460,1506,1508,-1,1460,1508,1458,-1,1458,1508,1510,-1,1458,1510,1455,-1,1455,1510,1512,-1,1455,1512,1453,-1,1453,1512,1514,-1,1453,1514,1451,-1,1451,1514,1516,-1,1451,1516,1449,-1,1449,1516,1567,-1,1449,1567,1447,-1,1447,1567,1569,-1,1447,1569,1501,-1,1501,1569,1571,-1,1501,1571,1499,-1,1476,1533,1535,-1,1476,1535,1474,-1,1474,1535,1537,-1,1474,1537,1472,-1,1472,1537,1539,-1,1472,1539,1470,-1,1470,1539,1541,-1,1470,1541,1468,-1,1468,1541,1543,-1,1468,1543,1466,-1,1466,1543,1545,-1,1466,1545,1464,-1,1464,1545,1504,-1,1464,1504,1462,-1,1462,1504,1506,-1,1462,1506,1460,-1,1578,1579,1580,-1,1581,1582,1583,-1,1579,1584,1580,-1,1580,1584,1585,-1,1580,1585,1586,-1,1586,1585,1587,-1,1586,1587,1588,-1,1588,1589,1586,-1,1586,1589,1590,-1,1586,1590,1591,-1,1592,1591,1593,-1,1593,1591,1590,-1,1593,1590,1583,-1,1583,1590,1578,-1,1583,1578,1581,-1,1581,1578,1580,-1,1594,1595,1596,-1,1596,1595,1597,-1,1598,1599,1597,-1,1597,1599,1600,-1,1597,1600,1596,-1,1596,1600,1601,-1,1598,1602,1599,-1,1599,1602,1603,-1,1599,1603,1604,-1,1604,1603,1605,-1,1604,1605,1606,-1,1606,1607,1604,-1,1604,1607,1595,-1,1604,1595,1608,-1,1608,1595,1594,-1,1608,1594,1609,-1,1586,1591,1599,-1,1599,1591,1600,-1,1580,1586,1604,-1,1604,1586,1599,-1,1581,1580,1608,-1,1608,1580,1604,-1,1582,1581,1609,-1,1609,1581,1608,-1,1583,1582,1594,-1,1594,1582,1609,-1,1593,1583,1596,-1,1596,1583,1594,-1,1592,1593,1601,-1,1601,1593,1596,-1,1591,1592,1600,-1,1600,1592,1601,-1,1578,1590,1595,-1,1595,1590,1597,-1,1590,1589,1597,-1,1597,1589,1598,-1,1587,1603,1602,-1,1587,1602,1588,-1,1588,1602,1598,-1,1588,1598,1589,-1,1587,1585,1603,-1,1603,1585,1605,-1,1579,1607,1606,-1,1579,1606,1584,-1,1584,1606,1605,-1,1584,1605,1585,-1,1579,1578,1607,-1,1607,1578,1595,-1,
        ]
    }
}