#VRML V2.0 utf8
# 3D model generated by easyeda2kicad.py (https://github.com/uPesy/easyeda2kicad.py)

Shape{
    appearance Appearance {
        material  Material 	{
            diffuseColor 0.20784313725490197 0.20784313725490197 0.20784313725490197
            specularColor 0.01568627450980392 0.01568627450980392 0.01568627450980392
            ambientIntensity 0.298
            transparency 0.0
            shininess 0.5
        }
    }
    geometry IndexedFaceSet {
        ccw TRUE
        solid FALSE
        coord DEF co Coordinate {
            point [
                1.0853 -1.1811 0.1969, 1.1811 -1.1811 0.1969, 1.1811 0.7979 0.1969, 0.8308 0.8236 0.1969, 0.8308 0.8786 0.1969, 0.8265 0.8786 0.1969, 0.4385 0.8762 0.1969, 0.4464 0.869 0.1969, 0.4647 0.8786 0.1969, 0.3178 0.9172 0.1969, 0.3209 0.9239 0.1969, -0.2842 0.9239 0.1969, 0.5134 0.9951 0.1969, 0.5232 0.9885 0.1969, 0.6288 0.9885 0.1969, 0.7633 0.8234 0.1969, 0.7607 0.823 0.1969, 0.7766 0.823 0.1969, 0.9305 0.9239 0.1969, 0.9098 0.9244 0.1969, 0.9008 0.9244 0.1969, 0.8943 0.9418 0.1969, 0.871 0.9418 0.1969, 0.871 0.9239 0.1969, 0.8856 0.988 0.1969, 0.9305 0.9885 0.1969, 0.871 0.9885 0.1969, 0.8678 0.9418 0.1969, 0.8617 0.9244 0.1969, 0.8509 0.9239 0.1969, 0.8526 0.9244 0.1969, 0.8509 0.9885 0.1969, 0.871 0.9725 0.1969, 0.8768 0.988 0.1969, 0.663 0.8595 0.1969, 0.6857 0.8595 0.1969, 0.6886 0.8786 0.1969, 0.663 0.8522 0.1969, 0.663 0.8308 0.1969, 0.6857 0.8522 0.1969, 0.6886 0.8308 0.1969, 0.6875 0.8871 0.1969, 0.6875 0.8798 0.1969, 0.663 0.8786 0.1969, 0.663 0.8798 0.1969, 0.6548 0.8871 0.1969, 0.6288 0.9239 0.1969, 0.6548 0.8786 0.1969, 0.6288 0.8786 0.1969, 0.6548 0.8236 0.1969, 0.6288 0.823 0.1969, 0.6886 0.823 0.1969, 0.6899 0.8786 0.1969, 0.689 0.8308 0.1969, 0.6899 0.823 0.1969, 0.689 0.8236 0.1969, 0.6886 0.8236 0.1969, 0.9564 0.8871 0.1969, 0.9652 0.8871 0.1969, 0.9532 0.8786 0.1969, 0.9305 0.8786 0.1969, 0.9322 0.8236 0.1969, 0.9305 0.823 0.1969, 0.9413 0.8236 0.1969, 0.9803 0.8236 0.1969, 0.9739 0.841 0.1969, 0.9474 0.841 0.1969, 0.7313 0.9807 0.1969, 0.7235 0.9816 0.1969, 0.7358 0.9337 0.1969, 0.7201 0.9814 0.1969, 0.7147 0.9802 0.1969, 0.7098 0.9777 0.1969, 0.7062 0.9746 0.1969, 0.7058 0.9741 0.1969, 0.7027 0.9697 0.1969, 0.7006 0.9642 0.1969, 0.6995 0.9555 0.1969, 0.6996 0.9522 0.1969, 0.7008 0.946 0.1969, 0.725 0.9308 0.1969, 0.7322 0.9321 0.1969, 0.7112 0.9332 0.1969, 0.7157 0.9314 0.1969, 0.7221 0.9306 0.1969, 0.703 0.941 0.1969, 0.7057 0.9373 0.1969, 0.707 0.9361 0.1969, 0.7411 0.9239 0.1969, 0.7385 0.9779 0.1969, 0.7385 0.9349 0.1969, 0.7378 0.9782 0.1969, 0.7358 0.979 0.1969, 0.7385 0.9864 0.1969, 0.7411 0.9885 0.1969, 0.7358 0.9872 0.1969, 0.7358 0.9885 0.1969, 0.7318 0.9884 0.1969, 0.7302 0.9885 0.1969, 0.7234 0.989 0.1969, 0.7358 1.1811 0.1969, 0.7234 0.989 0.1969, 0.6899 1.1811 0.1969, 0.719 0.9885 0.1969, 0.7042 0.9278 0.1969, 0.6899 0.9239 0.1969, 0.7101 0.9249 0.1969, 0.7153 0.9239 0.1969, 0.699 0.932 0.1969, 0.6947 0.938 0.1969, 0.6922 0.9446 0.1969, 0.6899 0.9885 0.1969, 0.6955 0.9737 0.1969, 0.7001 0.9797 0.1969, 0.6909 0.955 0.1969, 0.691 0.9583 0.1969, 0.6924 0.9666 0.1969, 0.7016 0.9811 0.1969, 0.7076 0.9853 0.1969, 0.7142 0.9879 0.1969, 0.7209 0.9233 0.1969, 0.717 0.9235 0.1969, 0.7385 0.927 0.1969, 0.7374 0.9265 0.1969, 0.7358 0.9239 0.1969, 0.7358 0.926 0.1969, 0.7306 0.9243 0.1969, 0.7962 0.823 0.1969, 0.7964 0.8237 0.1969, 0.7766 0.8786 0.1969, 0.7875 0.869 0.1969, 0.7786 0.869 0.1969, 0.7994 0.8349 0.1969, 0.8004 0.8311 0.1969, 0.8006 0.8311 0.1969, 0.8009 0.8327 0.1969, 0.8015 0.8348 0.1969, 0.8139 0.869 0.1969, 0.7854 0.8022 0.1969, 0.7766 0.7979 0.1969, 0.7886 0.8026 0.1969, 0.8265 0.7979 0.1969, 0.7836 0.8023 0.1969, 0.7803 0.8029 0.1969, 0.7803 0.8099 0.1969, 0.7899 0.8109 0.1969, 0.7913 0.8125 0.1969, 0.7929 0.8154 0.1969, 0.7819 0.8094 0.1969, 0.7848 0.809 0.1969, 0.8041 0.823 0.1969, 0.8016 0.8167 0.1969, 0.798 0.8097 0.1969, 0.7951 0.8062 0.1969, 0.7945 0.8057 0.1969, 0.7918 0.8038 0.1969, 0.7869 0.8093 0.1969, 0.7886 0.81 0.1969, 0.9253 0.871 0.1969, 0.9213 0.8765 0.1969, 0.9193 0.8786 0.1969, 0.927 0.8447 0.1969, 0.9238 0.8381 0.1969, 0.9191 0.8325 0.1969, 0.9125 0.8277 0.1969, 0.9053 0.8249 0.1969, 0.8944 0.8236 0.1969, 0.871 0.823 0.1969, 0.9276 0.865 0.1969, 0.9287 0.8562 0.1969, 0.9285 0.8521 0.1969, 0.9191 0.8787 0.1969, 0.9125 0.8833 0.1969, 0.877 0.8236 0.1969, 0.877 0.8786 0.1969, 0.871 0.8786 0.1969, 0.877 0.8871 0.1969, 0.8951 0.8871 0.1969, 0.9048 0.8861 0.1969, 0.7723 0.8603 0.1969, 0.7723 0.868 0.1969, 0.7509 0.8676 0.1969, 0.7475 0.8786 0.1969, 0.749 0.8664 0.1969, 0.7475 0.8651 0.1969, 0.7741 0.8327 0.1969, 0.7731 0.8302 0.1969, 0.7716 0.8281 0.1969, 0.7552 0.8693 0.1969, 0.7616 0.87 0.1969, 0.7671 0.8695 0.1969, 0.7718 0.8434 0.1969, 0.7733 0.8412 0.1969, 0.7742 0.8389 0.1969, 0.7745 0.8359 0.1969, 0.7694 0.8261 0.1969, 0.7675 0.825 0.1969, 0.7608 0.8635 0.1969, 0.7584 0.8634 0.1969, 0.7521 0.8574 0.1969, 0.7563 0.8628 0.1969, 0.7545 0.8619 0.1969, 0.7522 0.8564 0.1969, 0.7525 0.8551 0.1969, 0.753 0.8541 0.1969, 0.7538 0.8532 0.1969, 0.7566 0.8515 0.1969, 0.7656 0.8631 0.1969, 0.7616 0.8493 0.1969, 0.7701 0.8615 0.1969, 0.7646 0.8481 0.1969, 0.7699 0.8451 0.1969, 0.7533 0.8608 0.1969, 0.7526 0.8598 0.1969, 0.7522 0.8587 0.1969, 0.7466 0.8643 0.1969, 0.7411 0.8786 0.1969, 0.7451 0.8621 0.1969, 0.7473 0.8313 0.1969, 0.7475 0.8312 0.1969, 0.7475 0.8481 0.1969, 0.7461 0.8495 0.1969, 0.7451 0.8512 0.1969, 0.7438 0.8334 0.1969, 0.7442 0.8536 0.1969, 0.7439 0.8567 0.1969, 0.7442 0.8596 0.1969, 0.7474 0.8482 0.1969, 0.7523 0.8295 0.1969, 0.7559 0.8435 0.1969, 0.7512 0.8457 0.1969, 0.7569 0.829 0.1969, 0.7573 0.829 0.1969, 0.7612 0.8413 0.1969, 0.7614 0.8295 0.1969, 0.7663 0.8352 0.1969, 0.7662 0.8361 0.1969, 0.7634 0.8302 0.1969, 0.7641 0.8307 0.1969, 0.765 0.8315 0.1969, 0.7657 0.8325 0.1969, 0.7661 0.8336 0.1969, 0.7659 0.8374 0.1969, 0.7653 0.8384 0.1969, 0.7643 0.8395 0.1969, 0.7438 0.8252 0.1969, 0.7411 0.823 0.1969, 0.7475 0.8239 0.1969, 0.7475 0.823 0.1969, 0.7494 0.8232 0.1969, 0.751 0.823 0.1969, 0.7561 0.8225 0.1969, 0.7475 0.7979 0.1969, 0.6979 0.8423 0.1969, 0.6995 0.8449 0.1969, 0.701 0.8581 0.1969, 0.6969 0.8394 0.1969, 0.733 0.8528 0.1969, 0.733 0.8236 0.1969, 0.7358 0.823 0.1969, 0.7251 0.8236 0.1969, 0.7186 0.8633 0.1969, 0.7159 0.8635 0.1969, 0.7116 0.8506 0.1969, 0.7026 0.8667 0.1969, 0.7086 0.869 0.1969, 0.7063 0.823 0.1969, 0.7062 0.8231 0.1969, 0.7032 0.8242 0.1969, 0.7005 0.8261 0.1969, 0.6971 0.8317 0.1969, 0.6966 0.8357 0.1969, 0.7019 0.8471 0.1969, 0.7051 0.8488 0.1969, 0.7065 0.8615 0.1969, 0.7115 0.8631 0.1969, 0.701 0.8658 0.1969, 0.6998 0.8268 0.1969, 0.6981 0.8291 0.1969, 0.7251 0.8306 0.1969, 0.7249 0.8306 0.1969, 0.7233 0.8283 0.1969, 0.7208 0.8257 0.1969, 0.7251 0.8524 0.1969, 0.7248 0.8559 0.1969, 0.724 0.8588 0.1969, 0.7231 0.8604 0.1969, 0.7265 0.9239 0.1969, 0.7358 0.8786 0.1969, 0.7166 0.87 0.1969, 0.7221 0.8694 0.1969, 0.7253 0.8683 0.1969, 0.7278 0.8667 0.1969, 0.7293 0.8653 0.1969, 0.731 0.8629 0.1969, 0.7323 0.8595 0.1969, 0.7219 0.8617 0.1969, 0.7204 0.8626 0.1969, 0.711 0.8225 0.1969, 0.6899 0.7979 0.1969, 0.7152 0.823 0.1969, 0.7358 0.7979 0.1969, 0.7153 0.823 0.1969, 0.5889 0.9239 0.1969, 0.5859 0.928 0.1969, 0.5737 0.9384 0.1969, 0.5336 0.9815 0.1969, 0.5356 0.9796 0.1969, 0.5499 0.9621 0.1969, 0.558 0.9458 0.1969, 0.5602 0.9451 0.1969, 0.4908 1.0031 0.1969, 0.6288 1.1811 0.1969, 0.4721 1.005 0.1969, 0.4531 1.003 0.1969, 0.3357 0.9467 0.1969, 0.3394 0.9502 0.1969, -0.2842 0.9885 0.1969, 0.432 0.9958 0.1969, -0.2842 1.1811 0.1969, 0.4198 0.9885 0.1969, 0.4179 0.9874 0.1969, 0.3252 0.9334 0.1969, 0.3539 0.9601 0.1969, 0.3707 0.9664 0.1969, 0.3876 0.9684 0.1969, 0.4073 0.9783 0.1969, 0.3928 0.9681 0.1969, 0.398 0.9675 0.1969, -0.2842 0.8786 0.1969, 0.3145 0.8952 0.1969, 0.3146 0.9003 0.1969, 0.3467 0.8345 0.1969, 0.3334 0.846 0.1969, -0.2842 0.823 0.1969, 0.3629 0.8263 0.1969, 0.3227 0.8614 0.1969, 0.3164 0.8783 0.1969, 0.3164 0.8786 0.1969, 0.3696 0.8243 0.1969, 0.3701 0.823 0.1969, 0.3741 0.8146 0.1969, 0.3808 0.8063 0.1969, 0.4312 0.7979 0.1969, 0.4234 0.7949 0.1969, 0.6288 -1.1811 0.1969, 0.4125 0.7935 0.1969, -0.2842 -1.1811 0.1969, 0.4107 0.7936 0.1969, 0.4001 0.7952 0.1969, -0.2842 0.7979 0.1969, 0.3938 0.7979 0.1969, 0.3897 0.7996 0.1969, 0.4548 0.823 0.1969, 0.4548 0.8229 0.1969, 0.6288 0.7979 0.1969, 0.4495 0.8128 0.1969, 0.4425 0.805 0.1969, 0.4335 0.7988 0.1969, 0.6017 0.8786 0.1969, 0.6006 0.8705 0.1969, 0.5125 0.8497 0.1969, 0.5156 0.8509 0.1969, 0.5209 0.8767 0.1969, 0.5098 0.8477 0.1969, 0.5191 0.8514 0.1969, 0.5196 0.8513 0.1969, 0.5209 0.851 0.1969, 0.595 0.8562 0.1969, 0.586 0.8437 0.1969, 0.5737 0.8333 0.1969, 0.5599 0.8265 0.1969, 0.5449 0.8234 0.1969, 0.5051 0.8374 0.1969, 0.5052 0.8392 0.1969, 0.4577 0.8432 0.1969, 0.5062 0.8426 0.1969, 0.5079 0.8457 0.1969, 0.5655 0.8623 0.1969, 0.5705 0.8693 0.1969, 0.5182 0.8234 0.1969, 0.5157 0.8238 0.1969, 0.5127 0.825 0.1969, 0.5098 0.827 0.1969, 0.5087 0.8281 0.1969, 0.5067 0.8309 0.1969, 0.5056 0.834 0.1969, 0.4574 0.8341 0.1969, 0.4577 0.8387 0.1969, 0.5218 0.8509 0.1969, 0.5422 0.8509 0.1969, 0.5503 0.8525 0.1969, 0.5582 0.8562 0.1969, 0.5649 0.8616 0.1969, 0.418 0.884 0.1969, 0.4289 0.8813 0.1969, 0.5353 0.9239 0.1969, 0.4125 0.8844 0.1969, 0.5736 0.8774 0.1969, 0.5738 0.8786 0.1969, 0.5198 0.8786 0.1969, 0.5747 0.8862 0.1969, 0.5745 0.8901 0.1969, 0.4017 0.883 0.1969, 0.3528 0.9239 0.1969, 0.3917 0.8792 0.1969, 0.3481 0.9171 0.1969, 0.3443 0.907 0.1969, 0.3466 0.8786 0.1969, 0.3908 0.8786 0.1969, 0.3435 0.8892 0.1969, 0.3429 0.8961 0.1969, 0.5629 0.9124 0.1969, 0.5559 0.9173 0.1969, 0.5724 0.8988 0.1969, 0.5682 0.9066 0.1969, 0.5359 0.9214 0.1969, 0.5069 0.9006 0.1969, 0.5395 0.9214 0.1969, 0.5481 0.9204 0.1969, 0.434 0.8786 0.1969, 0.3467 0.8781 0.1969, 0.375 0.8643 0.1969, 0.3825 0.8728 0.1969, 0.3521 0.8689 0.1969, 0.3602 0.8606 0.1969, 0.37 0.8545 0.1969, 0.5261 0.9485 0.1969, 0.516 0.9607 0.1969, 0.412 0.9345 0.1969, 0.5148 0.9618 0.1969, 0.5021 0.9706 0.1969, 0.4189 0.9488 0.1969, 0.4088 0.9363 0.1969, 0.5331 0.934 0.1969, 0.3986 0.94 0.1969, 0.3881 0.9413 0.1969, 0.3834 0.9411 0.1969, 0.4291 0.9609 0.1969, 0.4879 0.976 0.1969, 0.4412 0.9698 0.1969, 0.4726 0.9779 0.1969, 0.456 0.9758 0.1969, 0.3723 0.9384 0.1969, 0.3622 0.9331 0.1969, 0.3544 0.9261 0.1969, 0.5951 0.9152 0.1969, 0.6007 0.9014 0.1969, 0.6027 0.8866 0.1969, 0.8474 0.9455 0.1969, 0.8443 0.9389 0.1969, 0.8418 0.9774 0.1969, 0.8457 0.9718 0.1969, 0.8395 0.9795 0.1969, 0.848 0.9658 0.1969, 0.8491 0.957 0.1969, 0.8489 0.9529 0.1969, 0.8265 0.9885 0.1969, 0.7766 0.9885 0.1969, 0.7839 0.988 0.1969, 0.7766 0.988 0.1969, 0.7839 0.9806 0.1969, 0.7974 0.9244 0.1969, 0.7974 0.988 0.1969, 0.8155 0.988 0.1969, 0.8252 0.9869 0.1969, 0.8265 0.9864 0.1969, 0.8329 0.9841 0.1969, 0.7766 0.9239 0.1969, 0.8265 0.9239 0.1969, 0.7854 0.9244 0.1969, 0.8395 0.9333 0.1969, 0.8329 0.9286 0.1969, 0.8265 0.926 0.1969, 0.8257 0.9257 0.1969, 0.8149 0.9244 0.1969, 0.7854 0.9316 0.1969, 0.865 0.8308 0.1969, 0.865 0.8236 0.1969, 0.8509 0.823 0.1969, 0.839 0.8522 0.1969, 0.839 0.8308 0.1969, 0.8509 0.8522 0.1969, 0.8509 0.8308 0.1969, 0.8617 0.8522 0.1969, 0.839 0.8786 0.1969, 0.839 0.8595 0.1969, 0.8509 0.8786 0.1969, 0.8509 0.8595 0.1969, 0.8617 0.8595 0.1969, 0.839 0.8798 0.1969, 0.8509 0.8798 0.1969, 0.8635 0.8798 0.1969, 0.8635 0.8871 0.1969, 0.8509 0.8871 0.1969, 0.8308 0.8871 0.1969, 0.8509 0.8236 0.1969, 0.8265 0.823 0.1969, 0.8222 0.869 0.1969, 0.7594 0.953 0.1969, 0.7594 0.9316 0.1969, 0.7766 0.953 0.1969, 0.7766 0.9316 0.1969, 0.7821 0.953 0.1969, 0.7821 0.9603 0.1969, 0.7766 0.9603 0.1969, 0.7766 0.9806 0.1969, 0.7594 0.9603 0.1969, 0.7594 0.9806 0.1969, 0.7512 0.988 0.1969, 0.7475 0.9885 0.1969, 0.7512 0.9244 0.1969, -0.9821 -1.0499 0.1969, -1.0011 -1.042 0.1969, -1.1811 -1.1811 0.1969, -0.906 -0.9181 0.1969, -0.8935 -0.9345 0.1969, -0.8829 -0.9738 0.1969, -0.8856 -0.9942 0.1969, -0.8935 -1.0132 0.1969, -0.906 -1.0295 0.1969, -1.0174 -1.0295 0.1969, -1.0299 -1.0132 0.1969, -1.0377 -0.9942 0.1969, -1.0404 -0.9738 0.1969, -1.0377 -0.9534 0.1969, -1.1811 0.7979 0.1969, -1.0299 -0.9345 0.1969, -1.0174 -0.9181 0.1969, -0.9223 -1.042 0.1969, -0.9413 -1.0499 0.1969, -0.9617 -1.0526 0.1969, -1.0011 -0.9056 0.1969, -0.9821 -0.8978 0.1969, -0.9617 -0.8951 0.1969, -0.8856 -0.9534 0.1969, -0.9413 -0.8978 0.1969, -0.9223 -0.9056 0.1969, 1.0853 0.7979 0.1969, 0.9305 -1.1811 0.1969, 0.9305 0.7979 0.1969, 0.871 -1.1811 0.1969, 0.871 0.7979 0.1969, 0.8509 -1.1811 0.1969, 0.8509 0.7979 0.1969, 0.8265 -1.1811 0.1969, 0.7766 -1.1811 0.1969, 0.7475 -1.1811 0.1969, 0.7411 -1.1811 0.1969, 0.7411 0.7979 0.1969, 0.7358 -1.1811 0.1969, 0.6899 -1.1811 0.1969, 0.6886 -1.1811 0.1969, 0.6886 0.7979 0.1969, 0.7184 0.8242 0.1969, 1.0853 0.823 0.1969, 0.6886 0.9239 0.1969, 0.7475 0.9239 0.1969, 0.6883 0.9316 0.1969, 0.6883 0.9244 0.1969, 0.6548 0.9244 0.1969, 0.663 0.988 0.1969, 0.6886 0.9885 0.1969, 0.6548 0.988 0.1969, 0.663 0.9316 0.1969, 0.7766 0.9244 0.1969, 0.9894 0.8236 0.1969, 0.9685 0.8786 0.1969, 1.0853 0.8786 0.1969, 1.0853 0.9239 0.1969, 1.0853 0.9885 0.1969, 1.1811 0.823 0.1969, 1.1811 0.8786 0.1969, 1.1811 0.9239 0.1969, 1.1811 0.9885 0.1969, -1.1811 0.823 0.1969, -1.1811 0.8786 0.1969, -1.1811 0.9239 0.1969, -1.1811 0.9885 0.1969, -1.1811 1.1811 0.1969, 0.6886 1.1811 0.1969, 1.1811 1.1811 0.1969, 1.0853 1.1811 0.1969, 0.9305 1.1811 0.1969, 0.871 1.1811 0.1969, 0.8509 1.1811 0.1969, 0.8265 1.1811 0.1969, 0.7766 1.1811 0.1969, 0.7475 1.1811 0.1969, 0.7411 1.1811 0.1969, -1.0236 -0.7677 0.0079, -1.0256 -0.7525 0.0079, -0.7874 -0.6496 0.0079, -1.0315 -0.7382 0.0079, -1.0409 -0.726 0.0079, -0.783 1.0256 0.0079, -0.7677 1.0236 0.0079, -0.7874 0.7874 0.0079, 0.783 -1.0257 0.0079, 0.7677 -1.0236 0.0079, 0.7874 -0.7874 0.0079, -1.0315 -0.5414 0.0079, -1.0256 -0.5271 0.0079, 1.1811 1.0236 0.0079, 1.1811 0.8268 0.0079, 1.0236 1.0236 0.0079, 1.0827 0.8268 0.0079, 1.0674 0.8247 0.0079, 1.0532 0.8188 0.0079, 1.0409 0.8095 0.0079, 0.7874 0.7874 0.0079, 1.0316 0.7972 0.0079, 1.0257 0.783 0.0079, -0.7677 -1.0236 0.0079, -0.783 -1.0257 0.0079, -0.7972 -1.0316 0.0079, -1.0236 -1.0236 0.0079, -0.8095 -1.0409 0.0079, -0.8188 -1.0532 0.0079, 0.2264 -1.0316 0.0079, 0.2142 -1.0409 0.0079, -0.6496 -0.7874 0.0079, -1.0236 -0.5118 0.0079, -1.0256 -0.4965 0.0079, -1.0315 -0.4823 0.0079, -1.0409 -0.4701 0.0079, -1.0236 0.5118 0.0079, -1.0256 0.5271 0.0079, -1.0315 0.5413 0.0079, -1.0409 0.5535 0.0079, -0.7524 1.0256 0.0079, -0.7382 1.0315 0.0079, -0.5629 1.0531 0.0079, -0.5535 1.0409 0.0079, -0.7107 1.0674 0.0079, -0.5271 1.0256 0.0079, -0.5118 1.0236 0.0079, -0.4965 1.0256 0.0079, -0.4823 1.0315 0.0079, 0.2855 1.0315 0.0079, 0.2977 1.0409 0.0079, -0.8268 -1.1811 0.0079, -1.0236 -1.1811 0.0079, -0.8268 -1.0827 0.0079, -0.8247 -1.0674 0.0079, 0.7525 -1.0257 0.0079, 0.7382 -1.0316 0.0079, 0.563 -1.0532 0.0079, 0.5536 -1.0409 0.0079, 0.7107 -1.0674 0.0079, 0.5271 -1.0257 0.0079, 0.5118 -1.0236 0.0079, 0.4965 -1.0257 0.0079, 0.4823 -1.0316 0.0079, -0.2854 -1.0316 0.0079, -0.2976 -1.0409 0.0079, -0.7524 -1.0257 0.0079, -0.5535 -1.0409 0.0079, -0.7166 -1.0532 0.0079, -0.7259 -1.0409 0.0079, -0.5688 -1.0674 0.0079, -1.0674 -0.8248 0.0079, -1.0531 -0.8189 0.0079, -1.0409 -0.8095 0.0079, -1.0315 -0.7973 0.0079, -1.0256 -0.783 0.0079, 1.0236 0.7677 0.0079, 1.0257 0.7524 0.0079, 1.0316 0.7382 0.0079, 1.0674 0.5688 0.0079, 1.0532 0.5629 0.0079, 1.0532 0.7166 0.0079, 1.0409 0.5535 0.0079, -1.0236 1.1811 0.0079, -0.8268 1.1811 0.0079, -1.0236 1.0236 0.0079, -0.8268 1.0827 0.0079, -0.8247 1.0674 0.0079, -0.8188 1.0531 0.0079, -0.8095 1.0409 0.0079, -0.7972 1.0315 0.0079, -0.2712 1.0256 0.0079, -0.2559 1.0236 0.0079, 0.0295 1.0315 0.0079, 0.0418 1.0409 0.0079, 0.7166 1.0531 0.0079, 0.726 1.0409 0.0079, 0.5689 1.0674 0.0079, 0.783 1.0256 0.0079, 0.7973 1.0315 0.0079, 1.0236 -1.1811 0.0079, 0.8268 -1.1811 0.0079, 1.0236 -1.0236 0.0079, 0.8268 -1.0827 0.0079, 0.8248 -1.0674 0.0079, 0.8189 -1.0532 0.0079, 0.8095 -1.0409 0.0079, 0.7973 -1.0316 0.0079, 0.2406 -1.0257 0.0079, -0.0295 -1.0316 0.0079, -0.0417 -1.0409 0.0079, -0.5629 -1.0532 0.0079, -0.7382 -1.0316 0.0079, -1.1811 -1.0236 0.0079, -1.1811 -0.8268 0.0079, -1.0827 -0.8268 0.0079, -1.0531 -0.7166 0.0079, -1.0531 -0.563 0.0079, -1.0674 -0.7107 0.0079, -1.0409 -0.5536 0.0079, -1.0236 -0.2559 0.0079, -1.0256 -0.2406 0.0079, -1.0531 0.7166 0.0079, -1.0531 0.5629 0.0079, -1.0674 0.5688 0.0079, -1.0256 0.7524 0.0079, -1.0236 0.7677 0.0079, 1.0236 0.5118 0.0079, 1.0409 0.7259 0.0079, 1.0257 0.5271 0.0079, 1.0316 0.5413 0.0079, 1.0409 0.2976 0.0079, 1.0316 0.2854 0.0079, 1.0257 0.2712 0.0079, 1.0409 0.0417 0.0079, 1.0316 0.0295 0.0079, -0.5413 1.0315 0.0079, -0.7166 1.0531 0.0079, -0.7259 1.0409 0.0079, -0.2406 1.0256 0.0079, -0.2264 1.0315 0.0079, -0.2141 1.0409 0.0079, 0.5271 1.0256 0.0079, 0.5414 1.0315 0.0079, 0.5536 1.0409 0.0079, 0.563 1.0531 0.0079, 0.8095 1.0409 0.0079, 0.8189 1.0531 0.0079, 0.5414 -1.0316 0.0079, 0.7166 -1.0532 0.0079, 0.726 -1.0409 0.0079, 0.4701 -1.0409 0.0079, 0.4607 -1.0532 0.0079, 0.4548 -1.0674 0.0079, -1.0236 -0.0 0.0079, -1.0256 0.0153 0.0079, -1.0315 0.0295 0.0079, -1.0409 0.0417 0.0079, -1.0236 0.2559 0.0079, -1.0256 0.2712 0.0079, -1.0409 0.7259 0.0079, -1.0315 0.7382 0.0079, -1.0256 0.783 0.0079, -1.0315 0.7972 0.0079, -1.0409 0.8095 0.0079, -1.0531 0.8188 0.0079, -1.1811 0.8268 0.0079, -1.1811 1.0236 0.0079, -1.0827 0.8268 0.0079, -1.0674 0.8247 0.0079, 1.0316 0.4823 0.0079, 1.0409 0.47 0.0079, 1.0532 0.4606 0.0079, 1.0532 0.307 0.0079, 1.0674 0.3129 0.0079, 1.0257 -0.7525 0.0079, 1.0236 -0.7677 0.0079, 0.0153 1.0256 0.0079, 0.2712 1.0256 0.0079, 0.7382 1.0315 0.0079, 0.7525 1.0256 0.0079, 0.7677 1.0236 0.0079, 0.8268 1.1811 0.0079, 1.0236 1.1811 0.0079, 0.8268 1.0827 0.0079, 0.8248 1.0674 0.0079, -0.0153 -1.0257 0.0079, -0.2712 -1.0257 0.0079, -0.5118 -1.0236 0.0079, -0.5271 -1.0257 0.0079, -0.5413 -1.0316 0.0079, 1.0827 0.7086 0.0079, 1.1811 0.7086 0.0079, 1.1811 0.5708 0.0079, 1.0257 0.4965 0.0079, 1.0532 0.2047 0.0079, 1.0674 0.057 0.0079, 1.0409 0.2141 0.0079, 1.0532 0.0511 0.0079, 1.0257 0.0153 0.0079, 1.0236 -0.0 0.0079, -0.4547 1.0674 0.0079, -0.307 1.0531 0.0079, -0.2976 1.0409 0.0079, 0.3071 -1.0532 0.0079, 0.2977 -1.0409 0.0079, -1.0256 -0.2712 0.0079, -1.0315 -0.2855 0.0079, -1.0256 -0.0153 0.0079, -1.0315 -0.2264 0.0079, -1.0315 0.2854 0.0079, -1.0409 0.2976 0.0079, -1.0531 0.307 0.0079, 1.0674 0.7107 0.0079, 1.0827 0.5708 0.0079, 1.0827 0.4527 0.0079, 1.1811 0.4527 0.0079, 1.1811 0.3149 0.0079, 1.0236 0.2559 0.0079, 1.0257 0.2406 0.0079, 1.0316 0.2264 0.0079, 1.0257 -0.0153 0.0079, 1.0316 -0.0295 0.0079, 1.0674 -0.1989 0.0079, 1.0409 -0.0418 0.0079, 1.0532 -0.0512 0.0079, 1.0532 -0.2048 0.0079, 1.0409 -0.2142 0.0079, 1.0316 -0.4823 0.0079, 1.0236 -0.2559 0.0079, 1.0409 -0.4701 0.0079, 1.0257 -0.2712 0.0079, 1.0532 -0.4607 0.0079, -0.7086 1.1811 0.0079, -0.5708 1.1811 0.0079, -0.7086 1.0827 0.0079, -0.5708 1.0827 0.0079, -0.5688 1.0674 0.0079, -0.4527 1.1811 0.0079, -0.3149 1.1811 0.0079, -0.4527 1.0827 0.0079, -0.3149 1.0827 0.0079, -0.3129 1.0674 0.0079, -0.47 1.0409 0.0079, -0.4606 1.0531 0.0079, -0.2854 1.0315 0.0079, 0.0512 1.0531 0.0079, 0.1989 1.0674 0.0079, 0.2048 1.0531 0.0079, 0.2142 1.0409 0.0079, 0.4701 1.0409 0.0079, 0.4607 1.0531 0.0079, 0.3071 1.0531 0.0079, 0.313 1.0674 0.0079, 0.4823 1.0315 0.0079, 0.4965 1.0256 0.0079, 0.5118 1.0236 0.0079, 0.7087 -1.1811 0.0079, 0.5709 -1.1811 0.0079, 0.7087 -1.0827 0.0079, 0.5709 -1.0827 0.0079, 0.5689 -1.0674 0.0079, 0.4528 -1.1811 0.0079, 0.315 -1.1811 0.0079, 0.4528 -1.0827 0.0079, 0.315 -1.0827 0.0079, 0.313 -1.0674 0.0079, -0.0511 -1.0532 0.0079, -0.1988 -1.0674 0.0079, -0.2047 -1.0532 0.0079, -0.2141 -1.0409 0.0079, -0.3129 -1.0674 0.0079, -0.4606 -1.0532 0.0079, -0.307 -1.0532 0.0079, -0.47 -1.0409 0.0079, -0.4823 -1.0316 0.0079, -0.4965 -1.0257 0.0079, -0.5708 -1.1811 0.0079, -0.7086 -1.1811 0.0079, -0.5708 -1.0827 0.0079, -0.7086 -1.0827 0.0079, -0.7107 -1.0674 0.0079, -1.1811 -0.7087 0.0079, -1.1811 -0.5709 0.0079, -1.0827 -0.7087 0.0079, -1.0827 -0.5709 0.0079, -1.0674 -0.5689 0.0079, -1.0531 -0.3071 0.0079, -1.0531 -0.4607 0.0079, -1.0674 -0.4548 0.0079, -1.0409 -0.2977 0.0079, -1.0531 0.0511 0.0079, -1.0674 0.057 0.0079, -1.0531 0.2047 0.0079, -1.0256 0.2406 0.0079, -1.0315 0.2264 0.0079, -1.1811 0.5708 0.0079, -1.1811 0.7086 0.0079, -1.0827 0.5708 0.0079, -1.0827 0.7086 0.0079, -1.0674 0.7107 0.0079, 1.0674 0.4547 0.0079, 1.0827 0.3149 0.0079, 1.0316 -0.2855 0.0079, 1.0409 -0.2977 0.0079, 1.0674 -0.4548 0.0079, 1.0532 -0.3071 0.0079, 1.0257 -0.4965 0.0079, 1.0236 -0.5118 0.0079, 1.0257 -0.5271 0.0079, 1.0316 -0.5414 0.0079, 1.0409 -0.5536 0.0079, 1.0532 -0.563 0.0079, -0.2047 1.0531 0.0079, -0.057 1.0674 0.0079, -0.0511 1.0531 0.0079, -0.0417 1.0409 0.0079, 0.0591 1.0827 0.0079, 0.0591 1.1811 0.0079, 0.1969 1.1811 0.0079, 0.5709 1.1811 0.0079, 0.7087 1.1811 0.0079, 0.5709 1.0827 0.0079, 0.7087 1.0827 0.0079, 0.7107 1.0674 0.0079, 0.2048 -1.0532 0.0079, 0.0571 -1.0674 0.0079, 0.0512 -1.0532 0.0079, 0.0418 -1.0409 0.0079, -0.059 -1.0827 0.0079, -0.059 -1.1811 0.0079, -0.1968 -1.1811 0.0079, -1.0409 0.2141 0.0079, -1.0531 0.4606 0.0079, -1.0674 0.3129 0.0079, 1.0827 0.1968 0.0079, 1.1811 0.1968 0.0079, 1.1811 0.059 0.0079, 1.0316 -0.2264 0.0079, 1.0257 -0.2406 0.0079, 1.0257 -0.783 0.0079, 1.0316 -0.7973 0.0079, 1.0409 -0.8095 0.0079, 1.0532 -0.8189 0.0079, -0.1968 1.0827 0.0079, -0.1968 1.1811 0.0079, -0.059 1.1811 0.0079, -0.0295 1.0315 0.0079, -0.0153 1.0256 0.0079, 0.0 1.0236 0.0079, 0.0571 1.0674 0.0079, 0.1969 1.0827 0.0079, 0.2855 -1.0316 0.0079, 0.2712 -1.0257 0.0079, 0.2559 -1.0236 0.0079, 0.1969 -1.0827 0.0079, 0.1969 -1.1811 0.0079, 0.0591 -1.1811 0.0079, 0.0295 -1.0316 0.0079, 0.0153 -1.0257 0.0079, 0.0 -1.0236 0.0079, -0.057 -1.0674 0.0079, -0.1968 -1.0827 0.0079, -1.0409 -0.2142 0.0079, -1.0531 -0.2048 0.0079, -1.0315 -0.0295 0.0079, -1.0409 -0.0418 0.0079, 1.0674 0.1988 0.0079, 1.0827 0.059 0.0079, 1.0827 -0.0591 0.0079, 1.1811 -0.0591 0.0079, 1.1811 -0.1969 0.0079, 1.0674 -0.7107 0.0079, 1.0532 -0.7166 0.0079, 1.0409 -0.726 0.0079, 1.0316 -0.7382 0.0079, 1.1811 -0.8268 0.0079, 1.1811 -1.0236 0.0079, 1.0827 -0.8268 0.0079, 1.0674 -0.8248 0.0079, -0.1988 1.0674 0.0079, -0.059 1.0827 0.0079, 0.2264 1.0315 0.0079, 0.2406 1.0256 0.0079, 0.2559 1.0236 0.0079, 0.315 1.1811 0.0079, 0.4528 1.1811 0.0079, 0.315 1.0827 0.0079, 0.4528 1.0827 0.0079, 0.4548 1.0674 0.0079, 0.1989 -1.0674 0.0079, 0.0591 -1.0827 0.0079, -0.2264 -1.0316 0.0079, -0.2406 -1.0257 0.0079, -0.2559 -1.0236 0.0079, -0.3149 -1.1811 0.0079, -0.4527 -1.1811 0.0079, -0.3149 -1.0827 0.0079, -0.4527 -1.0827 0.0079, -0.4547 -1.0674 0.0079, -1.0409 0.47 0.0079, -1.0315 0.4823 0.0079, -1.0256 0.4965 0.0079, 1.0674 -0.0571 0.0079, 1.0827 -0.1969 0.0079, 1.0827 -0.315 0.0079, 1.1811 -0.315 0.0079, 1.1811 -0.4528 0.0079, 1.0827 -0.5709 0.0079, 1.1811 -0.5709 0.0079, 1.1811 -0.7087 0.0079, -1.1811 -0.4528 0.0079, -1.1811 -0.315 0.0079, -1.0827 -0.4528 0.0079, -1.0827 -0.315 0.0079, -1.0674 -0.313 0.0079, -1.1811 0.059 0.0079, -1.1811 0.1968 0.0079, -1.0827 0.059 0.0079, -1.0827 0.1968 0.0079, -1.0674 0.1988 0.0079, 1.0674 -0.313 0.0079, 1.0827 -0.4528 0.0079, 1.0674 -0.5689 0.0079, 1.0827 -0.7087 0.0079, -1.1811 -0.1969 0.0079, -1.1811 -0.0591 0.0079, -1.0827 -0.1969 0.0079, -1.0827 -0.0591 0.0079, -1.0674 -0.1989 0.0079, -1.0674 -0.0571 0.0079, -1.0531 -0.0512 0.0079, -1.1811 0.3149 0.0079, -1.1811 0.4527 0.0079, -1.0827 0.3149 0.0079, -1.0827 0.4527 0.0079, -1.0674 0.4547 0.0079, 1.1811 -1.1811 0.0079, 1.1811 -1.1024 0.0079, 1.1811 -1.0236 0.0787, 1.1811 -0.8268 0.0787, 1.1811 -1.1024 0.0787, 1.1811 -0.7087 0.0787, 1.1811 -0.4528 0.0787, 1.1811 -0.315 0.0787, 1.1811 -0.1969 0.0787, 1.1811 -0.5709 0.0787, 1.1811 0.059 0.0787, 1.1811 0.1968 0.0787, 1.1811 0.3149 0.0787, 1.1811 -0.0591 0.0787, 1.1811 0.5708 0.0787, 1.1811 0.7086 0.0787, 1.1811 0.8268 0.0787, 1.1811 0.4527 0.0787, 1.1811 1.1023 0.0079, 1.1811 1.1811 0.0079, 1.1811 1.1023 0.0787, 1.1811 1.0236 0.0787, -0.5708 1.1811 0.0787, 1.1024 1.1811 0.0079, 1.1024 1.1811 0.0787, 1.0236 1.1811 0.0787, -0.8268 1.1811 0.0787, -1.0236 1.1811 0.0787, 0.8268 1.1811 0.0787, 0.7087 1.1811 0.0787, 0.5709 1.1811 0.0787, 0.4528 1.1811 0.0787, 0.315 1.1811 0.0787, 0.1969 1.1811 0.0787, 0.0591 1.1811 0.0787, -0.059 1.1811 0.0787, -0.1968 1.1811 0.0787, -0.3149 1.1811 0.0787, -0.4527 1.1811 0.0787, -0.7086 1.1811 0.0787, -1.1023 1.1811 0.0079, -1.1811 1.1811 0.0079, -1.1023 1.1811 0.0787, 1.1024 1.1417 0.0079, 1.1418 1.1417 0.0079, 1.1418 1.1023 0.0079, -1.1811 -1.1811 0.0079, -1.1023 -1.1811 0.0079, -1.0236 -1.1811 0.0787, -0.8268 -1.1811 0.0787, -1.1023 -1.1811 0.0787, -0.7086 -1.1811 0.0787, -0.4527 -1.1811 0.0787, -0.3149 -1.1811 0.0787, -0.1968 -1.1811 0.0787, -0.5708 -1.1811 0.0787, 0.0591 -1.1811 0.0787, 0.1969 -1.1811 0.0787, 0.315 -1.1811 0.0787, -0.059 -1.1811 0.0787, 0.5709 -1.1811 0.0787, 0.7087 -1.1811 0.0787, 0.8268 -1.1811 0.0787, 0.4528 -1.1811 0.0787, 1.1024 -1.1811 0.0079, 1.1024 -1.1811 0.0787, 1.0236 -1.1811 0.0787, -1.1811 -0.5709 0.0787, -1.1811 -0.8268 0.0787, -1.1811 -1.0236 0.0787, -1.1811 1.1023 0.0079, -1.1811 1.1023 0.0787, -1.1811 1.0236 0.0787, -1.1811 0.8268 0.0787, -1.1811 0.7086 0.0787, -1.1811 0.5708 0.0787, -1.1811 0.4527 0.0787, -1.1811 0.3149 0.0787, -1.1811 0.1968 0.0787, -1.1811 0.059 0.0787, -1.1811 -0.0591 0.0787, -1.1811 -0.1969 0.0787, -1.1811 -0.315 0.0787, -1.1811 -1.1024 0.0079, -1.1811 -1.1024 0.0787, -1.1811 -0.7087 0.0787, -1.1811 -0.4528 0.0787, 1.1418 -1.1024 0.0079, 1.1418 -1.1418 0.0079, 1.1024 -1.1418 0.0079, -1.1023 -1.1418 0.0079, -1.1417 -1.1418 0.0079, -1.1417 -1.1024 0.0079, -1.1417 1.1023 0.0079, -1.1417 1.1417 0.0079, -1.1023 1.1417 0.0079
            ]
        }
        coordIndex [
            0,1,2,-1,3,4,5,-1,6,7,8,-1,9,10,11,-1,12,13,14,-1,15,16,17,-1,18,19,20,-1,21,22,20,-1,20,22,23,-1,20,23,18,-1,19,18,24,-1,24,18,25,-1,24,25,26,-1,22,27,23,-1,23,27,28,-1,23,28,29,-1,29,28,30,-1,29,30,31,-1,31,30,32,-1,31,32,26,-1,26,32,33,-1,26,33,24,-1,34,35,36,-1,37,38,39,-1,39,38,40,-1,41,42,36,-1,34,36,43,-1,43,36,42,-1,43,42,44,-1,45,46,47,-1,47,46,48,-1,47,48,49,-1,49,48,50,-1,49,50,51,-1,35,39,36,-1,36,39,40,-1,36,40,52,-1,52,40,53,-1,52,53,54,-1,54,53,55,-1,54,55,51,-1,51,55,56,-1,51,56,49,-1,18,57,58,-1,57,18,59,-1,59,18,60,-1,59,60,61,-1,61,60,62,-1,61,62,63,-1,64,65,66,-1,67,68,69,-1,68,70,69,-1,69,70,71,-1,69,71,72,-1,72,73,69,-1,69,73,74,-1,69,74,75,-1,75,76,69,-1,69,76,77,-1,69,77,78,-1,79,80,78,-1,78,80,81,-1,78,81,69,-1,82,83,84,-1,79,85,80,-1,80,85,86,-1,80,86,84,-1,84,86,87,-1,84,87,82,-1,88,89,90,-1,90,89,91,-1,90,91,69,-1,69,91,92,-1,69,92,67,-1,93,94,95,-1,95,94,96,-1,95,96,97,-1,97,96,98,-1,99,100,101,-1,101,100,102,-1,101,102,103,-1,104,105,106,-1,106,105,107,-1,104,108,105,-1,105,108,109,-1,105,109,110,-1,111,112,113,-1,114,115,111,-1,111,115,116,-1,111,116,112,-1,113,117,111,-1,111,117,118,-1,111,118,119,-1,120,121,52,-1,90,122,88,-1,88,122,123,-1,88,123,124,-1,124,123,125,-1,124,125,126,-1,17,127,128,-1,5,129,130,-1,130,129,131,-1,132,133,134,-1,134,135,132,-1,132,135,136,-1,132,136,130,-1,130,136,137,-1,130,137,5,-1,138,139,140,-1,140,139,141,-1,138,142,139,-1,139,142,143,-1,139,143,144,-1,145,146,17,-1,17,146,147,-1,17,147,127,-1,17,148,149,-1,150,151,141,-1,141,151,152,-1,141,152,153,-1,153,154,141,-1,141,154,155,-1,141,155,140,-1,149,156,17,-1,17,156,157,-1,17,157,145,-1,158,60,159,-1,159,60,160,-1,161,162,62,-1,62,162,163,-1,62,163,164,-1,164,165,62,-1,62,165,166,-1,62,166,167,-1,158,168,60,-1,60,168,169,-1,60,169,62,-1,62,169,170,-1,62,170,161,-1,160,60,171,-1,171,60,18,-1,171,18,172,-1,173,174,175,-1,175,174,176,-1,175,176,23,-1,23,176,177,-1,23,177,18,-1,18,177,178,-1,18,178,172,-1,128,131,17,-1,17,131,129,-1,17,129,179,-1,179,129,180,-1,181,182,183,-1,183,182,184,-1,185,186,17,-1,17,186,187,-1,181,188,182,-1,182,188,189,-1,182,189,129,-1,129,189,190,-1,129,190,180,-1,191,192,179,-1,179,192,193,-1,179,193,17,-1,17,193,194,-1,17,194,185,-1,187,195,17,-1,17,195,196,-1,17,196,15,-1,197,198,199,-1,199,198,200,-1,199,200,201,-1,199,202,197,-1,197,202,203,-1,197,203,204,-1,204,205,197,-1,197,205,206,-1,197,206,207,-1,207,206,208,-1,207,208,209,-1,209,208,210,-1,209,210,179,-1,179,210,211,-1,179,211,191,-1,212,213,201,-1,201,213,214,-1,201,214,199,-1,184,182,215,-1,215,182,216,-1,215,216,217,-1,218,219,220,-1,221,222,223,-1,222,224,223,-1,223,224,225,-1,223,225,216,-1,216,225,226,-1,216,226,217,-1,218,220,223,-1,223,220,227,-1,223,227,221,-1,228,229,219,-1,219,229,230,-1,219,230,220,-1,228,231,229,-1,229,231,232,-1,229,232,233,-1,233,232,234,-1,233,235,236,-1,234,237,233,-1,233,237,238,-1,233,238,239,-1,239,240,233,-1,233,240,241,-1,233,241,235,-1,236,242,233,-1,233,242,243,-1,233,243,244,-1,245,246,247,-1,247,246,248,-1,247,248,249,-1,249,248,250,-1,251,252,16,-1,16,252,139,-1,16,139,17,-1,17,139,144,-1,17,144,148,-1,253,254,255,-1,253,255,256,-1,257,258,259,-1,259,258,260,-1,261,262,263,-1,264,265,52,-1,266,267,54,-1,54,267,268,-1,54,268,269,-1,54,270,271,-1,254,272,255,-1,255,272,273,-1,255,273,274,-1,274,273,263,-1,274,263,275,-1,275,263,262,-1,271,256,54,-1,54,256,255,-1,54,255,52,-1,52,255,276,-1,52,276,264,-1,269,277,54,-1,54,277,278,-1,54,278,270,-1,279,280,260,-1,260,280,281,-1,260,281,282,-1,283,284,263,-1,263,284,285,-1,263,285,286,-1,287,120,288,-1,288,120,52,-1,288,52,289,-1,289,52,265,-1,289,290,288,-1,288,290,291,-1,288,291,292,-1,292,293,288,-1,288,293,294,-1,288,294,295,-1,286,296,263,-1,263,296,297,-1,263,297,261,-1,298,299,300,-1,300,299,301,-1,300,301,302,-1,303,46,304,-1,304,46,14,-1,304,14,305,-1,13,306,14,-1,14,306,307,-1,14,307,308,-1,308,309,14,-1,14,309,310,-1,14,310,305,-1,311,312,313,-1,313,312,314,-1,315,316,317,-1,314,312,318,-1,318,312,319,-1,318,319,320,-1,320,319,317,-1,320,317,321,-1,11,10,317,-1,317,10,322,-1,317,322,315,-1,316,323,317,-1,317,323,324,-1,317,324,321,-1,321,324,325,-1,321,325,326,-1,326,325,327,-1,326,327,328,-1,329,330,11,-1,11,330,331,-1,11,331,9,-1,332,333,334,-1,332,334,335,-1,333,336,334,-1,334,336,337,-1,334,337,329,-1,329,337,338,-1,329,338,330,-1,339,335,340,-1,340,335,334,-1,340,334,341,-1,341,334,342,-1,343,344,345,-1,345,344,346,-1,345,346,347,-1,346,348,347,-1,347,348,349,-1,347,349,350,-1,350,349,351,-1,350,351,334,-1,334,351,352,-1,334,352,342,-1,353,354,355,-1,354,356,355,-1,355,356,357,-1,355,357,358,-1,48,359,360,-1,361,362,363,-1,361,363,364,-1,362,365,363,-1,363,365,366,-1,363,366,367,-1,48,360,50,-1,50,360,368,-1,50,368,369,-1,369,370,50,-1,50,370,371,-1,50,371,372,-1,373,374,375,-1,375,374,376,-1,375,376,363,-1,363,376,377,-1,363,377,364,-1,363,378,379,-1,380,381,353,-1,381,382,353,-1,353,382,383,-1,353,383,384,-1,384,385,353,-1,353,385,386,-1,353,386,387,-1,387,386,373,-1,387,373,388,-1,388,373,375,-1,367,389,363,-1,363,389,390,-1,363,390,391,-1,391,392,363,-1,363,392,393,-1,363,393,378,-1,394,395,396,-1,394,396,397,-1,379,398,363,-1,363,398,399,-1,363,399,400,-1,400,399,401,-1,400,401,402,-1,403,404,405,-1,405,404,406,-1,405,406,407,-1,408,409,410,-1,410,409,405,-1,410,405,411,-1,411,405,407,-1,400,412,413,-1,402,414,400,-1,400,414,415,-1,400,415,412,-1,416,417,418,-1,418,417,400,-1,418,400,419,-1,419,400,413,-1,416,396,417,-1,417,396,395,-1,417,395,8,-1,8,395,420,-1,8,420,6,-1,421,422,408,-1,408,422,423,-1,408,423,409,-1,421,424,422,-1,422,424,425,-1,422,425,426,-1,427,428,429,-1,428,430,429,-1,429,430,431,-1,429,431,432,-1,404,429,433,-1,403,397,404,-1,404,397,396,-1,404,396,429,-1,429,396,434,-1,429,434,427,-1,433,435,404,-1,404,435,436,-1,404,436,437,-1,432,431,438,-1,438,431,439,-1,438,439,440,-1,440,439,441,-1,440,441,442,-1,443,444,437,-1,437,444,445,-1,437,445,404,-1,303,446,46,-1,46,446,447,-1,46,447,48,-1,48,447,448,-1,48,448,359,-1,449,450,29,-1,451,452,31,-1,451,31,453,-1,452,454,31,-1,31,454,455,-1,31,455,29,-1,29,455,456,-1,29,456,449,-1,457,458,459,-1,459,458,460,-1,461,462,463,-1,464,465,457,-1,457,465,466,-1,457,466,31,-1,31,466,467,-1,31,467,453,-1,464,457,463,-1,463,457,459,-1,463,459,461,-1,468,469,470,-1,450,471,29,-1,29,471,472,-1,29,472,469,-1,469,472,473,-1,469,473,474,-1,474,475,469,-1,469,475,462,-1,469,462,470,-1,470,462,476,-1,477,478,167,-1,167,478,479,-1,480,481,482,-1,482,481,483,-1,482,483,484,-1,484,483,477,-1,484,477,175,-1,175,477,167,-1,175,167,173,-1,173,167,166,-1,485,486,487,-1,487,486,488,-1,487,488,175,-1,175,488,489,-1,175,489,484,-1,490,485,491,-1,491,485,487,-1,491,487,492,-1,492,487,175,-1,492,175,493,-1,493,175,23,-1,493,23,494,-1,494,23,29,-1,494,29,495,-1,495,29,469,-1,478,496,479,-1,479,496,3,-1,479,3,497,-1,497,3,5,-1,497,5,498,-1,498,5,137,-1,499,500,501,-1,501,500,502,-1,501,502,503,-1,502,476,503,-1,503,476,462,-1,503,462,504,-1,504,462,461,-1,504,461,505,-1,505,461,506,-1,505,506,507,-1,507,506,508,-1,460,458,509,-1,509,458,510,-1,509,510,511,-1,512,513,514,-1,350,515,516,-1,517,518,347,-1,347,518,519,-1,347,519,520,-1,513,521,514,-1,514,521,522,-1,514,522,523,-1,523,524,514,-1,514,524,525,-1,514,525,526,-1,526,525,527,-1,526,527,528,-1,520,529,347,-1,347,529,530,-1,347,530,514,-1,514,530,531,-1,514,531,512,-1,528,532,526,-1,526,532,533,-1,526,533,534,-1,350,516,347,-1,347,516,535,-1,347,535,517,-1,534,536,350,-1,350,536,537,-1,350,537,515,-1,0,538,539,-1,539,538,540,-1,539,540,541,-1,541,540,542,-1,541,542,543,-1,543,542,544,-1,543,544,545,-1,545,544,141,-1,545,141,546,-1,546,141,139,-1,546,139,547,-1,547,139,252,-1,547,252,548,-1,548,252,549,-1,548,549,550,-1,550,549,301,-1,550,301,551,-1,551,301,299,-1,551,299,552,-1,552,299,553,-1,552,553,345,-1,345,553,355,-1,345,355,343,-1,343,355,358,-1,298,266,299,-1,299,266,54,-1,299,54,553,-1,553,54,51,-1,553,51,355,-1,355,51,50,-1,355,50,353,-1,353,50,372,-1,353,372,380,-1,251,250,252,-1,252,250,248,-1,252,248,549,-1,549,248,246,-1,549,246,301,-1,301,246,259,-1,301,259,302,-1,302,259,260,-1,302,260,554,-1,554,260,282,-1,538,555,540,-1,540,555,62,-1,540,62,542,-1,542,62,167,-1,542,167,544,-1,544,167,479,-1,544,479,141,-1,141,479,497,-1,141,497,150,-1,150,497,498,-1,245,223,246,-1,246,223,216,-1,246,216,259,-1,259,216,288,-1,259,288,257,-1,257,288,295,-1,121,107,52,-1,52,107,105,-1,52,105,36,-1,36,105,556,-1,36,556,41,-1,4,495,5,-1,5,495,469,-1,5,469,129,-1,129,469,468,-1,129,468,182,-1,182,468,557,-1,182,557,216,-1,216,557,88,-1,216,88,288,-1,288,88,124,-1,288,124,287,-1,287,124,126,-1,558,559,556,-1,556,559,560,-1,561,562,563,-1,563,562,14,-1,563,14,560,-1,560,14,46,-1,560,46,556,-1,556,46,45,-1,556,45,41,-1,110,114,105,-1,105,114,111,-1,105,111,556,-1,556,111,562,-1,556,562,558,-1,558,562,561,-1,558,561,564,-1,470,565,468,-1,468,565,511,-1,468,511,557,-1,557,511,510,-1,557,510,88,-1,88,510,94,-1,88,94,89,-1,89,94,93,-1,66,63,64,-1,64,63,62,-1,64,62,566,-1,566,62,555,-1,566,555,567,-1,567,555,568,-1,567,568,58,-1,58,568,569,-1,58,569,18,-1,18,569,570,-1,18,570,25,-1,0,2,538,-1,538,2,571,-1,538,571,555,-1,555,571,572,-1,555,572,568,-1,568,572,573,-1,568,573,569,-1,569,573,574,-1,569,574,570,-1,534,350,526,-1,526,350,334,-1,526,334,575,-1,575,334,329,-1,575,329,576,-1,576,329,11,-1,576,11,577,-1,577,11,317,-1,577,317,578,-1,578,317,319,-1,578,319,579,-1,119,103,111,-1,111,103,102,-1,111,102,562,-1,562,102,580,-1,562,580,14,-1,14,580,312,-1,14,312,12,-1,12,312,311,-1,574,581,570,-1,570,581,582,-1,570,582,25,-1,25,582,583,-1,25,583,26,-1,26,583,584,-1,26,584,31,-1,31,584,585,-1,31,585,457,-1,457,585,586,-1,457,586,458,-1,458,586,587,-1,458,587,510,-1,510,587,588,-1,510,588,94,-1,94,588,589,-1,94,589,96,-1,96,589,100,-1,96,100,98,-1,98,100,99,-1,590,591,592,-1,592,591,593,-1,592,593,594,-1,595,596,597,-1,598,599,600,-1,601,602,592,-1,603,604,605,-1,605,604,606,-1,605,606,607,-1,607,608,605,-1,605,608,609,-1,605,609,610,-1,610,609,611,-1,610,611,612,-1,613,614,592,-1,592,614,615,-1,592,615,616,-1,616,615,617,-1,616,617,618,-1,619,620,621,-1,602,622,592,-1,592,622,623,-1,592,623,597,-1,597,623,624,-1,597,624,625,-1,626,627,597,-1,597,627,628,-1,597,628,629,-1,596,630,597,-1,597,630,631,-1,597,631,610,-1,632,633,634,-1,635,636,610,-1,610,636,637,-1,610,637,638,-1,639,640,610,-1,641,642,643,-1,643,642,616,-1,643,616,644,-1,644,616,618,-1,599,645,600,-1,600,645,646,-1,600,646,621,-1,647,648,649,-1,650,651,621,-1,621,651,652,-1,621,652,653,-1,654,655,621,-1,613,592,656,-1,656,592,621,-1,656,621,657,-1,658,659,660,-1,616,661,662,-1,662,663,616,-1,616,663,664,-1,616,664,592,-1,592,664,665,-1,592,665,590,-1,612,666,610,-1,610,666,667,-1,610,667,668,-1,669,670,671,-1,671,670,672,-1,673,674,675,-1,675,674,676,-1,675,676,677,-1,677,678,675,-1,675,678,679,-1,675,679,597,-1,597,679,680,-1,597,680,595,-1,681,682,610,-1,683,684,610,-1,685,686,687,-1,688,689,610,-1,690,691,692,-1,692,691,693,-1,692,693,694,-1,694,695,692,-1,692,695,696,-1,692,696,600,-1,600,696,697,-1,600,697,598,-1,619,621,698,-1,699,700,621,-1,657,701,656,-1,656,701,660,-1,656,660,702,-1,702,660,659,-1,703,704,616,-1,616,704,705,-1,616,705,661,-1,594,706,707,-1,707,706,708,-1,594,707,592,-1,592,707,709,-1,592,709,601,-1,710,711,597,-1,712,713,714,-1,597,715,716,-1,717,718,719,-1,719,718,671,-1,719,671,720,-1,720,671,672,-1,721,722,610,-1,610,722,723,-1,610,724,725,-1,633,726,634,-1,634,726,635,-1,634,635,727,-1,727,635,610,-1,727,610,728,-1,728,610,631,-1,682,729,610,-1,610,729,730,-1,610,730,731,-1,732,733,610,-1,733,734,610,-1,610,734,735,-1,610,735,687,-1,610,689,605,-1,605,689,736,-1,605,736,737,-1,648,738,649,-1,649,738,650,-1,649,650,739,-1,739,650,621,-1,739,621,740,-1,740,621,646,-1,653,741,621,-1,621,741,742,-1,621,742,743,-1,744,745,597,-1,597,745,746,-1,597,746,747,-1,748,749,597,-1,713,712,629,-1,629,712,750,-1,629,750,597,-1,597,750,751,-1,597,751,715,-1,716,752,597,-1,597,752,753,-1,597,753,675,-1,675,753,754,-1,675,754,755,-1,756,757,758,-1,758,757,675,-1,758,675,759,-1,759,675,755,-1,760,761,721,-1,721,761,762,-1,721,762,763,-1,763,762,764,-1,765,766,600,-1,683,610,767,-1,639,610,768,-1,686,769,687,-1,687,769,770,-1,687,770,610,-1,610,770,771,-1,610,771,688,-1,772,773,774,-1,774,773,605,-1,774,605,775,-1,775,605,737,-1,699,621,776,-1,654,621,777,-1,778,779,621,-1,621,779,780,-1,621,780,657,-1,781,782,783,-1,760,721,784,-1,784,721,610,-1,784,610,717,-1,717,610,668,-1,717,668,718,-1,785,786,787,-1,787,786,788,-1,787,788,724,-1,725,789,610,-1,610,789,790,-1,610,790,600,-1,791,792,793,-1,743,794,795,-1,710,597,796,-1,796,597,625,-1,796,625,797,-1,744,597,798,-1,798,597,711,-1,798,711,799,-1,749,800,597,-1,597,800,801,-1,597,801,802,-1,671,803,669,-1,669,803,781,-1,669,781,804,-1,804,781,783,-1,805,806,807,-1,723,808,610,-1,610,808,809,-1,610,809,724,-1,724,809,810,-1,724,810,787,-1,811,812,813,-1,813,812,814,-1,813,814,815,-1,813,816,811,-1,811,816,817,-1,811,817,790,-1,818,819,820,-1,820,819,821,-1,820,821,822,-1,823,824,825,-1,825,824,826,-1,825,826,634,-1,634,826,827,-1,634,827,632,-1,828,829,830,-1,830,829,831,-1,830,831,791,-1,791,831,832,-1,791,832,792,-1,638,833,610,-1,610,833,834,-1,610,834,681,-1,681,834,791,-1,681,791,835,-1,835,791,793,-1,836,837,684,-1,684,837,838,-1,684,838,839,-1,840,640,841,-1,841,640,842,-1,841,842,843,-1,840,844,640,-1,640,844,845,-1,640,845,610,-1,610,845,846,-1,610,846,732,-1,847,848,849,-1,849,848,850,-1,849,850,649,-1,649,850,851,-1,649,851,647,-1,852,853,854,-1,854,853,855,-1,854,855,743,-1,743,855,856,-1,743,856,794,-1,857,858,700,-1,700,858,859,-1,700,859,860,-1,861,862,863,-1,863,862,655,-1,862,864,655,-1,655,864,865,-1,655,865,621,-1,621,865,866,-1,621,866,778,-1,867,868,869,-1,869,868,870,-1,869,870,660,-1,660,870,871,-1,660,871,658,-1,872,873,874,-1,874,873,875,-1,874,875,708,-1,708,875,876,-1,708,876,707,-1,877,878,879,-1,878,877,625,-1,625,877,880,-1,625,880,797,-1,881,882,883,-1,748,597,884,-1,884,597,747,-1,884,747,885,-1,886,887,888,-1,888,887,889,-1,888,889,714,-1,714,889,890,-1,714,890,712,-1,762,891,764,-1,764,891,805,-1,764,805,892,-1,892,805,807,-1,821,893,822,-1,822,893,894,-1,822,894,895,-1,895,894,896,-1,897,898,600,-1,600,898,899,-1,899,900,600,-1,600,900,901,-1,600,901,902,-1,903,904,731,-1,731,904,905,-1,731,905,906,-1,907,908,909,-1,910,911,912,-1,912,911,913,-1,912,913,687,-1,687,913,914,-1,687,914,685,-1,915,916,620,-1,620,916,917,-1,620,917,918,-1,919,920,921,-1,881,883,747,-1,747,883,922,-1,747,922,885,-1,923,802,924,-1,925,926,927,-1,817,928,790,-1,790,928,929,-1,790,929,600,-1,600,929,819,-1,600,819,897,-1,897,819,818,-1,766,930,600,-1,600,930,931,-1,600,931,692,-1,692,931,932,-1,692,932,933,-1,934,935,936,-1,906,937,731,-1,731,937,938,-1,731,938,610,-1,610,938,939,-1,610,939,767,-1,836,940,837,-1,837,940,907,-1,837,907,941,-1,941,907,909,-1,795,942,743,-1,743,942,943,-1,743,943,621,-1,621,943,944,-1,621,944,698,-1,945,946,947,-1,918,948,620,-1,620,948,949,-1,620,949,621,-1,621,949,950,-1,621,950,776,-1,857,951,858,-1,858,951,919,-1,858,919,952,-1,952,919,921,-1,799,953,798,-1,798,953,954,-1,798,954,955,-1,955,954,956,-1,785,957,786,-1,786,957,925,-1,786,925,958,-1,958,925,927,-1,959,960,961,-1,962,963,902,-1,902,963,964,-1,902,964,600,-1,600,964,965,-1,600,965,765,-1,966,967,968,-1,968,967,692,-1,968,692,969,-1,969,692,933,-1,903,970,904,-1,904,970,934,-1,904,934,971,-1,971,934,936,-1,839,972,684,-1,684,972,973,-1,684,973,610,-1,610,973,974,-1,610,974,768,-1,975,976,977,-1,977,976,978,-1,977,978,843,-1,843,978,979,-1,843,979,841,-1,915,980,916,-1,916,980,945,-1,916,945,981,-1,981,945,947,-1,860,982,700,-1,700,982,983,-1,700,983,621,-1,621,983,984,-1,621,984,777,-1,985,986,987,-1,987,986,988,-1,987,988,861,-1,861,988,989,-1,861,989,862,-1,923,990,802,-1,802,990,991,-1,802,991,597,-1,597,991,992,-1,597,992,626,-1,815,993,813,-1,813,993,959,-1,813,959,994,-1,994,959,961,-1,995,996,997,-1,998,999,1000,-1,1001,1002,1003,-1,1003,1002,1004,-1,1003,1004,879,-1,879,1004,1005,-1,879,1005,877,-1,1006,1007,1008,-1,1008,1007,1009,-1,1008,1009,882,-1,882,1009,1010,-1,882,1010,883,-1,896,1011,895,-1,895,1011,995,-1,895,995,1012,-1,1012,995,997,-1,902,1013,962,-1,962,1013,998,-1,962,998,1014,-1,1014,998,1000,-1,1015,1016,1017,-1,1017,1016,1018,-1,1017,1018,1019,-1,1019,1018,1020,-1,1019,1020,954,-1,954,1020,1021,-1,954,1021,956,-1,1022,1023,1024,-1,1024,1023,1025,-1,1024,1025,924,-1,924,1025,1026,-1,924,1026,923,-1,1,1027,1028,-1,967,966,1029,-1,1029,966,1030,-1,1028,1031,1,-1,1,1031,1029,-1,1,1029,581,-1,581,1029,1030,-1,581,1030,1032,-1,1033,997,996,-1,1034,1035,581,-1,996,1034,1033,-1,1033,1034,581,-1,1033,581,1036,-1,1036,581,1032,-1,1036,1032,999,-1,999,1032,1000,-1,1037,927,926,-1,1038,1039,581,-1,926,1038,1037,-1,1037,1038,581,-1,1037,581,1040,-1,1040,581,1035,-1,1040,1035,960,-1,960,1035,961,-1,1041,783,782,-1,1042,1043,581,-1,782,1042,1041,-1,1041,1042,581,-1,1041,581,1044,-1,1044,581,1039,-1,1044,1039,806,-1,806,1039,807,-1,1045,1046,1047,-1,1047,1046,581,-1,1047,581,1048,-1,1048,581,1043,-1,1048,1043,603,-1,603,1043,604,-1,1049,824,823,-1,1046,1050,581,-1,581,1050,1051,-1,581,1051,1052,-1,674,673,1053,-1,1053,673,1054,-1,773,772,1052,-1,1052,772,1055,-1,1052,1055,581,-1,581,1055,1056,-1,911,910,1056,-1,1056,910,1057,-1,1056,1057,581,-1,581,1057,1058,-1,976,975,1058,-1,1058,975,1059,-1,1058,1059,581,-1,581,1059,1060,-1,909,908,1060,-1,1060,908,1061,-1,1060,1061,581,-1,581,1061,1062,-1,936,935,1062,-1,1062,935,1063,-1,1062,1063,581,-1,581,1063,1064,-1,829,828,1064,-1,1064,828,1065,-1,1064,1065,581,-1,581,1065,1049,-1,581,1049,1066,-1,1066,1049,823,-1,1067,1068,1069,-1,1069,1068,579,-1,1069,579,1054,-1,1054,579,581,-1,1054,581,1053,-1,1053,581,1066,-1,1070,1050,1071,-1,1071,1050,1046,-1,1071,1046,1072,-1,1072,1046,1045,-1,514,1073,1074,-1,642,641,1075,-1,1075,641,1076,-1,1074,1077,514,-1,514,1077,1075,-1,514,1075,1,-1,1,1075,1076,-1,1,1076,1078,-1,1079,986,985,-1,1080,1081,1,-1,985,1080,1079,-1,1079,1080,1,-1,1079,1,1082,-1,1082,1,1078,-1,1082,1078,867,-1,867,1078,868,-1,1083,947,946,-1,1084,1085,1,-1,946,1084,1083,-1,1083,1084,1,-1,1083,1,1086,-1,1086,1,1081,-1,1086,1081,920,-1,920,1081,921,-1,1087,848,847,-1,1088,1089,1,-1,847,1088,1087,-1,1087,1088,1,-1,1087,1,1090,-1,1090,1,1085,-1,1090,1085,852,-1,852,1085,853,-1,1091,1027,1092,-1,1092,1027,1,-1,1092,1,1093,-1,1093,1,1089,-1,1093,1089,690,-1,690,1089,691,-1,1094,873,872,-1,704,703,1095,-1,1095,703,1096,-1,1068,1097,579,-1,579,1097,1098,-1,579,1098,1099,-1,757,756,1099,-1,1099,756,1100,-1,1099,1100,579,-1,579,1100,1101,-1,887,886,1101,-1,1101,886,1102,-1,1101,1102,579,-1,579,1102,1103,-1,1023,1022,1103,-1,1103,1022,1104,-1,1103,1104,579,-1,579,1104,1105,-1,1007,1006,1105,-1,1105,1006,1106,-1,1105,1106,579,-1,579,1106,1107,-1,1016,1015,1107,-1,1107,1015,1108,-1,1107,1108,579,-1,579,1108,1109,-1,1110,1073,1111,-1,1111,1073,514,-1,1111,514,1096,-1,1096,514,579,-1,1096,579,1095,-1,1095,579,1112,-1,1002,1001,1109,-1,1109,1001,1113,-1,1109,1113,579,-1,579,1113,1094,-1,579,1094,1112,-1,1112,1094,872,-1,1114,1028,1115,-1,1115,1028,1027,-1,1115,1027,1116,-1,1116,1027,1091,-1,1117,1074,1118,-1,1118,1074,1073,-1,1118,1073,1119,-1,1119,1073,1110,-1,1120,1097,1121,-1,1121,1097,1068,-1,1121,1068,1122,-1,1122,1068,1067,-1,
        ]
    }
}
Shape{
    appearance Appearance {
        material  Material 	{
            diffuseColor 0.6666666666666666 0.6666666666666666 0.6666666666666666
            specularColor 0.4666666666666667 0.4666666666666667 0.4666666666666667
            ambientIntensity 0.6667
            transparency 0.0
            shininess 0.5
        }
    }
    geometry IndexedFaceSet {
        ccw TRUE
        solid FALSE
        coord DEF co Coordinate {
            point [
                0.8268 1.1811 0.0787, 0.8268 1.1815 0.0787, 0.7087 1.1811 0.0787, 0.7087 1.1815 0.0787, 0.8268 1.1811 0.0079, 0.8268 1.0827 0.0079, 0.8268 1.0827 0.0, 0.8268 1.1815 0.0, 0.7087 1.1811 0.0079, 0.7087 1.1815 0.0, 0.7087 1.0827 0.0079, 0.7087 1.0827 0.0, 0.7107 1.0674 0.0, 0.7107 1.0674 0.0079, 0.7166 1.0531 0.0, 0.7166 1.0531 0.0079, 0.726 1.0409 0.0, 0.726 1.0409 0.0079, 0.7382 1.0315 0.0, 0.7382 1.0315 0.0079, 0.7525 1.0256 0.0, 0.7525 1.0256 0.0079, 0.7677 1.0236 0.0, 0.7677 1.0236 0.0079, 0.783 1.0256 0.0, 0.783 1.0256 0.0079, 0.7973 1.0315 0.0, 0.7973 1.0315 0.0079, 0.8095 1.0409 0.0, 0.8095 1.0409 0.0079, 0.8189 1.0531 0.0, 0.8189 1.0531 0.0079, 0.8248 1.0674 0.0, 0.8248 1.0674 0.0079, 0.5709 1.1811 0.0787, 0.5709 1.1815 0.0787, 0.4528 1.1811 0.0787, 0.4528 1.1815 0.0787, 0.5709 1.1811 0.0079, 0.5709 1.0827 0.0079, 0.5709 1.0827 0.0, 0.5709 1.1815 0.0, 0.4528 1.0827 0.0079, 0.4528 1.0827 0.0, 0.4548 1.0674 0.0, 0.4548 1.0674 0.0079, 0.4607 1.0531 0.0, 0.4607 1.0531 0.0079, 0.4701 1.0409 0.0, 0.4701 1.0409 0.0079, 0.4823 1.0315 0.0, 0.4823 1.0315 0.0079, 0.4965 1.0256 0.0, 0.4965 1.0256 0.0079, 0.5118 1.0236 0.0, 0.5118 1.0236 0.0079, 0.5271 1.0256 0.0, 0.5271 1.0256 0.0079, 0.5414 1.0315 0.0, 0.5414 1.0315 0.0079, 0.5536 1.0409 0.0, 0.5536 1.0409 0.0079, 0.563 1.0531 0.0, 0.563 1.0531 0.0079, 0.5689 1.0674 0.0, 0.5689 1.0674 0.0079, 0.4528 1.1811 0.0079, 0.4528 1.1815 0.0, 0.315 1.1811 0.0787, 0.315 1.1815 0.0787, 0.1969 1.1811 0.0787, 0.1969 1.1815 0.0787, 0.315 1.1811 0.0079, 0.315 1.0827 0.0079, 0.315 1.0827 0.0, 0.315 1.1815 0.0, 0.1969 1.0827 0.0079, 0.1969 1.0827 0.0, 0.1989 1.0674 0.0, 0.1989 1.0674 0.0079, 0.2048 1.0531 0.0, 0.2048 1.0531 0.0079, 0.2142 1.0409 0.0, 0.2142 1.0409 0.0079, 0.2264 1.0315 0.0, 0.2264 1.0315 0.0079, 0.2406 1.0256 0.0, 0.2406 1.0256 0.0079, 0.2559 1.0236 0.0, 0.2559 1.0236 0.0079, 0.2712 1.0256 0.0, 0.2712 1.0256 0.0079, 0.2855 1.0315 0.0, 0.2855 1.0315 0.0079, 0.2977 1.0409 0.0, 0.2977 1.0409 0.0079, 0.3071 1.0531 0.0, 0.3071 1.0531 0.0079, 0.313 1.0674 0.0, 0.313 1.0674 0.0079, 0.1969 1.1811 0.0079, 0.1969 1.1815 0.0, 0.0591 1.1811 0.0787, 0.0591 1.1815 0.0787, -0.059 1.1811 0.0787, -0.059 1.1815 0.0787, 0.0591 1.1811 0.0079, 0.0591 1.0827 0.0079, 0.0591 1.0827 0.0, 0.0591 1.1815 0.0, -0.059 1.0827 0.0079, -0.059 1.0827 0.0, -0.057 1.0674 0.0, -0.057 1.0674 0.0079, -0.0511 1.0531 0.0, -0.0511 1.0531 0.0079, -0.0417 1.0409 0.0, -0.0417 1.0409 0.0079, -0.0295 1.0315 0.0, -0.0295 1.0315 0.0079, -0.0153 1.0256 0.0, -0.0153 1.0256 0.0079, 0.0 1.0236 0.0, 0.0 1.0236 0.0079, 0.0153 1.0256 0.0, 0.0153 1.0256 0.0079, 0.0295 1.0315 0.0, 0.0295 1.0315 0.0079, 0.0418 1.0409 0.0, 0.0418 1.0409 0.0079, 0.0512 1.0531 0.0, 0.0512 1.0531 0.0079, 0.0571 1.0674 0.0, 0.0571 1.0674 0.0079, -0.059 1.1811 0.0079, -0.059 1.1815 0.0, -0.1968 1.1811 0.0787, -0.1968 1.1815 0.0787, -0.3149 1.1811 0.0787, -0.3149 1.1815 0.0787, -0.1968 1.1811 0.0079, -0.1968 1.0827 0.0079, -0.1968 1.0827 0.0, -0.1968 1.1815 0.0, -0.3149 1.0827 0.0079, -0.3149 1.0827 0.0, -0.3129 1.0674 0.0, -0.3129 1.0674 0.0079, -0.307 1.0531 0.0, -0.307 1.0531 0.0079, -0.2976 1.0409 0.0, -0.2976 1.0409 0.0079, -0.2854 1.0315 0.0, -0.2854 1.0315 0.0079, -0.2712 1.0256 0.0, -0.2712 1.0256 0.0079, -0.2559 1.0236 0.0, -0.2559 1.0236 0.0079, -0.2406 1.0256 0.0, -0.2406 1.0256 0.0079, -0.2264 1.0315 0.0, -0.2264 1.0315 0.0079, -0.2141 1.0409 0.0, -0.2141 1.0409 0.0079, -0.2047 1.0531 0.0, -0.2047 1.0531 0.0079, -0.1988 1.0674 0.0, -0.1988 1.0674 0.0079, -0.3149 1.1811 0.0079, -0.3149 1.1815 0.0, -0.4527 1.1811 0.0787, -0.4527 1.1815 0.0787, -0.5708 1.1811 0.0787, -0.5708 1.1815 0.0787, -0.4527 1.1811 0.0079, -0.4527 1.0827 0.0079, -0.4527 1.0827 0.0, -0.4527 1.1815 0.0, -0.5708 1.0827 0.0079, -0.5708 1.0827 0.0, -0.5688 1.0674 0.0, -0.5688 1.0674 0.0079, -0.5629 1.0531 0.0, -0.5629 1.0531 0.0079, -0.5535 1.0409 0.0, -0.5535 1.0409 0.0079, -0.5413 1.0315 0.0, -0.5413 1.0315 0.0079, -0.5271 1.0256 0.0, -0.5271 1.0256 0.0079, -0.5118 1.0236 0.0, -0.5118 1.0236 0.0079, -0.4965 1.0256 0.0, -0.4965 1.0256 0.0079, -0.4823 1.0315 0.0, -0.4823 1.0315 0.0079, -0.47 1.0409 0.0, -0.47 1.0409 0.0079, -0.4606 1.0531 0.0, -0.4606 1.0531 0.0079, -0.4547 1.0674 0.0, -0.4547 1.0674 0.0079, -0.5708 1.1811 0.0079, -0.5708 1.1815 0.0, -0.7086 1.1811 0.0787, -0.7086 1.1815 0.0787, -0.8268 1.1811 0.0787, -0.8268 1.1815 0.0787, -0.7086 1.1811 0.0079, -0.7086 1.0827 0.0079, -0.7086 1.0827 0.0, -0.7086 1.1815 0.0, -0.8268 1.0827 0.0079, -0.8268 1.0827 0.0, -0.8247 1.0674 0.0, -0.8247 1.0674 0.0079, -0.8188 1.0531 0.0, -0.8188 1.0531 0.0079, -0.8095 1.0409 0.0, -0.8095 1.0409 0.0079, -0.7972 1.0315 0.0, -0.7972 1.0315 0.0079, -0.783 1.0256 0.0, -0.783 1.0256 0.0079, -0.7677 1.0236 0.0, -0.7677 1.0236 0.0079, -0.7524 1.0256 0.0, -0.7524 1.0256 0.0079, -0.7382 1.0315 0.0, -0.7382 1.0315 0.0079, -0.7259 1.0409 0.0, -0.7259 1.0409 0.0079, -0.7166 1.0531 0.0, -0.7166 1.0531 0.0079, -0.7107 1.0674 0.0, -0.7107 1.0674 0.0079, -0.8268 1.1811 0.0079, -0.8268 1.1815 0.0, -1.0236 1.1811 0.0787, -1.0236 1.1815 0.0787, -1.1023 1.1811 0.0787, -1.1023 1.1815 0.0787, -1.1811 1.1023 0.0787, -1.1815 1.1023 0.0787, -1.1811 1.0236 0.0787, -1.1815 1.0236 0.0787, -1.0236 1.1811 0.0079, -1.0236 1.0236 0.0079, -1.0236 1.0236 0.0, -1.0236 1.1815 0.0, -1.1023 1.1811 0.0079, -1.1023 1.1815 0.0, -1.1023 1.1417 0.0079, -1.1023 1.1417 0.0, -1.1811 1.1023 0.0079, -1.1417 1.1023 0.0079, -1.1417 1.1023 0.0, -1.1815 1.1023 0.0, -1.1811 1.0236 0.0079, -1.1815 1.0236 0.0, -1.1417 1.1417 0.0, -1.1417 1.1417 0.0079, -1.1811 0.8268 0.0787, -1.1815 0.8268 0.0787, -1.1811 0.7086 0.0787, -1.1815 0.7086 0.0787, -1.1811 0.8268 0.0079, -1.0827 0.8268 0.0079, -1.0827 0.8268 0.0, -1.1815 0.8268 0.0, -1.0827 0.7086 0.0079, -1.0827 0.7086 0.0, -1.0674 0.7107 0.0, -1.0674 0.7107 0.0079, -1.0531 0.7166 0.0, -1.0531 0.7166 0.0079, -1.0409 0.7259 0.0, -1.0409 0.7259 0.0079, -1.0315 0.7382 0.0, -1.0315 0.7382 0.0079, -1.0256 0.7524 0.0, -1.0256 0.7524 0.0079, -1.0236 0.7677 0.0, -1.0236 0.7677 0.0079, -1.0256 0.783 0.0, -1.0256 0.783 0.0079, -1.0315 0.7972 0.0, -1.0315 0.7972 0.0079, -1.0409 0.8095 0.0, -1.0409 0.8095 0.0079, -1.0531 0.8188 0.0, -1.0531 0.8188 0.0079, -1.0674 0.8247 0.0, -1.0674 0.8247 0.0079, -1.1811 0.7086 0.0079, -1.1815 0.7086 0.0, -1.1811 0.5708 0.0787, -1.1815 0.5708 0.0787, -1.1811 0.4527 0.0787, -1.1815 0.4527 0.0787, -1.1811 0.5708 0.0079, -1.0827 0.5708 0.0079, -1.0827 0.5708 0.0, -1.1815 0.5708 0.0, -1.0827 0.4527 0.0079, -1.0827 0.4527 0.0, -1.0674 0.4547 0.0, -1.0674 0.4547 0.0079, -1.0531 0.4606 0.0, -1.0531 0.4606 0.0079, -1.0409 0.47 0.0, -1.0409 0.47 0.0079, -1.0315 0.4823 0.0, -1.0315 0.4823 0.0079, -1.0256 0.4965 0.0, -1.0256 0.4965 0.0079, -1.0236 0.5118 0.0, -1.0236 0.5118 0.0079, -1.0256 0.5271 0.0, -1.0256 0.5271 0.0079, -1.0315 0.5413 0.0, -1.0315 0.5413 0.0079, -1.0409 0.5535 0.0, -1.0409 0.5535 0.0079, -1.0531 0.5629 0.0, -1.0531 0.5629 0.0079, -1.0674 0.5688 0.0, -1.0674 0.5688 0.0079, -1.1811 0.4527 0.0079, -1.1815 0.4527 0.0, -1.1811 0.3149 0.0787, -1.1815 0.3149 0.0787, -1.1811 0.1968 0.0787, -1.1815 0.1968 0.0787, -1.1811 0.3149 0.0079, -1.0827 0.3149 0.0079, -1.0827 0.3149 0.0, -1.1815 0.3149 0.0, -1.0827 0.1968 0.0079, -1.0827 0.1968 0.0, -1.0674 0.1988 0.0, -1.0674 0.1988 0.0079, -1.0531 0.2047 0.0, -1.0531 0.2047 0.0079, -1.0409 0.2141 0.0, -1.0409 0.2141 0.0079, -1.0315 0.2264 0.0, -1.0315 0.2264 0.0079, -1.0256 0.2406 0.0, -1.0256 0.2406 0.0079, -1.0236 0.2559 0.0, -1.0236 0.2559 0.0079, -1.0256 0.2712 0.0, -1.0256 0.2712 0.0079, -1.0315 0.2854 0.0, -1.0315 0.2854 0.0079, -1.0409 0.2976 0.0, -1.0409 0.2976 0.0079, -1.0531 0.307 0.0, -1.0531 0.307 0.0079, -1.0674 0.3129 0.0, -1.0674 0.3129 0.0079, -1.1811 0.1968 0.0079, -1.1815 0.1968 0.0, -1.1811 0.059 0.0787, -1.1815 0.059 0.0787, -1.1811 -0.0591 0.0787, -1.1815 -0.0591 0.0787, -1.1811 0.059 0.0079, -1.0827 0.059 0.0079, -1.0827 0.059 0.0, -1.1815 0.059 0.0, -1.0827 -0.0591 0.0079, -1.0827 -0.0591 0.0, -1.0674 -0.0571 0.0, -1.0674 -0.0571 0.0079, -1.0531 -0.0512 0.0, -1.0531 -0.0512 0.0079, -1.0409 -0.0418 0.0, -1.0409 -0.0418 0.0079, -1.0315 -0.0295 0.0, -1.0315 -0.0295 0.0079, -1.0256 -0.0153 0.0, -1.0256 -0.0153 0.0079, -1.0236 -0.0 0.0, -1.0236 -0.0 0.0079, -1.0256 0.0153 0.0, -1.0256 0.0153 0.0079, -1.0315 0.0295 0.0, -1.0315 0.0295 0.0079, -1.0409 0.0417 0.0, -1.0409 0.0417 0.0079, -1.0531 0.0511 0.0, -1.0531 0.0511 0.0079, -1.0674 0.057 0.0, -1.0674 0.057 0.0079, -1.1811 -0.0591 0.0079, -1.1815 -0.0591 0.0, -1.1811 -0.1969 0.0787, -1.1815 -0.1969 0.0787, -1.1811 -0.315 0.0787, -1.1815 -0.315 0.0787, -1.1811 -0.1969 0.0079, -1.0827 -0.1969 0.0079, -1.0827 -0.1969 0.0, -1.1815 -0.1969 0.0, -1.0827 -0.315 0.0079, -1.0827 -0.315 0.0, -1.0674 -0.313 0.0, -1.0674 -0.313 0.0079, -1.0531 -0.3071 0.0, -1.0531 -0.3071 0.0079, -1.0409 -0.2977 0.0, -1.0409 -0.2977 0.0079, -1.0315 -0.2855 0.0, -1.0315 -0.2855 0.0079, -1.0256 -0.2712 0.0, -1.0256 -0.2712 0.0079, -1.0236 -0.2559 0.0, -1.0236 -0.2559 0.0079, -1.0256 -0.2406 0.0, -1.0256 -0.2406 0.0079, -1.0315 -0.2264 0.0, -1.0315 -0.2264 0.0079, -1.0409 -0.2142 0.0, -1.0409 -0.2142 0.0079, -1.0531 -0.2048 0.0, -1.0531 -0.2048 0.0079, -1.0674 -0.1989 0.0, -1.0674 -0.1989 0.0079, -1.1811 -0.315 0.0079, -1.1815 -0.315 0.0, -1.1811 -0.4528 0.0787, -1.1815 -0.4528 0.0787, -1.1811 -0.5709 0.0787, -1.1815 -0.5709 0.0787, -1.1811 -0.4528 0.0079, -1.0827 -0.4528 0.0079, -1.0827 -0.4528 0.0, -1.1815 -0.4528 0.0, -1.0827 -0.5709 0.0079, -1.0827 -0.5709 0.0, -1.0674 -0.5689 0.0, -1.0674 -0.5689 0.0079, -1.0531 -0.563 0.0, -1.0531 -0.563 0.0079, -1.0409 -0.5536 0.0, -1.0409 -0.5536 0.0079, -1.0315 -0.5414 0.0, -1.0315 -0.5414 0.0079, -1.0256 -0.5271 0.0, -1.0256 -0.5271 0.0079, -1.0236 -0.5118 0.0, -1.0236 -0.5118 0.0079, -1.0256 -0.4965 0.0, -1.0256 -0.4965 0.0079, -1.0315 -0.4823 0.0, -1.0315 -0.4823 0.0079, -1.0409 -0.4701 0.0, -1.0409 -0.4701 0.0079, -1.0531 -0.4607 0.0, -1.0531 -0.4607 0.0079, -1.0674 -0.4548 0.0, -1.0674 -0.4548 0.0079, -1.1811 -0.5709 0.0079, -1.1815 -0.5709 0.0, -1.1811 -0.7087 0.0787, -1.1815 -0.7087 0.0787, -1.1811 -0.8268 0.0787, -1.1815 -0.8268 0.0787, -1.1811 -0.7087 0.0079, -1.0827 -0.7087 0.0079, -1.0827 -0.7087 0.0, -1.1815 -0.7087 0.0, -1.0827 -0.8268 0.0079, -1.0827 -0.8268 0.0, -1.0674 -0.8248 0.0, -1.0674 -0.8248 0.0079, -1.0531 -0.8189 0.0, -1.0531 -0.8189 0.0079, -1.0409 -0.8095 0.0, -1.0409 -0.8095 0.0079, -1.0315 -0.7973 0.0, -1.0315 -0.7973 0.0079, -1.0256 -0.783 0.0, -1.0256 -0.783 0.0079, -1.0236 -0.7677 0.0, -1.0236 -0.7677 0.0079, -1.0256 -0.7525 0.0, -1.0256 -0.7525 0.0079, -1.0315 -0.7382 0.0, -1.0315 -0.7382 0.0079, -1.0409 -0.726 0.0, -1.0409 -0.726 0.0079, -1.0531 -0.7166 0.0, -1.0531 -0.7166 0.0079, -1.0674 -0.7107 0.0, -1.0674 -0.7107 0.0079, -1.1811 -0.8268 0.0079, -1.1815 -0.8268 0.0, -0.8268 -1.1811 0.0787, -0.8268 -1.1815 0.0787, -0.7086 -1.1811 0.0787, -0.7086 -1.1815 0.0787, -0.8268 -1.1811 0.0079, -0.8268 -1.0827 0.0079, -0.8268 -1.0827 0.0, -0.8268 -1.1815 0.0, -0.7086 -1.0827 0.0079, -0.7086 -1.0827 0.0, -0.7107 -1.0674 0.0, -0.7107 -1.0674 0.0079, -0.7166 -1.0532 0.0, -0.7166 -1.0532 0.0079, -0.7259 -1.0409 0.0, -0.7259 -1.0409 0.0079, -0.7382 -1.0316 0.0, -0.7382 -1.0316 0.0079, -0.7524 -1.0257 0.0, -0.7524 -1.0257 0.0079, -0.7677 -1.0236 0.0, -0.7677 -1.0236 0.0079, -0.783 -1.0257 0.0, -0.783 -1.0257 0.0079, -0.7972 -1.0316 0.0, -0.7972 -1.0316 0.0079, -0.8095 -1.0409 0.0, -0.8095 -1.0409 0.0079, -0.8188 -1.0532 0.0, -0.8188 -1.0532 0.0079, -0.8247 -1.0674 0.0, -0.8247 -1.0674 0.0079, -0.7086 -1.1811 0.0079, -0.7086 -1.1815 0.0, -0.5708 -1.1811 0.0787, -0.5708 -1.1815 0.0787, -0.4527 -1.1811 0.0787, -0.4527 -1.1815 0.0787, -0.5708 -1.1811 0.0079, -0.5708 -1.0827 0.0079, -0.5708 -1.0827 0.0, -0.5708 -1.1815 0.0, -0.4527 -1.0827 0.0079, -0.4527 -1.0827 0.0, -0.4547 -1.0674 0.0, -0.4547 -1.0674 0.0079, -0.4606 -1.0532 0.0, -0.4606 -1.0532 0.0079, -0.47 -1.0409 0.0, -0.47 -1.0409 0.0079, -0.4823 -1.0316 0.0, -0.4823 -1.0316 0.0079, -0.4965 -1.0257 0.0, -0.4965 -1.0257 0.0079, -0.5118 -1.0236 0.0, -0.5118 -1.0236 0.0079, -0.5271 -1.0257 0.0, -0.5271 -1.0257 0.0079, -0.5413 -1.0316 0.0, -0.5413 -1.0316 0.0079, -0.5535 -1.0409 0.0, -0.5535 -1.0409 0.0079, -0.5629 -1.0532 0.0, -0.5629 -1.0532 0.0079, -0.5688 -1.0674 0.0, -0.5688 -1.0674 0.0079, -0.4527 -1.1811 0.0079, -0.4527 -1.1815 0.0, -0.3149 -1.1811 0.0787, -0.3149 -1.1815 0.0787, -0.1968 -1.1811 0.0787, -0.1968 -1.1815 0.0787, -0.3149 -1.1811 0.0079, -0.3149 -1.0827 0.0079, -0.3149 -1.0827 0.0, -0.3149 -1.1815 0.0, -0.1968 -1.0827 0.0079, -0.1968 -1.0827 0.0, -0.1988 -1.0674 0.0, -0.1988 -1.0674 0.0079, -0.2047 -1.0532 0.0, -0.2047 -1.0532 0.0079, -0.2141 -1.0409 0.0, -0.2141 -1.0409 0.0079, -0.2264 -1.0316 0.0, -0.2264 -1.0316 0.0079, -0.2406 -1.0257 0.0, -0.2406 -1.0257 0.0079, -0.2559 -1.0236 0.0, -0.2559 -1.0236 0.0079, -0.2712 -1.0257 0.0, -0.2712 -1.0257 0.0079, -0.2854 -1.0316 0.0, -0.2854 -1.0316 0.0079, -0.2976 -1.0409 0.0, -0.2976 -1.0409 0.0079, -0.307 -1.0532 0.0, -0.307 -1.0532 0.0079, -0.3129 -1.0674 0.0, -0.3129 -1.0674 0.0079, -0.1968 -1.1811 0.0079, -0.1968 -1.1815 0.0, -0.059 -1.1811 0.0787, -0.059 -1.1815 0.0787, 0.0591 -1.1811 0.0787, 0.0591 -1.1815 0.0787, -0.059 -1.1811 0.0079, -0.059 -1.0827 0.0079, -0.059 -1.0827 0.0, -0.059 -1.1815 0.0, 0.0591 -1.0827 0.0079, 0.0591 -1.0827 0.0, 0.0571 -1.0674 0.0, 0.0571 -1.0674 0.0079, 0.0512 -1.0532 0.0, 0.0512 -1.0532 0.0079, 0.0418 -1.0409 0.0, 0.0418 -1.0409 0.0079, 0.0295 -1.0316 0.0, 0.0295 -1.0316 0.0079, 0.0153 -1.0257 0.0, 0.0153 -1.0257 0.0079, 0.0 -1.0236 0.0, 0.0 -1.0236 0.0079, -0.0153 -1.0257 0.0, -0.0153 -1.0257 0.0079, -0.0295 -1.0316 0.0, -0.0295 -1.0316 0.0079, -0.0417 -1.0409 0.0, -0.0417 -1.0409 0.0079, -0.0511 -1.0532 0.0, -0.0511 -1.0532 0.0079, -0.057 -1.0674 0.0, -0.057 -1.0674 0.0079, 0.0591 -1.1811 0.0079, 0.0591 -1.1815 0.0, 0.1969 -1.1811 0.0787, 0.1969 -1.1815 0.0787, 0.315 -1.1811 0.0787, 0.315 -1.1815 0.0787, 0.1969 -1.1811 0.0079, 0.1969 -1.0827 0.0079, 0.1969 -1.0827 0.0, 0.1969 -1.1815 0.0, 0.315 -1.0827 0.0079, 0.315 -1.0827 0.0, 0.313 -1.0674 0.0, 0.313 -1.0674 0.0079, 0.3071 -1.0532 0.0, 0.3071 -1.0532 0.0079, 0.2977 -1.0409 0.0, 0.2977 -1.0409 0.0079, 0.2855 -1.0316 0.0, 0.2855 -1.0316 0.0079, 0.2712 -1.0257 0.0, 0.2712 -1.0257 0.0079, 0.2559 -1.0236 0.0, 0.2559 -1.0236 0.0079, 0.2406 -1.0257 0.0, 0.2406 -1.0257 0.0079, 0.2264 -1.0316 0.0, 0.2264 -1.0316 0.0079, 0.2142 -1.0409 0.0, 0.2142 -1.0409 0.0079, 0.2048 -1.0532 0.0, 0.2048 -1.0532 0.0079, 0.1989 -1.0674 0.0, 0.1989 -1.0674 0.0079, 0.315 -1.1811 0.0079, 0.315 -1.1815 0.0, 0.4528 -1.1811 0.0787, 0.4528 -1.1815 0.0787, 0.5709 -1.1811 0.0787, 0.5709 -1.1815 0.0787, 0.4528 -1.1811 0.0079, 0.4528 -1.0827 0.0079, 0.4528 -1.0827 0.0, 0.4528 -1.1815 0.0, 0.5709 -1.0827 0.0079, 0.5709 -1.0827 0.0, 0.5689 -1.0674 0.0, 0.5689 -1.0674 0.0079, 0.563 -1.0532 0.0, 0.563 -1.0532 0.0079, 0.5536 -1.0409 0.0, 0.5536 -1.0409 0.0079, 0.5414 -1.0316 0.0, 0.5414 -1.0316 0.0079, 0.5271 -1.0257 0.0, 0.5271 -1.0257 0.0079, 0.5118 -1.0236 0.0, 0.5118 -1.0236 0.0079, 0.4965 -1.0257 0.0, 0.4965 -1.0257 0.0079, 0.4823 -1.0316 0.0, 0.4823 -1.0316 0.0079, 0.4701 -1.0409 0.0, 0.4701 -1.0409 0.0079, 0.4607 -1.0532 0.0, 0.4607 -1.0532 0.0079, 0.4548 -1.0674 0.0, 0.4548 -1.0674 0.0079, 0.5709 -1.1811 0.0079, 0.5709 -1.1815 0.0, 0.7087 -1.1811 0.0787, 0.7087 -1.1815 0.0787, 0.8268 -1.1811 0.0787, 0.8268 -1.1815 0.0787, 0.7087 -1.1811 0.0079, 0.7087 -1.0827 0.0079, 0.7087 -1.0827 0.0, 0.7087 -1.1815 0.0, 0.8268 -1.0827 0.0079, 0.8268 -1.0827 0.0, 0.8248 -1.0674 0.0, 0.8248 -1.0674 0.0079, 0.8189 -1.0532 0.0, 0.8189 -1.0532 0.0079, 0.8095 -1.0409 0.0, 0.8095 -1.0409 0.0079, 0.7973 -1.0316 0.0, 0.7973 -1.0316 0.0079, 0.783 -1.0257 0.0, 0.783 -1.0257 0.0079, 0.7677 -1.0236 0.0, 0.7677 -1.0236 0.0079, 0.7525 -1.0257 0.0, 0.7525 -1.0257 0.0079, 0.7382 -1.0316 0.0, 0.7382 -1.0316 0.0079, 0.726 -1.0409 0.0, 0.726 -1.0409 0.0079, 0.7166 -1.0532 0.0, 0.7166 -1.0532 0.0079, 0.7107 -1.0674 0.0, 0.7107 -1.0674 0.0079, 0.8268 -1.1811 0.0079, 0.8268 -1.1815 0.0, 1.1811 -0.8268 0.0787, 1.1815 -0.8268 0.0787, 1.1811 -0.7087 0.0787, 1.1815 -0.7087 0.0787, 1.1811 -0.8268 0.0079, 1.0827 -0.8268 0.0079, 1.0827 -0.8268 0.0, 1.1815 -0.8268 0.0, 1.0827 -0.7087 0.0079, 1.0827 -0.7087 0.0, 1.0674 -0.7107 0.0, 1.0674 -0.7107 0.0079, 1.0532 -0.7166 0.0, 1.0532 -0.7166 0.0079, 1.0409 -0.726 0.0, 1.0409 -0.726 0.0079, 1.0316 -0.7382 0.0, 1.0316 -0.7382 0.0079, 1.0257 -0.7525 0.0, 1.0257 -0.7525 0.0079, 1.0236 -0.7677 0.0, 1.0236 -0.7677 0.0079, 1.0257 -0.783 0.0, 1.0257 -0.783 0.0079, 1.0316 -0.7973 0.0, 1.0316 -0.7973 0.0079, 1.0409 -0.8095 0.0, 1.0409 -0.8095 0.0079, 1.0532 -0.8189 0.0, 1.0532 -0.8189 0.0079, 1.0674 -0.8248 0.0, 1.0674 -0.8248 0.0079, 1.1811 -0.7087 0.0079, 1.1815 -0.7087 0.0, 1.1811 -0.5709 0.0787, 1.1815 -0.5709 0.0787, 1.1811 -0.4528 0.0787, 1.1815 -0.4528 0.0787, 1.1811 -0.5709 0.0079, 1.0827 -0.5709 0.0079, 1.0827 -0.5709 0.0, 1.1815 -0.5709 0.0, 1.0827 -0.4528 0.0079, 1.0827 -0.4528 0.0, 1.0674 -0.4548 0.0, 1.0674 -0.4548 0.0079, 1.0532 -0.4607 0.0, 1.0532 -0.4607 0.0079, 1.0409 -0.4701 0.0, 1.0409 -0.4701 0.0079, 1.0316 -0.4823 0.0, 1.0316 -0.4823 0.0079, 1.0257 -0.4965 0.0, 1.0257 -0.4965 0.0079, 1.0236 -0.5118 0.0, 1.0236 -0.5118 0.0079, 1.0257 -0.5271 0.0, 1.0257 -0.5271 0.0079, 1.0316 -0.5414 0.0, 1.0316 -0.5414 0.0079, 1.0409 -0.5536 0.0, 1.0409 -0.5536 0.0079, 1.0532 -0.563 0.0, 1.0532 -0.563 0.0079, 1.0674 -0.5689 0.0, 1.0674 -0.5689 0.0079, 1.1811 -0.4528 0.0079, 1.1815 -0.4528 0.0, 1.1811 -0.315 0.0787, 1.1815 -0.315 0.0787, 1.1811 -0.1969 0.0787, 1.1815 -0.1969 0.0787, 1.1811 -0.315 0.0079, 1.0827 -0.315 0.0079, 1.0827 -0.315 0.0, 1.1815 -0.315 0.0, 1.0827 -0.1969 0.0079, 1.0827 -0.1969 0.0, 1.0674 -0.1989 0.0, 1.0674 -0.1989 0.0079, 1.0532 -0.2048 0.0, 1.0532 -0.2048 0.0079, 1.0409 -0.2142 0.0, 1.0409 -0.2142 0.0079, 1.0316 -0.2264 0.0, 1.0316 -0.2264 0.0079, 1.0257 -0.2406 0.0, 1.0257 -0.2406 0.0079, 1.0236 -0.2559 0.0, 1.0236 -0.2559 0.0079, 1.0257 -0.2712 0.0, 1.0257 -0.2712 0.0079, 1.0316 -0.2855 0.0, 1.0316 -0.2855 0.0079, 1.0409 -0.2977 0.0, 1.0409 -0.2977 0.0079, 1.0532 -0.3071 0.0, 1.0532 -0.3071 0.0079, 1.0674 -0.313 0.0, 1.0674 -0.313 0.0079, 1.1811 -0.1969 0.0079, 1.1815 -0.1969 0.0, 1.1811 -0.0591 0.0787, 1.1815 -0.0591 0.0787, 1.1811 0.059 0.0787, 1.1815 0.059 0.0787, 1.1811 -0.0591 0.0079, 1.0827 -0.0591 0.0079, 1.0827 -0.0591 0.0, 1.1815 -0.0591 0.0, 1.0827 0.059 0.0079, 1.0827 0.059 0.0, 1.0674 0.057 0.0, 1.0674 0.057 0.0079, 1.0532 0.0511 0.0, 1.0532 0.0511 0.0079, 1.0409 0.0417 0.0, 1.0409 0.0417 0.0079, 1.0316 0.0295 0.0, 1.0316 0.0295 0.0079, 1.0257 0.0153 0.0, 1.0257 0.0153 0.0079, 1.0236 -0.0 0.0, 1.0236 -0.0 0.0079, 1.0257 -0.0153 0.0, 1.0257 -0.0153 0.0079, 1.0316 -0.0295 0.0, 1.0316 -0.0295 0.0079, 1.0409 -0.0418 0.0, 1.0409 -0.0418 0.0079, 1.0532 -0.0512 0.0, 1.0532 -0.0512 0.0079, 1.0674 -0.0571 0.0, 1.0674 -0.0571 0.0079, 1.1811 0.059 0.0079, 1.1815 0.059 0.0, 1.1811 0.1968 0.0787, 1.1815 0.1968 0.0787, 1.1811 0.3149 0.0787, 1.1815 0.3149 0.0787, 1.1811 0.1968 0.0079, 1.0827 0.1968 0.0079, 1.0827 0.1968 0.0, 1.1815 0.1968 0.0, 1.0827 0.3149 0.0079, 1.0827 0.3149 0.0, 1.0674 0.3129 0.0, 1.0674 0.3129 0.0079, 1.0532 0.307 0.0, 1.0532 0.307 0.0079, 1.0409 0.2976 0.0, 1.0409 0.2976 0.0079, 1.0316 0.2854 0.0, 1.0316 0.2854 0.0079, 1.0257 0.2712 0.0, 1.0257 0.2712 0.0079, 1.0236 0.2559 0.0, 1.0236 0.2559 0.0079, 1.0257 0.2406 0.0, 1.0257 0.2406 0.0079, 1.0316 0.2264 0.0, 1.0316 0.2264 0.0079, 1.0409 0.2141 0.0, 1.0409 0.2141 0.0079, 1.0532 0.2047 0.0, 1.0532 0.2047 0.0079, 1.0674 0.1988 0.0, 1.0674 0.1988 0.0079, 1.1811 0.3149 0.0079, 1.1815 0.3149 0.0, 1.1811 0.4527 0.0787, 1.1815 0.4527 0.0787, 1.1811 0.5708 0.0787, 1.1815 0.5708 0.0787, 1.1811 0.4527 0.0079, 1.0827 0.4527 0.0079, 1.0827 0.4527 0.0, 1.1815 0.4527 0.0, 1.0827 0.5708 0.0079, 1.0827 0.5708 0.0, 1.0674 0.5688 0.0, 1.0674 0.5688 0.0079, 1.0532 0.5629 0.0, 1.0532 0.5629 0.0079, 1.0409 0.5535 0.0, 1.0409 0.5535 0.0079, 1.0316 0.5413 0.0, 1.0316 0.5413 0.0079, 1.0257 0.5271 0.0, 1.0257 0.5271 0.0079, 1.0236 0.5118 0.0, 1.0236 0.5118 0.0079, 1.0257 0.4965 0.0, 1.0257 0.4965 0.0079, 1.0316 0.4823 0.0, 1.0316 0.4823 0.0079, 1.0409 0.47 0.0, 1.0409 0.47 0.0079, 1.0532 0.4606 0.0, 1.0532 0.4606 0.0079, 1.0674 0.4547 0.0, 1.0674 0.4547 0.0079, 1.1811 0.5708 0.0079, 1.1815 0.5708 0.0, 1.1811 0.7086 0.0787, 1.1815 0.7086 0.0787, 1.1811 0.8268 0.0787, 1.1815 0.8268 0.0787, 1.1811 0.7086 0.0079, 1.0827 0.7086 0.0079, 1.0827 0.7086 0.0, 1.1815 0.7086 0.0, 1.0827 0.8268 0.0079, 1.0827 0.8268 0.0, 1.0674 0.8247 0.0, 1.0674 0.8247 0.0079, 1.0532 0.8188 0.0, 1.0532 0.8188 0.0079, 1.0409 0.8095 0.0, 1.0409 0.8095 0.0079, 1.0316 0.7972 0.0, 1.0316 0.7972 0.0079, 1.0257 0.783 0.0, 1.0257 0.783 0.0079, 1.0236 0.7677 0.0, 1.0236 0.7677 0.0079, 1.0257 0.7524 0.0, 1.0257 0.7524 0.0079, 1.0316 0.7382 0.0, 1.0316 0.7382 0.0079, 1.0409 0.7259 0.0, 1.0409 0.7259 0.0079, 1.0532 0.7166 0.0, 1.0532 0.7166 0.0079, 1.0674 0.7107 0.0, 1.0674 0.7107 0.0079, 1.1811 0.8268 0.0079, 1.1815 0.8268 0.0, -1.1815 -1.0236 0.0787, -1.1811 -1.0236 0.0787, -1.1811 -1.0236 0.0079, -1.0236 -1.0236 0.0079, -1.0236 -1.0236 0.0, -1.1815 -1.0236 0.0, -1.1811 -1.1024 0.0787, -1.1815 -1.1024 0.0787, -1.1811 -1.1024 0.0079, -1.1815 -1.1024 0.0, -1.1417 -1.1024 0.0079, -1.1417 -1.1024 0.0, -1.1023 -1.1811 0.0787, -1.1023 -1.1815 0.0787, -1.0236 -1.1811 0.0787, -1.0236 -1.1815 0.0787, -1.1417 -1.1418 0.0, -1.1417 -1.1418 0.0079, -1.1023 -1.1418 0.0079, -1.1023 -1.1418 0.0, -1.1023 -1.1811 0.0079, -1.1023 -1.1815 0.0, -1.0236 -1.1815 0.0, -1.0236 -1.1811 0.0079, 1.0236 -1.1811 0.0787, 1.0236 -1.1815 0.0787, 1.1024 -1.1811 0.0787, 1.1024 -1.1815 0.0787, 1.1811 -1.1024 0.0787, 1.1815 -1.1024 0.0787, 1.1811 -1.0236 0.0787, 1.1815 -1.0236 0.0787, 1.0236 -1.1811 0.0079, 1.0236 -1.0236 0.0079, 1.0236 -1.0236 0.0, 1.0236 -1.1815 0.0, 1.1024 -1.1815 0.0, 1.1024 -1.1811 0.0079, 1.1024 -1.1418 0.0079, 1.1024 -1.1418 0.0, 1.1418 -1.1418 0.0, 1.1418 -1.1418 0.0079, 1.1418 -1.1024 0.0079, 1.1418 -1.1024 0.0, 1.1811 -1.1024 0.0079, 1.1815 -1.1024 0.0, 1.1815 -1.0236 0.0, 1.1811 -1.0236 0.0079, 1.1811 1.0236 0.0787, 1.1815 1.0236 0.0787, 1.1811 1.1023 0.0787, 1.1815 1.1023 0.0787, 1.1024 1.1811 0.0787, 1.1024 1.1815 0.0787, 1.0236 1.1811 0.0787, 1.0236 1.1815 0.0787, 1.1811 1.0236 0.0079, 1.0236 1.0236 0.0079, 1.0236 1.0236 0.0, 1.1815 1.0236 0.0, 1.1815 1.1023 0.0, 1.1811 1.1023 0.0079, 1.1418 1.1023 0.0079, 1.1418 1.1023 0.0, 1.1418 1.1417 0.0, 1.1418 1.1417 0.0079, 1.1024 1.1417 0.0079, 1.1024 1.1417 0.0, 1.1024 1.1811 0.0079, 1.1024 1.1815 0.0, 1.0236 1.1815 0.0, 1.0236 1.1811 0.0079, -0.7874 0.7874 0.0, -0.7874 -0.6496 0.0, -0.7874 0.7874 0.0079, -0.7874 -0.6496 0.0079, 0.7874 0.7874 0.0, 0.7874 0.7874 0.0079, 0.7874 -0.7874 0.0, 0.7874 -0.7874 0.0079, -0.6496 -0.7874 0.0, -0.6496 -0.7874 0.0079
            ]
        }
        coordIndex [
            0,1,2,-1,2,1,3,-1,1,0,4,-1,5,6,4,-1,4,6,7,-1,4,7,1,-1,2,3,8,-1,8,3,9,-1,8,9,10,-1,10,9,11,-1,10,11,12,-1,10,12,13,-1,13,12,14,-1,13,14,15,-1,15,14,16,-1,15,16,17,-1,17,16,18,-1,17,18,19,-1,19,18,20,-1,19,20,21,-1,21,20,22,-1,21,22,23,-1,23,22,24,-1,23,24,25,-1,25,24,26,-1,25,26,27,-1,27,26,28,-1,27,28,29,-1,29,28,30,-1,29,30,31,-1,31,30,32,-1,31,32,33,-1,33,32,6,-1,33,6,5,-1,3,1,9,-1,9,1,7,-1,11,9,7,-1,7,6,11,-1,11,6,32,-1,11,32,30,-1,24,22,11,-1,11,22,20,-1,11,20,18,-1,30,28,11,-1,11,28,26,-1,11,26,24,-1,16,14,18,-1,18,14,12,-1,18,12,11,-1,34,35,36,-1,36,35,37,-1,35,34,38,-1,39,40,38,-1,38,40,41,-1,38,41,35,-1,42,43,44,-1,42,44,45,-1,45,44,46,-1,45,46,47,-1,47,46,48,-1,47,48,49,-1,49,48,50,-1,49,50,51,-1,51,50,52,-1,51,52,53,-1,53,52,54,-1,53,54,55,-1,55,54,56,-1,55,56,57,-1,57,56,58,-1,57,58,59,-1,59,58,60,-1,59,60,61,-1,61,60,62,-1,61,62,63,-1,63,62,64,-1,63,64,65,-1,65,64,40,-1,65,40,39,-1,36,37,66,-1,66,37,67,-1,66,67,42,-1,42,67,43,-1,37,35,67,-1,67,35,41,-1,43,67,41,-1,56,54,43,-1,43,54,52,-1,43,52,50,-1,41,40,43,-1,43,40,64,-1,43,64,62,-1,62,60,43,-1,43,60,58,-1,43,58,56,-1,48,46,50,-1,50,46,44,-1,50,44,43,-1,68,69,70,-1,70,69,71,-1,69,68,72,-1,73,74,72,-1,72,74,75,-1,72,75,69,-1,76,77,78,-1,76,78,79,-1,79,78,80,-1,79,80,81,-1,81,80,82,-1,81,82,83,-1,83,82,84,-1,83,84,85,-1,85,84,86,-1,85,86,87,-1,87,86,88,-1,87,88,89,-1,89,88,90,-1,89,90,91,-1,91,90,92,-1,91,92,93,-1,93,92,94,-1,93,94,95,-1,95,94,96,-1,95,96,97,-1,97,96,98,-1,97,98,99,-1,99,98,74,-1,99,74,73,-1,70,71,100,-1,100,71,101,-1,100,101,76,-1,76,101,77,-1,71,69,101,-1,101,69,75,-1,101,75,77,-1,77,75,74,-1,74,90,88,-1,74,98,90,-1,90,98,96,-1,90,96,92,-1,92,96,94,-1,88,86,74,-1,74,86,84,-1,74,84,82,-1,82,80,74,-1,74,80,78,-1,74,78,77,-1,102,103,104,-1,104,103,105,-1,103,102,106,-1,107,108,106,-1,106,108,109,-1,106,109,103,-1,110,111,112,-1,110,112,113,-1,113,112,114,-1,113,114,115,-1,115,114,116,-1,115,116,117,-1,117,116,118,-1,117,118,119,-1,119,118,120,-1,119,120,121,-1,121,120,122,-1,121,122,123,-1,123,122,124,-1,123,124,125,-1,125,124,126,-1,125,126,127,-1,127,126,128,-1,127,128,129,-1,129,128,130,-1,129,130,131,-1,131,130,132,-1,131,132,133,-1,133,132,108,-1,133,108,107,-1,104,105,134,-1,134,105,135,-1,134,135,110,-1,110,135,111,-1,105,103,135,-1,135,103,109,-1,111,135,109,-1,109,108,111,-1,111,108,132,-1,111,132,130,-1,120,111,122,-1,122,111,124,-1,130,128,111,-1,111,128,126,-1,111,126,124,-1,120,118,111,-1,111,118,116,-1,111,116,112,-1,112,116,114,-1,136,137,138,-1,138,137,139,-1,137,136,140,-1,141,142,140,-1,140,142,143,-1,140,143,137,-1,144,145,146,-1,144,146,147,-1,147,146,148,-1,147,148,149,-1,149,148,150,-1,149,150,151,-1,151,150,152,-1,151,152,153,-1,153,152,154,-1,153,154,155,-1,155,154,156,-1,155,156,157,-1,157,156,158,-1,157,158,159,-1,159,158,160,-1,159,160,161,-1,161,160,162,-1,161,162,163,-1,163,162,164,-1,163,164,165,-1,165,164,166,-1,165,166,167,-1,167,166,142,-1,167,142,141,-1,138,139,168,-1,168,139,169,-1,168,169,144,-1,144,169,145,-1,139,137,169,-1,169,137,143,-1,169,143,145,-1,145,143,142,-1,142,158,156,-1,142,166,158,-1,158,166,164,-1,158,164,160,-1,160,164,162,-1,156,154,142,-1,142,154,152,-1,142,152,150,-1,150,148,142,-1,142,148,146,-1,142,146,145,-1,170,171,172,-1,172,171,173,-1,171,170,174,-1,175,176,174,-1,174,176,177,-1,174,177,171,-1,178,179,180,-1,178,180,181,-1,181,180,182,-1,181,182,183,-1,183,182,184,-1,183,184,185,-1,185,184,186,-1,185,186,187,-1,187,186,188,-1,187,188,189,-1,189,188,190,-1,189,190,191,-1,191,190,192,-1,191,192,193,-1,193,192,194,-1,193,194,195,-1,195,194,196,-1,195,196,197,-1,197,196,198,-1,197,198,199,-1,199,198,200,-1,199,200,201,-1,201,200,176,-1,201,176,175,-1,172,173,202,-1,202,173,203,-1,202,203,178,-1,178,203,179,-1,173,171,203,-1,203,171,177,-1,179,203,177,-1,192,190,179,-1,179,190,188,-1,179,188,186,-1,177,176,179,-1,179,176,200,-1,179,200,198,-1,198,196,179,-1,179,196,194,-1,179,194,192,-1,184,182,186,-1,186,182,180,-1,186,180,179,-1,204,205,206,-1,206,205,207,-1,205,204,208,-1,209,210,208,-1,208,210,211,-1,208,211,205,-1,212,213,214,-1,212,214,215,-1,215,214,216,-1,215,216,217,-1,217,216,218,-1,217,218,219,-1,219,218,220,-1,219,220,221,-1,221,220,222,-1,221,222,223,-1,223,222,224,-1,223,224,225,-1,225,224,226,-1,225,226,227,-1,227,226,228,-1,227,228,229,-1,229,228,230,-1,229,230,231,-1,231,230,232,-1,231,232,233,-1,233,232,234,-1,233,234,235,-1,235,234,210,-1,235,210,209,-1,206,207,236,-1,236,207,237,-1,236,237,212,-1,212,237,213,-1,207,205,237,-1,237,205,211,-1,237,211,213,-1,213,211,210,-1,213,210,214,-1,232,230,228,-1,226,224,210,-1,210,224,222,-1,210,222,220,-1,220,218,210,-1,210,218,216,-1,210,216,214,-1,226,210,228,-1,228,210,234,-1,228,234,232,-1,238,239,240,-1,240,239,241,-1,242,243,244,-1,244,243,245,-1,239,238,246,-1,247,248,246,-1,246,248,249,-1,246,249,239,-1,240,241,250,-1,250,241,251,-1,250,251,252,-1,252,251,253,-1,243,242,254,-1,255,256,254,-1,254,256,257,-1,254,257,243,-1,244,245,258,-1,258,245,259,-1,258,259,247,-1,247,259,248,-1,251,241,249,-1,249,241,239,-1,253,260,252,-1,252,260,261,-1,261,260,255,-1,255,260,256,-1,259,245,257,-1,257,245,243,-1,259,257,248,-1,248,257,256,-1,251,249,253,-1,253,249,248,-1,253,248,260,-1,260,248,256,-1,262,263,264,-1,264,263,265,-1,263,262,266,-1,267,268,266,-1,266,268,269,-1,266,269,263,-1,270,271,272,-1,270,272,273,-1,273,272,274,-1,273,274,275,-1,275,274,276,-1,275,276,277,-1,277,276,278,-1,277,278,279,-1,279,278,280,-1,279,280,281,-1,281,280,282,-1,281,282,283,-1,283,282,284,-1,283,284,285,-1,285,284,286,-1,285,286,287,-1,287,286,288,-1,287,288,289,-1,289,288,290,-1,289,290,291,-1,291,290,292,-1,291,292,293,-1,293,292,268,-1,293,268,267,-1,264,265,294,-1,294,265,295,-1,294,295,270,-1,270,295,271,-1,265,263,295,-1,295,263,269,-1,271,295,269,-1,269,268,271,-1,271,268,292,-1,271,292,290,-1,290,288,271,-1,271,288,286,-1,271,286,272,-1,272,286,274,-1,282,280,278,-1,286,284,274,-1,274,284,282,-1,274,282,276,-1,276,282,278,-1,296,297,298,-1,298,297,299,-1,297,296,300,-1,301,302,300,-1,300,302,303,-1,300,303,297,-1,304,305,306,-1,304,306,307,-1,307,306,308,-1,307,308,309,-1,309,308,310,-1,309,310,311,-1,311,310,312,-1,311,312,313,-1,313,312,314,-1,313,314,315,-1,315,314,316,-1,315,316,317,-1,317,316,318,-1,317,318,319,-1,319,318,320,-1,319,320,321,-1,321,320,322,-1,321,322,323,-1,323,322,324,-1,323,324,325,-1,325,324,326,-1,325,326,327,-1,327,326,302,-1,327,302,301,-1,298,299,328,-1,328,299,329,-1,328,329,304,-1,304,329,305,-1,299,297,329,-1,329,297,303,-1,305,329,303,-1,303,302,305,-1,305,302,326,-1,305,326,324,-1,308,306,320,-1,320,306,305,-1,320,305,322,-1,322,305,324,-1,316,314,312,-1,320,318,308,-1,308,318,316,-1,308,316,310,-1,310,316,312,-1,330,331,332,-1,332,331,333,-1,331,330,334,-1,335,336,334,-1,334,336,337,-1,334,337,331,-1,338,339,340,-1,338,340,341,-1,341,340,342,-1,341,342,343,-1,343,342,344,-1,343,344,345,-1,345,344,346,-1,345,346,347,-1,347,346,348,-1,347,348,349,-1,349,348,350,-1,349,350,351,-1,351,350,352,-1,351,352,353,-1,353,352,354,-1,353,354,355,-1,355,354,356,-1,355,356,357,-1,357,356,358,-1,357,358,359,-1,359,358,360,-1,359,360,361,-1,361,360,336,-1,361,336,335,-1,332,333,362,-1,362,333,363,-1,362,363,338,-1,338,363,339,-1,333,331,363,-1,363,331,337,-1,363,337,339,-1,339,337,336,-1,344,342,336,-1,336,342,340,-1,336,340,339,-1,350,348,336,-1,336,348,346,-1,336,346,344,-1,356,336,358,-1,358,336,360,-1,356,354,336,-1,336,354,352,-1,336,352,350,-1,364,365,366,-1,366,365,367,-1,365,364,368,-1,369,370,368,-1,368,370,371,-1,368,371,365,-1,372,373,374,-1,372,374,375,-1,375,374,376,-1,375,376,377,-1,377,376,378,-1,377,378,379,-1,379,378,380,-1,379,380,381,-1,381,380,382,-1,381,382,383,-1,383,382,384,-1,383,384,385,-1,385,384,386,-1,385,386,387,-1,387,386,388,-1,387,388,389,-1,389,388,390,-1,389,390,391,-1,391,390,392,-1,391,392,393,-1,393,392,394,-1,393,394,395,-1,395,394,370,-1,395,370,369,-1,366,367,396,-1,396,367,397,-1,396,397,372,-1,372,397,373,-1,367,365,397,-1,397,365,371,-1,388,386,373,-1,386,384,373,-1,373,384,382,-1,373,382,380,-1,397,371,373,-1,373,371,370,-1,373,370,394,-1,380,378,373,-1,373,378,376,-1,373,376,374,-1,394,392,373,-1,373,392,390,-1,373,390,388,-1,398,399,400,-1,400,399,401,-1,399,398,402,-1,403,404,402,-1,402,404,405,-1,402,405,399,-1,406,407,408,-1,406,408,409,-1,409,408,410,-1,409,410,411,-1,411,410,412,-1,411,412,413,-1,413,412,414,-1,413,414,415,-1,415,414,416,-1,415,416,417,-1,417,416,418,-1,417,418,419,-1,419,418,420,-1,419,420,421,-1,421,420,422,-1,421,422,423,-1,423,422,424,-1,423,424,425,-1,425,424,426,-1,425,426,427,-1,427,426,428,-1,427,428,429,-1,429,428,404,-1,429,404,403,-1,400,401,430,-1,430,401,431,-1,430,431,406,-1,406,431,407,-1,401,399,431,-1,431,399,405,-1,407,431,405,-1,405,404,407,-1,407,404,428,-1,407,428,426,-1,426,424,407,-1,407,424,422,-1,407,422,408,-1,416,414,418,-1,418,414,412,-1,418,412,420,-1,420,412,422,-1,422,412,410,-1,422,410,408,-1,432,433,434,-1,434,433,435,-1,433,432,436,-1,437,438,436,-1,436,438,439,-1,436,439,433,-1,440,441,442,-1,440,442,443,-1,443,442,444,-1,443,444,445,-1,445,444,446,-1,445,446,447,-1,447,446,448,-1,447,448,449,-1,449,448,450,-1,449,450,451,-1,451,450,452,-1,451,452,453,-1,453,452,454,-1,453,454,455,-1,455,454,456,-1,455,456,457,-1,457,456,458,-1,457,458,459,-1,459,458,460,-1,459,460,461,-1,461,460,462,-1,461,462,463,-1,463,462,438,-1,463,438,437,-1,434,435,464,-1,464,435,465,-1,464,465,440,-1,440,465,441,-1,435,433,465,-1,465,433,439,-1,465,439,441,-1,441,439,438,-1,441,438,442,-1,450,448,438,-1,458,456,454,-1,448,446,438,-1,438,446,444,-1,438,444,442,-1,450,438,452,-1,452,438,462,-1,452,462,454,-1,454,462,460,-1,454,460,458,-1,466,467,468,-1,468,467,469,-1,467,466,470,-1,471,472,470,-1,470,472,473,-1,470,473,467,-1,474,475,476,-1,474,476,477,-1,477,476,478,-1,477,478,479,-1,479,478,480,-1,479,480,481,-1,481,480,482,-1,481,482,483,-1,483,482,484,-1,483,484,485,-1,485,484,486,-1,485,486,487,-1,487,486,488,-1,487,488,489,-1,489,488,490,-1,489,490,491,-1,491,490,492,-1,491,492,493,-1,493,492,494,-1,493,494,495,-1,495,494,496,-1,495,496,497,-1,497,496,472,-1,497,472,471,-1,468,469,498,-1,498,469,499,-1,498,499,474,-1,474,499,475,-1,469,467,499,-1,499,467,473,-1,475,499,473,-1,480,478,490,-1,473,472,475,-1,475,472,496,-1,475,496,494,-1,478,476,490,-1,490,476,475,-1,490,475,492,-1,492,475,494,-1,490,488,486,-1,486,484,490,-1,490,484,482,-1,490,482,480,-1,500,501,502,-1,502,501,503,-1,501,500,504,-1,505,506,504,-1,504,506,507,-1,504,507,501,-1,508,509,510,-1,508,510,511,-1,511,510,512,-1,511,512,513,-1,513,512,514,-1,513,514,515,-1,515,514,516,-1,515,516,517,-1,517,516,518,-1,517,518,519,-1,519,518,520,-1,519,520,521,-1,521,520,522,-1,521,522,523,-1,523,522,524,-1,523,524,525,-1,525,524,526,-1,525,526,527,-1,527,526,528,-1,527,528,529,-1,529,528,530,-1,529,530,531,-1,531,530,506,-1,531,506,505,-1,502,503,532,-1,532,503,533,-1,532,533,508,-1,508,533,509,-1,503,501,533,-1,533,501,507,-1,509,533,507,-1,507,506,509,-1,509,506,530,-1,509,530,528,-1,522,520,509,-1,509,520,518,-1,509,518,516,-1,528,526,509,-1,509,526,524,-1,509,524,522,-1,514,512,516,-1,516,512,510,-1,516,510,509,-1,534,535,536,-1,536,535,537,-1,535,534,538,-1,539,540,538,-1,538,540,541,-1,538,541,535,-1,542,543,544,-1,542,544,545,-1,545,544,546,-1,545,546,547,-1,547,546,548,-1,547,548,549,-1,549,548,550,-1,549,550,551,-1,551,550,552,-1,551,552,553,-1,553,552,554,-1,553,554,555,-1,555,554,556,-1,555,556,557,-1,557,556,558,-1,557,558,559,-1,559,558,560,-1,559,560,561,-1,561,560,562,-1,561,562,563,-1,563,562,564,-1,563,564,565,-1,565,564,540,-1,565,540,539,-1,536,537,566,-1,566,537,567,-1,566,567,542,-1,542,567,543,-1,537,535,567,-1,567,535,541,-1,543,567,541,-1,556,554,543,-1,543,554,552,-1,543,552,550,-1,541,540,543,-1,543,540,564,-1,543,564,562,-1,562,560,543,-1,543,560,558,-1,543,558,556,-1,548,546,550,-1,550,546,544,-1,550,544,543,-1,568,569,570,-1,570,569,571,-1,569,568,572,-1,573,574,572,-1,572,574,575,-1,572,575,569,-1,576,577,578,-1,576,578,579,-1,579,578,580,-1,579,580,581,-1,581,580,582,-1,581,582,583,-1,583,582,584,-1,583,584,585,-1,585,584,586,-1,585,586,587,-1,587,586,588,-1,587,588,589,-1,589,588,590,-1,589,590,591,-1,591,590,592,-1,591,592,593,-1,593,592,594,-1,593,594,595,-1,595,594,596,-1,595,596,597,-1,597,596,598,-1,597,598,599,-1,599,598,574,-1,599,574,573,-1,570,571,600,-1,600,571,601,-1,600,601,576,-1,576,601,577,-1,571,569,601,-1,601,569,575,-1,601,575,577,-1,577,575,574,-1,574,590,588,-1,574,598,590,-1,590,598,596,-1,590,596,592,-1,592,596,594,-1,588,586,574,-1,574,586,584,-1,574,584,582,-1,582,580,574,-1,574,580,578,-1,574,578,577,-1,602,603,604,-1,604,603,605,-1,603,602,606,-1,607,608,606,-1,606,608,609,-1,606,609,603,-1,610,611,612,-1,610,612,613,-1,613,612,614,-1,613,614,615,-1,615,614,616,-1,615,616,617,-1,617,616,618,-1,617,618,619,-1,619,618,620,-1,619,620,621,-1,621,620,622,-1,621,622,623,-1,623,622,624,-1,623,624,625,-1,625,624,626,-1,625,626,627,-1,627,626,628,-1,627,628,629,-1,629,628,630,-1,629,630,631,-1,631,630,632,-1,631,632,633,-1,633,632,608,-1,633,608,607,-1,604,605,634,-1,634,605,635,-1,634,635,610,-1,610,635,611,-1,605,603,635,-1,635,603,609,-1,630,628,626,-1,620,608,622,-1,622,608,624,-1,620,618,608,-1,608,618,616,-1,608,616,614,-1,635,609,611,-1,611,609,608,-1,611,608,612,-1,612,608,614,-1,624,608,626,-1,626,608,632,-1,626,632,630,-1,636,637,638,-1,638,637,639,-1,637,636,640,-1,641,642,640,-1,640,642,643,-1,640,643,637,-1,644,645,646,-1,644,646,647,-1,647,646,648,-1,647,648,649,-1,649,648,650,-1,649,650,651,-1,651,650,652,-1,651,652,653,-1,653,652,654,-1,653,654,655,-1,655,654,656,-1,655,656,657,-1,657,656,658,-1,657,658,659,-1,659,658,660,-1,659,660,661,-1,661,660,662,-1,661,662,663,-1,663,662,664,-1,663,664,665,-1,665,664,666,-1,665,666,667,-1,667,666,642,-1,667,642,641,-1,638,639,668,-1,668,639,669,-1,668,669,644,-1,644,669,645,-1,639,637,669,-1,669,637,643,-1,669,643,645,-1,645,643,642,-1,642,658,656,-1,642,666,658,-1,658,666,664,-1,658,664,660,-1,660,664,662,-1,656,654,642,-1,642,654,652,-1,642,652,650,-1,650,648,642,-1,642,648,646,-1,642,646,645,-1,670,671,672,-1,672,671,673,-1,671,670,674,-1,675,676,674,-1,674,676,677,-1,674,677,671,-1,678,679,680,-1,678,680,681,-1,681,680,682,-1,681,682,683,-1,683,682,684,-1,683,684,685,-1,685,684,686,-1,685,686,687,-1,687,686,688,-1,687,688,689,-1,689,688,690,-1,689,690,691,-1,691,690,692,-1,691,692,693,-1,693,692,694,-1,693,694,695,-1,695,694,696,-1,695,696,697,-1,697,696,698,-1,697,698,699,-1,699,698,700,-1,699,700,701,-1,701,700,676,-1,701,676,675,-1,672,673,702,-1,702,673,703,-1,702,703,678,-1,678,703,679,-1,673,671,703,-1,703,671,677,-1,679,703,677,-1,692,690,679,-1,679,690,688,-1,679,688,686,-1,677,676,679,-1,679,676,700,-1,679,700,698,-1,698,696,679,-1,679,696,694,-1,679,694,692,-1,684,682,686,-1,686,682,680,-1,686,680,679,-1,704,705,706,-1,706,705,707,-1,705,704,708,-1,709,710,708,-1,708,710,711,-1,708,711,705,-1,712,713,714,-1,712,714,715,-1,715,714,716,-1,715,716,717,-1,717,716,718,-1,717,718,719,-1,719,718,720,-1,719,720,721,-1,721,720,722,-1,721,722,723,-1,723,722,724,-1,723,724,725,-1,725,724,726,-1,725,726,727,-1,727,726,728,-1,727,728,729,-1,729,728,730,-1,729,730,731,-1,731,730,732,-1,731,732,733,-1,733,732,734,-1,733,734,735,-1,735,734,710,-1,735,710,709,-1,706,707,736,-1,736,707,737,-1,736,737,712,-1,712,737,713,-1,707,705,737,-1,737,705,711,-1,737,711,713,-1,713,711,710,-1,713,710,714,-1,732,730,728,-1,726,724,710,-1,710,724,722,-1,710,722,720,-1,720,718,710,-1,710,718,716,-1,710,716,714,-1,726,710,728,-1,728,710,734,-1,728,734,732,-1,738,739,740,-1,740,739,741,-1,739,738,742,-1,743,744,742,-1,742,744,745,-1,742,745,739,-1,746,747,748,-1,746,748,749,-1,749,748,750,-1,749,750,751,-1,751,750,752,-1,751,752,753,-1,753,752,754,-1,753,754,755,-1,755,754,756,-1,755,756,757,-1,757,756,758,-1,757,758,759,-1,759,758,760,-1,759,760,761,-1,761,760,762,-1,761,762,763,-1,763,762,764,-1,763,764,765,-1,765,764,766,-1,765,766,767,-1,767,766,768,-1,767,768,769,-1,769,768,744,-1,769,744,743,-1,740,741,770,-1,770,741,771,-1,770,771,746,-1,746,771,747,-1,741,739,771,-1,771,739,745,-1,762,760,747,-1,771,745,747,-1,747,745,744,-1,747,744,768,-1,768,766,747,-1,747,766,764,-1,747,764,762,-1,758,750,760,-1,760,750,748,-1,760,748,747,-1,758,756,750,-1,750,756,754,-1,750,754,752,-1,772,773,774,-1,774,773,775,-1,773,772,776,-1,777,778,776,-1,776,778,779,-1,776,779,773,-1,780,781,782,-1,780,782,783,-1,783,782,784,-1,783,784,785,-1,785,784,786,-1,785,786,787,-1,787,786,788,-1,787,788,789,-1,789,788,790,-1,789,790,791,-1,791,790,792,-1,791,792,793,-1,793,792,794,-1,793,794,795,-1,795,794,796,-1,795,796,797,-1,797,796,798,-1,797,798,799,-1,799,798,800,-1,799,800,801,-1,801,800,802,-1,801,802,803,-1,803,802,778,-1,803,778,777,-1,774,775,804,-1,804,775,805,-1,804,805,780,-1,780,805,781,-1,775,773,805,-1,805,773,779,-1,805,779,781,-1,781,779,778,-1,781,778,782,-1,792,790,778,-1,778,790,788,-1,788,786,778,-1,778,786,784,-1,778,784,782,-1,798,796,800,-1,800,796,802,-1,802,796,778,-1,778,796,794,-1,778,794,792,-1,806,807,808,-1,808,807,809,-1,807,806,810,-1,811,812,810,-1,810,812,813,-1,810,813,807,-1,814,815,816,-1,814,816,817,-1,817,816,818,-1,817,818,819,-1,819,818,820,-1,819,820,821,-1,821,820,822,-1,821,822,823,-1,823,822,824,-1,823,824,825,-1,825,824,826,-1,825,826,827,-1,827,826,828,-1,827,828,829,-1,829,828,830,-1,829,830,831,-1,831,830,832,-1,831,832,833,-1,833,832,834,-1,833,834,835,-1,835,834,836,-1,835,836,837,-1,837,836,812,-1,837,812,811,-1,808,809,838,-1,838,809,839,-1,838,839,814,-1,814,839,815,-1,809,807,839,-1,839,807,813,-1,836,834,832,-1,826,824,836,-1,836,824,822,-1,836,822,820,-1,832,830,836,-1,836,830,828,-1,836,828,826,-1,839,813,815,-1,815,813,812,-1,815,812,816,-1,816,812,836,-1,816,836,818,-1,818,836,820,-1,840,841,842,-1,842,841,843,-1,841,840,844,-1,845,846,844,-1,844,846,847,-1,844,847,841,-1,848,849,850,-1,848,850,851,-1,851,850,852,-1,851,852,853,-1,853,852,854,-1,853,854,855,-1,855,854,856,-1,855,856,857,-1,857,856,858,-1,857,858,859,-1,859,858,860,-1,859,860,861,-1,861,860,862,-1,861,862,863,-1,863,862,864,-1,863,864,865,-1,865,864,866,-1,865,866,867,-1,867,866,868,-1,867,868,869,-1,869,868,870,-1,869,870,871,-1,871,870,846,-1,871,846,845,-1,842,843,872,-1,872,843,873,-1,872,873,848,-1,848,873,849,-1,843,841,873,-1,873,841,847,-1,849,873,847,-1,866,864,850,-1,850,864,862,-1,850,862,860,-1,847,846,849,-1,849,846,870,-1,849,870,850,-1,850,870,868,-1,850,868,866,-1,860,858,850,-1,850,858,856,-1,850,856,852,-1,852,856,854,-1,874,875,876,-1,876,875,877,-1,875,874,878,-1,879,880,878,-1,878,880,881,-1,878,881,875,-1,882,883,884,-1,882,884,885,-1,885,884,886,-1,885,886,887,-1,887,886,888,-1,887,888,889,-1,889,888,890,-1,889,890,891,-1,891,890,892,-1,891,892,893,-1,893,892,894,-1,893,894,895,-1,895,894,896,-1,895,896,897,-1,897,896,898,-1,897,898,899,-1,899,898,900,-1,899,900,901,-1,901,900,902,-1,901,902,903,-1,903,902,904,-1,903,904,905,-1,905,904,880,-1,905,880,879,-1,876,877,906,-1,906,877,907,-1,906,907,882,-1,882,907,883,-1,877,875,907,-1,907,875,881,-1,904,902,900,-1,894,892,904,-1,904,892,890,-1,904,890,888,-1,900,898,904,-1,904,898,896,-1,904,896,894,-1,907,881,883,-1,883,881,880,-1,883,880,884,-1,884,880,904,-1,884,904,886,-1,886,904,888,-1,908,909,910,-1,910,909,911,-1,909,908,912,-1,913,914,912,-1,912,914,915,-1,912,915,909,-1,916,917,918,-1,916,918,919,-1,919,918,920,-1,919,920,921,-1,921,920,922,-1,921,922,923,-1,923,922,924,-1,923,924,925,-1,925,924,926,-1,925,926,927,-1,927,926,928,-1,927,928,929,-1,929,928,930,-1,929,930,931,-1,931,930,932,-1,931,932,933,-1,933,932,934,-1,933,934,935,-1,935,934,936,-1,935,936,937,-1,937,936,938,-1,937,938,939,-1,939,938,914,-1,939,914,913,-1,910,911,940,-1,940,911,941,-1,940,941,916,-1,916,941,917,-1,911,909,941,-1,941,909,915,-1,941,915,917,-1,917,915,914,-1,917,914,918,-1,928,926,914,-1,914,926,924,-1,924,922,914,-1,914,922,920,-1,914,920,918,-1,934,932,936,-1,936,932,938,-1,938,932,914,-1,914,932,930,-1,914,930,928,-1,942,943,944,-1,944,943,945,-1,943,942,946,-1,947,948,946,-1,946,948,949,-1,946,949,943,-1,950,951,952,-1,950,952,953,-1,953,952,954,-1,953,954,955,-1,955,954,956,-1,955,956,957,-1,957,956,958,-1,957,958,959,-1,959,958,960,-1,959,960,961,-1,961,960,962,-1,961,962,963,-1,963,962,964,-1,963,964,965,-1,965,964,966,-1,965,966,967,-1,967,966,968,-1,967,968,969,-1,969,968,970,-1,969,970,971,-1,971,970,972,-1,971,972,973,-1,973,972,948,-1,973,948,947,-1,944,945,974,-1,974,945,975,-1,974,975,950,-1,950,975,951,-1,945,943,975,-1,975,943,949,-1,962,960,948,-1,960,958,948,-1,948,958,956,-1,948,956,954,-1,968,966,970,-1,970,966,972,-1,975,949,951,-1,951,949,948,-1,951,948,952,-1,952,948,954,-1,972,966,948,-1,948,966,964,-1,948,964,962,-1,976,977,978,-1,979,980,978,-1,978,980,981,-1,978,981,976,-1,982,983,984,-1,984,983,985,-1,984,985,986,-1,986,985,987,-1,977,976,982,-1,982,976,983,-1,988,989,990,-1,990,989,991,-1,985,983,981,-1,981,983,976,-1,987,992,986,-1,986,992,993,-1,993,992,994,-1,994,992,995,-1,989,988,996,-1,994,995,996,-1,996,995,997,-1,996,997,989,-1,998,991,997,-1,997,991,989,-1,990,991,999,-1,999,991,998,-1,999,998,979,-1,979,998,980,-1,998,997,980,-1,980,997,995,-1,985,981,987,-1,987,981,980,-1,987,980,992,-1,992,980,995,-1,1000,1001,1002,-1,1002,1001,1003,-1,1004,1005,1006,-1,1006,1005,1007,-1,1001,1000,1008,-1,1009,1010,1008,-1,1008,1010,1011,-1,1008,1011,1001,-1,1012,1003,1011,-1,1011,1003,1001,-1,1002,1003,1013,-1,1013,1003,1012,-1,1013,1012,1014,-1,1014,1012,1015,-1,1015,1016,1014,-1,1014,1016,1017,-1,1017,1016,1018,-1,1018,1016,1019,-1,1005,1004,1020,-1,1018,1019,1020,-1,1020,1019,1021,-1,1020,1021,1005,-1,1022,1007,1021,-1,1021,1007,1005,-1,1006,1007,1023,-1,1023,1007,1022,-1,1023,1022,1009,-1,1009,1022,1010,-1,1022,1021,1010,-1,1010,1021,1019,-1,1012,1011,1015,-1,1015,1011,1010,-1,1015,1010,1016,-1,1016,1010,1019,-1,1024,1025,1026,-1,1026,1025,1027,-1,1028,1029,1030,-1,1030,1029,1031,-1,1025,1024,1032,-1,1033,1034,1032,-1,1032,1034,1035,-1,1032,1035,1025,-1,1036,1027,1035,-1,1035,1027,1025,-1,1026,1027,1037,-1,1037,1027,1036,-1,1037,1036,1038,-1,1038,1036,1039,-1,1039,1040,1038,-1,1038,1040,1041,-1,1041,1040,1042,-1,1042,1040,1043,-1,1029,1028,1044,-1,1042,1043,1044,-1,1044,1043,1045,-1,1044,1045,1029,-1,1046,1031,1045,-1,1045,1031,1029,-1,1030,1031,1047,-1,1047,1031,1046,-1,1047,1046,1033,-1,1033,1046,1034,-1,1046,1045,1034,-1,1034,1045,1043,-1,1036,1035,1039,-1,1039,1035,1034,-1,1039,1034,1040,-1,1040,1034,1043,-1,1048,1049,1050,-1,1050,1049,1051,-1,1052,1048,1053,-1,1053,1048,1050,-1,1054,1052,1055,-1,1055,1052,1053,-1,1056,1054,1057,-1,1057,1054,1055,-1,1049,1056,1051,-1,1051,1056,1057,-1,1054,1056,1052,-1,1052,1056,1049,-1,1052,1049,1048,-1,
        ]
    }
}
Shape{
    appearance Appearance {
        material  Material 	{
            diffuseColor 0.34901960784313724 0.34901960784313724 0.34901960784313724
            specularColor 0.023529411764705882 0.023529411764705882 0.023529411764705882
            ambientIntensity 0.498
            transparency 0.0
            shininess 0.5
        }
    }
    geometry IndexedFaceSet {
        ccw TRUE
        solid FALSE
        coord DEF co Coordinate {
            point [
                -0.8829 -0.9738 0.189, -0.8829 -0.9738 0.1969, -0.8856 -0.9534 0.189, -0.8856 -0.9534 0.1969, -0.8935 -0.9345 0.189, -0.8935 -0.9345 0.1969, -0.906 -0.9181 0.189, -0.906 -0.9181 0.1969, -0.9223 -0.9056 0.189, -0.9223 -0.9056 0.1969, -0.9413 -0.8978 0.189, -0.9413 -0.8978 0.1969, -0.9617 -0.8951 0.189, -0.9617 -0.8951 0.1969, -0.9821 -0.8978 0.189, -0.9821 -0.8978 0.1969, -1.0011 -0.9056 0.189, -1.0011 -0.9056 0.1969, -1.0174 -0.9181 0.189, -1.0174 -0.9181 0.1969, -1.0299 -0.9345 0.189, -1.0299 -0.9345 0.1969, -1.0377 -0.9534 0.189, -1.0377 -0.9534 0.1969, -1.0404 -0.9738 0.189, -1.0404 -0.9738 0.1969, -1.0377 -0.9942 0.189, -1.0377 -0.9942 0.1969, -1.0299 -1.0132 0.189, -1.0299 -1.0132 0.1969, -1.0174 -1.0295 0.189, -1.0174 -1.0295 0.1969, -1.0011 -1.042 0.189, -1.0011 -1.042 0.1969, -0.9821 -1.0499 0.189, -0.9821 -1.0499 0.1969, -0.9617 -1.0526 0.189, -0.9617 -1.0526 0.1969, -0.9413 -1.0499 0.189, -0.9413 -1.0499 0.1969, -0.9223 -1.042 0.189, -0.9223 -1.042 0.1969, -0.906 -1.0295 0.189, -0.906 -1.0295 0.1969, -0.8935 -1.0132 0.189, -0.8935 -1.0132 0.1969, -0.8856 -0.9942 0.189, -0.8856 -0.9942 0.1969, -0.9617 -0.9738 0.189
            ]
        }
        coordIndex [
            0,1,2,-1,2,1,3,-1,2,3,4,-1,4,3,5,-1,4,5,6,-1,6,5,7,-1,6,7,8,-1,8,7,9,-1,8,9,10,-1,10,9,11,-1,10,11,12,-1,12,11,13,-1,12,13,14,-1,14,13,15,-1,14,15,16,-1,16,15,17,-1,16,17,18,-1,18,17,19,-1,18,19,20,-1,20,19,21,-1,20,21,22,-1,22,21,23,-1,22,23,24,-1,24,23,25,-1,24,25,26,-1,26,25,27,-1,26,27,28,-1,28,27,29,-1,28,29,30,-1,30,29,31,-1,30,31,32,-1,32,31,33,-1,32,33,34,-1,34,33,35,-1,34,35,36,-1,36,35,37,-1,36,37,38,-1,38,37,39,-1,38,39,40,-1,40,39,41,-1,40,41,42,-1,42,41,43,-1,42,43,44,-1,44,43,45,-1,44,45,46,-1,46,45,47,-1,46,47,0,-1,0,47,1,-1,44,46,48,-1,48,46,0,-1,48,0,2,-1,38,40,48,-1,48,40,42,-1,48,42,44,-1,32,34,48,-1,48,34,36,-1,48,36,38,-1,26,28,48,-1,48,28,30,-1,48,30,32,-1,20,22,48,-1,48,22,24,-1,48,24,26,-1,14,16,48,-1,48,16,18,-1,48,18,20,-1,8,10,48,-1,48,10,12,-1,48,12,14,-1,2,4,48,-1,48,4,6,-1,48,6,8,-1,
        ]
    }
}
Shape{
    appearance Appearance {
        material  Material 	{
            diffuseColor 1.0 1.0 1.0
            specularColor 0.5019607843137255 0.5019607843137255 0.5019607843137255
            ambientIntensity 1.0
            transparency 0.0
            shininess 0.5
        }
    }
    geometry IndexedFaceSet {
        ccw TRUE
        solid FALSE
        coord DEF co Coordinate {
            point [
                0.9191 0.8325 0.2008, 0.9126 0.8368 0.2008, 0.9125 0.8277 0.2008, 0.9085 0.8339 0.2008, 0.9053 0.8249 0.2008, 0.9032 0.8319 0.2008, 0.8944 0.8236 0.2008, 0.8944 0.8308 0.2008, 0.877 0.8236 0.2008, 0.8852 0.8308 0.2008, 0.877 0.8871 0.2008, 0.8852 0.8798 0.2008, 0.8951 0.8871 0.2008, 0.8948 0.8798 0.2008, 0.8972 0.8798 0.2008, 0.9048 0.8861 0.2008, 0.9039 0.8787 0.2008, 0.9125 0.8833 0.2008, 0.9092 0.8765 0.2008, 0.9191 0.8787 0.2008, 0.9131 0.8738 0.2008, 0.9213 0.8765 0.2008, 0.9149 0.8721 0.2008, 0.9253 0.871 0.2008, 0.9173 0.8686 0.2008, 0.9276 0.865 0.2008, 0.9191 0.8639 0.2008, 0.9287 0.8562 0.2008, 0.9201 0.8559 0.2008, 0.9285 0.8521 0.2008, 0.9198 0.8512 0.2008, 0.927 0.8447 0.2008, 0.9184 0.8455 0.2008, 0.9238 0.8381 0.2008, 0.9161 0.8409 0.2008, 0.9133 0.8375 0.2008, 0.9191 0.8325 0.1969, 0.9238 0.8381 0.1969, 0.927 0.8447 0.1969, 0.9285 0.8521 0.1969, 0.9287 0.8562 0.1969, 0.9191 0.8787 0.1969, 0.9193 0.8786 0.1969, 0.9213 0.8765 0.1969, 0.9253 0.871 0.1969, 0.9276 0.865 0.1969, 0.9125 0.8833 0.1969, 0.9048 0.8861 0.1969, 0.8951 0.8871 0.1969, 0.877 0.8871 0.1969, 0.877 0.8236 0.1969, 0.877 0.8786 0.1969, 0.8944 0.8236 0.1969, 0.9053 0.8249 0.1969, 0.9125 0.8277 0.1969, 0.9131 0.8738 0.1969, 0.9149 0.8721 0.1969, 0.9173 0.8686 0.1969, 0.9191 0.8639 0.1969, 0.9201 0.8559 0.1969, 0.8948 0.8798 0.1969, 0.8972 0.8798 0.1969, 0.9039 0.8787 0.1969, 0.9092 0.8765 0.1969, 0.8852 0.8798 0.1969, 0.8852 0.8308 0.1969, 0.8944 0.8308 0.1969, 0.9133 0.8375 0.1969, 0.9126 0.8368 0.1969, 0.9085 0.8339 0.1969, 0.9032 0.8319 0.1969, 0.9198 0.8512 0.1969, 0.9184 0.8455 0.1969, 0.9161 0.8409 0.1969
            ]
        }
        coordIndex [
            0,1,2,-1,2,1,3,-1,2,3,4,-1,4,3,5,-1,4,5,6,-1,6,5,7,-1,6,7,8,-1,8,7,9,-1,8,9,10,-1,10,9,11,-1,10,11,12,-1,11,13,12,-1,12,13,14,-1,12,14,15,-1,15,14,16,-1,15,16,17,-1,17,16,18,-1,17,18,19,-1,19,18,20,-1,19,20,21,-1,21,20,22,-1,21,22,23,-1,23,22,24,-1,23,24,25,-1,25,24,26,-1,25,26,27,-1,27,26,28,-1,27,28,29,-1,29,28,30,-1,29,30,31,-1,31,30,32,-1,31,32,33,-1,33,32,34,-1,33,34,0,-1,0,34,35,-1,0,35,1,-1,0,36,37,-1,0,37,33,-1,33,37,38,-1,33,38,31,-1,31,38,39,-1,31,39,29,-1,29,39,40,-1,29,40,27,-1,41,19,42,-1,42,19,21,-1,42,21,43,-1,43,21,23,-1,43,23,44,-1,44,23,25,-1,44,25,45,-1,45,25,27,-1,45,27,40,-1,19,41,46,-1,19,46,17,-1,17,46,47,-1,17,47,15,-1,15,47,48,-1,15,48,12,-1,10,12,49,-1,49,12,48,-1,50,8,51,-1,51,8,10,-1,51,10,49,-1,6,8,52,-1,52,8,50,-1,6,52,53,-1,6,53,4,-1,4,53,54,-1,4,54,2,-1,2,54,36,-1,2,36,0,-1,20,55,56,-1,20,56,22,-1,22,56,57,-1,22,57,24,-1,24,57,58,-1,24,58,26,-1,26,58,59,-1,26,59,28,-1,13,60,61,-1,13,61,14,-1,14,61,62,-1,14,62,16,-1,16,62,63,-1,16,63,18,-1,18,63,55,-1,18,55,20,-1,13,11,60,-1,60,11,64,-1,11,9,64,-1,64,9,65,-1,9,7,65,-1,65,7,66,-1,35,67,68,-1,35,68,1,-1,1,68,69,-1,1,69,3,-1,3,69,70,-1,3,70,5,-1,5,70,66,-1,5,66,7,-1,28,59,71,-1,28,71,30,-1,30,71,72,-1,30,72,32,-1,32,72,73,-1,32,73,34,-1,34,73,67,-1,34,67,35,-1,
        ]
    }
}
Shape{
    appearance Appearance {
        material  Material 	{
            diffuseColor 0.20784313725490197 0.20784313725490197 0.20784313725490197
            specularColor 0.01568627450980392 0.01568627450980392 0.01568627450980392
            ambientIntensity 0.298
            transparency 0.0
            shininess 0.5
        }
    }
    geometry IndexedFaceSet {
        ccw TRUE
        solid FALSE
        coord DEF co Coordinate {
            point [
                0.8948 0.8798 0.1969, 0.8852 0.8798 0.1969, 0.8852 0.8308 0.1969, 0.9184 0.8455 0.1969, 0.9198 0.8512 0.1969, 0.8972 0.8798 0.1969, 0.8944 0.8308 0.1969, 0.9032 0.8319 0.1969, 0.9085 0.8339 0.1969, 0.9126 0.8368 0.1969, 0.9133 0.8375 0.1969, 0.9161 0.8409 0.1969, 0.9131 0.8738 0.1969, 0.9201 0.8559 0.1969, 0.9092 0.8765 0.1969, 0.9039 0.8787 0.1969, 0.9191 0.8639 0.1969, 0.9173 0.8686 0.1969, 0.9149 0.8721 0.1969
            ]
        }
        coordIndex [
            0,1,2,-1,3,4,5,-1,2,6,0,-1,0,6,7,-1,0,7,8,-1,8,9,0,-1,0,9,10,-1,0,10,5,-1,5,10,11,-1,5,11,3,-1,12,4,13,-1,12,14,4,-1,4,14,15,-1,4,15,5,-1,16,17,13,-1,13,17,18,-1,13,18,12,-1,
        ]
    }
}
Shape{
    appearance Appearance {
        material  Material 	{
            diffuseColor 1.0 1.0 1.0
            specularColor 0.5019607843137255 0.5019607843137255 0.5019607843137255
            ambientIntensity 1.0
            transparency 0.0
            shininess 0.5
        }
    }
    geometry IndexedFaceSet {
        ccw TRUE
        solid FALSE
        coord DEF co Coordinate {
            point [
                0.8015 0.8348 0.2008, 0.8015 0.8348 0.1969, 0.8009 0.8327 0.1969, 0.8009 0.8327 0.2008, 0.8006 0.8311 0.1969, 0.8006 0.8311 0.2008, 0.8004 0.8311 0.2008, 0.8004 0.8311 0.1969, 0.7994 0.8349 0.2008, 0.7994 0.8349 0.1969, 0.7875 0.869 0.2008, 0.7875 0.869 0.1969, 0.7786 0.869 0.2008, 0.7786 0.869 0.1969, 0.7964 0.8237 0.2008, 0.7964 0.8237 0.1969, 0.7929 0.8154 0.1969, 0.7929 0.8154 0.2008, 0.7962 0.823 0.1969, 0.7913 0.8125 0.1969, 0.7913 0.8125 0.2008, 0.7899 0.8109 0.1969, 0.7899 0.8109 0.2008, 0.7886 0.81 0.1969, 0.7886 0.81 0.2008, 0.7869 0.8093 0.1969, 0.7869 0.8093 0.2008, 0.7848 0.809 0.1969, 0.7848 0.809 0.2008, 0.7819 0.8094 0.1969, 0.7819 0.8094 0.2008, 0.7803 0.8099 0.1969, 0.7803 0.8099 0.2008, 0.7803 0.8029 0.2008, 0.7803 0.8029 0.1969, 0.7836 0.8023 0.1969, 0.7836 0.8023 0.2008, 0.7854 0.8022 0.1969, 0.7854 0.8022 0.2008, 0.7886 0.8026 0.1969, 0.7886 0.8026 0.2008, 0.7918 0.8038 0.1969, 0.7918 0.8038 0.2008, 0.7945 0.8057 0.1969, 0.7945 0.8057 0.2008, 0.7951 0.8062 0.1969, 0.7951 0.8062 0.2008, 0.798 0.8097 0.1969, 0.798 0.8097 0.2008, 0.8016 0.8167 0.1969, 0.8016 0.8167 0.2008, 0.8222 0.869 0.1969, 0.8222 0.869 0.2008, 0.8041 0.823 0.1969, 0.8139 0.869 0.2008, 0.8139 0.869 0.1969, 0.7561 0.8225 0.2008, 0.7561 0.8225 0.1969, 0.7633 0.8234 0.2008, 0.7607 0.823 0.1969, 0.7633 0.8234 0.1969, 0.7675 0.825 0.1969, 0.7675 0.825 0.2008, 0.7694 0.8261 0.1969, 0.7694 0.8261 0.2008, 0.7716 0.8281 0.1969, 0.7716 0.8281 0.2008, 0.7731 0.8302 0.1969, 0.7731 0.8302 0.2008, 0.7741 0.8327 0.1969, 0.7741 0.8327 0.2008, 0.7745 0.8359 0.1969, 0.7745 0.8359 0.2008, 0.7742 0.8389 0.1969, 0.7742 0.8389 0.2008, 0.7733 0.8412 0.1969, 0.7733 0.8412 0.2008, 0.7718 0.8434 0.1969, 0.7718 0.8434 0.2008, 0.7699 0.8451 0.1969, 0.7699 0.8451 0.2008, 0.7646 0.8481 0.1969, 0.7646 0.8481 0.2008, 0.7616 0.8493 0.1969, 0.7616 0.8493 0.2008, 0.7566 0.8515 0.1969, 0.7566 0.8515 0.2008, 0.7538 0.8532 0.1969, 0.7538 0.8532 0.2008, 0.753 0.8541 0.1969, 0.753 0.8541 0.2008, 0.7525 0.8551 0.1969, 0.7525 0.8551 0.2008, 0.7522 0.8564 0.1969, 0.7522 0.8564 0.2008, 0.7521 0.8574 0.1969, 0.7521 0.8574 0.2008, 0.7522 0.8587 0.1969, 0.7522 0.8587 0.2008, 0.7526 0.8598 0.1969, 0.7526 0.8598 0.2008, 0.7533 0.8608 0.1969, 0.7533 0.8608 0.2008, 0.7545 0.8619 0.1969, 0.7545 0.8619 0.2008, 0.7563 0.8628 0.1969, 0.7563 0.8628 0.2008, 0.7584 0.8634 0.1969, 0.7584 0.8634 0.2008, 0.7608 0.8635 0.1969, 0.7608 0.8635 0.2008, 0.7656 0.8631 0.1969, 0.7656 0.8631 0.2008, 0.7701 0.8615 0.1969, 0.7701 0.8615 0.2008, 0.7723 0.8603 0.1969, 0.7723 0.8603 0.2008, 0.7723 0.868 0.2008, 0.7723 0.868 0.1969, 0.7671 0.8695 0.1969, 0.7671 0.8695 0.2008, 0.7616 0.87 0.1969, 0.7616 0.87 0.2008, 0.7552 0.8693 0.1969, 0.7552 0.8693 0.2008, 0.7509 0.8676 0.1969, 0.7509 0.8676 0.2008, 0.749 0.8664 0.1969, 0.749 0.8664 0.2008, 0.7475 0.8651 0.1969, 0.7466 0.8643 0.2008, 0.7466 0.8643 0.1969, 0.7451 0.8621 0.1969, 0.7451 0.8621 0.2008, 0.7442 0.8596 0.1969, 0.7442 0.8596 0.2008, 0.7439 0.8567 0.1969, 0.7439 0.8567 0.2008, 0.7442 0.8536 0.1969, 0.7442 0.8536 0.2008, 0.7451 0.8512 0.1969, 0.7451 0.8512 0.2008, 0.7461 0.8495 0.1969, 0.7461 0.8495 0.2008, 0.7559 0.8435 0.1969, 0.7559 0.8435 0.2008, 0.7512 0.8457 0.2008, 0.7474 0.8482 0.1969, 0.7474 0.8482 0.2008, 0.7475 0.8481 0.1969, 0.7512 0.8457 0.1969, 0.7612 0.8413 0.1969, 0.7612 0.8413 0.2008, 0.7643 0.8395 0.1969, 0.7643 0.8395 0.2008, 0.7653 0.8384 0.1969, 0.7653 0.8384 0.2008, 0.7659 0.8374 0.1969, 0.7659 0.8374 0.2008, 0.7662 0.8361 0.1969, 0.7662 0.8361 0.2008, 0.7663 0.8352 0.1969, 0.7663 0.8352 0.2008, 0.7661 0.8336 0.1969, 0.7661 0.8336 0.2008, 0.7657 0.8325 0.1969, 0.7657 0.8325 0.2008, 0.765 0.8315 0.1969, 0.765 0.8315 0.2008, 0.7641 0.8307 0.1969, 0.7641 0.8307 0.2008, 0.7634 0.8302 0.1969, 0.7634 0.8302 0.2008, 0.7614 0.8295 0.1969, 0.7614 0.8295 0.2008, 0.7573 0.829 0.1969, 0.7573 0.829 0.2008, 0.7569 0.829 0.1969, 0.7569 0.829 0.2008, 0.7438 0.8334 0.1969, 0.7438 0.8334 0.2008, 0.7473 0.8313 0.2008, 0.7523 0.8295 0.1969, 0.7523 0.8295 0.2008, 0.7475 0.8312 0.1969, 0.7473 0.8313 0.1969, 0.7438 0.8252 0.2008, 0.7438 0.8252 0.1969, 0.7475 0.8239 0.1969, 0.7494 0.8232 0.2008, 0.751 0.823 0.1969, 0.7494 0.8232 0.1969, 0.7251 0.8236 0.2008, 0.733 0.8236 0.2008, 0.7251 0.8306 0.2008, 0.733 0.8528 0.2008, 0.7249 0.8306 0.2008, 0.7207 0.8318 0.2008, 0.7233 0.8283 0.2008, 0.7184 0.8303 0.2008, 0.7093 0.8437 0.2008, 0.7145 0.8449 0.2008, 0.7251 0.8464 0.2008, 0.7251 0.842 0.2008, 0.7251 0.8415 0.2008, 0.7246 0.8379 0.2008, 0.7234 0.8351 0.2008, 0.7217 0.8327 0.2008, 0.7221 0.8694 0.2008, 0.7204 0.8626 0.2008, 0.7253 0.8683 0.2008, 0.7219 0.8617 0.2008, 0.7076 0.8428 0.2008, 0.7251 0.8524 0.2008, 0.7248 0.8559 0.2008, 0.7323 0.8595 0.2008, 0.724 0.8588 0.2008, 0.731 0.8629 0.2008, 0.7231 0.8604 0.2008, 0.7293 0.8653 0.2008, 0.7278 0.8667 0.2008, 0.701 0.8658 0.2008, 0.701 0.8581 0.2008, 0.7026 0.8667 0.2008, 0.7065 0.8615 0.2008, 0.7086 0.869 0.2008, 0.7115 0.8631 0.2008, 0.7166 0.87 0.2008, 0.7159 0.8635 0.2008, 0.7186 0.8633 0.2008, 0.7063 0.8318 0.2008, 0.7005 0.8261 0.2008, 0.707 0.8311 0.2008, 0.7032 0.8242 0.2008, 0.7085 0.83 0.2008, 0.7062 0.8231 0.2008, 0.7103 0.8293 0.2008, 0.711 0.8225 0.2008, 0.713 0.829 0.2008, 0.7152 0.823 0.2008, 0.716 0.8294 0.2008, 0.7184 0.8242 0.2008, 0.7208 0.8257 0.2008, 0.7116 0.8506 0.2008, 0.7051 0.8488 0.2008, 0.7068 0.8421 0.2008, 0.7019 0.8471 0.2008, 0.7058 0.841 0.2008, 0.6995 0.8449 0.2008, 0.7051 0.8395 0.2008, 0.6979 0.8423 0.2008, 0.7047 0.8377 0.2008, 0.6969 0.8394 0.2008, 0.7046 0.8364 0.2008, 0.6966 0.8357 0.2008, 0.7048 0.8346 0.2008, 0.6971 0.8317 0.2008, 0.7054 0.8331 0.2008, 0.6981 0.8291 0.2008, 0.6998 0.8268 0.2008, 0.7159 0.8635 0.1969, 0.7186 0.8633 0.1969, 0.7204 0.8626 0.1969, 0.7219 0.8617 0.1969, 0.7231 0.8604 0.1969, 0.724 0.8588 0.1969, 0.7248 0.8559 0.1969, 0.7251 0.8524 0.1969, 0.7116 0.8506 0.1969, 0.7051 0.8488 0.1969, 0.7019 0.8471 0.1969, 0.6995 0.8449 0.1969, 0.6979 0.8423 0.1969, 0.6969 0.8394 0.1969, 0.6966 0.8357 0.1969, 0.6971 0.8317 0.1969, 0.6981 0.8291 0.1969, 0.6998 0.8268 0.1969, 0.7005 0.8261 0.1969, 0.711 0.8225 0.1969, 0.7063 0.823 0.1969, 0.7062 0.8231 0.1969, 0.7032 0.8242 0.1969, 0.7152 0.823 0.1969, 0.7153 0.823 0.1969, 0.7184 0.8242 0.1969, 0.7208 0.8257 0.1969, 0.7233 0.8283 0.1969, 0.7249 0.8306 0.1969, 0.7251 0.8306 0.1969, 0.7251 0.8236 0.1969, 0.733 0.8236 0.1969, 0.733 0.8528 0.1969, 0.7323 0.8595 0.1969, 0.731 0.8629 0.1969, 0.7293 0.8653 0.1969, 0.7278 0.8667 0.1969, 0.7253 0.8683 0.1969, 0.7221 0.8694 0.1969, 0.7166 0.87 0.1969, 0.7086 0.869 0.1969, 0.7026 0.8667 0.1969, 0.701 0.8658 0.1969, 0.701 0.8581 0.1969, 0.7065 0.8615 0.1969, 0.7115 0.8631 0.1969, 0.7217 0.8327 0.1969, 0.7207 0.8318 0.1969, 0.7184 0.8303 0.1969, 0.716 0.8294 0.1969, 0.713 0.829 0.1969, 0.7251 0.842 0.1969, 0.7251 0.8415 0.1969, 0.7246 0.8379 0.1969, 0.7234 0.8351 0.1969, 0.7251 0.8464 0.1969, 0.7145 0.8449 0.1969, 0.7068 0.8421 0.1969, 0.7076 0.8428 0.1969, 0.7093 0.8437 0.1969, 0.7046 0.8364 0.1969, 0.7047 0.8377 0.1969, 0.7051 0.8395 0.1969, 0.7058 0.841 0.1969, 0.707 0.8311 0.1969, 0.7063 0.8318 0.1969, 0.7054 0.8331 0.1969, 0.7048 0.8346 0.1969, 0.7103 0.8293 0.1969, 0.7085 0.83 0.1969
            ]
        }
        coordIndex [
            0,1,2,-1,0,2,3,-1,3,2,4,-1,3,4,5,-1,6,5,7,-1,7,5,4,-1,8,6,9,-1,9,6,7,-1,10,8,11,-1,11,8,9,-1,12,10,13,-1,13,10,11,-1,14,12,15,-1,15,12,13,-1,16,17,18,-1,18,17,14,-1,18,14,15,-1,17,16,19,-1,17,19,20,-1,20,19,21,-1,20,21,22,-1,22,21,23,-1,22,23,24,-1,24,23,25,-1,24,25,26,-1,26,25,27,-1,26,27,28,-1,28,27,29,-1,28,29,30,-1,30,29,31,-1,30,31,32,-1,33,32,34,-1,34,32,31,-1,33,34,35,-1,33,35,36,-1,36,35,37,-1,36,37,38,-1,38,37,39,-1,38,39,40,-1,40,39,41,-1,40,41,42,-1,42,41,43,-1,42,43,44,-1,44,43,45,-1,44,45,46,-1,46,45,47,-1,46,47,48,-1,48,47,49,-1,48,49,50,-1,51,52,53,-1,53,52,50,-1,53,50,49,-1,54,52,55,-1,55,52,51,-1,0,54,1,-1,1,54,55,-1,3,5,50,-1,52,54,50,-1,50,54,0,-1,50,0,3,-1,10,12,8,-1,8,12,14,-1,8,14,6,-1,32,33,30,-1,30,33,36,-1,30,36,28,-1,28,36,38,-1,28,38,26,-1,26,38,40,-1,26,40,24,-1,24,40,42,-1,24,42,22,-1,5,6,50,-1,50,6,14,-1,50,14,48,-1,14,17,48,-1,48,17,20,-1,48,20,46,-1,46,20,22,-1,46,22,44,-1,44,22,42,-1,56,57,58,-1,58,57,59,-1,59,60,58,-1,58,60,61,-1,58,61,62,-1,62,61,63,-1,62,63,64,-1,64,63,65,-1,64,65,66,-1,66,65,67,-1,66,67,68,-1,68,67,69,-1,68,69,70,-1,70,69,71,-1,70,71,72,-1,72,71,73,-1,72,73,74,-1,74,73,75,-1,74,75,76,-1,76,75,77,-1,76,77,78,-1,78,77,79,-1,78,79,80,-1,80,79,81,-1,80,81,82,-1,82,81,83,-1,82,83,84,-1,84,83,85,-1,84,85,86,-1,86,85,87,-1,86,87,88,-1,88,87,89,-1,88,89,90,-1,90,89,91,-1,90,91,92,-1,92,91,93,-1,92,93,94,-1,94,93,95,-1,94,95,96,-1,96,95,97,-1,96,97,98,-1,98,97,99,-1,98,99,100,-1,100,99,101,-1,100,101,102,-1,102,101,103,-1,102,103,104,-1,104,103,105,-1,104,105,106,-1,106,105,107,-1,106,107,108,-1,108,107,109,-1,108,109,110,-1,110,109,111,-1,110,111,112,-1,112,111,113,-1,112,113,114,-1,114,113,115,-1,114,115,116,-1,117,116,118,-1,118,116,115,-1,117,118,119,-1,117,119,120,-1,120,119,121,-1,120,121,122,-1,122,121,123,-1,122,123,124,-1,124,123,125,-1,124,125,126,-1,126,125,127,-1,126,127,128,-1,127,129,128,-1,128,129,130,-1,129,131,130,-1,130,131,132,-1,130,132,133,-1,133,132,134,-1,133,134,135,-1,135,134,136,-1,135,136,137,-1,137,136,138,-1,137,138,139,-1,139,138,140,-1,139,140,141,-1,141,140,142,-1,141,142,143,-1,144,145,146,-1,143,142,147,-1,143,147,148,-1,148,147,149,-1,148,149,146,-1,146,149,150,-1,146,150,144,-1,145,144,151,-1,145,151,152,-1,152,151,153,-1,152,153,154,-1,154,153,155,-1,154,155,156,-1,156,155,157,-1,156,157,158,-1,158,157,159,-1,158,159,160,-1,160,159,161,-1,160,161,162,-1,162,161,163,-1,162,163,164,-1,164,163,165,-1,164,165,166,-1,166,165,167,-1,166,167,168,-1,168,167,169,-1,168,169,170,-1,170,169,171,-1,170,171,172,-1,172,171,173,-1,172,173,174,-1,174,173,175,-1,174,175,176,-1,176,175,177,-1,176,177,178,-1,179,180,181,-1,178,177,182,-1,178,182,183,-1,183,182,184,-1,183,184,181,-1,181,184,185,-1,181,185,179,-1,186,180,187,-1,187,180,179,-1,187,188,186,-1,186,188,189,-1,57,56,190,-1,190,56,189,-1,190,189,191,-1,191,189,188,-1,102,104,126,-1,126,104,124,-1,152,84,145,-1,145,84,86,-1,62,64,168,-1,168,64,66,-1,168,66,166,-1,166,66,68,-1,166,68,164,-1,164,68,70,-1,164,70,162,-1,162,70,72,-1,162,72,160,-1,160,72,74,-1,160,74,158,-1,158,74,76,-1,158,76,156,-1,156,76,78,-1,156,78,154,-1,154,78,80,-1,154,80,152,-1,152,80,82,-1,152,82,84,-1,56,178,189,-1,189,178,183,-1,189,183,186,-1,186,183,181,-1,186,181,180,-1,104,106,124,-1,124,106,108,-1,124,108,122,-1,122,108,110,-1,122,110,120,-1,120,110,112,-1,120,112,117,-1,117,112,114,-1,117,114,116,-1,168,170,62,-1,62,170,172,-1,62,172,58,-1,58,172,174,-1,58,174,56,-1,56,174,176,-1,56,176,178,-1,126,128,102,-1,102,128,130,-1,102,130,100,-1,100,130,133,-1,100,133,98,-1,98,133,135,-1,98,135,96,-1,96,135,137,-1,96,137,94,-1,94,137,139,-1,94,139,92,-1,92,139,141,-1,92,141,90,-1,90,141,143,-1,90,143,88,-1,88,143,148,-1,88,148,86,-1,86,148,146,-1,86,146,145,-1,192,193,194,-1,194,193,195,-1,196,197,198,-1,198,197,199,-1,200,201,195,-1,195,201,202,-1,195,202,203,-1,203,204,195,-1,195,204,205,-1,195,205,194,-1,194,205,206,-1,194,206,196,-1,196,206,207,-1,196,207,197,-1,208,209,210,-1,210,209,211,-1,212,200,213,-1,213,200,195,-1,213,195,214,-1,214,195,215,-1,214,215,216,-1,216,215,217,-1,216,217,218,-1,218,217,219,-1,218,219,211,-1,211,219,220,-1,211,220,210,-1,221,222,223,-1,223,222,224,-1,223,224,225,-1,225,224,226,-1,225,226,227,-1,227,226,228,-1,227,228,208,-1,208,228,229,-1,208,229,209,-1,230,231,232,-1,232,231,233,-1,232,233,234,-1,234,233,235,-1,234,235,236,-1,236,235,237,-1,236,237,238,-1,238,237,239,-1,238,239,240,-1,240,239,241,-1,240,241,199,-1,199,241,242,-1,199,242,198,-1,213,243,212,-1,212,243,244,-1,212,244,245,-1,245,244,246,-1,245,246,247,-1,247,246,248,-1,247,248,249,-1,249,248,250,-1,249,250,251,-1,251,250,252,-1,251,252,253,-1,253,252,254,-1,253,254,255,-1,255,254,256,-1,255,256,257,-1,257,256,258,-1,257,258,230,-1,230,258,259,-1,230,259,231,-1,228,260,261,-1,228,261,229,-1,229,261,262,-1,229,262,209,-1,209,262,263,-1,209,263,211,-1,211,263,264,-1,211,264,218,-1,218,264,265,-1,218,265,216,-1,216,265,266,-1,216,266,214,-1,214,266,267,-1,214,267,213,-1,243,213,268,-1,268,213,267,-1,243,268,269,-1,243,269,244,-1,244,269,270,-1,244,270,246,-1,246,270,271,-1,246,271,248,-1,248,271,272,-1,248,272,250,-1,250,272,273,-1,250,273,252,-1,252,273,274,-1,252,274,254,-1,254,274,275,-1,254,275,256,-1,256,275,276,-1,256,276,258,-1,258,276,277,-1,258,277,259,-1,259,277,278,-1,259,278,231,-1,279,237,280,-1,280,237,235,-1,280,235,281,-1,281,235,233,-1,281,233,282,-1,282,233,231,-1,282,231,278,-1,237,279,283,-1,237,283,239,-1,239,283,284,-1,239,284,241,-1,284,285,241,-1,241,285,286,-1,241,286,242,-1,242,286,287,-1,242,287,198,-1,198,287,288,-1,198,288,196,-1,194,196,289,-1,289,196,288,-1,192,194,290,-1,290,194,289,-1,193,192,291,-1,291,192,290,-1,195,193,292,-1,292,193,291,-1,195,292,293,-1,195,293,215,-1,215,293,294,-1,215,294,217,-1,217,294,295,-1,217,295,219,-1,219,295,296,-1,219,296,220,-1,220,296,297,-1,220,297,210,-1,210,297,298,-1,210,298,208,-1,208,298,299,-1,208,299,227,-1,227,299,300,-1,227,300,225,-1,225,300,301,-1,225,301,223,-1,223,301,302,-1,223,302,221,-1,222,221,303,-1,303,221,302,-1,222,303,304,-1,222,304,224,-1,224,304,305,-1,224,305,226,-1,226,305,260,-1,226,260,228,-1,207,306,307,-1,207,307,197,-1,197,307,308,-1,197,308,199,-1,199,308,309,-1,199,309,240,-1,240,309,310,-1,240,310,238,-1,203,311,312,-1,203,312,204,-1,204,312,313,-1,204,313,205,-1,205,313,314,-1,205,314,206,-1,206,314,306,-1,206,306,207,-1,203,202,311,-1,311,202,315,-1,202,201,315,-1,315,201,316,-1,245,317,318,-1,245,318,212,-1,212,318,319,-1,212,319,200,-1,200,319,316,-1,200,316,201,-1,253,320,321,-1,253,321,251,-1,251,321,322,-1,251,322,249,-1,249,322,323,-1,249,323,247,-1,247,323,317,-1,247,317,245,-1,232,324,325,-1,232,325,230,-1,230,325,326,-1,230,326,257,-1,257,326,327,-1,257,327,255,-1,255,327,320,-1,255,320,253,-1,238,310,328,-1,238,328,236,-1,236,328,329,-1,236,329,234,-1,234,329,324,-1,234,324,232,-1,
        ]
    }
}
Shape{
    appearance Appearance {
        material  Material 	{
            diffuseColor 0.20784313725490197 0.20784313725490197 0.20784313725490197
            specularColor 0.01568627450980392 0.01568627450980392 0.01568627450980392
            ambientIntensity 0.298
            transparency 0.0
            shininess 0.5
        }
    }
    geometry IndexedFaceSet {
        ccw TRUE
        solid FALSE
        coord DEF co Coordinate {
            point [
                0.7251 0.8415 0.1969, 0.7251 0.842 0.1969, 0.7068 0.8421 0.1969, 0.7251 0.8464 0.1969, 0.7145 0.8449 0.1969, 0.7093 0.8437 0.1969, 0.7076 0.8428 0.1969, 0.7246 0.8379 0.1969, 0.7058 0.841 0.1969, 0.7234 0.8351 0.1969, 0.7063 0.8318 0.1969, 0.707 0.8311 0.1969, 0.7207 0.8318 0.1969, 0.7054 0.8331 0.1969, 0.7184 0.8303 0.1969, 0.716 0.8294 0.1969, 0.713 0.829 0.1969, 0.7051 0.8395 0.1969, 0.7047 0.8377 0.1969, 0.7217 0.8327 0.1969, 0.7046 0.8364 0.1969, 0.7048 0.8346 0.1969, 0.7085 0.83 0.1969, 0.7103 0.8293 0.1969
            ]
        }
        coordIndex [
            0,1,2,-1,1,3,4,-1,4,5,1,-1,1,5,6,-1,1,6,2,-1,0,2,7,-1,7,2,8,-1,7,8,9,-1,10,11,12,-1,10,12,13,-1,14,12,15,-1,15,12,16,-1,8,17,9,-1,9,17,18,-1,9,18,19,-1,19,18,20,-1,19,20,12,-1,12,20,21,-1,12,21,13,-1,11,22,12,-1,12,22,23,-1,12,23,16,-1,
        ]
    }
}
Shape{
    appearance Appearance {
        material  Material 	{
            diffuseColor 1.0 1.0 1.0
            specularColor 0.5019607843137255 0.5019607843137255 0.5019607843137255
            ambientIntensity 1.0
            transparency 0.0
            shininess 0.5
        }
    }
    geometry IndexedFaceSet {
        ccw TRUE
        solid FALSE
        coord DEF co Coordinate {
            point [
                0.3741 0.8146 0.2008, 0.3808 0.8063 0.2008, 0.37 0.8545 0.2008, 0.5331 0.934 0.2008, 0.5359 0.9214 0.2008, 0.558 0.9458 0.2008, 0.3622 0.9331 0.2008, 0.3723 0.9384 0.2008, 0.3707 0.9664 0.2008, 0.3876 0.9684 0.2008, 0.416 0.8554 0.2008, 0.4202 0.8539 0.2008, 0.4577 0.8432 0.2008, 0.4238 0.8514 0.2008, 0.4267 0.8481 0.2008, 0.5209 0.8767 0.2008, 0.5069 0.9006 0.2008, 0.4464 0.869 0.2008, 0.412 0.8559 0.2008, 0.3602 0.8606 0.2008, 0.3629 0.8263 0.2008, 0.3696 0.8243 0.2008, 0.4286 0.8444 0.2008, 0.4296 0.8402 0.2008, 0.4577 0.8387 0.2008, 0.4296 0.8365 0.2008, 0.4008 0.8247 0.2008, 0.4045 0.8224 0.2008, 0.3897 0.7996 0.2008, 0.4088 0.821 0.2008, 0.408 0.8554 0.2008, 0.4017 0.883 0.2008, 0.404 0.854 0.2008, 0.3917 0.8792 0.2008, 0.4005 0.8515 0.2008, 0.3825 0.8728 0.2008, 0.3976 0.8484 0.2008, 0.375 0.8643 0.2008, 0.3955 0.8444 0.2008, 0.3945 0.8401 0.2008, 0.5395 0.9214 0.2008, 0.5481 0.9204 0.2008, 0.5602 0.9451 0.2008, 0.5559 0.9173 0.2008, 0.5737 0.9384 0.2008, 0.5859 0.928 0.2008, 0.4412 0.9698 0.2008, 0.4179 0.9874 0.2008, 0.4291 0.9609 0.2008, 0.4073 0.9783 0.2008, 0.4189 0.9488 0.2008, 0.398 0.9675 0.2008, 0.412 0.9345 0.2008, 0.3834 0.9411 0.2008, 0.3881 0.9413 0.2008, 0.3928 0.9681 0.2008, 0.3986 0.94 0.2008, 0.4088 0.9363 0.2008, 0.4289 0.8813 0.2008, 0.418 0.884 0.2008, 0.4125 0.8844 0.2008, 0.586 0.8437 0.2008, 0.5649 0.8616 0.2008, 0.5737 0.8333 0.2008, 0.5582 0.8562 0.2008, 0.5599 0.8265 0.2008, 0.5503 0.8525 0.2008, 0.5449 0.8234 0.2008, 0.5422 0.8509 0.2008, 0.5182 0.8234 0.2008, 0.5218 0.8509 0.2008, 0.5157 0.8238 0.2008, 0.3443 0.907 0.2008, 0.3146 0.9003 0.2008, 0.3429 0.8961 0.2008, 0.3145 0.8952 0.2008, 0.3435 0.8892 0.2008, 0.3164 0.8783 0.2008, 0.3467 0.8781 0.2008, 0.3227 0.8614 0.2008, 0.3521 0.8689 0.2008, 0.3334 0.846 0.2008, 0.3467 0.8345 0.2008, 0.3978 0.8279 0.2008, 0.3958 0.8315 0.2008, 0.3946 0.8357 0.2008, 0.5629 0.9124 0.2008, 0.5682 0.9066 0.2008, 0.5951 0.9152 0.2008, 0.5724 0.8988 0.2008, 0.6007 0.9014 0.2008, 0.5745 0.8901 0.2008, 0.6027 0.8866 0.2008, 0.5747 0.8862 0.2008, 0.6006 0.8705 0.2008, 0.5736 0.8774 0.2008, 0.595 0.8562 0.2008, 0.5705 0.8693 0.2008, 0.5655 0.8623 0.2008, 0.3539 0.9601 0.2008, 0.3394 0.9502 0.2008, 0.3544 0.9261 0.2008, 0.3357 0.9467 0.2008, 0.3481 0.9171 0.2008, 0.3252 0.9334 0.2008, 0.3178 0.9172 0.2008, 0.4385 0.8762 0.2008, 0.5261 0.9485 0.2008, 0.5499 0.9621 0.2008, 0.516 0.9607 0.2008, 0.5356 0.9796 0.2008, 0.5148 0.9618 0.2008, 0.5336 0.9815 0.2008, 0.5021 0.9706 0.2008, 0.5134 0.9951 0.2008, 0.4879 0.976 0.2008, 0.4908 1.0031 0.2008, 0.4726 0.9779 0.2008, 0.4721 1.005 0.2008, 0.456 0.9758 0.2008, 0.4531 1.003 0.2008, 0.432 0.9958 0.2008, 0.5196 0.8513 0.2008, 0.5087 0.8281 0.2008, 0.5098 0.827 0.2008, 0.4001 0.7952 0.2008, 0.4107 0.7936 0.2008, 0.412 0.8207 0.2008, 0.4125 0.7935 0.2008, 0.4161 0.8211 0.2008, 0.4234 0.7949 0.2008, 0.4201 0.8226 0.2008, 0.4335 0.7988 0.2008, 0.4236 0.8249 0.2008, 0.4425 0.805 0.2008, 0.4265 0.8282 0.2008, 0.4495 0.8128 0.2008, 0.4286 0.8321 0.2008, 0.4548 0.8229 0.2008, 0.4574 0.8341 0.2008, 0.5209 0.851 0.2008, 0.5127 0.825 0.2008, 0.5051 0.8374 0.2008, 0.5056 0.834 0.2008, 0.5067 0.8309 0.2008, 0.5156 0.8509 0.2008, 0.5125 0.8497 0.2008, 0.5052 0.8392 0.2008, 0.5098 0.8477 0.2008, 0.5079 0.8457 0.2008, 0.5062 0.8426 0.2008, 0.5191 0.8514 0.2008, 0.5951 0.9152 0.1969, 0.6007 0.9014 0.1969, 0.6027 0.8866 0.1969, 0.5889 0.9239 0.1969, 0.5859 0.928 0.1969, 0.5737 0.9384 0.1969, 0.5602 0.9451 0.1969, 0.558 0.9458 0.1969, 0.5499 0.9621 0.1969, 0.5356 0.9796 0.1969, 0.5336 0.9815 0.1969, 0.5232 0.9885 0.1969, 0.5134 0.9951 0.1969, 0.4908 1.0031 0.1969, 0.4721 1.005 0.1969, 0.4179 0.9874 0.1969, 0.4198 0.9885 0.1969, 0.432 0.9958 0.1969, 0.4531 1.003 0.1969, 0.4073 0.9783 0.1969, 0.398 0.9675 0.1969, 0.3928 0.9681 0.1969, 0.3876 0.9684 0.1969, 0.3707 0.9664 0.1969, 0.3539 0.9601 0.1969, 0.3394 0.9502 0.1969, 0.3357 0.9467 0.1969, 0.3252 0.9334 0.1969, 0.3209 0.9239 0.1969, 0.3178 0.9172 0.1969, 0.3146 0.9003 0.1969, 0.3145 0.8952 0.1969, 0.3164 0.8786 0.1969, 0.3164 0.8783 0.1969, 0.3227 0.8614 0.1969, 0.3334 0.846 0.1969, 0.3467 0.8345 0.1969, 0.3629 0.8263 0.1969, 0.3696 0.8243 0.1969, 0.3701 0.823 0.1969, 0.3741 0.8146 0.1969, 0.3808 0.8063 0.1969, 0.3897 0.7996 0.1969, 0.3938 0.7979 0.1969, 0.4001 0.7952 0.1969, 0.4107 0.7936 0.1969, 0.4125 0.7935 0.1969, 0.4577 0.8387 0.1969, 0.4234 0.7949 0.1969, 0.4312 0.7979 0.1969, 0.4335 0.7988 0.1969, 0.4425 0.805 0.1969, 0.4495 0.8128 0.1969, 0.4548 0.8229 0.1969, 0.4548 0.823 0.1969, 0.4574 0.8341 0.1969, 0.4577 0.8432 0.1969, 0.5209 0.8767 0.1969, 0.5069 0.9006 0.1969, 0.5198 0.8786 0.1969, 0.4464 0.869 0.1969, 0.4647 0.8786 0.1969, 0.4385 0.8762 0.1969, 0.434 0.8786 0.1969, 0.4289 0.8813 0.1969, 0.418 0.884 0.1969, 0.4125 0.8844 0.1969, 0.4017 0.883 0.1969, 0.3917 0.8792 0.1969, 0.3908 0.8786 0.1969, 0.3825 0.8728 0.1969, 0.375 0.8643 0.1969, 0.37 0.8545 0.1969, 0.3429 0.8961 0.1969, 0.3602 0.8606 0.1969, 0.3521 0.8689 0.1969, 0.3467 0.8781 0.1969, 0.3466 0.8786 0.1969, 0.3435 0.8892 0.1969, 0.3481 0.9171 0.1969, 0.3443 0.907 0.1969, 0.3528 0.9239 0.1969, 0.3544 0.9261 0.1969, 0.3622 0.9331 0.1969, 0.3723 0.9384 0.1969, 0.3834 0.9411 0.1969, 0.3881 0.9413 0.1969, 0.3986 0.94 0.1969, 0.4088 0.9363 0.1969, 0.412 0.9345 0.1969, 0.4189 0.9488 0.1969, 0.4291 0.9609 0.1969, 0.4412 0.9698 0.1969, 0.456 0.9758 0.1969, 0.4726 0.9779 0.1969, 0.4879 0.976 0.1969, 0.5021 0.9706 0.1969, 0.5148 0.9618 0.1969, 0.516 0.9607 0.1969, 0.5261 0.9485 0.1969, 0.5331 0.934 0.1969, 0.5353 0.9239 0.1969, 0.5359 0.9214 0.1969, 0.5395 0.9214 0.1969, 0.5481 0.9204 0.1969, 0.5559 0.9173 0.1969, 0.5629 0.9124 0.1969, 0.5682 0.9066 0.1969, 0.5724 0.8988 0.1969, 0.5745 0.8901 0.1969, 0.5747 0.8862 0.1969, 0.5738 0.8786 0.1969, 0.5736 0.8774 0.1969, 0.5705 0.8693 0.1969, 0.5655 0.8623 0.1969, 0.5649 0.8616 0.1969, 0.5582 0.8562 0.1969, 0.5503 0.8525 0.1969, 0.5422 0.8509 0.1969, 0.5218 0.8509 0.1969, 0.5209 0.851 0.1969, 0.5196 0.8513 0.1969, 0.5191 0.8514 0.1969, 0.5156 0.8509 0.1969, 0.5125 0.8497 0.1969, 0.5098 0.8477 0.1969, 0.5079 0.8457 0.1969, 0.5062 0.8426 0.1969, 0.5052 0.8392 0.1969, 0.5051 0.8374 0.1969, 0.5056 0.834 0.1969, 0.5067 0.8309 0.1969, 0.5087 0.8281 0.1969, 0.5098 0.827 0.1969, 0.5127 0.825 0.1969, 0.5157 0.8238 0.1969, 0.5182 0.8234 0.1969, 0.5449 0.8234 0.1969, 0.5599 0.8265 0.1969, 0.5737 0.8333 0.1969, 0.586 0.8437 0.1969, 0.595 0.8562 0.1969, 0.6006 0.8705 0.1969, 0.6017 0.8786 0.1969, 0.412 0.8559 0.1969, 0.416 0.8554 0.1969, 0.4202 0.8539 0.1969, 0.4238 0.8514 0.1969, 0.4267 0.8481 0.1969, 0.4286 0.8444 0.1969, 0.4296 0.8402 0.1969, 0.4296 0.8365 0.1969, 0.4286 0.8321 0.1969, 0.4265 0.8282 0.1969, 0.4236 0.8249 0.1969, 0.4201 0.8226 0.1969, 0.4161 0.8211 0.1969, 0.412 0.8207 0.1969, 0.4088 0.821 0.1969, 0.4045 0.8224 0.1969, 0.4008 0.8247 0.1969, 0.3978 0.8279 0.1969, 0.3958 0.8315 0.1969, 0.3946 0.8357 0.1969, 0.3945 0.8401 0.1969, 0.3955 0.8444 0.1969, 0.3976 0.8484 0.1969, 0.4005 0.8515 0.1969, 0.404 0.854 0.1969, 0.408 0.8554 0.1969
            ]
        }
        coordIndex [
            0,1,2,-1,3,4,5,-1,6,7,8,-1,8,7,9,-1,10,11,12,-1,12,11,13,-1,12,13,14,-1,15,16,12,-1,12,16,17,-1,12,17,10,-1,10,17,18,-1,19,20,2,-1,2,20,21,-1,2,21,0,-1,14,22,12,-1,12,22,23,-1,12,23,24,-1,24,23,25,-1,26,1,27,-1,27,1,28,-1,27,28,29,-1,30,31,32,-1,32,31,33,-1,32,33,34,-1,34,33,35,-1,34,35,36,-1,36,35,37,-1,36,37,38,-1,38,37,2,-1,38,2,39,-1,4,40,5,-1,5,40,41,-1,5,41,42,-1,42,41,43,-1,42,43,44,-1,44,43,45,-1,46,47,48,-1,48,47,49,-1,48,49,50,-1,50,49,51,-1,50,51,52,-1,7,53,9,-1,9,53,54,-1,9,54,55,-1,55,54,56,-1,55,56,51,-1,51,56,57,-1,51,57,52,-1,58,59,30,-1,30,59,60,-1,30,60,31,-1,61,62,63,-1,63,62,64,-1,63,64,65,-1,65,64,66,-1,65,66,67,-1,67,66,68,-1,67,68,69,-1,69,68,70,-1,69,70,71,-1,72,73,74,-1,74,73,75,-1,74,75,76,-1,76,75,77,-1,76,77,78,-1,78,77,79,-1,78,79,80,-1,80,79,81,-1,80,81,19,-1,19,81,82,-1,19,82,20,-1,26,83,1,-1,1,83,84,-1,1,84,2,-1,2,84,85,-1,2,85,39,-1,43,86,45,-1,45,86,87,-1,45,87,88,-1,88,87,89,-1,88,89,90,-1,90,89,91,-1,90,91,92,-1,92,91,93,-1,92,93,94,-1,94,93,95,-1,94,95,96,-1,96,95,97,-1,96,97,61,-1,61,97,98,-1,61,98,62,-1,8,99,6,-1,6,99,100,-1,6,100,101,-1,101,100,102,-1,101,102,103,-1,103,102,104,-1,103,104,72,-1,72,104,105,-1,72,105,73,-1,18,17,30,-1,30,17,106,-1,30,106,58,-1,3,5,107,-1,107,5,108,-1,107,108,109,-1,109,108,110,-1,109,110,111,-1,111,110,112,-1,111,112,113,-1,113,112,114,-1,113,114,115,-1,115,114,116,-1,115,116,117,-1,117,116,118,-1,117,118,119,-1,119,118,120,-1,119,120,46,-1,46,120,121,-1,46,121,47,-1,122,123,124,-1,28,125,29,-1,29,125,126,-1,29,126,127,-1,127,126,128,-1,127,128,129,-1,129,128,130,-1,129,130,131,-1,131,130,132,-1,131,132,133,-1,133,132,134,-1,133,134,135,-1,135,134,136,-1,135,136,137,-1,137,136,138,-1,137,138,25,-1,25,138,139,-1,25,139,24,-1,70,140,71,-1,71,140,122,-1,71,122,141,-1,141,122,124,-1,142,143,122,-1,122,143,144,-1,122,144,123,-1,145,146,147,-1,146,148,147,-1,147,148,149,-1,147,149,150,-1,142,122,147,-1,147,122,151,-1,147,151,145,-1,152,90,153,-1,153,90,92,-1,153,92,154,-1,155,45,152,-1,152,45,88,-1,152,88,90,-1,155,156,45,-1,45,156,157,-1,45,157,44,-1,44,157,158,-1,44,158,42,-1,42,158,159,-1,42,159,5,-1,5,159,160,-1,5,160,108,-1,108,160,161,-1,108,161,110,-1,110,161,162,-1,110,162,112,-1,112,162,114,-1,114,162,163,-1,163,164,114,-1,114,164,165,-1,114,165,116,-1,116,165,166,-1,116,166,118,-1,167,47,168,-1,168,47,121,-1,168,121,169,-1,169,121,120,-1,169,120,170,-1,170,120,118,-1,170,118,166,-1,47,167,171,-1,47,171,49,-1,49,171,172,-1,49,172,51,-1,51,172,173,-1,51,173,55,-1,55,173,174,-1,55,174,9,-1,9,174,175,-1,9,175,8,-1,8,175,176,-1,8,176,99,-1,99,176,177,-1,99,177,100,-1,100,177,178,-1,100,178,102,-1,102,178,179,-1,180,105,179,-1,179,105,104,-1,179,104,102,-1,180,181,105,-1,105,181,182,-1,105,182,73,-1,73,182,183,-1,73,183,75,-1,183,184,75,-1,75,184,77,-1,184,185,77,-1,77,185,186,-1,77,186,79,-1,79,186,187,-1,79,187,81,-1,81,187,188,-1,81,188,82,-1,82,188,189,-1,82,189,20,-1,20,189,190,-1,20,190,21,-1,21,190,191,-1,21,191,0,-1,191,192,0,-1,0,192,193,-1,0,193,1,-1,1,193,194,-1,1,194,28,-1,28,194,195,-1,28,195,125,-1,195,196,125,-1,125,196,197,-1,125,197,126,-1,126,197,198,-1,126,198,128,-1,199,24,139,-1,128,198,200,-1,201,132,200,-1,200,132,130,-1,200,130,128,-1,201,202,132,-1,132,202,203,-1,132,203,134,-1,134,203,204,-1,134,204,136,-1,136,204,205,-1,136,205,138,-1,138,205,206,-1,138,206,139,-1,139,206,207,-1,139,207,199,-1,12,24,208,-1,208,24,199,-1,15,12,209,-1,209,12,208,-1,210,16,211,-1,211,16,15,-1,211,15,209,-1,212,17,213,-1,213,17,16,-1,213,16,210,-1,17,212,214,-1,17,214,106,-1,106,214,215,-1,106,215,58,-1,215,216,58,-1,58,216,217,-1,58,217,59,-1,59,217,218,-1,59,218,60,-1,60,218,219,-1,60,219,31,-1,31,219,220,-1,31,220,33,-1,33,220,221,-1,33,221,35,-1,221,222,35,-1,35,222,223,-1,35,223,37,-1,37,223,224,-1,37,224,2,-1,225,74,76,-1,2,224,226,-1,2,226,19,-1,19,226,227,-1,19,227,80,-1,80,227,228,-1,80,228,78,-1,78,228,229,-1,78,229,76,-1,76,229,230,-1,76,230,225,-1,231,72,232,-1,232,72,74,-1,232,74,225,-1,233,101,231,-1,231,101,103,-1,231,103,72,-1,233,234,101,-1,101,234,235,-1,101,235,6,-1,6,235,236,-1,6,236,7,-1,7,236,237,-1,7,237,53,-1,53,237,238,-1,53,238,54,-1,54,238,239,-1,54,239,56,-1,56,239,240,-1,56,240,57,-1,57,240,241,-1,57,241,52,-1,52,241,242,-1,52,242,50,-1,50,242,243,-1,50,243,48,-1,48,243,244,-1,48,244,46,-1,46,244,245,-1,46,245,119,-1,119,245,246,-1,119,246,117,-1,117,246,247,-1,117,247,115,-1,115,247,248,-1,115,248,113,-1,113,248,249,-1,113,249,111,-1,111,249,250,-1,111,250,109,-1,109,250,251,-1,109,251,107,-1,107,251,252,-1,107,252,3,-1,3,252,4,-1,4,252,253,-1,4,253,254,-1,40,4,255,-1,255,4,254,-1,40,255,256,-1,40,256,41,-1,41,256,257,-1,41,257,43,-1,43,257,258,-1,43,258,86,-1,86,258,259,-1,86,259,87,-1,87,259,260,-1,87,260,89,-1,89,260,261,-1,89,261,91,-1,91,261,262,-1,91,262,93,-1,262,263,93,-1,93,263,95,-1,263,264,95,-1,95,264,265,-1,95,265,97,-1,97,265,266,-1,97,266,98,-1,98,266,267,-1,98,267,62,-1,62,267,268,-1,62,268,64,-1,64,268,269,-1,64,269,66,-1,66,269,270,-1,66,270,68,-1,70,68,271,-1,271,68,270,-1,70,271,272,-1,70,272,140,-1,140,272,273,-1,140,273,122,-1,122,273,274,-1,122,274,151,-1,151,274,275,-1,151,275,145,-1,145,275,276,-1,145,276,146,-1,146,276,277,-1,146,277,148,-1,148,277,278,-1,148,278,149,-1,149,278,279,-1,149,279,150,-1,150,279,280,-1,150,280,147,-1,147,280,281,-1,147,281,142,-1,142,281,282,-1,142,282,143,-1,143,282,283,-1,143,283,144,-1,144,283,284,-1,144,284,123,-1,123,284,285,-1,123,285,124,-1,124,285,286,-1,124,286,141,-1,141,286,287,-1,141,287,71,-1,71,287,288,-1,71,288,69,-1,67,69,289,-1,289,69,288,-1,67,289,290,-1,67,290,65,-1,65,290,291,-1,65,291,63,-1,63,291,292,-1,63,292,61,-1,61,292,293,-1,61,293,96,-1,96,293,294,-1,96,294,94,-1,94,294,92,-1,92,294,295,-1,92,295,154,-1,18,296,297,-1,18,297,10,-1,10,297,298,-1,10,298,11,-1,11,298,299,-1,11,299,13,-1,13,299,300,-1,13,300,14,-1,14,300,301,-1,14,301,22,-1,22,301,302,-1,22,302,23,-1,23,302,303,-1,23,303,25,-1,25,303,304,-1,25,304,137,-1,137,304,305,-1,137,305,135,-1,135,305,306,-1,135,306,133,-1,133,306,307,-1,133,307,131,-1,131,307,308,-1,131,308,129,-1,129,308,309,-1,129,309,127,-1,127,309,310,-1,127,310,29,-1,29,310,311,-1,29,311,27,-1,27,311,312,-1,27,312,26,-1,26,312,313,-1,26,313,83,-1,83,313,314,-1,83,314,84,-1,84,314,315,-1,84,315,85,-1,85,315,316,-1,85,316,39,-1,39,316,317,-1,39,317,38,-1,38,317,318,-1,38,318,36,-1,36,318,319,-1,36,319,34,-1,34,319,320,-1,34,320,32,-1,32,320,321,-1,32,321,30,-1,30,321,296,-1,30,296,18,-1,
        ]
    }
}
Shape{
    appearance Appearance {
        material  Material 	{
            diffuseColor 0.20784313725490197 0.20784313725490197 0.20784313725490197
            specularColor 0.01568627450980392 0.01568627450980392 0.01568627450980392
            ambientIntensity 0.298
            transparency 0.0
            shininess 0.5
        }
    }
    geometry IndexedFaceSet {
        ccw TRUE
        solid FALSE
        coord DEF co Coordinate {
            point [
                0.412 0.8207 0.1969, 0.412 0.8559 0.1969, 0.4088 0.821 0.1969, 0.408 0.8554 0.1969, 0.4296 0.8402 0.1969, 0.4296 0.8365 0.1969, 0.4161 0.8211 0.1969, 0.4201 0.8226 0.1969, 0.4286 0.8444 0.1969, 0.4267 0.8481 0.1969, 0.4238 0.8514 0.1969, 0.4202 0.8539 0.1969, 0.416 0.8554 0.1969, 0.4005 0.8515 0.1969, 0.3978 0.8279 0.1969, 0.4008 0.8247 0.1969, 0.4236 0.8249 0.1969, 0.4265 0.8282 0.1969, 0.4286 0.8321 0.1969, 0.404 0.854 0.1969, 0.4045 0.8224 0.1969, 0.3955 0.8444 0.1969, 0.3945 0.8401 0.1969, 0.3976 0.8484 0.1969, 0.3946 0.8357 0.1969, 0.3958 0.8315 0.1969
            ]
        }
        coordIndex [
            0,1,2,-1,2,1,3,-1,4,0,5,-1,5,0,6,-1,5,6,7,-1,4,8,0,-1,0,8,9,-1,0,9,10,-1,10,11,0,-1,0,11,12,-1,0,12,1,-1,13,14,15,-1,7,16,5,-1,5,16,17,-1,5,17,18,-1,3,19,2,-1,2,19,13,-1,2,13,20,-1,20,13,15,-1,21,22,23,-1,23,22,24,-1,23,24,13,-1,13,24,25,-1,13,25,14,-1,
        ]
    }
}
Shape{
    appearance Appearance {
        material  Material 	{
            diffuseColor 1.0 1.0 1.0
            specularColor 0.5019607843137255 0.5019607843137255 0.5019607843137255
            ambientIntensity 1.0
            transparency 0.0
            shininess 0.5
        }
    }
    geometry IndexedFaceSet {
        ccw TRUE
        solid FALSE
        coord DEF co Coordinate {
            point [
                0.8395 0.9333 0.2008, 0.833 0.9376 0.2008, 0.8329 0.9286 0.2008, 0.8289 0.9348 0.2008, 0.8257 0.9257 0.2008, 0.8237 0.9327 0.2008, 0.8149 0.9244 0.2008, 0.8148 0.9316 0.2008, 0.7974 0.9244 0.2008, 0.8056 0.9316 0.2008, 0.7974 0.988 0.2008, 0.8056 0.9806 0.2008, 0.8155 0.988 0.2008, 0.8152 0.9806 0.2008, 0.8177 0.9806 0.2008, 0.8252 0.9869 0.2008, 0.8243 0.9795 0.2008, 0.8329 0.9841 0.2008, 0.8296 0.9773 0.2008, 0.8395 0.9795 0.2008, 0.8335 0.9747 0.2008, 0.8418 0.9774 0.2008, 0.8353 0.9729 0.2008, 0.8457 0.9718 0.2008, 0.8377 0.9694 0.2008, 0.848 0.9658 0.2008, 0.8395 0.9648 0.2008, 0.8491 0.957 0.2008, 0.8405 0.9568 0.2008, 0.8489 0.9529 0.2008, 0.8402 0.952 0.2008, 0.8474 0.9455 0.2008, 0.8389 0.9463 0.2008, 0.8443 0.9389 0.2008, 0.8366 0.9417 0.2008, 0.8337 0.9383 0.2008, 0.8395 0.9333 0.1969, 0.8443 0.9389 0.1969, 0.8474 0.9455 0.1969, 0.8489 0.9529 0.1969, 0.8491 0.957 0.1969, 0.848 0.9658 0.1969, 0.8457 0.9718 0.1969, 0.8418 0.9774 0.1969, 0.8395 0.9795 0.1969, 0.8155 0.988 0.1969, 0.8329 0.9841 0.1969, 0.8265 0.9864 0.1969, 0.8252 0.9869 0.1969, 0.7974 0.988 0.1969, 0.7974 0.9244 0.1969, 0.8149 0.9244 0.1969, 0.8257 0.9257 0.1969, 0.8265 0.926 0.1969, 0.8329 0.9286 0.1969, 0.8335 0.9747 0.1969, 0.8353 0.9729 0.1969, 0.8377 0.9694 0.1969, 0.8395 0.9648 0.1969, 0.8405 0.9568 0.1969, 0.8152 0.9806 0.1969, 0.8177 0.9806 0.1969, 0.8243 0.9795 0.1969, 0.8296 0.9773 0.1969, 0.8056 0.9806 0.1969, 0.8056 0.9316 0.1969, 0.8148 0.9316 0.1969, 0.8337 0.9383 0.1969, 0.833 0.9376 0.1969, 0.8289 0.9348 0.1969, 0.8237 0.9327 0.1969, 0.8402 0.952 0.1969, 0.8389 0.9463 0.1969, 0.8366 0.9417 0.1969
            ]
        }
        coordIndex [
            0,1,2,-1,2,1,3,-1,2,3,4,-1,4,3,5,-1,4,5,6,-1,6,5,7,-1,6,7,8,-1,8,7,9,-1,8,9,10,-1,10,9,11,-1,10,11,12,-1,11,13,12,-1,12,13,14,-1,12,14,15,-1,15,14,16,-1,15,16,17,-1,17,16,18,-1,17,18,19,-1,19,18,20,-1,19,20,21,-1,21,20,22,-1,21,22,23,-1,23,22,24,-1,23,24,25,-1,25,24,26,-1,25,26,27,-1,27,26,28,-1,27,28,29,-1,29,28,30,-1,29,30,31,-1,31,30,32,-1,31,32,33,-1,33,32,34,-1,33,34,0,-1,0,34,35,-1,0,35,1,-1,0,36,37,-1,0,37,33,-1,33,37,38,-1,33,38,31,-1,31,38,39,-1,31,39,29,-1,29,39,40,-1,29,40,27,-1,27,40,41,-1,27,41,25,-1,25,41,42,-1,25,42,23,-1,23,42,43,-1,23,43,21,-1,21,43,44,-1,21,44,19,-1,45,12,15,-1,19,44,46,-1,19,46,17,-1,17,46,47,-1,17,47,15,-1,15,47,48,-1,15,48,45,-1,10,12,49,-1,49,12,45,-1,8,10,50,-1,50,10,49,-1,6,8,51,-1,51,8,50,-1,36,0,2,-1,6,51,52,-1,6,52,4,-1,4,52,53,-1,4,53,2,-1,2,53,54,-1,2,54,36,-1,20,55,56,-1,20,56,22,-1,22,56,57,-1,22,57,24,-1,24,57,58,-1,24,58,26,-1,26,58,59,-1,26,59,28,-1,13,60,61,-1,13,61,14,-1,14,61,62,-1,14,62,16,-1,16,62,63,-1,16,63,18,-1,18,63,55,-1,18,55,20,-1,13,11,60,-1,60,11,64,-1,11,9,64,-1,64,9,65,-1,9,7,65,-1,65,7,66,-1,35,67,68,-1,35,68,1,-1,1,68,69,-1,1,69,3,-1,3,69,70,-1,3,70,5,-1,5,70,66,-1,5,66,7,-1,28,59,71,-1,28,71,30,-1,30,71,72,-1,30,72,32,-1,32,72,73,-1,32,73,34,-1,34,73,67,-1,34,67,35,-1,
        ]
    }
}
Shape{
    appearance Appearance {
        material  Material 	{
            diffuseColor 0.20784313725490197 0.20784313725490197 0.20784313725490197
            specularColor 0.01568627450980392 0.01568627450980392 0.01568627450980392
            ambientIntensity 0.298
            transparency 0.0
            shininess 0.5
        }
    }
    geometry IndexedFaceSet {
        ccw TRUE
        solid FALSE
        coord DEF co Coordinate {
            point [
                0.8152 0.9806 0.1969, 0.8056 0.9806 0.1969, 0.8056 0.9316 0.1969, 0.8389 0.9463 0.1969, 0.8402 0.952 0.1969, 0.8177 0.9806 0.1969, 0.8148 0.9316 0.1969, 0.8237 0.9327 0.1969, 0.8289 0.9348 0.1969, 0.833 0.9376 0.1969, 0.8337 0.9383 0.1969, 0.8366 0.9417 0.1969, 0.8335 0.9747 0.1969, 0.8405 0.9568 0.1969, 0.8296 0.9773 0.1969, 0.8243 0.9795 0.1969, 0.8395 0.9648 0.1969, 0.8377 0.9694 0.1969, 0.8353 0.9729 0.1969
            ]
        }
        coordIndex [
            0,1,2,-1,3,4,5,-1,2,6,0,-1,0,6,7,-1,0,7,8,-1,8,9,0,-1,0,9,10,-1,0,10,5,-1,5,10,11,-1,5,11,3,-1,12,4,13,-1,12,14,4,-1,4,14,15,-1,4,15,5,-1,16,17,13,-1,13,17,18,-1,13,18,12,-1,
        ]
    }
}
Shape{
    appearance Appearance {
        material  Material 	{
            diffuseColor 1.0 1.0 1.0
            specularColor 0.5019607843137255 0.5019607843137255 0.5019607843137255
            ambientIntensity 1.0
            transparency 0.0
            shininess 0.5
        }
    }
    geometry IndexedFaceSet {
        ccw TRUE
        solid FALSE
        coord DEF co Coordinate {
            point [
                0.7221 0.9306 0.2008, 0.7221 0.9306 0.1969, 0.7157 0.9314 0.1969, 0.7157 0.9314 0.2008, 0.7112 0.9332 0.1969, 0.7112 0.9332 0.2008, 0.707 0.9361 0.1969, 0.707 0.9361 0.2008, 0.7057 0.9373 0.1969, 0.7057 0.9373 0.2008, 0.703 0.941 0.1969, 0.703 0.941 0.2008, 0.7008 0.946 0.1969, 0.7008 0.946 0.2008, 0.6996 0.9522 0.1969, 0.6996 0.9522 0.2008, 0.6995 0.9555 0.1969, 0.6995 0.9555 0.2008, 0.7006 0.9642 0.1969, 0.7006 0.9642 0.2008, 0.7027 0.9697 0.1969, 0.7027 0.9697 0.2008, 0.7058 0.9741 0.1969, 0.7058 0.9741 0.2008, 0.7062 0.9746 0.1969, 0.7062 0.9746 0.2008, 0.7098 0.9777 0.1969, 0.7098 0.9777 0.2008, 0.7147 0.9802 0.1969, 0.7147 0.9802 0.2008, 0.7201 0.9814 0.1969, 0.7201 0.9814 0.2008, 0.7235 0.9816 0.1969, 0.7235 0.9816 0.2008, 0.7385 0.9779 0.1969, 0.7385 0.9779 0.2008, 0.7378 0.9782 0.2008, 0.7313 0.9807 0.1969, 0.7313 0.9807 0.2008, 0.7358 0.979 0.1969, 0.7378 0.9782 0.1969, 0.7385 0.9864 0.2008, 0.7385 0.9864 0.1969, 0.7234 0.989 0.1969, 0.7234 0.989 0.2008, 0.7234 0.989 0.2008, 0.7358 0.9872 0.1969, 0.7318 0.9884 0.2008, 0.7318 0.9884 0.1969, 0.7302 0.9885 0.1969, 0.7234 0.989 0.1969, 0.719 0.9885 0.1969, 0.7142 0.9879 0.2008, 0.7142 0.9879 0.1969, 0.7076 0.9853 0.1969, 0.7076 0.9853 0.2008, 0.7016 0.9811 0.1969, 0.7016 0.9811 0.2008, 0.7001 0.9797 0.1969, 0.7001 0.9797 0.2008, 0.6955 0.9737 0.1969, 0.6955 0.9737 0.2008, 0.6924 0.9666 0.1969, 0.6924 0.9666 0.2008, 0.691 0.9583 0.1969, 0.691 0.9583 0.2008, 0.6909 0.955 0.1969, 0.6909 0.955 0.2008, 0.6922 0.9446 0.1969, 0.6922 0.9446 0.2008, 0.6947 0.938 0.1969, 0.6947 0.938 0.2008, 0.699 0.932 0.1969, 0.699 0.932 0.2008, 0.7209 0.9233 0.1969, 0.7209 0.9233 0.2008, 0.717 0.9235 0.2008, 0.7042 0.9278 0.1969, 0.7042 0.9278 0.2008, 0.7101 0.9249 0.1969, 0.7101 0.9249 0.2008, 0.7153 0.9239 0.1969, 0.717 0.9235 0.1969, 0.7385 0.927 0.1969, 0.7385 0.927 0.2008, 0.7374 0.9265 0.2008, 0.7306 0.9243 0.2008, 0.7265 0.9239 0.1969, 0.7306 0.9243 0.1969, 0.7358 0.926 0.1969, 0.7374 0.9265 0.1969, 0.7385 0.9349 0.2008, 0.7385 0.9349 0.1969, 0.7358 0.9337 0.1969, 0.7322 0.9321 0.2008, 0.7322 0.9321 0.1969, 0.725 0.9308 0.1969, 0.725 0.9308 0.2008, 0.95 0.8481 0.2008, 0.9474 0.841 0.2008, 0.9713 0.8481 0.2008, 0.9739 0.841 0.2008, 0.9595 0.8746 0.2008, 0.9564 0.8871 0.2008, 0.9322 0.8236 0.2008, 0.9413 0.8236 0.2008, 0.9601 0.8765 0.2008, 0.9605 0.879 0.2008, 0.9652 0.8871 0.2008, 0.9607 0.879 0.2008, 0.9613 0.8763 0.2008, 0.9617 0.8746 0.2008, 0.9894 0.8236 0.2008, 0.9803 0.8236 0.2008, 0.9564 0.8871 0.1969, 0.9652 0.8871 0.1969, 0.9322 0.8236 0.1969, 0.9532 0.8786 0.1969, 0.9413 0.8236 0.1969, 0.9474 0.841 0.1969, 0.9739 0.841 0.1969, 0.9803 0.8236 0.1969, 0.9894 0.8236 0.1969, 0.9685 0.8786 0.1969, 0.9595 0.8746 0.1969, 0.9601 0.8765 0.1969, 0.9605 0.879 0.1969, 0.95 0.8481 0.1969, 0.9713 0.8481 0.1969, 0.9617 0.8746 0.1969, 0.9607 0.879 0.1969, 0.9613 0.8763 0.1969
            ]
        }
        coordIndex [
            0,1,2,-1,0,2,3,-1,3,2,4,-1,3,4,5,-1,5,4,6,-1,5,6,7,-1,7,6,8,-1,7,8,9,-1,9,8,10,-1,9,10,11,-1,11,10,12,-1,11,12,13,-1,13,12,14,-1,13,14,15,-1,15,14,16,-1,15,16,17,-1,17,16,18,-1,17,18,19,-1,19,18,20,-1,19,20,21,-1,21,20,22,-1,21,22,23,-1,23,22,24,-1,23,24,25,-1,25,24,26,-1,25,26,27,-1,27,26,28,-1,27,28,29,-1,29,28,30,-1,29,30,31,-1,31,30,32,-1,31,32,33,-1,34,35,36,-1,33,32,37,-1,33,37,38,-1,38,37,39,-1,38,39,36,-1,36,39,40,-1,36,40,34,-1,41,35,42,-1,42,35,34,-1,43,44,45,-1,41,42,46,-1,41,46,47,-1,46,48,47,-1,47,48,49,-1,47,49,45,-1,45,49,50,-1,45,50,43,-1,44,43,51,-1,44,51,52,-1,51,53,52,-1,52,53,54,-1,52,54,55,-1,55,54,56,-1,55,56,57,-1,57,56,58,-1,57,58,59,-1,59,58,60,-1,59,60,61,-1,61,60,62,-1,61,62,63,-1,63,62,64,-1,63,64,65,-1,65,64,66,-1,65,66,67,-1,67,66,68,-1,67,68,69,-1,69,68,70,-1,69,70,71,-1,71,70,72,-1,71,72,73,-1,74,75,76,-1,73,72,77,-1,73,77,78,-1,78,77,79,-1,78,79,80,-1,80,79,81,-1,80,81,76,-1,76,81,82,-1,76,82,74,-1,83,84,85,-1,75,74,86,-1,86,74,87,-1,87,88,86,-1,86,88,89,-1,86,89,85,-1,85,89,90,-1,85,90,83,-1,91,84,92,-1,92,84,83,-1,91,92,93,-1,91,93,94,-1,93,95,94,-1,94,95,96,-1,94,96,97,-1,97,96,1,-1,97,1,0,-1,36,35,41,-1,19,21,61,-1,61,21,59,-1,36,41,38,-1,38,41,47,-1,38,47,33,-1,33,47,45,-1,33,45,31,-1,31,45,44,-1,31,44,29,-1,29,44,52,-1,29,52,27,-1,67,17,65,-1,65,17,19,-1,65,19,63,-1,63,19,61,-1,21,23,59,-1,59,23,25,-1,59,25,57,-1,57,25,27,-1,57,27,55,-1,55,27,52,-1,84,91,85,-1,85,91,94,-1,85,94,86,-1,86,94,97,-1,86,97,75,-1,75,97,0,-1,75,0,76,-1,76,0,3,-1,76,3,80,-1,80,3,5,-1,80,5,78,-1,78,5,7,-1,78,7,73,-1,73,7,9,-1,73,9,71,-1,71,9,11,-1,71,11,69,-1,69,11,13,-1,69,13,67,-1,67,13,15,-1,67,15,17,-1,98,99,100,-1,100,99,101,-1,102,103,98,-1,98,103,104,-1,98,104,99,-1,99,104,105,-1,102,106,103,-1,103,106,107,-1,103,107,108,-1,108,107,109,-1,108,109,110,-1,110,111,108,-1,108,111,100,-1,108,100,112,-1,112,100,101,-1,112,101,113,-1,103,108,114,-1,114,108,115,-1,116,104,117,-1,117,104,103,-1,117,103,114,-1,105,104,118,-1,118,104,116,-1,99,105,119,-1,119,105,118,-1,101,99,120,-1,120,99,119,-1,113,101,121,-1,121,101,120,-1,112,113,122,-1,122,113,121,-1,112,122,108,-1,108,122,123,-1,108,123,115,-1,102,124,125,-1,102,125,106,-1,106,125,126,-1,106,126,107,-1,102,98,124,-1,124,98,127,-1,98,100,127,-1,127,100,128,-1,100,111,128,-1,128,111,129,-1,109,130,131,-1,109,131,110,-1,110,131,129,-1,110,129,111,-1,109,107,130,-1,130,107,126,-1,
        ]
    }
}
Shape{
    appearance Appearance {
        material  Material 	{
            diffuseColor 0.20784313725490197 0.20784313725490197 0.20784313725490197
            specularColor 0.01568627450980392 0.01568627450980392 0.01568627450980392
            ambientIntensity 0.298
            transparency 0.0
            shininess 0.5
        }
    }
    geometry IndexedFaceSet {
        ccw TRUE
        solid FALSE
        coord DEF co Coordinate {
            point [
                0.9607 0.879 0.1969, 0.9605 0.879 0.1969, 0.9613 0.8763 0.1969, 0.9601 0.8765 0.1969, 0.9617 0.8746 0.1969, 0.9595 0.8746 0.1969, 0.9713 0.8481 0.1969, 0.95 0.8481 0.1969
            ]
        }
        coordIndex [
            0,1,2,-1,2,1,3,-1,2,3,4,-1,4,3,5,-1,4,5,6,-1,6,5,7,-1,
        ]
    }
}
Shape{
    appearance Appearance {
        material  Material 	{
            diffuseColor 1.0 1.0 1.0
            specularColor 0.5019607843137255 0.5019607843137255 0.5019607843137255
            ambientIntensity 1.0
            transparency 0.0
            shininess 0.5
        }
    }
    geometry IndexedFaceSet {
        ccw TRUE
        solid FALSE
        coord DEF co Coordinate {
            point [
                0.865 0.8308 0.2008, 0.865 0.8308 0.1969, 0.839 0.8308 0.2008, 0.8509 0.8308 0.1969, 0.839 0.8308 0.1969, 0.839 0.8522 0.2008, 0.839 0.8522 0.1969, 0.8617 0.8522 0.2008, 0.8509 0.8522 0.1969, 0.8617 0.8522 0.1969, 0.8617 0.8595 0.2008, 0.8617 0.8595 0.1969, 0.839 0.8595 0.1969, 0.839 0.8595 0.2008, 0.8509 0.8595 0.1969, 0.839 0.8798 0.1969, 0.839 0.8798 0.2008, 0.839 0.8786 0.1969, 0.8635 0.8798 0.1969, 0.8635 0.8798 0.2008, 0.8509 0.8798 0.1969, 0.8635 0.8871 0.2008, 0.8635 0.8871 0.1969, 0.8308 0.8871 0.1969, 0.8308 0.8871 0.2008, 0.8509 0.8871 0.1969, 0.8308 0.8236 0.1969, 0.8308 0.8236 0.2008, 0.8308 0.8786 0.1969, 0.865 0.8236 0.1969, 0.865 0.8236 0.2008, 0.8509 0.8236 0.1969, 0.663 0.8308 0.1969, 0.663 0.8308 0.2008, 0.6886 0.8308 0.1969, 0.689 0.8308 0.2008, 0.689 0.8308 0.1969, 0.663 0.8522 0.2008, 0.663 0.8522 0.1969, 0.6857 0.8522 0.2008, 0.6857 0.8522 0.1969, 0.6857 0.8595 0.2008, 0.6857 0.8595 0.1969, 0.663 0.8595 0.2008, 0.663 0.8595 0.1969, 0.663 0.8798 0.1969, 0.663 0.8798 0.2008, 0.663 0.8786 0.1969, 0.6875 0.8798 0.2008, 0.6875 0.8798 0.1969, 0.6875 0.8871 0.2008, 0.6875 0.8871 0.1969, 0.6548 0.8871 0.2008, 0.6548 0.8871 0.1969, 0.6548 0.8236 0.1969, 0.6548 0.8236 0.2008, 0.6548 0.8786 0.1969, 0.689 0.8236 0.1969, 0.689 0.8236 0.2008, 0.6886 0.8236 0.1969, 0.8704 0.949 0.2008, 0.8678 0.9418 0.2008, 0.8917 0.949 0.2008, 0.8943 0.9418 0.2008, 0.8799 0.9754 0.2008, 0.8768 0.988 0.2008, 0.8526 0.9244 0.2008, 0.8617 0.9244 0.2008, 0.8805 0.9773 0.2008, 0.881 0.9798 0.2008, 0.8856 0.988 0.2008, 0.8812 0.9798 0.2008, 0.8817 0.9771 0.2008, 0.8821 0.9754 0.2008, 0.9098 0.9244 0.2008, 0.9008 0.9244 0.2008, 0.8768 0.988 0.1969, 0.8856 0.988 0.1969, 0.8526 0.9244 0.1969, 0.871 0.9725 0.1969, 0.8617 0.9244 0.1969, 0.8678 0.9418 0.1969, 0.8943 0.9418 0.1969, 0.871 0.9418 0.1969, 0.9008 0.9244 0.1969, 0.9098 0.9244 0.1969, 0.8799 0.9754 0.1969, 0.8805 0.9773 0.1969, 0.881 0.9798 0.1969, 0.8704 0.949 0.1969, 0.8917 0.949 0.1969, 0.8821 0.9754 0.1969, 0.8812 0.9798 0.1969, 0.8817 0.9771 0.1969
            ]
        }
        coordIndex [
            0,1,2,-1,2,1,3,-1,2,3,4,-1,5,2,6,-1,6,2,4,-1,5,6,7,-1,7,6,8,-1,7,8,9,-1,10,7,11,-1,11,7,9,-1,12,13,14,-1,14,13,10,-1,14,10,11,-1,15,16,17,-1,17,16,13,-1,17,13,12,-1,18,19,20,-1,20,19,16,-1,20,16,15,-1,21,19,22,-1,22,19,18,-1,23,24,25,-1,25,24,21,-1,25,21,22,-1,26,27,28,-1,28,27,24,-1,28,24,23,-1,29,30,31,-1,31,30,27,-1,31,27,26,-1,0,30,1,-1,1,30,29,-1,27,30,0,-1,0,2,27,-1,27,2,5,-1,27,5,24,-1,19,21,16,-1,16,21,24,-1,16,24,13,-1,13,24,5,-1,13,5,10,-1,10,5,7,-1,32,33,34,-1,34,33,35,-1,34,35,36,-1,37,33,38,-1,38,33,32,-1,39,37,40,-1,40,37,38,-1,41,39,42,-1,42,39,40,-1,43,41,44,-1,44,41,42,-1,45,46,47,-1,47,46,43,-1,47,43,44,-1,48,46,49,-1,49,46,45,-1,50,48,51,-1,51,48,49,-1,52,50,53,-1,53,50,51,-1,54,55,56,-1,56,55,52,-1,56,52,53,-1,57,58,59,-1,59,58,55,-1,59,55,54,-1,35,58,36,-1,36,58,57,-1,55,58,35,-1,35,33,55,-1,55,33,37,-1,55,37,52,-1,48,50,46,-1,46,50,52,-1,46,52,43,-1,43,52,37,-1,43,37,41,-1,41,37,39,-1,60,61,62,-1,62,61,63,-1,64,65,60,-1,60,65,66,-1,60,66,61,-1,61,66,67,-1,64,68,65,-1,65,68,69,-1,65,69,70,-1,70,69,71,-1,70,71,72,-1,72,73,70,-1,70,73,62,-1,70,62,74,-1,74,62,63,-1,74,63,75,-1,65,70,76,-1,76,70,77,-1,78,66,79,-1,79,66,65,-1,79,65,76,-1,67,66,80,-1,80,66,78,-1,61,67,81,-1,81,67,80,-1,82,63,83,-1,83,63,61,-1,83,61,81,-1,75,63,84,-1,84,63,82,-1,74,75,85,-1,85,75,84,-1,70,74,77,-1,77,74,85,-1,64,86,87,-1,64,87,68,-1,68,87,88,-1,68,88,69,-1,64,60,86,-1,86,60,89,-1,60,62,89,-1,89,62,90,-1,62,73,90,-1,90,73,91,-1,71,92,93,-1,71,93,72,-1,72,93,91,-1,72,91,73,-1,71,69,92,-1,92,69,88,-1,
        ]
    }
}
Shape{
    appearance Appearance {
        material  Material 	{
            diffuseColor 0.20784313725490197 0.20784313725490197 0.20784313725490197
            specularColor 0.01568627450980392 0.01568627450980392 0.01568627450980392
            ambientIntensity 0.298
            transparency 0.0
            shininess 0.5
        }
    }
    geometry IndexedFaceSet {
        ccw TRUE
        solid FALSE
        coord DEF co Coordinate {
            point [
                0.8812 0.9798 0.1969, 0.881 0.9798 0.1969, 0.8817 0.9771 0.1969, 0.8805 0.9773 0.1969, 0.8821 0.9754 0.1969, 0.8799 0.9754 0.1969, 0.8917 0.949 0.1969, 0.8704 0.949 0.1969
            ]
        }
        coordIndex [
            0,1,2,-1,2,1,3,-1,2,3,4,-1,4,3,5,-1,4,5,6,-1,6,5,7,-1,
        ]
    }
}
Shape{
    appearance Appearance {
        material  Material 	{
            diffuseColor 1.0 1.0 1.0
            specularColor 0.5019607843137255 0.5019607843137255 0.5019607843137255
            ambientIntensity 1.0
            transparency 0.0
            shininess 0.5
        }
    }
    geometry IndexedFaceSet {
        ccw TRUE
        solid FALSE
        coord DEF co Coordinate {
            point [
                0.7594 0.9316 0.1969, 0.7594 0.9316 0.2008, 0.7766 0.9316 0.1969, 0.7854 0.9316 0.2008, 0.7854 0.9316 0.1969, 0.7594 0.953 0.2008, 0.7594 0.953 0.1969, 0.7821 0.953 0.2008, 0.7766 0.953 0.1969, 0.7821 0.953 0.1969, 0.7821 0.9603 0.2008, 0.7821 0.9603 0.1969, 0.7594 0.9603 0.1969, 0.7594 0.9603 0.2008, 0.7766 0.9603 0.1969, 0.7594 0.9806 0.2008, 0.7594 0.9806 0.1969, 0.7839 0.9806 0.2008, 0.7766 0.9806 0.1969, 0.7839 0.9806 0.1969, 0.7839 0.988 0.2008, 0.7839 0.988 0.1969, 0.7512 0.988 0.1969, 0.7512 0.988 0.2008, 0.7766 0.988 0.1969, 0.7512 0.9244 0.2008, 0.7512 0.9244 0.1969, 0.7854 0.9244 0.2008, 0.7766 0.9244 0.1969, 0.7854 0.9244 0.1969, 0.663 0.9316 0.2008, 0.6883 0.9316 0.2008, 0.663 0.9316 0.1969, 0.6883 0.9316 0.1969, 0.663 0.988 0.2008, 0.663 0.988 0.1969, 0.6548 0.988 0.2008, 0.6548 0.988 0.1969, 0.6548 0.9244 0.2008, 0.6548 0.9244 0.1969, 0.6883 0.9244 0.2008, 0.6883 0.9244 0.1969
            ]
        }
        coordIndex [
            0,1,2,-1,2,1,3,-1,2,3,4,-1,5,1,6,-1,6,1,0,-1,5,6,7,-1,7,6,8,-1,7,8,9,-1,10,7,11,-1,11,7,9,-1,12,13,14,-1,14,13,10,-1,14,10,11,-1,15,13,16,-1,16,13,12,-1,15,16,17,-1,17,16,18,-1,17,18,19,-1,20,17,21,-1,21,17,19,-1,22,23,24,-1,24,23,20,-1,24,20,21,-1,25,23,26,-1,26,23,22,-1,25,26,27,-1,27,26,28,-1,27,28,29,-1,3,27,4,-1,4,27,29,-1,25,27,3,-1,3,1,25,-1,25,1,5,-1,25,5,23,-1,17,20,15,-1,15,20,23,-1,15,23,13,-1,13,23,5,-1,13,5,10,-1,10,5,7,-1,30,31,32,-1,32,31,33,-1,34,30,35,-1,35,30,32,-1,36,34,37,-1,37,34,35,-1,38,36,39,-1,39,36,37,-1,40,38,41,-1,41,38,39,-1,31,40,33,-1,33,40,41,-1,34,36,30,-1,30,36,38,-1,30,38,31,-1,31,38,40,-1,
        ]
    }
}